species,latitude,longitude,year,month,day,size_class,total,location,sst_year_met,sst_month_met,sst_mean_annual,sst_month_noaa,year_of_protection,rls_mpa,MPA
Dinolestes lewini,-33.78,151.3,2009,6,27,10,1,-34_151,20.488441785176597,19.026844024658203,20.580270093114816,20.48599953651428,NA,NA,0
Dinolestes lewini,-33.78,151.3,2009,6,27,12.5,3,-34_151,20.488441785176597,19.026844024658203,20.580270093114816,20.48599953651428,NA,NA,0
Dinolestes lewini,-33.78,151.3,2009,6,27,15,5,-34_151,20.488441785176597,19.026844024658203,20.580270093114816,20.48599953651428,NA,NA,0
Dinolestes lewini,-33.78,151.3,2009,9,27,25,1,-34_151,20.488441785176597,18.62691116333008,20.580270093114816,17.885749578475952,NA,NA,0
Dinolestes lewini,-33.84,151.28,2009,12,13,25,40,-34_151,20.488441785176597,21.631641387939453,20.580270093114816,21.47491884231567,NA,NA,0
Dinolestes lewini,-33.84,151.28,2009,12,13,30,60,-34_151,20.488441785176597,21.631641387939453,20.580270093114816,21.47491884231567,NA,NA,0
Dinolestes lewini,-33.84,151.28,2009,12,13,35,30,-34_151,20.488441785176597,21.631641387939453,20.580270093114816,21.47491884231567,NA,NA,0
Dinolestes lewini,-33.84,151.28,2009,12,13,40,20,-34_151,20.488441785176597,21.631641387939453,20.580270093114816,21.47491884231567,NA,NA,0
Dinolestes lewini,-33.84,151.28,2009,12,13,20,1,-34_151,20.488441785176597,21.631641387939453,20.580270093114816,21.47491884231567,NA,NA,0
Dinolestes lewini,-33.84,151.28,2009,12,13,30,30,-34_151,20.488441785176597,21.631641387939453,20.580270093114816,21.47491884231567,NA,NA,0
Dinolestes lewini,-33.84,151.28,2009,12,13,35,5,-34_151,20.488441785176597,21.631641387939453,20.580270093114816,21.47491884231567,NA,NA,0
Dinolestes lewini,-35.1,150.7,2010,3,26,10,2,-35_151,20.288724263509113,22.983264923095703,20.43436043554655,23.292150046235772,2002,Jervis Bay Marine Park,0
Dinolestes lewini,-35.1,150.7,2010,3,26,25,7,-35_151,20.288724263509113,22.983264923095703,20.43436043554655,23.292150046235772,2002,Jervis Bay Marine Park,0
Dinolestes lewini,-35.75,150.26,2010,1,26,30,1,-36_150,19.321057319641113,21.59518814086914,19.782238903587274,21.6029026995423,2007,Batemans Marine Park,0
Dinolestes lewini,-35.75,150.26,2010,1,26,30,1,-36_150,19.321057319641113,21.59518814086914,19.782238903587274,21.6029026995423,2007,Batemans Marine Park,0
Dinolestes lewini,-35.09,150.81,2008,7,7,12.5,1,-35_151,19.43103837966919,16.731708526611328,19.40620510758396,17.589999598841512,2002,Jervis Bay Marine Park,0
Dinolestes lewini,-33.84,151.28,2009,8,2,15,12,-34_151,20.488441785176597,18.304466247558594,20.580270093114816,17.557902828339607,NA,NA,0
Dinolestes lewini,-33.84,151.28,2009,8,2,15,2,-34_151,20.488441785176597,18.304466247558594,20.580270093114816,17.557902828339607,NA,NA,0
Dinolestes lewini,-33.84,151.28,2009,8,2,15,4,-34_151,20.488441785176597,18.304466247558594,20.580270093114816,17.557902828339607,NA,NA,0
Dinolestes lewini,-33.84,151.28,2009,8,2,15,9,-34_151,20.488441785176597,18.304466247558594,20.580270093114816,17.557902828339607,NA,NA,0
Dinolestes lewini,-33.84,151.28,2009,8,2,20,3,-34_151,20.488441785176597,18.304466247558594,20.580270093114816,17.557902828339607,NA,NA,0
Dinolestes lewini,-33.84,151.28,2009,8,2,25,19,-34_151,20.488441785176597,18.304466247558594,20.580270093114816,17.557902828339607,NA,NA,0
Dinolestes lewini,-33.84,151.28,2009,8,2,30,12,-34_151,20.488441785176597,18.304466247558594,20.580270093114816,17.557902828339607,NA,NA,0
Dinolestes lewini,-33.84,151.29,2009,8,3,20,2,-34_151,20.488441785176597,18.304466247558594,20.580270093114816,17.557902828339607,NA,NA,0
Dinolestes lewini,-33.84,151.29,2009,8,3,20,1,-34_151,20.488441785176597,18.304466247558594,20.580270093114816,17.557902828339607,NA,NA,0
Dinolestes lewini,-35.13,150.75,2008,5,23,20,1,-35_151,19.43103837966919,19.03557014465332,19.40620510758396,18.734945789460212,NA,NA,0
Dinolestes lewini,-35.08,150.79,2009,9,13,30,20,-35_151,19.915931542714436,17.93470573425293,20.050225972343902,16.7156662940979,NA,NA,0
Dinolestes lewini,-35.08,150.79,2009,9,13,25,60,-35_151,19.915931542714436,17.93470573425293,20.050225972343902,16.7156662940979,NA,NA,0
Dinolestes lewini,-35.08,150.79,2009,9,13,30,20,-35_151,19.915931542714436,17.93470573425293,20.050225972343902,16.7156662940979,NA,NA,0
Dinolestes lewini,-35.08,150.79,2009,9,13,25,160,-35_151,19.915931542714436,17.93470573425293,20.050225972343902,16.7156662940979,NA,NA,0
Dinolestes lewini,-35.08,150.79,2009,9,13,30,64,-35_151,19.915931542714436,17.93470573425293,20.050225972343902,16.7156662940979,NA,NA,0
Dinolestes lewini,-35.13,150.75,2009,2,26,25,2,-35_151,19.915931542714436,22.61953353881836,20.050225972343902,22.10952331906273,NA,NA,0
Dinolestes lewini,-35.13,150.75,2009,2,26,30,35,-35_151,19.915931542714436,22.61953353881836,20.050225972343902,22.10952331906273,NA,NA,0
Dinolestes lewini,-35.08,150.79,2008,2,20,20,1,-35_151,19.43103837966919,22.321590423583984,19.40620510758396,22.67701089793238,2002,Jervis Bay Marine Park,0
Dinolestes lewini,-35.08,150.79,2008,2,20,25,2,-35_151,19.43103837966919,22.321590423583984,19.40620510758396,22.67701089793238,2002,Jervis Bay Marine Park,0
Dinolestes lewini,-35.08,150.79,2008,2,20,30,2,-35_151,19.43103837966919,22.321590423583984,19.40620510758396,22.67701089793238,2002,Jervis Bay Marine Park,0
Dinolestes lewini,-35.08,150.79,2008,2,20,15,1,-35_151,19.43103837966919,22.321590423583984,19.40620510758396,22.67701089793238,2002,Jervis Bay Marine Park,0
Dinolestes lewini,-35.08,150.79,2008,2,20,25,1,-35_151,19.43103837966919,22.321590423583984,19.40620510758396,22.67701089793238,2002,Jervis Bay Marine Park,0
Dinolestes lewini,-35.08,150.79,2008,8,4,15,1,-35_151,19.43103837966919,15.89021110534668,19.40620510758396,15.718924409599714,2002,Jervis Bay Marine Park,0
Dinolestes lewini,-35.08,150.79,2008,8,4,25,1,-35_151,19.43103837966919,15.89021110534668,19.40620510758396,15.718924409599714,2002,Jervis Bay Marine Park,0
Dinolestes lewini,-35.1,150.7,2010,3,26,20,1,-35_151,20.288724263509113,22.983264923095703,20.43436043554655,23.292150046235772,2002,Jervis Bay Marine Park,0
Dinolestes lewini,-35.1,150.7,2010,3,26,25,2,-35_151,20.288724263509113,22.983264923095703,20.43436043554655,23.292150046235772,2002,Jervis Bay Marine Park,0
Dinolestes lewini,-35.1,150.7,2010,3,26,30,6,-35_151,20.288724263509113,22.983264923095703,20.43436043554655,23.292150046235772,2002,Jervis Bay Marine Park,0
Dinolestes lewini,-35.1,150.7,2010,3,26,15,200,-35_151,20.288724263509113,22.983264923095703,20.43436043554655,23.292150046235772,2002,Jervis Bay Marine Park,0
Dinolestes lewini,-35.1,150.7,2010,3,26,25,3,-35_151,20.288724263509113,22.983264923095703,20.43436043554655,23.292150046235772,2002,Jervis Bay Marine Park,0
Dinolestes lewini,-35.1,150.7,2010,3,26,30,1,-35_151,20.288724263509113,22.983264923095703,20.43436043554655,23.292150046235772,2002,Jervis Bay Marine Park,0
Dinolestes lewini,-35.13,150.75,2009,2,26,25,12,-35_151,19.915931542714436,22.61953353881836,20.050225972343902,22.10952331906273,NA,NA,0
Dinolestes lewini,-35.13,150.75,2009,2,26,30,9,-35_151,19.915931542714436,22.61953353881836,20.050225972343902,22.10952331906273,NA,NA,0
Dinolestes lewini,-35.13,150.75,2009,2,26,35,4,-35_151,19.915931542714436,22.61953353881836,20.050225972343902,22.10952331906273,NA,NA,0
Dinolestes lewini,-35.13,150.75,2009,3,5,25,25,-35_151,19.915931542714436,22.845439910888672,20.050225972343902,22.214193036479333,NA,NA,0
Dinolestes lewini,-35.13,150.75,2009,3,5,35,3,-35_151,19.915931542714436,22.845439910888672,20.050225972343902,22.214193036479333,NA,NA,0
Dinolestes lewini,-35.13,150.75,2009,3,5,30,1,-35_151,19.915931542714436,22.845439910888672,20.050225972343902,22.214193036479333,NA,NA,0
Dinolestes lewini,-35.13,150.75,2009,3,5,40,3,-35_151,19.915931542714436,22.845439910888672,20.050225972343902,22.214193036479333,NA,NA,0
Dinolestes lewini,-35.13,150.75,2009,9,1,35,1,-35_151,19.915931542714436,17.93470573425293,20.050225972343902,16.7156662940979,NA,NA,0
Dinolestes lewini,-33.81,151.27,2010,2,20,35,1,-34_151,20.932119687398277,24.227298736572266,20.773523899719034,24.04741014753069,NA,NA,0
Dinolestes lewini,-33.81,151.27,2010,2,20,10,1,-34_151,20.932119687398277,24.227298736572266,20.773523899719034,24.04741014753069,NA,NA,0
Dinolestes lewini,-33.81,151.27,2010,2,20,25,1,-34_151,20.932119687398277,24.227298736572266,20.773523899719034,24.04741014753069,NA,NA,0
Dinolestes lewini,-33.81,151.27,2010,2,20,7.5,1,-34_151,20.932119687398277,24.227298736572266,20.773523899719034,24.04741014753069,NA,NA,0
Dinolestes lewini,-33.81,151.27,2010,2,20,15,1,-34_151,20.932119687398277,24.227298736572266,20.773523899719034,24.04741014753069,NA,NA,0
Dinolestes lewini,-35.08,150.78,2009,9,13,35,1,-35_151,19.915931542714436,17.93470573425293,20.050225972343902,16.7156662940979,NA,NA,0
Dinolestes lewini,-35.86,150.19,2010,1,14,7.5,2,-36_150,19.321057319641113,21.59518814086914,19.782238903587274,21.6029026995423,2007,Batemans Marine Park,0
Dinolestes lewini,-35.13,150.75,2009,10,30,35,64,-35_151,19.915931542714436,18.68876266479492,20.050225972343902,19.01720391550372,NA,NA,0
Dinolestes lewini,-35.13,150.75,2009,11,2,25,1,-35_151,19.915931542714436,19.923564910888672,20.050225972343902,20.682777235243055,NA,NA,0
Dinolestes lewini,-35.13,150.75,2009,11,2,30,3,-35_151,19.915931542714436,19.923564910888672,20.050225972343902,20.682777235243055,NA,NA,0
Dinolestes lewini,-35.13,150.75,2009,11,2,35,2,-35_151,19.915931542714436,19.923564910888672,20.050225972343902,20.682777235243055,NA,NA,0
Dinolestes lewini,-35.13,150.75,2009,11,2,40,4,-35_151,19.915931542714436,19.923564910888672,20.050225972343902,20.682777235243055,NA,NA,0
Dinolestes lewini,-35.13,150.75,2009,11,2,30,2,-35_151,19.915931542714436,19.923564910888672,20.050225972343902,20.682777235243055,NA,NA,0
Dinolestes lewini,-35.13,150.75,2009,11,2,40,8,-35_151,19.915931542714436,19.923564910888672,20.050225972343902,20.682777235243055,NA,NA,0
Dinolestes lewini,-35.13,150.75,2009,11,22,25,1,-35_151,19.915931542714436,19.923564910888672,20.050225972343902,20.682777235243055,NA,NA,0
Dinolestes lewini,-35.13,150.75,2009,11,22,35,1,-35_151,19.915931542714436,19.923564910888672,20.050225972343902,20.682777235243055,NA,NA,0
Dinolestes lewini,-35.13,150.75,2009,11,24,25,50,-35_151,19.915931542714436,19.923564910888672,20.050225972343902,20.682777235243055,NA,NA,0
Dinolestes lewini,-35.1,150.7,2010,3,26,20,51,-35_151,20.288724263509113,22.983264923095703,20.43436043554655,23.292150046235772,2002,Jervis Bay Marine Park,0
Dinolestes lewini,-35.13,150.75,2010,2,24,7.5,5,-35_151,20.288724263509113,23.833484649658203,20.43436043554655,23.829047180357435,NA,NA,0
Dinolestes lewini,-35.13,150.75,2010,6,24,35,1,-35_151,20.288724263509113,19.2506046295166,20.43436043554655,19.307443979051374,NA,NA,0
Dinolestes lewini,-35.13,150.75,2010,6,24,30,1,-35_151,20.288724263509113,19.2506046295166,20.43436043554655,19.307443979051374,NA,NA,0
Dinolestes lewini,-33.83,151.26,2010,2,20,10,2,-34_151,20.932119687398277,24.227298736572266,20.773523899719034,24.04741014753069,NA,NA,0
Dinolestes lewini,-33.83,151.26,2010,2,20,20,1,-34_151,20.932119687398277,24.227298736572266,20.773523899719034,24.04741014753069,NA,NA,0
Dinolestes lewini,-33.81,151.27,2009,12,11,25,1,-34_151,20.488441785176597,21.631641387939453,20.580270093114816,21.47491884231567,NA,NA,0
Dinolestes lewini,-33.81,151.27,2009,12,11,30,2,-34_151,20.488441785176597,21.631641387939453,20.580270093114816,21.47491884231567,NA,NA,0
Dinolestes lewini,-33.81,151.27,2009,12,11,35,20,-34_151,20.488441785176597,21.631641387939453,20.580270093114816,21.47491884231567,NA,NA,0
Dinolestes lewini,-33.81,151.27,2009,12,11,20,1,-34_151,20.488441785176597,21.631641387939453,20.580270093114816,21.47491884231567,NA,NA,0
Dinolestes lewini,-33.81,151.27,2009,12,11,30,1,-34_151,20.488441785176597,21.631641387939453,20.580270093114816,21.47491884231567,NA,NA,0
Dinolestes lewini,-33.83,151.26,2010,2,20,15,1,-34_151,20.932119687398277,24.227298736572266,20.773523899719034,24.04741014753069,NA,NA,0
Dinolestes lewini,-33.83,151.26,2010,2,20,20,1,-34_151,20.932119687398277,24.227298736572266,20.773523899719034,24.04741014753069,NA,NA,0
Dinolestes lewini,-33.82,151.29,2009,12,12,12.5,1,-34_151,20.488441785176597,21.631641387939453,20.580270093114816,21.47491884231567,NA,NA,0
Dinolestes lewini,-33.82,151.29,2009,12,12,25,1,-34_151,20.488441785176597,21.631641387939453,20.580270093114816,21.47491884231567,NA,NA,0
Dinolestes lewini,-35.82,150.23,2010,1,14,35,2,-36_150,19.321057319641113,21.59518814086914,19.782238903587274,21.6029026995423,NA,NA,0
Dinolestes lewini,-33.82,151.26,2009,12,12,7.5,10,-34_151,20.488441785176597,21.631641387939453,20.580270093114816,21.47491884231567,NA,NA,0
Dinolestes lewini,-33.82,151.26,2009,12,12,10,1,-34_151,20.488441785176597,21.631641387939453,20.580270093114816,21.47491884231567,NA,NA,0
Dinolestes lewini,-33.82,151.26,2009,12,12,10,1,-34_151,20.488441785176597,21.631641387939453,20.580270093114816,21.47491884231567,NA,NA,0
Dinolestes lewini,-33.82,151.26,2009,12,12,40,3,-34_151,20.488441785176597,21.631641387939453,20.580270093114816,21.47491884231567,NA,NA,0
Dinolestes lewini,-33.82,151.26,2009,12,12,15,3,-34_151,20.488441785176597,21.631641387939453,20.580270093114816,21.47491884231567,NA,NA,0
Dinolestes lewini,-33.82,151.26,2009,12,12,40,47,-34_151,20.488441785176597,21.631641387939453,20.580270093114816,21.47491884231567,NA,NA,0
Dinolestes lewini,-33.82,151.26,2009,12,12,25,8,-34_151,20.488441785176597,21.631641387939453,20.580270093114816,21.47491884231567,NA,NA,0
Dinolestes lewini,-33.82,151.26,2009,12,12,40,5,-34_151,20.488441785176597,21.631641387939453,20.580270093114816,21.47491884231567,NA,NA,0
Dinolestes lewini,-33.82,151.26,2009,12,12,25,1,-34_151,20.488441785176597,21.631641387939453,20.580270093114816,21.47491884231567,NA,NA,0
Dinolestes lewini,-33.82,151.26,2009,12,12,35,1,-34_151,20.488441785176597,21.631641387939453,20.580270093114816,21.47491884231567,NA,NA,0
Dinolestes lewini,-33.82,151.26,2009,12,12,15,4,-34_151,20.488441785176597,21.631641387939453,20.580270093114816,21.47491884231567,NA,NA,0
Dinolestes lewini,-33.82,151.26,2009,12,12,20,1,-34_151,20.488441785176597,21.631641387939453,20.580270093114816,21.47491884231567,NA,NA,0
Dinolestes lewini,-36.16,150.13,2008,4,1,20,10,-36_150,18.575284719467163,20.016387939453125,18.676944720995557,20.13683292600843,NA,NA,0
Dinolestes lewini,-36.16,150.13,2008,4,1,25,15,-36_150,18.575284719467163,20.016387939453125,18.676944720995557,20.13683292600843,NA,NA,0
Dinolestes lewini,-36.16,150.13,2008,4,1,30,28,-36_150,18.575284719467163,20.016387939453125,18.676944720995557,20.13683292600843,NA,NA,0
Dinolestes lewini,-36.16,150.13,2008,4,1,20,1,-36_150,18.575284719467163,20.016387939453125,18.676944720995557,20.13683292600843,NA,NA,0
Dinolestes lewini,-36.17,150.14,2008,4,1,20,2,-36_150,18.575284719467163,20.016387939453125,18.676944720995557,20.13683292600843,NA,NA,0
Dinolestes lewini,-33.82,151.29,2010,2,21,12.5,1,-34_151,20.932119687398277,24.227298736572266,20.773523899719034,24.04741014753069,NA,NA,0
Dinolestes lewini,-33.82,151.29,2010,2,21,20,1,-34_151,20.932119687398277,24.227298736572266,20.773523899719034,24.04741014753069,NA,NA,0
Dinolestes lewini,-33.82,151.29,2010,2,21,12.5,2,-34_151,20.932119687398277,24.227298736572266,20.773523899719034,24.04741014753069,NA,NA,0
Dinolestes lewini,-33.82,151.29,2010,2,21,40,1,-34_151,20.932119687398277,24.227298736572266,20.773523899719034,24.04741014753069,NA,NA,0
Dinolestes lewini,-33.82,151.29,2010,2,21,50,2,-34_151,20.932119687398277,24.227298736572266,20.773523899719034,24.04741014753069,NA,NA,0
Dinolestes lewini,-33.82,151.29,2010,2,21,20,1,-34_151,20.932119687398277,24.227298736572266,20.773523899719034,24.04741014753069,NA,NA,0
Dinolestes lewini,-33.82,151.29,2010,2,21,35,1,-34_151,20.932119687398277,24.227298736572266,20.773523899719034,24.04741014753069,NA,NA,0
Dinolestes lewini,-35.83,150.23,2010,1,14,25,100,-36_150,19.321057319641113,21.59518814086914,19.782238903587274,21.6029026995423,2007,Batemans Marine Park,0
Dinolestes lewini,-35.83,150.23,2010,1,14,30,25,-36_150,19.321057319641113,21.59518814086914,19.782238903587274,21.6029026995423,2007,Batemans Marine Park,0
Dinolestes lewini,-35.83,150.23,2010,1,14,30,3,-36_150,19.321057319641113,21.59518814086914,19.782238903587274,21.6029026995423,2007,Batemans Marine Park,0
Dinolestes lewini,-35.83,150.23,2010,1,14,30,1,-36_150,19.321057319641113,21.59518814086914,19.782238903587274,21.6029026995423,2007,Batemans Marine Park,0
Dinolestes lewini,-33.82,151.29,2009,12,12,30,3,-34_151,20.488441785176597,21.631641387939453,20.580270093114816,21.47491884231567,NA,NA,0
Dinolestes lewini,-33.82,151.29,2009,12,12,25,1,-34_151,20.488441785176597,21.631641387939453,20.580270093114816,21.47491884231567,NA,NA,0
Dinolestes lewini,-33.82,151.29,2009,12,12,30,20,-34_151,20.488441785176597,21.631641387939453,20.580270093114816,21.47491884231567,NA,NA,0
Dinolestes lewini,-33.82,151.29,2009,12,12,35,20,-34_151,20.488441785176597,21.631641387939453,20.580270093114816,21.47491884231567,NA,NA,0
Dinolestes lewini,-33.82,151.29,2009,12,12,40,20,-34_151,20.488441785176597,21.631641387939453,20.580270093114816,21.47491884231567,NA,NA,0
Dinolestes lewini,-33.82,151.29,2009,12,12,30,1,-34_151,20.488441785176597,21.631641387939453,20.580270093114816,21.47491884231567,NA,NA,0
Dinolestes lewini,-35.8,150.23,2010,1,26,12.5,15,-36_150,19.321057319641113,21.59518814086914,19.782238903587274,21.6029026995423,NA,NA,0
Dinolestes lewini,-35.72,150.27,2010,1,15,25,1,-36_150,19.321057319641113,21.59518814086914,19.782238903587274,21.6029026995423,2007,Batemans Marine Park,0
Dinolestes lewini,-35.72,150.27,2010,1,15,15,1,-36_150,19.321057319641113,21.59518814086914,19.782238903587274,21.6029026995423,2007,Batemans Marine Park,0
Dinolestes lewini,-35.8,150.23,2010,1,26,15,15,-36_150,19.321057319641113,21.59518814086914,19.782238903587274,21.6029026995423,NA,NA,0
Dinolestes lewini,-35.8,150.23,2010,1,26,20,15,-36_150,19.321057319641113,21.59518814086914,19.782238903587274,21.6029026995423,NA,NA,0
Dinolestes lewini,-35.8,150.23,2010,1,26,12.5,50,-36_150,19.321057319641113,21.59518814086914,19.782238903587274,21.6029026995423,NA,NA,0
Dinolestes lewini,-35.8,150.23,2010,1,26,30,1,-36_150,19.321057319641113,21.59518814086914,19.782238903587274,21.6029026995423,NA,NA,0
Dinolestes lewini,-35.8,150.23,2010,1,26,10,10,-36_150,19.321057319641113,21.59518814086914,19.782238903587274,21.6029026995423,NA,NA,0
Dinolestes lewini,-35.8,150.23,2010,1,26,12.5,10,-36_150,19.321057319641113,21.59518814086914,19.782238903587274,21.6029026995423,NA,NA,0
Dinolestes lewini,-35.8,150.23,2010,1,26,15,1,-36_150,19.321057319641113,21.59518814086914,19.782238903587274,21.6029026995423,NA,NA,0
Dinolestes lewini,-35.83,150.23,2008,3,31,30,2,-36_150,18.575284719467163,22.18789291381836,18.676944720995557,21.922042590315623,2007,Batemans Marine Park,0
Dinolestes lewini,-35.83,150.23,2008,3,31,35,4,-36_150,18.575284719467163,22.18789291381836,18.676944720995557,21.922042590315623,2007,Batemans Marine Park,0
Dinolestes lewini,-35.83,150.23,2010,1,7,30,1,-36_150,19.321057319641113,21.59518814086914,19.782238903587274,21.6029026995423,2007,Batemans Marine Park,0
Dinolestes lewini,-35.83,150.23,2010,1,7,30,2,-36_150,19.321057319641113,21.59518814086914,19.782238903587274,21.6029026995423,2007,Batemans Marine Park,0
Dinolestes lewini,-35.83,150.23,2010,1,7,35,1,-36_150,19.321057319641113,21.59518814086914,19.782238903587274,21.6029026995423,2007,Batemans Marine Park,0
Dinolestes lewini,-33.84,151.28,2009,8,1,25,40,-34_151,20.488441785176597,18.304466247558594,20.580270093114816,17.557902828339607,NA,NA,0
Dinolestes lewini,-33.84,151.28,2009,12,13,20,1,-34_151,20.488441785176597,21.631641387939453,20.580270093114816,21.47491884231567,NA,NA,0
Dinolestes lewini,-33.84,151.28,2009,12,13,25,2,-34_151,20.488441785176597,21.631641387939453,20.580270093114816,21.47491884231567,NA,NA,0
Dinolestes lewini,-33.84,151.28,2009,12,13,15,87,-34_151,20.488441785176597,21.631641387939453,20.580270093114816,21.47491884231567,NA,NA,0
Dinolestes lewini,-33.84,151.28,2009,12,13,30,6,-34_151,20.488441785176597,21.631641387939453,20.580270093114816,21.47491884231567,NA,NA,0
Dinolestes lewini,-33.84,151.28,2009,12,13,30,5,-34_151,20.488441785176597,21.631641387939453,20.580270093114816,21.47491884231567,NA,NA,0
Dinolestes lewini,-33.84,151.28,2009,12,13,35,10,-34_151,20.488441785176597,21.631641387939453,20.580270093114816,21.47491884231567,NA,NA,0
Dinolestes lewini,-33.84,151.28,2009,12,13,40,30,-34_151,20.488441785176597,21.631641387939453,20.580270093114816,21.47491884231567,NA,NA,0
Dinolestes lewini,-33.84,151.28,2009,12,13,10,200,-34_151,20.488441785176597,21.631641387939453,20.580270093114816,21.47491884231567,NA,NA,0
Dinolestes lewini,-33.84,151.28,2009,12,13,12.5,600,-34_151,20.488441785176597,21.631641387939453,20.580270093114816,21.47491884231567,NA,NA,0
Dinolestes lewini,-35.08,150.8,2009,3,13,25,1,-35_151,19.915931542714436,22.845439910888672,20.050225972343902,22.214193036479333,2002,Jervis Bay Marine Park,0
Dinolestes lewini,-35.08,150.8,2009,3,13,25,2,-35_151,19.915931542714436,22.845439910888672,20.050225972343902,22.214193036479333,2002,Jervis Bay Marine Park,0
Dinolestes lewini,-35.08,150.8,2009,3,13,30,1,-35_151,19.915931542714436,22.845439910888672,20.050225972343902,22.214193036479333,2002,Jervis Bay Marine Park,0
Dinolestes lewini,-35.08,150.8,2009,3,13,35,2,-35_151,19.915931542714436,22.845439910888672,20.050225972343902,22.214193036479333,2002,Jervis Bay Marine Park,0
Dinolestes lewini,-35.08,150.8,2009,3,13,25,6,-35_151,19.915931542714436,22.845439910888672,20.050225972343902,22.214193036479333,2002,Jervis Bay Marine Park,0
Dinolestes lewini,-35.08,150.8,2009,3,13,30,6,-35_151,19.915931542714436,22.845439910888672,20.050225972343902,22.214193036479333,2002,Jervis Bay Marine Park,0
Dinolestes lewini,-33.89,151.28,2010,4,25,12.5,10,-34_151,20.932119687398277,22.96302604675293,20.773523899719034,22.82108276685079,NA,NA,0
Dinolestes lewini,-33.89,151.28,2010,4,25,15,6,-34_151,20.932119687398277,22.96302604675293,20.773523899719034,22.82108276685079,NA,NA,0
Dinolestes lewini,-32.79,152.11,2009,7,26,25,1,-33_152,21.148912747701008,18.63397216796875,20.95820614353018,18.153951260351366,NA,NA,0
Dinolestes lewini,-32.79,152.11,2009,7,26,15,1,-33_152,21.148912747701008,18.63397216796875,20.95820614353018,18.153951260351366,NA,NA,0
Dinolestes lewini,-32.79,152.11,2009,7,26,20,1,-33_152,21.148912747701008,18.63397216796875,20.95820614353018,18.153951260351366,NA,NA,0
Dinolestes lewini,-32.79,152.11,2010,1,23,15,1,-33_152,21.71309455235799,23.890216827392575,21.233464664610445,23.48766078743883,NA,NA,0
Dinolestes lewini,-33.08,151.66,2009,12,19,12.5,1,-33_152,21.148912747701008,22.42232894897461,20.95820614353018,21.818467263252504,NA,NA,0
Dinolestes lewini,-33.08,151.66,2009,12,19,20,1,-33_152,21.148912747701008,22.42232894897461,20.95820614353018,21.818467263252504,NA,NA,0
Dinolestes lewini,-35.83,150.21,2010,1,11,15,1,-36_150,19.321057319641113,21.59518814086914,19.782238903587274,21.6029026995423,NA,NA,0
Dinolestes lewini,-35.83,150.21,2010,1,11,12.5,1,-36_150,19.321057319641113,21.59518814086914,19.782238903587274,21.6029026995423,NA,NA,0
Dinolestes lewini,-35.83,150.21,2010,1,11,15,1,-36_150,19.321057319641113,21.59518814086914,19.782238903587274,21.6029026995423,NA,NA,0
Dinolestes lewini,-33.83,151.28,2010,2,21,20,3,-34_151,20.932119687398277,24.227298736572266,20.773523899719034,24.04741014753069,NA,NA,0
Dinolestes lewini,-33.83,151.28,2010,2,21,25,5,-34_151,20.932119687398277,24.227298736572266,20.773523899719034,24.04741014753069,NA,NA,0
Dinolestes lewini,-33.83,151.28,2010,2,21,12.5,1,-34_151,20.932119687398277,24.227298736572266,20.773523899719034,24.04741014753069,NA,NA,0
Dinolestes lewini,-36.1,150.15,2008,4,11,25,40,-36_150,18.575284719467163,20.016387939453125,18.676944720995557,20.13683292600843,NA,NA,0
Dinolestes lewini,-36.1,150.15,2008,4,11,20,40,-36_150,18.575284719467163,20.016387939453125,18.676944720995557,20.13683292600843,NA,NA,0
Dinolestes lewini,-36.09,150.15,2008,4,11,25,5,-36_150,18.575284719467163,20.016387939453125,18.676944720995557,20.13683292600843,NA,NA,0
Dinolestes lewini,-36.09,150.15,2008,4,11,25,2,-36_150,18.575284719467163,20.016387939453125,18.676944720995557,20.13683292600843,NA,NA,0
Dinolestes lewini,-35.72,150.27,2009,6,9,20,7,-36_150,19.10283835728963,17.799762725830078,19.223893573465638,19.490721787346732,2007,Batemans Marine Park,0
Dinolestes lewini,-35.72,150.27,2009,6,9,20,2,-36_150,19.10283835728963,17.799762725830078,19.223893573465638,19.490721787346732,2007,Batemans Marine Park,0
Dinolestes lewini,-35.72,150.27,2009,6,9,25,1,-36_150,19.10283835728963,17.799762725830078,19.223893573465638,19.490721787346732,2007,Batemans Marine Park,0
Dinolestes lewini,-35.82,150.24,2008,5,16,25,5,-36_150,18.575284719467163,18.24558448791504,18.676944720995557,18.30634371439616,2007,Batemans Marine Park,0
Dinolestes lewini,-35.82,150.24,2008,5,16,30,10,-36_150,18.575284719467163,18.24558448791504,18.676944720995557,18.30634371439616,2007,Batemans Marine Park,0
Dinolestes lewini,-35.82,150.24,2008,5,16,25,2,-36_150,18.575284719467163,18.24558448791504,18.676944720995557,18.30634371439616,2007,Batemans Marine Park,0
Dinolestes lewini,-35.83,150.23,2008,5,16,30,2,-36_150,18.575284719467163,18.24558448791504,18.676944720995557,18.30634371439616,2007,Batemans Marine Park,0
Dinolestes lewini,-35.83,150.23,2008,5,16,25,1,-36_150,18.575284719467163,18.24558448791504,18.676944720995557,18.30634371439616,2007,Batemans Marine Park,0
Dinolestes lewini,-35.99,150.16,2010,1,28,12.5,5,-36_150,19.321057319641113,21.59518814086914,19.782238903587274,21.6029026995423,NA,NA,0
Dinolestes lewini,-35.99,150.16,2010,1,28,15,6,-36_150,19.321057319641113,21.59518814086914,19.782238903587274,21.6029026995423,NA,NA,0
Dinolestes lewini,-35.99,150.16,2010,1,28,20,5,-36_150,19.321057319641113,21.59518814086914,19.782238903587274,21.6029026995423,NA,NA,0
Dinolestes lewini,-35.99,150.16,2010,1,28,15,5,-36_150,19.321057319641113,21.59518814086914,19.782238903587274,21.6029026995423,NA,NA,0
Dinolestes lewini,-35.99,150.16,2010,1,28,20,6,-36_150,19.321057319641113,21.59518814086914,19.782238903587274,21.6029026995423,NA,NA,0
Dinolestes lewini,-35.99,150.16,2010,1,28,12.5,8,-36_150,19.321057319641113,21.59518814086914,19.782238903587274,21.6029026995423,NA,NA,0
Dinolestes lewini,-35.99,150.16,2010,1,28,15,9,-36_150,19.321057319641113,21.59518814086914,19.782238903587274,21.6029026995423,NA,NA,0
Dinolestes lewini,-35.99,150.16,2010,1,28,20,8,-36_150,19.321057319641113,21.59518814086914,19.782238903587274,21.6029026995423,NA,NA,0
Dinolestes lewini,-35.99,150.16,2010,1,28,12.5,13,-36_150,19.321057319641113,21.59518814086914,19.782238903587274,21.6029026995423,NA,NA,0
Dinolestes lewini,-35.99,150.16,2010,1,28,15,14,-36_150,19.321057319641113,21.59518814086914,19.782238903587274,21.6029026995423,NA,NA,0
Dinolestes lewini,-35.99,150.16,2010,1,28,20,13,-36_150,19.321057319641113,21.59518814086914,19.782238903587274,21.6029026995423,NA,NA,0
Dinolestes lewini,-35.99,150.16,2010,1,28,35,2,-36_150,19.321057319641113,21.59518814086914,19.782238903587274,21.6029026995423,NA,NA,0
Dinolestes lewini,-35.69,150.3,2010,1,31,15,4,-36_150,19.321057319641113,21.59518814086914,19.782238903587274,21.6029026995423,NA,NA,0
Dinolestes lewini,-35.69,150.3,2010,1,31,20,4,-36_150,19.321057319641113,21.59518814086914,19.782238903587274,21.6029026995423,NA,NA,0
Dinolestes lewini,-35.69,150.3,2010,1,31,40,1,-36_150,19.321057319641113,21.59518814086914,19.782238903587274,21.6029026995423,NA,NA,0
Dinolestes lewini,-35.69,150.3,2010,1,31,15,7,-36_150,19.321057319641113,21.59518814086914,19.782238903587274,21.6029026995423,NA,NA,0
Dinolestes lewini,-35.69,150.3,2010,1,31,30,2,-36_150,19.321057319641113,21.59518814086914,19.782238903587274,21.6029026995423,NA,NA,0
Dinolestes lewini,-35.69,150.3,2010,1,31,40,2,-36_150,19.321057319641113,21.59518814086914,19.782238903587274,21.6029026995423,NA,NA,0
Dinolestes lewini,-35.69,150.3,2010,1,31,35,1,-36_150,19.321057319641113,21.59518814086914,19.782238903587274,21.6029026995423,NA,NA,0
Dinolestes lewini,-35.83,150.23,2008,5,19,25,10,-36_150,18.575284719467163,18.24558448791504,18.676944720995557,18.30634371439616,2007,Batemans Marine Park,0
Dinolestes lewini,-35.83,150.23,2008,5,19,20,1,-36_150,18.575284719467163,18.24558448791504,18.676944720995557,18.30634371439616,2007,Batemans Marine Park,0
Dinolestes lewini,-35.86,150.19,2008,5,19,30,10,-36_150,18.575284719467163,18.24558448791504,18.676944720995557,18.30634371439616,2007,Batemans Marine Park,0
Dinolestes lewini,-35.86,150.19,2008,5,19,30,5,-36_150,18.575284719467163,18.24558448791504,18.676944720995557,18.30634371439616,2007,Batemans Marine Park,0
Dinolestes lewini,-35.86,150.19,2008,5,19,35,10,-36_150,18.575284719467163,18.24558448791504,18.676944720995557,18.30634371439616,2007,Batemans Marine Park,0
Dinolestes lewini,-35.69,150.3,2010,1,31,35,1,-36_150,19.321057319641113,21.59518814086914,19.782238903587274,21.6029026995423,NA,NA,0
Dinolestes lewini,-35.69,150.3,2010,1,31,30,1,-36_150,19.321057319641113,21.59518814086914,19.782238903587274,21.6029026995423,NA,NA,0
Dinolestes lewini,-35.69,150.3,2010,1,31,30,7,-36_150,19.321057319641113,21.59518814086914,19.782238903587274,21.6029026995423,NA,NA,0
Dinolestes lewini,-35.69,150.3,2010,1,31,35,8,-36_150,19.321057319641113,21.59518814086914,19.782238903587274,21.6029026995423,NA,NA,0
Dinolestes lewini,-35.67,150.31,2010,1,31,15,3,-36_150,19.321057319641113,21.59518814086914,19.782238903587274,21.6029026995423,NA,NA,0
Dinolestes lewini,-35.67,150.31,2010,1,31,20,2,-36_150,19.321057319641113,21.59518814086914,19.782238903587274,21.6029026995423,NA,NA,0
Dinolestes lewini,-35.67,150.31,2010,1,31,15,1,-36_150,19.321057319641113,21.59518814086914,19.782238903587274,21.6029026995423,NA,NA,0
Dinolestes lewini,-35.8,150.24,2009,12,20,30,1,-36_150,19.10283835728963,20.192630767822266,19.223893573465638,20.918171605756207,NA,NA,0
Dinolestes lewini,-35.8,150.24,2009,12,20,40,1,-36_150,19.10283835728963,20.192630767822266,19.223893573465638,20.918171605756207,NA,NA,0
Dinolestes lewini,-33.84,151.25,2009,9,12,10,15,-34_151,20.488441785176597,18.62691116333008,20.580270093114816,17.885749578475952,NA,NA,0
Dinolestes lewini,-33.84,151.25,2009,9,12,12.5,35,-34_151,20.488441785176597,18.62691116333008,20.580270093114816,17.885749578475952,NA,NA,0
Dinolestes lewini,-35.78,150.23,2009,4,9,20,1,-36_150,19.10283835728963,20.655902862548828,19.223893573465638,20.71361059612698,NA,NA,0
Dinolestes lewini,-35.78,150.23,2009,4,9,35,1,-36_150,19.10283835728963,20.655902862548828,19.223893573465638,20.71361059612698,NA,NA,0
Dinolestes lewini,-34,151.24,2009,7,31,15,2,-34_151,20.488441785176597,18.03689193725586,20.580270093114816,18.446128676014563,NA,NA,0
Dinolestes lewini,-35.78,150.23,2009,4,9,20,1,-36_150,19.10283835728963,20.655902862548828,19.223893573465638,20.71361059612698,NA,NA,0
Dinolestes lewini,-35.78,150.23,2009,12,20,40,1,-36_150,19.10283835728963,20.192630767822266,19.223893573465638,20.918171605756207,NA,NA,0
Dinolestes lewini,-33.82,151.29,2009,3,27,20,1,-34_151,20.488441785176597,23.1658992767334,20.580270093114816,23.29459628751201,NA,NA,0
Dinolestes lewini,-33.82,151.29,2009,3,27,25,50,-34_151,20.488441785176597,23.1658992767334,20.580270093114816,23.29459628751201,NA,NA,0
Dinolestes lewini,-33.82,151.29,2009,3,27,12.5,3,-34_151,20.488441785176597,23.1658992767334,20.580270093114816,23.29459628751201,NA,NA,0
Dinolestes lewini,-33.82,151.29,2009,3,27,15,5,-34_151,20.488441785176597,23.1658992767334,20.580270093114816,23.29459628751201,NA,NA,0
Dinolestes lewini,-33.82,151.29,2009,3,27,30,1,-34_151,20.488441785176597,23.1658992767334,20.580270093114816,23.29459628751201,NA,NA,0
Dinolestes lewini,-33.82,151.29,2009,3,27,25,10,-34_151,20.488441785176597,23.1658992767334,20.580270093114816,23.29459628751201,NA,NA,0
Dinolestes lewini,-33.82,151.29,2009,3,27,30,20,-34_151,20.488441785176597,23.1658992767334,20.580270093114816,23.29459628751201,NA,NA,0
Dinolestes lewini,-33.82,151.29,2009,3,27,40,5,-34_151,20.488441785176597,23.1658992767334,20.580270093114816,23.29459628751201,NA,NA,0
Dinolestes lewini,-36.09,150.14,2008,2,14,15,20,-36_150,18.575284719467163,21.591941833496097,18.676944720995557,22.42793048113242,NA,NA,0
Dinolestes lewini,-36.09,150.14,2008,2,14,25,10,-36_150,18.575284719467163,21.591941833496097,18.676944720995557,22.42793048113242,NA,NA,0
Dinolestes lewini,-36.09,150.14,2008,2,14,35,10,-36_150,18.575284719467163,21.591941833496097,18.676944720995557,22.42793048113242,NA,NA,0
Dinolestes lewini,-36.09,150.14,2008,2,14,15,4,-36_150,18.575284719467163,21.591941833496097,18.676944720995557,22.42793048113242,NA,NA,0
Dinolestes lewini,-36.09,150.14,2008,5,12,15,50,-36_150,18.575284719467163,18.24558448791504,18.676944720995557,18.30634371439616,NA,NA,0
Dinolestes lewini,-36.09,150.14,2008,5,12,20,10,-36_150,18.575284719467163,18.24558448791504,18.676944720995557,18.30634371439616,NA,NA,0
Dinolestes lewini,-36.09,150.14,2008,5,12,25,1,-36_150,18.575284719467163,18.24558448791504,18.676944720995557,18.30634371439616,NA,NA,0
Dinolestes lewini,-36.09,150.14,2008,5,12,12.5,15,-36_150,18.575284719467163,18.24558448791504,18.676944720995557,18.30634371439616,NA,NA,0
Dinolestes lewini,-36.09,150.14,2008,5,12,15,55,-36_150,18.575284719467163,18.24558448791504,18.676944720995557,18.30634371439616,NA,NA,0
Dinolestes lewini,-36.09,150.14,2008,5,12,20,25,-36_150,18.575284719467163,18.24558448791504,18.676944720995557,18.30634371439616,NA,NA,0
Dinolestes lewini,-35.77,150.23,2009,12,20,25,1,-36_150,19.10283835728963,20.192630767822266,19.223893573465638,20.918171605756207,NA,NA,0
Dinolestes lewini,-36.09,150.14,2009,12,29,30,10,-36_150,19.10283835728963,20.192630767822266,19.223893573465638,20.918171605756207,NA,NA,0
Dinolestes lewini,-36.09,150.14,2009,12,29,35,4,-36_150,19.10283835728963,20.192630767822266,19.223893573465638,20.918171605756207,NA,NA,0
Dinolestes lewini,-36.09,150.14,2009,12,29,40,5,-36_150,19.10283835728963,20.192630767822266,19.223893573465638,20.918171605756207,NA,NA,0
Dinolestes lewini,-36.27,150.15,2008,5,6,20,1,-36_150,18.575284719467163,18.24558448791504,18.676944720995557,18.30634371439616,2007,Batemans Marine Park,0
Dinolestes lewini,-36.09,150.14,2009,12,29,30,1,-36_150,19.10283835728963,20.192630767822266,19.223893573465638,20.918171605756207,NA,NA,0
Dinolestes lewini,-36.09,150.14,2009,12,29,40,4,-36_150,19.10283835728963,20.192630767822266,19.223893573465638,20.918171605756207,NA,NA,0
Dinolestes lewini,-36.26,150.15,2008,5,6,25,1,-36_150,18.575284719467163,18.24558448791504,18.676944720995557,18.30634371439616,2007,Batemans Marine Park,0
Dinolestes lewini,-36.26,150.15,2008,5,6,35,4,-36_150,18.575284719467163,18.24558448791504,18.676944720995557,18.30634371439616,2007,Batemans Marine Park,0
Dinolestes lewini,-36.26,150.15,2008,5,6,20,1,-36_150,18.575284719467163,18.24558448791504,18.676944720995557,18.30634371439616,2007,Batemans Marine Park,0
Dinolestes lewini,-36.26,150.15,2008,5,6,30,1,-36_150,18.575284719467163,18.24558448791504,18.676944720995557,18.30634371439616,2007,Batemans Marine Park,0
Dinolestes lewini,-36.01,150.17,2010,1,28,15,2,-36_150,19.321057319641113,21.59518814086914,19.782238903587274,21.6029026995423,2007,Batemans Marine Park,0
Dinolestes lewini,-36.01,150.17,2010,1,28,20,1,-36_150,19.321057319641113,21.59518814086914,19.782238903587274,21.6029026995423,2007,Batemans Marine Park,0
Dinolestes lewini,-36.01,150.17,2010,1,28,15,8,-36_150,19.321057319641113,21.59518814086914,19.782238903587274,21.6029026995423,2007,Batemans Marine Park,0
Dinolestes lewini,-36.01,150.17,2010,1,28,20,8,-36_150,19.321057319641113,21.59518814086914,19.782238903587274,21.6029026995423,2007,Batemans Marine Park,0
Dinolestes lewini,-36.01,150.17,2010,1,28,35,1,-36_150,19.321057319641113,21.59518814086914,19.782238903587274,21.6029026995423,2007,Batemans Marine Park,0
Dinolestes lewini,-36.01,150.17,2010,1,28,15,31,-36_150,19.321057319641113,21.59518814086914,19.782238903587274,21.6029026995423,2007,Batemans Marine Park,0
Dinolestes lewini,-36.01,150.17,2010,1,28,30,7,-36_150,19.321057319641113,21.59518814086914,19.782238903587274,21.6029026995423,2007,Batemans Marine Park,0
Dinolestes lewini,-36.01,150.17,2010,1,28,35,8,-36_150,19.321057319641113,21.59518814086914,19.782238903587274,21.6029026995423,2007,Batemans Marine Park,0
Dinolestes lewini,-36.01,150.17,2010,1,28,15,3,-36_150,19.321057319641113,21.59518814086914,19.782238903587274,21.6029026995423,2007,Batemans Marine Park,0
Dinolestes lewini,-36.01,150.17,2010,1,28,35,10,-36_150,19.321057319641113,21.59518814086914,19.782238903587274,21.6029026995423,2007,Batemans Marine Park,0
Dinolestes lewini,-36.01,150.17,2010,1,28,40,10,-36_150,19.321057319641113,21.59518814086914,19.782238903587274,21.6029026995423,2007,Batemans Marine Park,0
Dinolestes lewini,-36.01,150.17,2010,1,28,20,7,-36_150,19.321057319641113,21.59518814086914,19.782238903587274,21.6029026995423,2007,Batemans Marine Park,0
Dinolestes lewini,-36.01,150.17,2010,1,28,35,5,-36_150,19.321057319641113,21.59518814086914,19.782238903587274,21.6029026995423,2007,Batemans Marine Park,0
Dinolestes lewini,-36.01,150.17,2010,1,28,40,5,-36_150,19.321057319641113,21.59518814086914,19.782238903587274,21.6029026995423,2007,Batemans Marine Park,0
Dinolestes lewini,-36.01,150.17,2010,1,28,15,5,-36_150,19.321057319641113,21.59518814086914,19.782238903587274,21.6029026995423,2007,Batemans Marine Park,0
Dinolestes lewini,-36.01,150.17,2010,1,28,20,10,-36_150,19.321057319641113,21.59518814086914,19.782238903587274,21.6029026995423,2007,Batemans Marine Park,0
Dinolestes lewini,-33.78,151.29,2009,6,27,12.5,5,-34_151,20.488441785176597,19.026844024658203,20.580270093114816,20.48599953651428,NA,NA,0
Dinolestes lewini,-33.78,151.29,2009,6,27,12.5,1,-34_151,20.488441785176597,19.026844024658203,20.580270093114816,20.48599953651428,NA,NA,0
Dinolestes lewini,-35.05,150.84,2009,3,13,25,5,-35_151,19.915931542714436,22.845439910888672,20.050225972343902,22.214193036479333,NA,NA,0
Dinolestes lewini,-35.05,150.84,2009,3,13,30,10,-35_151,19.915931542714436,22.845439910888672,20.050225972343902,22.214193036479333,NA,NA,0
Dinolestes lewini,-35.05,150.84,2009,3,13,35,10,-35_151,19.915931542714436,22.845439910888672,20.050225972343902,22.214193036479333,NA,NA,0
Dinolestes lewini,-35.05,150.84,2009,3,13,40,15,-35_151,19.915931542714436,22.845439910888672,20.050225972343902,22.214193036479333,NA,NA,0
Dinolestes lewini,-35.05,150.84,2009,3,13,50,10,-35_151,19.915931542714436,22.845439910888672,20.050225972343902,22.214193036479333,NA,NA,0
Dinolestes lewini,-33.92,151.27,2010,4,25,20,4,-34_151,20.932119687398277,22.96302604675293,20.773523899719034,22.82108276685079,NA,NA,0
Dinolestes lewini,-33.92,151.27,2010,4,25,25,1,-34_151,20.932119687398277,22.96302604675293,20.773523899719034,22.82108276685079,NA,NA,0
Dinolestes lewini,-36.27,150.15,2010,1,31,15,2,-36_150,19.321057319641113,21.59518814086914,19.782238903587274,21.6029026995423,2007,Batemans Marine Park,0
Dinolestes lewini,-36.27,150.15,2010,1,31,20,6,-36_150,19.321057319641113,21.59518814086914,19.782238903587274,21.6029026995423,2007,Batemans Marine Park,0
Dinolestes lewini,-36.27,150.15,2010,1,31,25,6,-36_150,19.321057319641113,21.59518814086914,19.782238903587274,21.6029026995423,2007,Batemans Marine Park,0
Dinolestes lewini,-33.92,151.27,2010,4,23,7.5,1,-34_151,20.932119687398277,22.96302604675293,20.773523899719034,22.82108276685079,NA,NA,0
Dinolestes lewini,-33.92,151.27,2010,4,23,12.5,1,-34_151,20.932119687398277,22.96302604675293,20.773523899719034,22.82108276685079,NA,NA,0
Dinolestes lewini,-33.92,151.27,2010,4,23,15,1,-34_151,20.932119687398277,22.96302604675293,20.773523899719034,22.82108276685079,NA,NA,0
Dinolestes lewini,-33.92,151.27,2010,4,23,20,3,-34_151,20.932119687398277,22.96302604675293,20.773523899719034,22.82108276685079,NA,NA,0
Dinolestes lewini,-33.92,151.27,2010,4,23,25,3,-34_151,20.932119687398277,22.96302604675293,20.773523899719034,22.82108276685079,NA,NA,0
Dinolestes lewini,-33.92,151.27,2010,4,23,30,1,-34_151,20.932119687398277,22.96302604675293,20.773523899719034,22.82108276685079,NA,NA,0
Dinolestes lewini,-32.62,152.33,2009,5,8,35,1,-33_152,21.148912747701008,20.721540451049805,20.95820614353018,22.08618232768069,2007,Port Stephens Great Lake Marine Park,0
Dinolestes lewini,-36.26,150.15,2010,1,31,15,20,-36_150,19.321057319641113,21.59518814086914,19.782238903587274,21.6029026995423,2007,Batemans Marine Park,0
Dinolestes lewini,-36.26,150.15,2010,1,31,20,20,-36_150,19.321057319641113,21.59518814086914,19.782238903587274,21.6029026995423,2007,Batemans Marine Park,0
Dinolestes lewini,-36.26,150.15,2010,1,31,20,15,-36_150,19.321057319641113,21.59518814086914,19.782238903587274,21.6029026995423,2007,Batemans Marine Park,0
Dinolestes lewini,-36.26,150.15,2010,1,31,25,1,-36_150,19.321057319641113,21.59518814086914,19.782238903587274,21.6029026995423,2007,Batemans Marine Park,0
Dinolestes lewini,-36.26,150.15,2010,1,31,30,1,-36_150,19.321057319641113,21.59518814086914,19.782238903587274,21.6029026995423,2007,Batemans Marine Park,0
Dinolestes lewini,-33.81,151.28,2009,3,27,30,1,-34_151,20.488441785176597,23.1658992767334,20.580270093114816,23.29459628751201,NA,NA,0
Dinolestes lewini,-36.26,150.15,2010,1,31,30,3,-36_150,19.321057319641113,21.59518814086914,19.782238903587274,21.6029026995423,2007,Batemans Marine Park,0
Dinolestes lewini,-36.26,150.15,2010,1,31,35,4,-36_150,19.321057319641113,21.59518814086914,19.782238903587274,21.6029026995423,2007,Batemans Marine Park,0
Dinolestes lewini,-36.26,150.15,2010,1,31,40,3,-36_150,19.321057319641113,21.59518814086914,19.782238903587274,21.6029026995423,2007,Batemans Marine Park,0
Dinolestes lewini,-33.81,151.28,2009,3,27,25,11,-34_151,20.488441785176597,23.1658992767334,20.580270093114816,23.29459628751201,NA,NA,0
Dinolestes lewini,-33.81,151.28,2009,3,27,12.5,1,-34_151,20.488441785176597,23.1658992767334,20.580270093114816,23.29459628751201,NA,NA,0
Dinolestes lewini,-33.81,151.28,2009,3,27,15,1,-34_151,20.488441785176597,23.1658992767334,20.580270093114816,23.29459628751201,NA,NA,0
Dinolestes lewini,-35.5,150.4,2008,6,11,20,2,-36_150,18.575284719467163,17.782655715942383,18.676944720995557,17.448944060007733,NA,NA,0
Dinolestes lewini,-35.71,150.28,2009,6,9,30,20,-36_150,19.10283835728963,17.799762725830078,19.223893573465638,19.490721787346732,2007,Batemans Marine Park,0
Dinolestes lewini,-35.71,150.28,2009,6,9,35,5,-36_150,19.10283835728963,17.799762725830078,19.223893573465638,19.490721787346732,2007,Batemans Marine Park,0
Dinolestes lewini,-35.71,150.28,2009,6,9,40,5,-36_150,19.10283835728963,17.799762725830078,19.223893573465638,19.490721787346732,2007,Batemans Marine Park,0
Dinolestes lewini,-35.99,150.16,2008,6,27,15,10,-36_150,18.575284719467163,17.782655715942383,18.676944720995557,17.448944060007733,NA,NA,0
Dinolestes lewini,-35.99,150.16,2008,6,27,20,10,-36_150,18.575284719467163,17.782655715942383,18.676944720995557,17.448944060007733,NA,NA,0
Dinolestes lewini,-35.99,150.16,2008,9,2,25,2,-36_150,18.575284719467163,15.613195419311523,18.676944720995557,15.621388546625774,2007,Batemans Marine Park,0
Dinolestes lewini,-35.08,150.79,2009,3,14,35,2,-35_151,19.915931542714436,22.845439910888672,20.050225972343902,22.214193036479333,2002,Jervis Bay Marine Park,0
Dinolestes lewini,-35.08,150.79,2009,3,14,30,1,-35_151,19.915931542714436,22.845439910888672,20.050225972343902,22.214193036479333,2002,Jervis Bay Marine Park,0
Dinolestes lewini,-34.06,151.15,2009,8,1,25,1,-34_151,20.488441785176597,18.304466247558594,20.580270093114816,17.557902828339607,NA,NA,0
Dinolestes lewini,-35.73,150.26,2009,12,21,25,1,-36_150,19.10283835728963,20.192630767822266,19.223893573465638,20.918171605756207,NA,NA,0
Dinolestes lewini,-33.83,151.28,2010,2,21,12.5,3,-34_151,20.932119687398277,24.227298736572266,20.773523899719034,24.04741014753069,NA,NA,0
Dinolestes lewini,-33.83,151.28,2010,2,21,15,1,-34_151,20.932119687398277,24.227298736572266,20.773523899719034,24.04741014753069,NA,NA,0
Dinolestes lewini,-33.83,151.28,2010,2,21,25,1,-34_151,20.932119687398277,24.227298736572266,20.773523899719034,24.04741014753069,NA,NA,0
Dinolestes lewini,-33.83,151.28,2010,2,21,15,3,-34_151,20.932119687398277,24.227298736572266,20.773523899719034,24.04741014753069,NA,NA,0
Dinolestes lewini,-32.69,152.22,2009,5,9,30,20,-33_152,21.148912747701008,20.721540451049805,20.95820614353018,22.08618232768069,NA,NA,0
Dinolestes lewini,-35.99,150.16,2008,6,27,15,12,-36_150,18.575284719467163,17.782655715942383,18.676944720995557,17.448944060007733,NA,NA,0
Dinolestes lewini,-35.99,150.16,2008,6,27,20,12,-36_150,18.575284719467163,17.782655715942383,18.676944720995557,17.448944060007733,NA,NA,0
Dinolestes lewini,-35.99,150.16,2008,6,27,25,6,-36_150,18.575284719467163,17.782655715942383,18.676944720995557,17.448944060007733,NA,NA,0
Dinolestes lewini,-33.84,151.25,2009,3,28,15,5,-34_151,20.488441785176597,23.1658992767334,20.580270093114816,23.29459628751201,NA,NA,0
Dinolestes lewini,-33.84,151.25,2009,3,28,15,1,-34_151,20.488441785176597,23.1658992767334,20.580270093114816,23.29459628751201,NA,NA,0
Dinolestes lewini,-33.84,151.25,2009,3,28,25,6,-34_151,20.488441785176597,23.1658992767334,20.580270093114816,23.29459628751201,NA,NA,0
Dinolestes lewini,-33.84,151.25,2009,3,28,30,10,-34_151,20.488441785176597,23.1658992767334,20.580270093114816,23.29459628751201,NA,NA,0
Dinolestes lewini,-33.84,151.25,2009,3,28,20,10,-34_151,20.488441785176597,23.1658992767334,20.580270093114816,23.29459628751201,NA,NA,0
Dinolestes lewini,-33.84,151.25,2009,3,28,25,20,-34_151,20.488441785176597,23.1658992767334,20.580270093114816,23.29459628751201,NA,NA,0
Dinolestes lewini,-33.84,151.25,2009,3,28,30,12,-34_151,20.488441785176597,23.1658992767334,20.580270093114816,23.29459628751201,NA,NA,0
Dinolestes lewini,-35.98,150.16,2008,9,2,25,10,-36_150,18.575284719467163,15.613195419311523,18.676944720995557,15.621388546625774,2007,Batemans Marine Park,0
Dinolestes lewini,-35.98,150.16,2008,9,2,30,15,-36_150,18.575284719467163,15.613195419311523,18.676944720995557,15.621388546625774,2007,Batemans Marine Park,0
Dinolestes lewini,-35.98,150.16,2008,9,2,35,10,-36_150,18.575284719467163,15.613195419311523,18.676944720995557,15.621388546625774,2007,Batemans Marine Park,0
Dinolestes lewini,-35.98,150.16,2008,9,2,15,1,-36_150,18.575284719467163,15.613195419311523,18.676944720995557,15.621388546625774,2007,Batemans Marine Park,0
Dinolestes lewini,-35.93,150.17,2008,9,16,30,1,-36_150,18.575284719467163,15.613195419311523,18.676944720995557,15.621388546625774,NA,NA,0
Dinolestes lewini,-35.91,150.16,2008,9,16,30,2,-36_150,18.575284719467163,15.613195419311523,18.676944720995557,15.621388546625774,NA,NA,0
Dinolestes lewini,-35.8,150.24,2008,11,17,35,15,-36_150,18.575284719467163,18.15336227416992,18.676944720995557,18.338888528611925,NA,NA,0
Dinolestes lewini,-35.82,150.23,2008,5,24,12.5,2,-36_150,18.575284719467163,18.24558448791504,18.676944720995557,18.30634371439616,NA,NA,0
Dinolestes lewini,-35.82,150.23,2008,5,24,15,4,-36_150,18.575284719467163,18.24558448791504,18.676944720995557,18.30634371439616,NA,NA,0
Dinolestes lewini,-32.69,152.22,2009,5,9,20,1,-33_152,21.148912747701008,20.721540451049805,20.95820614353018,22.08618232768069,NA,NA,0
Dinolestes lewini,-35.82,150.23,2008,5,24,25,3,-36_150,18.575284719467163,18.24558448791504,18.676944720995557,18.30634371439616,NA,NA,0
Dinolestes lewini,-32.69,152.22,2009,11,21,15,3,-33_152,21.148912747701008,21.234846115112305,20.95820614353018,21.01616621547275,NA,NA,0
Dinolestes lewini,-32.69,152.22,2009,11,21,20,1,-33_152,21.148912747701008,21.234846115112305,20.95820614353018,21.01616621547275,NA,NA,0
Dinolestes lewini,-35.82,150.23,2008,11,17,25,11,-36_150,18.575284719467163,18.15336227416992,18.676944720995557,18.338888528611925,NA,NA,0
Dinolestes lewini,-35.82,150.23,2008,11,17,30,20,-36_150,18.575284719467163,18.15336227416992,18.676944720995557,18.338888528611925,NA,NA,0
Dinolestes lewini,-32.69,152.22,2010,4,24,30,40,-33_152,21.71309455235799,23.75311279296875,21.233464664610445,23.756860531700983,NA,NA,0
Dinolestes lewini,-35.08,150.79,2009,3,14,25,1,-35_151,19.915931542714436,22.845439910888672,20.050225972343902,22.214193036479333,2002,Jervis Bay Marine Park,0
Dinolestes lewini,-35.08,150.79,2009,3,14,20,1,-35_151,19.915931542714436,22.845439910888672,20.050225972343902,22.214193036479333,2002,Jervis Bay Marine Park,0
Dinolestes lewini,-35.08,150.79,2009,3,14,25,6,-35_151,19.915931542714436,22.845439910888672,20.050225972343902,22.214193036479333,2002,Jervis Bay Marine Park,0
Dinolestes lewini,-35.08,150.79,2009,3,14,30,1,-35_151,19.915931542714436,22.845439910888672,20.050225972343902,22.214193036479333,2002,Jervis Bay Marine Park,0
Dinolestes lewini,-35.82,150.23,2008,11,17,25,1,-36_150,18.575284719467163,18.15336227416992,18.676944720995557,18.338888528611925,NA,NA,0
Dinolestes lewini,-35.82,150.23,2008,11,17,30,1,-36_150,18.575284719467163,18.15336227416992,18.676944720995557,18.338888528611925,NA,NA,0
Dinolestes lewini,-35.82,150.23,2008,11,17,35,1,-36_150,18.575284719467163,18.15336227416992,18.676944720995557,18.338888528611925,NA,NA,0
Dinolestes lewini,-35.82,150.23,2008,11,17,30,1,-36_150,18.575284719467163,18.15336227416992,18.676944720995557,18.338888528611925,NA,NA,0
Dinolestes lewini,-35.8,150.23,2008,11,18,30,1,-36_150,18.575284719467163,18.15336227416992,18.676944720995557,18.338888528611925,NA,NA,0
Dinolestes lewini,-35.78,150.23,2008,2,21,15,1,-36_150,18.575284719467163,21.591941833496097,18.676944720995557,22.42793048113242,NA,NA,0
Dinolestes lewini,-35.78,150.23,2008,2,21,15,2,-36_150,18.575284719467163,21.591941833496097,18.676944720995557,22.42793048113242,NA,NA,0
Dinolestes lewini,-35.78,150.23,2008,2,21,25,2,-36_150,18.575284719467163,21.591941833496097,18.676944720995557,22.42793048113242,NA,NA,0
Dinolestes lewini,-33.92,151.26,2010,1,9,10,2,-34_151,20.932119687398277,23.15384101867676,20.773523899719034,23.042902700362667,NA,NA,0
Dinolestes lewini,-33.92,151.26,2010,1,9,12.5,1,-34_151,20.932119687398277,23.15384101867676,20.773523899719034,23.042902700362667,NA,NA,0
Dinolestes lewini,-35.17,150.69,2009,9,15,20,1,-35_151,19.915931542714436,17.93470573425293,20.050225972343902,16.7156662940979,NA,NA,0
Dinolestes lewini,-33.81,151.31,2009,8,2,15,1,-34_151,20.488441785176597,18.304466247558594,20.580270093114816,17.557902828339607,NA,NA,0
Dinolestes lewini,-33.81,151.31,2009,8,2,12.5,1,-34_151,20.488441785176597,18.304466247558594,20.580270093114816,17.557902828339607,NA,NA,0
Dinolestes lewini,-35.83,150.22,2008,2,18,20,5,-36_150,18.575284719467163,21.591941833496097,18.676944720995557,22.42793048113242,2007,Batemans Marine Park,0
Dinolestes lewini,-33.81,151.31,2009,8,2,20,1,-34_151,20.488441785176597,18.304466247558594,20.580270093114816,17.557902828339607,NA,NA,0
Dinolestes lewini,-35.12,150.77,2008,5,6,20,18,-35_151,19.43103837966919,19.03557014465332,19.40620510758396,18.734945789460212,2002,Jervis Bay Marine Park,0
Dinolestes lewini,-35.12,150.77,2008,5,6,10,1,-35_151,19.43103837966919,19.03557014465332,19.40620510758396,18.734945789460212,2002,Jervis Bay Marine Park,0
Dinolestes lewini,-35.12,150.77,2008,5,6,15,2,-35_151,19.43103837966919,19.03557014465332,19.40620510758396,18.734945789460212,2002,Jervis Bay Marine Park,0
Dinolestes lewini,-35.08,150.79,2009,3,14,20,1,-35_151,19.915931542714436,22.845439910888672,20.050225972343902,22.214193036479333,2002,Jervis Bay Marine Park,0
Dinolestes lewini,-35.08,150.79,2009,3,14,30,3,-35_151,19.915931542714436,22.845439910888672,20.050225972343902,22.214193036479333,2002,Jervis Bay Marine Park,0
Dinolestes lewini,-35.08,150.79,2009,3,14,35,1,-35_151,19.915931542714436,22.845439910888672,20.050225972343902,22.214193036479333,2002,Jervis Bay Marine Park,0
Dinolestes lewini,-35.09,150.69,2010,6,26,40,6,-35_151,20.288724263509113,19.2506046295166,20.43436043554655,19.307443979051374,2002,Jervis Bay Marine Park,0
Dinolestes lewini,-33.8,151.29,2010,5,1,15,1,-34_151,20.932119687398277,21.54056167602539,20.773523899719034,23.08870918520035,2002,Cabbage Tree Bay Aquatic Reserve,0
Dinolestes lewini,-35.14,150.76,2009,3,15,15,1,-35_151,19.915931542714436,22.845439910888672,20.050225972343902,22.214193036479333,NA,NA,0
Dinolestes lewini,-35.14,150.76,2009,3,15,25,1,-35_151,19.915931542714436,22.845439910888672,20.050225972343902,22.214193036479333,NA,NA,0
Dinolestes lewini,-35.14,150.76,2009,3,15,15,2,-35_151,19.915931542714436,22.845439910888672,20.050225972343902,22.214193036479333,NA,NA,0
Dinolestes lewini,-35.14,150.76,2009,3,15,20,8,-35_151,19.915931542714436,22.845439910888672,20.050225972343902,22.214193036479333,NA,NA,0
Dinolestes lewini,-35.14,150.76,2009,3,15,25,20,-35_151,19.915931542714436,22.845439910888672,20.050225972343902,22.214193036479333,NA,NA,0
Dinolestes lewini,-35.14,150.76,2009,3,15,35,1,-35_151,19.915931542714436,22.845439910888672,20.050225972343902,22.214193036479333,NA,NA,0
Dinolestes lewini,-33.92,151.26,2010,5,8,30,25,-34_151,20.932119687398277,21.54056167602539,20.773523899719034,23.08870918520035,NA,NA,0
Dinolestes lewini,-33.92,151.26,2010,5,8,15,7,-34_151,20.932119687398277,21.54056167602539,20.773523899719034,23.08870918520035,NA,NA,0
Dinolestes lewini,-33.92,151.26,2010,5,8,20,10,-34_151,20.932119687398277,21.54056167602539,20.773523899719034,23.08870918520035,NA,NA,0
Dinolestes lewini,-33.92,151.26,2010,5,8,25,5,-34_151,20.932119687398277,21.54056167602539,20.773523899719034,23.08870918520035,NA,NA,0
Dinolestes lewini,-33.92,151.26,2010,5,8,30,2,-34_151,20.932119687398277,21.54056167602539,20.773523899719034,23.08870918520035,NA,NA,0
Dinolestes lewini,-33.8,151.28,2009,3,29,15,1,-34_151,20.488441785176597,23.1658992767334,20.580270093114816,23.29459628751201,NA,NA,0
Dinolestes lewini,-33.8,151.28,2009,3,29,20,1,-34_151,20.488441785176597,23.1658992767334,20.580270093114816,23.29459628751201,NA,NA,0
Dinolestes lewini,-33.8,151.28,2009,3,29,20,22,-34_151,20.488441785176597,23.1658992767334,20.580270093114816,23.29459628751201,NA,NA,0
Dinolestes lewini,-33.8,151.27,2009,3,29,12.5,2,-34_151,20.488441785176597,23.1658992767334,20.580270093114816,23.29459628751201,NA,NA,0
Dinolestes lewini,-33.8,151.27,2009,3,29,15,2,-34_151,20.488441785176597,23.1658992767334,20.580270093114816,23.29459628751201,NA,NA,0
Dinolestes lewini,-33.8,151.27,2009,3,29,20,1,-34_151,20.488441785176597,23.1658992767334,20.580270093114816,23.29459628751201,NA,NA,0
Dinolestes lewini,-33.8,151.27,2009,3,29,15,1,-34_151,20.488441785176597,23.1658992767334,20.580270093114816,23.29459628751201,NA,NA,0
Dinolestes lewini,-33.8,151.29,2010,5,1,20,2,-34_151,20.932119687398277,21.54056167602539,20.773523899719034,23.08870918520035,2002,Cabbage Tree Bay Aquatic Reserve,0
Dinolestes lewini,-32.74,152.19,2009,5,9,25,10,-33_152,21.148912747701008,20.721540451049805,20.95820614353018,22.08618232768069,NA,NA,0
Dinolestes lewini,-32.74,152.19,2009,5,9,35,1,-33_152,21.148912747701008,20.721540451049805,20.95820614353018,22.08618232768069,NA,NA,0
Dinolestes lewini,-32.74,152.19,2009,5,9,15,10,-33_152,21.148912747701008,20.721540451049805,20.95820614353018,22.08618232768069,NA,NA,0
Dinolestes lewini,-32.74,152.19,2009,5,9,20,20,-33_152,21.148912747701008,20.721540451049805,20.95820614353018,22.08618232768069,NA,NA,0
Dinolestes lewini,-35.82,150.23,2008,2,18,25,1,-36_150,18.575284719467163,21.591941833496097,18.676944720995557,22.42793048113242,NA,NA,0
Dinolestes lewini,-34.07,151.13,2010,5,2,30,6,-34_151,20.932119687398277,21.54056167602539,20.773523899719034,23.08870918520035,1982,Shiprock Aquatic Reserve,1
Dinolestes lewini,-34.07,151.13,2010,5,2,35,57,-34_151,20.932119687398277,21.54056167602539,20.773523899719034,23.08870918520035,1982,Shiprock Aquatic Reserve,1
Dinolestes lewini,-33.8,151.27,2009,3,29,25,10,-34_151,20.488441785176597,23.1658992767334,20.580270093114816,23.29459628751201,NA,NA,0
Dinolestes lewini,-36.16,150.13,2008,12,26,30,1,-36_150,18.575284719467163,18.974714279174805,18.676944720995557,19.5176876847462,NA,NA,0
Dinolestes lewini,-33.82,151.3,2009,3,30,20,15,-34_151,20.488441785176597,23.1658992767334,20.580270093114816,23.29459628751201,NA,NA,0
Dinolestes lewini,-33.82,151.3,2009,3,30,25,25,-34_151,20.488441785176597,23.1658992767334,20.580270093114816,23.29459628751201,NA,NA,0
Dinolestes lewini,-33.82,151.3,2009,3,30,30,30,-34_151,20.488441785176597,23.1658992767334,20.580270093114816,23.29459628751201,NA,NA,0
Dinolestes lewini,-33.82,151.3,2009,3,30,20,1,-34_151,20.488441785176597,23.1658992767334,20.580270093114816,23.29459628751201,NA,NA,0
Dinolestes lewini,-34.07,151.11,2010,5,2,50,14,-34_151,20.932119687398277,21.54056167602539,20.773523899719034,23.08870918520035,NA,NA,0
Dinolestes lewini,-35.09,150.8,2009,3,16,30,5,-35_151,19.915931542714436,22.845439910888672,20.050225972343902,22.214193036479333,NA,NA,0
Dinolestes lewini,-35.09,150.8,2009,3,16,30,1,-35_151,19.915931542714436,22.845439910888672,20.050225972343902,22.214193036479333,NA,NA,0
Dinolestes lewini,-35.09,150.8,2009,3,16,50,1,-35_151,19.915931542714436,22.845439910888672,20.050225972343902,22.214193036479333,NA,NA,0
Dinolestes lewini,-35.09,150.8,2009,3,16,30,1,-35_151,19.915931542714436,22.845439910888672,20.050225972343902,22.214193036479333,NA,NA,0
Dinolestes lewini,-35.09,150.8,2009,3,16,40,2,-35_151,19.915931542714436,22.845439910888672,20.050225972343902,22.214193036479333,NA,NA,0
Dinolestes lewini,-35.09,150.8,2009,3,16,50,3,-35_151,19.915931542714436,22.845439910888672,20.050225972343902,22.214193036479333,NA,NA,0
Dinolestes lewini,-35.09,150.8,2009,3,16,62.5,2,-35_151,19.915931542714436,22.845439910888672,20.050225972343902,22.214193036479333,NA,NA,0
Dinolestes lewini,-35.09,150.8,2009,3,16,30,2,-35_151,19.915931542714436,22.845439910888672,20.050225972343902,22.214193036479333,NA,NA,0
Dinolestes lewini,-32.71,152.16,2009,5,11,30,20,-33_152,21.148912747701008,20.721540451049805,20.95820614353018,22.08618232768069,1983,Fly Point-Halifax Park,1
Dinolestes lewini,-35.09,150.8,2009,3,16,40,8,-35_151,19.915931542714436,22.845439910888672,20.050225972343902,22.214193036479333,NA,NA,0
Dinolestes lewini,-33.82,151.29,2009,3,30,15,1,-34_151,20.488441785176597,23.1658992767334,20.580270093114816,23.29459628751201,NA,NA,0
Dinolestes lewini,-33.82,151.29,2009,3,30,12.5,1,-34_151,20.488441785176597,23.1658992767334,20.580270093114816,23.29459628751201,NA,NA,0
Dinolestes lewini,-33.82,151.29,2009,3,30,12.5,2,-34_151,20.488441785176597,23.1658992767334,20.580270093114816,23.29459628751201,NA,NA,0
Dinolestes lewini,-33.82,151.29,2009,3,30,15,1,-34_151,20.488441785176597,23.1658992767334,20.580270093114816,23.29459628751201,NA,NA,0
Dinolestes lewini,-33.82,151.29,2009,3,30,20,10,-34_151,20.488441785176597,23.1658992767334,20.580270093114816,23.29459628751201,NA,NA,0
Dinolestes lewini,-33.82,151.29,2009,3,30,25,3,-34_151,20.488441785176597,23.1658992767334,20.580270093114816,23.29459628751201,NA,NA,0
Dinolestes lewini,-32.71,152.16,2009,5,11,25,40,-33_152,21.148912747701008,20.721540451049805,20.95820614353018,22.08618232768069,1983,Fly Point-Halifax Park,1
Dinolestes lewini,-32.71,152.16,2009,5,11,30,10,-33_152,21.148912747701008,20.721540451049805,20.95820614353018,22.08618232768069,1983,Fly Point-Halifax Park,1
Dinolestes lewini,-36.25,150.22,2008,3,13,25,15,-36_150,18.575284719467163,22.18789291381836,18.676944720995557,21.922042590315623,NA,NA,0
Dinolestes lewini,-36.25,150.22,2008,3,13,20,1,-36_150,18.575284719467163,22.18789291381836,18.676944720995557,21.922042590315623,NA,NA,0
Dinolestes lewini,-36.24,150.22,2008,3,13,15,7,-36_150,18.575284719467163,22.18789291381836,18.676944720995557,21.922042590315623,NA,NA,0
Dinolestes lewini,-36.24,150.22,2008,3,13,30,7,-36_150,18.575284719467163,22.18789291381836,18.676944720995557,21.922042590315623,NA,NA,0
Dinolestes lewini,-32.74,152.19,2010,9,12,20,20,-33_152,21.71309455235799,18.550230026245117,21.233464664610445,18.28508290714688,NA,NA,0
Dinolestes lewini,-32.74,152.19,2010,9,12,25,60,-33_152,21.71309455235799,18.550230026245117,21.233464664610445,18.28508290714688,NA,NA,0
Dinolestes lewini,-32.74,152.19,2010,9,12,30,20,-33_152,21.71309455235799,18.550230026245117,21.233464664610445,18.28508290714688,NA,NA,0
Dinolestes lewini,-32.74,152.19,2010,9,12,35,6,-33_152,21.71309455235799,18.550230026245117,21.233464664610445,18.28508290714688,NA,NA,0
Dinolestes lewini,-32.74,152.19,2010,9,12,40,10,-33_152,21.71309455235799,18.550230026245117,21.233464664610445,18.28508290714688,NA,NA,0
Dinolestes lewini,-32.74,152.19,2010,9,12,25,6,-33_152,21.71309455235799,18.550230026245117,21.233464664610445,18.28508290714688,NA,NA,0
Dinolestes lewini,-33.84,151.25,2009,3,28,20,4,-34_151,20.488441785176597,23.1658992767334,20.580270093114816,23.29459628751201,NA,NA,0
Dinolestes lewini,-32.71,152.16,2009,10,18,25,12,-33_152,21.148912747701008,20.110031127929688,20.95820614353018,19.533924343765424,1983,Fly Point-Halifax Park,1
Dinolestes lewini,-33.82,151.3,2009,3,30,20,40,-34_151,20.488441785176597,23.1658992767334,20.580270093114816,23.29459628751201,NA,NA,0
Dinolestes lewini,-33.82,151.3,2009,3,30,12.5,1,-34_151,20.488441785176597,23.1658992767334,20.580270093114816,23.29459628751201,NA,NA,0
Dinolestes lewini,-33.82,151.3,2009,3,30,20,2,-34_151,20.488441785176597,23.1658992767334,20.580270093114816,23.29459628751201,NA,NA,0
Dinolestes lewini,-32.71,152.15,2009,5,10,30,22,-33_152,21.148912747701008,20.721540451049805,20.95820614353018,22.08618232768069,1983,Fly Point-Halifax Park,1
Dinolestes lewini,-32.71,152.15,2009,5,10,15,50,-33_152,21.148912747701008,20.721540451049805,20.95820614353018,22.08618232768069,1983,Fly Point-Halifax Park,1
Dinolestes lewini,-32.71,152.15,2009,5,10,20,30,-33_152,21.148912747701008,20.721540451049805,20.95820614353018,22.08618232768069,1983,Fly Point-Halifax Park,1
Dinolestes lewini,-32.71,152.15,2009,6,28,25,1,-33_152,21.148912747701008,19.543521881103516,20.95820614353018,20.194027339087594,1983,Fly Point-Halifax Park,1
Dinolestes lewini,-32.71,152.15,2009,6,28,30,3,-33_152,21.148912747701008,19.543521881103516,20.95820614353018,20.194027339087594,1983,Fly Point-Halifax Park,1
Dinolestes lewini,-35.86,150.19,2010,1,11,10,1,-36_150,19.321057319641113,21.59518814086914,19.782238903587274,21.6029026995423,NA,NA,0
Dinolestes lewini,-35.86,150.19,2010,1,11,12.5,1,-36_150,19.321057319641113,21.59518814086914,19.782238903587274,21.6029026995423,NA,NA,0
Dinolestes lewini,-32.71,152.15,2009,8,15,25,50,-33_152,21.148912747701008,19.017101287841797,20.95820614353018,18.049354435295182,1983,Fly Point-Halifax Park,1
Dinolestes lewini,-32.7,152.23,2009,11,21,15,3,-33_152,21.148912747701008,21.234846115112305,20.95820614353018,21.01616621547275,NA,NA,0
Dinolestes lewini,-32.7,152.23,2009,11,21,20,1,-33_152,21.148912747701008,21.234846115112305,20.95820614353018,21.01616621547275,NA,NA,0
Dinolestes lewini,-32.71,152.15,2009,8,15,10,10,-33_152,21.148912747701008,19.017101287841797,20.95820614353018,18.049354435295182,1983,Fly Point-Halifax Park,1
Dinolestes lewini,-32.71,152.15,2009,8,15,12.5,20,-33_152,21.148912747701008,19.017101287841797,20.95820614353018,18.049354435295182,1983,Fly Point-Halifax Park,1
Dinolestes lewini,-32.79,152.11,2009,6,10,15,2,-33_152,21.148912747701008,19.543521881103516,20.95820614353018,20.194027339087594,NA,NA,0
Dinolestes lewini,-32.79,152.11,2010,1,10,12.5,1,-33_152,21.71309455235799,23.890216827392575,21.233464664610445,23.48766078743883,NA,NA,0
Dinolestes lewini,-32.79,152.11,2010,1,10,15,1,-33_152,21.71309455235799,23.890216827392575,21.233464664610445,23.48766078743883,NA,NA,0
Dinolestes lewini,-32.79,152.11,2010,1,10,20,1,-33_152,21.71309455235799,23.890216827392575,21.233464664610445,23.48766078743883,NA,NA,0
Dinolestes lewini,-32.71,152.15,2010,4,15,25,7,-33_152,21.71309455235799,23.75311279296875,21.233464664610445,23.756860531700983,1983,Fly Point-Halifax Park,1
Dinolestes lewini,-32.71,152.15,2010,4,15,30,2,-33_152,21.71309455235799,23.75311279296875,21.233464664610445,23.756860531700983,1983,Fly Point-Halifax Park,1
Dinolestes lewini,-32.71,152.15,2010,4,15,20,10,-33_152,21.71309455235799,23.75311279296875,21.233464664610445,23.756860531700983,1983,Fly Point-Halifax Park,1
Dinolestes lewini,-33.84,151.25,2009,3,28,25,2,-34_151,20.488441785176597,23.1658992767334,20.580270093114816,23.29459628751201,NA,NA,0
Dinolestes lewini,-33.8,151.27,2009,3,29,12.5,1,-34_151,20.488441785176597,23.1658992767334,20.580270093114816,23.29459628751201,NA,NA,0
Dinolestes lewini,-33.8,151.27,2009,3,29,25,50,-34_151,20.488441785176597,23.1658992767334,20.580270093114816,23.29459628751201,NA,NA,0
Dinolestes lewini,-35.75,150.26,2009,8,17,35,20,-36_150,19.10283835728963,16.38076400756836,19.223893573465638,15.8927953268892,2007,Batemans Marine Park,0
Dinolestes lewini,-35.75,150.26,2009,8,17,35,2,-36_150,19.10283835728963,16.38076400756836,19.223893573465638,15.8927953268892,2007,Batemans Marine Park,0
Dinolestes lewini,-35.77,150.23,2008,12,6,25,2,-36_150,18.575284719467163,18.974714279174805,18.676944720995557,19.5176876847462,NA,NA,0
Dinolestes lewini,-35.77,150.23,2009,4,9,25,1,-36_150,19.10283835728963,20.655902862548828,19.223893573465638,20.71361059612698,NA,NA,0
Dinolestes lewini,-33.8,151.27,2009,3,29,20,2,-34_151,20.488441785176597,23.1658992767334,20.580270093114816,23.29459628751201,NA,NA,0
Dinolestes lewini,-33.8,151.27,2009,3,29,30,1,-34_151,20.488441785176597,23.1658992767334,20.580270093114816,23.29459628751201,NA,NA,0
Dinolestes lewini,-33.8,151.27,2009,3,29,30,20,-34_151,20.488441785176597,23.1658992767334,20.580270093114816,23.29459628751201,NA,NA,0
Dinolestes lewini,-35.75,150.26,2008,12,6,15,10,-36_150,18.575284719467163,18.974714279174805,18.676944720995557,19.5176876847462,2007,Batemans Marine Park,0
Dinolestes lewini,-35.75,150.26,2008,12,6,20,15,-36_150,18.575284719467163,18.974714279174805,18.676944720995557,19.5176876847462,2007,Batemans Marine Park,0
Dinolestes lewini,-35.75,150.26,2008,12,6,25,15,-36_150,18.575284719467163,18.974714279174805,18.676944720995557,19.5176876847462,2007,Batemans Marine Park,0
Dinolestes lewini,-35.75,150.26,2008,12,6,30,10,-36_150,18.575284719467163,18.974714279174805,18.676944720995557,19.5176876847462,2007,Batemans Marine Park,0
Dinolestes lewini,-33.84,151.28,2009,8,2,10,1,-34_151,20.488441785176597,18.304466247558594,20.580270093114816,17.557902828339607,NA,NA,0
Dinolestes lewini,-33.84,151.28,2009,8,2,12.5,1,-34_151,20.488441785176597,18.304466247558594,20.580270093114816,17.557902828339607,NA,NA,0
Dinolestes lewini,-33.84,151.28,2009,8,2,12.5,1,-34_151,20.488441785176597,18.304466247558594,20.580270093114816,17.557902828339607,NA,NA,0
Dinolestes lewini,-33.84,151.28,2009,8,2,10,1,-34_151,20.488441785176597,18.304466247558594,20.580270093114816,17.557902828339607,NA,NA,0
Dinolestes lewini,-33.84,151.28,2009,8,2,10,5,-34_151,20.488441785176597,18.304466247558594,20.580270093114816,17.557902828339607,NA,NA,0
Dinolestes lewini,-33.84,151.28,2009,8,2,12.5,1,-34_151,20.488441785176597,18.304466247558594,20.580270093114816,17.557902828339607,NA,NA,0
Dinolestes lewini,-33.84,151.28,2009,8,2,15,3,-34_151,20.488441785176597,18.304466247558594,20.580270093114816,17.557902828339607,NA,NA,0
Dinolestes lewini,-33.84,151.28,2009,8,2,12.5,13,-34_151,20.488441785176597,18.304466247558594,20.580270093114816,17.557902828339607,NA,NA,0
Dinolestes lewini,-33.84,151.28,2009,8,2,15,3,-34_151,20.488441785176597,18.304466247558594,20.580270093114816,17.557902828339607,NA,NA,0
Dinolestes lewini,-33.84,151.28,2009,8,2,12.5,7,-34_151,20.488441785176597,18.304466247558594,20.580270093114816,17.557902828339607,NA,NA,0
Dinolestes lewini,-35.08,150.78,2010,3,26,20,2,-35_151,20.288724263509113,22.983264923095703,20.43436043554655,23.292150046235772,NA,NA,0
Dinolestes lewini,-35.08,150.78,2010,3,26,15,1,-35_151,20.288724263509113,22.983264923095703,20.43436043554655,23.292150046235772,NA,NA,0
Dinolestes lewini,-35.08,150.78,2010,3,26,15,1,-35_151,20.288724263509113,22.983264923095703,20.43436043554655,23.292150046235772,NA,NA,0
Dinolestes lewini,-35.08,150.78,2010,3,26,20,1,-35_151,20.288724263509113,22.983264923095703,20.43436043554655,23.292150046235772,NA,NA,0
Dinolestes lewini,-35.02,150.76,2010,3,29,25,1,-35_151,20.288724263509113,22.983264923095703,20.43436043554655,23.292150046235772,2002,Jervis Bay Marine Park,0
Dinolestes lewini,-35.02,150.76,2010,3,29,20,1,-35_151,20.288724263509113,22.983264923095703,20.43436043554655,23.292150046235772,2002,Jervis Bay Marine Park,0
Dinolestes lewini,-35.02,150.76,2010,3,29,25,2,-35_151,20.288724263509113,22.983264923095703,20.43436043554655,23.292150046235772,2002,Jervis Bay Marine Park,0
Dinolestes lewini,-35.09,150.69,2010,3,26,30,20,-35_151,20.288724263509113,22.983264923095703,20.43436043554655,23.292150046235772,2002,Jervis Bay Marine Park,0
Dinolestes lewini,-35.09,150.69,2010,3,26,30,2,-35_151,20.288724263509113,22.983264923095703,20.43436043554655,23.292150046235772,2002,Jervis Bay Marine Park,0
Dinolestes lewini,-35.09,150.69,2010,3,26,30,1,-35_151,20.288724263509113,22.983264923095703,20.43436043554655,23.292150046235772,2002,Jervis Bay Marine Park,0
Dinolestes lewini,-35.09,150.69,2010,3,26,30,3,-35_151,20.288724263509113,22.983264923095703,20.43436043554655,23.292150046235772,2002,Jervis Bay Marine Park,0
Dinolestes lewini,-35.09,150.69,2010,3,26,35,2,-35_151,20.288724263509113,22.983264923095703,20.43436043554655,23.292150046235772,2002,Jervis Bay Marine Park,0
Dinolestes lewini,-35.08,150.78,2010,3,26,20,1,-35_151,20.288724263509113,22.983264923095703,20.43436043554655,23.292150046235772,NA,NA,0
Dinolestes lewini,-35.08,150.78,2010,3,26,25,1,-35_151,20.288724263509113,22.983264923095703,20.43436043554655,23.292150046235772,NA,NA,0
Dinolestes lewini,-35.08,150.78,2010,3,26,15,1,-35_151,20.288724263509113,22.983264923095703,20.43436043554655,23.292150046235772,NA,NA,0
Dinolestes lewini,-35.12,150.75,2010,3,27,12.5,1,-35_151,20.288724263509113,22.983264923095703,20.43436043554655,23.292150046235772,NA,NA,0
Dinolestes lewini,-35.12,150.75,2010,3,27,25,20,-35_151,20.288724263509113,22.983264923095703,20.43436043554655,23.292150046235772,NA,NA,0
Dinolestes lewini,-35.12,150.75,2010,3,27,30,10,-35_151,20.288724263509113,22.983264923095703,20.43436043554655,23.292150046235772,NA,NA,0
Dinolestes lewini,-35.12,150.75,2010,3,27,25,1,-35_151,20.288724263509113,22.983264923095703,20.43436043554655,23.292150046235772,NA,NA,0
Dinolestes lewini,-35.12,150.75,2010,3,27,20,1,-35_151,20.288724263509113,22.983264923095703,20.43436043554655,23.292150046235772,NA,NA,0
Dinolestes lewini,-35.12,150.75,2010,3,27,25,2,-35_151,20.288724263509113,22.983264923095703,20.43436043554655,23.292150046235772,NA,NA,0
Dinolestes lewini,-35.12,150.75,2010,3,27,30,2,-35_151,20.288724263509113,22.983264923095703,20.43436043554655,23.292150046235772,NA,NA,0
Dinolestes lewini,-35.12,150.75,2010,3,27,30,5,-35_151,20.288724263509113,22.983264923095703,20.43436043554655,23.292150046235772,NA,NA,0
Dinolestes lewini,-35.12,150.75,2010,3,27,15,2,-35_151,20.288724263509113,22.983264923095703,20.43436043554655,23.292150046235772,NA,NA,0
Dinolestes lewini,-35.13,150.73,2010,3,27,12.5,2,-35_151,20.288724263509113,22.983264923095703,20.43436043554655,23.292150046235772,NA,NA,0
Dinolestes lewini,-35.07,150.77,2010,3,28,25,1,-35_151,20.288724263509113,22.983264923095703,20.43436043554655,23.292150046235772,2002,Jervis Bay Marine Park,0
Dinolestes lewini,-35.13,150.73,2010,3,27,15,1,-35_151,20.288724263509113,22.983264923095703,20.43436043554655,23.292150046235772,NA,NA,0
Dinolestes lewini,-35.13,150.73,2010,3,27,25,2,-35_151,20.288724263509113,22.983264923095703,20.43436043554655,23.292150046235772,NA,NA,0
Dinolestes lewini,-35.07,150.77,2010,3,28,20,1,-35_151,20.288724263509113,22.983264923095703,20.43436043554655,23.292150046235772,2002,Jervis Bay Marine Park,0
Dinolestes lewini,-35.07,150.77,2010,3,28,25,2,-35_151,20.288724263509113,22.983264923095703,20.43436043554655,23.292150046235772,2002,Jervis Bay Marine Park,0
Dinolestes lewini,-35.13,150.73,2010,3,27,12.5,3,-35_151,20.288724263509113,22.983264923095703,20.43436043554655,23.292150046235772,NA,NA,0
Dinolestes lewini,-35.13,150.73,2010,3,27,20,1,-35_151,20.288724263509113,22.983264923095703,20.43436043554655,23.292150046235772,NA,NA,0
Dinolestes lewini,-35.07,150.77,2010,3,28,20,1,-35_151,20.288724263509113,22.983264923095703,20.43436043554655,23.292150046235772,2002,Jervis Bay Marine Park,0
Dinolestes lewini,-35.07,150.77,2010,3,28,25,30,-35_151,20.288724263509113,22.983264923095703,20.43436043554655,23.292150046235772,2002,Jervis Bay Marine Park,0
Dinolestes lewini,-35.07,150.77,2010,3,28,30,20,-35_151,20.288724263509113,22.983264923095703,20.43436043554655,23.292150046235772,2002,Jervis Bay Marine Park,0
Dinolestes lewini,-35.13,150.73,2010,3,27,7.5,5,-35_151,20.288724263509113,22.983264923095703,20.43436043554655,23.292150046235772,NA,NA,0
Dinolestes lewini,-35.13,150.73,2010,3,27,10,5,-35_151,20.288724263509113,22.983264923095703,20.43436043554655,23.292150046235772,NA,NA,0
Dinolestes lewini,-35.13,150.73,2010,3,27,12.5,1,-35_151,20.288724263509113,22.983264923095703,20.43436043554655,23.292150046235772,NA,NA,0
Dinolestes lewini,-35.03,150.78,2010,3,29,30,6,-35_151,20.288724263509113,22.983264923095703,20.43436043554655,23.292150046235772,2002,Jervis Bay Marine Park,0
Dinolestes lewini,-35.03,150.78,2010,3,29,25,10,-35_151,20.288724263509113,22.983264923095703,20.43436043554655,23.292150046235772,2002,Jervis Bay Marine Park,0
Dinolestes lewini,-35.03,150.78,2010,3,29,30,10,-35_151,20.288724263509113,22.983264923095703,20.43436043554655,23.292150046235772,2002,Jervis Bay Marine Park,0
Dinolestes lewini,-35.03,150.78,2010,3,29,20,1,-35_151,20.288724263509113,22.983264923095703,20.43436043554655,23.292150046235772,2002,Jervis Bay Marine Park,0
Dinolestes lewini,-35.03,150.78,2010,3,29,30,15,-35_151,20.288724263509113,22.983264923095703,20.43436043554655,23.292150046235772,2002,Jervis Bay Marine Park,0
Dinolestes lewini,-35.03,150.78,2010,3,29,35,15,-35_151,20.288724263509113,22.983264923095703,20.43436043554655,23.292150046235772,2002,Jervis Bay Marine Park,0
Dinolestes lewini,-35.02,150.76,2010,3,29,20,6,-35_151,20.288724263509113,22.983264923095703,20.43436043554655,23.292150046235772,2002,Jervis Bay Marine Park,0
Dinolestes lewini,-35.02,150.76,2010,3,29,25,30,-35_151,20.288724263509113,22.983264923095703,20.43436043554655,23.292150046235772,2002,Jervis Bay Marine Park,0
Dinolestes lewini,-35.02,150.76,2010,3,29,30,4,-35_151,20.288724263509113,22.983264923095703,20.43436043554655,23.292150046235772,2002,Jervis Bay Marine Park,0
Dinolestes lewini,-35.11,150.77,2009,3,16,30,1,-35_151,19.915931542714436,22.845439910888672,20.050225972343902,22.214193036479333,2002,Booderee National Park,0
Dinolestes lewini,-35.08,150.8,2010,3,28,25,1,-35_151,20.288724263509113,22.983264923095703,20.43436043554655,23.292150046235772,2002,Jervis Bay Marine Park,0
Dinolestes lewini,-35.08,150.8,2010,3,28,30,1,-35_151,20.288724263509113,22.983264923095703,20.43436043554655,23.292150046235772,2002,Jervis Bay Marine Park,0
Dinolestes lewini,-35.08,150.8,2010,3,28,35,1,-35_151,20.288724263509113,22.983264923095703,20.43436043554655,23.292150046235772,2002,Jervis Bay Marine Park,0
Dinolestes lewini,-35.08,150.8,2010,3,28,30,2,-35_151,20.288724263509113,22.983264923095703,20.43436043554655,23.292150046235772,2002,Jervis Bay Marine Park,0
Dinolestes lewini,-35.08,150.8,2010,3,28,30,1,-35_151,20.288724263509113,22.983264923095703,20.43436043554655,23.292150046235772,2002,Jervis Bay Marine Park,0
Dinolestes lewini,-35.08,150.8,2010,3,28,25,3,-35_151,20.288724263509113,22.983264923095703,20.43436043554655,23.292150046235772,2002,Jervis Bay Marine Park,0
Dinolestes lewini,-35.08,150.8,2010,3,28,30,1,-35_151,20.288724263509113,22.983264923095703,20.43436043554655,23.292150046235772,2002,Jervis Bay Marine Park,0
Dinolestes lewini,-35.08,150.8,2010,3,28,30,1,-35_151,20.288724263509113,22.983264923095703,20.43436043554655,23.292150046235772,2002,Jervis Bay Marine Park,0
Dinolestes lewini,-35.08,150.8,2010,3,28,30,4,-35_151,20.288724263509113,22.983264923095703,20.43436043554655,23.292150046235772,2002,Jervis Bay Marine Park,0
Dinolestes lewini,-35.08,150.8,2010,3,28,35,12,-35_151,20.288724263509113,22.983264923095703,20.43436043554655,23.292150046235772,2002,Jervis Bay Marine Park,0
Dinolestes lewini,-35.08,150.8,2010,3,28,12.5,1,-35_151,20.288724263509113,22.983264923095703,20.43436043554655,23.292150046235772,2002,Jervis Bay Marine Park,0
Dinolestes lewini,-35.08,150.8,2010,3,28,15,1,-35_151,20.288724263509113,22.983264923095703,20.43436043554655,23.292150046235772,2002,Jervis Bay Marine Park,0
Dinolestes lewini,-35.03,150.78,2010,3,29,30,2,-35_151,20.288724263509113,22.983264923095703,20.43436043554655,23.292150046235772,2002,Jervis Bay Marine Park,0
Dinolestes lewini,-35.03,150.78,2010,3,29,35,1,-35_151,20.288724263509113,22.983264923095703,20.43436043554655,23.292150046235772,2002,Jervis Bay Marine Park,0
Dinolestes lewini,-35.03,150.78,2010,3,29,25,1,-35_151,20.288724263509113,22.983264923095703,20.43436043554655,23.292150046235772,2002,Jervis Bay Marine Park,0
Dinolestes lewini,-35.03,150.78,2010,3,29,30,1,-35_151,20.288724263509113,22.983264923095703,20.43436043554655,23.292150046235772,2002,Jervis Bay Marine Park,0
Dinolestes lewini,-35.02,150.76,2010,3,29,15,7,-35_151,20.288724263509113,22.983264923095703,20.43436043554655,23.292150046235772,2002,Jervis Bay Marine Park,0
Dinolestes lewini,-35.02,150.76,2010,3,29,15,10,-35_151,20.288724263509113,22.983264923095703,20.43436043554655,23.292150046235772,2002,Jervis Bay Marine Park,0
Dinolestes lewini,-35.02,150.76,2010,3,29,20,10,-35_151,20.288724263509113,22.983264923095703,20.43436043554655,23.292150046235772,2002,Jervis Bay Marine Park,0
Dinolestes lewini,-35.11,150.77,2009,3,16,30,1,-35_151,19.915931542714436,22.845439910888672,20.050225972343902,22.214193036479333,2002,Booderee National Park,0
Dinolestes lewini,-35.07,150.7,2010,3,26,20,14,-35_151,20.288724263509113,22.983264923095703,20.43436043554655,23.292150046235772,NA,NA,0
Dinolestes lewini,-35.07,150.7,2010,3,26,15,1,-35_151,20.288724263509113,22.983264923095703,20.43436043554655,23.292150046235772,NA,NA,0
Dinolestes lewini,-35.07,150.7,2010,3,26,20,5,-35_151,20.288724263509113,22.983264923095703,20.43436043554655,23.292150046235772,NA,NA,0
Dinolestes lewini,-35.08,150.79,2010,3,28,20,1,-35_151,20.288724263509113,22.983264923095703,20.43436043554655,23.292150046235772,2002,Jervis Bay Marine Park,0
Dinolestes lewini,-35.11,150.77,2010,3,27,12.5,1,-35_151,20.288724263509113,22.983264923095703,20.43436043554655,23.292150046235772,2002,Booderee National Park,0
Dinolestes lewini,-35.11,150.77,2010,3,27,25,1,-35_151,20.288724263509113,22.983264923095703,20.43436043554655,23.292150046235772,2002,Booderee National Park,0
Dinolestes lewini,-35.11,150.77,2010,3,27,25,1,-35_151,20.288724263509113,22.983264923095703,20.43436043554655,23.292150046235772,2002,Booderee National Park,0
Dinolestes lewini,-35.09,150.8,2010,3,29,30,1,-35_151,20.288724263509113,22.983264923095703,20.43436043554655,23.292150046235772,NA,NA,0
Dinolestes lewini,-35.09,150.8,2010,3,29,35,5,-35_151,20.288724263509113,22.983264923095703,20.43436043554655,23.292150046235772,NA,NA,0
Dinolestes lewini,-35.09,150.8,2010,3,29,25,1,-35_151,20.288724263509113,22.983264923095703,20.43436043554655,23.292150046235772,NA,NA,0
Dinolestes lewini,-35.09,150.8,2010,3,29,35,11,-35_151,20.288724263509113,22.983264923095703,20.43436043554655,23.292150046235772,NA,NA,0
Dinolestes lewini,-35.09,150.8,2010,3,29,20,1,-35_151,20.288724263509113,22.983264923095703,20.43436043554655,23.292150046235772,NA,NA,0
Dinolestes lewini,-35.09,150.8,2010,3,29,15,3,-35_151,20.288724263509113,22.983264923095703,20.43436043554655,23.292150046235772,NA,NA,0
Dinolestes lewini,-35.09,150.8,2010,3,29,30,1,-35_151,20.288724263509113,22.983264923095703,20.43436043554655,23.292150046235772,NA,NA,0
Dinolestes lewini,-35.09,150.8,2010,3,29,35,5,-35_151,20.288724263509113,22.983264923095703,20.43436043554655,23.292150046235772,NA,NA,0
Dinolestes lewini,-35.09,150.8,2010,3,29,40,1,-35_151,20.288724263509113,22.983264923095703,20.43436043554655,23.292150046235772,NA,NA,0
Dinolestes lewini,-35.09,150.8,2010,3,29,20,1,-35_151,20.288724263509113,22.983264923095703,20.43436043554655,23.292150046235772,NA,NA,0
Dinolestes lewini,-35.12,150.71,2010,3,27,20,1,-35_151,20.288724263509113,22.983264923095703,20.43436043554655,23.292150046235772,NA,NA,0
Dinolestes lewini,-35.12,150.71,2010,3,27,25,6,-35_151,20.288724263509113,22.983264923095703,20.43436043554655,23.292150046235772,NA,NA,0
Dinolestes lewini,-35.12,150.71,2010,3,27,30,1,-35_151,20.288724263509113,22.983264923095703,20.43436043554655,23.292150046235772,NA,NA,0
Dinolestes lewini,-35.12,150.71,2010,3,27,35,2,-35_151,20.288724263509113,22.983264923095703,20.43436043554655,23.292150046235772,NA,NA,0
Dinolestes lewini,-35.09,150.8,2010,3,29,10,2,-35_151,20.288724263509113,22.983264923095703,20.43436043554655,23.292150046235772,NA,NA,0
Dinolestes lewini,-35.09,150.8,2010,3,29,12.5,1,-35_151,20.288724263509113,22.983264923095703,20.43436043554655,23.292150046235772,NA,NA,0
Dinolestes lewini,-35.09,150.8,2010,3,29,10,3,-35_151,20.288724263509113,22.983264923095703,20.43436043554655,23.292150046235772,NA,NA,0
Dinolestes lewini,-35.09,150.8,2010,3,29,7.5,1,-35_151,20.288724263509113,22.983264923095703,20.43436043554655,23.292150046235772,NA,NA,0
Dinolestes lewini,-35.09,150.8,2010,3,29,10,1,-35_151,20.288724263509113,22.983264923095703,20.43436043554655,23.292150046235772,NA,NA,0
Dinolestes lewini,-35.09,150.8,2010,3,29,12.5,2,-35_151,20.288724263509113,22.983264923095703,20.43436043554655,23.292150046235772,NA,NA,0
Dinolestes lewini,-35.09,150.8,2010,3,29,15,1,-35_151,20.288724263509113,22.983264923095703,20.43436043554655,23.292150046235772,NA,NA,0
Dinolestes lewini,-35.09,150.8,2010,3,29,30,2,-35_151,20.288724263509113,22.983264923095703,20.43436043554655,23.292150046235772,NA,NA,0
Dinolestes lewini,-35.09,150.8,2010,3,29,35,2,-35_151,20.288724263509113,22.983264923095703,20.43436043554655,23.292150046235772,NA,NA,0
Dinolestes lewini,-35.09,150.8,2010,3,29,15,1,-35_151,20.288724263509113,22.983264923095703,20.43436043554655,23.292150046235772,NA,NA,0
Dinolestes lewini,-35.09,150.8,2010,3,29,25,1,-35_151,20.288724263509113,22.983264923095703,20.43436043554655,23.292150046235772,NA,NA,0
Dinolestes lewini,-35.12,150.71,2010,3,27,30,20,-35_151,20.288724263509113,22.983264923095703,20.43436043554655,23.292150046235772,NA,NA,0
Dinolestes lewini,-35.09,150.8,2010,3,29,20,1,-35_151,20.288724263509113,22.983264923095703,20.43436043554655,23.292150046235772,NA,NA,0
Dinolestes lewini,-35.09,150.8,2010,3,29,35,1,-35_151,20.288724263509113,22.983264923095703,20.43436043554655,23.292150046235772,NA,NA,0
Dinolestes lewini,-35.08,150.78,2010,3,26,12.5,1,-35_151,20.288724263509113,22.983264923095703,20.43436043554655,23.292150046235772,NA,NA,0
Dinolestes lewini,-35.08,150.78,2010,3,26,25,1,-35_151,20.288724263509113,22.983264923095703,20.43436043554655,23.292150046235772,NA,NA,0
Dinolestes lewini,-35.08,150.78,2010,3,26,30,1,-35_151,20.288724263509113,22.983264923095703,20.43436043554655,23.292150046235772,NA,NA,0
Dinolestes lewini,-35.07,150.77,2010,3,28,10,1,-35_151,20.288724263509113,22.983264923095703,20.43436043554655,23.292150046235772,2002,Jervis Bay Marine Park,0
Dinolestes lewini,-35.07,150.77,2010,3,28,15,1,-35_151,20.288724263509113,22.983264923095703,20.43436043554655,23.292150046235772,2002,Jervis Bay Marine Park,0
Dinolestes lewini,-35.07,150.77,2010,3,28,10,1,-35_151,20.288724263509113,22.983264923095703,20.43436043554655,23.292150046235772,2002,Jervis Bay Marine Park,0
Dinolestes lewini,-35.07,150.77,2010,3,28,12.5,2,-35_151,20.288724263509113,22.983264923095703,20.43436043554655,23.292150046235772,2002,Jervis Bay Marine Park,0
Dinolestes lewini,-35.11,150.77,2010,3,27,12.5,1,-35_151,20.288724263509113,22.983264923095703,20.43436043554655,23.292150046235772,2002,Booderee National Park,0
Dinolestes lewini,-35.12,150.76,2010,3,27,15,4,-35_151,20.288724263509113,22.983264923095703,20.43436043554655,23.292150046235772,2002,Booderee National Park,0
Dinolestes lewini,-35.12,150.76,2010,3,27,20,1,-35_151,20.288724263509113,22.983264923095703,20.43436043554655,23.292150046235772,2002,Booderee National Park,0
Dinolestes lewini,-35.12,150.76,2010,3,27,25,7,-35_151,20.288724263509113,22.983264923095703,20.43436043554655,23.292150046235772,2002,Booderee National Park,0
Dinolestes lewini,-35.07,150.77,2010,3,28,15,2,-35_151,20.288724263509113,22.983264923095703,20.43436043554655,23.292150046235772,2002,Jervis Bay Marine Park,0
Dinolestes lewini,-35.06,150.77,2010,3,28,12.5,1,-35_151,20.288724263509113,22.983264923095703,20.43436043554655,23.292150046235772,2002,Jervis Bay Marine Park,0
Dinolestes lewini,-35.08,150.79,2010,3,28,35,4,-35_151,20.288724263509113,22.983264923095703,20.43436043554655,23.292150046235772,2002,Jervis Bay Marine Park,0
Dinolestes lewini,-35.08,150.79,2010,3,28,35,3,-35_151,20.288724263509113,22.983264923095703,20.43436043554655,23.292150046235772,2002,Jervis Bay Marine Park,0
Dinolestes lewini,-35.06,150.77,2010,3,28,10,2,-35_151,20.288724263509113,22.983264923095703,20.43436043554655,23.292150046235772,2002,Jervis Bay Marine Park,0
Dinolestes lewini,-35.07,150.7,2010,3,26,35,1,-35_151,20.288724263509113,22.983264923095703,20.43436043554655,23.292150046235772,NA,NA,0
Dinolestes lewini,-35.08,150.8,2008,6,8,12.5,1,-35_151,19.43103837966919,18.623075485229492,19.40620510758396,18.877443970574273,2002,Jervis Bay Marine Park,0
Dinolestes lewini,-35.09,150.69,2008,5,2,7.5,1,-35_151,19.43103837966919,19.03557014465332,19.40620510758396,18.734945789460212,2002,Jervis Bay Marine Park,0
Dinolestes lewini,-35.09,150.69,2008,5,2,15,2,-35_151,19.43103837966919,19.03557014465332,19.40620510758396,18.734945789460212,2002,Jervis Bay Marine Park,0
Dinolestes lewini,-32.71,152.16,2009,5,9,20,30,-33_152,21.148912747701008,20.721540451049805,20.95820614353018,22.08618232768069,1983,Fly Point-Halifax Park,1
Dinolestes lewini,-35.09,150.69,2010,3,26,25,3,-35_151,20.288724263509113,22.983264923095703,20.43436043554655,23.292150046235772,2002,Jervis Bay Marine Park,0
Dinolestes lewini,-35.09,150.69,2010,3,26,15,2,-35_151,20.288724263509113,22.983264923095703,20.43436043554655,23.292150046235772,2002,Jervis Bay Marine Park,0
Dinolestes lewini,-35.09,150.69,2010,3,26,20,5,-35_151,20.288724263509113,22.983264923095703,20.43436043554655,23.292150046235772,2002,Jervis Bay Marine Park,0
Dinolestes lewini,-35.09,150.69,2010,3,26,25,1,-35_151,20.288724263509113,22.983264923095703,20.43436043554655,23.292150046235772,2002,Jervis Bay Marine Park,0
Dinolestes lewini,-33.99,151.23,2009,12,10,12.5,2,-34_151,20.488441785176597,21.631641387939453,20.580270093114816,21.47491884231567,NA,NA,0
Dinolestes lewini,-35.07,150.7,2010,3,26,20,1,-35_151,20.288724263509113,22.983264923095703,20.43436043554655,23.292150046235772,NA,NA,0
Dinolestes lewini,-35.12,150.71,2010,3,27,40,50,-35_151,20.288724263509113,22.983264923095703,20.43436043554655,23.292150046235772,NA,NA,0
Dinolestes lewini,-35.12,150.71,2010,3,27,15,1,-35_151,20.288724263509113,22.983264923095703,20.43436043554655,23.292150046235772,NA,NA,0
Dinolestes lewini,-35.12,150.71,2010,3,27,25,4,-35_151,20.288724263509113,22.983264923095703,20.43436043554655,23.292150046235772,NA,NA,0
Dinolestes lewini,-35.12,150.71,2010,3,27,10,1,-35_151,20.288724263509113,22.983264923095703,20.43436043554655,23.292150046235772,NA,NA,0
Dinolestes lewini,-35.12,150.71,2010,3,27,12.5,3,-35_151,20.288724263509113,22.983264923095703,20.43436043554655,23.292150046235772,NA,NA,0
Dinolestes lewini,-35.12,150.71,2010,3,27,12.5,1,-35_151,20.288724263509113,22.983264923095703,20.43436043554655,23.292150046235772,NA,NA,0
Dinolestes lewini,-35.12,150.71,2010,3,27,15,2,-35_151,20.288724263509113,22.983264923095703,20.43436043554655,23.292150046235772,NA,NA,0
Dinolestes lewini,-35.12,150.71,2010,3,27,10,1,-35_151,20.288724263509113,22.983264923095703,20.43436043554655,23.292150046235772,NA,NA,0
Dinolestes lewini,-35.12,150.71,2010,3,27,12.5,2,-35_151,20.288724263509113,22.983264923095703,20.43436043554655,23.292150046235772,NA,NA,0
Dinolestes lewini,-35.12,150.71,2010,3,27,15,2,-35_151,20.288724263509113,22.983264923095703,20.43436043554655,23.292150046235772,NA,NA,0
Dinolestes lewini,-35.12,150.71,2010,3,27,15,15,-35_151,20.288724263509113,22.983264923095703,20.43436043554655,23.292150046235772,NA,NA,0
Dinolestes lewini,-35.12,150.71,2010,3,27,20,10,-35_151,20.288724263509113,22.983264923095703,20.43436043554655,23.292150046235772,NA,NA,0
Dinolestes lewini,-35.12,150.71,2010,3,27,25,5,-35_151,20.288724263509113,22.983264923095703,20.43436043554655,23.292150046235772,NA,NA,0
Dinolestes lewini,-35.12,150.76,2010,3,27,25,5,-35_151,20.288724263509113,22.983264923095703,20.43436043554655,23.292150046235772,2002,Booderee National Park,0
Dinolestes lewini,-35.12,150.76,2010,3,27,25,2,-35_151,20.288724263509113,22.983264923095703,20.43436043554655,23.292150046235772,2002,Booderee National Park,0
Dinolestes lewini,-35.12,150.76,2010,3,27,30,5,-35_151,20.288724263509113,22.983264923095703,20.43436043554655,23.292150046235772,2002,Booderee National Park,0
Dinolestes lewini,-35.12,150.75,2010,3,27,20,1,-35_151,20.288724263509113,22.983264923095703,20.43436043554655,23.292150046235772,NA,NA,0
Dinolestes lewini,-35.12,150.75,2010,3,27,25,2,-35_151,20.288724263509113,22.983264923095703,20.43436043554655,23.292150046235772,NA,NA,0
Dinolestes lewini,-35.11,150.77,2008,3,5,30,20,-35_151,19.43103837966919,22.917625427246097,19.40620510758396,22.040429658787225,NA,NA,0
Dinolestes lewini,-35.11,150.77,2010,3,27,30,1,-35_151,20.288724263509113,22.983264923095703,20.43436043554655,23.292150046235772,NA,NA,0
Dinolestes lewini,-35.11,150.77,2010,3,27,12.5,1,-35_151,20.288724263509113,22.983264923095703,20.43436043554655,23.292150046235772,NA,NA,0
Dinolestes lewini,-35.11,150.77,2010,3,27,20,1,-35_151,20.288724263509113,22.983264923095703,20.43436043554655,23.292150046235772,NA,NA,0
Dinolestes lewini,-35.09,150.69,2008,5,2,12.5,6,-35_151,19.43103837966919,19.03557014465332,19.40620510758396,18.734945789460212,2002,Jervis Bay Marine Park,0
Dinolestes lewini,-35.07,150.7,2008,3,12,30,1,-35_151,19.43103837966919,22.917625427246097,19.40620510758396,22.040429658787225,NA,NA,0
Dinolestes lewini,-35.11,150.77,2008,2,18,7.5,1,-35_151,19.43103837966919,22.321590423583984,19.40620510758396,22.67701089793238,NA,NA,0
Dinolestes lewini,-35.11,150.77,2008,2,18,10,3,-35_151,19.43103837966919,22.321590423583984,19.40620510758396,22.67701089793238,NA,NA,0
Dinolestes lewini,-35.11,150.77,2008,2,18,25,2,-35_151,19.43103837966919,22.321590423583984,19.40620510758396,22.67701089793238,NA,NA,0
Dinolestes lewini,-35.13,150.77,2008,5,14,35,21,-35_151,19.43103837966919,19.03557014465332,19.40620510758396,18.734945789460212,NA,NA,0
Dinolestes lewini,-35.11,150.77,2008,2,18,25,10,-35_151,19.43103837966919,22.321590423583984,19.40620510758396,22.67701089793238,NA,NA,0
Dinolestes lewini,-35.11,150.77,2008,2,18,30,10,-35_151,19.43103837966919,22.321590423583984,19.40620510758396,22.67701089793238,NA,NA,0
Dinolestes lewini,-35.13,150.77,2009,3,15,30,1,-35_151,19.915931542714436,22.845439910888672,20.050225972343902,22.214193036479333,NA,NA,0
Dinolestes lewini,-35.07,150.69,2008,5,18,30,2,-35_151,19.43103837966919,19.03557014465332,19.40620510758396,18.734945789460212,NA,NA,0
Dinolestes lewini,-35.07,150.69,2008,5,18,15,3,-35_151,19.43103837966919,19.03557014465332,19.40620510758396,18.734945789460212,NA,NA,0
Dinolestes lewini,-35.07,150.69,2008,5,18,20,4,-35_151,19.43103837966919,19.03557014465332,19.40620510758396,18.734945789460212,NA,NA,0
Dinolestes lewini,-35.07,150.69,2008,10,11,20,7,-35_151,19.43103837966919,18.45347785949707,19.40620510758396,18.29215016929052,NA,NA,0
Dinolestes lewini,-35.07,150.69,2008,10,11,30,1,-35_151,19.43103837966919,18.45347785949707,19.40620510758396,18.29215016929052,NA,NA,0
Dinolestes lewini,-35.07,150.69,2008,10,11,35,1,-35_151,19.43103837966919,18.45347785949707,19.40620510758396,18.29215016929052,NA,NA,0
Dinolestes lewini,-35.07,150.69,2009,9,14,30,1,-35_151,19.915931542714436,17.93470573425293,20.050225972343902,16.7156662940979,NA,NA,0
Dinolestes lewini,-35.07,150.69,2009,9,14,30,3,-35_151,19.915931542714436,17.93470573425293,20.050225972343902,16.7156662940979,NA,NA,0
Dinolestes lewini,-35.05,150.84,2008,5,8,12.5,2,-35_151,19.43103837966919,19.03557014465332,19.40620510758396,18.734945789460212,NA,NA,0
Dinolestes lewini,-35.05,150.84,2008,5,8,15,2,-35_151,19.43103837966919,19.03557014465332,19.40620510758396,18.734945789460212,NA,NA,0
Dinolestes lewini,-35.05,150.84,2008,5,8,20,1,-35_151,19.43103837966919,19.03557014465332,19.40620510758396,18.734945789460212,NA,NA,0
Dinolestes lewini,-35.05,150.84,2008,5,8,25,1,-35_151,19.43103837966919,19.03557014465332,19.40620510758396,18.734945789460212,NA,NA,0
Dinolestes lewini,-35.05,150.84,2008,5,8,15,3,-35_151,19.43103837966919,19.03557014465332,19.40620510758396,18.734945789460212,NA,NA,0
Dinolestes lewini,-35.07,150.68,2008,2,25,20,12,-35_151,19.43103837966919,22.321590423583984,19.40620510758396,22.67701089793238,NA,NA,0
Dinolestes lewini,-35.07,150.68,2008,2,25,20,2,-35_151,19.43103837966919,22.321590423583984,19.40620510758396,22.67701089793238,NA,NA,0
Dinolestes lewini,-33.82,151.27,2009,12,11,40,1,-34_151,20.488441785176597,21.631641387939453,20.580270093114816,21.47491884231567,NA,NA,0
Dinolestes lewini,-33.82,151.27,2009,12,11,35,20,-34_151,20.488441785176597,21.631641387939453,20.580270093114816,21.47491884231567,NA,NA,0
Dinolestes lewini,-33.84,151.26,2010,2,24,10,1,-34_151,20.932119687398277,24.227298736572266,20.773523899719034,24.04741014753069,NA,NA,0
Dinolestes lewini,-33.84,151.26,2010,2,24,12.5,1,-34_151,20.932119687398277,24.227298736572266,20.773523899719034,24.04741014753069,NA,NA,0
Dinolestes lewini,-33.84,151.26,2010,2,24,12.5,7,-34_151,20.932119687398277,24.227298736572266,20.773523899719034,24.04741014753069,NA,NA,0
Dinolestes lewini,-33.84,151.26,2010,2,24,15,3,-34_151,20.932119687398277,24.227298736572266,20.773523899719034,24.04741014753069,NA,NA,0
Dinolestes lewini,-33.82,151.25,2010,2,24,12.5,3,-34_151,20.932119687398277,24.227298736572266,20.773523899719034,24.04741014753069,NA,NA,0
Dinolestes lewini,-33.82,151.25,2010,2,24,15,1,-34_151,20.932119687398277,24.227298736572266,20.773523899719034,24.04741014753069,NA,NA,0
Dinolestes lewini,-33.82,151.25,2010,2,24,10,1,-34_151,20.932119687398277,24.227298736572266,20.773523899719034,24.04741014753069,NA,NA,0
Dinolestes lewini,-33.86,151.22,2010,2,21,30,1,-34_151,20.932119687398277,24.227298736572266,20.773523899719034,24.04741014753069,NA,NA,0
Dinolestes lewini,-33.85,151.25,2010,2,21,30,1,-34_151,20.932119687398277,24.227298736572266,20.773523899719034,24.04741014753069,NA,NA,0
Dinolestes lewini,-33.82,151.27,2009,12,11,30,13,-34_151,20.488441785176597,21.631641387939453,20.580270093114816,21.47491884231567,NA,NA,0
Dinolestes lewini,-33.82,151.27,2009,12,11,35,12,-34_151,20.488441785176597,21.631641387939453,20.580270093114816,21.47491884231567,NA,NA,0
Dinolestes lewini,-33.82,151.27,2009,12,11,15,10,-34_151,20.488441785176597,21.631641387939453,20.580270093114816,21.47491884231567,NA,NA,0
Dinolestes lewini,-33.82,151.27,2009,12,11,20,20,-34_151,20.488441785176597,21.631641387939453,20.580270093114816,21.47491884231567,NA,NA,0
Dinolestes lewini,-35.08,150.79,2008,2,20,2.5,24,-35_151,19.43103837966919,22.321590423583984,19.40620510758396,22.67701089793238,NA,NA,0
Dinolestes lewini,-35.08,150.79,2008,2,20,5,30,-35_151,19.43103837966919,22.321590423583984,19.40620510758396,22.67701089793238,NA,NA,0
Dinolestes lewini,-35.08,150.79,2008,2,20,7.5,35,-35_151,19.43103837966919,22.321590423583984,19.40620510758396,22.67701089793238,NA,NA,0
Dinolestes lewini,-35.08,150.79,2008,2,20,10,6,-35_151,19.43103837966919,22.321590423583984,19.40620510758396,22.67701089793238,NA,NA,0
Dinolestes lewini,-35.08,150.79,2008,2,20,25,16,-35_151,19.43103837966919,22.321590423583984,19.40620510758396,22.67701089793238,NA,NA,0
Dinolestes lewini,-35.13,150.77,2008,2,21,12.5,1,-35_151,19.43103837966919,22.321590423583984,19.40620510758396,22.67701089793238,NA,NA,0
Dinolestes lewini,-35.13,150.77,2008,2,21,25,1,-35_151,19.43103837966919,22.321590423583984,19.40620510758396,22.67701089793238,NA,NA,0
Dinolestes lewini,-35.13,150.77,2008,2,21,20,2,-35_151,19.43103837966919,22.321590423583984,19.40620510758396,22.67701089793238,NA,NA,0
Dinolestes lewini,-35.13,150.77,2008,2,21,25,1,-35_151,19.43103837966919,22.321590423583984,19.40620510758396,22.67701089793238,NA,NA,0
Dinolestes lewini,-35.13,150.77,2008,2,21,30,2,-35_151,19.43103837966919,22.321590423583984,19.40620510758396,22.67701089793238,NA,NA,0
Dinolestes lewini,-35.13,150.77,2008,2,21,20,1,-35_151,19.43103837966919,22.321590423583984,19.40620510758396,22.67701089793238,NA,NA,0
Dinolestes lewini,-35.13,150.77,2008,2,21,15,1,-35_151,19.43103837966919,22.321590423583984,19.40620510758396,22.67701089793238,NA,NA,0
Dinolestes lewini,-35.13,150.77,2008,2,21,12.5,1,-35_151,19.43103837966919,22.321590423583984,19.40620510758396,22.67701089793238,NA,NA,0
Dinolestes lewini,-35.12,150.76,2008,2,21,30,1,-35_151,19.43103837966919,22.321590423583984,19.40620510758396,22.67701089793238,2002,Booderee National Park,0
Dinolestes lewini,-32.74,152.21,2010,1,9,15,1,-33_152,21.71309455235799,23.890216827392575,21.233464664610445,23.48766078743883,NA,NA,0
Dinolestes lewini,-35.13,150.74,2010,3,27,12.5,1,-35_151,20.288724263509113,22.983264923095703,20.43436043554655,23.292150046235772,NA,NA,0
Dinolestes lewini,-35.07,150.77,2008,2,22,25,1,-35_151,19.43103837966919,22.321590423583984,19.40620510758396,22.67701089793238,2002,Jervis Bay Marine Park,0
Dinolestes lewini,-35.07,150.77,2008,2,22,20,1,-35_151,19.43103837966919,22.321590423583984,19.40620510758396,22.67701089793238,2002,Jervis Bay Marine Park,0
Dinolestes lewini,-33.85,151.26,2010,2,23,15,3,-34_151,20.932119687398277,24.227298736572266,20.773523899719034,24.04741014753069,NA,NA,0
Dinolestes lewini,-33.85,151.26,2010,2,23,10,30,-34_151,20.932119687398277,24.227298736572266,20.773523899719034,24.04741014753069,NA,NA,0
Dinolestes lewini,-33.85,151.26,2010,2,23,12.5,20,-34_151,20.932119687398277,24.227298736572266,20.773523899719034,24.04741014753069,NA,NA,0
Dinolestes lewini,-32.71,152.18,2010,4,8,30,1,-33_152,21.71309455235799,23.75311279296875,21.233464664610445,23.756860531700983,NA,NA,0
Dinolestes lewini,-35.16,150.76,2010,9,1,30,1,-35_151,20.288724263509113,17.14794921875,20.43436043554655,16.992221938239204,NA,NA,0
Dinolestes lewini,-35.12,150.75,2009,4,10,7.5,1,-35_151,19.915931542714436,21.15548515319824,20.050225972343902,21.350221655103898,NA,NA,0
Dinolestes lewini,-35.12,150.75,2009,4,10,12.5,1,-35_151,19.915931542714436,21.15548515319824,20.050225972343902,21.350221655103898,NA,NA,0
Dinolestes lewini,-35.12,150.75,2009,4,10,15,1,-35_151,19.915931542714436,21.15548515319824,20.050225972343902,21.350221655103898,NA,NA,0
Dinolestes lewini,-35.12,150.75,2009,4,10,12.5,2,-35_151,19.915931542714436,21.15548515319824,20.050225972343902,21.350221655103898,NA,NA,0
Dinolestes lewini,-32.72,152.14,2010,5,13,20,2,-33_152,21.71309455235799,22.11063003540039,21.233464664610445,22.73542957921182,NA,NA,0
Dinolestes lewini,-32.75,152.17,2009,6,6,15,10,-33_152,21.148912747701008,19.543521881103516,20.95820614353018,20.194027339087594,NA,NA,0
Dinolestes lewini,-32.75,152.17,2009,6,14,35,3,-33_152,21.148912747701008,19.543521881103516,20.95820614353018,20.194027339087594,NA,NA,0
Dinolestes lewini,-32.75,152.17,2009,6,14,40,3,-33_152,21.148912747701008,19.543521881103516,20.95820614353018,20.194027339087594,NA,NA,0
Dinolestes lewini,-32.79,152.09,2009,6,8,25,2,-33_152,21.148912747701008,19.543521881103516,20.95820614353018,20.194027339087594,NA,NA,0
Dinolestes lewini,-32.79,152.09,2009,6,8,30,1,-33_152,21.148912747701008,19.543521881103516,20.95820614353018,20.194027339087594,NA,NA,0
Dinolestes lewini,-32.79,152.09,2010,4,11,25,6,-33_152,21.71309455235799,23.75311279296875,21.233464664610445,23.756860531700983,NA,NA,0
Dinolestes lewini,-32.79,152.09,2010,4,11,20,20,-33_152,21.71309455235799,23.75311279296875,21.233464664610445,23.756860531700983,NA,NA,0
Dinolestes lewini,-32.79,152.09,2010,4,11,25,40,-33_152,21.71309455235799,23.75311279296875,21.233464664610445,23.756860531700983,NA,NA,0
Dinolestes lewini,-32.79,152.09,2010,4,11,30,20,-33_152,21.71309455235799,23.75311279296875,21.233464664610445,23.756860531700983,NA,NA,0
Dinolestes lewini,-34.07,151.16,2009,8,3,12.5,2,-34_151,20.488441785176597,18.304466247558594,20.580270093114816,17.557902828339607,NA,NA,0
Dinolestes lewini,-34.07,151.16,2009,8,3,15,1,-34_151,20.488441785176597,18.304466247558594,20.580270093114816,17.557902828339607,NA,NA,0
Dinolestes lewini,-32.79,152.08,2010,1,2,15,15,-33_152,21.71309455235799,23.890216827392575,21.233464664610445,23.48766078743883,NA,NA,0
Dinolestes lewini,-32.79,152.08,2010,1,2,20,10,-33_152,21.71309455235799,23.890216827392575,21.233464664610445,23.48766078743883,NA,NA,0
Dinolestes lewini,-32.79,152.08,2010,1,2,25,5,-33_152,21.71309455235799,23.890216827392575,21.233464664610445,23.48766078743883,NA,NA,0
Dinolestes lewini,-32.79,152.08,2010,1,2,20,1,-33_152,21.71309455235799,23.890216827392575,21.233464664610445,23.48766078743883,NA,NA,0
Dinolestes lewini,-32.79,152.08,2010,1,2,30,1,-33_152,21.71309455235799,23.890216827392575,21.233464664610445,23.48766078743883,NA,NA,0
Dinolestes lewini,-32.79,152.08,2010,3,21,10,2,-33_152,21.71309455235799,24.48659324645996,21.233464664610445,23.8857520985347,NA,NA,0
Dinolestes lewini,-32.79,152.08,2010,3,21,12.5,2,-33_152,21.71309455235799,24.48659324645996,21.233464664610445,23.8857520985347,NA,NA,0
Dinolestes lewini,-32.79,152.08,2010,3,21,7.5,1,-33_152,21.71309455235799,24.48659324645996,21.233464664610445,23.8857520985347,NA,NA,0
Dinolestes lewini,-32.79,152.11,2010,1,6,10,1,-33_152,21.71309455235799,23.890216827392575,21.233464664610445,23.48766078743883,NA,NA,0
Dinolestes lewini,-35.14,150.73,2009,4,11,30,10,-35_151,19.915931542714436,21.15548515319824,20.050225972343902,21.350221655103898,NA,NA,0
Dinolestes lewini,-32.69,152.22,2010,11,21,15,2,-33_152,21.71309455235799,21.164127349853516,21.233464664610445,20.180860641267564,NA,NA,0
Dinolestes lewini,-32.69,152.22,2010,11,21,12.5,1,-33_152,21.71309455235799,21.164127349853516,21.233464664610445,20.180860641267564,NA,NA,0
Dinolestes lewini,-32.69,152.22,2010,11,21,15,5,-33_152,21.71309455235799,21.164127349853516,21.233464664610445,20.180860641267564,NA,NA,0
Dinolestes lewini,-32.69,152.23,2010,12,16,25,1,-33_152,21.71309455235799,23.157032012939453,21.233464664610445,21.103252185288294,2007,Port Stephens Great Lake Marine Park,0
Dinolestes lewini,-35.75,150.26,2011,1,16,25,1,-36_150,19.3207901318868,22.54806137084961,19.59090364169171,21.889461876243672,2007,Batemans Marine Park,0
Dinolestes lewini,-35.75,150.26,2010,1,26,25,2,-36_150,19.321057319641113,21.59518814086914,19.782238903587274,21.6029026995423,2007,Batemans Marine Park,0
Dinolestes lewini,-35.72,150.27,2011,1,16,20,1,-36_150,19.3207901318868,22.54806137084961,19.59090364169171,21.889461876243672,2007,Batemans Marine Park,0
Dinolestes lewini,-35.75,150.26,2010,1,26,20,2,-36_150,19.321057319641113,21.59518814086914,19.782238903587274,21.6029026995423,2007,Batemans Marine Park,0
Dinolestes lewini,-35.72,150.27,2011,1,16,20,2,-36_150,19.3207901318868,22.54806137084961,19.59090364169171,21.889461876243672,2007,Batemans Marine Park,0
Dinolestes lewini,-35.72,150.27,2011,1,16,25,2,-36_150,19.3207901318868,22.54806137084961,19.59090364169171,21.889461876243672,2007,Batemans Marine Park,0
Dinolestes lewini,-35.72,150.25,2011,1,16,10,1,-36_150,19.3207901318868,22.54806137084961,19.59090364169171,21.889461876243672,NA,NA,0
Dinolestes lewini,-35.72,150.25,2011,1,16,12.5,1,-36_150,19.3207901318868,22.54806137084961,19.59090364169171,21.889461876243672,NA,NA,0
Dinolestes lewini,-35.72,150.25,2011,1,16,12.5,2,-36_150,19.3207901318868,22.54806137084961,19.59090364169171,21.889461876243672,NA,NA,0
Dinolestes lewini,-35.75,150.26,2010,12,5,25,6,-36_150,19.321057319641113,19.994985580444336,19.782238903587274,20.413547854269705,2007,Batemans Marine Park,0
Dinolestes lewini,-35.83,150.23,2010,11,22,35,1,-36_150,19.321057319641113,18.575332641601563,19.782238903587274,19.32877736621433,2007,Batemans Marine Park,0
Dinolestes lewini,-35.83,150.23,2010,11,22,30,1,-36_150,19.321057319641113,18.575332641601563,19.782238903587274,19.32877736621433,2007,Batemans Marine Park,0
Dinolestes lewini,-35.83,150.23,2010,11,22,30,1,-36_150,19.321057319641113,18.575332641601563,19.782238903587274,19.32877736621433,2007,Batemans Marine Park,0
Dinolestes lewini,-35.82,150.23,2010,11,22,35,2,-36_150,19.321057319641113,18.575332641601563,19.782238903587274,19.32877736621433,NA,NA,0
Dinolestes lewini,-35.82,150.23,2010,11,22,30,1,-36_150,19.321057319641113,18.575332641601563,19.782238903587274,19.32877736621433,NA,NA,0
Dinolestes lewini,-35.82,150.23,2010,11,22,30,1,-36_150,19.321057319641113,18.575332641601563,19.782238903587274,19.32877736621433,NA,NA,0
Dinolestes lewini,-35.8,150.23,2010,11,22,25,50,-36_150,19.321057319641113,18.575332641601563,19.782238903587274,19.32877736621433,NA,NA,0
Dinolestes lewini,-35.8,150.23,2010,11,22,35,2,-36_150,19.321057319641113,18.575332641601563,19.782238903587274,19.32877736621433,NA,NA,0
Dinolestes lewini,-35.8,150.23,2010,11,22,25,1,-36_150,19.321057319641113,18.575332641601563,19.782238903587274,19.32877736621433,NA,NA,0
Dinolestes lewini,-32.71,152.23,2010,10,23,20,2,-33_152,21.71309455235799,20.132946014404297,21.233464664610445,19.39545654994185,NA,NA,0
Dinolestes lewini,-35.8,150.24,2010,12,5,25,1,-36_150,19.321057319641113,19.994985580444336,19.782238903587274,20.413547854269705,NA,NA,0
Dinolestes lewini,-35.8,150.24,2010,12,5,35,1,-36_150,19.321057319641113,19.994985580444336,19.782238903587274,20.413547854269705,NA,NA,0
Dinolestes lewini,-35.8,150.24,2010,12,5,30,11,-36_150,19.321057319641113,19.994985580444336,19.782238903587274,20.413547854269705,NA,NA,0
Dinolestes lewini,-35.8,150.24,2010,12,5,35,12,-36_150,19.321057319641113,19.994985580444336,19.782238903587274,20.413547854269705,NA,NA,0
Dinolestes lewini,-35.78,150.23,2010,12,30,30,1,-36_150,19.321057319641113,19.994985580444336,19.782238903587274,20.413547854269705,NA,NA,0
Dinolestes lewini,-36.01,150.17,2010,12,20,20,5,-36_150,19.321057319641113,19.994985580444336,19.782238903587274,20.413547854269705,2007,Batemans Marine Park,0
Dinolestes lewini,-36.01,150.17,2010,12,20,25,10,-36_150,19.321057319641113,19.994985580444336,19.782238903587274,20.413547854269705,2007,Batemans Marine Park,0
Dinolestes lewini,-36.01,150.17,2010,12,20,30,20,-36_150,19.321057319641113,19.994985580444336,19.782238903587274,20.413547854269705,2007,Batemans Marine Park,0
Dinolestes lewini,-35.78,150.23,2010,12,30,30,1,-36_150,19.321057319641113,19.994985580444336,19.782238903587274,20.413547854269705,NA,NA,0
Dinolestes lewini,-36.01,150.17,2010,12,20,30,5,-36_150,19.321057319641113,19.994985580444336,19.782238903587274,20.413547854269705,2007,Batemans Marine Park,0
Dinolestes lewini,-36.01,150.17,2010,12,20,35,9,-36_150,19.321057319641113,19.994985580444336,19.782238903587274,20.413547854269705,2007,Batemans Marine Park,0
Dinolestes lewini,-36.01,150.17,2010,12,20,20,10,-36_150,19.321057319641113,19.994985580444336,19.782238903587274,20.413547854269705,2007,Batemans Marine Park,0
Dinolestes lewini,-36.01,150.17,2010,1,28,12.5,1,-36_150,19.321057319641113,21.59518814086914,19.782238903587274,21.6029026995423,2007,Batemans Marine Park,0
Dinolestes lewini,-36.01,150.17,2010,12,20,25,1,-36_150,19.321057319641113,19.994985580444336,19.782238903587274,20.413547854269705,2007,Batemans Marine Park,0
Dinolestes lewini,-36.01,150.17,2010,12,20,35,5,-36_150,19.321057319641113,19.994985580444336,19.782238903587274,20.413547854269705,2007,Batemans Marine Park,0
Dinolestes lewini,-36.01,150.17,2010,12,20,25,1,-36_150,19.321057319641113,19.994985580444336,19.782238903587274,20.413547854269705,2007,Batemans Marine Park,0
Dinolestes lewini,-36.01,150.17,2010,12,20,35,1,-36_150,19.321057319641113,19.994985580444336,19.782238903587274,20.413547854269705,2007,Batemans Marine Park,0
Dinolestes lewini,-36.01,150.17,2010,12,20,20,2,-36_150,19.321057319641113,19.994985580444336,19.782238903587274,20.413547854269705,2007,Batemans Marine Park,0
Dinolestes lewini,-36.01,150.17,2010,12,20,25,1,-36_150,19.321057319641113,19.994985580444336,19.782238903587274,20.413547854269705,2007,Batemans Marine Park,0
Dinolestes lewini,-36.01,150.17,2010,12,20,30,1,-36_150,19.321057319641113,19.994985580444336,19.782238903587274,20.413547854269705,2007,Batemans Marine Park,0
Dinolestes lewini,-36.01,150.17,2010,12,20,25,5,-36_150,19.321057319641113,19.994985580444336,19.782238903587274,20.413547854269705,2007,Batemans Marine Park,0
Dinolestes lewini,-36.01,150.17,2010,12,20,30,7,-36_150,19.321057319641113,19.994985580444336,19.782238903587274,20.413547854269705,2007,Batemans Marine Park,0
Dinolestes lewini,-36.01,150.17,2010,12,20,35,8,-36_150,19.321057319641113,19.994985580444336,19.782238903587274,20.413547854269705,2007,Batemans Marine Park,0
Dinolestes lewini,-36.01,150.17,2010,12,20,40,5,-36_150,19.321057319641113,19.994985580444336,19.782238903587274,20.413547854269705,2007,Batemans Marine Park,0
Dinolestes lewini,-36.01,150.17,2010,12,20,25,15,-36_150,19.321057319641113,19.994985580444336,19.782238903587274,20.413547854269705,2007,Batemans Marine Park,0
Dinolestes lewini,-36.01,150.17,2010,12,20,30,15,-36_150,19.321057319641113,19.994985580444336,19.782238903587274,20.413547854269705,2007,Batemans Marine Park,0
Dinolestes lewini,-36.01,150.17,2010,12,20,35,20,-36_150,19.321057319641113,19.994985580444336,19.782238903587274,20.413547854269705,2007,Batemans Marine Park,0
Dinolestes lewini,-35.99,150.16,2010,1,28,10,6,-36_150,19.321057319641113,21.59518814086914,19.782238903587274,21.6029026995423,NA,NA,0
Dinolestes lewini,-35.99,150.16,2010,1,28,12.5,8,-36_150,19.321057319641113,21.59518814086914,19.782238903587274,21.6029026995423,NA,NA,0
Dinolestes lewini,-35.99,150.16,2010,1,28,15,10,-36_150,19.321057319641113,21.59518814086914,19.782238903587274,21.6029026995423,NA,NA,0
Dinolestes lewini,-35.99,150.16,2010,1,28,10,1,-36_150,19.321057319641113,21.59518814086914,19.782238903587274,21.6029026995423,NA,NA,0
Dinolestes lewini,-35.99,150.16,2010,1,28,12.5,20,-36_150,19.321057319641113,21.59518814086914,19.782238903587274,21.6029026995423,NA,NA,0
Dinolestes lewini,-35.99,150.16,2010,12,20,30,5,-36_150,19.321057319641113,19.994985580444336,19.782238903587274,20.413547854269705,NA,NA,0
Dinolestes lewini,-35.99,150.16,2010,12,20,35,10,-36_150,19.321057319641113,19.994985580444336,19.782238903587274,20.413547854269705,NA,NA,0
Dinolestes lewini,-35.99,150.16,2010,12,20,30,1,-36_150,19.321057319641113,19.994985580444336,19.782238903587274,20.413547854269705,NA,NA,0
Dinolestes lewini,-35.69,150.3,2010,1,31,12.5,100,-36_150,19.321057319641113,21.59518814086914,19.782238903587274,21.6029026995423,NA,NA,0
Dinolestes lewini,-35.69,150.3,2010,1,31,30,15,-36_150,19.321057319641113,21.59518814086914,19.782238903587274,21.6029026995423,NA,NA,0
Dinolestes lewini,-35.69,150.3,2010,12,14,25,2,-36_150,19.321057319641113,19.994985580444336,19.782238903587274,20.413547854269705,NA,NA,0
Dinolestes lewini,-35.69,150.3,2010,12,14,30,5,-36_150,19.321057319641113,19.994985580444336,19.782238903587274,20.413547854269705,NA,NA,0
Dinolestes lewini,-35.69,150.3,2010,12,14,35,2,-36_150,19.321057319641113,19.994985580444336,19.782238903587274,20.413547854269705,NA,NA,0
Dinolestes lewini,-35.69,150.3,2010,12,14,20,3,-36_150,19.321057319641113,19.994985580444336,19.782238903587274,20.413547854269705,NA,NA,0
Dinolestes lewini,-36.26,150.15,2010,12,13,20,1,-36_150,19.321057319641113,19.994985580444336,19.782238903587274,20.413547854269705,2007,Batemans Marine Park,0
Dinolestes lewini,-36.26,150.15,2010,12,13,25,1,-36_150,19.321057319641113,19.994985580444336,19.782238903587274,20.413547854269705,2007,Batemans Marine Park,0
Dinolestes lewini,-36.26,150.15,2010,12,13,30,1,-36_150,19.321057319641113,19.994985580444336,19.782238903587274,20.413547854269705,2007,Batemans Marine Park,0
Dinolestes lewini,-36.26,150.15,2010,12,13,35,1,-36_150,19.321057319641113,19.994985580444336,19.782238903587274,20.413547854269705,2007,Batemans Marine Park,0
Dinolestes lewini,-35.69,150.3,2010,12,14,30,2,-36_150,19.321057319641113,19.994985580444336,19.782238903587274,20.413547854269705,NA,NA,0
Dinolestes lewini,-35.69,150.3,2010,12,14,25,1,-36_150,19.321057319641113,19.994985580444336,19.782238903587274,20.413547854269705,NA,NA,0
Dinolestes lewini,-35.69,150.3,2010,12,14,20,3,-36_150,19.321057319641113,19.994985580444336,19.782238903587274,20.413547854269705,NA,NA,0
Dinolestes lewini,-35.69,150.3,2010,12,14,25,1,-36_150,19.321057319641113,19.994985580444336,19.782238903587274,20.413547854269705,NA,NA,0
Dinolestes lewini,-35.67,150.31,2010,12,14,25,1,-36_150,19.321057319641113,19.994985580444336,19.782238903587274,20.413547854269705,NA,NA,0
Dinolestes lewini,-36.27,150.15,2010,2,1,12.5,20,-36_150,19.321057319641113,22.89835548400879,19.782238903587274,23.129642338979817,2007,Batemans Marine Park,0
Dinolestes lewini,-36.27,150.15,2010,2,1,15,1,-36_150,19.321057319641113,22.89835548400879,19.782238903587274,23.129642338979817,2007,Batemans Marine Park,0
Dinolestes lewini,-36.27,150.15,2010,12,13,25,4,-36_150,19.321057319641113,19.994985580444336,19.782238903587274,20.413547854269705,2007,Batemans Marine Park,0
Dinolestes lewini,-36.27,150.15,2010,12,13,30,5,-36_150,19.321057319641113,19.994985580444336,19.782238903587274,20.413547854269705,2007,Batemans Marine Park,0
Dinolestes lewini,-36.27,150.15,2010,12,13,35,5,-36_150,19.321057319641113,19.994985580444336,19.782238903587274,20.413547854269705,2007,Batemans Marine Park,0
Dinolestes lewini,-36.27,150.15,2010,12,13,40,1,-36_150,19.321057319641113,19.994985580444336,19.782238903587274,20.413547854269705,2007,Batemans Marine Park,0
Dinolestes lewini,-36.27,150.15,2010,12,13,30,2,-36_150,19.321057319641113,19.994985580444336,19.782238903587274,20.413547854269705,2007,Batemans Marine Park,0
Dinolestes lewini,-36.27,150.15,2010,12,13,35,1,-36_150,19.321057319641113,19.994985580444336,19.782238903587274,20.413547854269705,2007,Batemans Marine Park,0
Dinolestes lewini,-36.27,150.15,2010,12,13,40,2,-36_150,19.321057319641113,19.994985580444336,19.782238903587274,20.413547854269705,2007,Batemans Marine Park,0
Dinolestes lewini,-36.27,150.15,2010,12,13,25,5,-36_150,19.321057319641113,19.994985580444336,19.782238903587274,20.413547854269705,2007,Batemans Marine Park,0
Dinolestes lewini,-36.27,150.15,2010,12,13,30,4,-36_150,19.321057319641113,19.994985580444336,19.782238903587274,20.413547854269705,2007,Batemans Marine Park,0
Dinolestes lewini,-36.27,150.15,2010,12,13,35,1,-36_150,19.321057319641113,19.994985580444336,19.782238903587274,20.413547854269705,2007,Batemans Marine Park,0
Dinolestes lewini,-36.27,150.15,2010,12,13,40,1,-36_150,19.321057319641113,19.994985580444336,19.782238903587274,20.413547854269705,2007,Batemans Marine Park,0
Dinolestes lewini,-36.27,150.15,2010,12,13,30,7,-36_150,19.321057319641113,19.994985580444336,19.782238903587274,20.413547854269705,2007,Batemans Marine Park,0
Dinolestes lewini,-36.27,150.15,2010,12,13,35,4,-36_150,19.321057319641113,19.994985580444336,19.782238903587274,20.413547854269705,2007,Batemans Marine Park,0
Dinolestes lewini,-36.27,150.15,2010,12,13,20,8,-36_150,19.321057319641113,19.994985580444336,19.782238903587274,20.413547854269705,2007,Batemans Marine Park,0
Dinolestes lewini,-36.27,150.15,2010,12,13,25,10,-36_150,19.321057319641113,19.994985580444336,19.782238903587274,20.413547854269705,2007,Batemans Marine Park,0
Dinolestes lewini,-36.27,150.15,2010,12,13,15,1,-36_150,19.321057319641113,19.994985580444336,19.782238903587274,20.413547854269705,2007,Batemans Marine Park,0
Dinolestes lewini,-36.27,150.15,2010,12,13,20,4,-36_150,19.321057319641113,19.994985580444336,19.782238903587274,20.413547854269705,2007,Batemans Marine Park,0
Dinolestes lewini,-36.27,150.15,2010,12,13,25,4,-36_150,19.321057319641113,19.994985580444336,19.782238903587274,20.413547854269705,2007,Batemans Marine Park,0
Dinolestes lewini,-36.27,150.15,2010,12,13,20,1,-36_150,19.321057319641113,19.994985580444336,19.782238903587274,20.413547854269705,2007,Batemans Marine Park,0
Dinolestes lewini,-36.27,150.15,2010,12,13,25,1,-36_150,19.321057319641113,19.994985580444336,19.782238903587274,20.413547854269705,2007,Batemans Marine Park,0
Dinolestes lewini,-36.27,150.15,2010,12,13,15,1,-36_150,19.321057319641113,19.994985580444336,19.782238903587274,20.413547854269705,2007,Batemans Marine Park,0
Dinolestes lewini,-36.27,150.15,2010,12,13,20,3,-36_150,19.321057319641113,19.994985580444336,19.782238903587274,20.413547854269705,2007,Batemans Marine Park,0
Dinolestes lewini,-36.27,150.15,2010,12,13,25,4,-36_150,19.321057319641113,19.994985580444336,19.782238903587274,20.413547854269705,2007,Batemans Marine Park,0
Dinolestes lewini,-36.26,150.15,2010,2,1,25,1,-36_150,19.321057319641113,22.89835548400879,19.782238903587274,23.129642338979817,2007,Batemans Marine Park,0
Dinolestes lewini,-35.06,150.78,2009,12,12,15,1,-35_151,19.915931542714436,21.075439453125,20.050225972343902,20.89946203334357,NA,NA,0
Dinolestes lewini,-32.74,152.2,2011,1,22,12.5,100,-33_152,21.399254004160564,24.38715362548828,21.19576238272011,23.810456450267505,NA,NA,0
Dinolestes lewini,-32.75,152.17,2011,1,23,20,1,-33_152,21.399254004160564,24.38715362548828,21.19576238272011,23.810456450267505,NA,NA,0
Dinolestes lewini,-32.75,152.17,2011,1,23,25,1,-33_152,21.399254004160564,24.38715362548828,21.19576238272011,23.810456450267505,NA,NA,0
Dinolestes lewini,-36.26,150.15,2010,12,13,15,2,-36_150,19.321057319641113,19.994985580444336,19.782238903587274,20.413547854269705,2007,Batemans Marine Park,0
Dinolestes lewini,-36.26,150.15,2010,12,13,20,3,-36_150,19.321057319641113,19.994985580444336,19.782238903587274,20.413547854269705,2007,Batemans Marine Park,0
Dinolestes lewini,-36.26,150.15,2010,12,13,30,2,-36_150,19.321057319641113,19.994985580444336,19.782238903587274,20.413547854269705,2007,Batemans Marine Park,0
Dinolestes lewini,-36.26,150.15,2010,12,13,20,1,-36_150,19.321057319641113,19.994985580444336,19.782238903587274,20.413547854269705,2007,Batemans Marine Park,0
Dinolestes lewini,-36.26,150.15,2010,12,13,25,3,-36_150,19.321057319641113,19.994985580444336,19.782238903587274,20.413547854269705,2007,Batemans Marine Park,0
Dinolestes lewini,-36.26,150.15,2010,12,13,30,3,-36_150,19.321057319641113,19.994985580444336,19.782238903587274,20.413547854269705,2007,Batemans Marine Park,0
Dinolestes lewini,-35.71,150.28,2010,12,30,30,10,-36_150,19.321057319641113,19.994985580444336,19.782238903587274,20.413547854269705,2007,Batemans Marine Park,0
Dinolestes lewini,-35.71,150.28,2010,12,30,35,10,-36_150,19.321057319641113,19.994985580444336,19.782238903587274,20.413547854269705,2007,Batemans Marine Park,0
Dinolestes lewini,-35.86,150.19,2010,11,18,25,6,-36_150,19.321057319641113,18.575332641601563,19.782238903587274,19.32877736621433,NA,NA,0
Dinolestes lewini,-35.86,150.19,2010,11,18,30,7,-36_150,19.321057319641113,18.575332641601563,19.782238903587274,19.32877736621433,NA,NA,0
Dinolestes lewini,-36.01,150.17,2010,1,28,15,14,-36_150,19.321057319641113,21.59518814086914,19.782238903587274,21.6029026995423,2007,Batemans Marine Park,0
Dinolestes lewini,-36.01,150.17,2010,1,28,12.5,1,-36_150,19.321057319641113,21.59518814086914,19.782238903587274,21.6029026995423,2007,Batemans Marine Park,0
Dinolestes lewini,-36.01,150.17,2010,1,28,15,2,-36_150,19.321057319641113,21.59518814086914,19.782238903587274,21.6029026995423,2007,Batemans Marine Park,0
Dinolestes lewini,-36.01,150.17,2010,1,28,30,1,-36_150,19.321057319641113,21.59518814086914,19.782238903587274,21.6029026995423,2007,Batemans Marine Park,0
Dinolestes lewini,-36.01,150.17,2010,1,28,15,3,-36_150,19.321057319641113,21.59518814086914,19.782238903587274,21.6029026995423,2007,Batemans Marine Park,0
Dinolestes lewini,-35.99,150.16,2010,1,28,10,5,-36_150,19.321057319641113,21.59518814086914,19.782238903587274,21.6029026995423,NA,NA,0
Dinolestes lewini,-35.99,150.16,2010,1,28,12.5,13,-36_150,19.321057319641113,21.59518814086914,19.782238903587274,21.6029026995423,NA,NA,0
Dinolestes lewini,-35.99,150.16,2010,1,28,15,5,-36_150,19.321057319641113,21.59518814086914,19.782238903587274,21.6029026995423,NA,NA,0
Dinolestes lewini,-35.99,150.16,2010,1,28,12.5,5,-36_150,19.321057319641113,21.59518814086914,19.782238903587274,21.6029026995423,NA,NA,0
Dinolestes lewini,-35.99,150.16,2010,1,28,15,1,-36_150,19.321057319641113,21.59518814086914,19.782238903587274,21.6029026995423,NA,NA,0
Dinolestes lewini,-35.99,150.16,2010,1,28,20,1,-36_150,19.321057319641113,21.59518814086914,19.782238903587274,21.6029026995423,NA,NA,0
Dinolestes lewini,-32.69,152.22,2011,1,25,15,3,-33_152,21.399254004160564,24.38715362548828,21.19576238272011,23.810456450267505,NA,NA,0
Dinolestes lewini,-32.69,152.22,2011,1,25,20,5,-33_152,21.399254004160564,24.38715362548828,21.19576238272011,23.810456450267505,NA,NA,0
Dinolestes lewini,-32.74,152.19,2011,1,22,15,1,-33_152,21.399254004160564,24.38715362548828,21.19576238272011,23.810456450267505,NA,NA,0
Dinolestes lewini,-32.74,152.19,2011,1,22,20,20,-33_152,21.399254004160564,24.38715362548828,21.19576238272011,23.810456450267505,NA,NA,0
Dinolestes lewini,-32.74,152.2,2011,1,22,15,30,-33_152,21.399254004160564,24.38715362548828,21.19576238272011,23.810456450267505,NA,NA,0
Dinolestes lewini,-32.74,152.2,2011,1,22,20,30,-33_152,21.399254004160564,24.38715362548828,21.19576238272011,23.810456450267505,NA,NA,0
Dinolestes lewini,-32.71,152.15,2011,1,3,20,30,-33_152,21.399254004160564,24.38715362548828,21.19576238272011,23.810456450267505,1983,Fly Point-Halifax Park,1
Dinolestes lewini,-32.69,152.22,2011,1,25,20,21,-33_152,21.399254004160564,24.38715362548828,21.19576238272011,23.810456450267505,NA,NA,0
Dinolestes lewini,-35.69,150.3,2010,1,31,12.5,100,-36_150,19.321057319641113,21.59518814086914,19.782238903587274,21.6029026995423,NA,NA,0
Dinolestes lewini,-35.67,150.31,2010,1,31,30,1,-36_150,19.321057319641113,21.59518814086914,19.782238903587274,21.6029026995423,NA,NA,0
Dinolestes lewini,-35.67,150.31,2010,1,31,30,3,-36_150,19.321057319641113,21.59518814086914,19.782238903587274,21.6029026995423,NA,NA,0
Dinolestes lewini,-35.67,150.31,2010,1,31,30,1,-36_150,19.321057319641113,21.59518814086914,19.782238903587274,21.6029026995423,NA,NA,0
Dinolestes lewini,-35.67,150.31,2010,1,31,35,1,-36_150,19.321057319641113,21.59518814086914,19.782238903587274,21.6029026995423,NA,NA,0
Dinolestes lewini,-36.27,150.15,2010,2,1,15,1,-36_150,19.321057319641113,22.89835548400879,19.782238903587274,23.129642338979817,2007,Batemans Marine Park,0
Dinolestes lewini,-36.27,150.15,2010,2,1,25,1,-36_150,19.321057319641113,22.89835548400879,19.782238903587274,23.129642338979817,2007,Batemans Marine Park,0
Dinolestes lewini,-35.13,150.74,2011,4,15,20,31,-35_151,20.16364081700643,22.31734085083008,20.277484727943488,23.11599941253662,NA,NA,0
Dinolestes lewini,-35.13,150.74,2011,4,15,25,50,-35_151,20.16364081700643,22.31734085083008,20.277484727943488,23.11599941253662,NA,NA,0
Dinolestes lewini,-35.13,150.74,2011,4,15,30,3,-35_151,20.16364081700643,22.31734085083008,20.277484727943488,23.11599941253662,NA,NA,0
Dinolestes lewini,-35.11,150.77,2011,4,16,15,1,-35_151,20.16364081700643,22.31734085083008,20.277484727943488,23.11599941253662,NA,NA,0
Dinolestes lewini,-32.71,152.23,2011,2,5,15,1,-33_152,21.399254004160564,24.478046417236328,21.19576238272011,23.549344658851624,NA,NA,0
Dinolestes lewini,-32.79,152.08,2011,2,6,12.5,5,-33_152,21.399254004160564,24.478046417236328,21.19576238272011,23.549344658851624,NA,NA,0
Dinolestes lewini,-32.79,152.08,2011,2,6,20,10,-33_152,21.399254004160564,24.478046417236328,21.19576238272011,23.549344658851624,NA,NA,0
Dinolestes lewini,-35.11,150.77,2011,4,16,20,1,-35_151,20.16364081700643,22.31734085083008,20.277484727943488,23.11599941253662,NA,NA,0
Dinolestes lewini,-35.11,150.77,2011,4,16,25,2,-35_151,20.16364081700643,22.31734085083008,20.277484727943488,23.11599941253662,NA,NA,0
Dinolestes lewini,-35.11,150.77,2011,4,16,20,2,-35_151,20.16364081700643,22.31734085083008,20.277484727943488,23.11599941253662,NA,NA,0
Dinolestes lewini,-35.11,150.77,2011,4,16,30,1,-35_151,20.16364081700643,22.31734085083008,20.277484727943488,23.11599941253662,NA,NA,0
Dinolestes lewini,-35.11,150.77,2011,4,16,25,2,-35_151,20.16364081700643,22.31734085083008,20.277484727943488,23.11599941253662,2002,Booderee National Park,0
Dinolestes lewini,-35.12,150.76,2011,4,17,15,1,-35_151,20.16364081700643,22.31734085083008,20.277484727943488,23.11599941253662,2002,Booderee National Park,0
Dinolestes lewini,-35.11,150.77,2011,4,16,35,1,-35_151,20.16364081700643,22.31734085083008,20.277484727943488,23.11599941253662,2002,Booderee National Park,0
Dinolestes lewini,-35.11,150.77,2011,4,16,40,1,-35_151,20.16364081700643,22.31734085083008,20.277484727943488,23.11599941253662,2002,Booderee National Park,0
Dinolestes lewini,-35.12,150.76,2011,4,17,25,2,-35_151,20.16364081700643,22.31734085083008,20.277484727943488,23.11599941253662,2002,Booderee National Park,0
Dinolestes lewini,-35.11,150.77,2011,4,16,40,2,-35_151,20.16364081700643,22.31734085083008,20.277484727943488,23.11599941253662,2002,Booderee National Park,0
Dinolestes lewini,-35.11,150.77,2011,4,16,35,1,-35_151,20.16364081700643,22.31734085083008,20.277484727943488,23.11599941253662,2002,Booderee National Park,0
Dinolestes lewini,-35.12,150.76,2011,4,17,35,6,-35_151,20.16364081700643,22.31734085083008,20.277484727943488,23.11599941253662,2002,Booderee National Park,0
Dinolestes lewini,-35.12,150.76,2011,4,17,35,5,-35_151,20.16364081700643,22.31734085083008,20.277484727943488,23.11599941253662,2002,Booderee National Park,0
Dinolestes lewini,-35.12,150.76,2011,4,17,25,7,-35_151,20.16364081700643,22.31734085083008,20.277484727943488,23.11599941253662,2002,Booderee National Park,0
Dinolestes lewini,-35.12,150.76,2011,4,17,30,2,-35_151,20.16364081700643,22.31734085083008,20.277484727943488,23.11599941253662,2002,Booderee National Park,0
Dinolestes lewini,-32.71,152.18,2011,3,14,20,1,-33_152,21.399254004160564,23.949668884277344,21.19576238272011,24.001047893237043,NA,NA,0
Dinolestes lewini,-32.71,152.18,2011,3,14,15,2,-33_152,21.399254004160564,23.949668884277344,21.19576238272011,24.001047893237043,NA,NA,0
Dinolestes lewini,-35.12,150.75,2011,4,16,35,1,-35_151,20.16364081700643,22.31734085083008,20.277484727943488,23.11599941253662,NA,NA,0
Dinolestes lewini,-35.12,150.75,2011,4,16,25,4,-35_151,20.16364081700643,22.31734085083008,20.277484727943488,23.11599941253662,NA,NA,0
Dinolestes lewini,-35.12,150.75,2011,4,16,30,2,-35_151,20.16364081700643,22.31734085083008,20.277484727943488,23.11599941253662,NA,NA,0
Dinolestes lewini,-35.12,150.75,2011,4,16,40,1,-35_151,20.16364081700643,22.31734085083008,20.277484727943488,23.11599941253662,NA,NA,0
Dinolestes lewini,-35.12,150.75,2011,4,16,25,1,-35_151,20.16364081700643,22.31734085083008,20.277484727943488,23.11599941253662,NA,NA,0
Dinolestes lewini,-35.08,150.8,2011,4,18,30,1,-35_151,20.16364081700643,22.31734085083008,20.277484727943488,23.11599941253662,2002,Jervis Bay Marine Park,0
Dinolestes lewini,-35.09,150.8,2011,4,18,35,1,-35_151,20.16364081700643,22.31734085083008,20.277484727943488,23.11599941253662,NA,NA,0
Dinolestes lewini,-35.09,150.8,2011,4,18,25,10,-35_151,20.16364081700643,22.31734085083008,20.277484727943488,23.11599941253662,NA,NA,0
Dinolestes lewini,-35.09,150.8,2011,4,18,30,30,-35_151,20.16364081700643,22.31734085083008,20.277484727943488,23.11599941253662,NA,NA,0
Dinolestes lewini,-35.09,150.8,2011,4,18,40,5,-35_151,20.16364081700643,22.31734085083008,20.277484727943488,23.11599941253662,NA,NA,0
Dinolestes lewini,-35.09,150.8,2011,4,18,20,9,-35_151,20.16364081700643,22.31734085083008,20.277484727943488,23.11599941253662,NA,NA,0
Dinolestes lewini,-35.09,150.8,2011,4,18,25,20,-35_151,20.16364081700643,22.31734085083008,20.277484727943488,23.11599941253662,NA,NA,0
Dinolestes lewini,-35.09,150.8,2011,4,18,30,10,-35_151,20.16364081700643,22.31734085083008,20.277484727943488,23.11599941253662,NA,NA,0
Dinolestes lewini,-35.09,150.8,2011,4,18,25,10,-35_151,20.16364081700643,22.31734085083008,20.277484727943488,23.11599941253662,NA,NA,0
Dinolestes lewini,-35.09,150.8,2011,4,18,30,6,-35_151,20.16364081700643,22.31734085083008,20.277484727943488,23.11599941253662,NA,NA,0
Dinolestes lewini,-35.09,150.8,2011,4,18,40,2,-35_151,20.16364081700643,22.31734085083008,20.277484727943488,23.11599941253662,NA,NA,0
Dinolestes lewini,-35.09,150.8,2011,4,18,30,3,-35_151,20.16364081700643,22.31734085083008,20.277484727943488,23.11599941253662,NA,NA,0
Dinolestes lewini,-35.09,150.8,2011,4,18,35,60,-35_151,20.16364081700643,22.31734085083008,20.277484727943488,23.11599941253662,NA,NA,0
Dinolestes lewini,-35.11,150.77,2011,4,16,25,1,-35_151,20.16364081700643,22.31734085083008,20.277484727943488,23.11599941253662,2002,Booderee National Park,0
Dinolestes lewini,-35.11,150.77,2011,4,16,30,1,-35_151,20.16364081700643,22.31734085083008,20.277484727943488,23.11599941253662,2002,Booderee National Park,0
Dinolestes lewini,-35.11,150.77,2011,4,16,30,20,-35_151,20.16364081700643,22.31734085083008,20.277484727943488,23.11599941253662,2002,Booderee National Park,0
Dinolestes lewini,-33.82,151.29,2011,3,28,12.5,1,-34_151,20.72282870610555,23.22764015197754,20.846456927244198,23.384273667489328,NA,NA,0
Dinolestes lewini,-33.82,151.29,2011,3,28,15,12,-34_151,20.72282870610555,23.22764015197754,20.846456927244198,23.384273667489328,NA,NA,0
Dinolestes lewini,-33.83,151.28,2011,3,28,15,12,-34_151,20.72282870610555,23.22764015197754,20.846456927244198,23.384273667489328,NA,NA,0
Dinolestes lewini,-35.09,150.8,2011,4,18,40,1,-35_151,20.16364081700643,22.31734085083008,20.277484727943488,23.11599941253662,NA,NA,0
Dinolestes lewini,-33.8,151.29,2011,3,28,30,12,-34_151,20.72282870610555,23.22764015197754,20.846456927244198,23.384273667489328,2002,Cabbage Tree Bay Aquatic Reserve,0
Dinolestes lewini,-33.8,151.29,2011,3,28,20,20,-34_151,20.72282870610555,23.22764015197754,20.846456927244198,23.384273667489328,2002,Cabbage Tree Bay Aquatic Reserve,0
Dinolestes lewini,-35.09,150.8,2011,4,18,30,1,-35_151,20.16364081700643,22.31734085083008,20.277484727943488,23.11599941253662,NA,NA,0
Dinolestes lewini,-35.09,150.8,2011,4,18,40,20,-35_151,20.16364081700643,22.31734085083008,20.277484727943488,23.11599941253662,NA,NA,0
Dinolestes lewini,-35.09,150.8,2011,4,18,50,10,-35_151,20.16364081700643,22.31734085083008,20.277484727943488,23.11599941253662,NA,NA,0
Dinolestes lewini,-33.81,151.31,2011,3,25,25,1,-34_151,20.72282870610555,23.22764015197754,20.846456927244198,23.384273667489328,NA,NA,0
Dinolestes lewini,-33.8,151.29,2011,3,28,25,1,-34_151,20.72282870610555,23.22764015197754,20.846456927244198,23.384273667489328,2002,Cabbage Tree Bay Aquatic Reserve,0
Dinolestes lewini,-33.8,151.29,2011,3,28,20,1,-34_151,20.72282870610555,23.22764015197754,20.846456927244198,23.384273667489328,2002,Cabbage Tree Bay Aquatic Reserve,0
Dinolestes lewini,-35.06,150.77,2011,4,17,15,1,-35_151,20.16364081700643,22.31734085083008,20.277484727943488,23.11599941253662,2002,Jervis Bay Marine Park,0
Dinolestes lewini,-32.7,152.23,2011,4,9,30,3,-33_152,21.399254004160564,23.327369689941406,21.19576238272011,22.999416155285303,NA,NA,0
Dinolestes lewini,-32.7,152.23,2011,4,9,20,2,-33_152,21.399254004160564,23.327369689941406,21.19576238272011,22.999416155285303,NA,NA,0
Dinolestes lewini,-32.71,152.15,2011,8,7,15,100,-33_152,21.399254004160564,19.14668083190918,21.19576238272011,18.670214596615043,1983,Fly Point-Halifax Park,1
Dinolestes lewini,-32.71,152.15,2011,8,7,20,50,-33_152,21.399254004160564,19.14668083190918,21.19576238272011,18.670214596615043,1983,Fly Point-Halifax Park,1
Dinolestes lewini,-32.71,152.15,2011,8,7,25,1,-33_152,21.399254004160564,19.14668083190918,21.19576238272011,18.670214596615043,1983,Fly Point-Halifax Park,1
Dinolestes lewini,-32.74,152.19,2011,4,23,30,7,-33_152,21.399254004160564,23.327369689941406,21.19576238272011,22.999416155285303,NA,NA,0
Dinolestes lewini,-33.84,151.29,2011,3,25,25,1,-34_151,20.72282870610555,23.22764015197754,20.846456927244198,23.384273667489328,NA,NA,0
Dinolestes lewini,-32.74,152.19,2011,4,23,15,6,-33_152,21.399254004160564,23.327369689941406,21.19576238272011,22.999416155285303,NA,NA,0
Dinolestes lewini,-33.84,151.28,2011,3,26,5,1,-34_151,20.72282870610555,23.22764015197754,20.846456927244198,23.384273667489328,NA,NA,0
Dinolestes lewini,-33.84,151.28,2011,3,26,12.5,10,-34_151,20.72282870610555,23.22764015197754,20.846456927244198,23.384273667489328,NA,NA,0
Dinolestes lewini,-33.82,151.27,2011,3,27,12.5,1,-34_151,20.72282870610555,23.22764015197754,20.846456927244198,23.384273667489328,NA,NA,0
Dinolestes lewini,-33.82,151.27,2011,3,27,15,10,-34_151,20.72282870610555,23.22764015197754,20.846456927244198,23.384273667489328,NA,NA,0
Dinolestes lewini,-35.83,150.23,2011,4,25,25,1,-36_150,19.3207901318868,21.458396911621097,19.59090364169171,22.842721663581,2007,Batemans Marine Park,0
Dinolestes lewini,-35.83,150.23,2011,4,25,25,1,-36_150,19.3207901318868,21.458396911621097,19.59090364169171,22.842721663581,2007,Batemans Marine Park,0
Dinolestes lewini,-36.24,150.22,2011,5,20,30,23,-36_150,19.3207901318868,18.72496032714844,19.59090364169171,19.18456943060762,NA,NA,0
Dinolestes lewini,-36.24,150.22,2011,5,20,30,55,-36_150,19.3207901318868,18.72496032714844,19.59090364169171,19.18456943060762,NA,NA,0
Dinolestes lewini,-36.24,150.22,2011,5,20,35,10,-36_150,19.3207901318868,18.72496032714844,19.59090364169171,19.18456943060762,NA,NA,0
Dinolestes lewini,-33.8,151.3,2011,3,26,40,6,-34_151,20.72282870610555,23.22764015197754,20.846456927244198,23.384273667489328,2002,Cabbage Tree Bay Aquatic Reserve,0
Dinolestes lewini,-33.8,151.3,2011,3,26,10,12,-34_151,20.72282870610555,23.22764015197754,20.846456927244198,23.384273667489328,2002,Cabbage Tree Bay Aquatic Reserve,0
Dinolestes lewini,-33.83,151.27,2011,3,27,15,30,-34_151,20.72282870610555,23.22764015197754,20.846456927244198,23.384273667489328,NA,NA,0
Dinolestes lewini,-36.24,150.22,2011,5,20,30,1,-36_150,19.3207901318868,18.72496032714844,19.59090364169171,19.18456943060762,NA,NA,0
Dinolestes lewini,-36.14,150.13,2011,5,21,20,2,-36_150,19.3207901318868,18.72496032714844,19.59090364169171,19.18456943060762,NA,NA,0
Dinolestes lewini,-36.14,150.13,2011,5,21,25,2,-36_150,19.3207901318868,18.72496032714844,19.59090364169171,19.18456943060762,NA,NA,0
Dinolestes lewini,-36.14,150.13,2011,5,21,30,2,-36_150,19.3207901318868,18.72496032714844,19.59090364169171,19.18456943060762,NA,NA,0
Dinolestes lewini,-36.14,150.13,2011,5,21,35,6,-36_150,19.3207901318868,18.72496032714844,19.59090364169171,19.18456943060762,NA,NA,0
Dinolestes lewini,-36.14,150.13,2011,5,21,40,1,-36_150,19.3207901318868,18.72496032714844,19.59090364169171,19.18456943060762,NA,NA,0
Dinolestes lewini,-36.14,150.13,2011,5,21,25,15,-36_150,19.3207901318868,18.72496032714844,19.59090364169171,19.18456943060762,NA,NA,0
Dinolestes lewini,-36.14,150.13,2011,5,21,30,15,-36_150,19.3207901318868,18.72496032714844,19.59090364169171,19.18456943060762,NA,NA,0
Dinolestes lewini,-36.14,150.13,2011,5,21,35,15,-36_150,19.3207901318868,18.72496032714844,19.59090364169171,19.18456943060762,NA,NA,0
Dinolestes lewini,-36.14,150.13,2011,5,21,20,20,-36_150,19.3207901318868,18.72496032714844,19.59090364169171,19.18456943060762,NA,NA,0
Dinolestes lewini,-36.14,150.13,2011,5,21,25,20,-36_150,19.3207901318868,18.72496032714844,19.59090364169171,19.18456943060762,NA,NA,0
Dinolestes lewini,-36.14,150.13,2011,5,21,30,20,-36_150,19.3207901318868,18.72496032714844,19.59090364169171,19.18456943060762,NA,NA,0
Dinolestes lewini,-36.14,150.13,2011,5,21,35,20,-36_150,19.3207901318868,18.72496032714844,19.59090364169171,19.18456943060762,NA,NA,0
Dinolestes lewini,-35.99,150.16,2011,6,8,30,1,-36_150,19.3207901318868,17.34698486328125,19.59090364169171,17.43477740287781,2007,Batemans Marine Park,0
Dinolestes lewini,-35.99,150.16,2011,6,8,30,15,-36_150,19.3207901318868,17.34698486328125,19.59090364169171,17.43477740287781,2007,Batemans Marine Park,0
Dinolestes lewini,-35.99,150.16,2011,6,8,35,15,-36_150,19.3207901318868,17.34698486328125,19.59090364169171,17.43477740287781,2007,Batemans Marine Park,0
Dinolestes lewini,-33.8,151.3,2011,3,26,20,8,-34_151,20.72282870610555,23.22764015197754,20.846456927244198,23.384273667489328,2002,Cabbage Tree Bay Aquatic Reserve,0
Dinolestes lewini,-33.8,151.3,2011,3,26,25,3,-34_151,20.72282870610555,23.22764015197754,20.846456927244198,23.384273667489328,2002,Cabbage Tree Bay Aquatic Reserve,0
Dinolestes lewini,-32.74,152.2,2011,6,25,30,50,-33_152,21.399254004160564,19.886619567871097,21.19576238272011,20.698555082745024,NA,NA,0
Dinolestes lewini,-33.97,151.26,2011,3,25,12.5,1,-34_151,20.72282870610555,23.22764015197754,20.846456927244198,23.384273667489328,NA,NA,0
Dinolestes lewini,-33.97,151.26,2011,3,25,5,1,-34_151,20.72282870610555,23.22764015197754,20.846456927244198,23.384273667489328,NA,NA,0
Dinolestes lewini,-32.74,152.2,2011,6,26,20,1,-33_152,21.399254004160564,19.886619567871097,21.19576238272011,20.698555082745024,NA,NA,0
Dinolestes lewini,-35.86,150.19,2011,5,19,30,1,-36_150,19.3207901318868,18.72496032714844,19.59090364169171,19.18456943060762,2007,Batemans Marine Park,0
Dinolestes lewini,-36.01,150.17,2011,6,8,30,1,-36_150,19.3207901318868,17.34698486328125,19.59090364169171,17.43477740287781,2007,Batemans Marine Park,0
Dinolestes lewini,-36.01,150.17,2011,6,8,25,3,-36_150,19.3207901318868,17.34698486328125,19.59090364169171,17.43477740287781,2007,Batemans Marine Park,0
Dinolestes lewini,-36.01,150.17,2011,6,8,35,1,-36_150,19.3207901318868,17.34698486328125,19.59090364169171,17.43477740287781,2007,Batemans Marine Park,0
Dinolestes lewini,-36.25,150.23,2011,5,20,25,4,-36_150,19.3207901318868,18.72496032714844,19.59090364169171,19.18456943060762,2007,Batemans Marine Park,0
Dinolestes lewini,-36.25,150.23,2011,5,20,25,5,-36_150,19.3207901318868,18.72496032714844,19.59090364169171,19.18456943060762,2007,Batemans Marine Park,0
Dinolestes lewini,-36.25,150.23,2011,5,20,30,4,-36_150,19.3207901318868,18.72496032714844,19.59090364169171,19.18456943060762,2007,Batemans Marine Park,0
Dinolestes lewini,-36.25,150.23,2011,5,20,25,1,-36_150,19.3207901318868,18.72496032714844,19.59090364169171,19.18456943060762,2007,Batemans Marine Park,0
Dinolestes lewini,-33.83,151.27,2011,3,27,10,2,-34_151,20.72282870610555,23.22764015197754,20.846456927244198,23.384273667489328,NA,NA,0
Dinolestes lewini,-33.82,151.29,2011,3,28,15,2,-34_151,20.72282870610555,23.22764015197754,20.846456927244198,23.384273667489328,NA,NA,0
Dinolestes lewini,-33.82,151.29,2011,3,28,25,11,-34_151,20.72282870610555,23.22764015197754,20.846456927244198,23.384273667489328,NA,NA,0
Dinolestes lewini,-36.26,150.15,2011,7,1,20,1,-36_150,19.3207901318868,16.253055572509766,19.59090364169171,17.409031832089987,2007,Batemans Marine Park,0
Dinolestes lewini,-33.82,151.29,2011,3,28,20,5,-34_151,20.72282870610555,23.22764015197754,20.846456927244198,23.384273667489328,NA,NA,0
Dinolestes lewini,-35.12,150.76,2011,4,17,25,2,-35_151,20.16364081700643,22.31734085083008,20.277484727943488,23.11599941253662,2002,Booderee National Park,0
Dinolestes lewini,-35.12,150.76,2011,4,17,35,1,-35_151,20.16364081700643,22.31734085083008,20.277484727943488,23.11599941253662,2002,Booderee National Park,0
Dinolestes lewini,-35.12,150.76,2011,4,17,15,1,-35_151,20.16364081700643,22.31734085083008,20.277484727943488,23.11599941253662,2002,Booderee National Park,0
Dinolestes lewini,-35.12,150.76,2011,4,17,20,1,-35_151,20.16364081700643,22.31734085083008,20.277484727943488,23.11599941253662,2002,Booderee National Park,0
Dinolestes lewini,-35.12,150.76,2011,4,17,30,1,-35_151,20.16364081700643,22.31734085083008,20.277484727943488,23.11599941253662,2002,Booderee National Park,0
Dinolestes lewini,-35.12,150.76,2011,4,17,15,3,-35_151,20.16364081700643,22.31734085083008,20.277484727943488,23.11599941253662,2002,Booderee National Park,0
Dinolestes lewini,-35.12,150.71,2011,4,15,25,2,-35_151,20.16364081700643,22.31734085083008,20.277484727943488,23.11599941253662,NA,NA,0
Dinolestes lewini,-35.12,150.75,2011,4,16,30,1,-35_151,20.16364081700643,22.31734085083008,20.277484727943488,23.11599941253662,NA,NA,0
Dinolestes lewini,-35.12,150.71,2011,4,15,15,1,-35_151,20.16364081700643,22.31734085083008,20.277484727943488,23.11599941253662,NA,NA,0
Dinolestes lewini,-35.12,150.71,2011,4,15,20,4,-35_151,20.16364081700643,22.31734085083008,20.277484727943488,23.11599941253662,NA,NA,0
Dinolestes lewini,-35.12,150.71,2011,4,15,20,10,-35_151,20.16364081700643,22.31734085083008,20.277484727943488,23.11599941253662,NA,NA,0
Dinolestes lewini,-35.12,150.71,2011,4,15,30,3,-35_151,20.16364081700643,22.31734085083008,20.277484727943488,23.11599941253662,NA,NA,0
Dinolestes lewini,-32.68,152.23,2011,2,28,20,1,-33_152,21.399254004160564,24.478046417236328,21.19576238272011,23.549344658851624,2007,Port Stephens Great Lake Marine Park,0
Dinolestes lewini,-35.5,150.4,2011,4,14,25,1,-36_150,19.3207901318868,21.458396911621097,19.59090364169171,22.842721663581,NA,NA,0
Dinolestes lewini,-35.5,150.4,2011,4,14,25,4,-36_150,19.3207901318868,21.458396911621097,19.59090364169171,22.842721663581,NA,NA,0
Dinolestes lewini,-43,147.33,2010,2,11,20,2,-43_147,13.614574035008749,16.483436584472656,14.24150797809263,17.645428235190256,NA,NA,0
Dinolestes lewini,-43,147.33,2010,2,11,25,2,-43_147,13.614574035008749,16.483436584472656,14.24150797809263,17.645428235190256,NA,NA,0
Dinolestes lewini,-43.19,147.25,2010,1,12,15,1,-43_147,13.614574035008749,15.042136192321776,14.24150797809263,15.56696737350956,NA,NA,0
Dinolestes lewini,-42.98,147.39,2009,12,8,40,15,-43_147,13.387731552124023,14.00977897644043,14.014921353872898,14.788386744837608,NA,NA,0
Dinolestes lewini,-42.98,147.39,2009,12,8,25,10,-43_147,13.387731552124023,14.00977897644043,14.014921353872898,14.788386744837608,NA,NA,0
Dinolestes lewini,-42.98,147.39,2009,12,8,35,5,-43_147,13.387731552124023,14.00977897644043,14.014921353872898,14.788386744837608,NA,NA,0
Dinolestes lewini,-42.98,147.39,2009,12,8,40,3,-43_147,13.387731552124023,14.00977897644043,14.014921353872898,14.788386744837608,NA,NA,0
Dinolestes lewini,-42.98,147.39,2009,12,8,50,3,-43_147,13.387731552124023,14.00977897644043,14.014921353872898,14.788386744837608,NA,NA,0
Dinolestes lewini,-43.01,147.4,2009,12,8,30,40,-43_147,13.387731552124023,14.00977897644043,14.014921353872898,14.788386744837608,NA,NA,0
Dinolestes lewini,-43,147.33,2010,2,11,25,1,-43_147,13.614574035008749,16.483436584472656,14.24150797809263,17.645428235190256,NA,NA,0
Dinolestes lewini,-43,147.33,2010,2,11,30,2,-43_147,13.614574035008749,16.483436584472656,14.24150797809263,17.645428235190256,NA,NA,0
Dinolestes lewini,-43,147.33,2010,2,11,35,10,-43_147,13.614574035008749,16.483436584472656,14.24150797809263,17.645428235190256,NA,NA,0
Dinolestes lewini,-42.84,147.92,2010,2,14,20,1,-43_148,14.302608331044514,17.405588150024414,14.730523128344716,18.919821003505163,NA,NA,0
Dinolestes lewini,-42.84,147.92,2010,2,14,25,1,-43_148,14.302608331044514,17.405588150024414,14.730523128344716,18.919821003505163,NA,NA,0
Dinolestes lewini,-43.31,147.08,2008,12,1,15,20,-43_147,13.399687846501669,13.665411949157717,13.7767973197834,13.156967439959129,NA,NA,0
Dinolestes lewini,-43.31,147.08,2008,12,1,20,50,-43_147,13.399687846501669,13.665411949157717,13.7767973197834,13.156967439959129,NA,NA,0
Dinolestes lewini,-43.31,147.08,2008,12,1,25,30,-43_147,13.399687846501669,13.665411949157717,13.7767973197834,13.156967439959129,NA,NA,0
Dinolestes lewini,-43.45,146.97,2008,12,9,10,200,-43_147,13.399687846501669,13.665411949157717,13.7767973197834,13.156967439959129,NA,NA,0
Dinolestes lewini,-43.1,147.71,2008,12,15,7.5,7,-43_148,14.094604651133219,14.119633674621582,14.013373462664685,14.011612602972216,NA,NA,0
Dinolestes lewini,-43.1,147.71,2008,12,15,5,3,-43_148,14.094604651133219,14.119633674621582,14.013373462664685,14.011612602972216,NA,NA,0
Dinolestes lewini,-43.1,147.71,2008,12,15,7.5,1,-43_148,14.094604651133219,14.119633674621582,14.013373462664685,14.011612602972216,NA,NA,0
Dinolestes lewini,-43.1,147.71,2008,12,16,10,10,-43_148,14.094604651133219,14.119633674621582,14.013373462664685,14.011612602972216,NA,NA,0
Dinolestes lewini,-43.1,147.71,2008,12,16,10,3,-43_148,14.094604651133219,14.119633674621582,14.013373462664685,14.011612602972216,NA,NA,0
Dinolestes lewini,-43.1,147.71,2008,12,16,12.5,4,-43_148,14.094604651133219,14.119633674621582,14.013373462664685,14.011612602972216,NA,NA,0
Dinolestes lewini,-42.89,147.34,2009,12,9,12.5,1,-43_147,13.387731552124023,14.00977897644043,14.014921353872898,14.788386744837608,NA,NA,0
Dinolestes lewini,-43,147.33,2010,2,11,40,110,-43_147,13.614574035008749,16.483436584472656,14.24150797809263,17.645428235190256,NA,NA,0
Dinolestes lewini,-42.95,147.35,2010,2,10,20,60,-43_147,13.614574035008749,16.483436584472656,14.24150797809263,17.645428235190256,NA,NA,0
Dinolestes lewini,-42.95,147.35,2010,2,10,25,55,-43_147,13.614574035008749,16.483436584472656,14.24150797809263,17.645428235190256,NA,NA,0
Dinolestes lewini,-42.95,147.35,2010,2,10,15,12,-43_147,13.614574035008749,16.483436584472656,14.24150797809263,17.645428235190256,NA,NA,0
Dinolestes lewini,-42.95,147.35,2010,2,10,20,1,-43_147,13.614574035008749,16.483436584472656,14.24150797809263,17.645428235190256,NA,NA,0
Dinolestes lewini,-42.95,147.35,2010,2,10,15,18,-43_147,13.614574035008749,16.483436584472656,14.24150797809263,17.645428235190256,NA,NA,0
Dinolestes lewini,-42.95,147.35,2010,2,10,20,220,-43_147,13.614574035008749,16.483436584472656,14.24150797809263,17.645428235190256,NA,NA,0
Dinolestes lewini,-42.95,147.35,2010,2,10,15,25,-43_147,13.614574035008749,16.483436584472656,14.24150797809263,17.645428235190256,NA,NA,0
Dinolestes lewini,-42.95,147.35,2010,2,10,20,12,-43_147,13.614574035008749,16.483436584472656,14.24150797809263,17.645428235190256,NA,NA,0
Dinolestes lewini,-43,147.33,2010,2,11,15,1,-43_147,13.614574035008749,16.483436584472656,14.24150797809263,17.645428235190256,NA,NA,0
Dinolestes lewini,-43,147.33,2010,2,11,10,2,-43_147,13.614574035008749,16.483436584472656,14.24150797809263,17.645428235190256,NA,NA,0
Dinolestes lewini,-43,147.33,2010,2,11,12.5,1,-43_147,13.614574035008749,16.483436584472656,14.24150797809263,17.645428235190256,NA,NA,0
Dinolestes lewini,-43,147.33,2010,2,11,20,3,-43_147,13.614574035008749,16.483436584472656,14.24150797809263,17.645428235190256,NA,NA,0
Dinolestes lewini,-43,147.33,2010,2,11,25,3,-43_147,13.614574035008749,16.483436584472656,14.24150797809263,17.645428235190256,NA,NA,0
Dinolestes lewini,-43,147.33,2010,2,11,30,10,-43_147,13.614574035008749,16.483436584472656,14.24150797809263,17.645428235190256,NA,NA,0
Dinolestes lewini,-43,147.33,2010,2,11,35,20,-43_147,13.614574035008749,16.483436584472656,14.24150797809263,17.645428235190256,NA,NA,0
Dinolestes lewini,-43,147.33,2010,2,11,40,4,-43_147,13.614574035008749,16.483436584472656,14.24150797809263,17.645428235190256,NA,NA,0
Dinolestes lewini,-42.72,148.07,2008,1,8,5,1,-43_148,14.094604651133219,15.907567977905272,14.013373462664685,16.76903192766251,NA,NA,0
Dinolestes lewini,-42.72,148.07,2008,1,8,7.5,1,-43_148,14.094604651133219,15.907567977905272,14.013373462664685,16.76903192766251,NA,NA,0
Dinolestes lewini,-42.72,148.07,2008,1,8,12.5,1,-43_148,14.094604651133219,15.907567977905272,14.013373462664685,16.76903192766251,NA,NA,0
Dinolestes lewini,-42.72,148.07,2008,1,8,25,1,-43_148,14.094604651133219,15.907567977905272,14.013373462664685,16.76903192766251,NA,NA,0
Dinolestes lewini,-42.94,147.64,2008,1,7,25,15,-43_148,14.094604651133219,15.907567977905272,14.013373462664685,16.76903192766251,NA,NA,0
Dinolestes lewini,-42.97,147.34,2010,1,11,15,25,-43_147,13.614574035008749,15.042136192321776,14.24150797809263,15.56696737350956,NA,NA,0
Dinolestes lewini,-42.99,147.4,2010,1,13,30,12,-43_147,13.614574035008749,15.042136192321776,14.24150797809263,15.56696737350956,NA,NA,0
Dinolestes lewini,-42.99,147.4,2010,1,13,30,40,-43_147,13.614574035008749,15.042136192321776,14.24150797809263,15.56696737350956,NA,NA,0
Dinolestes lewini,-42.99,147.4,2010,1,13,35,10,-43_147,13.614574035008749,15.042136192321776,14.24150797809263,15.56696737350956,NA,NA,0
Dinolestes lewini,-34.07,151.16,2012,3,16,10,1,-34_151,20.258487860361736,22.889015197753903,20.38584178047,22.01508023661952,NA,NA,0
Dinolestes lewini,-34.07,151.16,2012,3,16,12.5,4,-34_151,20.258487860361736,22.889015197753903,20.38584178047,22.01508023661952,NA,NA,0
Dinolestes lewini,-34.07,151.16,2012,3,16,15,2,-34_151,20.258487860361736,22.889015197753903,20.38584178047,22.01508023661952,NA,NA,0
Dinolestes lewini,-33.82,151.29,2012,3,18,12.5,2,-34_151,20.258487860361736,22.889015197753903,20.38584178047,22.01508023661952,NA,NA,0
Dinolestes lewini,-33.82,151.29,2012,3,18,15,14,-34_151,20.258487860361736,22.889015197753903,20.38584178047,22.01508023661952,NA,NA,0
Dinolestes lewini,-33.82,151.29,2012,3,18,20,10,-34_151,20.258487860361736,22.889015197753903,20.38584178047,22.01508023661952,NA,NA,0
Dinolestes lewini,-33.82,151.29,2012,3,18,25,23,-34_151,20.258487860361736,22.889015197753903,20.38584178047,22.01508023661952,NA,NA,0
Dinolestes lewini,-33.82,151.29,2012,3,18,30,1,-34_151,20.258487860361736,22.889015197753903,20.38584178047,22.01508023661952,NA,NA,0
Dinolestes lewini,-33.82,151.29,2012,3,18,12.5,4,-34_151,20.258487860361736,22.889015197753903,20.38584178047,22.01508023661952,NA,NA,0
Dinolestes lewini,-33.82,151.29,2012,3,18,15,1,-34_151,20.258487860361736,22.889015197753903,20.38584178047,22.01508023661952,NA,NA,0
Dinolestes lewini,-33.82,151.29,2012,3,18,30,10,-34_151,20.258487860361736,22.889015197753903,20.38584178047,22.01508023661952,NA,NA,0
Dinolestes lewini,-33.84,151.28,2012,3,19,15,30,-34_151,20.258487860361736,22.889015197753903,20.38584178047,22.01508023661952,NA,NA,0
Dinolestes lewini,-33.84,151.28,2012,3,19,20,20,-34_151,20.258487860361736,22.889015197753903,20.38584178047,22.01508023661952,NA,NA,0
Dinolestes lewini,-33.84,151.28,2012,3,19,25,1,-34_151,20.258487860361736,22.889015197753903,20.38584178047,22.01508023661952,NA,NA,0
Dinolestes lewini,-33.84,151.28,2012,3,19,40,1,-34_151,20.258487860361736,22.889015197753903,20.38584178047,22.01508023661952,NA,NA,0
Dinolestes lewini,-33.83,151.26,2012,3,17,35,8,-34_151,20.258487860361736,22.889015197753903,20.38584178047,22.01508023661952,NA,NA,0
Dinolestes lewini,-33.83,151.26,2012,3,17,40,22,-34_151,20.258487860361736,22.889015197753903,20.38584178047,22.01508023661952,NA,NA,0
Dinolestes lewini,-33.83,151.26,2012,3,17,20,8,-34_151,20.258487860361736,22.889015197753903,20.38584178047,22.01508023661952,NA,NA,0
Dinolestes lewini,-33.83,151.27,2012,3,17,20,20,-34_151,20.258487860361736,22.889015197753903,20.38584178047,22.01508023661952,NA,NA,0
Dinolestes lewini,-33.82,151.27,2012,3,17,12.5,2,-34_151,20.258487860361736,22.889015197753903,20.38584178047,22.01508023661952,NA,NA,0
Dinolestes lewini,-33.82,151.27,2012,3,17,12.5,14,-34_151,20.258487860361736,22.889015197753903,20.38584178047,22.01508023661952,NA,NA,0
Dinolestes lewini,-42.98,147.39,2010,2,12,12.5,1,-43_147,13.614574035008749,16.483436584472656,14.24150797809263,17.645428235190256,NA,NA,0
Dinolestes lewini,-42.98,147.39,2010,2,12,20,60,-43_147,13.614574035008749,16.483436584472656,14.24150797809263,17.645428235190256,NA,NA,0
Dinolestes lewini,-43.05,147.35,2010,1,11,20,17,-43_147,13.614574035008749,15.042136192321776,14.24150797809263,15.56696737350956,2009,Tinderbox Marine Reserve,0
Dinolestes lewini,-43.05,147.35,2010,1,11,25,33,-43_147,13.614574035008749,15.042136192321776,14.24150797809263,15.56696737350956,2009,Tinderbox Marine Reserve,0
Dinolestes lewini,-43.05,147.35,2010,1,11,30,17,-43_147,13.614574035008749,15.042136192321776,14.24150797809263,15.56696737350956,2009,Tinderbox Marine Reserve,0
Dinolestes lewini,-43.05,147.35,2010,1,11,20,9,-43_147,13.614574035008749,15.042136192321776,14.24150797809263,15.56696737350956,2009,Tinderbox Marine Reserve,0
Dinolestes lewini,-43.05,147.35,2010,1,11,25,2,-43_147,13.614574035008749,15.042136192321776,14.24150797809263,15.56696737350956,2009,Tinderbox Marine Reserve,0
Dinolestes lewini,-43.19,147.87,2009,1,5,15,1,-43_148,14.042946100234985,15.368613243103027,14.376325621269205,15.6580964180731,NA,NA,0
Dinolestes lewini,-43.09,147.32,2009,3,9,20,2,-43_147,13.387731552124023,15.268451690673828,14.014921353872898,15.380709291273549,NA,NA,0
Dinolestes lewini,-43.09,147.32,2009,3,9,25,1,-43_147,13.387731552124023,15.268451690673828,14.014921353872898,15.380709291273549,NA,NA,0
Dinolestes lewini,-43.09,147.32,2009,3,9,30,1,-43_147,13.387731552124023,15.268451690673828,14.014921353872898,15.380709291273549,NA,NA,0
Dinolestes lewini,-42.23,148.25,2011,1,15,35,8,-42_148,14.997762759526571,17.16499900817871,14.78819945009521,16.916666297502417,NA,NA,0
Dinolestes lewini,-42.23,148.25,2011,1,15,35,5,-42_148,14.997762759526571,17.16499900817871,14.78819945009521,16.916666297502417,NA,NA,0
Dinolestes lewini,-42.18,148.26,2011,1,13,40,1,-42_148,14.997762759526571,17.16499900817871,14.78819945009521,16.916666297502417,NA,NA,0
Dinolestes lewini,-41.87,148.32,2011,1,16,40,1,-42_148,14.997762759526571,17.16499900817871,14.78819945009521,16.916666297502417,1991,Governor Island Marine Nature Reserve,1
Dinolestes lewini,-41.88,148.31,2011,1,16,30,4,-42_148,14.997762759526571,17.16499900817871,14.78819945009521,16.916666297502417,NA,NA,0
Dinolestes lewini,-41.88,148.31,2011,1,16,35,2,-42_148,14.997762759526571,17.16499900817871,14.78819945009521,16.916666297502417,NA,NA,0
Dinolestes lewini,-41.88,148.31,2011,1,16,35,14,-42_148,14.997762759526571,17.16499900817871,14.78819945009521,16.916666297502417,NA,NA,0
Dinolestes lewini,-41.88,148.31,2011,1,16,40,20,-42_148,14.997762759526571,17.16499900817871,14.78819945009521,16.916666297502417,NA,NA,0
Dinolestes lewini,-41.88,148.31,2011,1,16,30,2,-42_148,14.997762759526571,17.16499900817871,14.78819945009521,16.916666297502417,NA,NA,0
Dinolestes lewini,-41.88,148.31,2011,1,16,40,1,-42_148,14.997762759526571,17.16499900817871,14.78819945009521,16.916666297502417,NA,NA,0
Dinolestes lewini,-41.88,148.31,2011,1,16,30,1,-42_148,14.997762759526571,17.16499900817871,14.78819945009521,16.916666297502417,NA,NA,0
Dinolestes lewini,-43.03,147.34,2010,1,11,25,1,-43_147,13.614574035008749,15.042136192321776,14.24150797809263,15.56696737350956,2009,Tinderbox Marine Reserve,0
Dinolestes lewini,-43.16,147.85,2008,4,19,15,2,-43_148,14.094604651133219,15.289263725280762,14.013373462664685,14.255033019383747,NA,NA,0
Dinolestes lewini,-42.95,147.64,2008,1,7,30,25,-43_148,14.094604651133219,15.907567977905272,14.013373462664685,16.76903192766251,NA,NA,0
Dinolestes lewini,-38.96,146.23,2006,6,18,25,13,-39_146,15.367799599965414,14.134716987609863,15.390590115349577,14.090481164720323,NA,NA,0
Dinolestes lewini,-38.96,146.23,2006,6,18,30,3,-39_146,15.367799599965414,14.134716987609863,15.390590115349577,14.090481164720323,NA,NA,0
Dinolestes lewini,-38.96,146.23,2006,6,18,25,2,-39_146,15.367799599965414,14.134716987609863,15.390590115349577,14.090481164720323,NA,NA,0
Dinolestes lewini,-38.96,146.23,2006,6,18,30,2,-39_146,15.367799599965414,14.134716987609863,15.390590115349577,14.090481164720323,NA,NA,0
Dinolestes lewini,-38.99,146.25,2006,6,17,25,2,-39_146,15.367799599965414,14.134716987609863,15.390590115349577,14.090481164720323,NA,NA,0
Dinolestes lewini,-39.08,146.32,2006,6,20,12.5,1,-39_146,15.367799599965414,14.134716987609863,15.390590115349577,14.090481164720323,2002,Wilsons Promontory Marine National Park,0
Dinolestes lewini,-39.08,146.23,2006,6,19,20,1,-39_146,15.367799599965414,14.134716987609863,15.390590115349577,14.090481164720323,NA,NA,0
Dinolestes lewini,-39.1,146.33,2006,6,20,15,1,-39_146,15.367799599965414,14.134716987609863,15.390590115349577,14.090481164720323,2002,Wilsons Promontory Marine National Park,0
Dinolestes lewini,-39.06,146.48,2006,6,26,15,2,-39_146,15.367799599965414,14.134716987609863,15.390590115349577,14.090481164720323,NA,NA,0
Dinolestes lewini,-39.06,146.48,2006,6,26,20,7,-39_146,15.367799599965414,14.134716987609863,15.390590115349577,14.090481164720323,NA,NA,0
Dinolestes lewini,-39.06,146.48,2006,6,26,15,8,-39_146,15.367799599965414,14.134716987609863,15.390590115349577,14.090481164720323,NA,NA,0
Dinolestes lewini,-39.06,146.48,2006,6,26,20,13,-39_146,15.367799599965414,14.134716987609863,15.390590115349577,14.090481164720323,NA,NA,0
Dinolestes lewini,-39.05,146.48,2006,6,27,15,6,-39_146,15.367799599965414,14.134716987609863,15.390590115349577,14.090481164720323,NA,NA,0
Dinolestes lewini,-39.05,146.48,2006,6,27,10,20,-39_146,15.367799599965414,14.134716987609863,15.390590115349577,14.090481164720323,NA,NA,0
Dinolestes lewini,-39.05,146.48,2006,6,27,12.5,10,-39_146,15.367799599965414,14.134716987609863,15.390590115349577,14.090481164720323,NA,NA,0
Dinolestes lewini,-39.05,146.48,2006,6,27,15,4,-39_146,15.367799599965414,14.134716987609863,15.390590115349577,14.090481164720323,NA,NA,0
Dinolestes lewini,-39.04,146.47,2006,6,27,15,9,-39_146,15.367799599965414,14.134716987609863,15.390590115349577,14.090481164720323,NA,NA,0
Dinolestes lewini,-39.04,146.47,2006,6,27,20,11,-39_146,15.367799599965414,14.134716987609863,15.390590115349577,14.090481164720323,NA,NA,0
Dinolestes lewini,-39.04,146.47,2006,6,27,15,1,-39_146,15.367799599965414,14.134716987609863,15.390590115349577,14.090481164720323,NA,NA,0
Dinolestes lewini,-39.04,146.47,2006,6,27,20,4,-39_146,15.367799599965414,14.134716987609863,15.390590115349577,14.090481164720323,NA,NA,0
Dinolestes lewini,-39.02,146.47,2006,6,26,20,2,-39_146,15.367799599965414,14.134716987609863,15.390590115349577,14.090481164720323,NA,NA,0
Dinolestes lewini,-39.02,146.47,2006,6,26,25,1,-39_146,15.367799599965414,14.134716987609863,15.390590115349577,14.090481164720323,NA,NA,0
Dinolestes lewini,-39.02,146.47,2006,6,26,25,4,-39_146,15.367799599965414,14.134716987609863,15.390590115349577,14.090481164720323,NA,NA,0
Dinolestes lewini,-38.96,146.23,2010,12,5,25,1,-39_146,15.914611657460531,16.58823013305664,16.030566214012218,16.801899318626706,NA,NA,0
Dinolestes lewini,-39.06,146.47,2010,12,3,25,6,-39_146,15.914611657460531,16.58823013305664,16.030566214012218,16.801899318626706,2002,Wilsons Promontory Marine National Park,0
Dinolestes lewini,-39.06,146.47,2010,12,3,25,14,-39_146,15.914611657460531,16.58823013305664,16.030566214012218,16.801899318626706,2002,Wilsons Promontory Marine National Park,0
Dinolestes lewini,-39.06,146.47,2010,12,4,7.5,1,-39_146,15.914611657460531,16.58823013305664,16.030566214012218,16.801899318626706,2002,Wilsons Promontory Marine National Park,0
Dinolestes lewini,-39.1,146.33,2011,12,4,20,1,-39_146,15.711700677871704,17.180038452148438,15.71585513558778,17.133978183978773,2002,Wilsons Promontory Marine National Park,0
Dinolestes lewini,-38.99,146.25,2010,12,4,15,16,-39_146,15.914611657460531,16.58823013305664,16.030566214012218,16.801899318626706,NA,NA,0
Dinolestes lewini,-38.99,146.25,2010,12,4,20,4,-39_146,15.914611657460531,16.58823013305664,16.030566214012218,16.801899318626706,NA,NA,0
Dinolestes lewini,-39.02,146.24,2010,12,4,12.5,8,-39_146,15.914611657460531,16.58823013305664,16.030566214012218,16.801899318626706,NA,NA,0
Dinolestes lewini,-39.02,146.24,2010,12,4,12.5,3,-39_146,15.914611657460531,16.58823013305664,16.030566214012218,16.801899318626706,NA,NA,0
Dinolestes lewini,-39.04,146.3,2010,12,5,7.5,3,-39_146,15.914611657460531,16.58823013305664,16.030566214012218,16.801899318626706,NA,NA,0
Dinolestes lewini,-39.04,146.3,2010,12,5,7.5,5,-39_146,15.914611657460531,16.58823013305664,16.030566214012218,16.801899318626706,NA,NA,0
Dinolestes lewini,-39.04,146.3,2010,12,5,15,20,-39_146,15.914611657460531,16.58823013305664,16.030566214012218,16.801899318626706,NA,NA,0
Dinolestes lewini,-39.05,146.32,2010,12,6,10,1,-39_146,15.914611657460531,16.58823013305664,16.030566214012218,16.801899318626706,2002,Wilsons Promontory Marine National Park,0
Dinolestes lewini,-39.1,146.33,2010,12,3,15,1,-39_146,15.914611657460531,16.58823013305664,16.030566214012218,16.801899318626706,2002,Wilsons Promontory Marine National Park,0
Dinolestes lewini,-39.1,146.33,2010,12,3,12.5,1,-39_146,15.914611657460531,16.58823013305664,16.030566214012218,16.801899318626706,2002,Wilsons Promontory Marine National Park,0
Dinolestes lewini,-39.1,146.33,2010,12,3,10,2,-39_146,15.914611657460531,16.58823013305664,16.030566214012218,16.801899318626706,2002,Wilsons Promontory Marine National Park,0
Dinolestes lewini,-39.11,146.34,2010,12,4,12.5,1,-39_146,15.914611657460531,16.58823013305664,16.030566214012218,16.801899318626706,2002,Wilsons Promontory Marine National Park,0
Dinolestes lewini,-39.13,146.38,2010,12,4,12.5,3,-39_146,15.914611657460531,16.58823013305664,16.030566214012218,16.801899318626706,2002,Wilsons Promontory Marine National Park,0
Dinolestes lewini,-38.68,145.66,2011,5,9,50,1,-39_146,15.711700677871704,15.834772109985352,15.71585513558778,15.668709300324908,2002,Bunurong Marine National Park,0
Dinolestes lewini,-38.65,145.7,2000,2,16,25,5,-39_146,16.089252551396687,18.71611785888672,16.0007740306904,18.779961253491397,NA,NA,0
Dinolestes lewini,-38.65,145.7,2000,2,16,25,9,-39_146,16.089252551396687,18.71611785888672,16.0007740306904,18.779961253491397,NA,NA,0
Dinolestes lewini,-38.99,146.25,2011,12,4,7.5,5,-39_146,15.711700677871704,17.180038452148438,15.71585513558778,17.133978183978773,NA,NA,0
Dinolestes lewini,-38.99,146.25,2011,12,4,7.5,6,-39_146,15.711700677871704,17.180038452148438,15.71585513558778,17.133978183978773,NA,NA,0
Dinolestes lewini,-39.04,146.3,2011,12,1,20,8,-39_146,15.711700677871704,17.180038452148438,15.71585513558778,17.133978183978773,NA,NA,0
Dinolestes lewini,-39.04,146.3,2011,12,1,20,10,-39_146,15.711700677871704,17.180038452148438,15.71585513558778,17.133978183978773,NA,NA,0
Dinolestes lewini,-39.04,146.3,2011,12,1,20,17,-39_146,15.711700677871704,17.180038452148438,15.71585513558778,17.133978183978773,NA,NA,0
Dinolestes lewini,-39.04,146.3,2011,12,1,35,1,-39_146,15.711700677871704,17.180038452148438,15.71585513558778,17.133978183978773,NA,NA,0
Dinolestes lewini,-39.04,146.3,2011,12,1,20,2,-39_146,15.711700677871704,17.180038452148438,15.71585513558778,17.133978183978773,NA,NA,0
Dinolestes lewini,-39.05,146.32,2011,12,2,12.5,37,-39_146,15.711700677871704,17.180038452148438,15.71585513558778,17.133978183978773,2002,Wilsons Promontory Marine National Park,0
Dinolestes lewini,-39.05,146.32,2011,12,2,12.5,11,-39_146,15.711700677871704,17.180038452148438,15.71585513558778,17.133978183978773,2002,Wilsons Promontory Marine National Park,0
Dinolestes lewini,-39.12,146.42,2000,5,16,15,4,-39_146,16.089252551396687,16.420974731445313,16.0007740306904,16.374085658767317,2002,Wilsons Promontory Marine National Park,0
Dinolestes lewini,-39.12,146.42,2000,5,16,25,1,-39_146,16.089252551396687,16.420974731445313,16.0007740306904,16.374085658767317,2002,Wilsons Promontory Marine National Park,0
Dinolestes lewini,-39.12,146.42,2000,5,16,15,1,-39_146,16.089252551396687,16.420974731445313,16.0007740306904,16.374085658767317,2002,Wilsons Promontory Marine National Park,0
Dinolestes lewini,-39.12,146.42,2000,5,16,20,2,-39_146,16.089252551396687,16.420974731445313,16.0007740306904,16.374085658767317,2002,Wilsons Promontory Marine National Park,0
Dinolestes lewini,-39.11,146.43,2000,5,15,30,1,-39_146,16.089252551396687,16.420974731445313,16.0007740306904,16.374085658767317,2002,Wilsons Promontory Marine National Park,0
Dinolestes lewini,-39.11,146.43,2000,5,15,20,1,-39_146,16.089252551396687,16.420974731445313,16.0007740306904,16.374085658767317,2002,Wilsons Promontory Marine National Park,0
Dinolestes lewini,-39.06,146.45,2000,5,16,20,1,-39_146,16.089252551396687,16.420974731445313,16.0007740306904,16.374085658767317,2002,Wilsons Promontory Marine National Park,0
Dinolestes lewini,-39.06,146.45,2000,5,16,20,2,-39_146,16.089252551396687,16.420974731445313,16.0007740306904,16.374085658767317,2002,Wilsons Promontory Marine National Park,0
Dinolestes lewini,-39.06,146.45,2000,5,16,20,4,-39_146,16.089252551396687,16.420974731445313,16.0007740306904,16.374085658767317,2002,Wilsons Promontory Marine National Park,0
Dinolestes lewini,-39.06,146.45,2000,5,16,25,2,-39_146,16.089252551396687,16.420974731445313,16.0007740306904,16.374085658767317,2002,Wilsons Promontory Marine National Park,0
Dinolestes lewini,-39.06,146.45,2000,5,16,25,7,-39_146,16.089252551396687,16.420974731445313,16.0007740306904,16.374085658767317,2002,Wilsons Promontory Marine National Park,0
Dinolestes lewini,-39.06,146.45,2000,5,16,25,12,-39_146,16.089252551396687,16.420974731445313,16.0007740306904,16.374085658767317,2002,Wilsons Promontory Marine National Park,0
Dinolestes lewini,-39.02,146.24,2000,6,10,12.5,2,-39_146,16.089252551396687,15.252044677734377,16.0007740306904,14.564851488890472,NA,NA,0
Dinolestes lewini,-39.02,146.24,2000,6,10,25,2,-39_146,16.089252551396687,15.252044677734377,16.0007740306904,14.564851488890472,NA,NA,0
Dinolestes lewini,-39.06,146.45,2000,5,16,25,1,-39_146,16.089252551396687,16.420974731445313,16.0007740306904,16.374085658767317,2002,Wilsons Promontory Marine National Park,0
Dinolestes lewini,-39.06,146.45,2000,5,16,25,8,-39_146,16.089252551396687,16.420974731445313,16.0007740306904,16.374085658767317,2002,Wilsons Promontory Marine National Park,0
Dinolestes lewini,-39.02,146.28,2000,6,11,10,2,-39_146,16.089252551396687,15.252044677734377,16.0007740306904,14.564851488890472,NA,NA,0
Dinolestes lewini,-39.02,146.28,2000,6,11,12.5,2,-39_146,16.089252551396687,15.252044677734377,16.0007740306904,14.564851488890472,NA,NA,0
Dinolestes lewini,-39.02,146.28,2000,6,11,15,4,-39_146,16.089252551396687,15.252044677734377,16.0007740306904,14.564851488890472,NA,NA,0
Dinolestes lewini,-39.02,146.28,2000,6,11,20,6,-39_146,16.089252551396687,15.252044677734377,16.0007740306904,14.564851488890472,NA,NA,0
Dinolestes lewini,-39.04,146.3,2000,6,12,20,4,-39_146,16.089252551396687,15.252044677734377,16.0007740306904,14.564851488890472,NA,NA,0
Dinolestes lewini,-39.04,146.3,2000,6,12,25,9,-39_146,16.089252551396687,15.252044677734377,16.0007740306904,14.564851488890472,NA,NA,0
Dinolestes lewini,-39.04,146.3,2000,6,12,20,8,-39_146,16.089252551396687,15.252044677734377,16.0007740306904,14.564851488890472,NA,NA,0
Dinolestes lewini,-39.04,146.3,2000,6,12,25,3,-39_146,16.089252551396687,15.252044677734377,16.0007740306904,14.564851488890472,NA,NA,0
Dinolestes lewini,-39.05,146.32,2000,6,12,20,5,-39_146,16.089252551396687,15.252044677734377,16.0007740306904,14.564851488890472,2002,Wilsons Promontory Marine National Park,0
Dinolestes lewini,-39.05,146.32,2000,6,12,25,4,-39_146,16.089252551396687,15.252044677734377,16.0007740306904,14.564851488890472,2002,Wilsons Promontory Marine National Park,0
Dinolestes lewini,-39.06,146.47,2000,5,17,25,1,-39_146,16.089252551396687,16.420974731445313,16.0007740306904,16.374085658767317,2002,Wilsons Promontory Marine National Park,0
Dinolestes lewini,-39.08,146.32,2000,6,14,35,2,-39_146,16.089252551396687,15.252044677734377,16.0007740306904,14.564851488890472,2002,Wilsons Promontory Marine National Park,0
Dinolestes lewini,-39.08,146.32,2000,6,14,35,6,-39_146,16.089252551396687,15.252044677734377,16.0007740306904,14.564851488890472,2002,Wilsons Promontory Marine National Park,0
Dinolestes lewini,-39.11,146.34,2000,6,10,12.5,2,-39_146,16.089252551396687,15.252044677734377,16.0007740306904,14.564851488890472,2002,Wilsons Promontory Marine National Park,0
Dinolestes lewini,-39.11,146.34,2000,6,10,15,1,-39_146,16.089252551396687,15.252044677734377,16.0007740306904,14.564851488890472,2002,Wilsons Promontory Marine National Park,0
Dinolestes lewini,-39.09,146.44,2000,6,13,20,3,-39_146,16.089252551396687,15.252044677734377,16.0007740306904,14.564851488890472,2002,Wilsons Promontory Marine National Park,0
Dinolestes lewini,-39.09,146.44,2000,6,13,20,5,-39_146,16.089252551396687,15.252044677734377,16.0007740306904,14.564851488890472,2002,Wilsons Promontory Marine National Park,0
Dinolestes lewini,-39.09,146.44,2000,6,13,25,1,-39_146,16.089252551396687,15.252044677734377,16.0007740306904,14.564851488890472,2002,Wilsons Promontory Marine National Park,0
Dinolestes lewini,-39.09,146.44,2000,6,13,20,4,-39_146,16.089252551396687,15.252044677734377,16.0007740306904,14.564851488890472,2002,Wilsons Promontory Marine National Park,0
Dinolestes lewini,-39.09,146.44,2000,6,13,25,3,-39_146,16.089252551396687,15.252044677734377,16.0007740306904,14.564851488890472,2002,Wilsons Promontory Marine National Park,0
Dinolestes lewini,-39.09,146.44,2000,6,13,20,48,-39_146,16.089252551396687,15.252044677734377,16.0007740306904,14.564851488890472,2002,Wilsons Promontory Marine National Park,0
Dinolestes lewini,-39.09,146.44,2000,6,13,25,9,-39_146,16.089252551396687,15.252044677734377,16.0007740306904,14.564851488890472,2002,Wilsons Promontory Marine National Park,0
Dinolestes lewini,-39.06,146.47,2000,5,17,25,1,-39_146,16.089252551396687,16.420974731445313,16.0007740306904,16.374085658767317,2002,Wilsons Promontory Marine National Park,0
Dinolestes lewini,-39.09,146.44,2000,6,13,15,8,-39_146,16.089252551396687,15.252044677734377,16.0007740306904,14.564851488890472,2002,Wilsons Promontory Marine National Park,0
Dinolestes lewini,-39.09,146.44,2000,6,14,25,37,-39_146,16.089252551396687,15.252044677734377,16.0007740306904,14.564851488890472,2002,Wilsons Promontory Marine National Park,0
Dinolestes lewini,-39.09,146.44,2000,6,14,25,3,-39_146,16.089252551396687,15.252044677734377,16.0007740306904,14.564851488890472,2002,Wilsons Promontory Marine National Park,0
Dinolestes lewini,-38.99,146.25,2000,11,12,20,4,-39_146,16.089252551396687,15.598596572875977,16.0007740306904,15.698332991423433,NA,NA,0
Dinolestes lewini,-39.02,146.24,2000,11,12,30,22,-39_146,16.089252551396687,15.598596572875977,16.0007740306904,15.698332991423433,NA,NA,0
Dinolestes lewini,-39.02,146.24,2000,11,12,20,6,-39_146,16.089252551396687,15.598596572875977,16.0007740306904,15.698332991423433,NA,NA,0
Dinolestes lewini,-39.02,146.24,2000,11,12,30,1,-39_146,16.089252551396687,15.598596572875977,16.0007740306904,15.698332991423433,NA,NA,0
Dinolestes lewini,-39.02,146.24,2000,11,12,30,5,-39_146,16.089252551396687,15.598596572875977,16.0007740306904,15.698332991423433,NA,NA,0
Dinolestes lewini,-39.02,146.24,2000,11,12,35,14,-39_146,16.089252551396687,15.598596572875977,16.0007740306904,15.698332991423433,NA,NA,0
Dinolestes lewini,-39.02,146.24,2000,11,12,30,7,-39_146,16.089252551396687,15.598596572875977,16.0007740306904,15.698332991423433,NA,NA,0
Dinolestes lewini,-39.02,146.24,2000,11,12,35,6,-39_146,16.089252551396687,15.598596572875977,16.0007740306904,15.698332991423433,NA,NA,0
Dinolestes lewini,-39.02,146.24,2000,11,12,30,3,-39_146,16.089252551396687,15.598596572875977,16.0007740306904,15.698332991423433,NA,NA,0
Dinolestes lewini,-39.02,146.24,2000,11,12,30,19,-39_146,16.089252551396687,15.598596572875977,16.0007740306904,15.698332991423433,NA,NA,0
Dinolestes lewini,-39.02,146.28,2000,11,12,25,3,-39_146,16.089252551396687,15.598596572875977,16.0007740306904,15.698332991423433,NA,NA,0
Dinolestes lewini,-39.02,146.28,2000,11,12,25,4,-39_146,16.089252551396687,15.598596572875977,16.0007740306904,15.698332991423433,NA,NA,0
Dinolestes lewini,-39.06,146.48,2000,5,16,25,1,-39_146,16.089252551396687,16.420974731445313,16.0007740306904,16.374085658767317,NA,NA,0
Dinolestes lewini,-39.02,146.28,2000,11,12,30,10,-39_146,16.089252551396687,15.598596572875977,16.0007740306904,15.698332991423433,NA,NA,0
Dinolestes lewini,-39.02,146.28,2000,11,12,30,2,-39_146,16.089252551396687,15.598596572875977,16.0007740306904,15.698332991423433,NA,NA,0
Dinolestes lewini,-39.06,146.48,2000,5,16,10,1,-39_146,16.089252551396687,16.420974731445313,16.0007740306904,16.374085658767317,NA,NA,0
Dinolestes lewini,-39.09,146.23,2000,11,12,30,3,-39_146,16.089252551396687,15.598596572875977,16.0007740306904,15.698332991423433,NA,NA,0
Dinolestes lewini,-39.09,146.23,2000,11,12,35,19,-39_146,16.089252551396687,15.598596572875977,16.0007740306904,15.698332991423433,NA,NA,0
Dinolestes lewini,-39.09,146.23,2000,11,12,25,1,-39_146,16.089252551396687,15.598596572875977,16.0007740306904,15.698332991423433,NA,NA,0
Dinolestes lewini,-39.09,146.23,2000,11,12,30,1,-39_146,16.089252551396687,15.598596572875977,16.0007740306904,15.698332991423433,NA,NA,0
Dinolestes lewini,-39.09,146.23,2000,11,12,35,2,-39_146,16.089252551396687,15.598596572875977,16.0007740306904,15.698332991423433,NA,NA,0
Dinolestes lewini,-39.08,146.23,2000,5,21,25,39,-39_146,16.089252551396687,16.420974731445313,16.0007740306904,16.374085658767317,NA,NA,0
Dinolestes lewini,-39.08,146.23,2000,5,21,25,1,-39_146,16.089252551396687,16.420974731445313,16.0007740306904,16.374085658767317,NA,NA,0
Dinolestes lewini,-39.08,146.23,2000,5,21,30,20,-39_146,16.089252551396687,16.420974731445313,16.0007740306904,16.374085658767317,NA,NA,0
Dinolestes lewini,-39.08,146.23,2000,5,21,30,180,-39_146,16.089252551396687,16.420974731445313,16.0007740306904,16.374085658767317,NA,NA,0
Dinolestes lewini,-39.05,146.48,2000,5,17,35,2,-39_146,16.089252551396687,16.420974731445313,16.0007740306904,16.374085658767317,NA,NA,0
Dinolestes lewini,-39.05,146.48,2000,5,17,30,1,-39_146,16.089252551396687,16.420974731445313,16.0007740306904,16.374085658767317,NA,NA,0
Dinolestes lewini,-39.04,146.47,2000,5,18,20,85,-39_146,16.089252551396687,16.420974731445313,16.0007740306904,16.374085658767317,NA,NA,0
Dinolestes lewini,-39.04,146.47,2000,5,18,20,35,-39_146,16.089252551396687,16.420974731445313,16.0007740306904,16.374085658767317,NA,NA,0
Dinolestes lewini,-39.03,146.47,2000,5,17,30,1,-39_146,16.089252551396687,16.420974731445313,16.0007740306904,16.374085658767317,NA,NA,0
Dinolestes lewini,-39.02,146.47,2000,5,18,15,27,-39_146,16.089252551396687,16.420974731445313,16.0007740306904,16.374085658767317,NA,NA,0
Dinolestes lewini,-39.02,146.47,2000,5,18,15,73,-39_146,16.089252551396687,16.420974731445313,16.0007740306904,16.374085658767317,NA,NA,0
Dinolestes lewini,-38.96,146.23,2000,6,11,25,2,-39_146,16.089252551396687,15.252044677734377,16.0007740306904,14.564851488890472,NA,NA,0
Dinolestes lewini,-39.08,146.32,2001,5,3,25,21,-39_146,16.145289182662964,16.337480545043945,15.846995075992698,16.2936555903445,2002,Wilsons Promontory Marine National Park,0
Dinolestes lewini,-39.08,146.32,2001,5,3,30,2,-39_146,16.145289182662964,16.337480545043945,15.846995075992698,16.2936555903445,2002,Wilsons Promontory Marine National Park,0
Dinolestes lewini,-39.08,146.32,2001,5,3,25,1,-39_146,16.145289182662964,16.337480545043945,15.846995075992698,16.2936555903445,2002,Wilsons Promontory Marine National Park,0
Dinolestes lewini,-39.08,146.32,2001,5,3,30,8,-39_146,16.145289182662964,16.337480545043945,15.846995075992698,16.2936555903445,2002,Wilsons Promontory Marine National Park,0
Dinolestes lewini,-39.08,146.23,2001,5,2,25,3,-39_146,16.145289182662964,16.337480545043945,15.846995075992698,16.2936555903445,NA,NA,0
Dinolestes lewini,-39.08,146.23,2001,5,2,30,7,-39_146,16.145289182662964,16.337480545043945,15.846995075992698,16.2936555903445,NA,NA,0
Dinolestes lewini,-39.08,146.23,2001,5,2,20,1,-39_146,16.145289182662964,16.337480545043945,15.846995075992698,16.2936555903445,NA,NA,0
Dinolestes lewini,-39.08,146.23,2001,5,2,25,2,-39_146,16.145289182662964,16.337480545043945,15.846995075992698,16.2936555903445,NA,NA,0
Dinolestes lewini,-39.08,146.23,2001,5,2,30,9,-39_146,16.145289182662964,16.337480545043945,15.846995075992698,16.2936555903445,NA,NA,0
Dinolestes lewini,-39.08,146.23,2001,5,2,25,3,-39_146,16.145289182662964,16.337480545043945,15.846995075992698,16.2936555903445,NA,NA,0
Dinolestes lewini,-39.08,146.23,2001,5,2,30,11,-39_146,16.145289182662964,16.337480545043945,15.846995075992698,16.2936555903445,NA,NA,0
Dinolestes lewini,-39.08,146.23,2001,5,2,35,1,-39_146,16.145289182662964,16.337480545043945,15.846995075992698,16.2936555903445,NA,NA,0
Dinolestes lewini,-39.08,146.23,2001,5,2,25,2,-39_146,16.145289182662964,16.337480545043945,15.846995075992698,16.2936555903445,NA,NA,0
Dinolestes lewini,-39.08,146.23,2001,5,2,30,4,-39_146,16.145289182662964,16.337480545043945,15.846995075992698,16.2936555903445,NA,NA,0
Dinolestes lewini,-39.08,146.23,2001,5,2,35,15,-39_146,16.145289182662964,16.337480545043945,15.846995075992698,16.2936555903445,NA,NA,0
Dinolestes lewini,-39.1,146.33,2001,4,30,25,10,-39_146,16.145289182662964,17.669578552246094,15.846995075992698,17.208184729682074,2002,Wilsons Promontory Marine National Park,0
Dinolestes lewini,-39.1,146.33,2001,4,30,25,6,-39_146,16.145289182662964,17.669578552246094,15.846995075992698,17.208184729682074,2002,Wilsons Promontory Marine National Park,0
Dinolestes lewini,-39.1,146.33,2001,4,30,30,10,-39_146,16.145289182662964,17.669578552246094,15.846995075992698,17.208184729682074,2002,Wilsons Promontory Marine National Park,0
Dinolestes lewini,-39.11,146.34,2001,4,30,15,1,-39_146,16.145289182662964,17.669578552246094,15.846995075992698,17.208184729682074,2002,Wilsons Promontory Marine National Park,0
Dinolestes lewini,-39.14,146.32,2001,5,3,25,1,-39_146,16.145289182662964,16.337480545043945,15.846995075992698,16.2936555903445,2002,Wilsons Promontory Marine National Park,0
Dinolestes lewini,-39.04,146.3,2001,5,2,20,47,-39_146,16.145289182662964,16.337480545043945,15.846995075992698,16.2936555903445,NA,NA,0
Dinolestes lewini,-39.04,146.3,2001,5,2,20,13,-39_146,16.145289182662964,16.337480545043945,15.846995075992698,16.2936555903445,NA,NA,0
Dinolestes lewini,-39.02,146.47,2001,5,27,15,1,-39_146,16.145289182662964,16.337480545043945,15.846995075992698,16.2936555903445,NA,NA,0
Dinolestes lewini,-39.02,146.47,2001,5,27,15,5,-39_146,16.145289182662964,16.337480545043945,15.846995075992698,16.2936555903445,NA,NA,0
Dinolestes lewini,-38.68,145.66,2001,5,11,35,1,-39_146,16.145289182662964,16.337480545043945,15.846995075992698,16.2936555903445,2002,Bunurong Marine National Park,0
Dinolestes lewini,-39.13,146.38,2001,5,3,20,1,-39_146,16.145289182662964,16.337480545043945,15.846995075992698,16.2936555903445,2002,Wilsons Promontory Marine National Park,0
Dinolestes lewini,-39.13,146.38,2001,5,3,20,2,-39_146,16.145289182662964,16.337480545043945,15.846995075992698,16.2936555903445,2002,Wilsons Promontory Marine National Park,0
Dinolestes lewini,-39.13,146.38,2001,5,3,20,1,-39_146,16.145289182662964,16.337480545043945,15.846995075992698,16.2936555903445,2002,Wilsons Promontory Marine National Park,0
Dinolestes lewini,-39.13,146.38,2001,5,3,25,1,-39_146,16.145289182662964,16.337480545043945,15.846995075992698,16.2936555903445,2002,Wilsons Promontory Marine National Park,0
Dinolestes lewini,-39.13,146.38,2001,5,3,20,1,-39_146,16.145289182662964,16.337480545043945,15.846995075992698,16.2936555903445,2002,Wilsons Promontory Marine National Park,0
Dinolestes lewini,-39.06,146.47,2001,5,4,25,2,-39_146,16.145289182662964,16.337480545043945,15.846995075992698,16.2936555903445,2002,Wilsons Promontory Marine National Park,0
Dinolestes lewini,-39.06,146.47,2001,5,4,30,1,-39_146,16.145289182662964,16.337480545043945,15.846995075992698,16.2936555903445,2002,Wilsons Promontory Marine National Park,0
Dinolestes lewini,-39.06,146.47,2001,5,4,30,3,-39_146,16.145289182662964,16.337480545043945,15.846995075992698,16.2936555903445,2002,Wilsons Promontory Marine National Park,0
Dinolestes lewini,-39.05,146.48,2001,5,26,30,1,-39_146,16.145289182662964,16.337480545043945,15.846995075992698,16.2936555903445,NA,NA,0
Dinolestes lewini,-39.06,146.47,2001,12,2,30,1,-39_146,16.145289182662964,16.66646957397461,15.846995075992698,15.65215019513202,2002,Wilsons Promontory Marine National Park,0
Dinolestes lewini,-39.06,146.47,2001,12,2,35,5,-39_146,16.145289182662964,16.66646957397461,15.846995075992698,15.65215019513202,2002,Wilsons Promontory Marine National Park,0
Dinolestes lewini,-39.06,146.47,2001,12,2,30,4,-39_146,16.145289182662964,16.66646957397461,15.846995075992698,15.65215019513202,2002,Wilsons Promontory Marine National Park,0
Dinolestes lewini,-39.06,146.48,2001,11,30,30,2,-39_146,16.145289182662964,15.07872200012207,15.846995075992698,14.610258935998989,NA,NA,0
Dinolestes lewini,-39.02,146.47,2001,12,1,15,5,-39_146,16.145289182662964,16.66646957397461,15.846995075992698,15.65215019513202,NA,NA,0
Dinolestes lewini,-39.02,146.47,2001,12,1,20,12,-39_146,16.145289182662964,16.66646957397461,15.846995075992698,15.65215019513202,NA,NA,0
Dinolestes lewini,-39.02,146.47,2001,12,1,15,8,-39_146,16.145289182662964,16.66646957397461,15.846995075992698,15.65215019513202,NA,NA,0
Dinolestes lewini,-39.02,146.47,2001,12,1,20,43,-39_146,16.145289182662964,16.66646957397461,15.846995075992698,15.65215019513202,NA,NA,0
Dinolestes lewini,-39.02,146.28,2001,12,16,10,39,-39_146,16.145289182662964,16.66646957397461,15.846995075992698,15.65215019513202,NA,NA,0
Dinolestes lewini,-39.02,146.28,2001,12,16,10,11,-39_146,16.145289182662964,16.66646957397461,15.846995075992698,15.65215019513202,NA,NA,0
Dinolestes lewini,-39.04,146.3,2001,12,16,25,1,-39_146,16.145289182662964,16.66646957397461,15.846995075992698,15.65215019513202,NA,NA,0
Dinolestes lewini,-39.04,146.3,2001,12,16,30,1,-39_146,16.145289182662964,16.66646957397461,15.846995075992698,15.65215019513202,NA,NA,0
Dinolestes lewini,-39.04,146.3,2001,12,16,20,8,-39_146,16.145289182662964,16.66646957397461,15.846995075992698,15.65215019513202,NA,NA,0
Dinolestes lewini,-39.04,146.3,2001,12,16,20,2,-39_146,16.145289182662964,16.66646957397461,15.846995075992698,15.65215019513202,NA,NA,0
Dinolestes lewini,-39.04,146.3,2001,12,16,25,1,-39_146,16.145289182662964,16.66646957397461,15.846995075992698,15.65215019513202,NA,NA,0
Dinolestes lewini,-39.04,146.3,2001,12,16,12.5,1,-39_146,16.145289182662964,16.66646957397461,15.846995075992698,15.65215019513202,NA,NA,0
Dinolestes lewini,-39.04,146.3,2001,12,16,15,2,-39_146,16.145289182662964,16.66646957397461,15.846995075992698,15.65215019513202,NA,NA,0
Dinolestes lewini,-39.04,146.3,2001,12,16,25,99,-39_146,16.145289182662964,16.66646957397461,15.846995075992698,15.65215019513202,NA,NA,0
Dinolestes lewini,-39.04,146.3,2001,12,16,25,1,-39_146,16.145289182662964,16.66646957397461,15.846995075992698,15.65215019513202,NA,NA,0
Dinolestes lewini,-39.05,146.32,2001,12,14,10,1,-39_146,16.145289182662964,16.66646957397461,15.846995075992698,15.65215019513202,2002,Wilsons Promontory Marine National Park,0
Dinolestes lewini,-38.96,146.23,2001,12,3,30,9,-39_146,16.145289182662964,16.66646957397461,15.846995075992698,15.65215019513202,NA,NA,0
Dinolestes lewini,-38.96,146.23,2001,12,3,35,9,-39_146,16.145289182662964,16.66646957397461,15.846995075992698,15.65215019513202,NA,NA,0
Dinolestes lewini,-38.96,146.23,2001,12,3,30,21,-39_146,16.145289182662964,16.66646957397461,15.846995075992698,15.65215019513202,NA,NA,0
Dinolestes lewini,-38.96,146.23,2001,12,3,35,21,-39_146,16.145289182662964,16.66646957397461,15.846995075992698,15.65215019513202,NA,NA,0
Dinolestes lewini,-38.99,146.25,2001,12,3,30,2,-39_146,16.145289182662964,16.66646957397461,15.846995075992698,15.65215019513202,NA,NA,0
Dinolestes lewini,-38.99,146.25,2001,12,3,35,5,-39_146,16.145289182662964,16.66646957397461,15.846995075992698,15.65215019513202,NA,NA,0
Dinolestes lewini,-38.99,146.25,2001,12,3,30,5,-39_146,16.145289182662964,16.66646957397461,15.846995075992698,15.65215019513202,NA,NA,0
Dinolestes lewini,-38.99,146.25,2001,12,3,35,3,-39_146,16.145289182662964,16.66646957397461,15.846995075992698,15.65215019513202,NA,NA,0
Dinolestes lewini,-39.02,146.24,2001,12,2,30,1,-39_146,16.145289182662964,16.66646957397461,15.846995075992698,15.65215019513202,NA,NA,0
Dinolestes lewini,-39.02,146.24,2001,12,2,20,1,-39_146,16.145289182662964,16.66646957397461,15.846995075992698,15.65215019513202,NA,NA,0
Dinolestes lewini,-39.05,146.32,2001,12,14,12.5,1,-39_146,16.145289182662964,16.66646957397461,15.846995075992698,15.65215019513202,2002,Wilsons Promontory Marine National Park,0
Dinolestes lewini,-39.02,146.24,2001,12,2,30,2,-39_146,16.145289182662964,16.66646957397461,15.846995075992698,15.65215019513202,NA,NA,0
Dinolestes lewini,-39.06,146.45,2001,11,30,30,3,-39_146,16.145289182662964,15.07872200012207,15.846995075992698,14.610258935998989,2002,Wilsons Promontory Marine National Park,0
Dinolestes lewini,-39.06,146.45,2001,11,30,30,1,-39_146,16.145289182662964,15.07872200012207,15.846995075992698,14.610258935998989,2002,Wilsons Promontory Marine National Park,0
Dinolestes lewini,-39.05,146.32,2001,12,14,20,3,-39_146,16.145289182662964,16.66646957397461,15.846995075992698,15.65215019513202,2002,Wilsons Promontory Marine National Park,0
Dinolestes lewini,-39.05,146.32,2001,12,14,20,7,-39_146,16.145289182662964,16.66646957397461,15.846995075992698,15.65215019513202,2002,Wilsons Promontory Marine National Park,0
Dinolestes lewini,-39.05,146.32,2001,12,14,30,16,-39_146,16.145289182662964,16.66646957397461,15.846995075992698,15.65215019513202,2002,Wilsons Promontory Marine National Park,0
Dinolestes lewini,-39.05,146.32,2001,12,14,30,4,-39_146,16.145289182662964,16.66646957397461,15.846995075992698,15.65215019513202,2002,Wilsons Promontory Marine National Park,0
Dinolestes lewini,-39.08,146.32,2001,12,16,25,3,-39_146,16.145289182662964,16.66646957397461,15.846995075992698,15.65215019513202,2002,Wilsons Promontory Marine National Park,0
Dinolestes lewini,-39.08,146.32,2001,12,16,30,5,-39_146,16.145289182662964,16.66646957397461,15.846995075992698,15.65215019513202,2002,Wilsons Promontory Marine National Park,0
Dinolestes lewini,-39.08,146.32,2001,12,16,30,1,-39_146,16.145289182662964,16.66646957397461,15.846995075992698,15.65215019513202,2002,Wilsons Promontory Marine National Park,0
Dinolestes lewini,-39.06,146.45,2001,11,30,20,3,-39_146,16.145289182662964,15.07872200012207,15.846995075992698,14.610258935998989,2002,Wilsons Promontory Marine National Park,0
Dinolestes lewini,-39.06,146.45,2001,11,30,20,9,-39_146,16.145289182662964,15.07872200012207,15.846995075992698,14.610258935998989,2002,Wilsons Promontory Marine National Park,0
Dinolestes lewini,-39.11,146.34,2001,12,15,20,1,-39_146,16.145289182662964,16.66646957397461,15.846995075992698,15.65215019513202,2002,Wilsons Promontory Marine National Park,0
Dinolestes lewini,-39.11,146.34,2001,12,15,15,1,-39_146,16.145289182662964,16.66646957397461,15.846995075992698,15.65215019513202,2002,Wilsons Promontory Marine National Park,0
Dinolestes lewini,-39.11,146.34,2001,12,15,25,2,-39_146,16.145289182662964,16.66646957397461,15.846995075992698,15.65215019513202,2002,Wilsons Promontory Marine National Park,0
Dinolestes lewini,-39.08,146.23,2001,12,15,20,1,-39_146,16.145289182662964,16.66646957397461,15.846995075992698,15.65215019513202,NA,NA,0
Dinolestes lewini,-39.08,146.23,2001,12,15,40,1,-39_146,16.145289182662964,16.66646957397461,15.846995075992698,15.65215019513202,NA,NA,0
Dinolestes lewini,-39.08,146.23,2001,12,15,25,11,-39_146,16.145289182662964,16.66646957397461,15.846995075992698,15.65215019513202,NA,NA,0
Dinolestes lewini,-39.08,146.23,2001,12,15,30,19,-39_146,16.145289182662964,16.66646957397461,15.846995075992698,15.65215019513202,NA,NA,0
Dinolestes lewini,-39.08,146.23,2001,12,15,35,13,-39_146,16.145289182662964,16.66646957397461,15.846995075992698,15.65215019513202,NA,NA,0
Dinolestes lewini,-39.08,146.23,2001,12,15,25,9,-39_146,16.145289182662964,16.66646957397461,15.846995075992698,15.65215019513202,NA,NA,0
Dinolestes lewini,-39.08,146.23,2001,12,15,30,31,-39_146,16.145289182662964,16.66646957397461,15.846995075992698,15.65215019513202,NA,NA,0
Dinolestes lewini,-39.08,146.23,2001,12,15,35,37,-39_146,16.145289182662964,16.66646957397461,15.846995075992698,15.65215019513202,NA,NA,0
Dinolestes lewini,-39.08,146.23,2001,12,15,30,13,-39_146,16.145289182662964,16.66646957397461,15.846995075992698,15.65215019513202,NA,NA,0
Dinolestes lewini,-39.08,146.23,2001,12,15,35,8,-39_146,16.145289182662964,16.66646957397461,15.846995075992698,15.65215019513202,NA,NA,0
Dinolestes lewini,-39.08,146.23,2001,12,15,30,5,-39_146,16.145289182662964,16.66646957397461,15.846995075992698,15.65215019513202,NA,NA,0
Dinolestes lewini,-39.08,146.23,2001,12,15,35,6,-39_146,16.145289182662964,16.66646957397461,15.846995075992698,15.65215019513202,NA,NA,0
Dinolestes lewini,-39.1,146.33,2001,12,15,20,1,-39_146,16.145289182662964,16.66646957397461,15.846995075992698,15.65215019513202,2002,Wilsons Promontory Marine National Park,0
Dinolestes lewini,-39.1,146.33,2001,12,15,25,3,-39_146,16.145289182662964,16.66646957397461,15.846995075992698,15.65215019513202,2002,Wilsons Promontory Marine National Park,0
Dinolestes lewini,-39.1,146.33,2001,12,15,30,9,-39_146,16.145289182662964,16.66646957397461,15.846995075992698,15.65215019513202,2002,Wilsons Promontory Marine National Park,0
Dinolestes lewini,-39.1,146.33,2001,12,15,20,10,-39_146,16.145289182662964,16.66646957397461,15.846995075992698,15.65215019513202,2002,Wilsons Promontory Marine National Park,0
Dinolestes lewini,-39.1,146.33,2001,12,15,25,11,-39_146,16.145289182662964,16.66646957397461,15.846995075992698,15.65215019513202,2002,Wilsons Promontory Marine National Park,0
Dinolestes lewini,-39.1,146.33,2001,12,15,30,1,-39_146,16.145289182662964,16.66646957397461,15.846995075992698,15.65215019513202,2002,Wilsons Promontory Marine National Park,0
Dinolestes lewini,-39.13,146.38,2001,12,13,15,1,-39_146,16.145289182662964,16.66646957397461,15.846995075992698,15.65215019513202,2002,Wilsons Promontory Marine National Park,0
Dinolestes lewini,-39.1,146.33,2001,12,15,20,1,-39_146,16.145289182662964,16.66646957397461,15.846995075992698,15.65215019513202,2002,Wilsons Promontory Marine National Park,0
Dinolestes lewini,-39.1,146.33,2001,12,15,25,3,-39_146,16.145289182662964,16.66646957397461,15.846995075992698,15.65215019513202,2002,Wilsons Promontory Marine National Park,0
Dinolestes lewini,-39.1,146.33,2001,12,15,30,4,-39_146,16.145289182662964,16.66646957397461,15.846995075992698,15.65215019513202,2002,Wilsons Promontory Marine National Park,0
Dinolestes lewini,-39.1,146.33,2001,12,15,15,2,-39_146,16.145289182662964,16.66646957397461,15.846995075992698,15.65215019513202,2002,Wilsons Promontory Marine National Park,0
Dinolestes lewini,-39.1,146.33,2001,12,15,25,2,-39_146,16.145289182662964,16.66646957397461,15.846995075992698,15.65215019513202,2002,Wilsons Promontory Marine National Park,0
Dinolestes lewini,-39.1,146.33,2001,12,15,30,1,-39_146,16.145289182662964,16.66646957397461,15.846995075992698,15.65215019513202,2002,Wilsons Promontory Marine National Park,0
Dinolestes lewini,-39.11,146.34,2001,12,15,10,2,-39_146,16.145289182662964,16.66646957397461,15.846995075992698,15.65215019513202,2002,Wilsons Promontory Marine National Park,0
Dinolestes lewini,-38.66,145.69,2002,2,16,25,2,-39_146,15.532330751419067,18.10245704650879,15.379549878703088,17.77543610618228,NA,NA,0
Dinolestes lewini,-38.66,145.69,2002,2,16,15,1,-39_146,15.532330751419067,18.10245704650879,15.379549878703088,17.77543610618228,NA,NA,0
Dinolestes lewini,-38.66,145.69,2002,2,16,20,5,-39_146,15.532330751419067,18.10245704650879,15.379549878703088,17.77543610618228,NA,NA,0
Dinolestes lewini,-38.68,145.66,2002,3,5,30,1,-39_146,15.532330751419067,17.837223052978516,15.379549878703088,17.69003545426126,2002,Bunurong Marine National Park,0
Dinolestes lewini,-39.02,146.24,2002,5,27,35,1,-39_146,15.532330751419067,16.17953872680664,15.379549878703088,16.61039395486155,NA,NA,0
Dinolestes lewini,-39.02,146.24,2002,5,27,35,1,-39_146,15.532330751419067,16.17953872680664,15.379549878703088,16.61039395486155,NA,NA,0
Dinolestes lewini,-39.02,146.24,2002,5,27,40,3,-39_146,15.532330751419067,16.17953872680664,15.379549878703088,16.61039395486155,NA,NA,0
Dinolestes lewini,-39.05,146.32,2002,5,30,20,1,-39_146,15.532330751419067,16.17953872680664,15.379549878703088,16.61039395486155,2002,Wilsons Promontory Marine National Park,0
Dinolestes lewini,-39.05,146.32,2002,5,30,10,2,-39_146,15.532330751419067,16.17953872680664,15.379549878703088,16.61039395486155,2002,Wilsons Promontory Marine National Park,0
Dinolestes lewini,-39.05,146.32,2002,5,30,12.5,3,-39_146,15.532330751419067,16.17953872680664,15.379549878703088,16.61039395486155,2002,Wilsons Promontory Marine National Park,0
Dinolestes lewini,-39.05,146.32,2002,5,30,20,2,-39_146,15.532330751419067,16.17953872680664,15.379549878703088,16.61039395486155,2002,Wilsons Promontory Marine National Park,0
Dinolestes lewini,-39.05,146.32,2002,5,30,10,3,-39_146,15.532330751419067,16.17953872680664,15.379549878703088,16.61039395486155,2002,Wilsons Promontory Marine National Park,0
Dinolestes lewini,-39.05,146.32,2002,5,30,12.5,1,-39_146,15.532330751419067,16.17953872680664,15.379549878703088,16.61039395486155,2002,Wilsons Promontory Marine National Park,0
Dinolestes lewini,-39.05,146.32,2002,5,30,15,6,-39_146,15.532330751419067,16.17953872680664,15.379549878703088,16.61039395486155,2002,Wilsons Promontory Marine National Park,0
Dinolestes lewini,-39.05,146.32,2002,5,30,15,15,-39_146,15.532330751419067,16.17953872680664,15.379549878703088,16.61039395486155,2002,Wilsons Promontory Marine National Park,0
Dinolestes lewini,-39.08,146.32,2002,5,29,35,1,-39_146,15.532330751419067,16.17953872680664,15.379549878703088,16.61039395486155,2002,Wilsons Promontory Marine National Park,0
Dinolestes lewini,-39.1,146.33,2002,5,26,25,3,-39_146,15.532330751419067,16.17953872680664,15.379549878703088,16.61039395486155,2002,Wilsons Promontory Marine National Park,0
Dinolestes lewini,-39.14,146.32,2002,5,26,10,2,-39_146,15.532330751419067,16.17953872680664,15.379549878703088,16.61039395486155,2002,Wilsons Promontory Marine National Park,0
Dinolestes lewini,-39.11,146.43,2002,5,31,10,1,-39_146,15.532330751419067,16.17953872680664,15.379549878703088,16.61039395486155,2002,Wilsons Promontory Marine National Park,0
Dinolestes lewini,-39.06,146.45,2002,6,3,30,1,-39_146,15.532330751419067,14.93117904663086,15.379549878703088,14.990221920719852,2002,Wilsons Promontory Marine National Park,0
Dinolestes lewini,-39.08,146.32,2002,11,12,12.5,2,-39_146,15.532330751419067,14.612001419067385,15.379549878703088,14.501851548088922,2002,Wilsons Promontory Marine National Park,0
Dinolestes lewini,-39.08,146.32,2002,11,12,15,3,-39_146,15.532330751419067,14.612001419067385,15.379549878703088,14.501851548088922,2002,Wilsons Promontory Marine National Park,0
Dinolestes lewini,-39.08,146.32,2002,11,12,12.5,8,-39_146,15.532330751419067,14.612001419067385,15.379549878703088,14.501851548088922,2002,Wilsons Promontory Marine National Park,0
Dinolestes lewini,-39.08,146.32,2002,11,12,15,2,-39_146,15.532330751419067,14.612001419067385,15.379549878703088,14.501851548088922,2002,Wilsons Promontory Marine National Park,0
Dinolestes lewini,-39.08,146.32,2002,11,12,30,22,-39_146,15.532330751419067,14.612001419067385,15.379549878703088,14.501851548088922,2002,Wilsons Promontory Marine National Park,0
Dinolestes lewini,-39.08,146.32,2002,11,12,30,3,-39_146,15.532330751419067,14.612001419067385,15.379549878703088,14.501851548088922,2002,Wilsons Promontory Marine National Park,0
Dinolestes lewini,-39.08,146.23,2002,11,11,25,6,-39_146,15.532330751419067,14.612001419067385,15.379549878703088,14.501851548088922,NA,NA,0
Dinolestes lewini,-39.08,146.23,2002,11,11,25,17,-39_146,15.532330751419067,14.612001419067385,15.379549878703088,14.501851548088922,NA,NA,0
Dinolestes lewini,-39.02,146.47,2002,6,4,20,1,-39_146,15.532330751419067,14.93117904663086,15.379549878703088,14.990221920719852,NA,NA,0
Dinolestes lewini,-39.08,146.23,2002,11,11,25,4,-39_146,15.532330751419067,14.612001419067385,15.379549878703088,14.501851548088922,NA,NA,0
Dinolestes lewini,-39.08,146.23,2002,11,11,25,14,-39_146,15.532330751419067,14.612001419067385,15.379549878703088,14.501851548088922,NA,NA,0
Dinolestes lewini,-39.08,146.23,2002,11,11,25,17,-39_146,15.532330751419067,14.612001419067385,15.379549878703088,14.501851548088922,NA,NA,0
Dinolestes lewini,-39.08,146.23,2002,11,11,25,8,-39_146,15.532330751419067,14.612001419067385,15.379549878703088,14.501851548088922,NA,NA,0
Dinolestes lewini,-39.1,146.33,2002,11,11,20,1,-39_146,15.532330751419067,14.612001419067385,15.379549878703088,14.501851548088922,2002,Wilsons Promontory Marine National Park,0
Dinolestes lewini,-39.13,146.38,2002,11,13,15,2,-39_146,15.532330751419067,14.612001419067385,15.379549878703088,14.501851548088922,2002,Wilsons Promontory Marine National Park,0
Dinolestes lewini,-39.12,146.42,2002,11,8,15,3,-39_146,15.532330751419067,14.612001419067385,15.379549878703088,14.501851548088922,2002,Wilsons Promontory Marine National Park,0
Dinolestes lewini,-38.96,146.23,2002,11,6,30,1,-39_146,15.532330751419067,14.612001419067385,15.379549878703088,14.501851548088922,NA,NA,0
Dinolestes lewini,-38.96,146.23,2002,11,6,35,1,-39_146,15.532330751419067,14.612001419067385,15.379549878703088,14.501851548088922,NA,NA,0
Dinolestes lewini,-38.96,146.23,2002,11,6,40,1,-39_146,15.532330751419067,14.612001419067385,15.379549878703088,14.501851548088922,NA,NA,0
Dinolestes lewini,-39.11,146.43,2002,11,7,12.5,1,-39_146,15.532330751419067,14.612001419067385,15.379549878703088,14.501851548088922,2002,Wilsons Promontory Marine National Park,0
Dinolestes lewini,-39.11,146.43,2002,11,7,15,4,-39_146,15.532330751419067,14.612001419067385,15.379549878703088,14.501851548088922,2002,Wilsons Promontory Marine National Park,0
Dinolestes lewini,-39.11,146.43,2002,11,7,15,1,-39_146,15.532330751419067,14.612001419067385,15.379549878703088,14.501851548088922,2002,Wilsons Promontory Marine National Park,0
Dinolestes lewini,-39.09,146.44,2002,11,9,20,9,-39_146,15.532330751419067,14.612001419067385,15.379549878703088,14.501851548088922,2002,Wilsons Promontory Marine National Park,0
Dinolestes lewini,-38.99,146.25,2002,5,27,10,91,-39_146,15.532330751419067,16.17953872680664,15.379549878703088,16.61039395486155,NA,NA,0
Dinolestes lewini,-38.99,146.25,2002,5,27,10,99,-39_146,15.532330751419067,16.17953872680664,15.379549878703088,16.61039395486155,NA,NA,0
Dinolestes lewini,-39.05,146.48,2002,11,8,25,1,-39_146,15.532330751419067,14.612001419067385,15.379549878703088,14.501851548088922,NA,NA,0
Dinolestes lewini,-39.08,146.23,2005,3,3,12.5,1,-39_146,15.678410132726034,17.711864471435547,15.852172483301626,17.948279165452526,NA,NA,0
Dinolestes lewini,-39.08,146.23,2005,3,3,15,9,-39_146,15.678410132726034,17.711864471435547,15.852172483301626,17.948279165452526,NA,NA,0
Dinolestes lewini,-39.08,146.23,2005,3,3,15,16,-39_146,15.678410132726034,17.711864471435547,15.852172483301626,17.948279165452526,NA,NA,0
Dinolestes lewini,-39.08,146.23,2005,3,3,35,1,-39_146,15.678410132726034,17.711864471435547,15.852172483301626,17.948279165452526,NA,NA,0
Dinolestes lewini,-39.08,146.23,2005,3,3,30,1,-39_146,15.678410132726034,17.711864471435547,15.852172483301626,17.948279165452526,NA,NA,0
Dinolestes lewini,-39.1,146.33,2005,3,9,25,1,-39_146,15.678410132726034,17.711864471435547,15.852172483301626,17.948279165452526,2002,Wilsons Promontory Marine National Park,0
Dinolestes lewini,-39.1,146.33,2005,3,9,15,2,-39_146,15.678410132726034,17.711864471435547,15.852172483301626,17.948279165452526,2002,Wilsons Promontory Marine National Park,0
Dinolestes lewini,-39.1,146.33,2005,3,9,15,1,-39_146,15.678410132726034,17.711864471435547,15.852172483301626,17.948279165452526,2002,Wilsons Promontory Marine National Park,0
Dinolestes lewini,-39.11,146.34,2005,3,8,25,1,-39_146,15.678410132726034,17.711864471435547,15.852172483301626,17.948279165452526,2002,Wilsons Promontory Marine National Park,0
Dinolestes lewini,-39.11,146.34,2005,3,8,10,1,-39_146,15.678410132726034,17.711864471435547,15.852172483301626,17.948279165452526,2002,Wilsons Promontory Marine National Park,0
Dinolestes lewini,-39.11,146.34,2005,3,8,12.5,1,-39_146,15.678410132726034,17.711864471435547,15.852172483301626,17.948279165452526,2002,Wilsons Promontory Marine National Park,0
Dinolestes lewini,-39.11,146.34,2005,3,8,25,1,-39_146,15.678410132726034,17.711864471435547,15.852172483301626,17.948279165452526,2002,Wilsons Promontory Marine National Park,0
Dinolestes lewini,-38.67,145.66,2005,2,11,15,1,-39_146,15.678410132726034,18.263954162597656,15.852172483301626,18.419642486269513,2002,Bunurong Marine National Park,0
Dinolestes lewini,-35.53,150.42,2005,12,5,30,1,-36_150,19.10784848531087,19.968608856201172,19.555403036114136,20.195053254404375,NA,NA,0
Dinolestes lewini,-35.53,150.42,2005,12,5,30,1,-36_150,19.10784848531087,19.968608856201172,19.555403036114136,20.195053254404375,NA,NA,0
Dinolestes lewini,-35.53,150.42,2005,12,5,20,4,-36_150,19.10784848531087,19.968608856201172,19.555403036114136,20.195053254404375,NA,NA,0
Dinolestes lewini,-35.53,150.42,2005,12,5,20,16,-36_150,19.10784848531087,19.968608856201172,19.555403036114136,20.195053254404375,NA,NA,0
Dinolestes lewini,-35.53,150.42,2005,12,5,20,4,-36_150,19.10784848531087,19.968608856201172,19.555403036114136,20.195053254404375,2007,Batemans Marine Park,0
Dinolestes lewini,-35.53,150.42,2005,12,5,30,4,-36_150,19.10784848531087,19.968608856201172,19.555403036114136,20.195053254404375,2007,Batemans Marine Park,0
Dinolestes lewini,-35.53,150.42,2005,12,5,35,4,-36_150,19.10784848531087,19.968608856201172,19.555403036114136,20.195053254404375,2007,Batemans Marine Park,0
Dinolestes lewini,-35.53,150.42,2005,12,5,20,8,-36_150,19.10784848531087,19.968608856201172,19.555403036114136,20.195053254404375,2007,Batemans Marine Park,0
Dinolestes lewini,-35.53,150.42,2005,12,5,30,6,-36_150,19.10784848531087,19.968608856201172,19.555403036114136,20.195053254404375,2007,Batemans Marine Park,0
Dinolestes lewini,-38.96,146.23,2005,3,3,20,1,-39_146,15.678410132726034,17.711864471435547,15.852172483301626,17.948279165452526,NA,NA,0
Dinolestes lewini,-38.99,146.25,2005,3,3,35,2,-39_146,15.678410132726034,17.711864471435547,15.852172483301626,17.948279165452526,NA,NA,0
Dinolestes lewini,-38.99,146.25,2005,3,3,12.5,4,-39_146,15.678410132726034,17.711864471435547,15.852172483301626,17.948279165452526,NA,NA,0
Dinolestes lewini,-39.04,146.3,2005,3,3,35,1,-39_146,15.678410132726034,17.711864471435547,15.852172483301626,17.948279165452526,NA,NA,0
Dinolestes lewini,-39.04,146.3,2005,3,3,20,1,-39_146,15.678410132726034,17.711864471435547,15.852172483301626,17.948279165452526,NA,NA,0
Dinolestes lewini,-39.04,146.3,2005,3,3,30,1,-39_146,15.678410132726034,17.711864471435547,15.852172483301626,17.948279165452526,NA,NA,0
Dinolestes lewini,-39.05,146.32,2005,3,9,20,5,-39_146,15.678410132726034,17.711864471435547,15.852172483301626,17.948279165452526,2002,Wilsons Promontory Marine National Park,0
Dinolestes lewini,-39.05,146.32,2005,3,9,20,58,-39_146,15.678410132726034,17.711864471435547,15.852172483301626,17.948279165452526,2002,Wilsons Promontory Marine National Park,0
Dinolestes lewini,-39.05,146.32,2005,3,9,20,18,-39_146,15.678410132726034,17.711864471435547,15.852172483301626,17.948279165452526,2002,Wilsons Promontory Marine National Park,0
Dinolestes lewini,-39.05,146.32,2005,3,9,20,5,-39_146,15.678410132726034,17.711864471435547,15.852172483301626,17.948279165452526,2002,Wilsons Promontory Marine National Park,0
Dinolestes lewini,-39.14,146.32,2005,3,4,12.5,1,-39_146,15.678410132726034,17.711864471435547,15.852172483301626,17.948279165452526,2002,Wilsons Promontory Marine National Park,0
Dinolestes lewini,-39.14,146.32,2005,3,4,35,1,-39_146,15.678410132726034,17.711864471435547,15.852172483301626,17.948279165452526,2002,Wilsons Promontory Marine National Park,0
Dinolestes lewini,-39.13,146.38,2005,3,4,25,1,-39_146,15.678410132726034,17.711864471435547,15.852172483301626,17.948279165452526,2002,Wilsons Promontory Marine National Park,0
Dinolestes lewini,-39.13,146.38,2005,3,4,25,4,-39_146,15.678410132726034,17.711864471435547,15.852172483301626,17.948279165452526,2002,Wilsons Promontory Marine National Park,0
Dinolestes lewini,-39.08,146.32,2005,3,10,20,1,-39_146,15.678410132726034,17.711864471435547,15.852172483301626,17.948279165452526,2002,Wilsons Promontory Marine National Park,0
Dinolestes lewini,-39.08,146.32,2005,3,10,25,1,-39_146,15.678410132726034,17.711864471435547,15.852172483301626,17.948279165452526,2002,Wilsons Promontory Marine National Park,0
Dinolestes lewini,-39.08,146.32,2005,3,10,12.5,1,-39_146,15.678410132726034,17.711864471435547,15.852172483301626,17.948279165452526,2002,Wilsons Promontory Marine National Park,0
Dinolestes lewini,-39.08,146.32,2005,3,10,30,1,-39_146,15.678410132726034,17.711864471435547,15.852172483301626,17.948279165452526,2002,Wilsons Promontory Marine National Park,0
Dinolestes lewini,-39.08,146.32,2005,3,10,15,1,-39_146,15.678410132726034,17.711864471435547,15.852172483301626,17.948279165452526,2002,Wilsons Promontory Marine National Park,0
Dinolestes lewini,-39.08,146.32,2005,3,10,15,1,-39_146,15.678410132726034,17.711864471435547,15.852172483301626,17.948279165452526,2002,Wilsons Promontory Marine National Park,0
Dinolestes lewini,-39.08,146.23,2005,3,3,20,4,-39_146,15.678410132726034,17.711864471435547,15.852172483301626,17.948279165452526,NA,NA,0
Dinolestes lewini,-39.08,146.23,2005,3,3,20,2,-39_146,15.678410132726034,17.711864471435547,15.852172483301626,17.948279165452526,NA,NA,0
Dinolestes lewini,-35.57,150.37,2005,12,6,30,1,-36_150,19.10784848531087,19.968608856201172,19.555403036114136,20.195053254404375,NA,NA,0
Dinolestes lewini,-35.57,150.37,2005,12,6,30,20,-36_150,19.10784848531087,19.968608856201172,19.555403036114136,20.195053254404375,NA,NA,0
Dinolestes lewini,-35.57,150.37,2005,12,6,20,1,-36_150,19.10784848531087,19.968608856201172,19.555403036114136,20.195053254404375,NA,NA,0
Dinolestes lewini,-36.25,150.22,2005,12,7,10,2,-36_150,19.10784848531087,19.968608856201172,19.555403036114136,20.195053254404375,NA,NA,0
Dinolestes lewini,-36.24,150.22,2005,12,7,30,1,-36_150,19.10784848531087,19.968608856201172,19.555403036114136,20.195053254404375,NA,NA,0
Dinolestes lewini,-36.25,150.23,2005,12,7,10,8,-36_150,19.10784848531087,19.968608856201172,19.555403036114136,20.195053254404375,NA,NA,0
Dinolestes lewini,-36.25,150.23,2005,12,7,10,7,-36_150,19.10784848531087,19.968608856201172,19.555403036114136,20.195053254404375,NA,NA,0
Dinolestes lewini,-36.25,150.23,2005,12,7,7.5,14,-36_150,19.10784848531087,19.968608856201172,19.555403036114136,20.195053254404375,NA,NA,0
Dinolestes lewini,-36.25,150.23,2005,12,7,7.5,26,-36_150,19.10784848531087,19.968608856201172,19.555403036114136,20.195053254404375,NA,NA,0
Dinolestes lewini,-36.25,150.23,2005,12,7,10,12,-36_150,19.10784848531087,19.968608856201172,19.555403036114136,20.195053254404375,NA,NA,0
Dinolestes lewini,-36.25,150.23,2005,12,7,10,8,-36_150,19.10784848531087,19.968608856201172,19.555403036114136,20.195053254404375,NA,NA,0
Dinolestes lewini,-39.11,146.43,2005,3,5,25,1,-39_146,15.678410132726034,17.711864471435547,15.852172483301626,17.948279165452526,2002,Wilsons Promontory Marine National Park,0
Dinolestes lewini,-36.25,150.23,2005,12,7,5,3,-36_150,19.10784848531087,19.968608856201172,19.555403036114136,20.195053254404375,NA,NA,0
Dinolestes lewini,-36.25,150.23,2005,12,7,7.5,6,-36_150,19.10784848531087,19.968608856201172,19.555403036114136,20.195053254404375,NA,NA,0
Dinolestes lewini,-36.25,150.23,2005,12,7,7.5,2,-36_150,19.10784848531087,19.968608856201172,19.555403036114136,20.195053254404375,NA,NA,0
Dinolestes lewini,-35.82,150.23,2006,12,5,30,3,-36_150,18.992485523223877,20.234344482421875,19.3829807381822,19.45725763997724,NA,NA,0
Dinolestes lewini,-35.82,150.23,2006,12,5,35,2,-36_150,18.992485523223877,20.234344482421875,19.3829807381822,19.45725763997724,NA,NA,0
Dinolestes lewini,-35.82,150.23,2006,12,5,15,1,-36_150,18.992485523223877,20.234344482421875,19.3829807381822,19.45725763997724,NA,NA,0
Dinolestes lewini,-35.82,150.23,2006,12,5,20,2,-36_150,18.992485523223877,20.234344482421875,19.3829807381822,19.45725763997724,NA,NA,0
Dinolestes lewini,-35.82,150.23,2006,12,5,20,5,-36_150,18.992485523223877,20.234344482421875,19.3829807381822,19.45725763997724,NA,NA,0
Dinolestes lewini,-35.73,150.26,2006,12,6,25,1,-36_150,18.992485523223877,20.234344482421875,19.3829807381822,19.45725763997724,NA,NA,0
Dinolestes lewini,-39.06,146.45,2005,3,5,20,3,-39_146,15.678410132726034,17.711864471435547,15.852172483301626,17.948279165452526,2002,Wilsons Promontory Marine National Park,0
Dinolestes lewini,-39.06,146.45,2005,3,5,25,2,-39_146,15.678410132726034,17.711864471435547,15.852172483301626,17.948279165452526,2002,Wilsons Promontory Marine National Park,0
Dinolestes lewini,-39.06,146.45,2005,3,5,20,2,-39_146,15.678410132726034,17.711864471435547,15.852172483301626,17.948279165452526,2002,Wilsons Promontory Marine National Park,0
Dinolestes lewini,-39.06,146.45,2005,3,5,25,6,-39_146,15.678410132726034,17.711864471435547,15.852172483301626,17.948279165452526,2002,Wilsons Promontory Marine National Park,0
Dinolestes lewini,-35.75,150.26,2005,12,8,25,1,-36_150,19.10784848531087,19.968608856201172,19.555403036114136,20.195053254404375,2007,Batemans Marine Park,0
Dinolestes lewini,-35.75,150.26,2005,12,8,30,5,-36_150,19.10784848531087,19.968608856201172,19.555403036114136,20.195053254404375,2007,Batemans Marine Park,0
Dinolestes lewini,-35.75,150.26,2005,12,8,35,4,-36_150,19.10784848531087,19.968608856201172,19.555403036114136,20.195053254404375,2007,Batemans Marine Park,0
Dinolestes lewini,-35.75,150.26,2005,12,8,40,1,-36_150,19.10784848531087,19.968608856201172,19.555403036114136,20.195053254404375,2007,Batemans Marine Park,0
Dinolestes lewini,-35.75,150.26,2005,12,8,25,1,-36_150,19.10784848531087,19.968608856201172,19.555403036114136,20.195053254404375,2007,Batemans Marine Park,0
Dinolestes lewini,-35.75,150.26,2005,12,8,30,1,-36_150,19.10784848531087,19.968608856201172,19.555403036114136,20.195053254404375,2007,Batemans Marine Park,0
Dinolestes lewini,-39.06,146.47,2005,3,7,35,23,-39_146,15.678410132726034,17.711864471435547,15.852172483301626,17.948279165452526,2002,Wilsons Promontory Marine National Park,0
Dinolestes lewini,-39.06,146.47,2005,3,7,35,7,-39_146,15.678410132726034,17.711864471435547,15.852172483301626,17.948279165452526,2002,Wilsons Promontory Marine National Park,0
Dinolestes lewini,-39.06,146.48,2005,3,6,15,2,-39_146,15.678410132726034,17.711864471435547,15.852172483301626,17.948279165452526,NA,NA,0
Dinolestes lewini,-39.05,146.48,2005,3,6,15,1,-39_146,15.678410132726034,17.711864471435547,15.852172483301626,17.948279165452526,NA,NA,0
Dinolestes lewini,-39.05,146.48,2005,3,6,20,2,-39_146,15.678410132726034,17.711864471435547,15.852172483301626,17.948279165452526,NA,NA,0
Dinolestes lewini,-35.72,150.27,2006,12,6,5,200,-36_150,18.992485523223877,20.234344482421875,19.3829807381822,19.45725763997724,2007,Batemans Marine Park,0
Dinolestes lewini,-35.72,150.27,2006,12,6,5,100,-36_150,18.992485523223877,20.234344482421875,19.3829807381822,19.45725763997724,2007,Batemans Marine Park,0
Dinolestes lewini,-35.72,150.27,2006,12,6,5,59,-36_150,18.992485523223877,20.234344482421875,19.3829807381822,19.45725763997724,2007,Batemans Marine Park,0
Dinolestes lewini,-35.72,150.27,2006,12,6,15,1,-36_150,18.992485523223877,20.234344482421875,19.3829807381822,19.45725763997724,2007,Batemans Marine Park,0
Dinolestes lewini,-35.72,150.27,2006,12,6,5,6,-36_150,18.992485523223877,20.234344482421875,19.3829807381822,19.45725763997724,2007,Batemans Marine Park,0
Dinolestes lewini,-35.72,150.27,2006,12,6,7.5,5,-36_150,18.992485523223877,20.234344482421875,19.3829807381822,19.45725763997724,2007,Batemans Marine Park,0
Dinolestes lewini,-35.72,150.27,2006,12,6,5,98,-36_150,18.992485523223877,20.234344482421875,19.3829807381822,19.45725763997724,2007,Batemans Marine Park,0
Dinolestes lewini,-35.72,150.27,2006,12,6,7.5,28,-36_150,18.992485523223877,20.234344482421875,19.3829807381822,19.45725763997724,2007,Batemans Marine Park,0
Dinolestes lewini,-35.72,150.27,2006,12,6,5,52,-36_150,18.992485523223877,20.234344482421875,19.3829807381822,19.45725763997724,2007,Batemans Marine Park,0
Dinolestes lewini,-35.72,150.27,2006,12,6,7.5,12,-36_150,18.992485523223877,20.234344482421875,19.3829807381822,19.45725763997724,2007,Batemans Marine Park,0
Dinolestes lewini,-35.72,150.25,2006,12,6,7.5,1,-36_150,18.992485523223877,20.234344482421875,19.3829807381822,19.45725763997724,NA,NA,0
Dinolestes lewini,-35.72,150.25,2006,12,6,7.5,1,-36_150,18.992485523223877,20.234344482421875,19.3829807381822,19.45725763997724,NA,NA,0
Dinolestes lewini,-35.8,150.24,2006,12,7,25,1,-36_150,18.992485523223877,20.234344482421875,19.3829807381822,19.45725763997724,NA,NA,0
Dinolestes lewini,-35.8,150.24,2006,12,7,20,1,-36_150,18.992485523223877,20.234344482421875,19.3829807381822,19.45725763997724,NA,NA,0
Dinolestes lewini,-35.78,150.23,2006,12,7,30,1,-36_150,18.992485523223877,20.234344482421875,19.3829807381822,19.45725763997724,NA,NA,0
Dinolestes lewini,-36.01,150.17,2006,12,8,10,23,-36_150,18.992485523223877,20.234344482421875,19.3829807381822,19.45725763997724,2007,Batemans Marine Park,0
Dinolestes lewini,-36.01,150.17,2006,12,8,25,6,-36_150,18.992485523223877,20.234344482421875,19.3829807381822,19.45725763997724,2007,Batemans Marine Park,0
Dinolestes lewini,-35.86,150.19,2006,12,4,20,1,-36_150,18.992485523223877,20.234344482421875,19.3829807381822,19.45725763997724,2007,Batemans Marine Park,0
Dinolestes lewini,-35.86,150.19,2006,12,4,25,1,-36_150,18.992485523223877,20.234344482421875,19.3829807381822,19.45725763997724,2007,Batemans Marine Park,0
Dinolestes lewini,-35.86,150.19,2006,12,4,30,1,-36_150,18.992485523223877,20.234344482421875,19.3829807381822,19.45725763997724,2007,Batemans Marine Park,0
Dinolestes lewini,-36.01,150.17,2006,12,8,10,27,-36_150,18.992485523223877,20.234344482421875,19.3829807381822,19.45725763997724,2007,Batemans Marine Park,0
Dinolestes lewini,-36.01,150.17,2006,12,8,7.5,13,-36_150,18.992485523223877,20.234344482421875,19.3829807381822,19.45725763997724,2007,Batemans Marine Park,0
Dinolestes lewini,-36.01,150.17,2006,12,8,15,40,-36_150,18.992485523223877,20.234344482421875,19.3829807381822,19.45725763997724,2007,Batemans Marine Park,0
Dinolestes lewini,-36.01,150.17,2006,12,8,7.5,27,-36_150,18.992485523223877,20.234344482421875,19.3829807381822,19.45725763997724,2007,Batemans Marine Park,0
Dinolestes lewini,-36.01,150.17,2006,12,8,15,160,-36_150,18.992485523223877,20.234344482421875,19.3829807381822,19.45725763997724,2007,Batemans Marine Park,0
Dinolestes lewini,-35.83,150.21,2006,12,4,7.5,1,-36_150,18.992485523223877,20.234344482421875,19.3829807381822,19.45725763997724,NA,NA,0
Dinolestes lewini,-35.83,150.21,2006,12,4,7.5,9,-36_150,18.992485523223877,20.234344482421875,19.3829807381822,19.45725763997724,NA,NA,0
Dinolestes lewini,-35.83,150.21,2006,12,4,5,5,-36_150,18.992485523223877,20.234344482421875,19.3829807381822,19.45725763997724,NA,NA,0
Dinolestes lewini,-35.83,150.21,2006,12,4,5,1,-36_150,18.992485523223877,20.234344482421875,19.3829807381822,19.45725763997724,NA,NA,0
Dinolestes lewini,-36.01,150.17,2006,12,8,5,1,-36_150,18.992485523223877,20.234344482421875,19.3829807381822,19.45725763997724,2007,Batemans Marine Park,0
Dinolestes lewini,-36.01,150.17,2006,12,8,7.5,1,-36_150,18.992485523223877,20.234344482421875,19.3829807381822,19.45725763997724,2007,Batemans Marine Park,0
Dinolestes lewini,-36.01,150.17,2006,12,8,20,1,-36_150,18.992485523223877,20.234344482421875,19.3829807381822,19.45725763997724,2007,Batemans Marine Park,0
Dinolestes lewini,-36.01,150.17,2006,12,8,25,1,-36_150,18.992485523223877,20.234344482421875,19.3829807381822,19.45725763997724,2007,Batemans Marine Park,0
Dinolestes lewini,-36.01,150.17,2006,12,8,30,3,-36_150,18.992485523223877,20.234344482421875,19.3829807381822,19.45725763997724,2007,Batemans Marine Park,0
Dinolestes lewini,-35.83,150.23,2006,12,5,15,1,-36_150,18.992485523223877,20.234344482421875,19.3829807381822,19.45725763997724,2007,Batemans Marine Park,0
Dinolestes lewini,-35.83,150.23,2006,12,5,25,1,-36_150,18.992485523223877,20.234344482421875,19.3829807381822,19.45725763997724,2007,Batemans Marine Park,0
Dinolestes lewini,-35.83,150.23,2006,12,5,30,1,-36_150,18.992485523223877,20.234344482421875,19.3829807381822,19.45725763997724,2007,Batemans Marine Park,0
Dinolestes lewini,-36.01,150.17,2006,12,8,10,45,-36_150,18.992485523223877,20.234344482421875,19.3829807381822,19.45725763997724,2007,Batemans Marine Park,0
Dinolestes lewini,-36.01,150.17,2006,12,8,25,2,-36_150,18.992485523223877,20.234344482421875,19.3829807381822,19.45725763997724,2007,Batemans Marine Park,0
Dinolestes lewini,-36.01,150.17,2006,12,8,30,2,-36_150,18.992485523223877,20.234344482421875,19.3829807381822,19.45725763997724,2007,Batemans Marine Park,0
Dinolestes lewini,-36.01,150.17,2006,12,8,35,1,-36_150,18.992485523223877,20.234344482421875,19.3829807381822,19.45725763997724,2007,Batemans Marine Park,0
Dinolestes lewini,-36.01,150.17,2006,12,8,12.5,7,-36_150,18.992485523223877,20.234344482421875,19.3829807381822,19.45725763997724,2007,Batemans Marine Park,0
Dinolestes lewini,-36.01,150.17,2006,12,8,30,4,-36_150,18.992485523223877,20.234344482421875,19.3829807381822,19.45725763997724,2007,Batemans Marine Park,0
Dinolestes lewini,-36.01,150.17,2006,12,8,12.5,73,-36_150,18.992485523223877,20.234344482421875,19.3829807381822,19.45725763997724,2007,Batemans Marine Park,0
Dinolestes lewini,-36.01,150.17,2006,12,8,25,3,-36_150,18.992485523223877,20.234344482421875,19.3829807381822,19.45725763997724,2007,Batemans Marine Park,0
Dinolestes lewini,-36.01,150.17,2006,12,8,30,1,-36_150,18.992485523223877,20.234344482421875,19.3829807381822,19.45725763997724,2007,Batemans Marine Park,0
Dinolestes lewini,-36.01,150.17,2006,12,8,25,1,-36_150,18.992485523223877,20.234344482421875,19.3829807381822,19.45725763997724,2007,Batemans Marine Park,0
Dinolestes lewini,-36.01,150.17,2006,12,8,12.5,1,-36_150,18.992485523223877,20.234344482421875,19.3829807381822,19.45725763997724,2007,Batemans Marine Park,0
Dinolestes lewini,-36.01,150.17,2006,12,8,25,1,-36_150,18.992485523223877,20.234344482421875,19.3829807381822,19.45725763997724,2007,Batemans Marine Park,0
Dinolestes lewini,-36.01,150.17,2006,12,8,12.5,1,-36_150,18.992485523223877,20.234344482421875,19.3829807381822,19.45725763997724,2007,Batemans Marine Park,0
Dinolestes lewini,-36.01,150.17,2006,12,8,35,1,-36_150,18.992485523223877,20.234344482421875,19.3829807381822,19.45725763997724,2007,Batemans Marine Park,0
Dinolestes lewini,-36.01,150.17,2006,12,8,7.5,1,-36_150,18.992485523223877,20.234344482421875,19.3829807381822,19.45725763997724,2007,Batemans Marine Park,0
Dinolestes lewini,-36.01,150.17,2006,12,8,20,1,-36_150,18.992485523223877,20.234344482421875,19.3829807381822,19.45725763997724,2007,Batemans Marine Park,0
Dinolestes lewini,-35.82,150.23,2006,12,5,30,7,-36_150,18.992485523223877,20.234344482421875,19.3829807381822,19.45725763997724,NA,NA,0
Dinolestes lewini,-36.26,150.15,2006,12,13,30,2,-36_150,18.992485523223877,20.234344482421875,19.3829807381822,19.45725763997724,2007,Batemans Marine Park,0
Dinolestes lewini,-39.05,146.48,2005,3,6,20,1,-39_146,15.678410132726034,17.711864471435547,15.852172483301626,17.948279165452526,NA,NA,0
Dinolestes lewini,-39.05,146.48,2005,3,6,20,3,-39_146,15.678410132726034,17.711864471435547,15.852172483301626,17.948279165452526,NA,NA,0
Dinolestes lewini,-36.01,150.17,2006,12,8,25,1,-36_150,18.992485523223877,20.234344482421875,19.3829807381822,19.45725763997724,2007,Batemans Marine Park,0
Dinolestes lewini,-36.01,150.17,2006,12,8,30,1,-36_150,18.992485523223877,20.234344482421875,19.3829807381822,19.45725763997724,2007,Batemans Marine Park,0
Dinolestes lewini,-35.99,150.16,2006,12,8,7.5,3,-36_150,18.992485523223877,20.234344482421875,19.3829807381822,19.45725763997724,NA,NA,0
Dinolestes lewini,-35.99,150.16,2006,12,8,10,5,-36_150,18.992485523223877,20.234344482421875,19.3829807381822,19.45725763997724,NA,NA,0
Dinolestes lewini,-35.99,150.16,2006,12,8,15,1,-36_150,18.992485523223877,20.234344482421875,19.3829807381822,19.45725763997724,NA,NA,0
Dinolestes lewini,-35.99,150.16,2006,12,8,7.5,11,-36_150,18.992485523223877,20.234344482421875,19.3829807381822,19.45725763997724,NA,NA,0
Dinolestes lewini,-35.99,150.16,2006,12,8,7.5,16,-36_150,18.992485523223877,20.234344482421875,19.3829807381822,19.45725763997724,NA,NA,0
Dinolestes lewini,-35.99,150.16,2006,12,8,10,29,-36_150,18.992485523223877,20.234344482421875,19.3829807381822,19.45725763997724,NA,NA,0
Dinolestes lewini,-35.99,150.16,2006,12,8,12.5,1,-36_150,18.992485523223877,20.234344482421875,19.3829807381822,19.45725763997724,NA,NA,0
Dinolestes lewini,-35.99,150.16,2006,12,8,7.5,34,-36_150,18.992485523223877,20.234344482421875,19.3829807381822,19.45725763997724,NA,NA,0
Dinolestes lewini,-35.99,150.16,2006,12,8,10,21,-36_150,18.992485523223877,20.234344482421875,19.3829807381822,19.45725763997724,NA,NA,0
Dinolestes lewini,-35.99,150.16,2006,12,8,10,2,-36_150,18.992485523223877,20.234344482421875,19.3829807381822,19.45725763997724,NA,NA,0
Dinolestes lewini,-35.99,150.16,2006,12,8,7.5,1,-36_150,18.992485523223877,20.234344482421875,19.3829807381822,19.45725763997724,NA,NA,0
Dinolestes lewini,-35.99,150.16,2006,12,8,20,1,-36_150,18.992485523223877,20.234344482421875,19.3829807381822,19.45725763997724,NA,NA,0
Dinolestes lewini,-35.99,150.16,2006,12,8,25,1,-36_150,18.992485523223877,20.234344482421875,19.3829807381822,19.45725763997724,NA,NA,0
Dinolestes lewini,-35.99,150.16,2006,12,8,10,1,-36_150,18.992485523223877,20.234344482421875,19.3829807381822,19.45725763997724,NA,NA,0
Dinolestes lewini,-35.99,150.16,2006,12,8,20,1,-36_150,18.992485523223877,20.234344482421875,19.3829807381822,19.45725763997724,NA,NA,0
Dinolestes lewini,-35.69,150.3,2006,12,11,7.5,8,-36_150,18.992485523223877,20.234344482421875,19.3829807381822,19.45725763997724,NA,NA,0
Dinolestes lewini,-35.69,150.3,2006,12,11,25,2,-36_150,18.992485523223877,20.234344482421875,19.3829807381822,19.45725763997724,NA,NA,0
Dinolestes lewini,-35.69,150.3,2006,12,11,7.5,142,-36_150,18.992485523223877,20.234344482421875,19.3829807381822,19.45725763997724,NA,NA,0
Dinolestes lewini,-35.69,150.3,2006,12,11,25,23,-36_150,18.992485523223877,20.234344482421875,19.3829807381822,19.45725763997724,NA,NA,0
Dinolestes lewini,-36.26,150.15,2006,12,13,25,12,-36_150,18.992485523223877,20.234344482421875,19.3829807381822,19.45725763997724,2007,Batemans Marine Park,0
Dinolestes lewini,-36.26,150.15,2006,12,13,30,5,-36_150,18.992485523223877,20.234344482421875,19.3829807381822,19.45725763997724,2007,Batemans Marine Park,0
Dinolestes lewini,-36.26,150.15,2006,12,13,25,38,-36_150,18.992485523223877,20.234344482421875,19.3829807381822,19.45725763997724,2007,Batemans Marine Park,0
Dinolestes lewini,-36.26,150.15,2006,12,13,30,1,-36_150,18.992485523223877,20.234344482421875,19.3829807381822,19.45725763997724,2007,Batemans Marine Park,0
Dinolestes lewini,-35.69,150.3,2006,12,11,10,1,-36_150,18.992485523223877,20.234344482421875,19.3829807381822,19.45725763997724,NA,NA,0
Dinolestes lewini,-35.67,150.31,2006,12,11,30,2,-36_150,18.992485523223877,20.234344482421875,19.3829807381822,19.45725763997724,NA,NA,0
Dinolestes lewini,-35.67,150.31,2006,12,11,25,1,-36_150,18.992485523223877,20.234344482421875,19.3829807381822,19.45725763997724,NA,NA,0
Dinolestes lewini,-36.25,150.23,2006,12,12,7.5,1,-36_150,18.992485523223877,20.234344482421875,19.3829807381822,19.45725763997724,2007,Batemans Marine Park,0
Dinolestes lewini,-36.25,150.23,2006,12,12,7.5,1,-36_150,18.992485523223877,20.234344482421875,19.3829807381822,19.45725763997724,2007,Batemans Marine Park,0
Dinolestes lewini,-36.27,150.15,2006,12,13,10,1,-36_150,18.992485523223877,20.234344482421875,19.3829807381822,19.45725763997724,2007,Batemans Marine Park,0
Dinolestes lewini,-36.27,150.15,2006,12,13,12.5,1,-36_150,18.992485523223877,20.234344482421875,19.3829807381822,19.45725763997724,2007,Batemans Marine Park,0
Dinolestes lewini,-36.26,150.15,2006,12,13,7.5,1,-36_150,18.992485523223877,20.234344482421875,19.3829807381822,19.45725763997724,2007,Batemans Marine Park,0
Dinolestes lewini,-36.26,150.15,2006,12,13,20,1,-36_150,18.992485523223877,20.234344482421875,19.3829807381822,19.45725763997724,2007,Batemans Marine Park,0
Dinolestes lewini,-36.26,150.15,2006,12,13,35,1,-36_150,18.992485523223877,20.234344482421875,19.3829807381822,19.45725763997724,2007,Batemans Marine Park,0
Dinolestes lewini,-42.66,148.11,1994,5,5,15,1,-43_148,13.557039181391398,13.653878211975098,13.528119153811025,13.654644892292636,NA,NA,0
Dinolestes lewini,-42.66,148.11,1994,5,5,25,1,-43_148,13.557039181391398,13.653878211975098,13.528119153811025,13.654644892292636,NA,NA,0
Dinolestes lewini,-42.66,148.11,1994,5,5,25,1,-43_148,13.557039181391398,13.653878211975098,13.528119153811025,13.654644892292636,NA,NA,0
Dinolestes lewini,-42.66,148.11,1994,5,5,30,1,-43_148,13.557039181391398,13.653878211975098,13.528119153811025,13.654644892292636,NA,NA,0
Dinolestes lewini,-42.66,148.11,1994,5,5,15,1,-43_148,13.557039181391398,13.653878211975098,13.528119153811025,13.654644892292636,NA,NA,0
Dinolestes lewini,-42.66,148.11,1994,5,5,20,3,-43_148,13.557039181391398,13.653878211975098,13.528119153811025,13.654644892292636,NA,NA,0
Dinolestes lewini,-42.72,148.01,1994,5,5,30,1,-43_148,13.557039181391398,13.653878211975098,13.528119153811025,13.654644892292636,NA,NA,0
Dinolestes lewini,-42.66,148.01,1994,5,5,30,1,-43_148,13.557039181391398,13.653878211975098,13.528119153811025,13.654644892292636,NA,NA,0
Dinolestes lewini,-42.66,148.01,1994,5,5,25,1,-43_148,13.557039181391398,13.653878211975098,13.528119153811025,13.654644892292636,NA,NA,0
Dinolestes lewini,-42.41,148.16,1993,6,1,35,9,-42_148,14.750853459040323,13.840250015258787,14.616267218266684,13.630555200576785,NA,NA,0
Dinolestes lewini,-42.41,148.16,1993,6,1,35,22,-42_148,14.750853459040323,13.840250015258787,14.616267218266684,13.630555200576785,NA,NA,0
Dinolestes lewini,-42.58,148.06,1994,5,6,30,2,-43_148,13.557039181391398,13.653878211975098,13.528119153811025,13.654644892292636,NA,NA,0
Dinolestes lewini,-42.58,148.06,1994,5,6,25,1,-43_148,13.557039181391398,13.653878211975098,13.528119153811025,13.654644892292636,NA,NA,0
Dinolestes lewini,-42.58,148.06,1994,5,6,30,1,-43_148,13.557039181391398,13.653878211975098,13.528119153811025,13.654644892292636,NA,NA,0
Dinolestes lewini,-42.58,148.06,1994,5,6,15,11,-43_148,13.557039181391398,13.653878211975098,13.528119153811025,13.654644892292636,NA,NA,0
Dinolestes lewini,-42.58,148.06,1994,5,6,20,2,-43_148,13.557039181391398,13.653878211975098,13.528119153811025,13.654644892292636,NA,NA,0
Dinolestes lewini,-42.58,148.06,1994,5,6,12.5,1,-43_148,13.557039181391398,13.653878211975098,13.528119153811025,13.654644892292636,NA,NA,0
Dinolestes lewini,-42.58,148.06,1994,5,6,15,9,-43_148,13.557039181391398,13.653878211975098,13.528119153811025,13.654644892292636,NA,NA,0
Dinolestes lewini,-42.58,148.06,1994,5,6,20,3,-43_148,13.557039181391398,13.653878211975098,13.528119153811025,13.654644892292636,NA,NA,0
Dinolestes lewini,-42.58,148.06,1994,5,6,20,11,-43_148,13.557039181391398,13.653878211975098,13.528119153811025,13.654644892292636,NA,NA,0
Dinolestes lewini,-42.52,147.97,1994,4,21,25,1,-43_148,13.557039181391398,14.961605072021484,13.528119153811025,14.99163299560547,NA,NA,0
Dinolestes lewini,-42.55,147.95,1994,4,22,30,1,-43_148,13.557039181391398,14.961605072021484,13.528119153811025,14.99163299560547,NA,NA,0
Dinolestes lewini,-42.55,147.95,1994,4,22,25,4,-43_148,13.557039181391398,14.961605072021484,13.528119153811025,14.99163299560547,NA,NA,0
Dinolestes lewini,-42.58,147.92,1994,4,21,12.5,2,-43_148,13.557039181391398,14.961605072021484,13.528119153811025,14.99163299560547,NA,NA,0
Dinolestes lewini,-42.58,147.92,1994,4,21,12.5,13,-43_148,13.557039181391398,14.961605072021484,13.528119153811025,14.99163299560547,NA,NA,0
Dinolestes lewini,-42.58,148.05,1994,5,3,30,4,-43_148,13.557039181391398,13.653878211975098,13.528119153811025,13.654644892292636,NA,NA,0
Dinolestes lewini,-42.58,148.05,1994,5,3,30,1,-43_148,13.557039181391398,13.653878211975098,13.528119153811025,13.654644892292636,NA,NA,0
Dinolestes lewini,-43.06,147.33,1994,2,15,25,37,-43_147,12.93861699104309,15.667073249816896,13.14581890696693,15.487356805801392,1991,Tinderbox Marine Reserve,0
Dinolestes lewini,-43.06,147.33,1994,2,15,25,13,-43_147,12.93861699104309,15.667073249816896,13.14581890696693,15.487356805801392,1991,Tinderbox Marine Reserve,0
Dinolestes lewini,-43.29,147.14,1994,4,2,20,2,-43_147,12.93861699104309,14.154495239257813,13.14581890696693,14.48159964879354,NA,NA,0
Dinolestes lewini,-43.29,147.14,1994,4,2,20,1,-43_147,12.93861699104309,14.154495239257813,13.14581890696693,14.48159964879354,NA,NA,0
Dinolestes lewini,-43.29,147.18,1994,11,2,30,1,-43_147,12.93861699104309,12.049935340881348,13.14581890696693,11.834999758402509,NA,NA,0
Dinolestes lewini,-43.04,147.34,1994,2,15,30,1,-43_147,12.93861699104309,15.667073249816896,13.14581890696693,15.487356805801392,2009,Tinderbox Marine Reserve,0
Dinolestes lewini,-43.33,147.17,1994,3,15,25,1,-43_147,12.93861699104309,14.965734481811523,13.14581890696693,15.24528999943887,NA,NA,0
Dinolestes lewini,-43.33,147.17,1994,3,15,35,1,-43_147,12.93861699104309,14.965734481811523,13.14581890696693,15.24528999943887,NA,NA,0
Dinolestes lewini,-43.33,147.17,1994,3,15,30,1,-43_147,12.93861699104309,14.965734481811523,13.14581890696693,15.24528999943887,NA,NA,0
Dinolestes lewini,-43.35,147.18,1994,3,15,25,1,-43_147,12.93861699104309,14.965734481811523,13.14581890696693,15.24528999943887,NA,NA,0
Dinolestes lewini,-43.35,147.18,1994,3,15,25,1,-43_147,12.93861699104309,14.965734481811523,13.14581890696693,15.24528999943887,NA,NA,0
Dinolestes lewini,-43.35,147.18,1994,3,15,20,1,-43_147,12.93861699104309,14.965734481811523,13.14581890696693,15.24528999943887,NA,NA,0
Dinolestes lewini,-43.35,147.18,1994,3,15,10,1,-43_147,12.93861699104309,14.965734481811523,13.14581890696693,15.24528999943887,NA,NA,0
Dinolestes lewini,-43.35,147.18,1994,3,15,25,1,-43_147,12.93861699104309,14.965734481811523,13.14581890696693,15.24528999943887,NA,NA,0
Dinolestes lewini,-43.04,147.34,1994,2,15,15,1,-43_147,12.93861699104309,15.667073249816896,13.14581890696693,15.487356805801392,2009,Tinderbox Marine Reserve,0
Dinolestes lewini,-43.27,147.14,1994,11,2,15,1,-43_147,12.93861699104309,12.049935340881348,13.14581890696693,11.834999758402509,NA,NA,0
Dinolestes lewini,-43.27,147.14,1994,11,2,15,11,-43_147,12.93861699104309,12.049935340881348,13.14581890696693,11.834999758402509,NA,NA,0
Dinolestes lewini,-41.87,148.31,1993,5,18,35,1,-42_148,14.750853459040323,14.41463851928711,14.616267218266684,15.452795402978056,1991,Bicheno Marine Reserve,0
Dinolestes lewini,-41.87,148.31,1993,10,15,35,2,-42_148,14.750853459040323,13.421282768249512,14.616267218266684,12.54042983824207,1991,Bicheno Marine Reserve,0
Dinolestes lewini,-41.87,148.31,1993,10,15,35,5,-42_148,14.750853459040323,13.421282768249512,14.616267218266684,12.54042983824207,1991,Bicheno Marine Reserve,0
Dinolestes lewini,-41.87,148.31,1993,10,15,35,17,-42_148,14.750853459040323,13.421282768249512,14.616267218266684,12.54042983824207,1991,Bicheno Marine Reserve,0
Dinolestes lewini,-41.87,148.31,1993,10,15,35,2,-42_148,14.750853459040323,13.421282768249512,14.616267218266684,12.54042983824207,1991,Bicheno Marine Reserve,0
Dinolestes lewini,-41.87,148.31,1993,10,15,35,8,-42_148,14.750853459040323,13.421282768249512,14.616267218266684,12.54042983824207,1991,Bicheno Marine Reserve,0
Dinolestes lewini,-41.9,148.32,1993,5,19,30,1,-42_148,14.750853459040323,14.41463851928711,14.616267218266684,15.452795402978056,NA,NA,0
Dinolestes lewini,-41.87,148.3,1993,5,20,25,1,-42_148,14.750853459040323,14.41463851928711,14.616267218266684,15.452795402978056,NA,NA,0
Dinolestes lewini,-41.87,148.3,1993,5,20,25,1,-42_148,14.750853459040323,14.41463851928711,14.616267218266684,15.452795402978056,NA,NA,0
Dinolestes lewini,-41.87,148.3,1993,5,20,20,3,-42_148,14.750853459040323,14.41463851928711,14.616267218266684,15.452795402978056,NA,NA,0
Dinolestes lewini,-41.87,148.3,1993,5,20,20,1,-42_148,14.750853459040323,14.41463851928711,14.616267218266684,15.452795402978056,NA,NA,0
Dinolestes lewini,-41.87,148.3,1993,5,20,25,1,-42_148,14.750853459040323,14.41463851928711,14.616267218266684,15.452795402978056,NA,NA,0
Dinolestes lewini,-41.87,148.3,1993,5,20,30,1,-42_148,14.750853459040323,14.41463851928711,14.616267218266684,15.452795402978056,NA,NA,0
Dinolestes lewini,-41.87,148.3,1993,5,20,35,1,-42_148,14.750853459040323,14.41463851928711,14.616267218266684,15.452795402978056,NA,NA,0
Dinolestes lewini,-42.3,148.28,1993,5,17,30,1,-42_148,14.750853459040323,14.41463851928711,14.616267218266684,15.452795402978056,NA,NA,0
Dinolestes lewini,-42.3,148.28,1993,5,17,40,1,-42_148,14.750853459040323,14.41463851928711,14.616267218266684,15.452795402978056,NA,NA,0
Dinolestes lewini,-43,147.95,1994,1,24,25,3,-43_148,13.557039181391398,14.649969100952148,13.528119153811025,14.928580327187817,NA,NA,0
Dinolestes lewini,-43,147.95,1994,1,24,30,1,-43_148,13.557039181391398,14.649969100952148,13.528119153811025,14.928580327187817,NA,NA,0
Dinolestes lewini,-43,147.95,1994,1,24,25,1,-43_148,13.557039181391398,14.649969100952148,13.528119153811025,14.928580327187817,NA,NA,0
Dinolestes lewini,-43,147.95,1994,1,24,30,2,-43_148,13.557039181391398,14.649969100952148,13.528119153811025,14.928580327187817,NA,NA,0
Dinolestes lewini,-43,147.95,1994,1,24,35,1,-43_148,13.557039181391398,14.649969100952148,13.528119153811025,14.928580327187817,NA,NA,0
Dinolestes lewini,-43.06,147.95,1994,1,25,15,1,-43_148,13.557039181391398,14.649969100952148,13.528119153811025,14.928580327187817,NA,NA,0
Dinolestes lewini,-43.15,147.87,1994,2,16,25,1,-43_148,13.557039181391398,15.932522773742676,13.528119153811025,16.33635679313115,NA,NA,0
Dinolestes lewini,-43.15,147.87,1994,2,16,25,1,-43_148,13.557039181391398,15.932522773742676,13.528119153811025,16.33635679313115,NA,NA,0
Dinolestes lewini,-43.15,147.87,1994,2,16,20,3,-43_148,13.557039181391398,15.932522773742676,13.528119153811025,16.33635679313115,NA,NA,0
Dinolestes lewini,-43.15,147.87,1994,2,16,25,1,-43_148,13.557039181391398,15.932522773742676,13.528119153811025,16.33635679313115,NA,NA,0
Dinolestes lewini,-43.15,147.87,1994,2,16,30,1,-43_148,13.557039181391398,15.932522773742676,13.528119153811025,16.33635679313115,NA,NA,0
Dinolestes lewini,-43.15,147.87,1994,2,16,20,2,-43_148,13.557039181391398,15.932522773742676,13.528119153811025,16.33635679313115,NA,NA,0
Dinolestes lewini,-41.87,148.31,1993,5,20,20,1,-42_148,14.750853459040323,14.41463851928711,14.616267218266684,15.452795402978056,1991,Bicheno Marine Reserve,0
Dinolestes lewini,-43.15,147.87,1994,2,16,25,1,-43_148,13.557039181391398,15.932522773742676,13.528119153811025,16.33635679313115,NA,NA,0
Dinolestes lewini,-42.88,147.97,1994,2,17,20,1,-43_148,13.557039181391398,15.932522773742676,13.528119153811025,16.33635679313115,NA,NA,0
Dinolestes lewini,-43.13,147.96,1994,6,16,12.5,1,-43_148,13.557039181391398,12.760122299194336,13.528119153811025,12.683533029556274,NA,NA,0
Dinolestes lewini,-43.14,147.87,1994,9,15,35,5,-43_148,13.557039181391398,11.43657684326172,13.528119153811025,11.110333102544148,NA,NA,0
Dinolestes lewini,-43.14,147.87,1994,9,15,35,13,-43_148,13.557039181391398,11.43657684326172,13.528119153811025,11.110333102544148,NA,NA,0
Dinolestes lewini,-43.13,147.4,1994,1,28,12.5,1,-43_147,12.93861699104309,13.908574104309082,13.14581890696693,13.869935183371268,NA,NA,0
Dinolestes lewini,-43.25,147.43,1994,10,2,30,1,-43_147,12.93861699104309,11.478924751281738,13.14581890696693,11.176064269773422,NA,NA,0
Dinolestes lewini,-43.25,147.43,1994,10,2,25,1,-43_147,12.93861699104309,11.478924751281738,13.14581890696693,11.176064269773422,NA,NA,0
Dinolestes lewini,-41.87,148.31,1993,5,18,35,3,-42_148,14.750853459040323,14.41463851928711,14.616267218266684,15.452795402978056,1991,Bicheno Marine Reserve,0
Dinolestes lewini,-43.25,147.43,1994,10,2,15,1,-43_147,12.93861699104309,11.478924751281738,13.14581890696693,11.176064269773422,NA,NA,0
Dinolestes lewini,-42.57,148.08,1997,5,2,12.5,1,-43_148,13.828283230463663,13.601903915405272,13.48925782165647,13.399257770661386,NA,NA,0
Dinolestes lewini,-42.56,148.07,1996,3,29,10,10,-43_148,13.23560365041097,15.30197525024414,13.060834419016285,14.985935174265215,NA,NA,0
Dinolestes lewini,-42.56,148.07,1996,3,29,7.5,10,-43_148,13.23560365041097,15.30197525024414,13.060834419016285,14.985935174265215,NA,NA,0
Dinolestes lewini,-42.56,148.07,1996,3,29,10,14,-43_148,13.23560365041097,15.30197525024414,13.060834419016285,14.985935174265215,NA,NA,0
Dinolestes lewini,-42.56,148.07,1996,3,29,7.5,2,-43_148,13.23560365041097,15.30197525024414,13.060834419016285,14.985935174265215,NA,NA,0
Dinolestes lewini,-42.56,148.07,1996,3,29,10,1,-43_148,13.23560365041097,15.30197525024414,13.060834419016285,14.985935174265215,NA,NA,0
Dinolestes lewini,-42.56,148.07,1996,3,29,10,1,-43_148,13.23560365041097,15.30197525024414,13.060834419016285,14.985935174265215,NA,NA,0
Dinolestes lewini,-42.56,148.07,1996,3,29,10,1,-43_148,13.23560365041097,15.30197525024414,13.060834419016285,14.985935174265215,NA,NA,0
Dinolestes lewini,-42.56,148.07,1996,3,29,12.5,1,-43_148,13.23560365041097,15.30197525024414,13.060834419016285,14.985935174265215,NA,NA,0
Dinolestes lewini,-42.56,148.07,1999,4,13,20,1,-43_148,14.31503669420878,15.339073181152344,14.387319497611054,15.055099681218463,NA,NA,0
Dinolestes lewini,-42.56,148.07,1999,4,13,25,1,-43_148,14.31503669420878,15.339073181152344,14.387319497611054,15.055099681218463,NA,NA,0
Dinolestes lewini,-42.56,148.07,1999,4,13,35,1,-43_148,14.31503669420878,15.339073181152344,14.387319497611054,15.055099681218463,NA,NA,0
Dinolestes lewini,-42.56,148.07,1999,4,13,5,1,-43_148,14.31503669420878,15.339073181152344,14.387319497611054,15.055099681218463,NA,NA,0
Dinolestes lewini,-42.56,148.07,1999,4,13,35,1,-43_148,14.31503669420878,15.339073181152344,14.387319497611054,15.055099681218463,NA,NA,0
Dinolestes lewini,-42.56,148.07,1999,4,13,15,1,-43_148,14.31503669420878,15.339073181152344,14.387319497611054,15.055099681218463,NA,NA,0
Dinolestes lewini,-42.56,148.07,2000,3,21,30,1,-43_148,14.2658109664917,16.46603775024414,14.660294706520581,17.01732222341722,NA,NA,0
Dinolestes lewini,-42.56,148.07,2000,3,21,30,1,-43_148,14.2658109664917,16.46603775024414,14.660294706520581,17.01732222341722,NA,NA,0
Dinolestes lewini,-42.56,148.07,2000,3,21,25,1,-43_148,14.2658109664917,16.46603775024414,14.660294706520581,17.01732222341722,NA,NA,0
Dinolestes lewini,-42.56,148.07,2000,9,22,35,1,-43_148,14.2658109664917,12.219003677368164,14.660294706520581,12.770333048502604,NA,NA,0
Dinolestes lewini,-42.56,148.07,2000,9,22,35,2,-43_148,14.2658109664917,12.219003677368164,14.660294706520581,12.770333048502604,NA,NA,0
Dinolestes lewini,-42.56,148.07,2000,9,22,25,3,-43_148,14.2658109664917,12.219003677368164,14.660294706520581,12.770333048502604,NA,NA,0
Dinolestes lewini,-42.56,148.07,2000,9,22,25,1,-43_148,14.2658109664917,12.219003677368164,14.660294706520581,12.770333048502604,NA,NA,0
Dinolestes lewini,-42.56,148.07,2001,4,27,30,1,-43_148,14.404147942860922,15.954904556274414,14.885343445453408,15.510599664052329,NA,NA,0
Dinolestes lewini,-42.56,148.07,2001,4,27,30,1,-43_148,14.404147942860922,15.954904556274414,14.885343445453408,15.510599664052329,NA,NA,0
Dinolestes lewini,-42.56,148.07,2001,4,27,35,2,-43_148,14.404147942860922,15.954904556274414,14.885343445453408,15.510599664052329,NA,NA,0
Dinolestes lewini,-42.56,148.07,2001,4,27,35,13,-43_148,14.404147942860922,15.954904556274414,14.885343445453408,15.510599664052329,NA,NA,0
Dinolestes lewini,-42.72,148.01,2002,2,22,30,4,-43_148,14.016718626022339,15.803810119628906,14.346447650467624,16.55171391963959,NA,NA,0
Dinolestes lewini,-42.72,148.01,2002,2,22,35,1,-43_148,14.016718626022339,15.803810119628906,14.346447650467624,16.55171391963959,NA,NA,0
Dinolestes lewini,-42.72,148.01,2002,2,22,20,2,-43_148,14.016718626022339,15.803810119628906,14.346447650467624,16.55171391963959,NA,NA,0
Dinolestes lewini,-42.72,148.01,2002,2,22,25,2,-43_148,14.016718626022339,15.803810119628906,14.346447650467624,16.55171391963959,NA,NA,0
Dinolestes lewini,-42.72,148.01,2002,2,22,30,27,-43_148,14.016718626022339,15.803810119628906,14.346447650467624,16.55171391963959,NA,NA,0
Dinolestes lewini,-42.72,148.01,2002,2,22,35,1,-43_148,14.016718626022339,15.803810119628906,14.346447650467624,16.55171391963959,NA,NA,0
Dinolestes lewini,-42.72,148.01,2002,2,22,20,6,-43_148,14.016718626022339,15.803810119628906,14.346447650467624,16.55171391963959,NA,NA,0
Dinolestes lewini,-42.72,148.01,2002,2,22,30,13,-43_148,14.016718626022339,15.803810119628906,14.346447650467624,16.55171391963959,NA,NA,0
Dinolestes lewini,-42.58,148.06,1996,3,26,10,5,-43_148,13.23560365041097,15.30197525024414,13.060834419016285,14.985935174265215,NA,NA,0
Dinolestes lewini,-42.58,148.06,1996,3,26,10,35,-43_148,13.23560365041097,15.30197525024414,13.060834419016285,14.985935174265215,NA,NA,0
Dinolestes lewini,-42.58,148.06,1996,3,26,35,1,-43_148,13.23560365041097,15.30197525024414,13.060834419016285,14.985935174265215,NA,NA,0
Dinolestes lewini,-42.58,148.06,1996,3,26,10,15,-43_148,13.23560365041097,15.30197525024414,13.060834419016285,14.985935174265215,NA,NA,0
Dinolestes lewini,-42.58,148.06,1996,3,26,10,20,-43_148,13.23560365041097,15.30197525024414,13.060834419016285,14.985935174265215,NA,NA,0
Dinolestes lewini,-42.56,148.07,2002,3,5,20,1,-43_148,14.016718626022339,16.006872177124023,14.346447650467624,16.31406418892645,NA,NA,0
Dinolestes lewini,-42.56,148.07,2002,3,5,30,1,-43_148,14.016718626022339,16.006872177124023,14.346447650467624,16.31406418892645,NA,NA,0
Dinolestes lewini,-42.56,148.07,2002,3,5,25,2,-43_148,14.016718626022339,16.006872177124023,14.346447650467624,16.31406418892645,NA,NA,0
Dinolestes lewini,-42.58,148.06,1997,4,15,25,2,-43_148,13.828283230463663,14.931314468383787,13.48925782165647,13.747166363398234,NA,NA,0
Dinolestes lewini,-42.58,148.06,1997,4,15,30,2,-43_148,13.828283230463663,14.931314468383787,13.48925782165647,13.747166363398234,NA,NA,0
Dinolestes lewini,-42.58,148.06,1997,4,15,35,2,-43_148,13.828283230463663,14.931314468383787,13.48925782165647,13.747166363398234,NA,NA,0
Dinolestes lewini,-42.58,148.06,1997,4,15,25,3,-43_148,13.828283230463663,14.931314468383787,13.48925782165647,13.747166363398234,NA,NA,0
Dinolestes lewini,-42.58,148.06,1997,4,15,30,18,-43_148,13.828283230463663,14.931314468383787,13.48925782165647,13.747166363398234,NA,NA,0
Dinolestes lewini,-42.58,148.06,1997,4,15,35,3,-43_148,13.828283230463663,14.931314468383787,13.48925782165647,13.747166363398234,NA,NA,0
Dinolestes lewini,-42.58,148.06,1997,4,15,20,5,-43_148,13.828283230463663,14.931314468383787,13.48925782165647,13.747166363398234,NA,NA,0
Dinolestes lewini,-42.66,148.11,1997,5,2,15,1,-43_148,13.828283230463663,13.601903915405272,13.48925782165647,13.399257770661386,NA,NA,0
Dinolestes lewini,-42.58,148.06,1997,4,15,20,4,-43_148,13.828283230463663,14.931314468383787,13.48925782165647,13.747166363398234,NA,NA,0
Dinolestes lewini,-42.58,148.06,1999,4,9,35,1,-43_148,14.31503669420878,15.339073181152344,14.387319497611054,15.055099681218463,NA,NA,0
Dinolestes lewini,-42.66,148.11,1999,4,29,20,1,-43_148,14.31503669420878,15.339073181152344,14.387319497611054,15.055099681218463,NA,NA,0
Dinolestes lewini,-42.66,148.11,1999,4,29,25,1,-43_148,14.31503669420878,15.339073181152344,14.387319497611054,15.055099681218463,NA,NA,0
Dinolestes lewini,-42.66,148.11,2000,3,23,25,1,-43_148,14.2658109664917,16.46603775024414,14.660294706520581,17.01732222341722,NA,NA,0
Dinolestes lewini,-42.66,148.11,2000,3,23,25,1,-43_148,14.2658109664917,16.46603775024414,14.660294706520581,17.01732222341722,NA,NA,0
Dinolestes lewini,-42.66,148.11,2000,3,23,30,1,-43_148,14.2658109664917,16.46603775024414,14.660294706520581,17.01732222341722,NA,NA,0
Dinolestes lewini,-42.58,148.06,2002,2,21,30,9,-43_148,14.016718626022339,15.803810119628906,14.346447650467624,16.55171391963959,NA,NA,0
Dinolestes lewini,-42.66,148.01,2000,3,24,25,1,-43_148,14.2658109664917,16.46603775024414,14.660294706520581,17.01732222341722,NA,NA,0
Dinolestes lewini,-42.66,148.01,2000,3,24,25,1,-43_148,14.2658109664917,16.46603775024414,14.660294706520581,17.01732222341722,NA,NA,0
Dinolestes lewini,-42.66,148.01,2000,3,24,20,1,-43_148,14.2658109664917,16.46603775024414,14.660294706520581,17.01732222341722,NA,NA,0
Dinolestes lewini,-42.66,148.01,2000,3,24,30,1,-43_148,14.2658109664917,16.46603775024414,14.660294706520581,17.01732222341722,NA,NA,0
Dinolestes lewini,-42.6,148.05,1996,3,29,20,1,-43_148,13.23560365041097,15.30197525024414,13.060834419016285,14.985935174265215,NA,NA,0
Dinolestes lewini,-42.6,148.05,1997,4,24,12.5,6,-43_148,13.828283230463663,14.931314468383787,13.48925782165647,13.747166363398234,NA,NA,0
Dinolestes lewini,-42.6,148.05,1997,4,24,12.5,4,-43_148,13.828283230463663,14.931314468383787,13.48925782165647,13.747166363398234,NA,NA,0
Dinolestes lewini,-42.58,148.06,2000,9,22,30,8,-43_148,14.2658109664917,12.219003677368164,14.660294706520581,12.770333048502604,NA,NA,0
Dinolestes lewini,-42.58,148.06,2000,9,22,30,2,-43_148,14.2658109664917,12.219003677368164,14.660294706520581,12.770333048502604,NA,NA,0
Dinolestes lewini,-42.58,148.06,2001,4,6,25,1,-43_148,14.404147942860922,15.954904556274414,14.885343445453408,15.510599664052329,NA,NA,0
Dinolestes lewini,-42.58,148.06,2001,4,6,25,1,-43_148,14.404147942860922,15.954904556274414,14.885343445453408,15.510599664052329,NA,NA,0
Dinolestes lewini,-42.58,148.06,2001,4,6,30,1,-43_148,14.404147942860922,15.954904556274414,14.885343445453408,15.510599664052329,NA,NA,0
Dinolestes lewini,-42.58,148.06,2002,2,21,20,1,-43_148,14.016718626022339,15.803810119628906,14.346447650467624,16.55171391963959,NA,NA,0
Dinolestes lewini,-42.58,148.06,2002,2,21,25,1,-43_148,14.016718626022339,15.803810119628906,14.346447650467624,16.55171391963959,NA,NA,0
Dinolestes lewini,-42.58,148.06,2002,2,21,25,9,-43_148,14.016718626022339,15.803810119628906,14.346447650467624,16.55171391963959,NA,NA,0
Dinolestes lewini,-42.58,148.06,2002,2,21,25,2,-43_148,14.016718626022339,15.803810119628906,14.346447650467624,16.55171391963959,NA,NA,0
Dinolestes lewini,-42.58,148.06,2002,2,21,30,4,-43_148,14.016718626022339,15.803810119628906,14.346447650467624,16.55171391963959,NA,NA,0
Dinolestes lewini,-42.58,148.06,2002,2,21,35,1,-43_148,14.016718626022339,15.803810119628906,14.346447650467624,16.55171391963959,NA,NA,0
Dinolestes lewini,-42.6,148.05,2001,4,20,20,1,-43_148,14.404147942860922,15.954904556274414,14.885343445453408,15.510599664052329,NA,NA,0
Dinolestes lewini,-42.6,148.05,2002,2,19,25,11,-43_148,14.016718626022339,15.803810119628906,14.346447650467624,16.55171391963959,NA,NA,0
Dinolestes lewini,-42.6,148.05,2002,2,19,25,1,-43_148,14.016718626022339,15.803810119628906,14.346447650467624,16.55171391963959,NA,NA,0
Dinolestes lewini,-42.6,148.05,2002,2,19,20,1,-43_148,14.016718626022339,15.803810119628906,14.346447650467624,16.55171391963959,NA,NA,0
Dinolestes lewini,-42.6,148.05,2002,2,19,25,1,-43_148,14.016718626022339,15.803810119628906,14.346447650467624,16.55171391963959,NA,NA,0
Dinolestes lewini,-42.6,148.05,2002,2,19,30,5,-43_148,14.016718626022339,15.803810119628906,14.346447650467624,16.55171391963959,NA,NA,0
Dinolestes lewini,-42.6,148.05,2002,2,19,25,20,-43_148,14.016718626022339,15.803810119628906,14.346447650467624,16.55171391963959,NA,NA,0
Dinolestes lewini,-42.6,148.05,2002,2,19,30,18,-43_148,14.016718626022339,15.803810119628906,14.346447650467624,16.55171391963959,NA,NA,0
Dinolestes lewini,-42.6,148.05,2000,3,22,30,1,-43_148,14.2658109664917,16.46603775024414,14.660294706520581,17.01732222341722,NA,NA,0
Dinolestes lewini,-42.59,148.05,2001,4,6,25,1,-43_148,14.404147942860922,15.954904556274414,14.885343445453408,15.510599664052329,NA,NA,0
Dinolestes lewini,-42.59,148.05,2001,4,6,35,1,-43_148,14.404147942860922,15.954904556274414,14.885343445453408,15.510599664052329,NA,NA,0
Dinolestes lewini,-42.59,148.05,2001,4,6,30,1,-43_148,14.404147942860922,15.954904556274414,14.885343445453408,15.510599664052329,NA,NA,0
Dinolestes lewini,-42.59,148.05,2002,2,18,30,1,-43_148,14.016718626022339,15.803810119628906,14.346447650467624,16.55171391963959,NA,NA,0
Dinolestes lewini,-42.59,148.05,2002,2,18,35,1,-43_148,14.016718626022339,15.803810119628906,14.346447650467624,16.55171391963959,NA,NA,0
Dinolestes lewini,-42.59,148.05,2002,2,18,25,1,-43_148,14.016718626022339,15.803810119628906,14.346447650467624,16.55171391963959,NA,NA,0
Dinolestes lewini,-42.59,148.05,2002,2,18,20,1,-43_148,14.016718626022339,15.803810119628906,14.346447650467624,16.55171391963959,NA,NA,0
Dinolestes lewini,-42.59,148.05,2002,2,18,25,2,-43_148,14.016718626022339,15.803810119628906,14.346447650467624,16.55171391963959,NA,NA,0
Dinolestes lewini,-42.72,148.01,1996,3,27,20,2,-43_148,13.23560365041097,15.30197525024414,13.060834419016285,14.985935174265215,NA,NA,0
Dinolestes lewini,-42.72,148.01,1996,3,27,35,1,-43_148,13.23560365041097,15.30197525024414,13.060834419016285,14.985935174265215,NA,NA,0
Dinolestes lewini,-42.72,148.01,1996,3,27,20,1,-43_148,13.23560365041097,15.30197525024414,13.060834419016285,14.985935174265215,NA,NA,0
Dinolestes lewini,-42.6,148.05,2002,2,19,20,1,-43_148,14.016718626022339,15.803810119628906,14.346447650467624,16.55171391963959,NA,NA,0
Dinolestes lewini,-42.6,148.05,2002,2,19,30,1,-43_148,14.016718626022339,15.803810119628906,14.346447650467624,16.55171391963959,NA,NA,0
Dinolestes lewini,-42.63,148.02,1996,4,30,30,40,-43_148,13.23560365041097,14.336854934692385,13.060834419016285,13.78246637026469,NA,NA,0
Dinolestes lewini,-42.63,148.02,1996,4,30,30,10,-43_148,13.23560365041097,14.336854934692385,13.060834419016285,13.78246637026469,NA,NA,0
Dinolestes lewini,-42.59,148.05,1999,4,9,35,1,-43_148,14.31503669420878,15.339073181152344,14.387319497611054,15.055099681218463,NA,NA,0
Dinolestes lewini,-42.59,148.05,2000,3,24,30,1,-43_148,14.2658109664917,16.46603775024414,14.660294706520581,17.01732222341722,NA,NA,0
Dinolestes lewini,-42.63,148.02,2000,3,28,30,1,-43_148,14.2658109664917,16.46603775024414,14.660294706520581,17.01732222341722,NA,NA,0
Dinolestes lewini,-42.63,148.02,2000,3,28,35,1,-43_148,14.2658109664917,16.46603775024414,14.660294706520581,17.01732222341722,NA,NA,0
Dinolestes lewini,-42.63,148.02,2000,9,28,30,7,-43_148,14.2658109664917,12.219003677368164,14.660294706520581,12.770333048502604,NA,NA,0
Dinolestes lewini,-42.63,148.02,2000,9,28,30,3,-43_148,14.2658109664917,12.219003677368164,14.660294706520581,12.770333048502604,NA,NA,0
Dinolestes lewini,-42.63,148.02,2001,4,27,25,1,-43_148,14.404147942860922,15.954904556274414,14.885343445453408,15.510599664052329,NA,NA,0
Dinolestes lewini,-42.72,148.01,1999,4,10,25,1,-43_148,14.31503669420878,15.339073181152344,14.387319497611054,15.055099681218463,NA,NA,0
Dinolestes lewini,-42.72,148.01,1999,4,10,30,1,-43_148,14.31503669420878,15.339073181152344,14.387319497611054,15.055099681218463,NA,NA,0
Dinolestes lewini,-42.72,148.01,1999,4,10,25,1,-43_148,14.31503669420878,15.339073181152344,14.387319497611054,15.055099681218463,NA,NA,0
Dinolestes lewini,-42.58,148.05,2001,4,5,20,3,-43_148,14.404147942860922,15.954904556274414,14.885343445453408,15.510599664052329,NA,NA,0
Dinolestes lewini,-42.58,148.05,2001,4,5,20,5,-43_148,14.404147942860922,15.954904556274414,14.885343445453408,15.510599664052329,NA,NA,0
Dinolestes lewini,-42.58,148.05,2001,4,5,30,1,-43_148,14.404147942860922,15.954904556274414,14.885343445453408,15.510599664052329,NA,NA,0
Dinolestes lewini,-42.58,148.05,2001,4,5,20,1,-43_148,14.404147942860922,15.954904556274414,14.885343445453408,15.510599664052329,NA,NA,0
Dinolestes lewini,-42.58,148.05,2001,4,5,30,9,-43_148,14.404147942860922,15.954904556274414,14.885343445453408,15.510599664052329,NA,NA,0
Dinolestes lewini,-42.58,148.05,2001,4,5,35,2,-43_148,14.404147942860922,15.954904556274414,14.885343445453408,15.510599664052329,NA,NA,0
Dinolestes lewini,-42.58,148.05,2002,3,5,30,7,-43_148,14.016718626022339,16.006872177124023,14.346447650467624,16.31406418892645,NA,NA,0
Dinolestes lewini,-42.58,148.05,2002,3,5,30,3,-43_148,14.016718626022339,16.006872177124023,14.346447650467624,16.31406418892645,NA,NA,0
Dinolestes lewini,-42.72,148.01,2000,3,23,30,1,-43_148,14.2658109664917,16.46603775024414,14.660294706520581,17.01732222341722,NA,NA,0
Dinolestes lewini,-42.72,148.01,2000,3,23,35,2,-43_148,14.2658109664917,16.46603775024414,14.660294706520581,17.01732222341722,NA,NA,0
Dinolestes lewini,-42.72,148.01,2000,3,23,35,18,-43_148,14.2658109664917,16.46603775024414,14.660294706520581,17.01732222341722,NA,NA,0
Dinolestes lewini,-42.72,148.01,2000,3,23,20,1,-43_148,14.2658109664917,16.46603775024414,14.660294706520581,17.01732222341722,NA,NA,0
Dinolestes lewini,-42.72,148.01,2000,3,23,25,1,-43_148,14.2658109664917,16.46603775024414,14.660294706520581,17.01732222341722,NA,NA,0
Dinolestes lewini,-42.72,148.01,2000,3,23,35,8,-43_148,14.2658109664917,16.46603775024414,14.660294706520581,17.01732222341722,NA,NA,0
Dinolestes lewini,-42.72,148.01,2000,3,23,30,1,-43_148,14.2658109664917,16.46603775024414,14.660294706520581,17.01732222341722,NA,NA,0
Dinolestes lewini,-42.72,148.01,2000,3,23,35,11,-43_148,14.2658109664917,16.46603775024414,14.660294706520581,17.01732222341722,NA,NA,0
Dinolestes lewini,-42.59,148.05,1996,3,28,7.5,1,-43_148,13.23560365041097,15.30197525024414,13.060834419016285,14.985935174265215,NA,NA,0
Dinolestes lewini,-42.58,148.05,1996,3,26,10,54,-43_148,13.23560365041097,15.30197525024414,13.060834419016285,14.985935174265215,NA,NA,0
Dinolestes lewini,-42.58,148.05,1996,3,26,10,1,-43_148,13.23560365041097,15.30197525024414,13.060834419016285,14.985935174265215,NA,NA,0
Dinolestes lewini,-42.72,148.01,2001,4,25,25,1,-43_148,14.404147942860922,15.954904556274414,14.885343445453408,15.510599664052329,NA,NA,0
Dinolestes lewini,-42.72,148.01,2001,9,21,25,8,-43_148,14.404147942860922,12.664329528808594,14.885343445453408,13.068966366449992,NA,NA,0
Dinolestes lewini,-42.55,147.95,1996,3,5,7.5,21,-43_148,13.23560365041097,15.30197525024414,13.060834419016285,14.985935174265215,NA,NA,0
Dinolestes lewini,-42.55,147.95,1996,3,5,7.5,4,-43_148,13.23560365041097,15.30197525024414,13.060834419016285,14.985935174265215,NA,NA,0
Dinolestes lewini,-42.55,147.95,1997,4,22,15,36,-43_148,13.828283230463663,14.931314468383787,13.48925782165647,13.747166363398234,NA,NA,0
Dinolestes lewini,-42.55,147.95,1997,4,22,15,64,-43_148,13.828283230463663,14.931314468383787,13.48925782165647,13.747166363398234,NA,NA,0
Dinolestes lewini,-42.55,147.95,1997,4,22,20,1,-43_148,13.828283230463663,14.931314468383787,13.48925782165647,13.747166363398234,NA,NA,0
Dinolestes lewini,-42.58,147.92,1996,4,30,15,87,-43_148,13.23560365041097,14.336854934692385,13.060834419016285,13.78246637026469,NA,NA,0
Dinolestes lewini,-42.58,147.92,1996,4,30,15,3,-43_148,13.23560365041097,14.336854934692385,13.060834419016285,13.78246637026469,NA,NA,0
Dinolestes lewini,-42.58,147.92,1997,4,8,25,3,-43_148,13.828283230463663,14.931314468383787,13.48925782165647,13.747166363398234,NA,NA,0
Dinolestes lewini,-42.58,147.92,1997,4,8,30,7,-43_148,13.828283230463663,14.931314468383787,13.48925782165647,13.747166363398234,NA,NA,0
Dinolestes lewini,-42.58,147.92,1997,4,8,35,1,-43_148,13.828283230463663,14.931314468383787,13.48925782165647,13.747166363398234,NA,NA,0
Dinolestes lewini,-42.59,148.05,2001,4,5,20,1,-43_148,14.404147942860922,15.954904556274414,14.885343445453408,15.510599664052329,NA,NA,0
Dinolestes lewini,-42.58,147.92,1997,4,8,25,22,-43_148,13.828283230463663,14.931314468383787,13.48925782165647,13.747166363398234,NA,NA,0
Dinolestes lewini,-42.58,147.92,1997,4,8,30,8,-43_148,13.828283230463663,14.931314468383787,13.48925782165647,13.747166363398234,NA,NA,0
Dinolestes lewini,-42.58,147.92,1997,4,8,15,9,-43_148,13.828283230463663,14.931314468383787,13.48925782165647,13.747166363398234,NA,NA,0
Dinolestes lewini,-42.58,147.92,1997,4,8,25,11,-43_148,13.828283230463663,14.931314468383787,13.48925782165647,13.747166363398234,NA,NA,0
Dinolestes lewini,-42.58,147.92,1997,4,8,15,1,-43_148,13.828283230463663,14.931314468383787,13.48925782165647,13.747166363398234,NA,NA,0
Dinolestes lewini,-42.58,147.92,1997,4,8,25,4,-43_148,13.828283230463663,14.931314468383787,13.48925782165647,13.747166363398234,NA,NA,0
Dinolestes lewini,-42.59,148.05,2001,4,5,12.5,2,-43_148,14.404147942860922,15.954904556274414,14.885343445453408,15.510599664052329,NA,NA,0
Dinolestes lewini,-42.58,147.92,1999,4,13,20,1,-43_148,14.31503669420878,15.339073181152344,14.387319497611054,15.055099681218463,NA,NA,0
Dinolestes lewini,-42.58,147.92,1999,4,13,20,3,-43_148,14.31503669420878,15.339073181152344,14.387319497611054,15.055099681218463,NA,NA,0
Dinolestes lewini,-42.58,147.92,1999,4,13,25,4,-43_148,14.31503669420878,15.339073181152344,14.387319497611054,15.055099681218463,NA,NA,0
Dinolestes lewini,-42.58,147.92,1999,4,13,30,1,-43_148,14.31503669420878,15.339073181152344,14.387319497611054,15.055099681218463,NA,NA,0
Dinolestes lewini,-42.58,147.92,1999,4,13,25,26,-43_148,14.31503669420878,15.339073181152344,14.387319497611054,15.055099681218463,NA,NA,0
Dinolestes lewini,-42.58,147.92,1999,4,13,30,9,-43_148,14.31503669420878,15.339073181152344,14.387319497611054,15.055099681218463,NA,NA,0
Dinolestes lewini,-42.52,147.97,2000,3,22,15,1,-43_148,14.2658109664917,16.46603775024414,14.660294706520581,17.01732222341722,NA,NA,0
Dinolestes lewini,-42.52,147.97,2000,3,22,35,3,-43_148,14.2658109664917,16.46603775024414,14.660294706520581,17.01732222341722,NA,NA,0
Dinolestes lewini,-42.52,147.97,2000,3,22,35,2,-43_148,14.2658109664917,16.46603775024414,14.660294706520581,17.01732222341722,NA,NA,0
Dinolestes lewini,-42.52,147.97,2000,3,22,35,2,-43_148,14.2658109664917,16.46603775024414,14.660294706520581,17.01732222341722,NA,NA,0
Dinolestes lewini,-42.52,147.97,2000,3,22,35,11,-43_148,14.2658109664917,16.46603775024414,14.660294706520581,17.01732222341722,NA,NA,0
Dinolestes lewini,-42.52,147.97,2000,3,22,35,10,-43_148,14.2658109664917,16.46603775024414,14.660294706520581,17.01732222341722,NA,NA,0
Dinolestes lewini,-42.52,147.97,2000,3,22,35,8,-43_148,14.2658109664917,16.46603775024414,14.660294706520581,17.01732222341722,NA,NA,0
Dinolestes lewini,-42.52,147.97,2001,4,4,25,1,-43_148,14.404147942860922,15.954904556274414,14.885343445453408,15.510599664052329,NA,NA,0
Dinolestes lewini,-42.52,147.97,2001,4,4,35,7,-43_148,14.404147942860922,15.954904556274414,14.885343445453408,15.510599664052329,NA,NA,0
Dinolestes lewini,-42.52,147.97,2001,4,4,35,25,-43_148,14.404147942860922,15.954904556274414,14.885343445453408,15.510599664052329,NA,NA,0
Dinolestes lewini,-42.58,147.92,1999,4,13,20,2,-43_148,14.31503669420878,15.339073181152344,14.387319497611054,15.055099681218463,NA,NA,0
Dinolestes lewini,-42.58,147.92,1999,4,13,25,1,-43_148,14.31503669420878,15.339073181152344,14.387319497611054,15.055099681218463,NA,NA,0
Dinolestes lewini,-42.58,147.92,1999,4,13,35,1,-43_148,14.31503669420878,15.339073181152344,14.387319497611054,15.055099681218463,NA,NA,0
Dinolestes lewini,-42.58,147.92,1999,4,13,15,2,-43_148,14.31503669420878,15.339073181152344,14.387319497611054,15.055099681218463,NA,NA,0
Dinolestes lewini,-42.58,147.92,2000,9,18,30,10,-43_148,14.2658109664917,12.219003677368164,14.660294706520581,12.770333048502604,NA,NA,0
Dinolestes lewini,-42.58,147.92,2000,9,18,30,2,-43_148,14.2658109664917,12.219003677368164,14.660294706520581,12.770333048502604,NA,NA,0
Dinolestes lewini,-42.52,147.97,2001,4,4,30,1,-43_148,14.404147942860922,15.954904556274414,14.885343445453408,15.510599664052329,NA,NA,0
Dinolestes lewini,-42.52,147.97,2001,4,4,35,2,-43_148,14.404147942860922,15.954904556274414,14.885343445453408,15.510599664052329,NA,NA,0
Dinolestes lewini,-42.52,147.97,2001,9,18,25,1,-43_148,14.404147942860922,12.664329528808594,14.885343445453408,13.068966366449992,NA,NA,0
Dinolestes lewini,-42.52,147.97,2002,2,20,30,24,-43_148,14.016718626022339,15.803810119628906,14.346447650467624,16.55171391963959,NA,NA,0
Dinolestes lewini,-42.52,147.97,2002,2,20,15,1,-43_148,14.016718626022339,15.803810119628906,14.346447650467624,16.55171391963959,NA,NA,0
Dinolestes lewini,-42.52,147.97,2002,2,20,30,41,-43_148,14.016718626022339,15.803810119628906,14.346447650467624,16.55171391963959,NA,NA,0
Dinolestes lewini,-42.52,147.97,2002,2,20,35,1,-43_148,14.016718626022339,15.803810119628906,14.346447650467624,16.55171391963959,NA,NA,0
Dinolestes lewini,-42.63,147.94,2002,3,6,25,9,-43_148,14.016718626022339,16.006872177124023,14.346447650467624,16.31406418892645,NA,NA,0
Dinolestes lewini,-42.63,147.94,2002,3,6,30,13,-43_148,14.016718626022339,16.006872177124023,14.346447650467624,16.31406418892645,NA,NA,0
Dinolestes lewini,-42.63,147.94,2002,3,6,35,1,-43_148,14.016718626022339,16.006872177124023,14.346447650467624,16.31406418892645,NA,NA,0
Dinolestes lewini,-42.63,147.94,2002,3,6,25,2,-43_148,14.016718626022339,16.006872177124023,14.346447650467624,16.31406418892645,NA,NA,0
Dinolestes lewini,-42.63,147.94,2002,3,6,30,41,-43_148,14.016718626022339,16.006872177124023,14.346447650467624,16.31406418892645,NA,NA,0
Dinolestes lewini,-42.58,147.92,2001,4,3,30,1,-43_148,14.404147942860922,15.954904556274414,14.885343445453408,15.510599664052329,NA,NA,0
Dinolestes lewini,-42.58,147.92,2001,4,3,30,17,-43_148,14.404147942860922,15.954904556274414,14.885343445453408,15.510599664052329,NA,NA,0
Dinolestes lewini,-42.58,147.92,2001,4,3,25,2,-43_148,14.404147942860922,15.954904556274414,14.885343445453408,15.510599664052329,NA,NA,0
Dinolestes lewini,-42.58,147.92,2001,4,3,30,3,-43_148,14.404147942860922,15.954904556274414,14.885343445453408,15.510599664052329,NA,NA,0
Dinolestes lewini,-42.58,147.92,2001,4,3,25,8,-43_148,14.404147942860922,15.954904556274414,14.885343445453408,15.510599664052329,NA,NA,0
Dinolestes lewini,-42.58,147.92,2001,4,3,30,1,-43_148,14.404147942860922,15.954904556274414,14.885343445453408,15.510599664052329,NA,NA,0
Dinolestes lewini,-42.58,147.92,2001,4,3,35,1,-43_148,14.404147942860922,15.954904556274414,14.885343445453408,15.510599664052329,NA,NA,0
Dinolestes lewini,-42.58,147.92,2001,4,3,20,1,-43_148,14.404147942860922,15.954904556274414,14.885343445453408,15.510599664052329,NA,NA,0
Dinolestes lewini,-42.58,147.92,2001,4,3,30,1,-43_148,14.404147942860922,15.954904556274414,14.885343445453408,15.510599664052329,NA,NA,0
Dinolestes lewini,-42.58,147.92,2002,3,6,30,1,-43_148,14.016718626022339,16.006872177124023,14.346447650467624,16.31406418892645,NA,NA,0
Dinolestes lewini,-42.58,147.92,2002,3,6,30,1,-43_148,14.016718626022339,16.006872177124023,14.346447650467624,16.31406418892645,NA,NA,0
Dinolestes lewini,-42.58,147.92,2002,3,6,35,1,-43_148,14.016718626022339,16.006872177124023,14.346447650467624,16.31406418892645,NA,NA,0
Dinolestes lewini,-42.52,147.97,1996,3,5,7.5,104,-43_148,13.23560365041097,15.30197525024414,13.060834419016285,14.985935174265215,NA,NA,0
Dinolestes lewini,-42.52,147.97,1996,3,5,10,1,-43_148,13.23560365041097,15.30197525024414,13.060834419016285,14.985935174265215,NA,NA,0
Dinolestes lewini,-42.52,147.97,1996,3,5,7.5,36,-43_148,13.23560365041097,15.30197525024414,13.060834419016285,14.985935174265215,NA,NA,0
Dinolestes lewini,-42.52,147.97,1996,3,5,10,20,-43_148,13.23560365041097,15.30197525024414,13.060834419016285,14.985935174265215,NA,NA,0
Dinolestes lewini,-42.52,147.97,1996,3,5,7.5,42,-43_148,13.23560365041097,15.30197525024414,13.060834419016285,14.985935174265215,NA,NA,0
Dinolestes lewini,-42.52,147.97,1996,3,5,10,30,-43_148,13.23560365041097,15.30197525024414,13.060834419016285,14.985935174265215,NA,NA,0
Dinolestes lewini,-42.52,147.97,1996,3,5,7.5,358,-43_148,13.23560365041097,15.30197525024414,13.060834419016285,14.985935174265215,NA,NA,0
Dinolestes lewini,-42.52,147.97,1996,3,5,10,10,-43_148,13.23560365041097,15.30197525024414,13.060834419016285,14.985935174265215,NA,NA,0
Dinolestes lewini,-42.52,147.97,1996,3,5,7.5,211,-43_148,13.23560365041097,15.30197525024414,13.060834419016285,14.985935174265215,NA,NA,0
Dinolestes lewini,-42.52,147.97,1996,3,5,10,1,-43_148,13.23560365041097,15.30197525024414,13.060834419016285,14.985935174265215,NA,NA,0
Dinolestes lewini,-42.52,147.97,1996,3,5,7.5,239,-43_148,13.23560365041097,15.30197525024414,13.060834419016285,14.985935174265215,NA,NA,0
Dinolestes lewini,-42.52,147.97,1996,3,5,10,59,-43_148,13.23560365041097,15.30197525024414,13.060834419016285,14.985935174265215,NA,NA,0
Dinolestes lewini,-42.52,147.97,1996,3,5,10,395,-43_148,13.23560365041097,15.30197525024414,13.060834419016285,14.985935174265215,NA,NA,0
Dinolestes lewini,-42.52,147.97,1996,3,5,10,5,-43_148,13.23560365041097,15.30197525024414,13.060834419016285,14.985935174265215,NA,NA,0
Dinolestes lewini,-42.55,147.95,2000,3,22,35,1,-43_148,14.2658109664917,16.46603775024414,14.660294706520581,17.01732222341722,NA,NA,0
Dinolestes lewini,-43.04,147.34,2002,2,15,25,1,-43_147,13.328060706456503,14.92803192138672,13.813099017586392,15.630071129117692,2009,Tinderbox Marine Reserve,0
Dinolestes lewini,-43.04,147.34,2002,2,15,30,1,-43_147,13.328060706456503,14.92803192138672,13.813099017586392,15.630071129117692,2009,Tinderbox Marine Reserve,0
Dinolestes lewini,-42.55,147.95,2000,3,22,30,1,-43_148,14.2658109664917,16.46603775024414,14.660294706520581,17.01732222341722,NA,NA,0
Dinolestes lewini,-42.55,147.95,2000,3,22,35,1,-43_148,14.2658109664917,16.46603775024414,14.660294706520581,17.01732222341722,NA,NA,0
Dinolestes lewini,-42.55,147.95,2001,4,4,25,1,-43_148,14.404147942860922,15.954904556274414,14.885343445453408,15.510599664052329,NA,NA,0
Dinolestes lewini,-42.55,147.95,2001,4,4,20,1,-43_148,14.404147942860922,15.954904556274414,14.885343445453408,15.510599664052329,NA,NA,0
Dinolestes lewini,-42.55,147.95,2001,4,4,35,1,-43_148,14.404147942860922,15.954904556274414,14.885343445453408,15.510599664052329,NA,NA,0
Dinolestes lewini,-43.06,147.33,2002,2,8,30,1,-43_147,13.328060706456503,14.92803192138672,13.813099017586392,15.630071129117692,1991,Tinderbox Marine Reserve,1
Dinolestes lewini,-43.06,147.33,2002,2,8,35,1,-43_147,13.328060706456503,14.92803192138672,13.813099017586392,15.630071129117692,1991,Tinderbox Marine Reserve,1
Dinolestes lewini,-43.06,147.33,2002,2,8,30,2,-43_147,13.328060706456503,14.92803192138672,13.813099017586392,15.630071129117692,1991,Tinderbox Marine Reserve,1
Dinolestes lewini,-43.06,147.33,2002,2,8,35,1,-43_147,13.328060706456503,14.92803192138672,13.813099017586392,15.630071129117692,1991,Tinderbox Marine Reserve,1
Dinolestes lewini,-42.55,147.95,2001,4,4,30,1,-43_148,14.404147942860922,15.954904556274414,14.885343445453408,15.510599664052329,NA,NA,0
Dinolestes lewini,-42.55,147.95,2001,4,4,35,1,-43_148,14.404147942860922,15.954904556274414,14.885343445453408,15.510599664052329,NA,NA,0
Dinolestes lewini,-42.55,147.95,2002,2,20,25,1,-43_148,14.016718626022339,15.803810119628906,14.346447650467624,16.55171391963959,NA,NA,0
Dinolestes lewini,-42.55,147.95,2002,2,20,25,1,-43_148,14.016718626022339,15.803810119628906,14.346447650467624,16.55171391963959,NA,NA,0
Dinolestes lewini,-42.55,147.95,2002,2,20,35,3,-43_148,14.016718626022339,15.803810119628906,14.346447650467624,16.55171391963959,NA,NA,0
Dinolestes lewini,-42.55,147.95,2002,2,20,30,1,-43_148,14.016718626022339,15.803810119628906,14.346447650467624,16.55171391963959,NA,NA,0
Dinolestes lewini,-42.55,147.95,2002,2,20,35,1,-43_148,14.016718626022339,15.803810119628906,14.346447650467624,16.55171391963959,NA,NA,0
Dinolestes lewini,-42.55,147.95,2002,2,20,30,1,-43_148,14.016718626022339,15.803810119628906,14.346447650467624,16.55171391963959,NA,NA,0
Dinolestes lewini,-42.55,147.95,2002,2,20,35,1,-43_148,14.016718626022339,15.803810119628906,14.346447650467624,16.55171391963959,NA,NA,0
Dinolestes lewini,-42.55,147.95,2002,2,20,25,1,-43_148,14.016718626022339,15.803810119628906,14.346447650467624,16.55171391963959,NA,NA,0
Dinolestes lewini,-43.06,147.36,2001,2,23,15,6,-43_147,13.786475976308187,16.262664794921875,14.419081845696132,16.824499579838346,NA,NA,0
Dinolestes lewini,-43.06,147.36,2001,2,23,15,7,-43_147,13.786475976308187,16.262664794921875,14.419081845696132,16.824499579838346,NA,NA,0
Dinolestes lewini,-43.06,147.36,2001,2,23,20,1,-43_147,13.786475976308187,16.262664794921875,14.419081845696132,16.824499579838346,NA,NA,0
Dinolestes lewini,-43.06,147.36,2001,2,23,15,6,-43_147,13.786475976308187,16.262664794921875,14.419081845696132,16.824499579838346,NA,NA,0
Dinolestes lewini,-43.06,147.36,2001,2,23,20,5,-43_147,13.786475976308187,16.262664794921875,14.419081845696132,16.824499579838346,NA,NA,0
Dinolestes lewini,-43.06,147.36,2001,2,23,25,1,-43_147,13.786475976308187,16.262664794921875,14.419081845696132,16.824499579838346,NA,NA,0
Dinolestes lewini,-43.06,147.36,2001,2,23,15,3,-43_147,13.786475976308187,16.262664794921875,14.419081845696132,16.824499579838346,NA,NA,0
Dinolestes lewini,-43.06,147.36,2001,2,23,20,1,-43_147,13.786475976308187,16.262664794921875,14.419081845696132,16.824499579838346,NA,NA,0
Dinolestes lewini,-43.06,147.36,2001,2,23,25,2,-43_147,13.786475976308187,16.262664794921875,14.419081845696132,16.824499579838346,NA,NA,0
Dinolestes lewini,-42.58,147.92,1996,4,30,15,4,-43_148,13.23560365041097,14.336854934692385,13.060834419016285,13.78246637026469,NA,NA,0
Dinolestes lewini,-42.58,147.92,1996,4,30,12.5,4,-43_148,13.23560365041097,14.336854934692385,13.060834419016285,13.78246637026469,NA,NA,0
Dinolestes lewini,-42.58,147.92,1996,4,30,15,1,-43_148,13.23560365041097,14.336854934692385,13.060834419016285,13.78246637026469,NA,NA,0
Dinolestes lewini,-43.29,147.14,2001,3,15,25,1,-43_147,13.786475976308187,16.21015739440918,14.419081845696132,16.536709317853372,NA,NA,0
Dinolestes lewini,-43.29,147.14,2002,2,14,25,3,-43_147,13.328060706456503,14.92803192138672,13.813099017586392,15.630071129117692,NA,NA,0
Dinolestes lewini,-43.29,147.14,2002,2,14,20,1,-43_147,13.328060706456503,14.92803192138672,13.813099017586392,15.630071129117692,NA,NA,0
Dinolestes lewini,-43.29,147.14,2002,2,14,30,1,-43_147,13.328060706456503,14.92803192138672,13.813099017586392,15.630071129117692,NA,NA,0
Dinolestes lewini,-43.29,147.14,2002,2,14,30,2,-43_147,13.328060706456503,14.92803192138672,13.813099017586392,15.630071129117692,NA,NA,0
Dinolestes lewini,-43.29,147.14,2002,2,14,20,2,-43_147,13.328060706456503,14.92803192138672,13.813099017586392,15.630071129117692,NA,NA,0
Dinolestes lewini,-43.28,147.13,2002,2,14,25,1,-43_147,13.328060706456503,14.92803192138672,13.813099017586392,15.630071129117692,NA,NA,0
Dinolestes lewini,-43.28,147.13,2002,2,14,35,1,-43_147,13.328060706456503,14.92803192138672,13.813099017586392,15.630071129117692,NA,NA,0
Dinolestes lewini,-43.27,147.14,2001,3,15,12.5,31,-43_147,13.786475976308187,16.21015739440918,14.419081845696132,16.536709317853372,NA,NA,0
Dinolestes lewini,-43.27,147.14,2001,3,15,12.5,29,-43_147,13.786475976308187,16.21015739440918,14.419081845696132,16.536709317853372,NA,NA,0
Dinolestes lewini,-43.27,147.14,2001,3,15,30,2,-43_147,13.786475976308187,16.21015739440918,14.419081845696132,16.536709317853372,NA,NA,0
Dinolestes lewini,-43.27,147.14,2001,3,15,35,3,-43_147,13.786475976308187,16.21015739440918,14.419081845696132,16.536709317853372,NA,NA,0
Dinolestes lewini,-43.27,147.14,2001,3,15,35,4,-43_147,13.786475976308187,16.21015739440918,14.419081845696132,16.536709317853372,NA,NA,0
Dinolestes lewini,-43.27,147.14,2002,2,13,15,5,-43_147,13.328060706456503,14.92803192138672,13.813099017586392,15.630071129117692,NA,NA,0
Dinolestes lewini,-43.27,147.14,2002,2,13,20,18,-43_147,13.328060706456503,14.92803192138672,13.813099017586392,15.630071129117692,NA,NA,0
Dinolestes lewini,-43.27,147.14,2002,2,13,15,7,-43_147,13.328060706456503,14.92803192138672,13.813099017586392,15.630071129117692,NA,NA,0
Dinolestes lewini,-43.27,147.14,2002,2,13,20,15,-43_147,13.328060706456503,14.92803192138672,13.813099017586392,15.630071129117692,NA,NA,0
Dinolestes lewini,-43.27,147.14,2002,2,13,15,1,-43_147,13.328060706456503,14.92803192138672,13.813099017586392,15.630071129117692,NA,NA,0
Dinolestes lewini,-43.27,147.14,2002,2,13,20,6,-43_147,13.328060706456503,14.92803192138672,13.813099017586392,15.630071129117692,NA,NA,0
Dinolestes lewini,-43.27,147.14,2002,2,13,25,1,-43_147,13.328060706456503,14.92803192138672,13.813099017586392,15.630071129117692,NA,NA,0
Dinolestes lewini,-43.27,147.14,2002,2,13,20,36,-43_147,13.328060706456503,14.92803192138672,13.813099017586392,15.630071129117692,NA,NA,0
Dinolestes lewini,-43.27,147.14,2002,2,13,30,2,-43_147,13.328060706456503,14.92803192138672,13.813099017586392,15.630071129117692,NA,NA,0
Dinolestes lewini,-43.27,147.14,2002,2,13,20,4,-43_147,13.328060706456503,14.92803192138672,13.813099017586392,15.630071129117692,NA,NA,0
Dinolestes lewini,-43.27,147.14,2002,2,13,25,28,-43_147,13.328060706456503,14.92803192138672,13.813099017586392,15.630071129117692,NA,NA,0
Dinolestes lewini,-43.27,147.14,2002,2,13,30,1,-43_147,13.328060706456503,14.92803192138672,13.813099017586392,15.630071129117692,NA,NA,0
Dinolestes lewini,-43.27,147.14,2002,2,13,20,1,-43_147,13.328060706456503,14.92803192138672,13.813099017586392,15.630071129117692,NA,NA,0
Dinolestes lewini,-43.27,147.14,2002,2,13,25,2,-43_147,13.328060706456503,14.92803192138672,13.813099017586392,15.630071129117692,NA,NA,0
Dinolestes lewini,-43.27,147.14,2002,2,13,30,2,-43_147,13.328060706456503,14.92803192138672,13.813099017586392,15.630071129117692,NA,NA,0
Dinolestes lewini,-43.27,147.14,2002,2,13,25,1,-43_147,13.328060706456503,14.92803192138672,13.813099017586392,15.630071129117692,NA,NA,0
Dinolestes lewini,-41.87,148.31,2001,4,30,20,1,-42_148,15.169212261835733,16.888072967529297,15.367162153089712,16.307221857706704,1991,Bicheno Marine Reserve,1
Dinolestes lewini,-41.87,148.31,2001,4,30,20,5,-42_148,15.169212261835733,16.888072967529297,15.367162153089712,16.307221857706704,1991,Bicheno Marine Reserve,1
Dinolestes lewini,-41.87,148.31,2001,4,30,25,4,-42_148,15.169212261835733,16.888072967529297,15.367162153089712,16.307221857706704,1991,Bicheno Marine Reserve,1
Dinolestes lewini,-41.87,148.31,2001,4,30,20,1,-42_148,15.169212261835733,16.888072967529297,15.367162153089712,16.307221857706704,1991,Bicheno Marine Reserve,1
Dinolestes lewini,-41.87,148.31,2001,4,30,25,1,-42_148,15.169212261835733,16.888072967529297,15.367162153089712,16.307221857706704,1991,Bicheno Marine Reserve,1
Dinolestes lewini,-41.87,148.31,2001,4,30,35,1,-42_148,15.169212261835733,16.888072967529297,15.367162153089712,16.307221857706704,1991,Bicheno Marine Reserve,1
Dinolestes lewini,-41.87,148.31,2001,4,30,30,1,-42_148,15.169212261835733,16.888072967529297,15.367162153089712,16.307221857706704,1991,Bicheno Marine Reserve,1
Dinolestes lewini,-41.87,148.31,2001,4,30,35,1,-42_148,15.169212261835733,16.888072967529297,15.367162153089712,16.307221857706704,1991,Bicheno Marine Reserve,1
Dinolestes lewini,-41.87,148.31,2001,7,3,20,1,-42_148,15.169212261835733,13.551719665527344,15.367162153089712,14.155591082829302,1991,Bicheno Marine Reserve,1
Dinolestes lewini,-41.87,148.31,2001,7,3,15,1,-42_148,15.169212261835733,13.551719665527344,15.367162153089712,14.155591082829302,1991,Bicheno Marine Reserve,1
Dinolestes lewini,-41.87,148.31,2001,7,3,20,4,-42_148,15.169212261835733,13.551719665527344,15.367162153089712,14.155591082829302,1991,Bicheno Marine Reserve,1
Dinolestes lewini,-41.87,148.31,2001,7,3,25,2,-42_148,15.169212261835733,13.551719665527344,15.367162153089712,14.155591082829302,1991,Bicheno Marine Reserve,1
Dinolestes lewini,-41.87,148.31,2001,7,3,25,4,-42_148,15.169212261835733,13.551719665527344,15.367162153089712,14.155591082829302,1991,Bicheno Marine Reserve,1
Dinolestes lewini,-41.87,148.31,2001,7,3,25,3,-42_148,15.169212261835733,13.551719665527344,15.367162153089712,14.155591082829302,1991,Bicheno Marine Reserve,1
Dinolestes lewini,-41.87,148.31,2001,7,3,30,2,-42_148,15.169212261835733,13.551719665527344,15.367162153089712,14.155591082829302,1991,Bicheno Marine Reserve,1
Dinolestes lewini,-41.87,148.31,2001,7,3,35,1,-42_148,15.169212261835733,13.551719665527344,15.367162153089712,14.155591082829302,1991,Bicheno Marine Reserve,1
Dinolestes lewini,-41.87,148.31,2001,7,3,20,1,-42_148,15.169212261835733,13.551719665527344,15.367162153089712,14.155591082829302,1991,Bicheno Marine Reserve,1
Dinolestes lewini,-41.87,148.31,2001,7,3,35,2,-42_148,15.169212261835733,13.551719665527344,15.367162153089712,14.155591082829302,1991,Bicheno Marine Reserve,1
Dinolestes lewini,-41.87,148.31,2001,7,3,15,1,-42_148,15.169212261835733,13.551719665527344,15.367162153089712,14.155591082829302,1991,Bicheno Marine Reserve,1
Dinolestes lewini,-41.87,148.31,2001,7,3,25,7,-42_148,15.169212261835733,13.551719665527344,15.367162153089712,14.155591082829302,1991,Bicheno Marine Reserve,1
Dinolestes lewini,-41.87,148.31,2001,7,3,20,11,-42_148,15.169212261835733,13.551719665527344,15.367162153089712,14.155591082829302,1991,Bicheno Marine Reserve,1
Dinolestes lewini,-41.87,148.31,2001,7,3,25,3,-42_148,15.169212261835733,13.551719665527344,15.367162153089712,14.155591082829302,1991,Bicheno Marine Reserve,1
Dinolestes lewini,-41.87,148.31,2001,7,3,30,3,-42_148,15.169212261835733,13.551719665527344,15.367162153089712,14.155591082829302,1991,Bicheno Marine Reserve,1
Dinolestes lewini,-41.87,148.31,2001,7,3,35,3,-42_148,15.169212261835733,13.551719665527344,15.367162153089712,14.155591082829302,1991,Bicheno Marine Reserve,1
Dinolestes lewini,-41.87,148.31,2001,5,2,20,1,-42_148,15.169212261835733,15.459749221801758,15.367162153089712,15.20849428381971,1991,Bicheno Marine Reserve,1
Dinolestes lewini,-41.87,148.31,2001,5,2,20,5,-42_148,15.169212261835733,15.459749221801758,15.367162153089712,15.20849428381971,1991,Bicheno Marine Reserve,1
Dinolestes lewini,-41.87,148.31,2001,5,2,20,4,-42_148,15.169212261835733,15.459749221801758,15.367162153089712,15.20849428381971,1991,Bicheno Marine Reserve,1
Dinolestes lewini,-41.87,148.31,2001,5,2,25,2,-42_148,15.169212261835733,15.459749221801758,15.367162153089712,15.20849428381971,1991,Bicheno Marine Reserve,1
Dinolestes lewini,-41.87,148.31,2001,5,2,30,1,-42_148,15.169212261835733,15.459749221801758,15.367162153089712,15.20849428381971,1991,Bicheno Marine Reserve,1
Dinolestes lewini,-41.87,148.31,2001,5,2,20,2,-42_148,15.169212261835733,15.459749221801758,15.367162153089712,15.20849428381971,1991,Bicheno Marine Reserve,1
Dinolestes lewini,-41.87,148.31,2001,5,2,25,8,-42_148,15.169212261835733,15.459749221801758,15.367162153089712,15.20849428381971,1991,Bicheno Marine Reserve,1
Dinolestes lewini,-41.87,148.31,2001,5,2,15,3,-42_148,15.169212261835733,15.459749221801758,15.367162153089712,15.20849428381971,1991,Bicheno Marine Reserve,1
Dinolestes lewini,-41.87,148.31,2001,5,2,20,2,-42_148,15.169212261835733,15.459749221801758,15.367162153089712,15.20849428381971,1991,Bicheno Marine Reserve,1
Dinolestes lewini,-41.87,148.31,2001,5,2,15,2,-42_148,15.169212261835733,15.459749221801758,15.367162153089712,15.20849428381971,1991,Bicheno Marine Reserve,1
Dinolestes lewini,-41.87,148.31,2001,5,2,20,3,-42_148,15.169212261835733,15.459749221801758,15.367162153089712,15.20849428381971,1991,Bicheno Marine Reserve,1
Dinolestes lewini,-41.87,148.31,2001,5,2,20,3,-42_148,15.169212261835733,15.459749221801758,15.367162153089712,15.20849428381971,1991,Bicheno Marine Reserve,1
Dinolestes lewini,-41.87,148.31,2001,5,2,25,2,-42_148,15.169212261835733,15.459749221801758,15.367162153089712,15.20849428381971,1991,Bicheno Marine Reserve,1
Dinolestes lewini,-41.87,148.31,2001,5,2,20,4,-42_148,15.169212261835733,15.459749221801758,15.367162153089712,15.20849428381971,1991,Bicheno Marine Reserve,1
Dinolestes lewini,-41.87,148.31,2001,5,2,25,14,-42_148,15.169212261835733,15.459749221801758,15.367162153089712,15.20849428381971,1991,Bicheno Marine Reserve,1
Dinolestes lewini,-41.87,148.31,2001,4,30,20,1,-42_148,15.169212261835733,16.888072967529297,15.367162153089712,16.307221857706704,1991,Bicheno Marine Reserve,1
Dinolestes lewini,-41.87,148.31,2001,4,30,35,1,-42_148,15.169212261835733,16.888072967529297,15.367162153089712,16.307221857706704,1991,Bicheno Marine Reserve,1
Dinolestes lewini,-41.87,148.31,2001,4,30,25,1,-42_148,15.169212261835733,16.888072967529297,15.367162153089712,16.307221857706704,1991,Bicheno Marine Reserve,1
Dinolestes lewini,-41.87,148.31,2001,4,30,35,7,-42_148,15.169212261835733,16.888072967529297,15.367162153089712,16.307221857706704,1991,Bicheno Marine Reserve,1
Dinolestes lewini,-41.87,148.3,2001,5,1,15,1,-42_148,15.169212261835733,15.459749221801758,15.367162153089712,15.20849428381971,NA,NA,0
Dinolestes lewini,-41.87,148.3,2001,5,1,20,1,-42_148,15.169212261835733,15.459749221801758,15.367162153089712,15.20849428381971,NA,NA,0
Dinolestes lewini,-41.87,148.3,2001,5,1,20,3,-42_148,15.169212261835733,15.459749221801758,15.367162153089712,15.20849428381971,NA,NA,0
Dinolestes lewini,-41.87,148.3,2001,5,1,20,4,-42_148,15.169212261835733,15.459749221801758,15.367162153089712,15.20849428381971,NA,NA,0
Dinolestes lewini,-41.87,148.3,2001,5,1,25,1,-42_148,15.169212261835733,15.459749221801758,15.367162153089712,15.20849428381971,NA,NA,0
Dinolestes lewini,-41.87,148.3,2001,5,1,20,1,-42_148,15.169212261835733,15.459749221801758,15.367162153089712,15.20849428381971,NA,NA,0
Dinolestes lewini,-41.87,148.3,2001,5,1,15,1,-42_148,15.169212261835733,15.459749221801758,15.367162153089712,15.20849428381971,NA,NA,0
Dinolestes lewini,-41.87,148.3,2001,5,1,20,2,-42_148,15.169212261835733,15.459749221801758,15.367162153089712,15.20849428381971,NA,NA,0
Dinolestes lewini,-41.87,148.3,2001,5,1,25,1,-42_148,15.169212261835733,15.459749221801758,15.367162153089712,15.20849428381971,NA,NA,0
Dinolestes lewini,-41.87,148.3,2001,5,1,20,3,-42_148,15.169212261835733,15.459749221801758,15.367162153089712,15.20849428381971,NA,NA,0
Dinolestes lewini,-41.87,148.3,2001,5,1,20,1,-42_148,15.169212261835733,15.459749221801758,15.367162153089712,15.20849428381971,NA,NA,0
Dinolestes lewini,-41.9,148.32,2001,5,1,15,1,-42_148,15.169212261835733,15.459749221801758,15.367162153089712,15.20849428381971,NA,NA,0
Dinolestes lewini,-41.9,148.32,2001,5,1,30,1,-42_148,15.169212261835733,15.459749221801758,15.367162153089712,15.20849428381971,NA,NA,0
Dinolestes lewini,-41.9,148.32,2001,5,1,20,1,-42_148,15.169212261835733,15.459749221801758,15.367162153089712,15.20849428381971,NA,NA,0
Dinolestes lewini,-41.9,148.32,2001,5,1,25,1,-42_148,15.169212261835733,15.459749221801758,15.367162153089712,15.20849428381971,NA,NA,0
Dinolestes lewini,-41.9,148.32,2001,5,1,20,3,-42_148,15.169212261835733,15.459749221801758,15.367162153089712,15.20849428381971,NA,NA,0
Dinolestes lewini,-41.9,148.32,2001,5,1,15,1,-42_148,15.169212261835733,15.459749221801758,15.367162153089712,15.20849428381971,NA,NA,0
Dinolestes lewini,-41.9,148.32,2001,5,1,20,4,-42_148,15.169212261835733,15.459749221801758,15.367162153089712,15.20849428381971,NA,NA,0
Dinolestes lewini,-35.12,150.71,1996,5,23,12.5,75,-35_151,19.1097510655721,19.555370330810547,19.498065641608722,20.803547869446454,NA,NA,0
Dinolestes lewini,-35.12,150.71,1996,5,23,15,12,-35_151,19.1097510655721,19.555370330810547,19.498065641608722,20.803547869446454,NA,NA,0
Dinolestes lewini,-35.12,150.71,1996,5,23,12.5,5,-35_151,19.1097510655721,19.555370330810547,19.498065641608722,20.803547869446454,NA,NA,0
Dinolestes lewini,-35.12,150.71,1996,5,23,15,3,-35_151,19.1097510655721,19.555370330810547,19.498065641608722,20.803547869446454,NA,NA,0
Dinolestes lewini,-35.08,150.8,2001,5,31,35,9,-35_151,20.306450684865315,19.517976760864254,20.92469391253524,20.341827495123752,2002,Jervis Bay Marine Park,0
Dinolestes lewini,-35.12,150.71,2001,5,28,15,7,-35_151,20.306450684865315,19.517976760864254,20.92469391253524,20.341827495123752,NA,NA,0
Dinolestes lewini,-35.12,150.71,2001,5,28,30,1,-35_151,20.306450684865315,19.517976760864254,20.92469391253524,20.341827495123752,NA,NA,0
Dinolestes lewini,-35.12,150.71,2001,5,28,15,4,-35_151,20.306450684865315,19.517976760864254,20.92469391253524,20.341827495123752,NA,NA,0
Dinolestes lewini,-35.12,150.71,2001,5,28,15,2,-35_151,20.306450684865315,19.517976760864254,20.92469391253524,20.341827495123752,NA,NA,0
Dinolestes lewini,-35.12,150.71,2001,5,28,20,27,-35_151,20.306450684865315,19.517976760864254,20.92469391253524,20.341827495123752,NA,NA,0
Dinolestes lewini,-35.12,150.71,2001,5,28,25,14,-35_151,20.306450684865315,19.517976760864254,20.92469391253524,20.341827495123752,NA,NA,0
Dinolestes lewini,-35.12,150.71,2001,5,28,15,1,-35_151,20.306450684865315,19.517976760864254,20.92469391253524,20.341827495123752,NA,NA,0
Dinolestes lewini,-35.12,150.71,2001,5,28,20,15,-35_151,20.306450684865315,19.517976760864254,20.92469391253524,20.341827495123752,NA,NA,0
Dinolestes lewini,-35.12,150.71,2001,5,28,25,8,-35_151,20.306450684865315,19.517976760864254,20.92469391253524,20.341827495123752,NA,NA,0
Dinolestes lewini,-35.12,150.71,2001,5,28,35,1,-35_151,20.306450684865315,19.517976760864254,20.92469391253524,20.341827495123752,NA,NA,0
Dinolestes lewini,-35.12,150.71,2001,5,28,15,4,-35_151,20.306450684865315,19.517976760864254,20.92469391253524,20.341827495123752,NA,NA,0
Dinolestes lewini,-35.12,150.71,2001,5,28,20,10,-35_151,20.306450684865315,19.517976760864254,20.92469391253524,20.341827495123752,NA,NA,0
Dinolestes lewini,-35.12,150.71,2001,5,28,25,2,-35_151,20.306450684865315,19.517976760864254,20.92469391253524,20.341827495123752,NA,NA,0
Dinolestes lewini,-35.12,150.71,2001,5,28,35,3,-35_151,20.306450684865315,19.517976760864254,20.92469391253524,20.341827495123752,NA,NA,0
Dinolestes lewini,-35.12,150.71,2001,5,28,15,5,-35_151,20.306450684865315,19.517976760864254,20.92469391253524,20.341827495123752,NA,NA,0
Dinolestes lewini,-35.12,150.71,2001,5,28,20,8,-35_151,20.306450684865315,19.517976760864254,20.92469391253524,20.341827495123752,NA,NA,0
Dinolestes lewini,-35.12,150.71,2001,5,28,25,25,-35_151,20.306450684865315,19.517976760864254,20.92469391253524,20.341827495123752,NA,NA,0
Dinolestes lewini,-35.12,150.71,2001,5,28,35,1,-35_151,20.306450684865315,19.517976760864254,20.92469391253524,20.341827495123752,NA,NA,0
Dinolestes lewini,-35.12,150.71,2003,5,5,15,10,-35_151,19.67031701405843,19.886886596679688,20.059936153369872,20.705698526033792,NA,NA,0
Dinolestes lewini,-35.12,150.71,2003,5,5,15,11,-35_151,19.67031701405843,19.886886596679688,20.059936153369872,20.705698526033792,NA,NA,0
Dinolestes lewini,-35.12,150.71,2004,5,27,35,1,-35_151,19.537256399790447,19.329307556152344,19.870283113122944,20.739031760923325,NA,NA,0
Dinolestes lewini,-35.12,150.71,2004,5,27,20,31,-35_151,19.537256399790447,19.329307556152344,19.870283113122944,20.739031760923325,NA,NA,0
Dinolestes lewini,-35.12,150.71,2004,5,27,25,46,-35_151,19.537256399790447,19.329307556152344,19.870283113122944,20.739031760923325,NA,NA,0
Dinolestes lewini,-35.12,150.71,2004,5,27,30,20,-35_151,19.537256399790447,19.329307556152344,19.870283113122944,20.739031760923325,NA,NA,0
Dinolestes lewini,-35.08,150.8,2001,5,31,35,5,-35_151,20.306450684865315,19.517976760864254,20.92469391253524,20.341827495123752,2002,Jervis Bay Marine Park,0
Dinolestes lewini,-35.08,150.8,2001,5,31,35,3,-35_151,20.306450684865315,19.517976760864254,20.92469391253524,20.341827495123752,2002,Jervis Bay Marine Park,0
Dinolestes lewini,-35.08,150.8,2003,5,2,30,4,-35_151,19.67031701405843,19.886886596679688,20.059936153369872,20.705698526033792,2002,Jervis Bay Marine Park,0
Dinolestes lewini,-35.12,150.71,2004,5,27,20,54,-35_151,19.537256399790447,19.329307556152344,19.870283113122944,20.739031760923325,NA,NA,0
Dinolestes lewini,-35.12,150.71,2004,5,27,25,9,-35_151,19.537256399790447,19.329307556152344,19.870283113122944,20.739031760923325,NA,NA,0
Dinolestes lewini,-35.12,150.71,2004,5,27,30,40,-35_151,19.537256399790447,19.329307556152344,19.870283113122944,20.739031760923325,NA,NA,0
Dinolestes lewini,-35.08,150.8,2003,5,2,25,2,-35_151,19.67031701405843,19.886886596679688,20.059936153369872,20.705698526033792,2002,Jervis Bay Marine Park,0
Dinolestes lewini,-35.08,150.8,2003,5,2,35,5,-35_151,19.67031701405843,19.886886596679688,20.059936153369872,20.705698526033792,2002,Jervis Bay Marine Park,0
Dinolestes lewini,-35.08,150.8,2003,5,2,25,7,-35_151,19.67031701405843,19.886886596679688,20.059936153369872,20.705698526033792,2002,Jervis Bay Marine Park,0
Dinolestes lewini,-35.08,150.8,2003,5,2,30,8,-35_151,19.67031701405843,19.886886596679688,20.059936153369872,20.705698526033792,2002,Jervis Bay Marine Park,0
Dinolestes lewini,-35.08,150.8,2004,5,24,30,1,-35_151,19.537256399790447,19.329307556152344,19.870283113122944,20.739031760923325,2002,Jervis Bay Marine Park,0
Dinolestes lewini,-35.12,150.71,2004,5,27,15,1,-35_151,19.537256399790447,19.329307556152344,19.870283113122944,20.739031760923325,NA,NA,0
Dinolestes lewini,-35.08,150.8,2004,5,24,20,2,-35_151,19.537256399790447,19.329307556152344,19.870283113122944,20.739031760923325,2002,Jervis Bay Marine Park,0
Dinolestes lewini,-35.08,150.8,2004,5,24,25,1,-35_151,19.537256399790447,19.329307556152344,19.870283113122944,20.739031760923325,2002,Jervis Bay Marine Park,0
Dinolestes lewini,-35.08,150.8,2004,5,24,30,1,-35_151,19.537256399790447,19.329307556152344,19.870283113122944,20.739031760923325,2002,Jervis Bay Marine Park,0
Dinolestes lewini,-35.08,150.8,2004,5,24,35,1,-35_151,19.537256399790447,19.329307556152344,19.870283113122944,20.739031760923325,2002,Jervis Bay Marine Park,0
Dinolestes lewini,-35.08,150.8,2005,5,24,30,1,-35_151,19.976048469543457,20.087127685546875,20.315228560947887,19.87042966452978,2002,Jervis Bay Marine Park,0
Dinolestes lewini,-35.08,150.8,2005,5,24,20,1,-35_151,19.976048469543457,20.087127685546875,20.315228560947887,19.87042966452978,2002,Jervis Bay Marine Park,0
Dinolestes lewini,-35.12,150.71,2004,5,27,30,1,-35_151,19.537256399790447,19.329307556152344,19.870283113122944,20.739031760923325,NA,NA,0
Dinolestes lewini,-35.12,150.71,2005,5,17,15,1,-35_151,19.976048469543457,20.087127685546875,20.315228560947887,19.87042966452978,NA,NA,0
Dinolestes lewini,-35.12,150.71,2005,5,17,12.5,2,-35_151,19.976048469543457,20.087127685546875,20.315228560947887,19.87042966452978,NA,NA,0
Dinolestes lewini,-35.12,150.71,2005,5,17,15,2,-35_151,19.976048469543457,20.087127685546875,20.315228560947887,19.87042966452978,NA,NA,0
Dinolestes lewini,-35.12,150.71,2006,5,15,30,2,-35_151,19.914414087931316,19.192729949951172,20.48518301147022,20.09741885687715,NA,NA,0
Dinolestes lewini,-35.12,150.71,2006,5,15,30,8,-35_151,19.914414087931316,19.192729949951172,20.48518301147022,20.09741885687715,NA,NA,0
Dinolestes lewini,-35.08,150.8,2003,5,2,15,5,-35_151,19.67031701405843,19.886886596679688,20.059936153369872,20.705698526033792,2002,Jervis Bay Marine Park,0
Dinolestes lewini,-35.08,150.8,2003,5,2,15,3,-35_151,19.67031701405843,19.886886596679688,20.059936153369872,20.705698526033792,2002,Jervis Bay Marine Park,0
Dinolestes lewini,-35.08,150.8,2003,5,2,15,5,-35_151,19.67031701405843,19.886886596679688,20.059936153369872,20.705698526033792,2002,Jervis Bay Marine Park,0
Dinolestes lewini,-35.08,150.8,2004,5,24,15,2,-35_151,19.537256399790447,19.329307556152344,19.870283113122944,20.739031760923325,2002,Jervis Bay Marine Park,0
Dinolestes lewini,-35.08,150.8,2004,5,24,25,1,-35_151,19.537256399790447,19.329307556152344,19.870283113122944,20.739031760923325,2002,Jervis Bay Marine Park,0
Dinolestes lewini,-35.08,150.8,2005,5,24,15,1,-35_151,19.976048469543457,20.087127685546875,20.315228560947887,19.87042966452978,2002,Jervis Bay Marine Park,0
Dinolestes lewini,-35.08,150.8,2006,5,20,25,1,-35_151,19.914414087931316,19.192729949951172,20.48518301147022,20.09741885687715,2002,Jervis Bay Marine Park,0
Dinolestes lewini,-35.08,150.8,2006,5,20,20,1,-35_151,19.914414087931316,19.192729949951172,20.48518301147022,20.09741885687715,2002,Jervis Bay Marine Park,0
Dinolestes lewini,-35.08,150.8,2006,5,20,25,1,-35_151,19.914414087931316,19.192729949951172,20.48518301147022,20.09741885687715,2002,Jervis Bay Marine Park,0
Dinolestes lewini,-35.08,150.8,2006,5,20,25,1,-35_151,19.914414087931316,19.192729949951172,20.48518301147022,20.09741885687715,2002,Jervis Bay Marine Park,0
Dinolestes lewini,-35.08,150.8,2006,5,20,30,1,-35_151,19.914414087931316,19.192729949951172,20.48518301147022,20.09741885687715,2002,Jervis Bay Marine Park,0
Dinolestes lewini,-35.08,150.8,2006,5,20,30,4,-35_151,19.914414087931316,19.192729949951172,20.48518301147022,20.09741885687715,2002,Jervis Bay Marine Park,0
Dinolestes lewini,-35.08,150.8,1996,5,19,20,14,-35_151,19.1097510655721,19.555370330810547,19.498065641608722,20.803547869446454,2002,Jervis Bay Marine Park,0
Dinolestes lewini,-35.08,150.8,1996,5,19,20,1,-35_151,19.1097510655721,19.555370330810547,19.498065641608722,20.803547869446454,2002,Jervis Bay Marine Park,0
Dinolestes lewini,-35.08,150.8,1996,5,19,20,1,-35_151,19.1097510655721,19.555370330810547,19.498065641608722,20.803547869446454,2002,Jervis Bay Marine Park,0
Dinolestes lewini,-35.08,150.8,2005,5,24,20,1,-35_151,19.976048469543457,20.087127685546875,20.315228560947887,19.87042966452978,2002,Jervis Bay Marine Park,0
Dinolestes lewini,-35.08,150.8,2005,5,24,30,3,-35_151,19.976048469543457,20.087127685546875,20.315228560947887,19.87042966452978,2002,Jervis Bay Marine Park,0
Dinolestes lewini,-35.08,150.8,2005,5,24,25,2,-35_151,19.976048469543457,20.087127685546875,20.315228560947887,19.87042966452978,2002,Jervis Bay Marine Park,0
Dinolestes lewini,-35.08,150.8,2005,5,24,25,1,-35_151,19.976048469543457,20.087127685546875,20.315228560947887,19.87042966452978,2002,Jervis Bay Marine Park,0
Dinolestes lewini,-35.08,150.8,2006,5,20,30,1,-35_151,19.914414087931316,19.192729949951172,20.48518301147022,20.09741885687715,2002,Jervis Bay Marine Park,0
Dinolestes lewini,-35.08,150.8,2006,5,20,25,1,-35_151,19.914414087931316,19.192729949951172,20.48518301147022,20.09741885687715,2002,Jervis Bay Marine Park,0
Dinolestes lewini,-35.08,150.8,2006,5,20,25,1,-35_151,19.914414087931316,19.192729949951172,20.48518301147022,20.09741885687715,2002,Jervis Bay Marine Park,0
Dinolestes lewini,-35.08,150.79,2001,6,1,30,2,-35_151,20.306450684865315,18.968673706054688,20.92469391253524,19.70966623094347,2002,Jervis Bay Marine Park,0
Dinolestes lewini,-35.08,150.79,2001,6,1,25,1,-35_151,20.306450684865315,18.968673706054688,20.92469391253524,19.70966623094347,2002,Jervis Bay Marine Park,0
Dinolestes lewini,-35.08,150.79,2001,6,1,30,1,-35_151,20.306450684865315,18.968673706054688,20.92469391253524,19.70966623094347,2002,Jervis Bay Marine Park,0
Dinolestes lewini,-35.08,150.79,2001,6,1,35,2,-35_151,20.306450684865315,18.968673706054688,20.92469391253524,19.70966623094347,2002,Jervis Bay Marine Park,0
Dinolestes lewini,-35.08,150.79,2001,6,1,35,1,-35_151,20.306450684865315,18.968673706054688,20.92469391253524,19.70966623094347,2002,Jervis Bay Marine Park,0
Dinolestes lewini,-35.08,150.79,2003,5,10,25,1,-35_151,19.67031701405843,19.886886596679688,20.059936153369872,20.705698526033792,2002,Jervis Bay Marine Park,0
Dinolestes lewini,-35.08,150.79,2003,5,10,25,4,-35_151,19.67031701405843,19.886886596679688,20.059936153369872,20.705698526033792,2002,Jervis Bay Marine Park,0
Dinolestes lewini,-35.08,150.79,2001,5,31,25,3,-35_151,20.306450684865315,19.517976760864254,20.92469391253524,20.341827495123752,2002,Jervis Bay Marine Park,0
Dinolestes lewini,-35.08,150.79,2004,5,31,20,1,-35_151,19.537256399790447,19.329307556152344,19.870283113122944,20.739031760923325,2002,Jervis Bay Marine Park,0
Dinolestes lewini,-35.08,150.79,2001,5,31,25,23,-35_151,20.306450684865315,19.517976760864254,20.92469391253524,20.341827495123752,2002,Jervis Bay Marine Park,0
Dinolestes lewini,-35.08,150.79,2001,5,31,30,24,-35_151,20.306450684865315,19.517976760864254,20.92469391253524,20.341827495123752,2002,Jervis Bay Marine Park,0
Dinolestes lewini,-35.08,150.79,2005,6,6,20,1,-35_151,19.976048469543457,18.323898315429688,20.315228560947887,19.044221750895183,2002,Jervis Bay Marine Park,0
Dinolestes lewini,-35.08,150.79,2001,5,31,25,28,-35_151,20.306450684865315,19.517976760864254,20.92469391253524,20.341827495123752,2002,Jervis Bay Marine Park,0
Dinolestes lewini,-35.08,150.79,2001,5,31,30,1,-35_151,20.306450684865315,19.517976760864254,20.92469391253524,20.341827495123752,2002,Jervis Bay Marine Park,0
Dinolestes lewini,-35.08,150.79,2001,5,31,25,1,-35_151,20.306450684865315,19.517976760864254,20.92469391253524,20.341827495123752,2002,Jervis Bay Marine Park,0
Dinolestes lewini,-35.08,150.79,2001,5,31,30,17,-35_151,20.306450684865315,19.517976760864254,20.92469391253524,20.341827495123752,2002,Jervis Bay Marine Park,0
Dinolestes lewini,-35.08,150.79,2001,5,31,35,2,-35_151,20.306450684865315,19.517976760864254,20.92469391253524,20.341827495123752,2002,Jervis Bay Marine Park,0
Dinolestes lewini,-35.08,150.79,2001,5,31,20,1,-35_151,20.306450684865315,19.517976760864254,20.92469391253524,20.341827495123752,2002,Jervis Bay Marine Park,0
Dinolestes lewini,-35.08,150.79,2001,5,31,30,1,-35_151,20.306450684865315,19.517976760864254,20.92469391253524,20.341827495123752,2002,Jervis Bay Marine Park,0
Dinolestes lewini,-35.08,150.79,2001,5,31,30,2,-35_151,20.306450684865315,19.517976760864254,20.92469391253524,20.341827495123752,2002,Jervis Bay Marine Park,0
Dinolestes lewini,-35.08,150.79,2001,5,31,35,3,-35_151,20.306450684865315,19.517976760864254,20.92469391253524,20.341827495123752,2002,Jervis Bay Marine Park,0
Dinolestes lewini,-35.08,150.79,2006,5,20,20,46,-35_151,19.914414087931316,19.192729949951172,20.48518301147022,20.09741885687715,2002,Jervis Bay Marine Park,0
Dinolestes lewini,-35.08,150.79,2006,5,20,20,154,-35_151,19.914414087931316,19.192729949951172,20.48518301147022,20.09741885687715,2002,Jervis Bay Marine Park,0
Dinolestes lewini,-35.08,150.79,2006,5,20,25,1,-35_151,19.914414087931316,19.192729949951172,20.48518301147022,20.09741885687715,2002,Jervis Bay Marine Park,0
Dinolestes lewini,-35.08,150.79,1996,5,22,20,1,-35_151,19.1097510655721,19.555370330810547,19.498065641608722,20.803547869446454,2002,Jervis Bay Marine Park,0
Dinolestes lewini,-35.08,150.79,1996,5,22,25,1,-35_151,19.1097510655721,19.555370330810547,19.498065641608722,20.803547869446454,2002,Jervis Bay Marine Park,0
Dinolestes lewini,-35.08,150.79,1996,5,22,30,1,-35_151,19.1097510655721,19.555370330810547,19.498065641608722,20.803547869446454,2002,Jervis Bay Marine Park,0
Dinolestes lewini,-35.08,150.79,1996,5,22,15,1,-35_151,19.1097510655721,19.555370330810547,19.498065641608722,20.803547869446454,2002,Jervis Bay Marine Park,0
Dinolestes lewini,-35.08,150.79,2004,5,31,30,1,-35_151,19.537256399790447,19.329307556152344,19.870283113122944,20.739031760923325,2002,Jervis Bay Marine Park,0
Dinolestes lewini,-35.08,150.79,2001,5,31,30,4,-35_151,20.306450684865315,19.517976760864254,20.92469391253524,20.341827495123752,2002,Jervis Bay Marine Park,0
Dinolestes lewini,-35.08,150.79,2001,5,31,35,4,-35_151,20.306450684865315,19.517976760864254,20.92469391253524,20.341827495123752,2002,Jervis Bay Marine Park,0
Dinolestes lewini,-35.08,150.79,2005,6,6,25,1,-35_151,19.976048469543457,18.323898315429688,20.315228560947887,19.044221750895183,2002,Jervis Bay Marine Park,0
Dinolestes lewini,-35.08,150.79,2005,6,6,20,1,-35_151,19.976048469543457,18.323898315429688,20.315228560947887,19.044221750895183,2002,Jervis Bay Marine Park,0
Dinolestes lewini,-35.08,150.79,2005,6,6,25,1,-35_151,19.976048469543457,18.323898315429688,20.315228560947887,19.044221750895183,2002,Jervis Bay Marine Park,0
Dinolestes lewini,-35.08,150.79,2005,6,6,25,1,-35_151,19.976048469543457,18.323898315429688,20.315228560947887,19.044221750895183,2002,Jervis Bay Marine Park,0
Dinolestes lewini,-35.08,150.79,1996,5,22,20,4,-35_151,19.1097510655721,19.555370330810547,19.498065641608722,20.803547869446454,2002,Jervis Bay Marine Park,0
Dinolestes lewini,-35.08,150.79,1996,5,22,25,3,-35_151,19.1097510655721,19.555370330810547,19.498065641608722,20.803547869446454,2002,Jervis Bay Marine Park,0
Dinolestes lewini,-35.08,150.79,1996,5,22,30,1,-35_151,19.1097510655721,19.555370330810547,19.498065641608722,20.803547869446454,2002,Jervis Bay Marine Park,0
Dinolestes lewini,-35.08,150.79,1996,5,22,25,7,-35_151,19.1097510655721,19.555370330810547,19.498065641608722,20.803547869446454,2002,Jervis Bay Marine Park,0
Dinolestes lewini,-35.08,150.79,2004,5,31,20,1,-35_151,19.537256399790447,19.329307556152344,19.870283113122944,20.739031760923325,2002,Jervis Bay Marine Park,0
Dinolestes lewini,-35.08,150.79,2004,5,31,25,1,-35_151,19.537256399790447,19.329307556152344,19.870283113122944,20.739031760923325,2002,Jervis Bay Marine Park,0
Dinolestes lewini,-35.08,150.79,2004,5,31,20,1,-35_151,19.537256399790447,19.329307556152344,19.870283113122944,20.739031760923325,2002,Jervis Bay Marine Park,0
Dinolestes lewini,-35.08,150.79,2005,5,24,25,1,-35_151,19.976048469543457,20.087127685546875,20.315228560947887,19.87042966452978,2002,Jervis Bay Marine Park,0
Dinolestes lewini,-35.08,150.79,2005,5,24,30,1,-35_151,19.976048469543457,20.087127685546875,20.315228560947887,19.87042966452978,2002,Jervis Bay Marine Park,0
Dinolestes lewini,-35.08,150.79,2005,5,24,20,1,-35_151,19.976048469543457,20.087127685546875,20.315228560947887,19.87042966452978,2002,Jervis Bay Marine Park,0
Dinolestes lewini,-35.08,150.79,2005,5,24,20,1,-35_151,19.976048469543457,20.087127685546875,20.315228560947887,19.87042966452978,2002,Jervis Bay Marine Park,0
Dinolestes lewini,-35.08,150.79,2005,5,24,12.5,1,-35_151,19.976048469543457,20.087127685546875,20.315228560947887,19.87042966452978,2002,Jervis Bay Marine Park,0
Dinolestes lewini,-35.08,150.79,2005,5,24,25,1,-35_151,19.976048469543457,20.087127685546875,20.315228560947887,19.87042966452978,2002,Jervis Bay Marine Park,0
Dinolestes lewini,-35.08,150.79,2006,5,18,20,1,-35_151,19.914414087931316,19.192729949951172,20.48518301147022,20.09741885687715,2002,Jervis Bay Marine Park,0
Dinolestes lewini,-35.08,150.79,2006,5,18,25,1,-35_151,19.914414087931316,19.192729949951172,20.48518301147022,20.09741885687715,2002,Jervis Bay Marine Park,0
Dinolestes lewini,-35.08,150.79,2006,5,22,20,1,-35_151,19.914414087931316,19.192729949951172,20.48518301147022,20.09741885687715,2002,Jervis Bay Marine Park,0
Dinolestes lewini,-35.08,150.79,2006,5,22,25,1,-35_151,19.914414087931316,19.192729949951172,20.48518301147022,20.09741885687715,2002,Jervis Bay Marine Park,0
Dinolestes lewini,-35.08,150.79,2006,5,18,20,2,-35_151,19.914414087931316,19.192729949951172,20.48518301147022,20.09741885687715,2002,Jervis Bay Marine Park,0
Dinolestes lewini,-35.08,150.79,2006,5,18,15,1,-35_151,19.914414087931316,19.192729949951172,20.48518301147022,20.09741885687715,2002,Jervis Bay Marine Park,0
Dinolestes lewini,-35.08,150.79,2006,5,18,25,1,-35_151,19.914414087931316,19.192729949951172,20.48518301147022,20.09741885687715,2002,Jervis Bay Marine Park,0
Dinolestes lewini,-35.07,150.77,2006,5,26,15,3,-35_151,19.914414087931316,19.192729949951172,20.48518301147022,20.09741885687715,2002,Jervis Bay Marine Park,0
Dinolestes lewini,-35.07,150.77,2006,5,26,10,1,-35_151,19.914414087931316,19.192729949951172,20.48518301147022,20.09741885687715,2002,Jervis Bay Marine Park,0
Dinolestes lewini,-35.07,150.77,2006,5,26,25,18,-35_151,19.914414087931316,19.192729949951172,20.48518301147022,20.09741885687715,2002,Jervis Bay Marine Park,0
Dinolestes lewini,-35.07,150.77,2003,4,30,7.5,8,-35_151,19.67031701405843,21.371448516845703,20.059936153369872,22.25355500115289,2002,Jervis Bay Marine Park,0
Dinolestes lewini,-35.07,150.77,2003,4,30,10,14,-35_151,19.67031701405843,21.371448516845703,20.059936153369872,22.25355500115289,2002,Jervis Bay Marine Park,0
Dinolestes lewini,-35.07,150.77,2003,4,30,12.5,2,-35_151,19.67031701405843,21.371448516845703,20.059936153369872,22.25355500115289,2002,Jervis Bay Marine Park,0
Dinolestes lewini,-35.07,150.77,2003,4,30,15,1,-35_151,19.67031701405843,21.371448516845703,20.059936153369872,22.25355500115289,2002,Jervis Bay Marine Park,0
Dinolestes lewini,-35.07,150.77,2006,5,26,25,2,-35_151,19.914414087931316,19.192729949951172,20.48518301147022,20.09741885687715,2002,Jervis Bay Marine Park,0
Dinolestes lewini,-35.07,150.77,2003,4,30,7.5,4,-35_151,19.67031701405843,21.371448516845703,20.059936153369872,22.25355500115289,2002,Jervis Bay Marine Park,0
Dinolestes lewini,-35.07,150.77,2003,4,30,10,3,-35_151,19.67031701405843,21.371448516845703,20.059936153369872,22.25355500115289,2002,Jervis Bay Marine Park,0
Dinolestes lewini,-35.07,150.77,2003,4,30,12.5,3,-35_151,19.67031701405843,21.371448516845703,20.059936153369872,22.25355500115289,2002,Jervis Bay Marine Park,0
Dinolestes lewini,-35.07,150.77,2003,4,30,10,10,-35_151,19.67031701405843,21.371448516845703,20.059936153369872,22.25355500115289,2002,Jervis Bay Marine Park,0
Dinolestes lewini,-35.07,150.77,2003,4,30,12.5,2,-35_151,19.67031701405843,21.371448516845703,20.059936153369872,22.25355500115289,2002,Jervis Bay Marine Park,0
Dinolestes lewini,-35.07,150.77,2003,4,30,10,17,-35_151,19.67031701405843,21.371448516845703,20.059936153369872,22.25355500115289,2002,Jervis Bay Marine Park,0
Dinolestes lewini,-35.06,150.77,1996,5,21,30,1,-35_151,19.1097510655721,19.555370330810547,19.498065641608722,20.803547869446454,2002,Jervis Bay Marine Park,0
Dinolestes lewini,-35.06,150.77,1996,5,21,15,1,-35_151,19.1097510655721,19.555370330810547,19.498065641608722,20.803547869446454,2002,Jervis Bay Marine Park,0
Dinolestes lewini,-35.06,150.77,1996,5,21,25,2,-35_151,19.1097510655721,19.555370330810547,19.498065641608722,20.803547869446454,2002,Jervis Bay Marine Park,0
Dinolestes lewini,-35.08,150.79,1996,5,22,25,1,-35_151,19.1097510655721,19.555370330810547,19.498065641608722,20.803547869446454,2002,Jervis Bay Marine Park,0
Dinolestes lewini,-35.08,150.79,1996,5,22,25,1,-35_151,19.1097510655721,19.555370330810547,19.498065641608722,20.803547869446454,2002,Jervis Bay Marine Park,0
Dinolestes lewini,-35.08,150.79,1996,5,22,30,1,-35_151,19.1097510655721,19.555370330810547,19.498065641608722,20.803547869446454,2002,Jervis Bay Marine Park,0
Dinolestes lewini,-35.06,150.77,2005,5,16,25,8,-35_151,19.976048469543457,20.087127685546875,20.315228560947887,19.87042966452978,2002,Jervis Bay Marine Park,0
Dinolestes lewini,-35.06,150.77,2005,5,16,20,1,-35_151,19.976048469543457,20.087127685546875,20.315228560947887,19.87042966452978,2002,Jervis Bay Marine Park,0
Dinolestes lewini,-35.06,150.77,2001,6,5,7.5,1,-35_151,20.306450684865315,18.968673706054688,20.92469391253524,19.70966623094347,2002,Jervis Bay Marine Park,0
Dinolestes lewini,-35.06,150.77,2001,6,5,25,1,-35_151,20.306450684865315,18.968673706054688,20.92469391253524,19.70966623094347,2002,Jervis Bay Marine Park,0
Dinolestes lewini,-35.06,150.77,2001,6,5,35,1,-35_151,20.306450684865315,18.968673706054688,20.92469391253524,19.70966623094347,2002,Jervis Bay Marine Park,0
Dinolestes lewini,-35.06,150.77,2001,6,5,35,26,-35_151,20.306450684865315,18.968673706054688,20.92469391253524,19.70966623094347,2002,Jervis Bay Marine Park,0
Dinolestes lewini,-35.06,150.77,2001,6,5,35,3,-35_151,20.306450684865315,18.968673706054688,20.92469391253524,19.70966623094347,2002,Jervis Bay Marine Park,0
Dinolestes lewini,-35.06,150.77,2001,6,5,35,6,-35_151,20.306450684865315,18.968673706054688,20.92469391253524,19.70966623094347,2002,Jervis Bay Marine Park,0
Dinolestes lewini,-35.06,150.77,2005,5,16,20,1,-35_151,19.976048469543457,20.087127685546875,20.315228560947887,19.87042966452978,2002,Jervis Bay Marine Park,0
Dinolestes lewini,-35.08,150.79,1996,5,22,20,1,-35_151,19.1097510655721,19.555370330810547,19.498065641608722,20.803547869446454,2002,Jervis Bay Marine Park,0
Dinolestes lewini,-35.08,150.79,1996,5,22,25,1,-35_151,19.1097510655721,19.555370330810547,19.498065641608722,20.803547869446454,2002,Jervis Bay Marine Park,0
Dinolestes lewini,-35.08,150.79,1996,5,22,30,2,-35_151,19.1097510655721,19.555370330810547,19.498065641608722,20.803547869446454,2002,Jervis Bay Marine Park,0
Dinolestes lewini,-35.08,150.79,1996,5,22,35,1,-35_151,19.1097510655721,19.555370330810547,19.498065641608722,20.803547869446454,2002,Jervis Bay Marine Park,0
Dinolestes lewini,-35.06,150.77,2003,5,3,20,1,-35_151,19.67031701405843,19.886886596679688,20.059936153369872,20.705698526033792,2002,Jervis Bay Marine Park,0
Dinolestes lewini,-35.06,150.77,2003,5,3,25,4,-35_151,19.67031701405843,19.886886596679688,20.059936153369872,20.705698526033792,2002,Jervis Bay Marine Park,0
Dinolestes lewini,-35.06,150.77,2003,5,3,30,14,-35_151,19.67031701405843,19.886886596679688,20.059936153369872,20.705698526033792,2002,Jervis Bay Marine Park,0
Dinolestes lewini,-35.06,150.77,2003,5,3,30,1,-35_151,19.67031701405843,19.886886596679688,20.059936153369872,20.705698526033792,2002,Jervis Bay Marine Park,0
Dinolestes lewini,-35.06,150.77,2003,5,3,25,1,-35_151,19.67031701405843,19.886886596679688,20.059936153369872,20.705698526033792,2002,Jervis Bay Marine Park,0
Dinolestes lewini,-35.06,150.78,2001,5,28,20,10,-35_151,20.306450684865315,19.517976760864254,20.92469391253524,20.341827495123752,NA,NA,0
Dinolestes lewini,-35.06,150.78,2001,5,28,35,6,-35_151,20.306450684865315,19.517976760864254,20.92469391253524,20.341827495123752,NA,NA,0
Dinolestes lewini,-35.06,150.78,2001,5,28,35,14,-35_151,20.306450684865315,19.517976760864254,20.92469391253524,20.341827495123752,NA,NA,0
Dinolestes lewini,-35.06,150.78,2003,5,2,15,5,-35_151,19.67031701405843,19.886886596679688,20.059936153369872,20.705698526033792,NA,NA,0
Dinolestes lewini,-35.06,150.78,2003,5,2,20,2,-35_151,19.67031701405843,19.886886596679688,20.059936153369872,20.705698526033792,NA,NA,0
Dinolestes lewini,-35.06,150.78,2003,5,2,20,13,-35_151,19.67031701405843,19.886886596679688,20.059936153369872,20.705698526033792,NA,NA,0
Dinolestes lewini,-35.06,150.78,2003,5,2,20,3,-35_151,19.67031701405843,19.886886596679688,20.059936153369872,20.705698526033792,NA,NA,0
Dinolestes lewini,-35.06,150.78,2003,5,2,25,1,-35_151,19.67031701405843,19.886886596679688,20.059936153369872,20.705698526033792,NA,NA,0
Dinolestes lewini,-35.06,150.78,2003,5,2,30,3,-35_151,19.67031701405843,19.886886596679688,20.059936153369872,20.705698526033792,NA,NA,0
Dinolestes lewini,-35.06,150.78,2003,5,2,20,5,-35_151,19.67031701405843,19.886886596679688,20.059936153369872,20.705698526033792,NA,NA,0
Dinolestes lewini,-35.06,150.78,2003,5,2,25,2,-35_151,19.67031701405843,19.886886596679688,20.059936153369872,20.705698526033792,NA,NA,0
Dinolestes lewini,-35.06,150.77,2006,5,23,10,2,-35_151,19.914414087931316,19.192729949951172,20.48518301147022,20.09741885687715,2002,Jervis Bay Marine Park,0
Dinolestes lewini,-35.06,150.77,2006,5,23,7.5,1,-35_151,19.914414087931316,19.192729949951172,20.48518301147022,20.09741885687715,2002,Jervis Bay Marine Park,0
Dinolestes lewini,-35.06,150.77,2006,5,23,10,1,-35_151,19.914414087931316,19.192729949951172,20.48518301147022,20.09741885687715,2002,Jervis Bay Marine Park,0
Dinolestes lewini,-35.06,150.78,1996,5,16,25,1,-35_151,19.1097510655721,19.555370330810547,19.498065641608722,20.803547869446454,NA,NA,0
Dinolestes lewini,-35.06,150.78,1996,5,16,20,1,-35_151,19.1097510655721,19.555370330810547,19.498065641608722,20.803547869446454,NA,NA,0
Dinolestes lewini,-35.06,150.78,2004,5,25,15,1,-35_151,19.537256399790447,19.329307556152344,19.870283113122944,20.739031760923325,NA,NA,0
Dinolestes lewini,-35.06,150.78,2004,5,25,20,1,-35_151,19.537256399790447,19.329307556152344,19.870283113122944,20.739031760923325,NA,NA,0
Dinolestes lewini,-35.06,150.78,1996,5,16,12.5,2,-35_151,19.1097510655721,19.555370330810547,19.498065641608722,20.803547869446454,NA,NA,0
Dinolestes lewini,-35.06,150.78,1996,5,16,25,1,-35_151,19.1097510655721,19.555370330810547,19.498065641608722,20.803547869446454,NA,NA,0
Dinolestes lewini,-35.06,150.78,1996,5,16,12.5,10,-35_151,19.1097510655721,19.555370330810547,19.498065641608722,20.803547869446454,NA,NA,0
Dinolestes lewini,-35.06,150.78,1996,5,16,15,15,-35_151,19.1097510655721,19.555370330810547,19.498065641608722,20.803547869446454,NA,NA,0
Dinolestes lewini,-35.06,150.78,1996,5,16,15,11,-35_151,19.1097510655721,19.555370330810547,19.498065641608722,20.803547869446454,NA,NA,0
Dinolestes lewini,-35.07,150.7,1996,5,20,30,1,-35_151,19.1097510655721,19.555370330810547,19.498065641608722,20.803547869446454,NA,NA,0
Dinolestes lewini,-35.06,150.78,2004,5,25,20,1,-35_151,19.537256399790447,19.329307556152344,19.870283113122944,20.739031760923325,NA,NA,0
Dinolestes lewini,-35.06,150.78,2004,5,25,25,1,-35_151,19.537256399790447,19.329307556152344,19.870283113122944,20.739031760923325,NA,NA,0
Dinolestes lewini,-35.06,150.78,2004,5,25,25,37,-35_151,19.537256399790447,19.329307556152344,19.870283113122944,20.739031760923325,NA,NA,0
Dinolestes lewini,-35.06,150.78,2004,5,25,15,1,-35_151,19.537256399790447,19.329307556152344,19.870283113122944,20.739031760923325,NA,NA,0
Dinolestes lewini,-35.06,150.78,2004,5,25,25,28,-35_151,19.537256399790447,19.329307556152344,19.870283113122944,20.739031760923325,NA,NA,0
Dinolestes lewini,-35.06,150.78,2005,5,16,12.5,12,-35_151,19.976048469543457,20.087127685546875,20.315228560947887,19.87042966452978,NA,NA,0
Dinolestes lewini,-35.06,150.78,2005,5,16,15,15,-35_151,19.976048469543457,20.087127685546875,20.315228560947887,19.87042966452978,NA,NA,0
Dinolestes lewini,-35.06,150.78,2005,5,16,12.5,3,-35_151,19.976048469543457,20.087127685546875,20.315228560947887,19.87042966452978,NA,NA,0
Dinolestes lewini,-35.06,150.78,2005,5,16,15,11,-35_151,19.976048469543457,20.087127685546875,20.315228560947887,19.87042966452978,NA,NA,0
Dinolestes lewini,-35.06,150.78,2005,5,16,15,2,-35_151,19.976048469543457,20.087127685546875,20.315228560947887,19.87042966452978,NA,NA,0
Dinolestes lewini,-35.06,150.78,2005,5,16,15,1,-35_151,19.976048469543457,20.087127685546875,20.315228560947887,19.87042966452978,NA,NA,0
Dinolestes lewini,-35.06,150.78,2005,5,16,15,44,-35_151,19.976048469543457,20.087127685546875,20.315228560947887,19.87042966452978,NA,NA,0
Dinolestes lewini,-35.06,150.78,2006,5,30,15,3,-35_151,19.914414087931316,19.192729949951172,20.48518301147022,20.09741885687715,NA,NA,0
Dinolestes lewini,-35.06,150.78,2006,5,30,20,4,-35_151,19.914414087931316,19.192729949951172,20.48518301147022,20.09741885687715,NA,NA,0
Dinolestes lewini,-35.06,150.78,2006,5,30,15,4,-35_151,19.914414087931316,19.192729949951172,20.48518301147022,20.09741885687715,NA,NA,0
Dinolestes lewini,-35.06,150.78,2006,5,30,20,12,-35_151,19.914414087931316,19.192729949951172,20.48518301147022,20.09741885687715,NA,NA,0
Dinolestes lewini,-35.06,150.78,2006,5,30,15,27,-35_151,19.914414087931316,19.192729949951172,20.48518301147022,20.09741885687715,NA,NA,0
Dinolestes lewini,-35.06,150.78,2006,5,30,15,3,-35_151,19.914414087931316,19.192729949951172,20.48518301147022,20.09741885687715,NA,NA,0
Dinolestes lewini,-35.07,150.7,2001,6,5,15,1,-35_151,20.306450684865315,18.968673706054688,20.92469391253524,19.70966623094347,NA,NA,0
Dinolestes lewini,-35.07,150.7,2003,5,1,15,1,-35_151,19.67031701405843,19.886886596679688,20.059936153369872,20.705698526033792,NA,NA,0
Dinolestes lewini,-35.07,150.7,2003,5,1,20,1,-35_151,19.67031701405843,19.886886596679688,20.059936153369872,20.705698526033792,NA,NA,0
Dinolestes lewini,-35.07,150.7,2003,5,1,25,1,-35_151,19.67031701405843,19.886886596679688,20.059936153369872,20.705698526033792,NA,NA,0
Dinolestes lewini,-35.07,150.7,2003,5,1,12.5,1,-35_151,19.67031701405843,19.886886596679688,20.059936153369872,20.705698526033792,NA,NA,0
Dinolestes lewini,-35.07,150.7,2003,5,1,12.5,3,-35_151,19.67031701405843,19.886886596679688,20.059936153369872,20.705698526033792,NA,NA,0
Dinolestes lewini,-35.07,150.7,2003,5,1,12.5,1,-35_151,19.67031701405843,19.886886596679688,20.059936153369872,20.705698526033792,NA,NA,0
Dinolestes lewini,-35.07,150.7,2003,5,1,15,1,-35_151,19.67031701405843,19.886886596679688,20.059936153369872,20.705698526033792,NA,NA,0
Dinolestes lewini,-35.07,150.7,2004,5,26,20,11,-35_151,19.537256399790447,19.329307556152344,19.870283113122944,20.739031760923325,NA,NA,0
Dinolestes lewini,-35.07,150.7,2004,5,26,20,1,-35_151,19.537256399790447,19.329307556152344,19.870283113122944,20.739031760923325,NA,NA,0
Dinolestes lewini,-35.1,150.7,1996,5,20,15,3,-35_151,19.1097510655721,19.555370330810547,19.498065641608722,20.803547869446454,2002,Jervis Bay Marine Park,0
Dinolestes lewini,-35.1,150.7,1996,5,20,15,5,-35_151,19.1097510655721,19.555370330810547,19.498065641608722,20.803547869446454,2002,Jervis Bay Marine Park,0
Dinolestes lewini,-35.1,150.7,2006,5,24,20,1,-35_151,19.914414087931316,19.192729949951172,20.48518301147022,20.09741885687715,2002,Jervis Bay Marine Park,0
Dinolestes lewini,-35.08,150.78,1996,5,19,20,1,-35_151,19.1097510655721,19.555370330810547,19.498065641608722,20.803547869446454,NA,NA,0
Dinolestes lewini,-35.08,150.78,1996,5,19,25,1,-35_151,19.1097510655721,19.555370330810547,19.498065641608722,20.803547869446454,NA,NA,0
Dinolestes lewini,-35.08,150.78,1996,5,19,25,1,-35_151,19.1097510655721,19.555370330810547,19.498065641608722,20.803547869446454,NA,NA,0
Dinolestes lewini,-35.08,150.78,1996,5,19,20,2,-35_151,19.1097510655721,19.555370330810547,19.498065641608722,20.803547869446454,NA,NA,0
Dinolestes lewini,-35.08,150.78,1996,5,19,35,1,-35_151,19.1097510655721,19.555370330810547,19.498065641608722,20.803547869446454,NA,NA,0
Dinolestes lewini,-35.06,150.78,2001,5,28,12.5,1,-35_151,20.306450684865315,19.517976760864254,20.92469391253524,20.341827495123752,NA,NA,0
Dinolestes lewini,-35.06,150.78,2001,5,28,15,1,-35_151,20.306450684865315,19.517976760864254,20.92469391253524,20.341827495123752,NA,NA,0
Dinolestes lewini,-35.06,150.78,2001,5,28,12.5,2,-35_151,20.306450684865315,19.517976760864254,20.92469391253524,20.341827495123752,NA,NA,0
Dinolestes lewini,-35.06,150.78,2001,5,28,25,6,-35_151,20.306450684865315,19.517976760864254,20.92469391253524,20.341827495123752,NA,NA,0
Dinolestes lewini,-35.06,150.78,2001,5,28,15,1,-35_151,20.306450684865315,19.517976760864254,20.92469391253524,20.341827495123752,NA,NA,0
Dinolestes lewini,-35.06,150.78,2001,5,28,25,29,-35_151,20.306450684865315,19.517976760864254,20.92469391253524,20.341827495123752,NA,NA,0
Dinolestes lewini,-35.09,150.69,1996,5,18,12.5,1,-35_151,19.1097510655721,19.555370330810547,19.498065641608722,20.803547869446454,2002,Jervis Bay Marine Park,0
Dinolestes lewini,-35.09,150.69,1996,5,18,20,1,-35_151,19.1097510655721,19.555370330810547,19.498065641608722,20.803547869446454,2002,Jervis Bay Marine Park,0
Dinolestes lewini,-35.1,150.7,2001,5,22,30,1,-35_151,20.306450684865315,19.517976760864254,20.92469391253524,20.341827495123752,2002,Jervis Bay Marine Park,0
Dinolestes lewini,-35.09,150.69,2001,5,22,20,1,-35_151,20.306450684865315,19.517976760864254,20.92469391253524,20.341827495123752,2002,Jervis Bay Marine Park,0
Dinolestes lewini,-35.09,150.69,2001,5,22,20,2,-35_151,20.306450684865315,19.517976760864254,20.92469391253524,20.341827495123752,2002,Jervis Bay Marine Park,0
Dinolestes lewini,-35.09,150.69,2003,5,9,12.5,12,-35_151,19.67031701405843,19.886886596679688,20.059936153369872,20.705698526033792,2002,Jervis Bay Marine Park,0
Dinolestes lewini,-35.09,150.69,2003,5,9,15,3,-35_151,19.67031701405843,19.886886596679688,20.059936153369872,20.705698526033792,2002,Jervis Bay Marine Park,0
Dinolestes lewini,-35.09,150.69,2003,5,9,10,1,-35_151,19.67031701405843,19.886886596679688,20.059936153369872,20.705698526033792,2002,Jervis Bay Marine Park,0
Dinolestes lewini,-35.09,150.69,2003,5,9,12.5,8,-35_151,19.67031701405843,19.886886596679688,20.059936153369872,20.705698526033792,2002,Jervis Bay Marine Park,0
Dinolestes lewini,-35.09,150.69,2003,5,9,15,16,-35_151,19.67031701405843,19.886886596679688,20.059936153369872,20.705698526033792,2002,Jervis Bay Marine Park,0
Dinolestes lewini,-35.1,150.7,2001,5,22,20,2,-35_151,20.306450684865315,19.517976760864254,20.92469391253524,20.341827495123752,2002,Jervis Bay Marine Park,0
Dinolestes lewini,-35.1,150.7,2001,5,22,30,11,-35_151,20.306450684865315,19.517976760864254,20.92469391253524,20.341827495123752,2002,Jervis Bay Marine Park,0
Dinolestes lewini,-35.09,150.69,2003,5,9,12.5,46,-35_151,19.67031701405843,19.886886596679688,20.059936153369872,20.705698526033792,2002,Jervis Bay Marine Park,0
Dinolestes lewini,-35.09,150.69,2003,5,9,20,1,-35_151,19.67031701405843,19.886886596679688,20.059936153369872,20.705698526033792,2002,Jervis Bay Marine Park,0
Dinolestes lewini,-35.09,150.69,2003,5,9,12.5,38,-35_151,19.67031701405843,19.886886596679688,20.059936153369872,20.705698526033792,2002,Jervis Bay Marine Park,0
Dinolestes lewini,-35.09,150.69,2003,5,9,25,1,-35_151,19.67031701405843,19.886886596679688,20.059936153369872,20.705698526033792,2002,Jervis Bay Marine Park,0
Dinolestes lewini,-35.09,150.69,2003,5,9,15,1,-35_151,19.67031701405843,19.886886596679688,20.059936153369872,20.705698526033792,2002,Jervis Bay Marine Park,0
Dinolestes lewini,-35.09,150.69,2003,5,9,15,3,-35_151,19.67031701405843,19.886886596679688,20.059936153369872,20.705698526033792,2002,Jervis Bay Marine Park,0
Dinolestes lewini,-35.1,150.7,2001,5,22,30,22,-35_151,20.306450684865315,19.517976760864254,20.92469391253524,20.341827495123752,2002,Jervis Bay Marine Park,0
Dinolestes lewini,-35.09,150.69,2004,5,27,12.5,1,-35_151,19.537256399790447,19.329307556152344,19.870283113122944,20.739031760923325,2002,Jervis Bay Marine Park,0
Dinolestes lewini,-35.1,150.7,2003,5,10,15,4,-35_151,19.67031701405843,19.886886596679688,20.059936153369872,20.705698526033792,2002,Jervis Bay Marine Park,0
Dinolestes lewini,-35.09,150.69,2005,6,1,25,1,-35_151,19.976048469543457,18.323898315429688,20.315228560947887,19.044221750895183,2002,Jervis Bay Marine Park,0
Dinolestes lewini,-35.09,150.69,2006,5,24,20,8,-35_151,19.914414087931316,19.192729949951172,20.48518301147022,20.09741885687715,2002,Jervis Bay Marine Park,0
Dinolestes lewini,-35.09,150.69,2006,5,24,20,57,-35_151,19.914414087931316,19.192729949951172,20.48518301147022,20.09741885687715,2002,Jervis Bay Marine Park,0
Dinolestes lewini,-35.09,150.69,2006,5,24,20,18,-35_151,19.914414087931316,19.192729949951172,20.48518301147022,20.09741885687715,2002,Jervis Bay Marine Park,0
Dinolestes lewini,-35.09,150.69,2006,5,24,20,22,-35_151,19.914414087931316,19.192729949951172,20.48518301147022,20.09741885687715,2002,Jervis Bay Marine Park,0
Dinolestes lewini,-35.09,150.69,2006,5,24,25,1,-35_151,19.914414087931316,19.192729949951172,20.48518301147022,20.09741885687715,2002,Jervis Bay Marine Park,0
Dinolestes lewini,-35.1,150.7,2003,5,10,12.5,1,-35_151,19.67031701405843,19.886886596679688,20.059936153369872,20.705698526033792,2002,Jervis Bay Marine Park,0
Dinolestes lewini,-35.1,150.7,2003,5,10,15,21,-35_151,19.67031701405843,19.886886596679688,20.059936153369872,20.705698526033792,2002,Jervis Bay Marine Park,0
Dinolestes lewini,-35.09,150.69,2006,5,24,20,5,-35_151,19.914414087931316,19.192729949951172,20.48518301147022,20.09741885687715,2002,Jervis Bay Marine Park,0
Dinolestes lewini,-35.09,150.69,2006,5,24,20,15,-35_151,19.914414087931316,19.192729949951172,20.48518301147022,20.09741885687715,2002,Jervis Bay Marine Park,0
Dinolestes lewini,-35.07,150.77,1996,5,16,12.5,1,-35_151,19.1097510655721,19.555370330810547,19.498065641608722,20.803547869446454,2002,Jervis Bay Marine Park,0
Dinolestes lewini,-35.07,150.77,1996,5,16,20,1,-35_151,19.1097510655721,19.555370330810547,19.498065641608722,20.803547869446454,2002,Jervis Bay Marine Park,0
Dinolestes lewini,-35.07,150.77,1996,5,16,12.5,6,-35_151,19.1097510655721,19.555370330810547,19.498065641608722,20.803547869446454,2002,Jervis Bay Marine Park,0
Dinolestes lewini,-35.07,150.77,1996,5,16,12.5,4,-35_151,19.1097510655721,19.555370330810547,19.498065641608722,20.803547869446454,2002,Jervis Bay Marine Park,0
Dinolestes lewini,-35.07,150.77,1996,5,16,15,6,-35_151,19.1097510655721,19.555370330810547,19.498065641608722,20.803547869446454,2002,Jervis Bay Marine Park,0
Dinolestes lewini,-35.07,150.77,1996,5,16,15,3,-35_151,19.1097510655721,19.555370330810547,19.498065641608722,20.803547869446454,2002,Jervis Bay Marine Park,0
Dinolestes lewini,-35.07,150.77,1996,5,16,15,1,-35_151,19.1097510655721,19.555370330810547,19.498065641608722,20.803547869446454,2002,Jervis Bay Marine Park,0
Dinolestes lewini,-35.1,150.7,2003,5,10,25,1,-35_151,19.67031701405843,19.886886596679688,20.059936153369872,20.705698526033792,2002,Jervis Bay Marine Park,0
Dinolestes lewini,-35.1,150.7,2003,5,10,30,1,-35_151,19.67031701405843,19.886886596679688,20.059936153369872,20.705698526033792,2002,Jervis Bay Marine Park,0
Dinolestes lewini,-35.07,150.77,2001,5,23,25,2,-35_151,20.306450684865315,19.517976760864254,20.92469391253524,20.341827495123752,2002,Jervis Bay Marine Park,0
Dinolestes lewini,-35.07,150.77,2001,5,23,25,4,-35_151,20.306450684865315,19.517976760864254,20.92469391253524,20.341827495123752,2002,Jervis Bay Marine Park,0
Dinolestes lewini,-35.07,150.77,2001,5,23,20,1,-35_151,20.306450684865315,19.517976760864254,20.92469391253524,20.341827495123752,2002,Jervis Bay Marine Park,0
Dinolestes lewini,-35.07,150.77,2001,5,23,25,1,-35_151,20.306450684865315,19.517976760864254,20.92469391253524,20.341827495123752,2002,Jervis Bay Marine Park,0
Dinolestes lewini,-35.07,150.77,2001,5,23,25,2,-35_151,20.306450684865315,19.517976760864254,20.92469391253524,20.341827495123752,2002,Jervis Bay Marine Park,0
Dinolestes lewini,-35.07,150.77,2001,5,23,15,1,-35_151,20.306450684865315,19.517976760864254,20.92469391253524,20.341827495123752,2002,Jervis Bay Marine Park,0
Dinolestes lewini,-35.07,150.77,2001,5,23,20,3,-35_151,20.306450684865315,19.517976760864254,20.92469391253524,20.341827495123752,2002,Jervis Bay Marine Park,0
Dinolestes lewini,-35.07,150.77,2001,5,23,25,2,-35_151,20.306450684865315,19.517976760864254,20.92469391253524,20.341827495123752,2002,Jervis Bay Marine Park,0
Dinolestes lewini,-35.1,150.7,2003,5,10,12.5,1,-35_151,19.67031701405843,19.886886596679688,20.059936153369872,20.705698526033792,2002,Jervis Bay Marine Park,0
Dinolestes lewini,-35.07,150.77,2001,5,23,20,1,-35_151,20.306450684865315,19.517976760864254,20.92469391253524,20.341827495123752,2002,Jervis Bay Marine Park,0
Dinolestes lewini,-35.07,150.77,2001,5,23,25,14,-35_151,20.306450684865315,19.517976760864254,20.92469391253524,20.341827495123752,2002,Jervis Bay Marine Park,0
Dinolestes lewini,-35.07,150.77,2001,5,23,35,1,-35_151,20.306450684865315,19.517976760864254,20.92469391253524,20.341827495123752,2002,Jervis Bay Marine Park,0
Dinolestes lewini,-35.1,150.7,2003,5,10,20,1,-35_151,19.67031701405843,19.886886596679688,20.059936153369872,20.705698526033792,2002,Jervis Bay Marine Park,0
Dinolestes lewini,-35.07,150.77,2001,5,23,20,2,-35_151,20.306450684865315,19.517976760864254,20.92469391253524,20.341827495123752,2002,Jervis Bay Marine Park,0
Dinolestes lewini,-35.08,150.78,2001,6,1,25,2,-35_151,20.306450684865315,18.968673706054688,20.92469391253524,19.70966623094347,NA,NA,0
Dinolestes lewini,-35.08,150.78,2001,6,1,30,4,-35_151,20.306450684865315,18.968673706054688,20.92469391253524,19.70966623094347,NA,NA,0
Dinolestes lewini,-35.08,150.78,2001,6,1,25,1,-35_151,20.306450684865315,18.968673706054688,20.92469391253524,19.70966623094347,NA,NA,0
Dinolestes lewini,-35.08,150.78,2001,6,1,30,1,-35_151,20.306450684865315,18.968673706054688,20.92469391253524,19.70966623094347,NA,NA,0
Dinolestes lewini,-35.1,150.7,2003,5,10,20,1,-35_151,19.67031701405843,19.886886596679688,20.059936153369872,20.705698526033792,2002,Jervis Bay Marine Park,0
Dinolestes lewini,-35.08,150.78,2003,5,8,12.5,22,-35_151,19.67031701405843,19.886886596679688,20.059936153369872,20.705698526033792,NA,NA,0
Dinolestes lewini,-35.08,150.78,2003,5,8,15,40,-35_151,19.67031701405843,19.886886596679688,20.059936153369872,20.705698526033792,NA,NA,0
Dinolestes lewini,-35.08,150.78,2003,5,8,12.5,7,-35_151,19.67031701405843,19.886886596679688,20.059936153369872,20.705698526033792,NA,NA,0
Dinolestes lewini,-35.08,150.78,2003,5,8,15,5,-35_151,19.67031701405843,19.886886596679688,20.059936153369872,20.705698526033792,NA,NA,0
Dinolestes lewini,-35.08,150.78,2003,5,8,30,2,-35_151,19.67031701405843,19.886886596679688,20.059936153369872,20.705698526033792,NA,NA,0
Dinolestes lewini,-35.08,150.78,2003,5,8,15,11,-35_151,19.67031701405843,19.886886596679688,20.059936153369872,20.705698526033792,NA,NA,0
Dinolestes lewini,-35.08,150.78,2003,5,8,15,4,-35_151,19.67031701405843,19.886886596679688,20.059936153369872,20.705698526033792,NA,NA,0
Dinolestes lewini,-35.1,150.7,2003,5,10,15,1,-35_151,19.67031701405843,19.886886596679688,20.059936153369872,20.705698526033792,2002,Jervis Bay Marine Park,0
Dinolestes lewini,-35.08,150.78,2005,6,7,12.5,4,-35_151,19.976048469543457,18.323898315429688,20.315228560947887,19.044221750895183,NA,NA,0
Dinolestes lewini,-35.1,150.7,2003,5,10,12.5,6,-35_151,19.67031701405843,19.886886596679688,20.059936153369872,20.705698526033792,2002,Jervis Bay Marine Park,0
Dinolestes lewini,-35.1,150.7,2003,5,10,30,1,-35_151,19.67031701405843,19.886886596679688,20.059936153369872,20.705698526033792,2002,Jervis Bay Marine Park,0
Dinolestes lewini,-35.07,150.77,2004,5,25,25,1,-35_151,19.537256399790447,19.329307556152344,19.870283113122944,20.739031760923325,2002,Jervis Bay Marine Park,0
Dinolestes lewini,-35.07,150.77,2004,5,25,30,1,-35_151,19.537256399790447,19.329307556152344,19.870283113122944,20.739031760923325,2002,Jervis Bay Marine Park,0
Dinolestes lewini,-35.07,150.77,2004,5,25,25,1,-35_151,19.537256399790447,19.329307556152344,19.870283113122944,20.739031760923325,2002,Jervis Bay Marine Park,0
Dinolestes lewini,-35.07,150.77,2004,5,25,30,1,-35_151,19.537256399790447,19.329307556152344,19.870283113122944,20.739031760923325,2002,Jervis Bay Marine Park,0
Dinolestes lewini,-35.1,150.7,2003,5,10,12.5,2,-35_151,19.67031701405843,19.886886596679688,20.059936153369872,20.705698526033792,2002,Jervis Bay Marine Park,0
Dinolestes lewini,-35.07,150.77,2006,5,26,20,17,-35_151,19.914414087931316,19.192729949951172,20.48518301147022,20.09741885687715,2002,Jervis Bay Marine Park,0
Dinolestes lewini,-35.07,150.77,2006,5,26,25,1,-35_151,19.914414087931316,19.192729949951172,20.48518301147022,20.09741885687715,2002,Jervis Bay Marine Park,0
Dinolestes lewini,-35.07,150.77,2006,5,26,20,8,-35_151,19.914414087931316,19.192729949951172,20.48518301147022,20.09741885687715,2002,Jervis Bay Marine Park,0
Dinolestes lewini,-35.1,150.7,2004,5,27,12.5,1,-35_151,19.537256399790447,19.329307556152344,19.870283113122944,20.739031760923325,2002,Jervis Bay Marine Park,0
Dinolestes lewini,-35.07,150.77,2006,5,26,25,1,-35_151,19.914414087931316,19.192729949951172,20.48518301147022,20.09741885687715,2002,Jervis Bay Marine Park,0
Dinolestes lewini,-35.03,150.78,1996,5,17,12.5,1,-35_151,19.1097510655721,19.555370330810547,19.498065641608722,20.803547869446454,2002,Jervis Bay Marine Park,0
Dinolestes lewini,-35.03,150.78,1996,5,17,15,1,-35_151,19.1097510655721,19.555370330810547,19.498065641608722,20.803547869446454,2002,Jervis Bay Marine Park,0
Dinolestes lewini,-35.03,150.78,1996,5,17,15,2,-35_151,19.1097510655721,19.555370330810547,19.498065641608722,20.803547869446454,2002,Jervis Bay Marine Park,0
Dinolestes lewini,-35.03,150.78,1996,5,17,12.5,1,-35_151,19.1097510655721,19.555370330810547,19.498065641608722,20.803547869446454,2002,Jervis Bay Marine Park,0
Dinolestes lewini,-35.03,150.78,1996,5,17,15,1,-35_151,19.1097510655721,19.555370330810547,19.498065641608722,20.803547869446454,2002,Jervis Bay Marine Park,0
Dinolestes lewini,-35.03,150.78,1996,5,17,20,1,-35_151,19.1097510655721,19.555370330810547,19.498065641608722,20.803547869446454,2002,Jervis Bay Marine Park,0
Dinolestes lewini,-35.1,150.7,2004,5,27,12.5,1,-35_151,19.537256399790447,19.329307556152344,19.870283113122944,20.739031760923325,2002,Jervis Bay Marine Park,0
Dinolestes lewini,-35.1,150.7,2004,5,27,12.5,19,-35_151,19.537256399790447,19.329307556152344,19.870283113122944,20.739031760923325,2002,Jervis Bay Marine Park,0
Dinolestes lewini,-35.07,150.77,2003,4,30,10,1,-35_151,19.67031701405843,21.371448516845703,20.059936153369872,22.25355500115289,2002,Jervis Bay Marine Park,0
Dinolestes lewini,-35.07,150.77,2003,4,30,12.5,2,-35_151,19.67031701405843,21.371448516845703,20.059936153369872,22.25355500115289,2002,Jervis Bay Marine Park,0
Dinolestes lewini,-35.07,150.77,2003,4,30,7.5,1,-35_151,19.67031701405843,21.371448516845703,20.059936153369872,22.25355500115289,2002,Jervis Bay Marine Park,0
Dinolestes lewini,-35.07,150.77,2003,4,30,10,2,-35_151,19.67031701405843,21.371448516845703,20.059936153369872,22.25355500115289,2002,Jervis Bay Marine Park,0
Dinolestes lewini,-35.07,150.77,2003,4,30,7.5,1,-35_151,19.67031701405843,21.371448516845703,20.059936153369872,22.25355500115289,2002,Jervis Bay Marine Park,0
Dinolestes lewini,-35.07,150.77,2003,4,30,10,1,-35_151,19.67031701405843,21.371448516845703,20.059936153369872,22.25355500115289,2002,Jervis Bay Marine Park,0
Dinolestes lewini,-35.07,150.77,2003,4,30,7.5,7,-35_151,19.67031701405843,21.371448516845703,20.059936153369872,22.25355500115289,2002,Jervis Bay Marine Park,0
Dinolestes lewini,-35.07,150.77,2003,4,30,7.5,2,-35_151,19.67031701405843,21.371448516845703,20.059936153369872,22.25355500115289,2002,Jervis Bay Marine Park,0
Dinolestes lewini,-35.07,150.77,2003,4,30,10,1,-35_151,19.67031701405843,21.371448516845703,20.059936153369872,22.25355500115289,2002,Jervis Bay Marine Park,0
Dinolestes lewini,-35.07,150.77,2003,4,30,7.5,5,-35_151,19.67031701405843,21.371448516845703,20.059936153369872,22.25355500115289,2002,Jervis Bay Marine Park,0
Dinolestes lewini,-35.02,150.76,1996,5,17,15,6,-35_151,19.1097510655721,19.555370330810547,19.498065641608722,20.803547869446454,2002,Jervis Bay Marine Park,0
Dinolestes lewini,-35.02,150.76,1996,5,17,15,2,-35_151,19.1097510655721,19.555370330810547,19.498065641608722,20.803547869446454,2002,Jervis Bay Marine Park,0
Dinolestes lewini,-35.02,150.76,1996,5,17,12.5,1,-35_151,19.1097510655721,19.555370330810547,19.498065641608722,20.803547869446454,2002,Jervis Bay Marine Park,0
Dinolestes lewini,-35.02,150.76,1996,5,17,20,1,-35_151,19.1097510655721,19.555370330810547,19.498065641608722,20.803547869446454,2002,Jervis Bay Marine Park,0
Dinolestes lewini,-35.03,150.78,2001,5,27,15,1,-35_151,20.306450684865315,19.517976760864254,20.92469391253524,20.341827495123752,2002,Jervis Bay Marine Park,0
Dinolestes lewini,-35.03,150.78,2001,5,27,20,1,-35_151,20.306450684865315,19.517976760864254,20.92469391253524,20.341827495123752,2002,Jervis Bay Marine Park,0
Dinolestes lewini,-35.02,150.76,1996,5,17,15,1,-35_151,19.1097510655721,19.555370330810547,19.498065641608722,20.803547869446454,2002,Jervis Bay Marine Park,0
Dinolestes lewini,-35.02,150.76,1996,5,17,20,1,-35_151,19.1097510655721,19.555370330810547,19.498065641608722,20.803547869446454,2002,Jervis Bay Marine Park,0
Dinolestes lewini,-35.03,150.78,2001,5,27,20,3,-35_151,20.306450684865315,19.517976760864254,20.92469391253524,20.341827495123752,2002,Jervis Bay Marine Park,0
Dinolestes lewini,-35.03,150.78,2001,5,27,20,1,-35_151,20.306450684865315,19.517976760864254,20.92469391253524,20.341827495123752,2002,Jervis Bay Marine Park,0
Dinolestes lewini,-35.03,150.78,2001,5,27,30,1,-35_151,20.306450684865315,19.517976760864254,20.92469391253524,20.341827495123752,2002,Jervis Bay Marine Park,0
Dinolestes lewini,-35.03,150.78,2003,5,9,20,15,-35_151,19.67031701405843,19.886886596679688,20.059936153369872,20.705698526033792,2002,Jervis Bay Marine Park,0
Dinolestes lewini,-35.03,150.78,2003,5,9,25,1,-35_151,19.67031701405843,19.886886596679688,20.059936153369872,20.705698526033792,2002,Jervis Bay Marine Park,0
Dinolestes lewini,-35.03,150.78,2003,5,9,20,2,-35_151,19.67031701405843,19.886886596679688,20.059936153369872,20.705698526033792,2002,Jervis Bay Marine Park,0
Dinolestes lewini,-35.03,150.78,2003,5,9,15,17,-35_151,19.67031701405843,19.886886596679688,20.059936153369872,20.705698526033792,2002,Jervis Bay Marine Park,0
Dinolestes lewini,-35.03,150.78,2003,5,9,15,1,-35_151,19.67031701405843,19.886886596679688,20.059936153369872,20.705698526033792,2002,Jervis Bay Marine Park,0
Dinolestes lewini,-35.03,150.78,2004,5,30,25,10,-35_151,19.537256399790447,19.329307556152344,19.870283113122944,20.739031760923325,2002,Jervis Bay Marine Park,0
Dinolestes lewini,-35.03,150.78,2004,5,30,30,6,-35_151,19.537256399790447,19.329307556152344,19.870283113122944,20.739031760923325,2002,Jervis Bay Marine Park,0
Dinolestes lewini,-35.03,150.78,2004,5,30,20,2,-35_151,19.537256399790447,19.329307556152344,19.870283113122944,20.739031760923325,2002,Jervis Bay Marine Park,0
Dinolestes lewini,-35.03,150.78,2004,5,30,25,4,-35_151,19.537256399790447,19.329307556152344,19.870283113122944,20.739031760923325,2002,Jervis Bay Marine Park,0
Dinolestes lewini,-35.03,150.78,2004,5,30,35,2,-35_151,19.537256399790447,19.329307556152344,19.870283113122944,20.739031760923325,2002,Jervis Bay Marine Park,0
Dinolestes lewini,-35.03,150.78,2004,5,30,30,1,-35_151,19.537256399790447,19.329307556152344,19.870283113122944,20.739031760923325,2002,Jervis Bay Marine Park,0
Dinolestes lewini,-35.03,150.78,2004,5,30,25,2,-35_151,19.537256399790447,19.329307556152344,19.870283113122944,20.739031760923325,2002,Jervis Bay Marine Park,0
Dinolestes lewini,-35.03,150.78,2004,5,30,25,6,-35_151,19.537256399790447,19.329307556152344,19.870283113122944,20.739031760923325,2002,Jervis Bay Marine Park,0
Dinolestes lewini,-35.03,150.78,2004,5,30,30,2,-35_151,19.537256399790447,19.329307556152344,19.870283113122944,20.739031760923325,2002,Jervis Bay Marine Park,0
Dinolestes lewini,-35.03,150.78,2005,6,3,12.5,16,-35_151,19.976048469543457,18.323898315429688,20.315228560947887,19.044221750895183,2002,Jervis Bay Marine Park,0
Dinolestes lewini,-35.03,150.78,2005,6,3,12.5,4,-35_151,19.976048469543457,18.323898315429688,20.315228560947887,19.044221750895183,2002,Jervis Bay Marine Park,0
Dinolestes lewini,-35.03,150.78,2005,6,3,30,1,-35_151,19.976048469543457,18.323898315429688,20.315228560947887,19.044221750895183,2002,Jervis Bay Marine Park,0
Dinolestes lewini,-35.03,150.78,2006,6,1,15,2,-35_151,19.914414087931316,18.326250076293945,20.48518301147022,19.248444069756403,2002,Jervis Bay Marine Park,0
Dinolestes lewini,-35.03,150.78,2006,6,1,15,47,-35_151,19.914414087931316,18.326250076293945,20.48518301147022,19.248444069756403,2002,Jervis Bay Marine Park,0
Dinolestes lewini,-35.03,150.78,2006,6,1,20,72,-35_151,19.914414087931316,18.326250076293945,20.48518301147022,19.248444069756403,2002,Jervis Bay Marine Park,0
Dinolestes lewini,-35.03,150.78,2006,6,1,25,9,-35_151,19.914414087931316,18.326250076293945,20.48518301147022,19.248444069756403,2002,Jervis Bay Marine Park,0
Dinolestes lewini,-35.03,150.78,2006,6,1,15,54,-35_151,19.914414087931316,18.326250076293945,20.48518301147022,19.248444069756403,2002,Jervis Bay Marine Park,0
Dinolestes lewini,-35.03,150.78,2006,6,1,20,9,-35_151,19.914414087931316,18.326250076293945,20.48518301147022,19.248444069756403,2002,Jervis Bay Marine Park,0
Dinolestes lewini,-35.03,150.78,2006,6,1,25,1,-35_151,19.914414087931316,18.326250076293945,20.48518301147022,19.248444069756403,2002,Jervis Bay Marine Park,0
Dinolestes lewini,-35.02,150.76,2001,5,27,12.5,1,-35_151,20.306450684865315,19.517976760864254,20.92469391253524,20.341827495123752,2002,Jervis Bay Marine Park,0
Dinolestes lewini,-35.03,150.78,2006,6,1,30,10,-35_151,19.914414087931316,18.326250076293945,20.48518301147022,19.248444069756403,2002,Jervis Bay Marine Park,0
Dinolestes lewini,-35.02,150.76,2001,5,27,25,2,-35_151,20.306450684865315,19.517976760864254,20.92469391253524,20.341827495123752,2002,Jervis Bay Marine Park,0
Dinolestes lewini,-42.57,148.08,1994,5,5,30,1,-43_148,13.557039181391398,13.653878211975098,13.528119153811025,13.654644892292636,NA,NA,0
Dinolestes lewini,-42.56,148.07,1994,6,5,25,1,-43_148,13.557039181391398,12.760122299194336,13.528119153811025,12.683533029556274,NA,NA,0
Dinolestes lewini,-42.56,148.07,1994,6,5,25,1,-43_148,13.557039181391398,12.760122299194336,13.528119153811025,12.683533029556274,NA,NA,0
Dinolestes lewini,-42.56,148.07,1994,6,5,25,1,-43_148,13.557039181391398,12.760122299194336,13.528119153811025,12.683533029556274,NA,NA,0
Dinolestes lewini,-35.08,150.8,2007,5,21,25,1,-35_151,19.947011470794678,20.66152572631836,20.31496241590761,21.13795655773532,2002,Jervis Bay Marine Park,0
Dinolestes lewini,-35.08,150.8,2007,5,21,35,1,-35_151,19.947011470794678,20.66152572631836,20.31496241590761,21.13795655773532,2002,Jervis Bay Marine Park,0
Dinolestes lewini,-35.08,150.8,2007,5,21,35,2,-35_151,19.947011470794678,20.66152572631836,20.31496241590761,21.13795655773532,2002,Jervis Bay Marine Park,0
Dinolestes lewini,-35.07,150.77,2007,5,15,30,16,-35_151,19.947011470794678,20.66152572631836,20.31496241590761,21.13795655773532,2002,Jervis Bay Marine Park,0
Dinolestes lewini,-35.07,150.77,2007,5,15,35,4,-35_151,19.947011470794678,20.66152572631836,20.31496241590761,21.13795655773532,2002,Jervis Bay Marine Park,0
Dinolestes lewini,-35.06,150.77,2007,5,16,25,1,-35_151,19.947011470794678,20.66152572631836,20.31496241590761,21.13795655773532,2002,Jervis Bay Marine Park,0
Dinolestes lewini,-35.06,150.77,2007,5,16,25,4,-35_151,19.947011470794678,20.66152572631836,20.31496241590761,21.13795655773532,2002,Jervis Bay Marine Park,0
Dinolestes lewini,-35.06,150.77,2007,5,16,30,7,-35_151,19.947011470794678,20.66152572631836,20.31496241590761,21.13795655773532,2002,Jervis Bay Marine Park,0
Dinolestes lewini,-35.06,150.77,2007,5,16,35,8,-35_151,19.947011470794678,20.66152572631836,20.31496241590761,21.13795655773532,2002,Jervis Bay Marine Park,0
Dinolestes lewini,-35.06,150.77,2007,5,16,25,1,-35_151,19.947011470794678,20.66152572631836,20.31496241590761,21.13795655773532,2002,Jervis Bay Marine Park,0
Dinolestes lewini,-35.06,150.77,2007,5,16,30,3,-35_151,19.947011470794678,20.66152572631836,20.31496241590761,21.13795655773532,2002,Jervis Bay Marine Park,0
Dinolestes lewini,-35.06,150.77,2007,5,16,35,2,-35_151,19.947011470794678,20.66152572631836,20.31496241590761,21.13795655773532,2002,Jervis Bay Marine Park,0
Dinolestes lewini,-35.06,150.77,2007,5,16,20,1,-35_151,19.947011470794678,20.66152572631836,20.31496241590761,21.13795655773532,2002,Jervis Bay Marine Park,0
Dinolestes lewini,-35.06,150.78,2007,5,16,25,1,-35_151,19.947011470794678,20.66152572631836,20.31496241590761,21.13795655773532,NA,NA,0
Dinolestes lewini,-35.06,150.78,2007,5,16,30,1,-35_151,19.947011470794678,20.66152572631836,20.31496241590761,21.13795655773532,NA,NA,0
Dinolestes lewini,-35.08,150.8,2007,5,11,15,1,-35_151,19.947011470794678,20.66152572631836,20.31496241590761,21.13795655773532,2002,Jervis Bay Marine Park,0
Dinolestes lewini,-35.08,150.8,2007,5,11,20,1,-35_151,19.947011470794678,20.66152572631836,20.31496241590761,21.13795655773532,2002,Jervis Bay Marine Park,0
Dinolestes lewini,-35.06,150.78,2007,5,16,35,1,-35_151,19.947011470794678,20.66152572631836,20.31496241590761,21.13795655773532,NA,NA,0
Dinolestes lewini,-35.06,150.78,2007,5,16,25,1,-35_151,19.947011470794678,20.66152572631836,20.31496241590761,21.13795655773532,NA,NA,0
Dinolestes lewini,-35.06,150.78,2007,5,16,20,28,-35_151,19.947011470794678,20.66152572631836,20.31496241590761,21.13795655773532,NA,NA,0
Dinolestes lewini,-35.06,150.78,2007,5,16,20,17,-35_151,19.947011470794678,20.66152572631836,20.31496241590761,21.13795655773532,NA,NA,0
Dinolestes lewini,-35.06,150.78,2007,5,16,25,2,-35_151,19.947011470794678,20.66152572631836,20.31496241590761,21.13795655773532,NA,NA,0
Dinolestes lewini,-35.08,150.78,2007,5,9,25,2,-35_151,19.947011470794678,20.66152572631836,20.31496241590761,21.13795655773532,NA,NA,0
Dinolestes lewini,-35.08,150.8,2007,5,11,20,2,-35_151,19.947011470794678,20.66152572631836,20.31496241590761,21.13795655773532,2002,Jervis Bay Marine Park,0
Dinolestes lewini,-35.08,150.8,2007,5,11,20,1,-35_151,19.947011470794678,20.66152572631836,20.31496241590761,21.13795655773532,2002,Jervis Bay Marine Park,0
Dinolestes lewini,-35.08,150.79,2007,5,8,25,1,-35_151,19.947011470794678,20.66152572631836,20.31496241590761,21.13795655773532,2002,Jervis Bay Marine Park,0
Dinolestes lewini,-35.09,150.69,2007,5,18,25,1,-35_151,19.947011470794678,20.66152572631836,20.31496241590761,21.13795655773532,2002,Jervis Bay Marine Park,0
Dinolestes lewini,-35.09,150.69,2007,5,18,30,1,-35_151,19.947011470794678,20.66152572631836,20.31496241590761,21.13795655773532,2002,Jervis Bay Marine Park,0
Dinolestes lewini,-35.07,150.77,2007,5,15,15,1,-35_151,19.947011470794678,20.66152572631836,20.31496241590761,21.13795655773532,2002,Jervis Bay Marine Park,0
Dinolestes lewini,-35.07,150.77,2007,5,15,20,2,-35_151,19.947011470794678,20.66152572631836,20.31496241590761,21.13795655773532,2002,Jervis Bay Marine Park,0
Dinolestes lewini,-35.08,150.79,2007,5,8,35,1,-35_151,19.947011470794678,20.66152572631836,20.31496241590761,21.13795655773532,2002,Jervis Bay Marine Park,0
Dinolestes lewini,-35.03,150.78,2007,5,11,10,2,-35_151,19.947011470794678,20.66152572631836,20.31496241590761,21.13795655773532,2002,Jervis Bay Marine Park,0
Dinolestes lewini,-35.03,150.78,2007,5,11,12.5,1,-35_151,19.947011470794678,20.66152572631836,20.31496241590761,21.13795655773532,2002,Jervis Bay Marine Park,0
Dinolestes lewini,-35.03,150.78,2007,5,11,12.5,2,-35_151,19.947011470794678,20.66152572631836,20.31496241590761,21.13795655773532,2002,Jervis Bay Marine Park,0
Dinolestes lewini,-35.03,150.78,2007,5,11,20,1,-35_151,19.947011470794678,20.66152572631836,20.31496241590761,21.13795655773532,2002,Jervis Bay Marine Park,0
Dinolestes lewini,-35.03,150.78,2007,5,11,15,2,-35_151,19.947011470794678,20.66152572631836,20.31496241590761,21.13795655773532,2002,Jervis Bay Marine Park,0
Dinolestes lewini,-35.03,150.78,2007,5,11,30,1,-35_151,19.947011470794678,20.66152572631836,20.31496241590761,21.13795655773532,2002,Jervis Bay Marine Park,0
Dinolestes lewini,-35.03,150.78,2007,5,11,35,1,-35_151,19.947011470794678,20.66152572631836,20.31496241590761,21.13795655773532,2002,Jervis Bay Marine Park,0
Dinolestes lewini,-35.02,150.76,2007,5,11,20,2,-35_151,19.947011470794678,20.66152572631836,20.31496241590761,21.13795655773532,2002,Jervis Bay Marine Park,0
Dinolestes lewini,-35.02,150.76,2007,5,11,20,1,-35_151,19.947011470794678,20.66152572631836,20.31496241590761,21.13795655773532,2002,Jervis Bay Marine Park,0
Dinolestes lewini,-35.1,150.7,2007,5,17,25,1,-35_151,19.947011470794678,20.66152572631836,20.31496241590761,21.13795655773532,2002,Jervis Bay Marine Park,0
Dinolestes lewini,-35.08,150.78,2007,5,9,30,1,-35_151,19.947011470794678,20.66152572631836,20.31496241590761,21.13795655773532,NA,NA,0
Dinolestes lewini,-35.08,150.78,2007,5,9,25,2,-35_151,19.947011470794678,20.66152572631836,20.31496241590761,21.13795655773532,NA,NA,0
Dinolestes lewini,-35.08,150.78,2007,5,9,25,1,-35_151,19.947011470794678,20.66152572631836,20.31496241590761,21.13795655773532,NA,NA,0
Dinolestes lewini,-35.12,150.76,2007,5,10,30,29,-35_151,19.947011470794678,20.66152572631836,20.31496241590761,21.13795655773532,2002,Booderee National Park,0
Dinolestes lewini,-35.12,150.76,2007,5,10,30,1,-35_151,19.947011470794678,20.66152572631836,20.31496241590761,21.13795655773532,2002,Booderee National Park,0
Dinolestes lewini,-35.02,150.76,2007,5,11,20,2,-35_151,19.947011470794678,20.66152572631836,20.31496241590761,21.13795655773532,2002,Jervis Bay Marine Park,0
Dinolestes lewini,-35.02,150.76,2007,5,11,20,5,-35_151,19.947011470794678,20.66152572631836,20.31496241590761,21.13795655773532,2002,Jervis Bay Marine Park,0
Dinolestes lewini,-35.02,150.76,2007,5,11,15,3,-35_151,19.947011470794678,20.66152572631836,20.31496241590761,21.13795655773532,2002,Jervis Bay Marine Park,0
Dinolestes lewini,-35.02,150.76,2007,5,11,20,1,-35_151,19.947011470794678,20.66152572631836,20.31496241590761,21.13795655773532,2002,Jervis Bay Marine Park,0
Dinolestes lewini,-35.02,150.76,2007,5,11,15,1,-35_151,19.947011470794678,20.66152572631836,20.31496241590761,21.13795655773532,2002,Jervis Bay Marine Park,0
Dinolestes lewini,-35.11,150.77,2007,5,10,20,1,-35_151,19.947011470794678,20.66152572631836,20.31496241590761,21.13795655773532,2002,Booderee National Park,0
Dinolestes lewini,-35.11,150.77,2007,5,10,25,7,-35_151,19.947011470794678,20.66152572631836,20.31496241590761,21.13795655773532,2002,Booderee National Park,0
Dinolestes lewini,-35.11,150.77,2007,5,10,30,1,-35_151,19.947011470794678,20.66152572631836,20.31496241590761,21.13795655773532,2002,Booderee National Park,0
Dinolestes lewini,-35.11,150.77,2007,5,10,35,1,-35_151,19.947011470794678,20.66152572631836,20.31496241590761,21.13795655773532,2002,Booderee National Park,0
Dinolestes lewini,-35.11,150.77,2007,5,10,25,8,-35_151,19.947011470794678,20.66152572631836,20.31496241590761,21.13795655773532,2002,Booderee National Park,0
Dinolestes lewini,-35.11,150.77,2007,5,10,30,6,-35_151,19.947011470794678,20.66152572631836,20.31496241590761,21.13795655773532,2002,Booderee National Park,0
Dinolestes lewini,-35.12,150.76,2007,5,10,25,4,-35_151,19.947011470794678,20.66152572631836,20.31496241590761,21.13795655773532,2002,Booderee National Park,0
Dinolestes lewini,-35.12,150.76,2007,5,10,30,11,-35_151,19.947011470794678,20.66152572631836,20.31496241590761,21.13795655773532,2002,Booderee National Park,0
Dinolestes lewini,-35.12,150.76,2007,5,10,25,2,-35_151,19.947011470794678,20.66152572631836,20.31496241590761,21.13795655773532,2002,Booderee National Park,0
Dinolestes lewini,-35.12,150.76,2007,5,10,30,19,-35_151,19.947011470794678,20.66152572631836,20.31496241590761,21.13795655773532,2002,Booderee National Park,0
Dinolestes lewini,-35.11,150.77,2007,5,10,30,1,-35_151,19.947011470794678,20.66152572631836,20.31496241590761,21.13795655773532,2002,Booderee National Park,0
Dinolestes lewini,-35.11,150.77,2007,5,10,15,3,-35_151,19.947011470794678,20.66152572631836,20.31496241590761,21.13795655773532,2002,Booderee National Park,0
Dinolestes lewini,-35.11,150.77,2007,5,10,15,5,-35_151,19.947011470794678,20.66152572631836,20.31496241590761,21.13795655773532,2002,Booderee National Park,0
Dinolestes lewini,-35.08,150.79,2007,5,16,20,1,-35_151,19.947011470794678,20.66152572631836,20.31496241590761,21.13795655773532,2002,Jervis Bay Marine Park,0
Dinolestes lewini,-35.08,150.79,2007,5,16,25,1,-35_151,19.947011470794678,20.66152572631836,20.31496241590761,21.13795655773532,2002,Jervis Bay Marine Park,0
Dinolestes lewini,-35.08,150.79,2007,5,16,20,6,-35_151,19.947011470794678,20.66152572631836,20.31496241590761,21.13795655773532,2002,Jervis Bay Marine Park,0
Dinolestes lewini,-35.08,150.79,2007,5,8,25,11,-35_151,19.947011470794678,20.66152572631836,20.31496241590761,21.13795655773532,2002,Jervis Bay Marine Park,0
Dinolestes lewini,-35.08,150.79,2007,5,8,30,12,-35_151,19.947011470794678,20.66152572631836,20.31496241590761,21.13795655773532,2002,Jervis Bay Marine Park,0
Dinolestes lewini,-35.08,150.79,2007,5,8,25,10,-35_151,19.947011470794678,20.66152572631836,20.31496241590761,21.13795655773532,2002,Jervis Bay Marine Park,0
Dinolestes lewini,-35.08,150.79,2007,5,8,30,6,-35_151,19.947011470794678,20.66152572631836,20.31496241590761,21.13795655773532,2002,Jervis Bay Marine Park,0
Dinolestes lewini,-35.04,150.83,2007,5,7,25,1,-35_151,19.947011470794678,20.66152572631836,20.31496241590761,21.13795655773532,NA,NA,0
Dinolestes lewini,-35.04,150.83,2007,5,7,35,3,-35_151,19.947011470794678,20.66152572631836,20.31496241590761,21.13795655773532,NA,NA,0
Dinolestes lewini,-35.04,150.83,2007,5,7,35,2,-35_151,19.947011470794678,20.66152572631836,20.31496241590761,21.13795655773532,NA,NA,0
Dinolestes lewini,-35.01,150.72,2007,5,14,15,1,-35_151,19.947011470794678,20.66152572631836,20.31496241590761,21.13795655773532,NA,NA,0
Dinolestes lewini,-35.01,150.72,2007,5,14,25,1,-35_151,19.947011470794678,20.66152572631836,20.31496241590761,21.13795655773532,NA,NA,0
Dinolestes lewini,-35.07,150.7,2007,5,14,15,1,-35_151,19.947011470794678,20.66152572631836,20.31496241590761,21.13795655773532,NA,NA,0
Dinolestes lewini,-35.09,150.8,2007,5,7,25,1,-35_151,19.947011470794678,20.66152572631836,20.31496241590761,21.13795655773532,NA,NA,0
Dinolestes lewini,-35.09,150.8,2007,5,7,30,1,-35_151,19.947011470794678,20.66152572631836,20.31496241590761,21.13795655773532,NA,NA,0
Dinolestes lewini,-35.09,150.8,2007,5,7,30,1,-35_151,19.947011470794678,20.66152572631836,20.31496241590761,21.13795655773532,NA,NA,0
Dinolestes lewini,-35.09,150.8,2007,5,7,35,2,-35_151,19.947011470794678,20.66152572631836,20.31496241590761,21.13795655773532,NA,NA,0
Dinolestes lewini,-35.09,150.8,2007,5,9,25,3,-35_151,19.947011470794678,20.66152572631836,20.31496241590761,21.13795655773532,NA,NA,0
Dinolestes lewini,-35.09,150.8,2007,5,9,25,1,-35_151,19.947011470794678,20.66152572631836,20.31496241590761,21.13795655773532,NA,NA,0
Dinolestes lewini,-35.12,150.75,2007,5,10,20,2,-35_151,19.947011470794678,20.66152572631836,20.31496241590761,21.13795655773532,NA,NA,0
Dinolestes lewini,-35.12,150.75,2007,5,10,30,1,-35_151,19.947011470794678,20.66152572631836,20.31496241590761,21.13795655773532,NA,NA,0
Dinolestes lewini,-35.12,150.75,2007,5,10,35,1,-35_151,19.947011470794678,20.66152572631836,20.31496241590761,21.13795655773532,NA,NA,0
Dinolestes lewini,-35.12,150.75,2007,5,10,15,1,-35_151,19.947011470794678,20.66152572631836,20.31496241590761,21.13795655773532,NA,NA,0
Dinolestes lewini,-35.09,150.8,2007,5,9,5,1,-35_151,19.947011470794678,20.66152572631836,20.31496241590761,21.13795655773532,NA,NA,0
Dinolestes lewini,-35.09,150.8,2007,5,9,25,1,-35_151,19.947011470794678,20.66152572631836,20.31496241590761,21.13795655773532,NA,NA,0
Dinolestes lewini,-35.09,150.8,2007,5,9,35,1,-35_151,19.947011470794678,20.66152572631836,20.31496241590761,21.13795655773532,NA,NA,0
Dinolestes lewini,-35.09,150.8,2007,5,9,20,1,-35_151,19.947011470794678,20.66152572631836,20.31496241590761,21.13795655773532,NA,NA,0
Dinolestes lewini,-35.09,150.8,2007,5,9,25,4,-35_151,19.947011470794678,20.66152572631836,20.31496241590761,21.13795655773532,NA,NA,0
Dinolestes lewini,-35.07,150.77,2007,5,15,15,1,-35_151,19.947011470794678,20.66152572631836,20.31496241590761,21.13795655773532,2002,Jervis Bay Marine Park,0
Dinolestes lewini,-35.07,150.77,2007,5,15,15,49,-35_151,19.947011470794678,20.66152572631836,20.31496241590761,21.13795655773532,2002,Jervis Bay Marine Park,0
Dinolestes lewini,-35.07,150.77,2007,5,15,12.5,1,-35_151,19.947011470794678,20.66152572631836,20.31496241590761,21.13795655773532,2002,Jervis Bay Marine Park,0
Dinolestes lewini,-35.07,150.77,2007,5,15,35,2,-35_151,19.947011470794678,20.66152572631836,20.31496241590761,21.13795655773532,2002,Jervis Bay Marine Park,0
Dinolestes lewini,-35.14,150.74,2007,5,8,25,1,-35_151,19.947011470794678,20.66152572631836,20.31496241590761,21.13795655773532,NA,NA,0
Dinolestes lewini,-35.14,150.74,2007,5,8,30,1,-35_151,19.947011470794678,20.66152572631836,20.31496241590761,21.13795655773532,NA,NA,0
Dinolestes lewini,-35.09,150.8,2007,5,9,20,3,-35_151,19.947011470794678,20.66152572631836,20.31496241590761,21.13795655773532,NA,NA,0
Dinolestes lewini,-35.09,150.8,2007,5,9,25,1,-35_151,19.947011470794678,20.66152572631836,20.31496241590761,21.13795655773532,NA,NA,0
Dinolestes lewini,-35.09,150.8,2007,5,9,35,25,-35_151,19.947011470794678,20.66152572631836,20.31496241590761,21.13795655773532,NA,NA,0
Dinolestes lewini,-35.09,150.8,2007,5,9,40,3,-35_151,19.947011470794678,20.66152572631836,20.31496241590761,21.13795655773532,NA,NA,0
Dinolestes lewini,-35.09,150.8,2007,5,9,35,15,-35_151,19.947011470794678,20.66152572631836,20.31496241590761,21.13795655773532,NA,NA,0
Dinolestes lewini,-35.09,150.8,2007,5,9,40,7,-35_151,19.947011470794678,20.66152572631836,20.31496241590761,21.13795655773532,NA,NA,0
Dinolestes lewini,-35.08,150.78,2007,5,9,30,1,-35_151,19.947011470794678,20.66152572631836,20.31496241590761,21.13795655773532,NA,NA,0
Dinolestes lewini,-35.08,150.78,2007,5,9,25,1,-35_151,19.947011470794678,20.66152572631836,20.31496241590761,21.13795655773532,NA,NA,0
Dinolestes lewini,-35.13,150.73,2007,5,21,20,1,-35_151,19.947011470794678,20.66152572631836,20.31496241590761,21.13795655773532,NA,NA,0
Dinolestes lewini,-35.13,150.73,2007,5,21,15,12,-35_151,19.947011470794678,20.66152572631836,20.31496241590761,21.13795655773532,NA,NA,0
Dinolestes lewini,-35.13,150.73,2007,5,21,15,23,-35_151,19.947011470794678,20.66152572631836,20.31496241590761,21.13795655773532,NA,NA,0
Dinolestes lewini,-35.08,150.78,2007,5,9,15,1,-35_151,19.947011470794678,20.66152572631836,20.31496241590761,21.13795655773532,NA,NA,0
Dinolestes lewini,-35.08,150.78,2007,5,9,30,1,-35_151,19.947011470794678,20.66152572631836,20.31496241590761,21.13795655773532,NA,NA,0
Dinolestes lewini,-35.08,150.78,2007,5,9,35,1,-35_151,19.947011470794678,20.66152572631836,20.31496241590761,21.13795655773532,NA,NA,0
Dinolestes lewini,-35.14,150.74,2007,5,8,25,6,-35_151,19.947011470794678,20.66152572631836,20.31496241590761,21.13795655773532,NA,NA,0
Dinolestes lewini,-35.14,150.74,2007,5,8,25,5,-35_151,19.947011470794678,20.66152572631836,20.31496241590761,21.13795655773532,NA,NA,0
Dinolestes lewini,-35.14,150.74,2007,5,8,25,1,-35_151,19.947011470794678,20.66152572631836,20.31496241590761,21.13795655773532,NA,NA,0
Dinolestes lewini,-35.04,150.68,2007,5,17,12.5,1,-35_151,19.947011470794678,20.66152572631836,20.31496241590761,21.13795655773532,2002,Jervis Bay Marine Park,0
Dinolestes lewini,-35.04,150.68,2007,5,17,12.5,2,-35_151,19.947011470794678,20.66152572631836,20.31496241590761,21.13795655773532,2002,Jervis Bay Marine Park,0
Dinolestes lewini,-35.04,150.68,2007,5,17,12.5,1,-35_151,19.947011470794678,20.66152572631836,20.31496241590761,21.13795655773532,2002,Jervis Bay Marine Park,0
Dinolestes lewini,-35.05,150.84,2007,5,7,30,1,-35_151,19.947011470794678,20.66152572631836,20.31496241590761,21.13795655773532,NA,NA,0
Dinolestes lewini,-35.12,150.71,2009,6,4,20,22,-35_151,19.915931542714436,18.534469604492188,20.050225972343902,19.980332798428005,NA,NA,0
Dinolestes lewini,-35.12,150.71,2009,6,4,20,10,-35_151,19.915931542714436,18.534469604492188,20.050225972343902,19.980332798428005,NA,NA,0
Dinolestes lewini,-35.12,150.71,2009,6,4,10,1,-35_151,19.915931542714436,18.534469604492188,20.050225972343902,19.980332798428005,NA,NA,0
Dinolestes lewini,-35.08,150.8,2009,5,27,35,6,-35_151,19.915931542714436,19.976171493530273,20.050225972343902,21.40569834555349,2002,Jervis Bay Marine Park,0
Dinolestes lewini,-35.08,150.8,2009,5,27,25,1,-35_151,19.915931542714436,19.976171493530273,20.050225972343902,21.40569834555349,2002,Jervis Bay Marine Park,0
Dinolestes lewini,-35.08,150.8,2009,5,27,20,11,-35_151,19.915931542714436,19.976171493530273,20.050225972343902,21.40569834555349,2002,Jervis Bay Marine Park,0
Dinolestes lewini,-35.08,150.8,2009,5,27,20,1,-35_151,19.915931542714436,19.976171493530273,20.050225972343902,21.40569834555349,2002,Jervis Bay Marine Park,0
Dinolestes lewini,-35.08,150.8,2009,5,27,25,1,-35_151,19.915931542714436,19.976171493530273,20.050225972343902,21.40569834555349,2002,Jervis Bay Marine Park,0
Dinolestes lewini,-35.08,150.8,2009,5,27,25,1,-35_151,19.915931542714436,19.976171493530273,20.050225972343902,21.40569834555349,2002,Jervis Bay Marine Park,0
Dinolestes lewini,-35.08,150.8,2009,5,27,25,1,-35_151,19.915931542714436,19.976171493530273,20.050225972343902,21.40569834555349,2002,Jervis Bay Marine Park,0
Dinolestes lewini,-35.08,150.8,2009,5,27,25,2,-35_151,19.915931542714436,19.976171493530273,20.050225972343902,21.40569834555349,2002,Jervis Bay Marine Park,0
Dinolestes lewini,-35.08,150.8,2009,5,27,20,1,-35_151,19.915931542714436,19.976171493530273,20.050225972343902,21.40569834555349,2002,Jervis Bay Marine Park,0
Dinolestes lewini,-35.08,150.8,2009,5,27,30,1,-35_151,19.915931542714436,19.976171493530273,20.050225972343902,21.40569834555349,2002,Jervis Bay Marine Park,0
Dinolestes lewini,-35.08,150.79,2009,6,2,25,1,-35_151,19.915931542714436,18.534469604492188,20.050225972343902,19.980332798428005,2002,Jervis Bay Marine Park,0
Dinolestes lewini,-35.08,150.79,2009,6,2,30,13,-35_151,19.915931542714436,18.534469604492188,20.050225972343902,19.980332798428005,2002,Jervis Bay Marine Park,0
Dinolestes lewini,-35.08,150.79,2009,6,2,35,10,-35_151,19.915931542714436,18.534469604492188,20.050225972343902,19.980332798428005,2002,Jervis Bay Marine Park,0
Dinolestes lewini,-35.08,150.79,2009,6,2,25,4,-35_151,19.915931542714436,18.534469604492188,20.050225972343902,19.980332798428005,2002,Jervis Bay Marine Park,0
Dinolestes lewini,-35.08,150.79,2009,6,2,30,12,-35_151,19.915931542714436,18.534469604492188,20.050225972343902,19.980332798428005,2002,Jervis Bay Marine Park,0
Dinolestes lewini,-35.08,150.79,2009,6,2,20,1,-35_151,19.915931542714436,18.534469604492188,20.050225972343902,19.980332798428005,2002,Jervis Bay Marine Park,0
Dinolestes lewini,-35.08,150.79,2009,5,26,20,4,-35_151,19.915931542714436,19.976171493530273,20.050225972343902,21.40569834555349,2002,Jervis Bay Marine Park,0
Dinolestes lewini,-35.08,150.79,2009,5,26,25,3,-35_151,19.915931542714436,19.976171493530273,20.050225972343902,21.40569834555349,2002,Jervis Bay Marine Park,0
Dinolestes lewini,-35.08,150.79,2009,5,26,30,1,-35_151,19.915931542714436,19.976171493530273,20.050225972343902,21.40569834555349,2002,Jervis Bay Marine Park,0
Dinolestes lewini,-35.08,150.79,2009,5,26,20,6,-35_151,19.915931542714436,19.976171493530273,20.050225972343902,21.40569834555349,2002,Jervis Bay Marine Park,0
Dinolestes lewini,-35.08,150.79,2009,5,26,25,2,-35_151,19.915931542714436,19.976171493530273,20.050225972343902,21.40569834555349,2002,Jervis Bay Marine Park,0
Dinolestes lewini,-35.06,150.77,2009,5,25,15,1,-35_151,19.915931542714436,19.976171493530273,20.050225972343902,21.40569834555349,2002,Jervis Bay Marine Park,0
Dinolestes lewini,-35.08,150.79,2009,5,26,25,1,-35_151,19.915931542714436,19.976171493530273,20.050225972343902,21.40569834555349,2002,Jervis Bay Marine Park,0
Dinolestes lewini,-35.08,150.79,2009,5,26,30,2,-35_151,19.915931542714436,19.976171493530273,20.050225972343902,21.40569834555349,2002,Jervis Bay Marine Park,0
Dinolestes lewini,-35.08,150.79,2009,5,26,35,1,-35_151,19.915931542714436,19.976171493530273,20.050225972343902,21.40569834555349,2002,Jervis Bay Marine Park,0
Dinolestes lewini,-35.08,150.79,2009,5,26,30,1,-35_151,19.915931542714436,19.976171493530273,20.050225972343902,21.40569834555349,2002,Jervis Bay Marine Park,0
Dinolestes lewini,-35.07,150.77,2009,5,25,15,1,-35_151,19.915931542714436,19.976171493530273,20.050225972343902,21.40569834555349,2002,Jervis Bay Marine Park,0
Dinolestes lewini,-35.07,150.77,2009,5,25,15,1,-35_151,19.915931542714436,19.976171493530273,20.050225972343902,21.40569834555349,2002,Jervis Bay Marine Park,0
Dinolestes lewini,-35.06,150.77,2009,5,25,12.5,1,-35_151,19.915931542714436,19.976171493530273,20.050225972343902,21.40569834555349,2002,Jervis Bay Marine Park,0
Dinolestes lewini,-35.06,150.77,2009,5,25,25,1,-35_151,19.915931542714436,19.976171493530273,20.050225972343902,21.40569834555349,2002,Jervis Bay Marine Park,0
Dinolestes lewini,-35.06,150.77,2009,5,25,25,7,-35_151,19.915931542714436,19.976171493530273,20.050225972343902,21.40569834555349,2002,Jervis Bay Marine Park,0
Dinolestes lewini,-35.06,150.78,2009,6,3,7.5,1,-35_151,19.915931542714436,18.534469604492188,20.050225972343902,19.980332798428005,NA,NA,0
Dinolestes lewini,-35.03,150.78,2009,6,3,30,8,-35_151,19.915931542714436,18.534469604492188,20.050225972343902,19.980332798428005,2002,Jervis Bay Marine Park,0
Dinolestes lewini,-35.03,150.78,2009,6,3,20,1,-35_151,19.915931542714436,18.534469604492188,20.050225972343902,19.980332798428005,2002,Jervis Bay Marine Park,0
Dinolestes lewini,-35.03,150.78,2009,6,3,30,7,-35_151,19.915931542714436,18.534469604492188,20.050225972343902,19.980332798428005,2002,Jervis Bay Marine Park,0
Dinolestes lewini,-35.03,150.78,2009,6,3,20,5,-35_151,19.915931542714436,18.534469604492188,20.050225972343902,19.980332798428005,2002,Jervis Bay Marine Park,0
Dinolestes lewini,-35.03,150.78,2009,6,3,20,15,-35_151,19.915931542714436,18.534469604492188,20.050225972343902,19.980332798428005,2002,Jervis Bay Marine Park,0
Dinolestes lewini,-35.03,150.78,2009,6,3,20,12,-35_151,19.915931542714436,18.534469604492188,20.050225972343902,19.980332798428005,2002,Jervis Bay Marine Park,0
Dinolestes lewini,-35.03,150.78,2009,6,3,25,1,-35_151,19.915931542714436,18.534469604492188,20.050225972343902,19.980332798428005,2002,Jervis Bay Marine Park,0
Dinolestes lewini,-35.03,150.78,2009,6,3,30,1,-35_151,19.915931542714436,18.534469604492188,20.050225972343902,19.980332798428005,2002,Jervis Bay Marine Park,0
Dinolestes lewini,-35.03,150.78,2009,6,3,20,6,-35_151,19.915931542714436,18.534469604492188,20.050225972343902,19.980332798428005,2002,Jervis Bay Marine Park,0
Dinolestes lewini,-35.03,150.78,2009,6,3,30,2,-35_151,19.915931542714436,18.534469604492188,20.050225972343902,19.980332798428005,2002,Jervis Bay Marine Park,0
Dinolestes lewini,-35.02,150.76,2009,6,3,12.5,1,-35_151,19.915931542714436,18.534469604492188,20.050225972343902,19.980332798428005,2002,Jervis Bay Marine Park,0
Dinolestes lewini,-35.02,150.76,2009,6,3,15,1,-35_151,19.915931542714436,18.534469604492188,20.050225972343902,19.980332798428005,2002,Jervis Bay Marine Park,0
Dinolestes lewini,-35.02,150.76,2009,6,3,20,1,-35_151,19.915931542714436,18.534469604492188,20.050225972343902,19.980332798428005,2002,Jervis Bay Marine Park,0
Dinolestes lewini,-35.06,150.78,2009,6,3,35,1,-35_151,19.915931542714436,18.534469604492188,20.050225972343902,19.980332798428005,NA,NA,0
Dinolestes lewini,-35.06,150.78,2009,6,3,7.5,2,-35_151,19.915931542714436,18.534469604492188,20.050225972343902,19.980332798428005,NA,NA,0
Dinolestes lewini,-35.06,150.78,2009,6,3,35,2,-35_151,19.915931542714436,18.534469604492188,20.050225972343902,19.980332798428005,NA,NA,0
Dinolestes lewini,-35.06,150.78,2009,6,3,15,1,-35_151,19.915931542714436,18.534469604492188,20.050225972343902,19.980332798428005,NA,NA,0
Dinolestes lewini,-35.06,150.78,2009,6,3,25,1,-35_151,19.915931542714436,18.534469604492188,20.050225972343902,19.980332798428005,NA,NA,0
Dinolestes lewini,-35.12,150.75,2009,6,1,25,32,-35_151,19.915931542714436,18.534469604492188,20.050225972343902,19.980332798428005,NA,NA,0
Dinolestes lewini,-35.12,150.75,2009,6,1,30,29,-35_151,19.915931542714436,18.534469604492188,20.050225972343902,19.980332798428005,NA,NA,0
Dinolestes lewini,-35.12,150.75,2009,6,1,35,11,-35_151,19.915931542714436,18.534469604492188,20.050225972343902,19.980332798428005,NA,NA,0
Dinolestes lewini,-35.12,150.75,2009,6,1,25,8,-35_151,19.915931542714436,18.534469604492188,20.050225972343902,19.980332798428005,NA,NA,0
Dinolestes lewini,-35.12,150.75,2009,6,1,30,51,-35_151,19.915931542714436,18.534469604492188,20.050225972343902,19.980332798428005,NA,NA,0
Dinolestes lewini,-35.12,150.75,2009,6,1,35,9,-35_151,19.915931542714436,18.534469604492188,20.050225972343902,19.980332798428005,NA,NA,0
Dinolestes lewini,-35.12,150.75,2009,6,1,20,1,-35_151,19.915931542714436,18.534469604492188,20.050225972343902,19.980332798428005,NA,NA,0
Dinolestes lewini,-35.12,150.75,2009,6,1,25,1,-35_151,19.915931542714436,18.534469604492188,20.050225972343902,19.980332798428005,NA,NA,0
Dinolestes lewini,-35.1,150.7,2009,6,4,35,2,-35_151,19.915931542714436,18.534469604492188,20.050225972343902,19.980332798428005,2002,Jervis Bay Marine Park,0
Dinolestes lewini,-35.1,150.7,2009,6,4,35,1,-35_151,19.915931542714436,18.534469604492188,20.050225972343902,19.980332798428005,2002,Jervis Bay Marine Park,0
Dinolestes lewini,-35.1,150.7,2009,6,4,15,1,-35_151,19.915931542714436,18.534469604492188,20.050225972343902,19.980332798428005,2002,Jervis Bay Marine Park,0
Dinolestes lewini,-35.1,150.7,2009,6,4,12.5,1,-35_151,19.915931542714436,18.534469604492188,20.050225972343902,19.980332798428005,2002,Jervis Bay Marine Park,0
Dinolestes lewini,-35.13,150.73,2009,6,4,10,1,-35_151,19.915931542714436,18.534469604492188,20.050225972343902,19.980332798428005,NA,NA,0
Dinolestes lewini,-35.13,150.73,2009,6,4,12.5,1,-35_151,19.915931542714436,18.534469604492188,20.050225972343902,19.980332798428005,NA,NA,0
Dinolestes lewini,-35.13,150.73,2009,6,4,25,25,-35_151,19.915931542714436,18.534469604492188,20.050225972343902,19.980332798428005,NA,NA,0
Dinolestes lewini,-35.13,150.73,2009,6,4,25,15,-35_151,19.915931542714436,18.534469604492188,20.050225972343902,19.980332798428005,NA,NA,0
Dinolestes lewini,-35.1,150.7,2009,6,4,30,1,-35_151,19.915931542714436,18.534469604492188,20.050225972343902,19.980332798428005,2002,Jervis Bay Marine Park,0
Dinolestes lewini,-35.08,150.78,2009,5,26,12.5,1,-35_151,19.915931542714436,19.976171493530273,20.050225972343902,21.40569834555349,NA,NA,0
Dinolestes lewini,-35.08,150.78,2009,5,26,10,1,-35_151,19.915931542714436,19.976171493530273,20.050225972343902,21.40569834555349,NA,NA,0
Dinolestes lewini,-35.08,150.78,2009,5,26,15,1,-35_151,19.915931542714436,19.976171493530273,20.050225972343902,21.40569834555349,NA,NA,0
Dinolestes lewini,-35.08,150.78,2009,5,26,25,6,-35_151,19.915931542714436,19.976171493530273,20.050225972343902,21.40569834555349,NA,NA,0
Dinolestes lewini,-35.08,150.78,2009,5,26,30,5,-35_151,19.915931542714436,19.976171493530273,20.050225972343902,21.40569834555349,NA,NA,0
Dinolestes lewini,-35.02,150.76,2009,6,3,12.5,30,-35_151,19.915931542714436,18.534469604492188,20.050225972343902,19.980332798428005,2002,Jervis Bay Marine Park,0
Dinolestes lewini,-35.02,150.76,2009,6,3,15,7,-35_151,19.915931542714436,18.534469604492188,20.050225972343902,19.980332798428005,2002,Jervis Bay Marine Park,0
Dinolestes lewini,-35.02,150.76,2009,6,3,12.5,10,-35_151,19.915931542714436,18.534469604492188,20.050225972343902,19.980332798428005,2002,Jervis Bay Marine Park,0
Dinolestes lewini,-35.02,150.76,2009,6,3,15,23,-35_151,19.915931542714436,18.534469604492188,20.050225972343902,19.980332798428005,2002,Jervis Bay Marine Park,0
Dinolestes lewini,-35.02,150.76,2009,6,3,10,1,-35_151,19.915931542714436,18.534469604492188,20.050225972343902,19.980332798428005,2002,Jervis Bay Marine Park,0
Dinolestes lewini,-35.08,150.78,2009,5,26,25,2,-35_151,19.915931542714436,19.976171493530273,20.050225972343902,21.40569834555349,NA,NA,0
Dinolestes lewini,-35.08,150.78,2009,5,26,30,2,-35_151,19.915931542714436,19.976171493530273,20.050225972343902,21.40569834555349,NA,NA,0
Dinolestes lewini,-35.08,150.78,2009,5,26,15,2,-35_151,19.915931542714436,19.976171493530273,20.050225972343902,21.40569834555349,NA,NA,0
Dinolestes lewini,-35.08,150.78,2009,5,26,15,5,-35_151,19.915931542714436,19.976171493530273,20.050225972343902,21.40569834555349,NA,NA,0
Dinolestes lewini,-35.07,150.77,2009,5,25,15,1,-35_151,19.915931542714436,19.976171493530273,20.050225972343902,21.40569834555349,2002,Jervis Bay Marine Park,0
Dinolestes lewini,-35.07,150.77,2009,5,25,12.5,1,-35_151,19.915931542714436,19.976171493530273,20.050225972343902,21.40569834555349,2002,Jervis Bay Marine Park,0
Dinolestes lewini,-35.04,150.83,2009,6,2,30,2,-35_151,19.915931542714436,18.534469604492188,20.050225972343902,19.980332798428005,NA,NA,0
Dinolestes lewini,-35.09,150.8,2009,5,27,30,1,-35_151,19.915931542714436,19.976171493530273,20.050225972343902,21.40569834555349,NA,NA,0
Dinolestes lewini,-35.11,150.77,2009,6,1,30,1,-35_151,19.915931542714436,18.534469604492188,20.050225972343902,19.980332798428005,2002,Booderee National Park,0
Dinolestes lewini,-35.11,150.77,2009,6,1,35,2,-35_151,19.915931542714436,18.534469604492188,20.050225972343902,19.980332798428005,2002,Booderee National Park,0
Dinolestes lewini,-35.11,150.77,2009,6,1,30,4,-35_151,19.915931542714436,18.534469604492188,20.050225972343902,19.980332798428005,2002,Booderee National Park,0
Dinolestes lewini,-35.11,150.77,2009,6,1,30,36,-35_151,19.915931542714436,18.534469604492188,20.050225972343902,19.980332798428005,2002,Booderee National Park,0
Dinolestes lewini,-35.11,150.77,2009,6,1,30,14,-35_151,19.915931542714436,18.534469604492188,20.050225972343902,19.980332798428005,2002,Booderee National Park,0
Dinolestes lewini,-35.11,150.77,2009,6,1,30,1,-35_151,19.915931542714436,18.534469604492188,20.050225972343902,19.980332798428005,2002,Booderee National Park,0
Dinolestes lewini,-35.11,150.77,2009,6,1,25,2,-35_151,19.915931542714436,18.534469604492188,20.050225972343902,19.980332798428005,2002,Booderee National Park,0
Dinolestes lewini,-35.11,150.77,2009,6,1,35,1,-35_151,19.915931542714436,18.534469604492188,20.050225972343902,19.980332798428005,2002,Booderee National Park,0
Dinolestes lewini,-35.12,150.76,2009,6,1,30,11,-35_151,19.915931542714436,18.534469604492188,20.050225972343902,19.980332798428005,2002,Booderee National Park,0
Dinolestes lewini,-35.09,150.8,2009,5,27,25,1,-35_151,19.915931542714436,19.976171493530273,20.050225972343902,21.40569834555349,NA,NA,0
Dinolestes lewini,-35.09,150.8,2009,5,27,25,1,-35_151,19.915931542714436,19.976171493530273,20.050225972343902,21.40569834555349,NA,NA,0
Dinolestes lewini,-35.09,150.8,2009,6,3,15,1,-35_151,19.915931542714436,18.534469604492188,20.050225972343902,19.980332798428005,NA,NA,0
Dinolestes lewini,-35.09,150.8,2009,6,3,35,3,-35_151,19.915931542714436,18.534469604492188,20.050225972343902,19.980332798428005,NA,NA,0
Dinolestes lewini,-35.09,150.8,2009,6,3,35,2,-35_151,19.915931542714436,18.534469604492188,20.050225972343902,19.980332798428005,NA,NA,0
Dinolestes lewini,-35.04,150.83,2009,6,2,25,1,-35_151,19.915931542714436,18.534469604492188,20.050225972343902,19.980332798428005,NA,NA,0
Dinolestes lewini,-42.56,148.07,2008,3,19,20,2,-43_148,14.094604651133219,16.561429977416992,14.013373462664685,16.37025767910865,NA,NA,0
Dinolestes lewini,-35.12,150.76,2009,6,1,30,3,-35_151,19.915931542714436,18.534469604492188,20.050225972343902,19.980332798428005,2002,Booderee National Park,0
Dinolestes lewini,-35.12,150.76,2009,6,1,25,6,-35_151,19.915931542714436,18.534469604492188,20.050225972343902,19.980332798428005,2002,Booderee National Park,0
Dinolestes lewini,-35.12,150.76,2009,6,1,35,1,-35_151,19.915931542714436,18.534469604492188,20.050225972343902,19.980332798428005,2002,Booderee National Park,0
Dinolestes lewini,-35.12,150.76,2009,6,1,25,4,-35_151,19.915931542714436,18.534469604492188,20.050225972343902,19.980332798428005,2002,Booderee National Park,0
Dinolestes lewini,-43.06,147.33,2008,3,13,30,103,-43_147,13.399687846501669,15.69079303741455,13.7767973197834,15.471548055833386,1991,Tinderbox Marine Reserve,1
Dinolestes lewini,-43.06,147.33,2008,3,13,30,197,-43_147,13.399687846501669,15.69079303741455,13.7767973197834,15.471548055833386,1991,Tinderbox Marine Reserve,1
Dinolestes lewini,-43.06,147.33,2008,3,13,20,126,-43_147,13.399687846501669,15.69079303741455,13.7767973197834,15.471548055833386,1991,Tinderbox Marine Reserve,1
Dinolestes lewini,-43.06,147.33,2008,3,13,20,24,-43_147,13.399687846501669,15.69079303741455,13.7767973197834,15.471548055833386,1991,Tinderbox Marine Reserve,1
Dinolestes lewini,-43.06,147.36,2008,3,12,20,3,-43_147,13.399687846501669,15.69079303741455,13.7767973197834,15.471548055833386,NA,NA,0
Dinolestes lewini,-43.06,147.36,2008,3,12,25,1,-43_147,13.399687846501669,15.69079303741455,13.7767973197834,15.471548055833386,NA,NA,0
Dinolestes lewini,-35.09,150.8,2009,6,3,25,1,-35_151,19.915931542714436,18.534469604492188,20.050225972343902,19.980332798428005,NA,NA,0
Dinolestes lewini,-35.09,150.8,2009,6,3,30,5,-35_151,19.915931542714436,18.534469604492188,20.050225972343902,19.980332798428005,NA,NA,0
Dinolestes lewini,-35.09,150.8,2009,6,3,25,7,-35_151,19.915931542714436,18.534469604492188,20.050225972343902,19.980332798428005,NA,NA,0
Dinolestes lewini,-35.09,150.8,2009,6,3,30,3,-35_151,19.915931542714436,18.534469604492188,20.050225972343902,19.980332798428005,NA,NA,0
Dinolestes lewini,-35.09,150.8,2009,6,3,30,2,-35_151,19.915931542714436,18.534469604492188,20.050225972343902,19.980332798428005,NA,NA,0
Dinolestes lewini,-35.09,150.8,2009,6,3,30,28,-35_151,19.915931542714436,18.534469604492188,20.050225972343902,19.980332798428005,NA,NA,0
Dinolestes lewini,-42.72,148.01,2008,3,28,20,6,-43_148,14.094604651133219,16.561429977416992,14.013373462664685,16.37025767910865,NA,NA,0
Dinolestes lewini,-42.72,148.01,2008,3,28,15,1,-43_148,14.094604651133219,16.561429977416992,14.013373462664685,16.37025767910865,NA,NA,0
Dinolestes lewini,-42.72,148.01,2008,3,28,30,1,-43_148,14.094604651133219,16.561429977416992,14.013373462664685,16.37025767910865,NA,NA,0
Dinolestes lewini,-42.58,148.06,2008,3,19,15,2,-43_148,14.094604651133219,16.561429977416992,14.013373462664685,16.37025767910865,NA,NA,0
Dinolestes lewini,-42.58,148.06,2008,3,19,15,1,-43_148,14.094604651133219,16.561429977416992,14.013373462664685,16.37025767910865,NA,NA,0
Dinolestes lewini,-42.6,148.05,2008,4,14,30,1,-43_148,14.094604651133219,15.289263725280762,14.013373462664685,14.255033019383747,NA,NA,0
Dinolestes lewini,-35.08,150.78,2009,5,26,20,10,-35_151,19.915931542714436,19.976171493530273,20.050225972343902,21.40569834555349,NA,NA,0
Dinolestes lewini,-35.08,150.78,2009,5,26,25,11,-35_151,19.915931542714436,19.976171493530273,20.050225972343902,21.40569834555349,NA,NA,0
Dinolestes lewini,-35.08,150.78,2009,5,26,30,5,-35_151,19.915931542714436,19.976171493530273,20.050225972343902,21.40569834555349,NA,NA,0
Dinolestes lewini,-35.08,150.78,2009,5,26,20,30,-35_151,19.915931542714436,19.976171493530273,20.050225972343902,21.40569834555349,NA,NA,0
Dinolestes lewini,-35.08,150.78,2009,5,26,25,9,-35_151,19.915931542714436,19.976171493530273,20.050225972343902,21.40569834555349,NA,NA,0
Dinolestes lewini,-35.08,150.78,2009,5,26,10,1,-35_151,19.915931542714436,19.976171493530273,20.050225972343902,21.40569834555349,NA,NA,0
Dinolestes lewini,-35.08,150.78,2009,5,26,25,2,-35_151,19.915931542714436,19.976171493530273,20.050225972343902,21.40569834555349,NA,NA,0
Dinolestes lewini,-35.08,150.78,2009,5,26,10,9,-35_151,19.915931542714436,19.976171493530273,20.050225972343902,21.40569834555349,NA,NA,0
Dinolestes lewini,-35.08,150.78,2009,5,26,20,1,-35_151,19.915931542714436,19.976171493530273,20.050225972343902,21.40569834555349,NA,NA,0
Dinolestes lewini,-35.08,150.78,2009,5,26,25,1,-35_151,19.915931542714436,19.976171493530273,20.050225972343902,21.40569834555349,NA,NA,0
Dinolestes lewini,-35.08,150.78,2009,5,26,30,3,-35_151,19.915931542714436,19.976171493530273,20.050225972343902,21.40569834555349,NA,NA,0
Dinolestes lewini,-42.6,148.05,2008,4,14,30,2,-43_148,14.094604651133219,15.289263725280762,14.013373462664685,14.255033019383747,NA,NA,0
Dinolestes lewini,-42.59,148.05,2008,3,27,30,5,-43_148,14.094604651133219,16.561429977416992,14.013373462664685,16.37025767910865,NA,NA,0
Dinolestes lewini,-42.59,148.05,2008,3,27,30,7,-43_148,14.094604651133219,16.561429977416992,14.013373462664685,16.37025767910865,NA,NA,0
Dinolestes lewini,-42.59,148.05,2008,3,20,15,1,-43_148,14.094604651133219,16.561429977416992,14.013373462664685,16.37025767910865,NA,NA,0
Dinolestes lewini,-42.59,148.05,2008,3,20,15,1,-43_148,14.094604651133219,16.561429977416992,14.013373462664685,16.37025767910865,NA,NA,0
Dinolestes lewini,-35.08,150.78,2009,5,26,12.5,1,-35_151,19.915931542714436,19.976171493530273,20.050225972343902,21.40569834555349,NA,NA,0
Dinolestes lewini,-35.08,150.78,2009,5,26,20,6,-35_151,19.915931542714436,19.976171493530273,20.050225972343902,21.40569834555349,NA,NA,0
Dinolestes lewini,-35.08,150.78,2009,5,26,25,1,-35_151,19.915931542714436,19.976171493530273,20.050225972343902,21.40569834555349,NA,NA,0
Dinolestes lewini,-35.08,150.78,2009,5,26,10,1,-35_151,19.915931542714436,19.976171493530273,20.050225972343902,21.40569834555349,NA,NA,0
Dinolestes lewini,-35.08,150.78,2009,5,26,20,16,-35_151,19.915931542714436,19.976171493530273,20.050225972343902,21.40569834555349,NA,NA,0
Dinolestes lewini,-35.08,150.78,2009,5,26,25,5,-35_151,19.915931542714436,19.976171493530273,20.050225972343902,21.40569834555349,NA,NA,0
Dinolestes lewini,-35.08,150.78,2009,5,26,30,2,-35_151,19.915931542714436,19.976171493530273,20.050225972343902,21.40569834555349,NA,NA,0
Dinolestes lewini,-35.08,150.78,2009,5,26,35,1,-35_151,19.915931542714436,19.976171493530273,20.050225972343902,21.40569834555349,NA,NA,0
Dinolestes lewini,-35.15,150.76,2009,6,5,25,2,-35_151,19.915931542714436,18.534469604492188,20.050225972343902,19.980332798428005,NA,NA,0
Dinolestes lewini,-35.15,150.76,2009,6,5,15,1,-35_151,19.915931542714436,18.534469604492188,20.050225972343902,19.980332798428005,NA,NA,0
Dinolestes lewini,-35.15,150.76,2009,6,5,20,1,-35_151,19.915931542714436,18.534469604492188,20.050225972343902,19.980332798428005,NA,NA,0
Dinolestes lewini,-35.15,150.76,2009,6,5,15,3,-35_151,19.915931542714436,18.534469604492188,20.050225972343902,19.980332798428005,NA,NA,0
Dinolestes lewini,-35.15,150.76,2009,6,5,15,1,-35_151,19.915931542714436,18.534469604492188,20.050225972343902,19.980332798428005,NA,NA,0
Dinolestes lewini,-35.02,150.76,2001,5,27,20,1,-35_151,20.306450684865315,19.517976760864254,20.92469391253524,20.341827495123752,2002,Jervis Bay Marine Park,0
Dinolestes lewini,-35.02,150.76,2003,5,3,15,1,-35_151,19.67031701405843,19.886886596679688,20.059936153369872,20.705698526033792,2002,Jervis Bay Marine Park,0
Dinolestes lewini,-35.02,150.76,2004,6,2,25,1,-35_151,19.537256399790447,17.086624145507813,19.870283113122944,18.180110698276096,2002,Jervis Bay Marine Park,0
Dinolestes lewini,-35.02,150.76,2004,6,2,30,1,-35_151,19.537256399790447,17.086624145507813,19.870283113122944,18.180110698276096,2002,Jervis Bay Marine Park,0
Dinolestes lewini,-35.11,150.77,2003,5,5,30,1,-35_151,19.67031701405843,19.886886596679688,20.059936153369872,20.705698526033792,2002,Booderee National Park,0
Dinolestes lewini,-35.11,150.77,2003,5,5,15,43,-35_151,19.67031701405843,19.886886596679688,20.059936153369872,20.705698526033792,2002,Booderee National Park,0
Dinolestes lewini,-35.11,150.77,2003,5,5,20,46,-35_151,19.67031701405843,19.886886596679688,20.059936153369872,20.705698526033792,2002,Booderee National Park,0
Dinolestes lewini,-35.11,150.77,2003,5,5,15,12,-35_151,19.67031701405843,19.886886596679688,20.059936153369872,20.705698526033792,2002,Booderee National Park,0
Dinolestes lewini,-35.11,150.77,2003,5,5,20,29,-35_151,19.67031701405843,19.886886596679688,20.059936153369872,20.705698526033792,2002,Booderee National Park,0
Dinolestes lewini,-35.11,150.77,2004,6,4,20,2,-35_151,19.537256399790447,17.086624145507813,19.870283113122944,18.180110698276096,2002,Booderee National Park,0
Dinolestes lewini,-35.02,150.76,2005,6,3,30,85,-35_151,19.976048469543457,18.323898315429688,20.315228560947887,19.044221750895183,2002,Jervis Bay Marine Park,0
Dinolestes lewini,-35.11,150.77,2004,6,4,25,11,-35_151,19.537256399790447,17.086624145507813,19.870283113122944,18.180110698276096,2002,Booderee National Park,0
Dinolestes lewini,-35.11,150.77,2004,6,4,25,18,-35_151,19.537256399790447,17.086624145507813,19.870283113122944,18.180110698276096,2002,Booderee National Park,0
Dinolestes lewini,-35.11,150.77,2004,6,4,35,1,-35_151,19.537256399790447,17.086624145507813,19.870283113122944,18.180110698276096,2002,Booderee National Park,0
Dinolestes lewini,-35.11,150.77,2005,6,1,35,1,-35_151,19.976048469543457,18.323898315429688,20.315228560947887,19.044221750895183,2002,Booderee National Park,0
Dinolestes lewini,-35.11,150.77,2005,6,1,30,1,-35_151,19.976048469543457,18.323898315429688,20.315228560947887,19.044221750895183,2002,Booderee National Park,0
Dinolestes lewini,-35.11,150.77,2005,6,1,35,1,-35_151,19.976048469543457,18.323898315429688,20.315228560947887,19.044221750895183,2002,Booderee National Park,0
Dinolestes lewini,-35.02,150.76,2005,6,3,30,75,-35_151,19.976048469543457,18.323898315429688,20.315228560947887,19.044221750895183,2002,Jervis Bay Marine Park,0
Dinolestes lewini,-35.11,150.77,2005,6,1,15,1,-35_151,19.976048469543457,18.323898315429688,20.315228560947887,19.044221750895183,2002,Booderee National Park,0
Dinolestes lewini,-35.11,150.77,2005,6,1,30,24,-35_151,19.976048469543457,18.323898315429688,20.315228560947887,19.044221750895183,2002,Booderee National Park,0
Dinolestes lewini,-35.11,150.77,2005,6,1,30,1,-35_151,19.976048469543457,18.323898315429688,20.315228560947887,19.044221750895183,2002,Booderee National Park,0
Dinolestes lewini,-35.11,150.77,2006,5,17,30,1,-35_151,19.914414087931316,19.192729949951172,20.48518301147022,20.09741885687715,2002,Booderee National Park,0
Dinolestes lewini,-35.11,150.77,2006,5,17,30,9,-35_151,19.914414087931316,19.192729949951172,20.48518301147022,20.09741885687715,2002,Booderee National Park,0
Dinolestes lewini,-35.11,150.77,2006,5,17,20,2,-35_151,19.914414087931316,19.192729949951172,20.48518301147022,20.09741885687715,2002,Booderee National Park,0
Dinolestes lewini,-35.11,150.77,2006,5,17,20,1,-35_151,19.914414087931316,19.192729949951172,20.48518301147022,20.09741885687715,2002,Booderee National Park,0
Dinolestes lewini,-35.11,150.77,2006,5,17,20,1,-35_151,19.914414087931316,19.192729949951172,20.48518301147022,20.09741885687715,2002,Booderee National Park,0
Dinolestes lewini,-35.11,150.77,2006,5,17,30,1,-35_151,19.914414087931316,19.192729949951172,20.48518301147022,20.09741885687715,2002,Booderee National Park,0
Dinolestes lewini,-35.11,150.77,2006,5,17,35,1,-35_151,19.914414087931316,19.192729949951172,20.48518301147022,20.09741885687715,2002,Booderee National Park,0
Dinolestes lewini,-35.11,150.77,2006,5,17,35,2,-35_151,19.914414087931316,19.192729949951172,20.48518301147022,20.09741885687715,2002,Booderee National Park,0
Dinolestes lewini,-35.03,150.78,1996,5,17,15,1,-35_151,19.1097510655721,19.555370330810547,19.498065641608722,20.803547869446454,2002,Jervis Bay Marine Park,0
Dinolestes lewini,-35.12,150.75,1996,5,15,15,1,-35_151,19.1097510655721,19.555370330810547,19.498065641608722,20.803547869446454,NA,NA,0
Dinolestes lewini,-35.12,150.75,1996,5,15,20,4,-35_151,19.1097510655721,19.555370330810547,19.498065641608722,20.803547869446454,NA,NA,0
Dinolestes lewini,-35.12,150.75,1996,5,15,25,4,-35_151,19.1097510655721,19.555370330810547,19.498065641608722,20.803547869446454,NA,NA,0
Dinolestes lewini,-35.12,150.75,1996,5,15,15,9,-35_151,19.1097510655721,19.555370330810547,19.498065641608722,20.803547869446454,NA,NA,0
Dinolestes lewini,-35.12,150.75,1996,5,15,20,21,-35_151,19.1097510655721,19.555370330810547,19.498065641608722,20.803547869446454,NA,NA,0
Dinolestes lewini,-35.12,150.75,1996,5,15,10,1,-35_151,19.1097510655721,19.555370330810547,19.498065641608722,20.803547869446454,NA,NA,0
Dinolestes lewini,-35.02,150.76,2006,5,27,15,23,-35_151,19.914414087931316,19.192729949951172,20.48518301147022,20.09741885687715,2002,Jervis Bay Marine Park,0
Dinolestes lewini,-35.02,150.76,2006,5,27,20,47,-35_151,19.914414087931316,19.192729949951172,20.48518301147022,20.09741885687715,2002,Jervis Bay Marine Park,0
Dinolestes lewini,-35.02,150.76,2006,5,27,35,2,-35_151,19.914414087931316,19.192729949951172,20.48518301147022,20.09741885687715,2002,Jervis Bay Marine Park,0
Dinolestes lewini,-35.12,150.75,2001,5,29,30,6,-35_151,20.306450684865315,19.517976760864254,20.92469391253524,20.341827495123752,NA,NA,0
Dinolestes lewini,-35.02,150.76,2006,5,27,15,7,-35_151,19.914414087931316,19.192729949951172,20.48518301147022,20.09741885687715,2002,Jervis Bay Marine Park,0
Dinolestes lewini,-35.02,150.76,2006,5,27,20,3,-35_151,19.914414087931316,19.192729949951172,20.48518301147022,20.09741885687715,2002,Jervis Bay Marine Park,0
Dinolestes lewini,-35.02,150.76,2006,5,27,35,1,-35_151,19.914414087931316,19.192729949951172,20.48518301147022,20.09741885687715,2002,Jervis Bay Marine Park,0
Dinolestes lewini,-35.12,150.75,2003,5,7,35,2,-35_151,19.67031701405843,19.886886596679688,20.059936153369872,20.705698526033792,NA,NA,0
Dinolestes lewini,-35.12,150.75,2003,5,7,15,1,-35_151,19.67031701405843,19.886886596679688,20.059936153369872,20.705698526033792,NA,NA,0
Dinolestes lewini,-35.12,150.75,2003,5,7,15,10,-35_151,19.67031701405843,19.886886596679688,20.059936153369872,20.705698526033792,NA,NA,0
Dinolestes lewini,-35.12,150.75,2003,5,7,20,7,-35_151,19.67031701405843,19.886886596679688,20.059936153369872,20.705698526033792,NA,NA,0
Dinolestes lewini,-35.02,150.76,2006,5,27,25,11,-35_151,19.914414087931316,19.192729949951172,20.48518301147022,20.09741885687715,2002,Jervis Bay Marine Park,0
Dinolestes lewini,-35.02,150.76,2006,5,27,30,1,-35_151,19.914414087931316,19.192729949951172,20.48518301147022,20.09741885687715,2002,Jervis Bay Marine Park,0
Dinolestes lewini,-35.12,150.75,2003,5,7,15,9,-35_151,19.67031701405843,19.886886596679688,20.059936153369872,20.705698526033792,NA,NA,0
Dinolestes lewini,-35.12,150.75,2003,5,7,20,2,-35_151,19.67031701405843,19.886886596679688,20.059936153369872,20.705698526033792,NA,NA,0
Dinolestes lewini,-35.02,150.76,2006,5,27,25,99,-35_151,19.914414087931316,19.192729949951172,20.48518301147022,20.09741885687715,2002,Jervis Bay Marine Park,0
Dinolestes lewini,-35.02,150.76,2006,5,27,30,2,-35_151,19.914414087931316,19.192729949951172,20.48518301147022,20.09741885687715,2002,Jervis Bay Marine Park,0
Dinolestes lewini,-35.02,150.76,2006,5,27,35,1,-35_151,19.914414087931316,19.192729949951172,20.48518301147022,20.09741885687715,2002,Jervis Bay Marine Park,0
Dinolestes lewini,-35.12,150.75,2004,6,3,25,1,-35_151,19.537256399790447,17.086624145507813,19.870283113122944,18.180110698276096,NA,NA,0
Dinolestes lewini,-35.12,150.75,2004,6,3,12.5,1,-35_151,19.537256399790447,17.086624145507813,19.870283113122944,18.180110698276096,NA,NA,0
Dinolestes lewini,-35.12,150.75,2004,6,3,15,1,-35_151,19.537256399790447,17.086624145507813,19.870283113122944,18.180110698276096,NA,NA,0
Dinolestes lewini,-35.12,150.75,2004,6,3,15,2,-35_151,19.537256399790447,17.086624145507813,19.870283113122944,18.180110698276096,NA,NA,0
Dinolestes lewini,-35.12,150.75,2004,6,3,20,1,-35_151,19.537256399790447,17.086624145507813,19.870283113122944,18.180110698276096,NA,NA,0
Dinolestes lewini,-35.12,150.75,2005,5,17,7.5,1,-35_151,19.976048469543457,20.087127685546875,20.315228560947887,19.87042966452978,NA,NA,0
Dinolestes lewini,-35.12,150.75,2005,5,17,20,105,-35_151,19.976048469543457,20.087127685546875,20.315228560947887,19.87042966452978,NA,NA,0
Dinolestes lewini,-35.12,150.75,2005,5,17,20,15,-35_151,19.976048469543457,20.087127685546875,20.315228560947887,19.87042966452978,NA,NA,0
Dinolestes lewini,-35.12,150.75,2005,5,17,25,150,-35_151,19.976048469543457,20.087127685546875,20.315228560947887,19.87042966452978,NA,NA,0
Dinolestes lewini,-35.11,150.77,1996,5,15,15,1,-35_151,19.1097510655721,19.555370330810547,19.498065641608722,20.803547869446454,2002,Booderee National Park,0
Dinolestes lewini,-35.11,150.77,1996,5,15,20,3,-35_151,19.1097510655721,19.555370330810547,19.498065641608722,20.803547869446454,2002,Booderee National Park,0
Dinolestes lewini,-35.11,150.77,1996,5,15,20,1,-35_151,19.1097510655721,19.555370330810547,19.498065641608722,20.803547869446454,2002,Booderee National Park,0
Dinolestes lewini,-35.11,150.77,1996,5,15,75,1,-35_151,19.1097510655721,19.555370330810547,19.498065641608722,20.803547869446454,2002,Booderee National Park,0
Dinolestes lewini,-35.11,150.77,2001,5,30,30,9,-35_151,20.306450684865315,19.517976760864254,20.92469391253524,20.341827495123752,2002,Booderee National Park,0
Dinolestes lewini,-35.11,150.77,2001,5,30,25,2,-35_151,20.306450684865315,19.517976760864254,20.92469391253524,20.341827495123752,2002,Booderee National Park,0
Dinolestes lewini,-35.11,150.77,2001,5,30,30,7,-35_151,20.306450684865315,19.517976760864254,20.92469391253524,20.341827495123752,2002,Booderee National Park,0
Dinolestes lewini,-35.11,150.77,2001,5,30,30,1,-35_151,20.306450684865315,19.517976760864254,20.92469391253524,20.341827495123752,2002,Booderee National Park,0
Dinolestes lewini,-35.11,150.77,2001,5,30,35,5,-35_151,20.306450684865315,19.517976760864254,20.92469391253524,20.341827495123752,2002,Booderee National Park,0
Dinolestes lewini,-35.11,150.77,2001,5,30,25,2,-35_151,20.306450684865315,19.517976760864254,20.92469391253524,20.341827495123752,2002,Booderee National Park,0
Dinolestes lewini,-35.11,150.77,2001,5,30,30,2,-35_151,20.306450684865315,19.517976760864254,20.92469391253524,20.341827495123752,2002,Booderee National Park,0
Dinolestes lewini,-35.11,150.77,2001,5,30,35,2,-35_151,20.306450684865315,19.517976760864254,20.92469391253524,20.341827495123752,2002,Booderee National Park,0
Dinolestes lewini,-35.11,150.77,2001,5,30,40,2,-35_151,20.306450684865315,19.517976760864254,20.92469391253524,20.341827495123752,2002,Booderee National Park,0
Dinolestes lewini,-35.13,150.73,2001,5,29,20,7,-35_151,20.306450684865315,19.517976760864254,20.92469391253524,20.341827495123752,NA,NA,0
Dinolestes lewini,-35.13,150.73,2001,5,29,25,63,-35_151,20.306450684865315,19.517976760864254,20.92469391253524,20.341827495123752,NA,NA,0
Dinolestes lewini,-35.12,150.75,2006,5,17,20,2,-35_151,19.914414087931316,19.192729949951172,20.48518301147022,20.09741885687715,NA,NA,0
Dinolestes lewini,-35.12,150.75,2006,5,17,30,5,-35_151,19.914414087931316,19.192729949951172,20.48518301147022,20.09741885687715,NA,NA,0
Dinolestes lewini,-35.12,150.75,2006,5,17,25,40,-35_151,19.914414087931316,19.192729949951172,20.48518301147022,20.09741885687715,NA,NA,0
Dinolestes lewini,-35.13,150.73,2004,5,27,15,1,-35_151,19.537256399790447,19.329307556152344,19.870283113122944,20.739031760923325,NA,NA,0
Dinolestes lewini,-35.13,150.73,2004,5,27,12.5,1,-35_151,19.537256399790447,19.329307556152344,19.870283113122944,20.739031760923325,NA,NA,0
Dinolestes lewini,-35.13,150.73,2005,5,17,12.5,1,-35_151,19.976048469543457,20.087127685546875,20.315228560947887,19.87042966452978,NA,NA,0
Dinolestes lewini,-35.12,150.76,2001,5,30,30,1,-35_151,20.306450684865315,19.517976760864254,20.92469391253524,20.341827495123752,2002,Booderee National Park,0
Dinolestes lewini,-35.12,150.76,2001,5,30,30,2,-35_151,20.306450684865315,19.517976760864254,20.92469391253524,20.341827495123752,2002,Booderee National Park,0
Dinolestes lewini,-35.12,150.76,2001,5,30,30,8,-35_151,20.306450684865315,19.517976760864254,20.92469391253524,20.341827495123752,2002,Booderee National Park,0
Dinolestes lewini,-35.12,150.76,2001,5,30,40,1,-35_151,20.306450684865315,19.517976760864254,20.92469391253524,20.341827495123752,2002,Booderee National Park,0
Dinolestes lewini,-35.13,150.73,1996,5,23,20,1,-35_151,19.1097510655721,19.555370330810547,19.498065641608722,20.803547869446454,NA,NA,0
Dinolestes lewini,-35.13,150.73,1996,5,23,20,10,-35_151,19.1097510655721,19.555370330810547,19.498065641608722,20.803547869446454,NA,NA,0
Dinolestes lewini,-35.13,150.73,2001,5,29,20,33,-35_151,20.306450684865315,19.517976760864254,20.92469391253524,20.341827495123752,NA,NA,0
Dinolestes lewini,-35.13,150.73,2001,5,29,25,5,-35_151,20.306450684865315,19.517976760864254,20.92469391253524,20.341827495123752,NA,NA,0
Dinolestes lewini,-35.13,150.73,2001,5,29,30,1,-35_151,20.306450684865315,19.517976760864254,20.92469391253524,20.341827495123752,NA,NA,0
Dinolestes lewini,-35.13,150.73,2001,5,29,25,16,-35_151,20.306450684865315,19.517976760864254,20.92469391253524,20.341827495123752,NA,NA,0
Dinolestes lewini,-35.13,150.73,2006,5,30,15,14,-35_151,19.914414087931316,19.192729949951172,20.48518301147022,20.09741885687715,NA,NA,0
Dinolestes lewini,-35.13,150.73,2006,5,30,20,20,-35_151,19.914414087931316,19.192729949951172,20.48518301147022,20.09741885687715,NA,NA,0
Dinolestes lewini,-35.13,150.73,2006,5,30,25,2,-35_151,19.914414087931316,19.192729949951172,20.48518301147022,20.09741885687715,NA,NA,0
Dinolestes lewini,-35.13,150.73,2006,5,30,30,2,-35_151,19.914414087931316,19.192729949951172,20.48518301147022,20.09741885687715,NA,NA,0
Dinolestes lewini,-35.13,150.73,2001,5,29,25,58,-35_151,20.306450684865315,19.517976760864254,20.92469391253524,20.341827495123752,NA,NA,0
Dinolestes lewini,-35.13,150.73,2001,5,29,30,1,-35_151,20.306450684865315,19.517976760864254,20.92469391253524,20.341827495123752,NA,NA,0
Dinolestes lewini,-35.01,150.73,2005,5,25,7.5,2,-35_151,19.976048469543457,20.087127685546875,20.315228560947887,19.87042966452978,NA,NA,0
Dinolestes lewini,-35.01,150.73,2005,5,25,15,1,-35_151,19.976048469543457,20.087127685546875,20.315228560947887,19.87042966452978,NA,NA,0
Dinolestes lewini,-35.13,150.73,2006,5,30,15,6,-35_151,19.914414087931316,19.192729949951172,20.48518301147022,20.09741885687715,NA,NA,0
Dinolestes lewini,-35.13,150.73,2006,5,30,25,18,-35_151,19.914414087931316,19.192729949951172,20.48518301147022,20.09741885687715,NA,NA,0
Dinolestes lewini,-35.04,150.68,2001,6,4,30,1,-35_151,20.306450684865315,18.968673706054688,20.92469391253524,19.70966623094347,2002,Jervis Bay Marine Park,0
Dinolestes lewini,-35.04,150.68,2001,6,4,25,7,-35_151,20.306450684865315,18.968673706054688,20.92469391253524,19.70966623094347,2002,Jervis Bay Marine Park,0
Dinolestes lewini,-35.04,150.68,2001,6,4,30,13,-35_151,20.306450684865315,18.968673706054688,20.92469391253524,19.70966623094347,2002,Jervis Bay Marine Park,0
Dinolestes lewini,-35.04,150.68,2003,5,1,12.5,1,-35_151,19.67031701405843,19.886886596679688,20.059936153369872,20.705698526033792,2002,Jervis Bay Marine Park,0
Dinolestes lewini,-35.04,150.68,2003,5,1,12.5,1,-35_151,19.67031701405843,19.886886596679688,20.059936153369872,20.705698526033792,2002,Jervis Bay Marine Park,0
Dinolestes lewini,-35.04,150.68,2004,5,29,15,1,-35_151,19.537256399790447,19.329307556152344,19.870283113122944,20.739031760923325,2002,Jervis Bay Marine Park,0
Dinolestes lewini,-35.04,150.68,2004,5,29,12.5,1,-35_151,19.537256399790447,19.329307556152344,19.870283113122944,20.739031760923325,2002,Jervis Bay Marine Park,0
Dinolestes lewini,-35.04,150.68,2005,5,25,10,1,-35_151,19.976048469543457,20.087127685546875,20.315228560947887,19.87042966452978,2002,Jervis Bay Marine Park,0
Dinolestes lewini,-35.04,150.68,2001,6,4,30,23,-35_151,20.306450684865315,18.968673706054688,20.92469391253524,19.70966623094347,2002,Jervis Bay Marine Park,0
Dinolestes lewini,-35.04,150.68,2001,6,4,30,2,-35_151,20.306450684865315,18.968673706054688,20.92469391253524,19.70966623094347,2002,Jervis Bay Marine Park,0
Dinolestes lewini,-35.04,150.68,2001,6,4,30,13,-35_151,20.306450684865315,18.968673706054688,20.92469391253524,19.70966623094347,2002,Jervis Bay Marine Park,0
Dinolestes lewini,-35.04,150.68,2001,6,4,30,57,-35_151,20.306450684865315,18.968673706054688,20.92469391253524,19.70966623094347,2002,Jervis Bay Marine Park,0
Dinolestes lewini,-35.04,150.68,2004,5,29,15,1,-35_151,19.537256399790447,19.329307556152344,19.870283113122944,20.739031760923325,2002,Jervis Bay Marine Park,0
Dinolestes lewini,-35.04,150.68,2004,5,29,12.5,1,-35_151,19.537256399790447,19.329307556152344,19.870283113122944,20.739031760923325,2002,Jervis Bay Marine Park,0
Dinolestes lewini,-35.12,150.76,2003,5,6,25,2,-35_151,19.67031701405843,19.886886596679688,20.059936153369872,20.705698526033792,2002,Booderee National Park,0
Dinolestes lewini,-35.12,150.76,2003,5,6,25,1,-35_151,19.67031701405843,19.886886596679688,20.059936153369872,20.705698526033792,2002,Booderee National Park,0
Dinolestes lewini,-35.12,150.76,2005,5,18,30,1,-35_151,19.976048469543457,20.087127685546875,20.315228560947887,19.87042966452978,2002,Booderee National Park,0
Dinolestes lewini,-35.04,150.68,2006,5,27,15,1,-35_151,19.914414087931316,19.192729949951172,20.48518301147022,20.09741885687715,2002,Jervis Bay Marine Park,0
Dinolestes lewini,-35.05,150.84,2001,5,25,30,2,-35_151,20.306450684865315,19.517976760864254,20.92469391253524,20.341827495123752,NA,NA,0
Dinolestes lewini,-35.05,150.84,2001,5,25,30,1,-35_151,20.306450684865315,19.517976760864254,20.92469391253524,20.341827495123752,NA,NA,0
Dinolestes lewini,-35.05,150.84,2001,5,25,30,1,-35_151,20.306450684865315,19.517976760864254,20.92469391253524,20.341827495123752,NA,NA,0
Dinolestes lewini,-35.05,150.84,2003,5,8,30,1,-35_151,19.67031701405843,19.886886596679688,20.059936153369872,20.705698526033792,NA,NA,0
Dinolestes lewini,-35.05,150.84,2003,5,8,35,2,-35_151,19.67031701405843,19.886886596679688,20.059936153369872,20.705698526033792,NA,NA,0
Dinolestes lewini,-35.05,150.84,2004,5,30,30,2,-35_151,19.537256399790447,19.329307556152344,19.870283113122944,20.739031760923325,NA,NA,0
Dinolestes lewini,-35.05,150.84,2004,5,30,35,1,-35_151,19.537256399790447,19.329307556152344,19.870283113122944,20.739031760923325,NA,NA,0
Dinolestes lewini,-35.05,150.84,2004,5,30,30,1,-35_151,19.537256399790447,19.329307556152344,19.870283113122944,20.739031760923325,NA,NA,0
Dinolestes lewini,-35.05,150.84,2005,5,23,35,1,-35_151,19.976048469543457,20.087127685546875,20.315228560947887,19.87042966452978,NA,NA,0
Dinolestes lewini,-35.05,150.84,2005,5,23,35,1,-35_151,19.976048469543457,20.087127685546875,20.315228560947887,19.87042966452978,NA,NA,0
Dinolestes lewini,-35.05,150.84,2006,5,19,35,1,-35_151,19.914414087931316,19.192729949951172,20.48518301147022,20.09741885687715,NA,NA,0
Dinolestes lewini,-35.05,150.84,2006,5,19,35,1,-35_151,19.914414087931316,19.192729949951172,20.48518301147022,20.09741885687715,NA,NA,0
Dinolestes lewini,-35.01,150.72,2004,5,29,12.5,2,-35_151,19.537256399790447,19.329307556152344,19.870283113122944,20.739031760923325,NA,NA,0
Dinolestes lewini,-35.01,150.72,2004,5,29,12.5,1,-35_151,19.537256399790447,19.329307556152344,19.870283113122944,20.739031760923325,NA,NA,0
Dinolestes lewini,-35.01,150.72,2004,5,29,35,1,-35_151,19.537256399790447,19.329307556152344,19.870283113122944,20.739031760923325,NA,NA,0
Dinolestes lewini,-35.01,150.72,2005,5,25,20,1,-35_151,19.976048469543457,20.087127685546875,20.315228560947887,19.87042966452978,NA,NA,0
Dinolestes lewini,-35.01,150.72,2006,6,1,20,3,-35_151,19.914414087931316,18.326250076293945,20.48518301147022,19.248444069756403,NA,NA,0
Dinolestes lewini,-35.01,150.72,2006,6,1,20,7,-35_151,19.914414087931316,18.326250076293945,20.48518301147022,19.248444069756403,NA,NA,0
Dinolestes lewini,-35.01,150.72,2006,6,1,25,1,-35_151,19.914414087931316,18.326250076293945,20.48518301147022,19.248444069756403,NA,NA,0
Dinolestes lewini,-35.07,150.7,2004,5,26,15,1,-35_151,19.537256399790447,19.329307556152344,19.870283113122944,20.739031760923325,NA,NA,0
Dinolestes lewini,-35.07,150.7,2004,5,26,12.5,1,-35_151,19.537256399790447,19.329307556152344,19.870283113122944,20.739031760923325,NA,NA,0
Dinolestes lewini,-35.07,150.7,2005,6,2,25,1,-35_151,19.976048469543457,18.323898315429688,20.315228560947887,19.044221750895183,NA,NA,0
Dinolestes lewini,-35.07,150.7,2006,5,24,20,1,-35_151,19.914414087931316,19.192729949951172,20.48518301147022,20.09741885687715,NA,NA,0
Dinolestes lewini,-35.07,150.7,2006,5,24,30,1,-35_151,19.914414087931316,19.192729949951172,20.48518301147022,20.09741885687715,NA,NA,0
Dinolestes lewini,-35.09,150.8,2003,6,11,15,3,-35_151,19.67031701405843,18.040245056152344,20.059936153369872,19.00377739800347,NA,NA,0
Dinolestes lewini,-35.07,150.7,2006,5,24,30,1,-35_151,19.914414087931316,19.192729949951172,20.48518301147022,20.09741885687715,NA,NA,0
Dinolestes lewini,-35.09,150.8,2004,6,2,25,1,-35_151,19.537256399790447,17.086624145507813,19.870283113122944,18.180110698276096,NA,NA,0
Dinolestes lewini,-35.09,150.8,2004,6,2,35,1,-35_151,19.537256399790447,17.086624145507813,19.870283113122944,18.180110698276096,NA,NA,0
Dinolestes lewini,-35.09,150.8,2004,6,2,30,1,-35_151,19.537256399790447,17.086624145507813,19.870283113122944,18.180110698276096,NA,NA,0
Dinolestes lewini,-35.09,150.8,2005,6,7,25,1,-35_151,19.976048469543457,18.323898315429688,20.315228560947887,19.044221750895183,NA,NA,0
Dinolestes lewini,-35.09,150.8,2005,6,7,25,1,-35_151,19.976048469543457,18.323898315429688,20.315228560947887,19.044221750895183,NA,NA,0
Dinolestes lewini,-35.09,150.8,2005,6,7,20,1,-35_151,19.976048469543457,18.323898315429688,20.315228560947887,19.044221750895183,NA,NA,0
Dinolestes lewini,-35.09,150.8,2005,6,7,30,3,-35_151,19.976048469543457,18.323898315429688,20.315228560947887,19.044221750895183,NA,NA,0
Dinolestes lewini,-35.09,150.8,2005,6,7,25,1,-35_151,19.976048469543457,18.323898315429688,20.315228560947887,19.044221750895183,NA,NA,0
Dinolestes lewini,-35.09,150.8,2005,6,7,30,1,-35_151,19.976048469543457,18.323898315429688,20.315228560947887,19.044221750895183,NA,NA,0
Dinolestes lewini,-35.09,150.8,2005,6,7,25,1,-35_151,19.976048469543457,18.323898315429688,20.315228560947887,19.044221750895183,NA,NA,0
Dinolestes lewini,-35.09,150.8,2006,5,20,25,1,-35_151,19.914414087931316,19.192729949951172,20.48518301147022,20.09741885687715,NA,NA,0
Dinolestes lewini,-35.09,150.8,2006,5,20,30,1,-35_151,19.914414087931316,19.192729949951172,20.48518301147022,20.09741885687715,NA,NA,0
Dinolestes lewini,-35.09,150.8,2006,5,20,35,1,-35_151,19.914414087931316,19.192729949951172,20.48518301147022,20.09741885687715,NA,NA,0
Dinolestes lewini,-35.09,150.8,2006,5,20,30,1,-35_151,19.914414087931316,19.192729949951172,20.48518301147022,20.09741885687715,NA,NA,0
Dinolestes lewini,-35.09,150.8,2006,5,20,30,1,-35_151,19.914414087931316,19.192729949951172,20.48518301147022,20.09741885687715,NA,NA,0
Dinolestes lewini,-35.09,150.8,2006,5,20,35,2,-35_151,19.914414087931316,19.192729949951172,20.48518301147022,20.09741885687715,NA,NA,0
Dinolestes lewini,-35.09,150.8,2006,5,20,35,7,-35_151,19.914414087931316,19.192729949951172,20.48518301147022,20.09741885687715,NA,NA,0
Dinolestes lewini,-35.09,150.8,2003,5,30,15,1,-35_151,19.67031701405843,19.886886596679688,20.059936153369872,20.705698526033792,NA,NA,0
Dinolestes lewini,-35.09,150.8,2003,6,11,25,3,-35_151,19.67031701405843,18.040245056152344,20.059936153369872,19.00377739800347,NA,NA,0
Dinolestes lewini,-35.09,150.8,2003,5,30,10,3,-35_151,19.67031701405843,19.886886596679688,20.059936153369872,20.705698526033792,NA,NA,0
Dinolestes lewini,-35.09,150.8,2003,5,30,20,2,-35_151,19.67031701405843,19.886886596679688,20.059936153369872,20.705698526033792,NA,NA,0
Dinolestes lewini,-35.09,150.8,2003,5,30,25,1,-35_151,19.67031701405843,19.886886596679688,20.059936153369872,20.705698526033792,NA,NA,0
Dinolestes lewini,-35.09,150.8,2003,5,30,10,2,-35_151,19.67031701405843,19.886886596679688,20.059936153369872,20.705698526033792,NA,NA,0
Dinolestes lewini,-35.09,150.8,2003,5,30,30,1,-35_151,19.67031701405843,19.886886596679688,20.059936153369872,20.705698526033792,NA,NA,0
Dinolestes lewini,-35.09,150.8,2003,5,30,15,1,-35_151,19.67031701405843,19.886886596679688,20.059936153369872,20.705698526033792,NA,NA,0
Dinolestes lewini,-35.09,150.8,2003,6,11,10,2,-35_151,19.67031701405843,18.040245056152344,20.059936153369872,19.00377739800347,NA,NA,0
Dinolestes lewini,-35.09,150.8,2003,6,11,25,1,-35_151,19.67031701405843,18.040245056152344,20.059936153369872,19.00377739800347,NA,NA,0
Dinolestes lewini,-35.09,150.8,2004,6,2,30,2,-35_151,19.537256399790447,17.086624145507813,19.870283113122944,18.180110698276096,NA,NA,0
Dinolestes lewini,-35.09,150.8,2004,6,2,25,1,-35_151,19.537256399790447,17.086624145507813,19.870283113122944,18.180110698276096,NA,NA,0
Dinolestes lewini,-35.09,150.8,2004,6,2,30,1,-35_151,19.537256399790447,17.086624145507813,19.870283113122944,18.180110698276096,NA,NA,0
Dinolestes lewini,-35.09,150.8,2004,6,2,35,1,-35_151,19.537256399790447,17.086624145507813,19.870283113122944,18.180110698276096,NA,NA,0
Dinolestes lewini,-35.09,150.8,2005,6,7,25,1,-35_151,19.976048469543457,18.323898315429688,20.315228560947887,19.044221750895183,NA,NA,0
Dinolestes lewini,-35.09,150.8,2003,6,11,10,3,-35_151,19.67031701405843,18.040245056152344,20.059936153369872,19.00377739800347,NA,NA,0
Dinolestes lewini,-35.09,150.8,2005,6,7,20,1,-35_151,19.976048469543457,18.323898315429688,20.315228560947887,19.044221750895183,NA,NA,0
Dinolestes lewini,-35.09,150.8,2005,6,7,15,3,-35_151,19.976048469543457,18.323898315429688,20.315228560947887,19.044221750895183,NA,NA,0
Dinolestes lewini,-35.09,150.8,2003,6,11,15,12,-35_151,19.67031701405843,18.040245056152344,20.059936153369872,19.00377739800347,NA,NA,0
Dinolestes lewini,-35.09,150.8,2003,6,11,35,1,-35_151,19.67031701405843,18.040245056152344,20.059936153369872,19.00377739800347,NA,NA,0
Dinolestes lewini,-35.09,150.8,2006,5,23,25,1,-35_151,19.914414087931316,19.192729949951172,20.48518301147022,20.09741885687715,NA,NA,0
Dinolestes lewini,-35.09,150.8,2006,5,23,30,2,-35_151,19.914414087931316,19.192729949951172,20.48518301147022,20.09741885687715,NA,NA,0
Dinolestes lewini,-35.09,150.8,2006,5,23,35,11,-35_151,19.914414087931316,19.192729949951172,20.48518301147022,20.09741885687715,NA,NA,0
Dinolestes lewini,-35.09,150.8,2006,5,23,40,4,-35_151,19.914414087931316,19.192729949951172,20.48518301147022,20.09741885687715,NA,NA,0
Dinolestes lewini,-35.09,150.8,2006,5,23,30,38,-35_151,19.914414087931316,19.192729949951172,20.48518301147022,20.09741885687715,NA,NA,0
Dinolestes lewini,-35.09,150.8,2006,5,23,35,29,-35_151,19.914414087931316,19.192729949951172,20.48518301147022,20.09741885687715,NA,NA,0
Dinolestes lewini,-35.09,150.8,2006,5,23,40,6,-35_151,19.914414087931316,19.192729949951172,20.48518301147022,20.09741885687715,NA,NA,0
Dinolestes lewini,-35.08,150.78,2003,6,2,25,1,-35_151,19.67031701405843,18.040245056152344,20.059936153369872,19.00377739800347,NA,NA,0
Dinolestes lewini,-35.08,150.78,2003,6,2,25,1,-35_151,19.67031701405843,18.040245056152344,20.059936153369872,19.00377739800347,NA,NA,0
Dinolestes lewini,-35.08,150.78,2003,6,2,20,1,-35_151,19.67031701405843,18.040245056152344,20.059936153369872,19.00377739800347,NA,NA,0
Dinolestes lewini,-35.08,150.78,2003,6,2,30,1,-35_151,19.67031701405843,18.040245056152344,20.059936153369872,19.00377739800347,NA,NA,0
Dinolestes lewini,-35.08,150.78,2004,6,3,25,1,-35_151,19.537256399790447,17.086624145507813,19.870283113122944,18.180110698276096,NA,NA,0
Dinolestes lewini,-35.04,150.83,2001,5,25,35,1,-35_151,20.306450684865315,19.517976760864254,20.92469391253524,20.341827495123752,NA,NA,0
Dinolestes lewini,-35.04,150.83,2004,5,30,20,1,-35_151,19.537256399790447,19.329307556152344,19.870283113122944,20.739031760923325,NA,NA,0
Dinolestes lewini,-35.04,150.83,2004,5,30,30,1,-35_151,19.537256399790447,19.329307556152344,19.870283113122944,20.739031760923325,NA,NA,0
Dinolestes lewini,-35.04,150.83,2004,5,30,20,2,-35_151,19.537256399790447,19.329307556152344,19.870283113122944,20.739031760923325,NA,NA,0
Dinolestes lewini,-35.04,150.83,2004,5,30,20,1,-35_151,19.537256399790447,19.329307556152344,19.870283113122944,20.739031760923325,NA,NA,0
Dinolestes lewini,-35.04,150.83,2004,5,30,25,1,-35_151,19.537256399790447,19.329307556152344,19.870283113122944,20.739031760923325,NA,NA,0
Dinolestes lewini,-35.04,150.83,2005,5,23,25,1,-35_151,19.976048469543457,20.087127685546875,20.315228560947887,19.87042966452978,NA,NA,0
Dinolestes lewini,-35.04,150.83,2005,5,23,30,2,-35_151,19.976048469543457,20.087127685546875,20.315228560947887,19.87042966452978,NA,NA,0
Dinolestes lewini,-35.04,150.83,2005,5,23,25,1,-35_151,19.976048469543457,20.087127685546875,20.315228560947887,19.87042966452978,NA,NA,0
Dinolestes lewini,-35.04,150.83,2005,5,23,25,1,-35_151,19.976048469543457,20.087127685546875,20.315228560947887,19.87042966452978,NA,NA,0
Dinolestes lewini,-35.04,150.83,2006,5,19,25,1,-35_151,19.914414087931316,19.192729949951172,20.48518301147022,20.09741885687715,NA,NA,0
Dinolestes lewini,-35.04,150.83,2006,5,19,25,2,-35_151,19.914414087931316,19.192729949951172,20.48518301147022,20.09741885687715,NA,NA,0
Dinolestes lewini,-35.04,150.83,2006,5,19,30,1,-35_151,19.914414087931316,19.192729949951172,20.48518301147022,20.09741885687715,NA,NA,0
Dinolestes lewini,-35.04,150.83,2006,5,19,20,1,-35_151,19.914414087931316,19.192729949951172,20.48518301147022,20.09741885687715,NA,NA,0
Dinolestes lewini,-35.04,150.83,2006,5,19,25,1,-35_151,19.914414087931316,19.192729949951172,20.48518301147022,20.09741885687715,NA,NA,0
Dinolestes lewini,-35.04,150.83,2006,5,19,30,1,-35_151,19.914414087931316,19.192729949951172,20.48518301147022,20.09741885687715,NA,NA,0
Dinolestes lewini,-35.01,150.72,2001,5,24,30,1,-35_151,20.306450684865315,19.517976760864254,20.92469391253524,20.341827495123752,NA,NA,0
Dinolestes lewini,-35.01,150.72,2001,5,24,35,2,-35_151,20.306450684865315,19.517976760864254,20.92469391253524,20.341827495123752,NA,NA,0
Dinolestes lewini,-35.01,150.72,2001,5,24,35,1,-35_151,20.306450684865315,19.517976760864254,20.92469391253524,20.341827495123752,NA,NA,0
Dinolestes lewini,-35.01,150.72,2003,5,3,12.5,1,-35_151,19.67031701405843,19.886886596679688,20.059936153369872,20.705698526033792,NA,NA,0
Dinolestes lewini,-35.08,150.79,2008,5,15,35,1,-35_151,19.43103837966919,19.03557014465332,19.40620510758396,18.734945789460212,2002,Jervis Bay Marine Park,0
Dinolestes lewini,-35.08,150.79,2008,5,15,20,1,-35_151,19.43103837966919,19.03557014465332,19.40620510758396,18.734945789460212,2002,Jervis Bay Marine Park,0
Dinolestes lewini,-35.08,150.79,2008,5,15,20,2,-35_151,19.43103837966919,19.03557014465332,19.40620510758396,18.734945789460212,2002,Jervis Bay Marine Park,0
Dinolestes lewini,-35.13,150.74,2004,5,28,20,1,-35_151,19.537256399790447,19.329307556152344,19.870283113122944,20.739031760923325,NA,NA,0
Dinolestes lewini,-35.06,150.77,2008,5,23,15,1,-35_151,19.43103837966919,19.03557014465332,19.40620510758396,18.734945789460212,2002,Jervis Bay Marine Park,0
Dinolestes lewini,-35.06,150.77,2008,5,23,30,2,-35_151,19.43103837966919,19.03557014465332,19.40620510758396,18.734945789460212,2002,Jervis Bay Marine Park,0
Dinolestes lewini,-35.06,150.77,2008,5,23,30,1,-35_151,19.43103837966919,19.03557014465332,19.40620510758396,18.734945789460212,2002,Jervis Bay Marine Park,0
Dinolestes lewini,-35.06,150.77,2008,5,23,30,2,-35_151,19.43103837966919,19.03557014465332,19.40620510758396,18.734945789460212,2002,Jervis Bay Marine Park,0
Dinolestes lewini,-35.06,150.77,2008,5,23,30,4,-35_151,19.43103837966919,19.03557014465332,19.40620510758396,18.734945789460212,2002,Jervis Bay Marine Park,0
Dinolestes lewini,-35.06,150.78,2008,5,22,20,1,-35_151,19.43103837966919,19.03557014465332,19.40620510758396,18.734945789460212,NA,NA,0
Dinolestes lewini,-35.08,150.78,2004,6,3,25,1,-35_151,19.537256399790447,17.086624145507813,19.870283113122944,18.180110698276096,NA,NA,0
Dinolestes lewini,-35.08,150.78,2004,6,3,25,1,-35_151,19.537256399790447,17.086624145507813,19.870283113122944,18.180110698276096,NA,NA,0
Dinolestes lewini,-35.08,150.78,2004,6,3,30,1,-35_151,19.537256399790447,17.086624145507813,19.870283113122944,18.180110698276096,NA,NA,0
Dinolestes lewini,-35.14,150.74,2003,5,9,12.5,1,-35_151,19.67031701405843,19.886886596679688,20.059936153369872,20.705698526033792,NA,NA,0
Dinolestes lewini,-35.14,150.74,2003,5,9,12.5,2,-35_151,19.67031701405843,19.886886596679688,20.059936153369872,20.705698526033792,NA,NA,0
Dinolestes lewini,-35.14,150.74,2003,5,9,10,1,-35_151,19.67031701405843,19.886886596679688,20.059936153369872,20.705698526033792,NA,NA,0
Dinolestes lewini,-35.14,150.74,2003,5,9,12.5,6,-35_151,19.67031701405843,19.886886596679688,20.059936153369872,20.705698526033792,NA,NA,0
Dinolestes lewini,-35.14,150.74,2003,5,9,15,2,-35_151,19.67031701405843,19.886886596679688,20.059936153369872,20.705698526033792,NA,NA,0
Dinolestes lewini,-35.14,150.74,2003,5,9,12.5,2,-35_151,19.67031701405843,19.886886596679688,20.059936153369872,20.705698526033792,NA,NA,0
Dinolestes lewini,-35.14,150.74,2003,5,9,12.5,2,-35_151,19.67031701405843,19.886886596679688,20.059936153369872,20.705698526033792,NA,NA,0
Dinolestes lewini,-35.12,150.71,2008,5,21,30,1,-35_151,19.43103837966919,19.03557014465332,19.40620510758396,18.734945789460212,NA,NA,0
Dinolestes lewini,-35.08,150.8,2008,5,14,20,1,-35_151,19.43103837966919,19.03557014465332,19.40620510758396,18.734945789460212,2002,Jervis Bay Marine Park,0
Dinolestes lewini,-35.08,150.8,2008,5,14,20,1,-35_151,19.43103837966919,19.03557014465332,19.40620510758396,18.734945789460212,2002,Jervis Bay Marine Park,0
Dinolestes lewini,-35.08,150.8,2008,5,14,20,1,-35_151,19.43103837966919,19.03557014465332,19.40620510758396,18.734945789460212,2002,Jervis Bay Marine Park,0
Dinolestes lewini,-35.08,150.8,2008,5,14,30,1,-35_151,19.43103837966919,19.03557014465332,19.40620510758396,18.734945789460212,2002,Jervis Bay Marine Park,0
Dinolestes lewini,-35.08,150.79,2008,5,15,20,1,-35_151,19.43103837966919,19.03557014465332,19.40620510758396,18.734945789460212,2002,Jervis Bay Marine Park,0
Dinolestes lewini,-35.08,150.79,2008,5,15,25,1,-35_151,19.43103837966919,19.03557014465332,19.40620510758396,18.734945789460212,2002,Jervis Bay Marine Park,0
Dinolestes lewini,-35.08,150.78,2004,6,3,20,1,-35_151,19.537256399790447,17.086624145507813,19.870283113122944,18.180110698276096,NA,NA,0
Dinolestes lewini,-35.08,150.78,2005,5,23,35,1,-35_151,19.976048469543457,20.087127685546875,20.315228560947887,19.87042966452978,NA,NA,0
Dinolestes lewini,-35.08,150.78,2005,5,23,30,1,-35_151,19.976048469543457,20.087127685546875,20.315228560947887,19.87042966452978,NA,NA,0
Dinolestes lewini,-35.08,150.78,2005,5,23,30,1,-35_151,19.976048469543457,20.087127685546875,20.315228560947887,19.87042966452978,NA,NA,0
Dinolestes lewini,-35.08,150.79,2008,5,15,25,1,-35_151,19.43103837966919,19.03557014465332,19.40620510758396,18.734945789460212,2002,Jervis Bay Marine Park,0
Dinolestes lewini,-35.08,150.78,2008,5,14,20,1,-35_151,19.43103837966919,19.03557014465332,19.40620510758396,18.734945789460212,NA,NA,0
Dinolestes lewini,-35.08,150.78,2008,5,14,30,1,-35_151,19.43103837966919,19.03557014465332,19.40620510758396,18.734945789460212,NA,NA,0
Dinolestes lewini,-35.09,150.69,2008,5,20,30,1,-35_151,19.43103837966919,19.03557014465332,19.40620510758396,18.734945789460212,2002,Jervis Bay Marine Park,0
Dinolestes lewini,-35.12,150.76,2008,5,22,25,3,-35_151,19.43103837966919,19.03557014465332,19.40620510758396,18.734945789460212,2002,Booderee National Park,0
Dinolestes lewini,-35.12,150.76,2008,5,22,30,4,-35_151,19.43103837966919,19.03557014465332,19.40620510758396,18.734945789460212,2002,Booderee National Park,0
Dinolestes lewini,-35.08,150.78,2005,5,23,25,1,-35_151,19.976048469543457,20.087127685546875,20.315228560947887,19.87042966452978,NA,NA,0
Dinolestes lewini,-35.08,150.78,2006,5,18,20,1,-35_151,19.914414087931316,19.192729949951172,20.48518301147022,20.09741885687715,NA,NA,0
Dinolestes lewini,-35.03,150.78,2008,5,12,12.5,1,-35_151,19.43103837966919,19.03557014465332,19.40620510758396,18.734945789460212,2002,Jervis Bay Marine Park,0
Dinolestes lewini,-35.02,150.76,2008,5,16,25,16,-35_151,19.43103837966919,19.03557014465332,19.40620510758396,18.734945789460212,2002,Jervis Bay Marine Park,0
Dinolestes lewini,-35.02,150.76,2008,5,16,25,19,-35_151,19.43103837966919,19.03557014465332,19.40620510758396,18.734945789460212,2002,Jervis Bay Marine Park,0
Dinolestes lewini,-35.02,150.76,2008,5,16,12.5,1,-35_151,19.43103837966919,19.03557014465332,19.40620510758396,18.734945789460212,2002,Jervis Bay Marine Park,0
Dinolestes lewini,-35.02,150.76,2008,5,16,10,1,-35_151,19.43103837966919,19.03557014465332,19.40620510758396,18.734945789460212,2002,Jervis Bay Marine Park,0
Dinolestes lewini,-35.11,150.77,2008,5,22,25,30,-35_151,19.43103837966919,19.03557014465332,19.40620510758396,18.734945789460212,2002,Booderee National Park,0
Dinolestes lewini,-35.11,150.77,2008,5,22,30,1,-35_151,19.43103837966919,19.03557014465332,19.40620510758396,18.734945789460212,2002,Booderee National Park,0
Dinolestes lewini,-35.11,150.77,2008,5,22,35,1,-35_151,19.43103837966919,19.03557014465332,19.40620510758396,18.734945789460212,2002,Booderee National Park,0
Dinolestes lewini,-35.11,150.77,2008,5,22,20,1,-35_151,19.43103837966919,19.03557014465332,19.40620510758396,18.734945789460212,2002,Booderee National Park,0
Dinolestes lewini,-35.11,150.77,2008,5,22,30,21,-35_151,19.43103837966919,19.03557014465332,19.40620510758396,18.734945789460212,2002,Booderee National Park,0
Dinolestes lewini,-35.11,150.77,2008,5,22,30,1,-35_151,19.43103837966919,19.03557014465332,19.40620510758396,18.734945789460212,2002,Booderee National Park,0
Dinolestes lewini,-35.11,150.77,2008,5,22,15,1,-35_151,19.43103837966919,19.03557014465332,19.40620510758396,18.734945789460212,2002,Booderee National Park,0
Dinolestes lewini,-35.11,150.77,2008,5,22,20,1,-35_151,19.43103837966919,19.03557014465332,19.40620510758396,18.734945789460212,2002,Booderee National Park,0
Dinolestes lewini,-35.12,150.76,2008,5,22,25,2,-35_151,19.43103837966919,19.03557014465332,19.40620510758396,18.734945789460212,2002,Booderee National Park,0
Dinolestes lewini,-35.01,150.72,2008,5,12,12.5,1,-35_151,19.43103837966919,19.03557014465332,19.40620510758396,18.734945789460212,NA,NA,0
Dinolestes lewini,-35.01,150.72,2008,5,12,12.5,2,-35_151,19.43103837966919,19.03557014465332,19.40620510758396,18.734945789460212,NA,NA,0
Dinolestes lewini,-35.08,150.78,2006,5,18,15,1,-35_151,19.914414087931316,19.192729949951172,20.48518301147022,20.09741885687715,NA,NA,0
Dinolestes lewini,-35.08,150.78,2006,5,18,20,2,-35_151,19.914414087931316,19.192729949951172,20.48518301147022,20.09741885687715,NA,NA,0
Dinolestes lewini,-35.08,150.78,2006,5,18,25,1,-35_151,19.914414087931316,19.192729949951172,20.48518301147022,20.09741885687715,NA,NA,0
Dinolestes lewini,-35.12,150.76,2008,5,22,20,1,-35_151,19.43103837966919,19.03557014465332,19.40620510758396,18.734945789460212,2002,Booderee National Park,0
Dinolestes lewini,-35.09,150.8,2008,5,16,15,1,-35_151,19.43103837966919,19.03557014465332,19.40620510758396,18.734945789460212,NA,NA,0
Dinolestes lewini,-35.09,150.8,2008,5,16,20,1,-35_151,19.43103837966919,19.03557014465332,19.40620510758396,18.734945789460212,NA,NA,0
Dinolestes lewini,-35.09,150.8,2008,5,16,25,2,-35_151,19.43103837966919,19.03557014465332,19.40620510758396,18.734945789460212,NA,NA,0
Dinolestes lewini,-35.09,150.8,2008,5,16,30,1,-35_151,19.43103837966919,19.03557014465332,19.40620510758396,18.734945789460212,NA,NA,0
Dinolestes lewini,-35.09,150.8,2008,5,16,25,1,-35_151,19.43103837966919,19.03557014465332,19.40620510758396,18.734945789460212,NA,NA,0
Dinolestes lewini,-35.09,150.8,2008,5,16,30,1,-35_151,19.43103837966919,19.03557014465332,19.40620510758396,18.734945789460212,NA,NA,0
Dinolestes lewini,-35.09,150.8,2008,5,16,20,2,-35_151,19.43103837966919,19.03557014465332,19.40620510758396,18.734945789460212,NA,NA,0
Dinolestes lewini,-35.09,150.8,2008,5,16,20,1,-35_151,19.43103837966919,19.03557014465332,19.40620510758396,18.734945789460212,NA,NA,0
Dinolestes lewini,-35.09,150.8,2008,5,16,25,2,-35_151,19.43103837966919,19.03557014465332,19.40620510758396,18.734945789460212,NA,NA,0
Dinolestes lewini,-35.09,150.8,2008,5,16,20,1,-35_151,19.43103837966919,19.03557014465332,19.40620510758396,18.734945789460212,NA,NA,0
Dinolestes lewini,-35.09,150.8,2008,5,16,25,1,-35_151,19.43103837966919,19.03557014465332,19.40620510758396,18.734945789460212,NA,NA,0
Dinolestes lewini,-35.08,150.78,2008,5,13,20,1,-35_151,19.43103837966919,19.03557014465332,19.40620510758396,18.734945789460212,NA,NA,0
Dinolestes lewini,-35.08,150.78,2008,5,13,25,1,-35_151,19.43103837966919,19.03557014465332,19.40620510758396,18.734945789460212,NA,NA,0
Dinolestes lewini,-35.08,150.78,2008,5,13,15,2,-35_151,19.43103837966919,19.03557014465332,19.40620510758396,18.734945789460212,NA,NA,0
Dinolestes lewini,-35.08,150.78,2008,5,13,20,4,-35_151,19.43103837966919,19.03557014465332,19.40620510758396,18.734945789460212,NA,NA,0
Dinolestes lewini,-35.08,150.78,2008,5,13,25,1,-35_151,19.43103837966919,19.03557014465332,19.40620510758396,18.734945789460212,NA,NA,0
Dinolestes lewini,-35.08,150.78,2008,5,13,20,3,-35_151,19.43103837966919,19.03557014465332,19.40620510758396,18.734945789460212,NA,NA,0
Dinolestes lewini,-35.08,150.78,2008,5,13,20,3,-35_151,19.43103837966919,19.03557014465332,19.40620510758396,18.734945789460212,NA,NA,0
Dinolestes lewini,-35.08,150.78,2008,5,13,25,1,-35_151,19.43103837966919,19.03557014465332,19.40620510758396,18.734945789460212,NA,NA,0
Dinolestes lewini,-35.08,150.78,2008,5,13,30,1,-35_151,19.43103837966919,19.03557014465332,19.40620510758396,18.734945789460212,NA,NA,0
Dinolestes lewini,-35.08,150.78,2008,5,13,30,5,-35_151,19.43103837966919,19.03557014465332,19.40620510758396,18.734945789460212,NA,NA,0
Dinolestes lewini,-35.12,150.75,2008,5,21,20,10,-35_151,19.43103837966919,19.03557014465332,19.40620510758396,18.734945789460212,NA,NA,0
Dinolestes lewini,-35.12,150.75,2008,5,21,30,2,-35_151,19.43103837966919,19.03557014465332,19.40620510758396,18.734945789460212,NA,NA,0
Dinolestes lewini,-35.12,150.75,2008,5,21,35,2,-35_151,19.43103837966919,19.03557014465332,19.40620510758396,18.734945789460212,NA,NA,0
Dinolestes lewini,-35.12,150.75,2008,5,21,20,15,-35_151,19.43103837966919,19.03557014465332,19.40620510758396,18.734945789460212,NA,NA,0
Dinolestes lewini,-35.12,150.75,2008,5,21,30,1,-35_151,19.43103837966919,19.03557014465332,19.40620510758396,18.734945789460212,NA,NA,0
Dinolestes lewini,-35.12,150.75,2008,5,21,35,1,-35_151,19.43103837966919,19.03557014465332,19.40620510758396,18.734945789460212,NA,NA,0
Dinolestes lewini,-35.12,150.75,2008,5,21,25,1,-35_151,19.43103837966919,19.03557014465332,19.40620510758396,18.734945789460212,NA,NA,0
Dinolestes lewini,-35.12,150.75,2008,5,21,35,1,-35_151,19.43103837966919,19.03557014465332,19.40620510758396,18.734945789460212,NA,NA,0
Dinolestes lewini,-35.01,150.73,2008,5,12,15,1,-35_151,19.43103837966919,19.03557014465332,19.40620510758396,18.734945789460212,NA,NA,0
Dinolestes lewini,-35.04,150.68,2008,5,19,30,1,-35_151,19.43103837966919,19.03557014465332,19.40620510758396,18.734945789460212,2002,Jervis Bay Marine Park,0
Dinolestes lewini,-35.04,150.68,2008,5,19,15,2,-35_151,19.43103837966919,19.03557014465332,19.40620510758396,18.734945789460212,2002,Jervis Bay Marine Park,0
Dinolestes lewini,-35.04,150.68,2008,5,19,15,6,-35_151,19.43103837966919,19.03557014465332,19.40620510758396,18.734945789460212,2002,Jervis Bay Marine Park,0
Dinolestes lewini,-35.05,150.84,2008,5,13,25,1,-35_151,19.43103837966919,19.03557014465332,19.40620510758396,18.734945789460212,NA,NA,0
Dinolestes lewini,-35.05,150.84,2008,5,13,30,1,-35_151,19.43103837966919,19.03557014465332,19.40620510758396,18.734945789460212,NA,NA,0
Dinolestes lewini,-35.05,150.84,2008,5,13,30,1,-35_151,19.43103837966919,19.03557014465332,19.40620510758396,18.734945789460212,NA,NA,0
Dinolestes lewini,-35.05,150.84,2008,5,13,35,1,-35_151,19.43103837966919,19.03557014465332,19.40620510758396,18.734945789460212,NA,NA,0
Dinolestes lewini,-35.05,150.84,2008,5,13,25,1,-35_151,19.43103837966919,19.03557014465332,19.40620510758396,18.734945789460212,NA,NA,0
Dinolestes lewini,-42.59,148.12,2006,4,4,25,1,-43_148,13.901703119277954,15.115535736083984,13.779609030258088,14.776366341908773,NA,NA,0
Dinolestes lewini,-42.58,148.11,2006,4,4,20,1,-43_148,13.901703119277954,15.115535736083984,13.779609030258088,14.776366341908773,NA,NA,0
Dinolestes lewini,-42.58,148.11,2006,4,4,25,1,-43_148,13.901703119277954,15.115535736083984,13.779609030258088,14.776366341908773,NA,NA,0
Dinolestes lewini,-43.15,147.28,2006,3,23,20,3,-43_147,13.196334520975748,15.59229850769043,13.442483670993518,15.672773890341482,NA,NA,0
Dinolestes lewini,-43.15,147.28,2006,3,23,15,1,-43_147,13.196334520975748,15.59229850769043,13.442483670993518,15.672773890341482,NA,NA,0
Dinolestes lewini,-43.15,147.28,2006,3,23,20,3,-43_147,13.196334520975748,15.59229850769043,13.442483670993518,15.672773890341482,NA,NA,0
Dinolestes lewini,-43.15,147.28,2006,3,23,15,1,-43_147,13.196334520975748,15.59229850769043,13.442483670993518,15.672773890341482,NA,NA,0
Dinolestes lewini,-43.15,147.28,2006,3,23,20,5,-43_147,13.196334520975748,15.59229850769043,13.442483670993518,15.672773890341482,NA,NA,0
Dinolestes lewini,-43.15,147.28,2006,3,23,7.5,3,-43_147,13.196334520975748,15.59229850769043,13.442483670993518,15.672773890341482,NA,NA,0
Dinolestes lewini,-43.15,147.28,2006,3,23,10,12,-43_147,13.196334520975748,15.59229850769043,13.442483670993518,15.672773890341482,NA,NA,0
Dinolestes lewini,-43.15,147.28,2006,3,23,12.5,5,-43_147,13.196334520975748,15.59229850769043,13.442483670993518,15.672773890341482,NA,NA,0
Dinolestes lewini,-43.15,147.28,2006,3,23,15,2,-43_147,13.196334520975748,15.59229850769043,13.442483670993518,15.672773890341482,NA,NA,0
Dinolestes lewini,-43.15,147.28,2006,3,23,20,2,-43_147,13.196334520975748,15.59229850769043,13.442483670993518,15.672773890341482,NA,NA,0
Dinolestes lewini,-43.15,147.28,2006,3,23,10,2,-43_147,13.196334520975748,15.59229850769043,13.442483670993518,15.672773890341482,NA,NA,0
Dinolestes lewini,-43.15,147.28,2006,3,23,12.5,2,-43_147,13.196334520975748,15.59229850769043,13.442483670993518,15.672773890341482,NA,NA,0
Dinolestes lewini,-43.15,147.28,2006,3,23,15,6,-43_147,13.196334520975748,15.59229850769043,13.442483670993518,15.672773890341482,NA,NA,0
Dinolestes lewini,-43.15,147.28,2006,3,23,20,1,-43_147,13.196334520975748,15.59229850769043,13.442483670993518,15.672773890341482,NA,NA,0
Dinolestes lewini,-43.15,147.28,2006,3,23,7.5,166,-43_147,13.196334520975748,15.59229850769043,13.442483670993518,15.672773890341482,NA,NA,0
Dinolestes lewini,-43.15,147.28,2006,3,23,10,113,-43_147,13.196334520975748,15.59229850769043,13.442483670993518,15.672773890341482,NA,NA,0
Dinolestes lewini,-43.15,147.28,2006,3,23,12.5,10,-43_147,13.196334520975748,15.59229850769043,13.442483670993518,15.672773890341482,NA,NA,0
Dinolestes lewini,-43.15,147.28,2006,3,23,7.5,34,-43_147,13.196334520975748,15.59229850769043,13.442483670993518,15.672773890341482,NA,NA,0
Dinolestes lewini,-43.15,147.28,2006,3,23,10,68,-43_147,13.196334520975748,15.59229850769043,13.442483670993518,15.672773890341482,NA,NA,0
Dinolestes lewini,-43.15,147.28,2006,3,23,12.5,3,-43_147,13.196334520975748,15.59229850769043,13.442483670993518,15.672773890341482,NA,NA,0
Dinolestes lewini,-43.29,147.18,2006,3,21,25,6,-43_147,13.196334520975748,15.59229850769043,13.442483670993518,15.672773890341482,NA,NA,0
Dinolestes lewini,-43.29,147.18,2006,3,21,30,12,-43_147,13.196334520975748,15.59229850769043,13.442483670993518,15.672773890341482,NA,NA,0
Dinolestes lewini,-43.29,147.18,2006,3,21,35,9,-43_147,13.196334520975748,15.59229850769043,13.442483670993518,15.672773890341482,NA,NA,0
Dinolestes lewini,-43.29,147.18,2006,3,21,25,2,-43_147,13.196334520975748,15.59229850769043,13.442483670993518,15.672773890341482,NA,NA,0
Dinolestes lewini,-43.29,147.18,2006,3,21,30,8,-43_147,13.196334520975748,15.59229850769043,13.442483670993518,15.672773890341482,NA,NA,0
Dinolestes lewini,-43.29,147.18,2006,3,21,25,1,-43_147,13.196334520975748,15.59229850769043,13.442483670993518,15.672773890341482,NA,NA,0
Dinolestes lewini,-43.33,147.17,2006,3,22,30,1,-43_147,13.196334520975748,15.59229850769043,13.442483670993518,15.672773890341482,NA,NA,0
Dinolestes lewini,-43.35,147.18,2006,3,22,20,1,-43_147,13.196334520975748,15.59229850769043,13.442483670993518,15.672773890341482,NA,NA,0
Dinolestes lewini,-43.35,147.18,2006,3,22,25,1,-43_147,13.196334520975748,15.59229850769043,13.442483670993518,15.672773890341482,NA,NA,0
Dinolestes lewini,-43.35,147.18,2006,3,22,20,1,-43_147,13.196334520975748,15.59229850769043,13.442483670993518,15.672773890341482,NA,NA,0
Dinolestes lewini,-43.35,147.18,2006,3,22,25,1,-43_147,13.196334520975748,15.59229850769043,13.442483670993518,15.672773890341482,NA,NA,0
Dinolestes lewini,-43.19,147.29,2006,3,23,15,4,-43_147,13.196334520975748,15.59229850769043,13.442483670993518,15.672773890341482,NA,NA,0
Dinolestes lewini,-41.93,148.32,2006,12,7,10,1,-42_148,14.71380845705668,15.769379615783691,14.347276090322287,15.208279235388645,NA,NA,0
Dinolestes lewini,-42.08,148.33,2006,12,7,10,1,-42_148,14.71380845705668,15.769379615783691,14.347276090322287,15.208279235388645,NA,NA,0
Dinolestes lewini,-41.9,148.31,2006,11,7,12.5,15,-42_148,14.71380845705668,14.278818130493164,14.347276090322287,13.989944129519992,NA,NA,0
Dinolestes lewini,-41.9,148.31,2006,11,7,12.5,20,-42_148,14.71380845705668,14.278818130493164,14.347276090322287,13.989944129519992,NA,NA,0
Dinolestes lewini,-41.9,148.31,2006,11,7,15,1,-42_148,14.71380845705668,14.278818130493164,14.347276090322287,13.989944129519992,NA,NA,0
Dinolestes lewini,-41.9,148.31,2006,11,7,12.5,1,-42_148,14.71380845705668,14.278818130493164,14.347276090322287,13.989944129519992,NA,NA,0
Dinolestes lewini,-41.9,148.31,2006,11,7,15,1,-42_148,14.71380845705668,14.278818130493164,14.347276090322287,13.989944129519992,NA,NA,0
Dinolestes lewini,-43.06,147.95,2006,5,4,10,6,-43_148,13.901703119277954,13.186416625976564,13.779609030258088,13.242644854514827,NA,NA,0
Dinolestes lewini,-43.06,147.95,2006,5,4,12.5,1,-43_148,13.901703119277954,13.186416625976564,13.779609030258088,13.242644854514827,NA,NA,0
Dinolestes lewini,-43.15,147.87,2006,3,28,12.5,1,-43_148,13.901703119277954,16.461002349853516,13.779609030258088,16.61254803134549,NA,NA,0
Dinolestes lewini,-42.97,147.99,2006,4,20,15,1,-43_148,13.901703119277954,15.115535736083984,13.779609030258088,14.776366341908773,NA,NA,0
Dinolestes lewini,-43.15,147.87,2006,3,28,12.5,2,-43_148,13.901703119277954,16.461002349853516,13.779609030258088,16.61254803134549,NA,NA,0
Dinolestes lewini,-43.15,147.87,2006,3,28,10,1,-43_148,13.901703119277954,16.461002349853516,13.779609030258088,16.61254803134549,NA,NA,0
Dinolestes lewini,-43.06,147.95,2006,5,4,20,1,-43_148,13.901703119277954,13.186416625976564,13.779609030258088,13.242644854514827,NA,NA,0
Dinolestes lewini,-43.06,147.95,2006,5,4,12.5,1,-43_148,13.901703119277954,13.186416625976564,13.779609030258088,13.242644854514827,NA,NA,0
Dinolestes lewini,-43.06,147.95,2006,5,4,7.5,1,-43_148,13.901703119277954,13.186416625976564,13.779609030258088,13.242644854514827,NA,NA,0
Dinolestes lewini,-43.06,147.95,2006,5,4,10,1,-43_148,13.901703119277954,13.186416625976564,13.779609030258088,13.242644854514827,NA,NA,0
Dinolestes lewini,-43.06,147.95,2006,5,4,10,2,-43_148,13.901703119277954,13.186416625976564,13.779609030258088,13.242644854514827,NA,NA,0
Dinolestes lewini,-43.13,147.96,2006,4,21,12.5,6,-43_148,13.901703119277954,15.115535736083984,13.779609030258088,14.776366341908773,NA,NA,0
Dinolestes lewini,-43.13,147.96,2006,4,21,15,2,-43_148,13.901703119277954,15.115535736083984,13.779609030258088,14.776366341908773,NA,NA,0
Dinolestes lewini,-43.13,147.96,2006,4,21,20,1,-43_148,13.901703119277954,15.115535736083984,13.779609030258088,14.776366341908773,NA,NA,0
Dinolestes lewini,-43.13,147.96,2006,4,21,12.5,1,-43_148,13.901703119277954,15.115535736083984,13.779609030258088,14.776366341908773,NA,NA,0
Dinolestes lewini,-43.14,147.87,2006,3,28,7.5,1,-43_148,13.901703119277954,16.461002349853516,13.779609030258088,16.61254803134549,NA,NA,0
Dinolestes lewini,-43.14,147.87,2006,3,28,12.5,3,-43_148,13.901703119277954,16.461002349853516,13.779609030258088,16.61254803134549,NA,NA,0
Dinolestes lewini,-43.14,147.87,2006,3,28,10,2,-43_148,13.901703119277954,16.461002349853516,13.779609030258088,16.61254803134549,NA,NA,0
Dinolestes lewini,-43.14,147.87,2006,3,28,12.5,2,-43_148,13.901703119277954,16.461002349853516,13.779609030258088,16.61254803134549,NA,NA,0
Dinolestes lewini,-43.14,147.87,2006,3,28,20,1,-43_148,13.901703119277954,16.461002349853516,13.779609030258088,16.61254803134549,NA,NA,0
Dinolestes lewini,-43.14,147.87,2006,3,28,7.5,2,-43_148,13.901703119277954,16.461002349853516,13.779609030258088,16.61254803134549,NA,NA,0
Dinolestes lewini,-43.14,147.87,2006,3,28,10,1,-43_148,13.901703119277954,16.461002349853516,13.779609030258088,16.61254803134549,NA,NA,0
Dinolestes lewini,-43.14,147.87,2006,3,28,20,1,-43_148,13.901703119277954,16.461002349853516,13.779609030258088,16.61254803134549,NA,NA,0
Dinolestes lewini,-42.96,147.99,2006,12,18,15,8,-43_148,13.901703119277954,14.55721378326416,13.779609030258088,13.952709348740116,NA,NA,0
Dinolestes lewini,-42.96,147.99,2006,12,18,15,7,-43_148,13.901703119277954,14.55721378326416,13.779609030258088,13.952709348740116,NA,NA,0
Dinolestes lewini,-43.13,147.4,2007,1,5,12.5,63,-43_147,13.403386116027832,14.720240592956545,14.1253640280622,14.369935140302104,NA,NA,0
Dinolestes lewini,-43.13,147.4,2007,1,5,12.5,57,-43_147,13.403386116027832,14.720240592956545,14.1253640280622,14.369935140302104,NA,NA,0
Dinolestes lewini,-42.6,148.05,2007,3,21,20,1,-43_148,14.082045634587606,16.530881881713867,14.782759136327767,17.181160859138735,NA,NA,0
Dinolestes lewini,-42.6,148.05,2007,3,21,20,1,-43_148,14.082045634587606,16.530881881713867,14.782759136327767,17.181160859138735,NA,NA,0
Dinolestes lewini,-43.29,147.14,2007,3,28,20,73,-43_147,13.403386116027832,15.690143585205078,14.1253640280622,15.922322242490708,NA,NA,0
Dinolestes lewini,-43.29,147.14,2007,3,28,25,9,-43_147,13.403386116027832,15.690143585205078,14.1253640280622,15.922322242490708,NA,NA,0
Dinolestes lewini,-43.29,147.14,2007,3,28,20,17,-43_147,13.403386116027832,15.690143585205078,14.1253640280622,15.922322242490708,NA,NA,0
Dinolestes lewini,-43.29,147.14,2007,3,28,25,1,-43_147,13.403386116027832,15.690143585205078,14.1253640280622,15.922322242490708,NA,NA,0
Dinolestes lewini,-43.29,147.14,2007,3,28,20,4,-43_147,13.403386116027832,15.690143585205078,14.1253640280622,15.922322242490708,NA,NA,0
Dinolestes lewini,-43.29,147.14,2007,3,28,20,36,-43_147,13.403386116027832,15.690143585205078,14.1253640280622,15.922322242490708,NA,NA,0
Dinolestes lewini,-38.68,145.66,1999,6,8,12.5,1,-39_146,15.812630414962769,14.898941040039064,15.585643155383407,14.367147834212693,2002,Bunurong Marine National Park,0
Dinolestes lewini,-38.68,145.66,1999,6,8,12.5,4,-39_146,15.812630414962769,14.898941040039064,15.585643155383407,14.367147834212693,2002,Bunurong Marine National Park,0
Dinolestes lewini,-38.68,145.66,1999,6,8,25,4,-39_146,15.812630414962769,14.898941040039064,15.585643155383407,14.367147834212693,2002,Bunurong Marine National Park,0
Dinolestes lewini,-38.68,145.66,1999,6,8,25,1,-39_146,15.812630414962769,14.898941040039064,15.585643155383407,14.367147834212693,2002,Bunurong Marine National Park,0
Dinolestes lewini,-42.56,148.07,2007,3,20,35,1,-43_148,14.082045634587606,16.530881881713867,14.782759136327767,17.181160859138735,NA,NA,0
Dinolestes lewini,-42.56,148.07,2007,3,20,30,1,-43_148,14.082045634587606,16.530881881713867,14.782759136327767,17.181160859138735,NA,NA,0
Dinolestes lewini,-42.56,148.07,2007,3,20,20,1,-43_148,14.082045634587606,16.530881881713867,14.782759136327767,17.181160859138735,NA,NA,0
Dinolestes lewini,-42.56,148.07,2007,3,20,25,1,-43_148,14.082045634587606,16.530881881713867,14.782759136327767,17.181160859138735,NA,NA,0
Dinolestes lewini,-42.56,148.07,2007,3,20,30,1,-43_148,14.082045634587606,16.530881881713867,14.782759136327767,17.181160859138735,NA,NA,0
Dinolestes lewini,-42.56,148.07,2007,3,20,25,1,-43_148,14.082045634587606,16.530881881713867,14.782759136327767,17.181160859138735,NA,NA,0
Dinolestes lewini,-42.66,148.01,2007,3,19,25,1,-43_148,14.082045634587606,16.530881881713867,14.782759136327767,17.181160859138735,NA,NA,0
Dinolestes lewini,-42.66,148.01,2007,3,19,25,2,-43_148,14.082045634587606,16.530881881713867,14.782759136327767,17.181160859138735,NA,NA,0
Dinolestes lewini,-42.66,148.01,2007,3,19,20,1,-43_148,14.082045634587606,16.530881881713867,14.782759136327767,17.181160859138735,NA,NA,0
Dinolestes lewini,-42.72,148.01,2007,3,19,15,1,-43_148,14.082045634587606,16.530881881713867,14.782759136327767,17.181160859138735,NA,NA,0
Dinolestes lewini,-42.72,148.01,2007,3,19,15,2,-43_148,14.082045634587606,16.530881881713867,14.782759136327767,17.181160859138735,NA,NA,0
Dinolestes lewini,-42.72,148.01,2007,3,19,20,2,-43_148,14.082045634587606,16.530881881713867,14.782759136327767,17.181160859138735,NA,NA,0
Dinolestes lewini,-42.72,148.01,2007,3,19,15,1,-43_148,14.082045634587606,16.530881881713867,14.782759136327767,17.181160859138735,NA,NA,0
Dinolestes lewini,-42.72,148.01,2007,3,19,15,2,-43_148,14.082045634587606,16.530881881713867,14.782759136327767,17.181160859138735,NA,NA,0
Dinolestes lewini,-42.72,148.01,2007,3,19,20,1,-43_148,14.082045634587606,16.530881881713867,14.782759136327767,17.181160859138735,NA,NA,0
Dinolestes lewini,-42.72,148.01,2007,3,19,25,2,-43_148,14.082045634587606,16.530881881713867,14.782759136327767,17.181160859138735,NA,NA,0
Dinolestes lewini,-42.72,148.01,2007,3,19,15,3,-43_148,14.082045634587606,16.530881881713867,14.782759136327767,17.181160859138735,NA,NA,0
Dinolestes lewini,-42.72,148.01,2007,3,19,20,4,-43_148,14.082045634587606,16.530881881713867,14.782759136327767,17.181160859138735,NA,NA,0
Dinolestes lewini,-42.72,148.01,2007,3,19,25,6,-43_148,14.082045634587606,16.530881881713867,14.782759136327767,17.181160859138735,NA,NA,0
Dinolestes lewini,-42.58,148.06,2007,3,19,25,1,-43_148,14.082045634587606,16.530881881713867,14.782759136327767,17.181160859138735,NA,NA,0
Dinolestes lewini,-42.58,148.06,2007,3,19,25,7,-43_148,14.082045634587606,16.530881881713867,14.782759136327767,17.181160859138735,NA,NA,0
Dinolestes lewini,-42.58,148.06,2007,3,19,15,5,-43_148,14.082045634587606,16.530881881713867,14.782759136327767,17.181160859138735,NA,NA,0
Dinolestes lewini,-42.58,148.06,2007,3,19,20,1,-43_148,14.082045634587606,16.530881881713867,14.782759136327767,17.181160859138735,NA,NA,0
Dinolestes lewini,-42.6,148.05,2007,3,21,20,2,-43_148,14.082045634587606,16.530881881713867,14.782759136327767,17.181160859138735,NA,NA,0
Dinolestes lewini,-42.56,148.07,2004,3,22,35,1,-43_148,13.710798501968384,15.661454200744627,13.586922711243426,15.862612487423805,NA,NA,0
Dinolestes lewini,-42.56,148.07,2004,3,22,20,2,-43_148,13.710798501968384,15.661454200744627,13.586922711243426,15.862612487423805,NA,NA,0
Dinolestes lewini,-42.56,148.07,2004,3,22,20,1,-43_148,13.710798501968384,15.661454200744627,13.586922711243426,15.862612487423805,NA,NA,0
Dinolestes lewini,-42.56,148.07,2005,2,21,25,1,-43_148,13.880071004231771,16.055068969726563,14.072768087020851,15.739713941301618,NA,NA,0
Dinolestes lewini,-42.56,148.07,2006,3,9,20,1,-43_148,13.901703119277954,16.461002349853516,13.779609030258088,16.61254803134549,NA,NA,0
Dinolestes lewini,-42.56,148.07,2006,3,9,30,2,-43_148,13.901703119277954,16.461002349853516,13.779609030258088,16.61254803134549,NA,NA,0
Dinolestes lewini,-42.66,148.01,2006,3,15,20,1,-43_148,13.901703119277954,16.461002349853516,13.779609030258088,16.61254803134549,NA,NA,0
Dinolestes lewini,-42.66,148.01,2006,3,15,15,3,-43_148,13.901703119277954,16.461002349853516,13.779609030258088,16.61254803134549,NA,NA,0
Dinolestes lewini,-42.72,148.01,2004,4,28,25,1,-43_148,13.710798501968384,15.305599212646484,13.586922711243426,14.67349967956543,NA,NA,0
Dinolestes lewini,-42.72,148.01,2004,4,28,12.5,1,-43_148,13.710798501968384,15.305599212646484,13.586922711243426,14.67349967956543,NA,NA,0
Dinolestes lewini,-42.72,148.01,2004,4,28,15,1,-43_148,13.710798501968384,15.305599212646484,13.586922711243426,14.67349967956543,NA,NA,0
Dinolestes lewini,-42.72,148.01,2004,4,28,15,2,-43_148,13.710798501968384,15.305599212646484,13.586922711243426,14.67349967956543,NA,NA,0
Dinolestes lewini,-42.72,148.01,2005,2,24,10,1,-43_148,13.880071004231771,16.055068969726563,14.072768087020851,15.739713941301618,NA,NA,0
Dinolestes lewini,-42.72,148.01,2005,2,24,20,5,-43_148,13.880071004231771,16.055068969726563,14.072768087020851,15.739713941301618,NA,NA,0
Dinolestes lewini,-42.72,148.01,2005,2,24,20,2,-43_148,13.880071004231771,16.055068969726563,14.072768087020851,15.739713941301618,NA,NA,0
Dinolestes lewini,-42.72,148.01,2006,11,2,20,5,-43_148,13.901703119277954,13.256613731384276,13.779609030258088,12.987299690246582,NA,NA,0
Dinolestes lewini,-42.58,148.06,2004,3,22,15,3,-43_148,13.710798501968384,15.661454200744627,13.586922711243426,15.862612487423805,NA,NA,0
Dinolestes lewini,-42.58,148.06,2004,3,22,12.5,2,-43_148,13.710798501968384,15.661454200744627,13.586922711243426,15.862612487423805,NA,NA,0
Dinolestes lewini,-42.58,148.06,2004,3,22,12.5,1,-43_148,13.710798501968384,15.661454200744627,13.586922711243426,15.862612487423805,NA,NA,0
Dinolestes lewini,-42.58,148.06,2004,3,22,15,1,-43_148,13.710798501968384,15.661454200744627,13.586922711243426,15.862612487423805,NA,NA,0
Dinolestes lewini,-42.58,147.92,2007,3,21,10,1,-43_148,14.082045634587606,16.530881881713867,14.782759136327767,17.181160859138735,NA,NA,0
Dinolestes lewini,-42.58,147.92,2007,3,21,12.5,1,-43_148,14.082045634587606,16.530881881713867,14.782759136327767,17.181160859138735,NA,NA,0
Dinolestes lewini,-42.58,147.92,2007,3,21,12.5,7,-43_148,14.082045634587606,16.530881881713867,14.782759136327767,17.181160859138735,NA,NA,0
Dinolestes lewini,-42.58,148.06,2006,3,8,15,7,-43_148,13.901703119277954,16.461002349853516,13.779609030258088,16.61254803134549,NA,NA,0
Dinolestes lewini,-42.58,148.06,2006,3,8,10,1,-43_148,13.901703119277954,16.461002349853516,13.779609030258088,16.61254803134549,NA,NA,0
Dinolestes lewini,-42.58,148.06,2006,3,8,20,1,-43_148,13.901703119277954,16.461002349853516,13.779609030258088,16.61254803134549,NA,NA,0
Dinolestes lewini,-42.58,148.06,2006,3,8,20,3,-43_148,13.901703119277954,16.461002349853516,13.779609030258088,16.61254803134549,NA,NA,0
Dinolestes lewini,-42.58,148.06,2006,3,8,25,1,-43_148,13.901703119277954,16.461002349853516,13.779609030258088,16.61254803134549,NA,NA,0
Dinolestes lewini,-42.58,148.06,2006,3,8,25,18,-43_148,13.901703119277954,16.461002349853516,13.779609030258088,16.61254803134549,NA,NA,0
Dinolestes lewini,-42.58,148.06,2006,3,8,30,4,-43_148,13.901703119277954,16.461002349853516,13.779609030258088,16.61254803134549,NA,NA,0
Dinolestes lewini,-42.58,148.06,2006,3,8,25,2,-43_148,13.901703119277954,16.461002349853516,13.779609030258088,16.61254803134549,NA,NA,0
Dinolestes lewini,-42.58,148.06,2006,3,8,30,1,-43_148,13.901703119277954,16.461002349853516,13.779609030258088,16.61254803134549,NA,NA,0
Dinolestes lewini,-42.58,148.06,2006,3,8,15,3,-43_148,13.901703119277954,16.461002349853516,13.779609030258088,16.61254803134549,NA,NA,0
Dinolestes lewini,-42.58,148.06,2006,3,8,25,33,-43_148,13.901703119277954,16.461002349853516,13.779609030258088,16.61254803134549,NA,NA,0
Dinolestes lewini,-42.58,148.06,2006,3,8,12.5,1,-43_148,13.901703119277954,16.461002349853516,13.779609030258088,16.61254803134549,NA,NA,0
Dinolestes lewini,-42.58,148.06,2006,3,8,15,2,-43_148,13.901703119277954,16.461002349853516,13.779609030258088,16.61254803134549,NA,NA,0
Dinolestes lewini,-42.58,148.06,2006,3,8,25,9,-43_148,13.901703119277954,16.461002349853516,13.779609030258088,16.61254803134549,NA,NA,0
Dinolestes lewini,-43.06,147.33,2007,3,26,25,1,-43_147,13.403386116027832,15.690143585205078,14.1253640280622,15.922322242490708,1991,Tinderbox Marine Reserve,1
Dinolestes lewini,-43.06,147.33,2007,3,26,15,2,-43_147,13.403386116027832,15.690143585205078,14.1253640280622,15.922322242490708,1991,Tinderbox Marine Reserve,1
Dinolestes lewini,-43.06,147.33,2007,3,26,25,33,-43_147,13.403386116027832,15.690143585205078,14.1253640280622,15.922322242490708,1991,Tinderbox Marine Reserve,1
Dinolestes lewini,-43.06,147.33,2007,3,26,25,27,-43_147,13.403386116027832,15.690143585205078,14.1253640280622,15.922322242490708,1991,Tinderbox Marine Reserve,1
Dinolestes lewini,-43.05,147.34,2007,3,23,15,1,-43_147,13.403386116027832,15.690143585205078,14.1253640280622,15.922322242490708,1991,Tinderbox Marine Reserve,1
Dinolestes lewini,-43.05,147.34,2007,3,23,25,1,-43_147,13.403386116027832,15.690143585205078,14.1253640280622,15.922322242490708,1991,Tinderbox Marine Reserve,1
Dinolestes lewini,-43.05,147.34,2007,3,23,30,1,-43_147,13.403386116027832,15.690143585205078,14.1253640280622,15.922322242490708,1991,Tinderbox Marine Reserve,1
Dinolestes lewini,-43.05,147.34,2007,3,23,25,2,-43_147,13.403386116027832,15.690143585205078,14.1253640280622,15.922322242490708,1991,Tinderbox Marine Reserve,1
Dinolestes lewini,-42.58,148.06,2005,2,21,10,15,-43_148,13.880071004231771,16.055068969726563,14.072768087020851,15.739713941301618,NA,NA,0
Dinolestes lewini,-42.58,148.06,2005,2,21,10,3,-43_148,13.880071004231771,16.055068969726563,14.072768087020851,15.739713941301618,NA,NA,0
Dinolestes lewini,-42.63,148.02,2005,2,24,20,3,-43_148,13.880071004231771,16.055068969726563,14.072768087020851,15.739713941301618,NA,NA,0
Dinolestes lewini,-42.63,148.02,2005,2,24,20,17,-43_148,13.880071004231771,16.055068969726563,14.072768087020851,15.739713941301618,NA,NA,0
Dinolestes lewini,-42.63,148.02,2005,2,24,25,1,-43_148,13.880071004231771,16.055068969726563,14.072768087020851,15.739713941301618,NA,NA,0
Dinolestes lewini,-42.6,148.05,2005,2,24,12.5,44,-43_148,13.880071004231771,16.055068969726563,14.072768087020851,15.739713941301618,NA,NA,0
Dinolestes lewini,-42.6,148.05,2005,2,24,12.5,26,-43_148,13.880071004231771,16.055068969726563,14.072768087020851,15.739713941301618,NA,NA,0
Dinolestes lewini,-42.6,148.05,2005,2,24,10,1,-43_148,13.880071004231771,16.055068969726563,14.072768087020851,15.739713941301618,NA,NA,0
Dinolestes lewini,-42.6,148.05,2005,2,24,15,1,-43_148,13.880071004231771,16.055068969726563,14.072768087020851,15.739713941301618,NA,NA,0
Dinolestes lewini,-42.6,148.05,2006,3,10,15,4,-43_148,13.901703119277954,16.461002349853516,13.779609030258088,16.61254803134549,NA,NA,0
Dinolestes lewini,-42.6,148.05,2006,3,10,12.5,2,-43_148,13.901703119277954,16.461002349853516,13.779609030258088,16.61254803134549,NA,NA,0
Dinolestes lewini,-42.6,148.05,2006,3,10,15,1,-43_148,13.901703119277954,16.461002349853516,13.779609030258088,16.61254803134549,NA,NA,0
Dinolestes lewini,-42.6,148.05,2006,3,10,20,1,-43_148,13.901703119277954,16.461002349853516,13.779609030258088,16.61254803134549,NA,NA,0
Dinolestes lewini,-42.6,148.05,2006,3,10,25,1,-43_148,13.901703119277954,16.461002349853516,13.779609030258088,16.61254803134549,NA,NA,0
Dinolestes lewini,-42.6,148.05,2006,3,10,30,2,-43_148,13.901703119277954,16.461002349853516,13.779609030258088,16.61254803134549,NA,NA,0
Dinolestes lewini,-42.6,148.05,2006,3,10,20,2,-43_148,13.901703119277954,16.461002349853516,13.779609030258088,16.61254803134549,NA,NA,0
Dinolestes lewini,-42.6,148.05,2006,3,10,15,3,-43_148,13.901703119277954,16.461002349853516,13.779609030258088,16.61254803134549,NA,NA,0
Dinolestes lewini,-42.6,148.05,2006,3,10,20,1,-43_148,13.901703119277954,16.461002349853516,13.779609030258088,16.61254803134549,NA,NA,0
Dinolestes lewini,-43.04,147.34,2007,3,23,20,1,-43_147,13.403386116027832,15.690143585205078,14.1253640280622,15.922322242490708,2009,Tinderbox Marine Reserve,0
Dinolestes lewini,-43.04,147.34,2007,3,23,15,1,-43_147,13.403386116027832,15.690143585205078,14.1253640280622,15.922322242490708,2009,Tinderbox Marine Reserve,0
Dinolestes lewini,-43.04,147.34,2007,3,23,15,1,-43_147,13.403386116027832,15.690143585205078,14.1253640280622,15.922322242490708,2009,Tinderbox Marine Reserve,0
Dinolestes lewini,-43.04,147.34,2007,3,23,30,1,-43_147,13.403386116027832,15.690143585205078,14.1253640280622,15.922322242490708,2009,Tinderbox Marine Reserve,0
Dinolestes lewini,-43.06,147.36,2007,3,26,25,1,-43_147,13.403386116027832,15.690143585205078,14.1253640280622,15.922322242490708,NA,NA,0
Dinolestes lewini,-43.06,147.36,2007,3,26,15,1,-43_147,13.403386116027832,15.690143585205078,14.1253640280622,15.922322242490708,NA,NA,0
Dinolestes lewini,-43.06,147.36,2007,3,26,15,2,-43_147,13.403386116027832,15.690143585205078,14.1253640280622,15.922322242490708,NA,NA,0
Dinolestes lewini,-43.06,147.36,2007,3,26,20,1,-43_147,13.403386116027832,15.690143585205078,14.1253640280622,15.922322242490708,NA,NA,0
Dinolestes lewini,-43.06,147.36,2007,3,26,20,1,-43_147,13.403386116027832,15.690143585205078,14.1253640280622,15.922322242490708,NA,NA,0
Dinolestes lewini,-43.06,147.36,2007,3,26,20,2,-43_147,13.403386116027832,15.690143585205078,14.1253640280622,15.922322242490708,NA,NA,0
Dinolestes lewini,-42.55,147.95,2005,2,23,20,1,-43_148,13.880071004231771,16.055068969726563,14.072768087020851,15.739713941301618,NA,NA,0
Dinolestes lewini,-42.64,147.98,2006,3,15,25,1,-43_148,13.901703119277954,16.461002349853516,13.779609030258088,16.61254803134549,NA,NA,0
Dinolestes lewini,-42.64,147.98,2006,3,15,30,3,-43_148,13.901703119277954,16.461002349853516,13.779609030258088,16.61254803134549,NA,NA,0
Dinolestes lewini,-42.63,148.02,2006,3,10,25,4,-43_148,13.901703119277954,16.461002349853516,13.779609030258088,16.61254803134549,NA,NA,0
Dinolestes lewini,-42.63,148.02,2006,3,10,25,16,-43_148,13.901703119277954,16.461002349853516,13.779609030258088,16.61254803134549,NA,NA,0
Dinolestes lewini,-42.64,147.98,2006,3,15,25,1,-43_148,13.901703119277954,16.461002349853516,13.779609030258088,16.61254803134549,NA,NA,0
Dinolestes lewini,-42.64,147.98,2006,3,15,20,1,-43_148,13.901703119277954,16.461002349853516,13.779609030258088,16.61254803134549,NA,NA,0
Dinolestes lewini,-42.64,147.98,2006,3,15,20,4,-43_148,13.901703119277954,16.461002349853516,13.779609030258088,16.61254803134549,NA,NA,0
Dinolestes lewini,-42.64,147.98,2006,3,15,30,1,-43_148,13.901703119277954,16.461002349853516,13.779609030258088,16.61254803134549,NA,NA,0
Dinolestes lewini,-42.58,147.92,2004,3,24,15,2,-43_148,13.710798501968384,15.661454200744627,13.586922711243426,15.862612487423805,NA,NA,0
Dinolestes lewini,-42.58,147.92,2004,3,24,15,1,-43_148,13.710798501968384,15.661454200744627,13.586922711243426,15.862612487423805,NA,NA,0
Dinolestes lewini,-42.58,147.92,2004,3,24,20,5,-43_148,13.710798501968384,15.661454200744627,13.586922711243426,15.862612487423805,NA,NA,0
Dinolestes lewini,-42.58,147.92,2004,3,24,25,8,-43_148,13.710798501968384,15.661454200744627,13.586922711243426,15.862612487423805,NA,NA,0
Dinolestes lewini,-42.58,147.92,2004,3,24,25,2,-43_148,13.710798501968384,15.661454200744627,13.586922711243426,15.862612487423805,NA,NA,0
Dinolestes lewini,-42.58,147.92,2004,3,24,12.5,1,-43_148,13.710798501968384,15.661454200744627,13.586922711243426,15.862612487423805,NA,NA,0
Dinolestes lewini,-42.58,147.92,2004,3,24,12.5,3,-43_148,13.710798501968384,15.661454200744627,13.586922711243426,15.862612487423805,NA,NA,0
Dinolestes lewini,-42.58,147.92,2004,3,24,12.5,5,-43_148,13.710798501968384,15.661454200744627,13.586922711243426,15.862612487423805,NA,NA,0
Dinolestes lewini,-42.58,147.92,2005,2,23,12.5,1,-43_148,13.880071004231771,16.055068969726563,14.072768087020851,15.739713941301618,NA,NA,0
Dinolestes lewini,-42.58,147.92,2005,2,23,15,5,-43_148,13.880071004231771,16.055068969726563,14.072768087020851,15.739713941301618,NA,NA,0
Dinolestes lewini,-42.58,147.92,2005,2,23,20,17,-43_148,13.880071004231771,16.055068969726563,14.072768087020851,15.739713941301618,NA,NA,0
Dinolestes lewini,-42.58,147.92,2005,2,23,25,15,-43_148,13.880071004231771,16.055068969726563,14.072768087020851,15.739713941301618,NA,NA,0
Dinolestes lewini,-42.58,147.92,2005,2,23,35,2,-43_148,13.880071004231771,16.055068969726563,14.072768087020851,15.739713941301618,NA,NA,0
Dinolestes lewini,-42.58,147.92,2005,2,23,12.5,2,-43_148,13.880071004231771,16.055068969726563,14.072768087020851,15.739713941301618,NA,NA,0
Dinolestes lewini,-42.58,147.92,2005,2,23,15,2,-43_148,13.880071004231771,16.055068969726563,14.072768087020851,15.739713941301618,NA,NA,0
Dinolestes lewini,-42.58,147.92,2005,2,23,20,1,-43_148,13.880071004231771,16.055068969726563,14.072768087020851,15.739713941301618,NA,NA,0
Dinolestes lewini,-42.58,147.92,2005,2,23,25,10,-43_148,13.880071004231771,16.055068969726563,14.072768087020851,15.739713941301618,NA,NA,0
Dinolestes lewini,-42.58,147.92,2005,2,23,35,9,-43_148,13.880071004231771,16.055068969726563,14.072768087020851,15.739713941301618,NA,NA,0
Dinolestes lewini,-42.58,147.92,2005,2,23,20,2,-43_148,13.880071004231771,16.055068969726563,14.072768087020851,15.739713941301618,NA,NA,0
Dinolestes lewini,-42.58,147.92,2005,2,23,15,2,-43_148,13.880071004231771,16.055068969726563,14.072768087020851,15.739713941301618,NA,NA,0
Dinolestes lewini,-42.58,147.92,2005,2,23,10,1,-43_148,13.880071004231771,16.055068969726563,14.072768087020851,15.739713941301618,NA,NA,0
Dinolestes lewini,-42.58,147.92,2005,2,23,20,1,-43_148,13.880071004231771,16.055068969726563,14.072768087020851,15.739713941301618,NA,NA,0
Dinolestes lewini,-42.58,147.92,2005,2,23,15,1,-43_148,13.880071004231771,16.055068969726563,14.072768087020851,15.739713941301618,NA,NA,0
Dinolestes lewini,-42.58,147.92,2006,3,6,20,11,-43_148,13.901703119277954,16.461002349853516,13.779609030258088,16.61254803134549,NA,NA,0
Dinolestes lewini,-42.58,147.92,2006,3,6,20,14,-43_148,13.901703119277954,16.461002349853516,13.779609030258088,16.61254803134549,NA,NA,0
Dinolestes lewini,-42.58,147.92,2006,3,6,12.5,1,-43_148,13.901703119277954,16.461002349853516,13.779609030258088,16.61254803134549,NA,NA,0
Dinolestes lewini,-42.58,147.92,2006,3,6,12.5,2,-43_148,13.901703119277954,16.461002349853516,13.779609030258088,16.61254803134549,NA,NA,0
Dinolestes lewini,-42.58,147.92,2006,9,19,15,2,-43_148,13.901703119277954,12.071682929992676,13.779609030258088,11.987966423034669,NA,NA,0
Dinolestes lewini,-42.58,147.92,2006,9,19,20,5,-43_148,13.901703119277954,12.071682929992676,13.779609030258088,11.987966423034669,NA,NA,0
Dinolestes lewini,-42.58,147.92,2006,9,19,20,2,-43_148,13.901703119277954,12.071682929992676,13.779609030258088,11.987966423034669,NA,NA,0
Dinolestes lewini,-42.58,147.92,2006,9,19,25,1,-43_148,13.901703119277954,12.071682929992676,13.779609030258088,11.987966423034669,NA,NA,0
Dinolestes lewini,-42.52,147.97,2005,2,23,15,1,-43_148,13.880071004231771,16.055068969726563,14.072768087020851,15.739713941301618,NA,NA,0
Dinolestes lewini,-42.52,147.97,2005,2,23,15,14,-43_148,13.880071004231771,16.055068969726563,14.072768087020851,15.739713941301618,NA,NA,0
Dinolestes lewini,-42.52,147.97,2006,3,8,25,1,-43_148,13.901703119277954,16.461002349853516,13.779609030258088,16.61254803134549,NA,NA,0
Dinolestes lewini,-42.52,147.97,2006,3,8,30,1,-43_148,13.901703119277954,16.461002349853516,13.779609030258088,16.61254803134549,NA,NA,0
Dinolestes lewini,-42.52,147.97,2006,3,8,30,1,-43_148,13.901703119277954,16.461002349853516,13.779609030258088,16.61254803134549,NA,NA,0
Dinolestes lewini,-42.52,147.97,2006,9,19,15,11,-43_148,13.901703119277954,12.071682929992676,13.779609030258088,11.987966423034669,NA,NA,0
Dinolestes lewini,-42.52,147.97,2006,9,19,15,6,-43_148,13.901703119277954,12.071682929992676,13.779609030258088,11.987966423034669,NA,NA,0
Dinolestes lewini,-42.58,148.05,2004,3,23,35,1,-43_148,13.710798501968384,15.661454200744627,13.586922711243426,15.862612487423805,NA,NA,0
Dinolestes lewini,-43.06,147.33,2006,3,1,12.5,9,-43_147,13.196334520975748,15.59229850769043,13.442483670993518,15.672773890341482,1991,Tinderbox Marine Reserve,1
Dinolestes lewini,-43.06,147.33,2006,3,1,12.5,21,-43_147,13.196334520975748,15.59229850769043,13.442483670993518,15.672773890341482,1991,Tinderbox Marine Reserve,1
Dinolestes lewini,-42.59,148.05,2004,3,23,12.5,1,-43_148,13.710798501968384,15.661454200744627,13.586922711243426,15.862612487423805,NA,NA,0
Dinolestes lewini,-42.59,148.05,2004,3,23,12.5,1,-43_148,13.710798501968384,15.661454200744627,13.586922711243426,15.862612487423805,NA,NA,0
Dinolestes lewini,-42.59,148.05,2004,3,23,12.5,1,-43_148,13.710798501968384,15.661454200744627,13.586922711243426,15.862612487423805,NA,NA,0
Dinolestes lewini,-42.59,148.05,2005,2,22,12.5,2,-43_148,13.880071004231771,16.055068969726563,14.072768087020851,15.739713941301618,NA,NA,0
Dinolestes lewini,-42.59,148.05,2005,2,22,12.5,3,-43_148,13.880071004231771,16.055068969726563,14.072768087020851,15.739713941301618,NA,NA,0
Dinolestes lewini,-42.59,148.05,2005,2,22,10,1,-43_148,13.880071004231771,16.055068969726563,14.072768087020851,15.739713941301618,NA,NA,0
Dinolestes lewini,-43.27,147.14,2006,3,21,40,1,-43_147,13.196334520975748,15.59229850769043,13.442483670993518,15.672773890341482,NA,NA,0
Dinolestes lewini,-43.27,147.14,2006,3,21,15,1,-43_147,13.196334520975748,15.59229850769043,13.442483670993518,15.672773890341482,NA,NA,0
Dinolestes lewini,-43.29,147.14,2006,3,16,35,1,-43_147,13.196334520975748,15.59229850769043,13.442483670993518,15.672773890341482,NA,NA,0
Dinolestes lewini,-41.87,148.31,2006,5,16,15,1,-42_148,14.71380845705668,13.74854564666748,14.347276090322287,13.452795413232618,1991,Bicheno Marine Reserve,1
Dinolestes lewini,-41.87,148.31,2006,5,16,25,1,-42_148,14.71380845705668,13.74854564666748,14.347276090322287,13.452795413232618,1991,Bicheno Marine Reserve,1
Dinolestes lewini,-41.87,148.31,2006,5,16,30,1,-42_148,14.71380845705668,13.74854564666748,14.347276090322287,13.452795413232618,1991,Bicheno Marine Reserve,1
Dinolestes lewini,-41.87,148.31,2006,5,16,35,2,-42_148,14.71380845705668,13.74854564666748,14.347276090322287,13.452795413232618,1991,Bicheno Marine Reserve,1
Dinolestes lewini,-41.87,148.31,2006,5,16,10,1,-42_148,14.71380845705668,13.74854564666748,14.347276090322287,13.452795413232618,1991,Bicheno Marine Reserve,1
Dinolestes lewini,-41.87,148.31,2006,4,26,20,2,-42_148,14.71380845705668,15.795620918273926,14.347276090322287,15.495055198669434,1991,Bicheno Marine Reserve,1
Dinolestes lewini,-41.87,148.31,2006,4,26,30,1,-42_148,14.71380845705668,15.795620918273926,14.347276090322287,15.495055198669434,1991,Bicheno Marine Reserve,1
Dinolestes lewini,-41.87,148.31,2006,4,26,12.5,1,-42_148,14.71380845705668,15.795620918273926,14.347276090322287,15.495055198669434,1991,Bicheno Marine Reserve,1
Dinolestes lewini,-41.87,148.31,2006,4,26,20,1,-42_148,14.71380845705668,15.795620918273926,14.347276090322287,15.495055198669434,1991,Bicheno Marine Reserve,1
Dinolestes lewini,-41.87,148.31,2006,4,26,15,1,-42_148,14.71380845705668,15.795620918273926,14.347276090322287,15.495055198669434,1991,Bicheno Marine Reserve,1
Dinolestes lewini,-41.87,148.31,2006,4,24,15,1,-42_148,14.71380845705668,15.795620918273926,14.347276090322287,15.495055198669434,1991,Bicheno Marine Reserve,1
Dinolestes lewini,-41.87,148.31,2006,4,24,20,11,-42_148,14.71380845705668,15.795620918273926,14.347276090322287,15.495055198669434,1991,Bicheno Marine Reserve,1
Dinolestes lewini,-41.87,148.31,2006,4,24,25,2,-42_148,14.71380845705668,15.795620918273926,14.347276090322287,15.495055198669434,1991,Bicheno Marine Reserve,1
Dinolestes lewini,-41.87,148.31,2006,4,24,25,1,-42_148,14.71380845705668,15.795620918273926,14.347276090322287,15.495055198669434,1991,Bicheno Marine Reserve,1
Dinolestes lewini,-41.87,148.31,2006,4,24,20,2,-42_148,14.71380845705668,15.795620918273926,14.347276090322287,15.495055198669434,1991,Bicheno Marine Reserve,1
Dinolestes lewini,-41.87,148.31,2006,4,24,25,5,-42_148,14.71380845705668,15.795620918273926,14.347276090322287,15.495055198669434,1991,Bicheno Marine Reserve,1
Dinolestes lewini,-41.87,148.31,2006,4,24,20,1,-42_148,14.71380845705668,15.795620918273926,14.347276090322287,15.495055198669434,1991,Bicheno Marine Reserve,1
Dinolestes lewini,-41.87,148.31,2006,4,24,25,1,-42_148,14.71380845705668,15.795620918273926,14.347276090322287,15.495055198669434,1991,Bicheno Marine Reserve,1
Dinolestes lewini,-41.87,148.31,2006,4,24,20,4,-42_148,14.71380845705668,15.795620918273926,14.347276090322287,15.495055198669434,1991,Bicheno Marine Reserve,1
Dinolestes lewini,-41.87,148.31,2006,4,24,20,2,-42_148,14.71380845705668,15.795620918273926,14.347276090322287,15.495055198669434,1991,Bicheno Marine Reserve,1
Dinolestes lewini,-41.87,148.31,2006,4,24,25,4,-42_148,14.71380845705668,15.795620918273926,14.347276090322287,15.495055198669434,1991,Bicheno Marine Reserve,1
Dinolestes lewini,-41.87,148.31,2006,4,24,12.5,3,-42_148,14.71380845705668,15.795620918273926,14.347276090322287,15.495055198669434,1991,Bicheno Marine Reserve,1
Dinolestes lewini,-41.87,148.31,2006,4,24,20,6,-42_148,14.71380845705668,15.795620918273926,14.347276090322287,15.495055198669434,1991,Bicheno Marine Reserve,1
Dinolestes lewini,-41.87,148.31,2006,4,24,12.5,2,-42_148,14.71380845705668,15.795620918273926,14.347276090322287,15.495055198669434,1991,Bicheno Marine Reserve,1
Dinolestes lewini,-41.87,148.31,2006,4,24,15,1,-42_148,14.71380845705668,15.795620918273926,14.347276090322287,15.495055198669434,1991,Bicheno Marine Reserve,1
Dinolestes lewini,-41.87,148.31,2006,4,24,20,2,-42_148,14.71380845705668,15.795620918273926,14.347276090322287,15.495055198669434,1991,Bicheno Marine Reserve,1
Dinolestes lewini,-41.87,148.31,2006,4,24,20,1,-42_148,14.71380845705668,15.795620918273926,14.347276090322287,15.495055198669434,1991,Bicheno Marine Reserve,1
Dinolestes lewini,-41.87,148.31,2006,4,24,15,1,-42_148,14.71380845705668,15.795620918273926,14.347276090322287,15.495055198669434,1991,Bicheno Marine Reserve,1
Dinolestes lewini,-41.87,148.31,2006,4,24,20,1,-42_148,14.71380845705668,15.795620918273926,14.347276090322287,15.495055198669434,1991,Bicheno Marine Reserve,1
Dinolestes lewini,-42.59,148.05,2005,2,22,10,3,-43_148,13.880071004231771,16.055068969726563,14.072768087020851,15.739713941301618,NA,NA,0
Dinolestes lewini,-42.59,148.05,2005,2,22,10,17,-43_148,13.880071004231771,16.055068969726563,14.072768087020851,15.739713941301618,NA,NA,0
Dinolestes lewini,-42.59,148.05,2006,3,14,35,2,-43_148,13.901703119277954,16.461002349853516,13.779609030258088,16.61254803134549,NA,NA,0
Dinolestes lewini,-42.59,148.05,2006,3,14,25,1,-43_148,13.901703119277954,16.461002349853516,13.779609030258088,16.61254803134549,NA,NA,0
Dinolestes lewini,-42.59,148.05,2006,3,14,35,1,-43_148,13.901703119277954,16.461002349853516,13.779609030258088,16.61254803134549,NA,NA,0
Dinolestes lewini,-42.55,147.95,2004,3,24,35,1,-43_148,13.710798501968384,15.661454200744627,13.586922711243426,15.862612487423805,NA,NA,0
Dinolestes lewini,-41.87,148.3,2006,4,27,15,1,-42_148,14.71380845705668,15.795620918273926,14.347276090322287,15.495055198669434,NA,NA,0
Dinolestes lewini,-41.87,148.3,2006,4,27,12.5,1,-42_148,14.71380845705668,15.795620918273926,14.347276090322287,15.495055198669434,NA,NA,0
Dinolestes lewini,-41.87,148.3,2006,4,27,20,1,-42_148,14.71380845705668,15.795620918273926,14.347276090322287,15.495055198669434,NA,NA,0
Dinolestes lewini,-41.87,148.3,2006,4,27,30,1,-42_148,14.71380845705668,15.795620918273926,14.347276090322287,15.495055198669434,NA,NA,0
Dinolestes lewini,-41.87,148.3,2006,4,27,25,1,-42_148,14.71380845705668,15.795620918273926,14.347276090322287,15.495055198669434,NA,NA,0
Dinolestes lewini,-41.87,148.3,2006,4,27,20,2,-42_148,14.71380845705668,15.795620918273926,14.347276090322287,15.495055198669434,NA,NA,0
Dinolestes lewini,-41.87,148.3,2006,4,27,30,1,-42_148,14.71380845705668,15.795620918273926,14.347276090322287,15.495055198669434,NA,NA,0
Dinolestes lewini,-43.06,147.36,2006,3,15,10,25,-43_147,13.196334520975748,15.59229850769043,13.442483670993518,15.672773890341482,NA,NA,0
Dinolestes lewini,-43.06,147.36,2006,3,15,12.5,2,-43_147,13.196334520975748,15.59229850769043,13.442483670993518,15.672773890341482,NA,NA,0
Dinolestes lewini,-43.06,147.36,2006,3,15,25,1,-43_147,13.196334520975748,15.59229850769043,13.442483670993518,15.672773890341482,NA,NA,0
Dinolestes lewini,-43.06,147.36,2006,3,15,30,1,-43_147,13.196334520975748,15.59229850769043,13.442483670993518,15.672773890341482,NA,NA,0
Dinolestes lewini,-43.06,147.36,2006,3,15,10,10,-43_147,13.196334520975748,15.59229850769043,13.442483670993518,15.672773890341482,NA,NA,0
Dinolestes lewini,-43.06,147.36,2006,3,15,20,1,-43_147,13.196334520975748,15.59229850769043,13.442483670993518,15.672773890341482,NA,NA,0
Dinolestes lewini,-43.06,147.36,2006,3,15,10,4,-43_147,13.196334520975748,15.59229850769043,13.442483670993518,15.672773890341482,NA,NA,0
Dinolestes lewini,-43.06,147.36,2006,3,15,10,5,-43_147,13.196334520975748,15.59229850769043,13.442483670993518,15.672773890341482,NA,NA,0
Dinolestes lewini,-43.06,147.36,2006,3,15,7.5,1,-43_147,13.196334520975748,15.59229850769043,13.442483670993518,15.672773890341482,NA,NA,0
Dinolestes lewini,-43.06,147.36,2006,3,15,10,2,-43_147,13.196334520975748,15.59229850769043,13.442483670993518,15.672773890341482,NA,NA,0
Dinolestes lewini,-43.06,147.36,2006,3,15,10,24,-43_147,13.196334520975748,15.59229850769043,13.442483670993518,15.672773890341482,NA,NA,0
Dinolestes lewini,-41.87,148.3,2007,4,3,20,2,-42_148,14.837030092875164,16.21764373779297,15.589745705757233,17.937944073147243,NA,NA,0
Dinolestes lewini,-41.87,148.3,2007,4,3,30,1,-42_148,14.837030092875164,16.21764373779297,15.589745705757233,17.937944073147243,NA,NA,0
Dinolestes lewini,-41.87,148.3,2007,4,3,15,2,-42_148,14.837030092875164,16.21764373779297,15.589745705757233,17.937944073147243,NA,NA,0
Dinolestes lewini,-41.87,148.3,2007,4,3,20,1,-42_148,14.837030092875164,16.21764373779297,15.589745705757233,17.937944073147243,NA,NA,0
Dinolestes lewini,-41.87,148.3,2007,4,3,20,1,-42_148,14.837030092875164,16.21764373779297,15.589745705757233,17.937944073147243,NA,NA,0
Dinolestes lewini,-35.53,150.42,2007,12,10,30,1,-36_150,19.12047815322876,20.310977935791016,19.51513880213122,21.35510702030633,NA,NA,0
Dinolestes lewini,-41.87,148.31,2007,4,4,20,7,-42_148,14.837030092875164,16.21764373779297,15.589745705757233,17.937944073147243,1991,Bicheno Marine Reserve,1
Dinolestes lewini,-41.87,148.31,2007,4,4,15,7,-42_148,14.837030092875164,16.21764373779297,15.589745705757233,17.937944073147243,1991,Bicheno Marine Reserve,1
Dinolestes lewini,-41.87,148.31,2007,4,4,20,3,-42_148,14.837030092875164,16.21764373779297,15.589745705757233,17.937944073147243,1991,Bicheno Marine Reserve,1
Dinolestes lewini,-41.87,148.31,2007,4,4,15,14,-42_148,14.837030092875164,16.21764373779297,15.589745705757233,17.937944073147243,1991,Bicheno Marine Reserve,1
Dinolestes lewini,-41.87,148.31,2007,4,4,20,1,-42_148,14.837030092875164,16.21764373779297,15.589745705757233,17.937944073147243,1991,Bicheno Marine Reserve,1
Dinolestes lewini,-41.87,148.31,2007,4,4,15,2,-42_148,14.837030092875164,16.21764373779297,15.589745705757233,17.937944073147243,1991,Bicheno Marine Reserve,1
Dinolestes lewini,-41.87,148.31,2007,4,4,20,4,-42_148,14.837030092875164,16.21764373779297,15.589745705757233,17.937944073147243,1991,Bicheno Marine Reserve,1
Dinolestes lewini,-41.87,148.31,2007,4,4,20,9,-42_148,14.837030092875164,16.21764373779297,15.589745705757233,17.937944073147243,1991,Bicheno Marine Reserve,1
Dinolestes lewini,-41.87,148.31,2007,4,4,25,1,-42_148,14.837030092875164,16.21764373779297,15.589745705757233,17.937944073147243,1991,Bicheno Marine Reserve,1
Dinolestes lewini,-41.87,148.31,2007,4,4,15,1,-42_148,14.837030092875164,16.21764373779297,15.589745705757233,17.937944073147243,1991,Bicheno Marine Reserve,1
Dinolestes lewini,-35.61,150.34,2007,12,6,5,8,-36_150,19.12047815322876,20.310977935791016,19.51513880213122,21.35510702030633,NA,NA,0
Dinolestes lewini,-41.87,148.31,2007,4,4,15,1,-42_148,14.837030092875164,16.21764373779297,15.589745705757233,17.937944073147243,1991,Bicheno Marine Reserve,1
Dinolestes lewini,-41.87,148.31,2007,4,4,20,1,-42_148,14.837030092875164,16.21764373779297,15.589745705757233,17.937944073147243,1991,Bicheno Marine Reserve,1
Dinolestes lewini,-41.87,148.31,2007,4,4,12.5,3,-42_148,14.837030092875164,16.21764373779297,15.589745705757233,17.937944073147243,1991,Bicheno Marine Reserve,1
Dinolestes lewini,-41.87,148.31,2007,4,4,15,2,-42_148,14.837030092875164,16.21764373779297,15.589745705757233,17.937944073147243,1991,Bicheno Marine Reserve,1
Dinolestes lewini,-41.87,148.31,2007,4,4,20,1,-42_148,14.837030092875164,16.21764373779297,15.589745705757233,17.937944073147243,1991,Bicheno Marine Reserve,1
Dinolestes lewini,-41.87,148.31,2007,4,4,20,2,-42_148,14.837030092875164,16.21764373779297,15.589745705757233,17.937944073147243,1991,Bicheno Marine Reserve,1
Dinolestes lewini,-41.87,148.31,2007,4,2,12.5,1,-42_148,14.837030092875164,16.21764373779297,15.589745705757233,17.937944073147243,1991,Bicheno Marine Reserve,1
Dinolestes lewini,-41.87,148.31,2007,4,2,12.5,2,-42_148,14.837030092875164,16.21764373779297,15.589745705757233,17.937944073147243,1991,Bicheno Marine Reserve,1
Dinolestes lewini,-41.87,148.31,2007,4,2,15,1,-42_148,14.837030092875164,16.21764373779297,15.589745705757233,17.937944073147243,1991,Bicheno Marine Reserve,1
Dinolestes lewini,-41.87,148.31,2007,4,2,12.5,1,-42_148,14.837030092875164,16.21764373779297,15.589745705757233,17.937944073147243,1991,Bicheno Marine Reserve,1
Dinolestes lewini,-41.87,148.31,2007,4,2,25,1,-42_148,14.837030092875164,16.21764373779297,15.589745705757233,17.937944073147243,1991,Bicheno Marine Reserve,1
Dinolestes lewini,-41.87,148.31,2007,4,2,20,1,-42_148,14.837030092875164,16.21764373779297,15.589745705757233,17.937944073147243,1991,Bicheno Marine Reserve,1
Dinolestes lewini,-41.87,148.31,2007,4,2,25,2,-42_148,14.837030092875164,16.21764373779297,15.589745705757233,17.937944073147243,1991,Bicheno Marine Reserve,1
Dinolestes lewini,-41.87,148.31,2007,4,2,30,1,-42_148,14.837030092875164,16.21764373779297,15.589745705757233,17.937944073147243,1991,Bicheno Marine Reserve,1
Dinolestes lewini,-41.87,148.31,2007,4,2,20,1,-42_148,14.837030092875164,16.21764373779297,15.589745705757233,17.937944073147243,1991,Bicheno Marine Reserve,1
Dinolestes lewini,-41.87,148.31,2007,4,2,15,2,-42_148,14.837030092875164,16.21764373779297,15.589745705757233,17.937944073147243,1991,Bicheno Marine Reserve,1
Dinolestes lewini,-41.87,148.31,2007,4,2,15,1,-42_148,14.837030092875164,16.21764373779297,15.589745705757233,17.937944073147243,1991,Bicheno Marine Reserve,1
Dinolestes lewini,-41.87,148.31,2007,4,2,15,1,-42_148,14.837030092875164,16.21764373779297,15.589745705757233,17.937944073147243,1991,Bicheno Marine Reserve,1
Dinolestes lewini,-41.87,148.31,2007,4,2,25,3,-42_148,14.837030092875164,16.21764373779297,15.589745705757233,17.937944073147243,1991,Bicheno Marine Reserve,1
Dinolestes lewini,-41.87,148.31,2007,4,2,35,2,-42_148,14.837030092875164,16.21764373779297,15.589745705757233,17.937944073147243,1991,Bicheno Marine Reserve,1
Dinolestes lewini,-41.87,148.31,2007,4,2,15,2,-42_148,14.837030092875164,16.21764373779297,15.589745705757233,17.937944073147243,1991,Bicheno Marine Reserve,1
Dinolestes lewini,-41.87,148.31,2007,4,2,25,1,-42_148,14.837030092875164,16.21764373779297,15.589745705757233,17.937944073147243,1991,Bicheno Marine Reserve,1
Dinolestes lewini,-41.87,148.31,2007,4,2,20,233,-42_148,14.837030092875164,16.21764373779297,15.589745705757233,17.937944073147243,1991,Bicheno Marine Reserve,1
Dinolestes lewini,-41.87,148.31,2007,4,2,25,78,-42_148,14.837030092875164,16.21764373779297,15.589745705757233,17.937944073147243,1991,Bicheno Marine Reserve,1
Dinolestes lewini,-41.87,148.31,2007,4,2,15,1,-42_148,14.837030092875164,16.21764373779297,15.589745705757233,17.937944073147243,1991,Bicheno Marine Reserve,1
Dinolestes lewini,-41.87,148.31,2007,4,2,20,117,-42_148,14.837030092875164,16.21764373779297,15.589745705757233,17.937944073147243,1991,Bicheno Marine Reserve,1
Dinolestes lewini,-41.87,148.31,2007,4,2,25,22,-42_148,14.837030092875164,16.21764373779297,15.589745705757233,17.937944073147243,1991,Bicheno Marine Reserve,1
Dinolestes lewini,-41.9,148.32,2007,4,3,25,1,-42_148,14.837030092875164,16.21764373779297,15.589745705757233,17.937944073147243,NA,NA,0
Dinolestes lewini,-41.9,148.32,2007,4,3,20,1,-42_148,14.837030092875164,16.21764373779297,15.589745705757233,17.937944073147243,NA,NA,0
Dinolestes lewini,-41.9,148.32,2007,4,3,15,1,-42_148,14.837030092875164,16.21764373779297,15.589745705757233,17.937944073147243,NA,NA,0
Dinolestes lewini,-41.9,148.32,2007,4,3,20,2,-42_148,14.837030092875164,16.21764373779297,15.589745705757233,17.937944073147243,NA,NA,0
Dinolestes lewini,-41.9,148.32,2007,4,3,20,1,-42_148,14.837030092875164,16.21764373779297,15.589745705757233,17.937944073147243,NA,NA,0
Dinolestes lewini,-41.87,148.3,2007,4,3,25,1,-42_148,14.837030092875164,16.21764373779297,15.589745705757233,17.937944073147243,NA,NA,0
Dinolestes lewini,-35.61,150.34,2007,12,6,7.5,6,-36_150,19.12047815322876,20.310977935791016,19.51513880213122,21.35510702030633,NA,NA,0
Dinolestes lewini,-35.61,150.34,2007,12,6,20,2,-36_150,19.12047815322876,20.310977935791016,19.51513880213122,21.35510702030633,NA,NA,0
Dinolestes lewini,-35.61,150.34,2007,12,6,20,1,-36_150,19.12047815322876,20.310977935791016,19.51513880213122,21.35510702030633,NA,NA,0
Dinolestes lewini,-35.61,150.34,2007,12,6,20,4,-36_150,19.12047815322876,20.310977935791016,19.51513880213122,21.35510702030633,NA,NA,0
Dinolestes lewini,-35.61,150.34,2007,12,6,5,5,-36_150,19.12047815322876,20.310977935791016,19.51513880213122,21.35510702030633,NA,NA,0
Dinolestes lewini,-35.61,150.34,2007,12,6,7.5,31,-36_150,19.12047815322876,20.310977935791016,19.51513880213122,21.35510702030633,NA,NA,0
Dinolestes lewini,-35.61,150.34,2007,12,6,7.5,29,-36_150,19.12047815322876,20.310977935791016,19.51513880213122,21.35510702030633,NA,NA,0
Dinolestes lewini,-35.61,150.34,2007,12,6,5,4,-36_150,19.12047815322876,20.310977935791016,19.51513880213122,21.35510702030633,NA,NA,0
Dinolestes lewini,-35.61,150.34,2007,12,6,20,1,-36_150,19.12047815322876,20.310977935791016,19.51513880213122,21.35510702030633,NA,NA,0
Dinolestes lewini,-35.75,150.26,2007,12,3,20,1,-36_150,19.12047815322876,20.310977935791016,19.51513880213122,21.35510702030633,2007,Batemans Marine Park,0
Dinolestes lewini,-35.75,150.26,2007,12,3,20,4,-36_150,19.12047815322876,20.310977935791016,19.51513880213122,21.35510702030633,2007,Batemans Marine Park,0
Dinolestes lewini,-36.01,150.17,2007,12,11,20,8,-36_150,19.12047815322876,20.310977935791016,19.51513880213122,21.35510702030633,2007,Batemans Marine Park,0
Dinolestes lewini,-36.01,150.17,2007,12,11,25,6,-36_150,19.12047815322876,20.310977935791016,19.51513880213122,21.35510702030633,2007,Batemans Marine Park,0
Dinolestes lewini,-36.01,150.17,2007,12,11,35,12,-36_150,19.12047815322876,20.310977935791016,19.51513880213122,21.35510702030633,2007,Batemans Marine Park,0
Dinolestes lewini,-35.75,150.26,2007,12,3,15,3,-36_150,19.12047815322876,20.310977935791016,19.51513880213122,21.35510702030633,2007,Batemans Marine Park,0
Dinolestes lewini,-36.01,150.17,2007,12,11,20,67,-36_150,19.12047815322876,20.310977935791016,19.51513880213122,21.35510702030633,2007,Batemans Marine Park,0
Dinolestes lewini,-36.01,150.17,2007,12,11,25,19,-36_150,19.12047815322876,20.310977935791016,19.51513880213122,21.35510702030633,2007,Batemans Marine Park,0
Dinolestes lewini,-36.01,150.17,2007,12,11,35,8,-36_150,19.12047815322876,20.310977935791016,19.51513880213122,21.35510702030633,2007,Batemans Marine Park,0
Dinolestes lewini,-36.01,150.17,2007,12,11,20,1,-36_150,19.12047815322876,20.310977935791016,19.51513880213122,21.35510702030633,2007,Batemans Marine Park,0
Dinolestes lewini,-36.01,150.17,2007,12,11,20,11,-36_150,19.12047815322876,20.310977935791016,19.51513880213122,21.35510702030633,2007,Batemans Marine Park,0
Dinolestes lewini,-36.01,150.17,2007,12,11,20,4,-36_150,19.12047815322876,20.310977935791016,19.51513880213122,21.35510702030633,2007,Batemans Marine Park,0
Dinolestes lewini,-35.75,150.26,2007,12,3,12.5,1,-36_150,19.12047815322876,20.310977935791016,19.51513880213122,21.35510702030633,2007,Batemans Marine Park,0
Dinolestes lewini,-36.01,150.17,2007,12,11,20,3,-36_150,19.12047815322876,20.310977935791016,19.51513880213122,21.35510702030633,2007,Batemans Marine Park,0
Dinolestes lewini,-36.01,150.17,2007,12,11,25,8,-36_150,19.12047815322876,20.310977935791016,19.51513880213122,21.35510702030633,2007,Batemans Marine Park,0
Dinolestes lewini,-36.01,150.17,2007,12,11,30,10,-36_150,19.12047815322876,20.310977935791016,19.51513880213122,21.35510702030633,2007,Batemans Marine Park,0
Dinolestes lewini,-36.01,150.17,2007,12,11,15,1,-36_150,19.12047815322876,20.310977935791016,19.51513880213122,21.35510702030633,2007,Batemans Marine Park,0
Dinolestes lewini,-36.01,150.17,2007,12,11,20,2,-36_150,19.12047815322876,20.310977935791016,19.51513880213122,21.35510702030633,2007,Batemans Marine Park,0
Dinolestes lewini,-36.01,150.17,2007,12,11,30,1,-36_150,19.12047815322876,20.310977935791016,19.51513880213122,21.35510702030633,2007,Batemans Marine Park,0
Dinolestes lewini,-36.01,150.17,2007,12,11,35,1,-36_150,19.12047815322876,20.310977935791016,19.51513880213122,21.35510702030633,2007,Batemans Marine Park,0
Dinolestes lewini,-36.01,150.17,2007,12,11,30,1,-36_150,19.12047815322876,20.310977935791016,19.51513880213122,21.35510702030633,2007,Batemans Marine Park,0
Dinolestes lewini,-36.01,150.17,2007,12,11,35,2,-36_150,19.12047815322876,20.310977935791016,19.51513880213122,21.35510702030633,2007,Batemans Marine Park,0
Dinolestes lewini,-35.75,150.26,2007,12,3,12.5,4,-36_150,19.12047815322876,20.310977935791016,19.51513880213122,21.35510702030633,2007,Batemans Marine Park,0
Dinolestes lewini,-35.75,150.26,2007,12,3,10,1,-36_150,19.12047815322876,20.310977935791016,19.51513880213122,21.35510702030633,2007,Batemans Marine Park,0
Dinolestes lewini,-35.71,150.28,2007,12,4,15,1,-36_150,19.12047815322876,20.310977935791016,19.51513880213122,21.35510702030633,2007,Batemans Marine Park,0
Dinolestes lewini,-38.96,146.23,1999,12,7,25,12,-39_146,15.812630414962769,16.601139068603516,15.585643155383407,16.771684181732944,NA,NA,0
Dinolestes lewini,-38.96,146.23,1999,12,7,25,4,-39_146,15.812630414962769,16.601139068603516,15.585643155383407,16.771684181732944,NA,NA,0
Dinolestes lewini,-38.96,146.23,1999,12,7,30,1,-39_146,15.812630414962769,16.601139068603516,15.585643155383407,16.771684181732944,NA,NA,0
Dinolestes lewini,-38.96,146.23,1999,12,7,25,1,-39_146,15.812630414962769,16.601139068603516,15.585643155383407,16.771684181732944,NA,NA,0
Dinolestes lewini,-38.96,146.23,1999,12,7,25,1,-39_146,15.812630414962769,16.601139068603516,15.585643155383407,16.771684181732944,NA,NA,0
Dinolestes lewini,-38.96,146.23,1999,12,7,20,9,-39_146,15.812630414962769,16.601139068603516,15.585643155383407,16.771684181732944,NA,NA,0
Dinolestes lewini,-38.96,146.23,1999,12,7,20,3,-39_146,15.812630414962769,16.601139068603516,15.585643155383407,16.771684181732944,NA,NA,0
Dinolestes lewini,-39.08,146.32,2000,11,17,25,1,-39_146,16.089252551396687,15.598596572875977,16.0007740306904,15.698332991423433,2002,Wilsons Promontory Marine National Park,0
Dinolestes lewini,-35.86,150.19,2007,12,12,5,3,-36_150,19.12047815322876,20.310977935791016,19.51513880213122,21.35510702030633,2007,Batemans Marine Park,0
Dinolestes lewini,-35.83,150.23,2007,12,3,20,1,-36_150,19.12047815322876,20.310977935791016,19.51513880213122,21.35510702030633,2007,Batemans Marine Park,0
Dinolestes lewini,-35.73,150.26,2007,12,4,20,1,-36_150,19.12047815322876,20.310977935791016,19.51513880213122,21.35510702030633,NA,NA,0
Dinolestes lewini,-35.73,150.26,2007,12,4,20,1,-36_150,19.12047815322876,20.310977935791016,19.51513880213122,21.35510702030633,NA,NA,0
Dinolestes lewini,-35.73,150.26,2007,12,4,20,1,-36_150,19.12047815322876,20.310977935791016,19.51513880213122,21.35510702030633,NA,NA,0
Dinolestes lewini,-35.73,150.26,2007,12,4,15,1,-36_150,19.12047815322876,20.310977935791016,19.51513880213122,21.35510702030633,NA,NA,0
Dinolestes lewini,-35.72,150.25,2007,12,4,2.5,1,-36_150,19.12047815322876,20.310977935791016,19.51513880213122,21.35510702030633,NA,NA,0
Dinolestes lewini,-35.72,150.25,2007,12,4,7.5,1,-36_150,19.12047815322876,20.310977935791016,19.51513880213122,21.35510702030633,NA,NA,0
Dinolestes lewini,-35.8,150.24,2007,12,12,2.5,1,-36_150,19.12047815322876,20.310977935791016,19.51513880213122,21.35510702030633,NA,NA,0
Dinolestes lewini,-35.8,150.24,2007,12,12,20,2,-36_150,19.12047815322876,20.310977935791016,19.51513880213122,21.35510702030633,NA,NA,0
Dinolestes lewini,-35.8,150.24,2007,12,12,25,1,-36_150,19.12047815322876,20.310977935791016,19.51513880213122,21.35510702030633,NA,NA,0
Dinolestes lewini,-35.8,150.24,2007,12,12,30,18,-36_150,19.12047815322876,20.310977935791016,19.51513880213122,21.35510702030633,NA,NA,0
Dinolestes lewini,-35.8,150.24,2007,12,12,30,22,-36_150,19.12047815322876,20.310977935791016,19.51513880213122,21.35510702030633,NA,NA,0
Dinolestes lewini,-38.99,146.25,2000,11,13,20,4,-39_146,16.089252551396687,15.598596572875977,16.0007740306904,15.698332991423433,NA,NA,0
Dinolestes lewini,-35.78,150.23,2007,12,5,20,1,-36_150,19.12047815322876,20.310977935791016,19.51513880213122,21.35510702030633,NA,NA,0
Dinolestes lewini,-39.02,146.24,1999,12,6,20,142,-39_146,15.812630414962769,16.601139068603516,15.585643155383407,16.771684181732944,NA,NA,0
Dinolestes lewini,-39.02,146.24,1999,12,6,20,2,-39_146,15.812630414962769,16.601139068603516,15.585643155383407,16.771684181732944,NA,NA,0
Dinolestes lewini,-35.78,150.23,2007,12,5,30,1,-36_150,19.12047815322876,20.310977935791016,19.51513880213122,21.35510702030633,NA,NA,0
Dinolestes lewini,-39.02,146.24,1999,12,1,12.5,1,-39_146,15.812630414962769,16.601139068603516,15.585643155383407,16.771684181732944,NA,NA,0
Dinolestes lewini,-39.02,146.24,1999,12,1,30,4,-39_146,15.812630414962769,16.601139068603516,15.585643155383407,16.771684181732944,NA,NA,0
Dinolestes lewini,-39.02,146.24,1999,12,1,12.5,2,-39_146,15.812630414962769,16.601139068603516,15.585643155383407,16.771684181732944,NA,NA,0
Dinolestes lewini,-39.02,146.24,1999,12,1,30,14,-39_146,15.812630414962769,16.601139068603516,15.585643155383407,16.771684181732944,NA,NA,0
Dinolestes lewini,-39.02,146.24,1999,12,1,15,3,-39_146,15.812630414962769,16.601139068603516,15.585643155383407,16.771684181732944,NA,NA,0
Dinolestes lewini,-39.02,146.24,1999,12,1,20,12,-39_146,15.812630414962769,16.601139068603516,15.585643155383407,16.771684181732944,NA,NA,0
Dinolestes lewini,-39.02,146.24,1999,12,1,15,12,-39_146,15.812630414962769,16.601139068603516,15.585643155383407,16.771684181732944,NA,NA,0
Dinolestes lewini,-39.02,146.24,1999,12,1,20,6,-39_146,15.812630414962769,16.601139068603516,15.585643155383407,16.771684181732944,NA,NA,0
Dinolestes lewini,-39.02,146.24,1999,12,1,20,1,-39_146,15.812630414962769,16.601139068603516,15.585643155383407,16.771684181732944,NA,NA,0
Dinolestes lewini,-39.02,146.24,1999,12,1,25,2,-39_146,15.812630414962769,16.601139068603516,15.585643155383407,16.771684181732944,NA,NA,0
Dinolestes lewini,-35.78,150.23,2007,12,5,20,1,-36_150,19.12047815322876,20.310977935791016,19.51513880213122,21.35510702030633,NA,NA,0
Dinolestes lewini,-39.02,146.24,2000,11,14,20,1,-39_146,16.089252551396687,15.598596572875977,16.0007740306904,15.698332991423433,NA,NA,0
Dinolestes lewini,-39.02,146.24,2000,11,14,30,10,-39_146,16.089252551396687,15.598596572875977,16.0007740306904,15.698332991423433,NA,NA,0
Dinolestes lewini,-39.02,146.24,2000,11,14,20,5,-39_146,16.089252551396687,15.598596572875977,16.0007740306904,15.698332991423433,NA,NA,0
Dinolestes lewini,-39.02,146.24,2000,11,14,30,13,-39_146,16.089252551396687,15.598596572875977,16.0007740306904,15.698332991423433,NA,NA,0
Dinolestes lewini,-39.02,146.24,2000,11,14,30,10,-39_146,16.089252551396687,15.598596572875977,16.0007740306904,15.698332991423433,NA,NA,0
Dinolestes lewini,-39.02,146.24,2000,11,14,35,16,-39_146,16.089252551396687,15.598596572875977,16.0007740306904,15.698332991423433,NA,NA,0
Dinolestes lewini,-39.02,146.24,2000,11,14,30,2,-39_146,16.089252551396687,15.598596572875977,16.0007740306904,15.698332991423433,NA,NA,0
Dinolestes lewini,-39.02,146.24,2000,11,14,35,4,-39_146,16.089252551396687,15.598596572875977,16.0007740306904,15.698332991423433,NA,NA,0
Dinolestes lewini,-39.02,146.24,2000,11,14,30,6,-39_146,16.089252551396687,15.598596572875977,16.0007740306904,15.698332991423433,NA,NA,0
Dinolestes lewini,-39.02,146.24,2000,11,14,30,16,-39_146,16.089252551396687,15.598596572875977,16.0007740306904,15.698332991423433,NA,NA,0
Dinolestes lewini,-39.02,146.28,1999,12,1,15,4,-39_146,15.812630414962769,16.601139068603516,15.585643155383407,16.771684181732944,NA,NA,0
Dinolestes lewini,-39.02,146.28,1999,12,1,20,13,-39_146,15.812630414962769,16.601139068603516,15.585643155383407,16.771684181732944,NA,NA,0
Dinolestes lewini,-39.02,146.28,1999,12,1,20,11,-39_146,15.812630414962769,16.601139068603516,15.585643155383407,16.771684181732944,NA,NA,0
Dinolestes lewini,-39.02,146.28,1999,12,1,15,1,-39_146,15.812630414962769,16.601139068603516,15.585643155383407,16.771684181732944,NA,NA,0
Dinolestes lewini,-39.02,146.28,1999,12,1,20,1,-39_146,15.812630414962769,16.601139068603516,15.585643155383407,16.771684181732944,NA,NA,0
Dinolestes lewini,-39.02,146.28,1999,12,1,20,10,-39_146,15.812630414962769,16.601139068603516,15.585643155383407,16.771684181732944,NA,NA,0
Dinolestes lewini,-39.02,146.28,1999,12,1,25,2,-39_146,15.812630414962769,16.601139068603516,15.585643155383407,16.771684181732944,NA,NA,0
Dinolestes lewini,-39.02,146.28,1999,12,1,20,2,-39_146,15.812630414962769,16.601139068603516,15.585643155383407,16.771684181732944,NA,NA,0
Dinolestes lewini,-39.02,146.28,2000,11,14,25,6,-39_146,16.089252551396687,15.598596572875977,16.0007740306904,15.698332991423433,NA,NA,0
Dinolestes lewini,-39.02,146.28,2000,11,14,25,1,-39_146,16.089252551396687,15.598596572875977,16.0007740306904,15.698332991423433,NA,NA,0
Dinolestes lewini,-39.02,146.28,2000,11,14,30,3,-39_146,16.089252551396687,15.598596572875977,16.0007740306904,15.698332991423433,NA,NA,0
Dinolestes lewini,-39.02,146.28,2000,11,14,30,9,-39_146,16.089252551396687,15.598596572875977,16.0007740306904,15.698332991423433,NA,NA,0
Dinolestes lewini,-39.04,146.3,1999,12,1,25,1,-39_146,15.812630414962769,16.601139068603516,15.585643155383407,16.771684181732944,NA,NA,0
Dinolestes lewini,-39.04,146.3,1999,12,1,20,1,-39_146,15.812630414962769,16.601139068603516,15.585643155383407,16.771684181732944,NA,NA,0
Dinolestes lewini,-39.04,146.3,1999,12,1,20,1,-39_146,15.812630414962769,16.601139068603516,15.585643155383407,16.771684181732944,NA,NA,0
Dinolestes lewini,-39.04,146.3,1999,12,1,25,12,-39_146,15.812630414962769,16.601139068603516,15.585643155383407,16.771684181732944,NA,NA,0
Dinolestes lewini,-39.04,146.3,1999,12,1,30,9,-39_146,15.812630414962769,16.601139068603516,15.585643155383407,16.771684181732944,NA,NA,0
Dinolestes lewini,-39.04,146.3,1999,12,1,20,1,-39_146,15.812630414962769,16.601139068603516,15.585643155383407,16.771684181732944,NA,NA,0
Dinolestes lewini,-39.04,146.3,1999,12,1,25,78,-39_146,15.812630414962769,16.601139068603516,15.585643155383407,16.771684181732944,NA,NA,0
Dinolestes lewini,-39.04,146.3,1999,12,1,30,111,-39_146,15.812630414962769,16.601139068603516,15.585643155383407,16.771684181732944,NA,NA,0
Dinolestes lewini,-39.04,146.3,2000,11,15,25,1,-39_146,16.089252551396687,15.598596572875977,16.0007740306904,15.698332991423433,NA,NA,0
Dinolestes lewini,-39.05,146.32,1999,12,7,30,1,-39_146,15.812630414962769,16.601139068603516,15.585643155383407,16.771684181732944,2002,Wilsons Promontory Marine National Park,0
Dinolestes lewini,-39.05,146.32,1999,12,7,20,26,-39_146,15.812630414962769,16.601139068603516,15.585643155383407,16.771684181732944,2002,Wilsons Promontory Marine National Park,0
Dinolestes lewini,-39.05,146.32,1999,12,7,20,11,-39_146,15.812630414962769,16.601139068603516,15.585643155383407,16.771684181732944,2002,Wilsons Promontory Marine National Park,0
Dinolestes lewini,-39.08,146.32,1999,12,8,25,2,-39_146,15.812630414962769,16.601139068603516,15.585643155383407,16.771684181732944,2002,Wilsons Promontory Marine National Park,0
Dinolestes lewini,-39.09,146.44,2000,11,28,25,1,-39_146,16.089252551396687,15.598596572875977,16.0007740306904,15.698332991423433,2002,Wilsons Promontory Marine National Park,0
Dinolestes lewini,-39.09,146.44,2000,11,28,25,2,-39_146,16.089252551396687,15.598596572875977,16.0007740306904,15.698332991423433,2002,Wilsons Promontory Marine National Park,0
Dinolestes lewini,-39.06,146.45,1999,12,9,25,1,-39_146,15.812630414962769,16.601139068603516,15.585643155383407,16.771684181732944,2002,Wilsons Promontory Marine National Park,0
Dinolestes lewini,-39.13,146.37,1999,12,8,20,1,-39_146,15.812630414962769,16.601139068603516,15.585643155383407,16.771684181732944,2002,Wilsons Promontory Marine National Park,0
Dinolestes lewini,-39.06,146.45,2000,11,25,25,1,-39_146,16.089252551396687,15.598596572875977,16.0007740306904,15.698332991423433,2002,Wilsons Promontory Marine National Park,0
Dinolestes lewini,-39.13,146.37,1999,12,8,30,3,-39_146,15.812630414962769,16.601139068603516,15.585643155383407,16.771684181732944,2002,Wilsons Promontory Marine National Park,0
Dinolestes lewini,-39.06,146.45,2000,11,25,15,1,-39_146,16.089252551396687,15.598596572875977,16.0007740306904,15.698332991423433,2002,Wilsons Promontory Marine National Park,0
Dinolestes lewini,-39.06,146.47,1999,12,5,25,9,-39_146,15.812630414962769,16.601139068603516,15.585643155383407,16.771684181732944,2002,Wilsons Promontory Marine National Park,0
Dinolestes lewini,-39.06,146.47,1999,12,5,25,21,-39_146,15.812630414962769,16.601139068603516,15.585643155383407,16.771684181732944,2002,Wilsons Promontory Marine National Park,0
Dinolestes lewini,-39.06,146.47,1999,12,5,30,1,-39_146,15.812630414962769,16.601139068603516,15.585643155383407,16.771684181732944,2002,Wilsons Promontory Marine National Park,0
Dinolestes lewini,-39.06,146.47,1999,12,5,30,4,-39_146,15.812630414962769,16.601139068603516,15.585643155383407,16.771684181732944,2002,Wilsons Promontory Marine National Park,0
Dinolestes lewini,-39.06,146.47,1999,12,5,30,8,-39_146,15.812630414962769,16.601139068603516,15.585643155383407,16.771684181732944,2002,Wilsons Promontory Marine National Park,0
Dinolestes lewini,-39.13,146.37,1999,12,8,30,1,-39_146,15.812630414962769,16.601139068603516,15.585643155383407,16.771684181732944,2002,Wilsons Promontory Marine National Park,0
Dinolestes lewini,-39.06,146.47,1999,12,5,20,2,-39_146,15.812630414962769,16.601139068603516,15.585643155383407,16.771684181732944,2002,Wilsons Promontory Marine National Park,0
Dinolestes lewini,-39.06,146.47,1999,12,5,25,3,-39_146,15.812630414962769,16.601139068603516,15.585643155383407,16.771684181732944,2002,Wilsons Promontory Marine National Park,0
Dinolestes lewini,-39.06,146.47,1999,12,5,30,6,-39_146,15.812630414962769,16.601139068603516,15.585643155383407,16.771684181732944,2002,Wilsons Promontory Marine National Park,0
Dinolestes lewini,-39.06,146.47,1999,12,5,25,1,-39_146,15.812630414962769,16.601139068603516,15.585643155383407,16.771684181732944,2002,Wilsons Promontory Marine National Park,0
Dinolestes lewini,-39.06,146.47,2000,11,25,20,1,-39_146,16.089252551396687,15.598596572875977,16.0007740306904,15.698332991423433,2002,Wilsons Promontory Marine National Park,0
Dinolestes lewini,-39.06,146.47,2000,11,25,25,4,-39_146,16.089252551396687,15.598596572875977,16.0007740306904,15.698332991423433,2002,Wilsons Promontory Marine National Park,0
Dinolestes lewini,-39.06,146.47,2000,11,25,20,1,-39_146,16.089252551396687,15.598596572875977,16.0007740306904,15.698332991423433,2002,Wilsons Promontory Marine National Park,0
Dinolestes lewini,-39.06,146.47,2000,11,25,30,2,-39_146,16.089252551396687,15.598596572875977,16.0007740306904,15.698332991423433,2002,Wilsons Promontory Marine National Park,0
Dinolestes lewini,-39.13,146.37,1999,12,8,25,1,-39_146,15.812630414962769,16.601139068603516,15.585643155383407,16.771684181732944,2002,Wilsons Promontory Marine National Park,0
Dinolestes lewini,-39.06,146.47,2000,11,25,25,10,-39_146,16.089252551396687,15.598596572875977,16.0007740306904,15.698332991423433,2002,Wilsons Promontory Marine National Park,0
Dinolestes lewini,-39.06,146.47,2000,11,25,30,1,-39_146,16.089252551396687,15.598596572875977,16.0007740306904,15.698332991423433,2002,Wilsons Promontory Marine National Park,0
Dinolestes lewini,-39.06,146.47,2000,11,25,30,1,-39_146,16.089252551396687,15.598596572875977,16.0007740306904,15.698332991423433,2002,Wilsons Promontory Marine National Park,0
Dinolestes lewini,-39.08,146.23,1999,12,6,25,2,-39_146,15.812630414962769,16.601139068603516,15.585643155383407,16.771684181732944,NA,NA,0
Dinolestes lewini,-39.08,146.23,1999,12,6,25,24,-39_146,15.812630414962769,16.601139068603516,15.585643155383407,16.771684181732944,NA,NA,0
Dinolestes lewini,-39.08,146.23,1999,12,6,30,1,-39_146,15.812630414962769,16.601139068603516,15.585643155383407,16.771684181732944,NA,NA,0
Dinolestes lewini,-39.08,146.23,1999,12,6,20,17,-39_146,15.812630414962769,16.601139068603516,15.585643155383407,16.771684181732944,NA,NA,0
Dinolestes lewini,-39.08,146.23,2000,11,16,25,9,-39_146,16.089252551396687,15.598596572875977,16.0007740306904,15.698332991423433,NA,NA,0
Dinolestes lewini,-39.08,146.23,2000,11,16,25,61,-39_146,16.089252551396687,15.598596572875977,16.0007740306904,15.698332991423433,NA,NA,0
Dinolestes lewini,-39.08,146.23,2000,11,16,30,2,-39_146,16.089252551396687,15.598596572875977,16.0007740306904,15.698332991423433,NA,NA,0
Dinolestes lewini,-39.09,146.23,1999,11,30,12.5,4,-39_146,15.812630414962769,14.978825569152832,15.585643155383407,15.239295934747766,NA,NA,0
Dinolestes lewini,-39.09,146.23,1999,11,30,12.5,1,-39_146,15.812630414962769,14.978825569152832,15.585643155383407,15.239295934747766,NA,NA,0
Dinolestes lewini,-39.09,146.23,1999,11,30,20,1,-39_146,15.812630414962769,14.978825569152832,15.585643155383407,15.239295934747766,NA,NA,0
Dinolestes lewini,-39.09,146.23,2000,11,14,25,1,-39_146,16.089252551396687,15.598596572875977,16.0007740306904,15.698332991423433,NA,NA,0
Dinolestes lewini,-39.09,146.23,2000,11,14,30,4,-39_146,16.089252551396687,15.598596572875977,16.0007740306904,15.698332991423433,NA,NA,0
Dinolestes lewini,-39.09,146.23,2000,11,14,35,5,-39_146,16.089252551396687,15.598596572875977,16.0007740306904,15.698332991423433,NA,NA,0
Dinolestes lewini,-39.09,146.23,2000,11,14,35,16,-39_146,16.089252551396687,15.598596572875977,16.0007740306904,15.698332991423433,NA,NA,0
Dinolestes lewini,-39.1,146.33,1999,11,30,25,5,-39_146,15.812630414962769,14.978825569152832,15.585643155383407,15.239295934747766,2002,Wilsons Promontory Marine National Park,0
Dinolestes lewini,-39.1,146.33,1999,11,30,12.5,1,-39_146,15.812630414962769,14.978825569152832,15.585643155383407,15.239295934747766,2002,Wilsons Promontory Marine National Park,0
Dinolestes lewini,-39.1,146.33,1999,11,30,25,7,-39_146,15.812630414962769,14.978825569152832,15.585643155383407,15.239295934747766,2002,Wilsons Promontory Marine National Park,0
Dinolestes lewini,-39.1,146.33,1999,11,30,20,1,-39_146,15.812630414962769,14.978825569152832,15.585643155383407,15.239295934747766,2002,Wilsons Promontory Marine National Park,0
Dinolestes lewini,-39.1,146.33,1999,11,30,25,2,-39_146,15.812630414962769,14.978825569152832,15.585643155383407,15.239295934747766,2002,Wilsons Promontory Marine National Park,0
Dinolestes lewini,-39.1,146.33,1999,11,30,30,1,-39_146,15.812630414962769,14.978825569152832,15.585643155383407,15.239295934747766,2002,Wilsons Promontory Marine National Park,0
Dinolestes lewini,-39.1,146.33,1999,11,30,30,3,-39_146,15.812630414962769,14.978825569152832,15.585643155383407,15.239295934747766,2002,Wilsons Promontory Marine National Park,0
Dinolestes lewini,-39.1,146.33,1999,11,30,25,1,-39_146,15.812630414962769,14.978825569152832,15.585643155383407,15.239295934747766,2002,Wilsons Promontory Marine National Park,0
Dinolestes lewini,-39.1,146.33,1999,11,30,30,7,-39_146,15.812630414962769,14.978825569152832,15.585643155383407,15.239295934747766,2002,Wilsons Promontory Marine National Park,0
Dinolestes lewini,-39.1,146.33,1999,11,30,25,1,-39_146,15.812630414962769,14.978825569152832,15.585643155383407,15.239295934747766,2002,Wilsons Promontory Marine National Park,0
Dinolestes lewini,-39.1,146.33,1999,11,30,25,2,-39_146,15.812630414962769,14.978825569152832,15.585643155383407,15.239295934747766,2002,Wilsons Promontory Marine National Park,0
Dinolestes lewini,-39.1,146.33,2000,11,15,20,1,-39_146,16.089252551396687,15.598596572875977,16.0007740306904,15.698332991423433,2002,Wilsons Promontory Marine National Park,0
Dinolestes lewini,-39.1,146.33,2000,11,15,25,1,-39_146,16.089252551396687,15.598596572875977,16.0007740306904,15.698332991423433,2002,Wilsons Promontory Marine National Park,0
Dinolestes lewini,-39.1,146.33,2000,11,15,20,1,-39_146,16.089252551396687,15.598596572875977,16.0007740306904,15.698332991423433,2002,Wilsons Promontory Marine National Park,0
Dinolestes lewini,-39.1,146.33,2000,11,15,25,2,-39_146,16.089252551396687,15.598596572875977,16.0007740306904,15.698332991423433,2002,Wilsons Promontory Marine National Park,0
Dinolestes lewini,-39.1,146.33,2000,11,15,15,1,-39_146,16.089252551396687,15.598596572875977,16.0007740306904,15.698332991423433,2002,Wilsons Promontory Marine National Park,0
Dinolestes lewini,-39.1,146.33,2000,11,15,20,2,-39_146,16.089252551396687,15.598596572875977,16.0007740306904,15.698332991423433,2002,Wilsons Promontory Marine National Park,0
Dinolestes lewini,-39.1,146.33,2000,11,15,25,1,-39_146,16.089252551396687,15.598596572875977,16.0007740306904,15.698332991423433,2002,Wilsons Promontory Marine National Park,0
Dinolestes lewini,-39.1,146.33,2000,11,15,30,1,-39_146,16.089252551396687,15.598596572875977,16.0007740306904,15.698332991423433,2002,Wilsons Promontory Marine National Park,0
Dinolestes lewini,-39.11,146.34,1999,12,8,20,1,-39_146,15.812630414962769,16.601139068603516,15.585643155383407,16.771684181732944,2002,Wilsons Promontory Marine National Park,0
Dinolestes lewini,-39.13,146.38,1999,12,2,15,4,-39_146,15.812630414962769,16.601139068603516,15.585643155383407,16.771684181732944,2002,Wilsons Promontory Marine National Park,0
Dinolestes lewini,-39.13,146.38,1999,12,2,20,1,-39_146,15.812630414962769,16.601139068603516,15.585643155383407,16.771684181732944,2002,Wilsons Promontory Marine National Park,0
Dinolestes lewini,-39.11,146.34,1999,12,8,25,1,-39_146,15.812630414962769,16.601139068603516,15.585643155383407,16.771684181732944,2002,Wilsons Promontory Marine National Park,0
Dinolestes lewini,-39.11,146.34,1999,12,8,30,1,-39_146,15.812630414962769,16.601139068603516,15.585643155383407,16.771684181732944,2002,Wilsons Promontory Marine National Park,0
Dinolestes lewini,-39.11,146.34,1999,12,8,20,1,-39_146,15.812630414962769,16.601139068603516,15.585643155383407,16.771684181732944,2002,Wilsons Promontory Marine National Park,0
Dinolestes lewini,-39.11,146.34,1999,12,8,20,1,-39_146,15.812630414962769,16.601139068603516,15.585643155383407,16.771684181732944,2002,Wilsons Promontory Marine National Park,0
Dinolestes lewini,-39.13,146.38,1999,12,2,15,1,-39_146,15.812630414962769,16.601139068603516,15.585643155383407,16.771684181732944,2002,Wilsons Promontory Marine National Park,0
Dinolestes lewini,-39.11,146.34,1999,12,8,25,1,-39_146,15.812630414962769,16.601139068603516,15.585643155383407,16.771684181732944,2002,Wilsons Promontory Marine National Park,0
Dinolestes lewini,-39.11,146.34,1999,12,8,35,1,-39_146,15.812630414962769,16.601139068603516,15.585643155383407,16.771684181732944,2002,Wilsons Promontory Marine National Park,0
Dinolestes lewini,-39.11,146.34,2000,11,15,15,1,-39_146,16.089252551396687,15.598596572875977,16.0007740306904,15.698332991423433,2002,Wilsons Promontory Marine National Park,0
Dinolestes lewini,-39.14,146.32,1999,12,6,20,1,-39_146,15.812630414962769,16.601139068603516,15.585643155383407,16.771684181732944,2002,Wilsons Promontory Marine National Park,0
Dinolestes lewini,-39.14,146.32,1999,12,6,25,1,-39_146,15.812630414962769,16.601139068603516,15.585643155383407,16.771684181732944,2002,Wilsons Promontory Marine National Park,0
Dinolestes lewini,-39.14,146.32,1999,12,6,30,1,-39_146,15.812630414962769,16.601139068603516,15.585643155383407,16.771684181732944,2002,Wilsons Promontory Marine National Park,0
Dinolestes lewini,-39.14,146.32,1999,12,6,20,5,-39_146,15.812630414962769,16.601139068603516,15.585643155383407,16.771684181732944,2002,Wilsons Promontory Marine National Park,0
Dinolestes lewini,-39.14,146.32,1999,12,6,25,2,-39_146,15.812630414962769,16.601139068603516,15.585643155383407,16.771684181732944,2002,Wilsons Promontory Marine National Park,0
Dinolestes lewini,-39.04,146.47,1999,12,3,25,1,-39_146,15.812630414962769,16.601139068603516,15.585643155383407,16.771684181732944,NA,NA,0
Dinolestes lewini,-39.04,146.47,1999,12,3,25,6,-39_146,15.812630414962769,16.601139068603516,15.585643155383407,16.771684181732944,NA,NA,0
Dinolestes lewini,-39.04,146.47,1999,12,3,25,6,-39_146,15.812630414962769,16.601139068603516,15.585643155383407,16.771684181732944,NA,NA,0
Dinolestes lewini,-39.04,146.47,1999,12,3,25,8,-39_146,15.812630414962769,16.601139068603516,15.585643155383407,16.771684181732944,NA,NA,0
Dinolestes lewini,-39.04,146.47,2000,11,29,25,9,-39_146,16.089252551396687,15.598596572875977,16.0007740306904,15.698332991423433,NA,NA,0
Dinolestes lewini,-39.04,146.47,2000,11,29,25,3,-39_146,16.089252551396687,15.598596572875977,16.0007740306904,15.698332991423433,NA,NA,0
Dinolestes lewini,-39.03,146.47,1999,12,3,15,2,-39_146,15.812630414962769,16.601139068603516,15.585643155383407,16.771684181732944,NA,NA,0
Dinolestes lewini,-39.03,146.47,1999,12,3,15,3,-39_146,15.812630414962769,16.601139068603516,15.585643155383407,16.771684181732944,NA,NA,0
Dinolestes lewini,-39.03,146.47,1999,12,3,20,3,-39_146,15.812630414962769,16.601139068603516,15.585643155383407,16.771684181732944,NA,NA,0
Dinolestes lewini,-39.03,146.47,1999,12,3,20,1,-39_146,15.812630414962769,16.601139068603516,15.585643155383407,16.771684181732944,NA,NA,0
Dinolestes lewini,-39.13,146.41,1999,12,2,15,5,-39_146,15.812630414962769,16.601139068603516,15.585643155383407,16.771684181732944,2002,Wilsons Promontory Marine National Park,0
Dinolestes lewini,-39.13,146.41,1999,12,2,20,6,-39_146,15.812630414962769,16.601139068603516,15.585643155383407,16.771684181732944,2002,Wilsons Promontory Marine National Park,0
Dinolestes lewini,-39.13,146.41,1999,12,2,20,2,-39_146,15.812630414962769,16.601139068603516,15.585643155383407,16.771684181732944,2002,Wilsons Promontory Marine National Park,0
Dinolestes lewini,-39.13,146.41,1999,12,2,25,1,-39_146,15.812630414962769,16.601139068603516,15.585643155383407,16.771684181732944,2002,Wilsons Promontory Marine National Park,0
Dinolestes lewini,-39.13,146.41,1999,12,2,20,10,-39_146,15.812630414962769,16.601139068603516,15.585643155383407,16.771684181732944,2002,Wilsons Promontory Marine National Park,0
Dinolestes lewini,-39.13,146.41,2000,11,28,25,1,-39_146,16.089252551396687,15.598596572875977,16.0007740306904,15.698332991423433,2002,Wilsons Promontory Marine National Park,0
Dinolestes lewini,-39.13,146.41,2000,11,28,25,3,-39_146,16.089252551396687,15.598596572875977,16.0007740306904,15.698332991423433,2002,Wilsons Promontory Marine National Park,0
Dinolestes lewini,-39.13,146.41,2000,11,28,30,5,-39_146,16.089252551396687,15.598596572875977,16.0007740306904,15.698332991423433,2002,Wilsons Promontory Marine National Park,0
Dinolestes lewini,-39.13,146.41,2000,11,28,35,9,-39_146,16.089252551396687,15.598596572875977,16.0007740306904,15.698332991423433,2002,Wilsons Promontory Marine National Park,0
Dinolestes lewini,-39.13,146.41,2000,11,28,25,15,-39_146,16.089252551396687,15.598596572875977,16.0007740306904,15.698332991423433,2002,Wilsons Promontory Marine National Park,0
Dinolestes lewini,-39.13,146.41,2000,11,28,35,1,-39_146,16.089252551396687,15.598596572875977,16.0007740306904,15.698332991423433,2002,Wilsons Promontory Marine National Park,0
Dinolestes lewini,-39.12,146.42,1999,12,5,25,5,-39_146,15.812630414962769,16.601139068603516,15.585643155383407,16.771684181732944,2002,Wilsons Promontory Marine National Park,0
Dinolestes lewini,-39.12,146.42,1999,12,5,25,1,-39_146,15.812630414962769,16.601139068603516,15.585643155383407,16.771684181732944,2002,Wilsons Promontory Marine National Park,0
Dinolestes lewini,-39.12,146.42,1999,12,5,20,1,-39_146,15.812630414962769,16.601139068603516,15.585643155383407,16.771684181732944,2002,Wilsons Promontory Marine National Park,0
Dinolestes lewini,-39.12,146.42,1999,12,5,25,1,-39_146,15.812630414962769,16.601139068603516,15.585643155383407,16.771684181732944,2002,Wilsons Promontory Marine National Park,0
Dinolestes lewini,-39.12,146.42,1999,12,5,20,6,-39_146,15.812630414962769,16.601139068603516,15.585643155383407,16.771684181732944,2002,Wilsons Promontory Marine National Park,0
Dinolestes lewini,-39.12,146.42,1999,12,5,20,5,-39_146,15.812630414962769,16.601139068603516,15.585643155383407,16.771684181732944,2002,Wilsons Promontory Marine National Park,0
Dinolestes lewini,-39.12,146.42,1999,12,5,20,10,-39_146,15.812630414962769,16.601139068603516,15.585643155383407,16.771684181732944,2002,Wilsons Promontory Marine National Park,0
Dinolestes lewini,-39.12,146.42,1999,12,5,20,7,-39_146,15.812630414962769,16.601139068603516,15.585643155383407,16.771684181732944,2002,Wilsons Promontory Marine National Park,0
Dinolestes lewini,-39,146.45,1999,12,4,30,15,-39_146,15.812630414962769,16.601139068603516,15.585643155383407,16.771684181732944,NA,NA,0
Dinolestes lewini,-39,146.45,1999,12,4,35,9,-39_146,15.812630414962769,16.601139068603516,15.585643155383407,16.771684181732944,NA,NA,0
Dinolestes lewini,-39,146.45,1999,12,4,35,1,-39_146,15.812630414962769,16.601139068603516,15.585643155383407,16.771684181732944,NA,NA,0
Dinolestes lewini,-39.06,146.48,1999,12,4,25,14,-39_146,15.812630414962769,16.601139068603516,15.585643155383407,16.771684181732944,NA,NA,0
Dinolestes lewini,-39.06,146.48,1999,12,4,25,23,-39_146,15.812630414962769,16.601139068603516,15.585643155383407,16.771684181732944,NA,NA,0
Dinolestes lewini,-39.06,146.48,2000,11,26,20,1,-39_146,16.089252551396687,15.598596572875977,16.0007740306904,15.698332991423433,NA,NA,0
Dinolestes lewini,-39.06,146.48,2000,11,26,25,1,-39_146,16.089252551396687,15.598596572875977,16.0007740306904,15.698332991423433,NA,NA,0
Dinolestes lewini,-39.06,146.48,2000,11,26,25,1,-39_146,16.089252551396687,15.598596572875977,16.0007740306904,15.698332991423433,NA,NA,0
Dinolestes lewini,-39.06,146.48,2000,11,26,30,1,-39_146,16.089252551396687,15.598596572875977,16.0007740306904,15.698332991423433,NA,NA,0
Dinolestes lewini,-39.05,146.48,1999,12,3,25,1,-39_146,15.812630414962769,16.601139068603516,15.585643155383407,16.771684181732944,NA,NA,0
Dinolestes lewini,-39.05,146.48,1999,12,3,20,1,-39_146,15.812630414962769,16.601139068603516,15.585643155383407,16.771684181732944,NA,NA,0
Dinolestes lewini,-39.05,146.48,1999,12,3,30,1,-39_146,15.812630414962769,16.601139068603516,15.585643155383407,16.771684181732944,NA,NA,0
Dinolestes lewini,-39.05,146.48,1999,12,3,20,1,-39_146,15.812630414962769,16.601139068603516,15.585643155383407,16.771684181732944,NA,NA,0
Dinolestes lewini,-39.05,146.48,1999,12,3,20,3,-39_146,15.812630414962769,16.601139068603516,15.585643155383407,16.771684181732944,NA,NA,0
Dinolestes lewini,-39.05,146.48,1999,12,3,25,1,-39_146,15.812630414962769,16.601139068603516,15.585643155383407,16.771684181732944,NA,NA,0
Dinolestes lewini,-39.05,146.48,2000,11,27,20,2,-39_146,16.089252551396687,15.598596572875977,16.0007740306904,15.698332991423433,NA,NA,0
Dinolestes lewini,-39.05,146.48,2000,11,27,20,6,-39_146,16.089252551396687,15.598596572875977,16.0007740306904,15.698332991423433,NA,NA,0
Dinolestes lewini,-39.05,146.48,2000,11,27,25,1,-39_146,16.089252551396687,15.598596572875977,16.0007740306904,15.698332991423433,NA,NA,0
Dinolestes lewini,-39.05,146.48,1999,12,9,30,2,-39_146,15.812630414962769,16.601139068603516,15.585643155383407,16.771684181732944,NA,NA,0
Dinolestes lewini,-39.05,146.48,1999,12,9,35,1,-39_146,15.812630414962769,16.601139068603516,15.585643155383407,16.771684181732944,NA,NA,0
Dinolestes lewini,-39.12,146.42,2000,11,26,20,4,-39_146,16.089252551396687,15.598596572875977,16.0007740306904,15.698332991423433,2002,Wilsons Promontory Marine National Park,0
Dinolestes lewini,-39.05,146.48,2000,11,27,25,1,-39_146,16.089252551396687,15.598596572875977,16.0007740306904,15.698332991423433,NA,NA,0
Dinolestes lewini,-39.12,146.42,2000,11,26,20,6,-39_146,16.089252551396687,15.598596572875977,16.0007740306904,15.698332991423433,2002,Wilsons Promontory Marine National Park,0
Dinolestes lewini,-39.11,146.43,2000,11,26,25,1,-39_146,16.089252551396687,15.598596572875977,16.0007740306904,15.698332991423433,2002,Wilsons Promontory Marine National Park,0
Dinolestes lewini,-39.11,146.43,2000,11,26,25,1,-39_146,16.089252551396687,15.598596572875977,16.0007740306904,15.698332991423433,2002,Wilsons Promontory Marine National Park,0
Dinolestes lewini,-39.09,146.44,1999,12,5,25,3,-39_146,15.812630414962769,16.601139068603516,15.585643155383407,16.771684181732944,2002,Wilsons Promontory Marine National Park,0
Dinolestes lewini,-39.09,146.44,1999,12,5,30,21,-39_146,15.812630414962769,16.601139068603516,15.585643155383407,16.771684181732944,2002,Wilsons Promontory Marine National Park,0
Dinolestes lewini,-39.09,146.44,1999,12,5,30,1,-39_146,15.812630414962769,16.601139068603516,15.585643155383407,16.771684181732944,2002,Wilsons Promontory Marine National Park,0
Dinolestes lewini,-39.09,146.44,1999,12,5,25,1,-39_146,15.812630414962769,16.601139068603516,15.585643155383407,16.771684181732944,2002,Wilsons Promontory Marine National Park,0
Dinolestes lewini,-39.09,146.44,1999,12,5,30,1,-39_146,15.812630414962769,16.601139068603516,15.585643155383407,16.771684181732944,2002,Wilsons Promontory Marine National Park,0
Dinolestes lewini,-39.09,146.44,2000,11,28,25,1,-39_146,16.089252551396687,15.598596572875977,16.0007740306904,15.698332991423433,2002,Wilsons Promontory Marine National Park,0
Dinolestes lewini,-39.09,146.44,2000,11,28,35,1,-39_146,16.089252551396687,15.598596572875977,16.0007740306904,15.698332991423433,2002,Wilsons Promontory Marine National Park,0
Dinolestes lewini,-39.09,146.44,2000,11,28,35,1,-39_146,16.089252551396687,15.598596572875977,16.0007740306904,15.698332991423433,2002,Wilsons Promontory Marine National Park,0
Dinolestes lewini,-42.63,148.02,2007,4,5,25,11,-43_148,14.082045634587606,15.175874710083008,14.782759136327767,16.26116631189982,NA,NA,0
Dinolestes lewini,-42.63,148.02,2007,4,5,25,24,-43_148,14.082045634587606,15.175874710083008,14.782759136327767,16.26116631189982,NA,NA,0
Dinolestes lewini,-35.08,150.8,2007,5,21,25,1,-35_151,19.947011470794678,20.66152572631836,20.31496241590761,21.13795655773532,2002,Jervis Bay Marine Park,0
Dinolestes lewini,-35.12,150.71,2007,5,18,30,2,-35_151,19.947011470794678,20.66152572631836,20.31496241590761,21.13795655773532,NA,NA,0
Dinolestes lewini,-35.08,150.8,2007,5,21,40,1,-35_151,19.947011470794678,20.66152572631836,20.31496241590761,21.13795655773532,2002,Jervis Bay Marine Park,0
Dinolestes lewini,-35.12,150.71,2007,5,18,30,10,-35_151,19.947011470794678,20.66152572631836,20.31496241590761,21.13795655773532,NA,NA,0
Dinolestes lewini,-35.08,150.8,2007,5,11,15,2,-35_151,19.947011470794678,20.66152572631836,20.31496241590761,21.13795655773532,2002,Jervis Bay Marine Park,0
Dinolestes lewini,-35.08,150.8,2007,5,21,35,1,-35_151,19.947011470794678,20.66152572631836,20.31496241590761,21.13795655773532,2002,Jervis Bay Marine Park,0
Dinolestes lewini,-35.08,150.8,2007,5,21,25,2,-35_151,19.947011470794678,20.66152572631836,20.31496241590761,21.13795655773532,2002,Jervis Bay Marine Park,0
Dinolestes lewini,-42.66,148.01,2016,4,13,30,25,-43_148,14.459003130594889,16.228710174560547,15.224837747641509,17.615232855478922,NA,NA,0
Dinolestes lewini,-42.66,148.01,2016,4,13,30,15,-43_148,14.459003130594889,16.228710174560547,15.224837747641509,17.615232855478922,NA,NA,0
Dinolestes lewini,-42.56,148.07,2016,4,13,12.5,5,-43_148,14.459003130594889,16.228710174560547,15.224837747641509,17.615232855478922,NA,NA,0
Dinolestes lewini,-42.56,148.07,2016,4,13,30,1,-43_148,14.459003130594889,16.228710174560547,15.224837747641509,17.615232855478922,NA,NA,0
Dinolestes lewini,-42.56,148.07,2016,4,13,30,16,-43_148,14.459003130594889,16.228710174560547,15.224837747641509,17.615232855478922,NA,NA,0
Dinolestes lewini,-42.56,148.07,2016,4,13,35,1,-43_148,14.459003130594889,16.228710174560547,15.224837747641509,17.615232855478922,NA,NA,0
Dinolestes lewini,-42.56,148.07,2016,4,13,25,1,-43_148,14.459003130594889,16.228710174560547,15.224837747641509,17.615232855478922,NA,NA,0
Dinolestes lewini,-42.56,148.07,2016,4,13,30,2,-43_148,14.459003130594889,16.228710174560547,15.224837747641509,17.615232855478922,NA,NA,0
Dinolestes lewini,-42.56,148.07,2016,4,13,35,1,-43_148,14.459003130594889,16.228710174560547,15.224837747641509,17.615232855478922,NA,NA,0
Dinolestes lewini,-42.56,148.07,2016,4,13,25,1,-43_148,14.459003130594889,16.228710174560547,15.224837747641509,17.615232855478922,NA,NA,0
Dinolestes lewini,-42.56,148.07,2016,4,13,40,1,-43_148,14.459003130594889,16.228710174560547,15.224837747641509,17.615232855478922,NA,NA,0
Dinolestes lewini,-42.52,147.97,2016,4,5,12.5,1,-43_148,14.459003130594889,16.228710174560547,15.224837747641509,17.615232855478922,NA,NA,0
Dinolestes lewini,-42.52,147.97,2016,4,5,10,1,-43_148,14.459003130594889,16.228710174560547,15.224837747641509,17.615232855478922,NA,NA,0
Dinolestes lewini,-42.52,147.97,2016,4,5,20,4,-43_148,14.459003130594889,16.228710174560547,15.224837747641509,17.615232855478922,NA,NA,0
Dinolestes lewini,-42.52,147.97,2016,4,5,20,1,-43_148,14.459003130594889,16.228710174560547,15.224837747641509,17.615232855478922,NA,NA,0
Dinolestes lewini,-42.72,148.01,2016,4,4,20,1,-43_148,14.459003130594889,16.228710174560547,15.224837747641509,17.615232855478922,NA,NA,0
Dinolestes lewini,-42.72,148.01,2016,4,4,15,1,-43_148,14.459003130594889,16.228710174560547,15.224837747641509,17.615232855478922,NA,NA,0
Dinolestes lewini,-42.72,148.01,2016,4,4,12.5,1,-43_148,14.459003130594889,16.228710174560547,15.224837747641509,17.615232855478922,NA,NA,0
Dinolestes lewini,-42.72,148.01,2016,4,4,15,3,-43_148,14.459003130594889,16.228710174560547,15.224837747641509,17.615232855478922,NA,NA,0
Dinolestes lewini,-42.72,148.01,2016,4,4,20,1,-43_148,14.459003130594889,16.228710174560547,15.224837747641509,17.615232855478922,NA,NA,0
Dinolestes lewini,-42.72,148.01,2016,4,4,15,1,-43_148,14.459003130594889,16.228710174560547,15.224837747641509,17.615232855478922,NA,NA,0
Dinolestes lewini,-42.58,148.06,2016,4,4,7.5,1,-43_148,14.459003130594889,16.228710174560547,15.224837747641509,17.615232855478922,NA,NA,0
Dinolestes lewini,-42.58,148.06,2016,4,4,12.5,1,-43_148,14.459003130594889,16.228710174560547,15.224837747641509,17.615232855478922,NA,NA,0
Dinolestes lewini,-42.58,148.06,2016,4,4,7.5,2,-43_148,14.459003130594889,16.228710174560547,15.224837747641509,17.615232855478922,NA,NA,0
Dinolestes lewini,-35.09,150.69,2017,5,16,30,1,-35_151,20.616925875345867,20.022951126098633,20.873406667102216,20.21591354698263,2002,Jervis Bay Marine Park,1
Dinolestes lewini,-35.09,150.69,2017,5,16,30,19,-35_151,20.616925875345867,20.022951126098633,20.873406667102216,20.21591354698263,2002,Jervis Bay Marine Park,1
Dinolestes lewini,-35.09,150.69,2017,5,16,35,3,-35_151,20.616925875345867,20.022951126098633,20.873406667102216,20.21591354698263,2002,Jervis Bay Marine Park,1
Dinolestes lewini,-35.09,150.69,2017,5,16,30,6,-35_151,20.616925875345867,20.022951126098633,20.873406667102216,20.21591354698263,2002,Jervis Bay Marine Park,1
Dinolestes lewini,-35.09,150.69,2017,5,16,35,22,-35_151,20.616925875345867,20.022951126098633,20.873406667102216,20.21591354698263,2002,Jervis Bay Marine Park,1
Dinolestes lewini,-35.12,150.71,2017,5,16,7.5,1,-35_151,20.616925875345867,20.022951126098633,20.873406667102216,20.21591354698263,NA,NA,0
Dinolestes lewini,-35.12,150.71,2017,5,16,10,1,-35_151,20.616925875345867,20.022951126098633,20.873406667102216,20.21591354698263,NA,NA,0
Dinolestes lewini,-42.6,148.05,2016,4,4,10,1,-43_148,14.459003130594889,16.228710174560547,15.224837747641509,17.615232855478922,NA,NA,0
Dinolestes lewini,-42.6,148.05,2016,4,4,10,2,-43_148,14.459003130594889,16.228710174560547,15.224837747641509,17.615232855478922,NA,NA,0
Dinolestes lewini,-42.63,148.02,2016,4,4,10,1,-43_148,14.459003130594889,16.228710174560547,15.224837747641509,17.615232855478922,NA,NA,0
Dinolestes lewini,-35.12,150.71,2017,5,16,30,1,-35_151,20.616925875345867,20.022951126098633,20.873406667102216,20.21591354698263,NA,NA,0
Dinolestes lewini,-35.12,150.71,2017,5,16,35,1,-35_151,20.616925875345867,20.022951126098633,20.873406667102216,20.21591354698263,NA,NA,0
Dinolestes lewini,-35.1,150.7,2017,5,17,25,1,-35_151,20.616925875345867,20.022951126098633,20.873406667102216,20.21591354698263,2002,Jervis Bay Marine Park,1
Dinolestes lewini,-35.07,150.7,2017,5,17,30,2,-35_151,20.616925875345867,20.022951126098633,20.873406667102216,20.21591354698263,NA,NA,0
Dinolestes lewini,-35.07,150.7,2017,5,17,25,1,-35_151,20.616925875345867,20.022951126098633,20.873406667102216,20.21591354698263,NA,NA,0
Dinolestes lewini,-35.07,150.7,2017,5,17,30,6,-35_151,20.616925875345867,20.022951126098633,20.873406667102216,20.21591354698263,NA,NA,0
Dinolestes lewini,-35.07,150.7,2017,5,17,35,4,-35_151,20.616925875345867,20.022951126098633,20.873406667102216,20.21591354698263,NA,NA,0
Dinolestes lewini,-35.07,150.7,2017,5,17,25,4,-35_151,20.616925875345867,20.022951126098633,20.873406667102216,20.21591354698263,NA,NA,0
Dinolestes lewini,-35.07,150.7,2017,5,17,30,2,-35_151,20.616925875345867,20.022951126098633,20.873406667102216,20.21591354698263,NA,NA,0
Dinolestes lewini,-35.07,150.7,2017,5,17,35,1,-35_151,20.616925875345867,20.022951126098633,20.873406667102216,20.21591354698263,NA,NA,0
Dinolestes lewini,-42.63,148.02,2016,4,4,12.5,3,-43_148,14.459003130594889,16.228710174560547,15.224837747641509,17.615232855478922,NA,NA,0
Dinolestes lewini,-42.63,148.02,2016,4,4,12.5,9,-43_148,14.459003130594889,16.228710174560547,15.224837747641509,17.615232855478922,NA,NA,0
Dinolestes lewini,-42.63,148.02,2016,4,4,12.5,11,-43_148,14.459003130594889,16.228710174560547,15.224837747641509,17.615232855478922,NA,NA,0
Dinolestes lewini,-42.63,148.02,2016,4,4,20,2,-43_148,14.459003130594889,16.228710174560547,15.224837747641509,17.615232855478922,NA,NA,0
Dinolestes lewini,-42.63,148.02,2016,4,4,12.5,24,-43_148,14.459003130594889,16.228710174560547,15.224837747641509,17.615232855478922,NA,NA,0
Dinolestes lewini,-42.63,148.02,2016,4,4,15,101,-43_148,14.459003130594889,16.228710174560547,15.224837747641509,17.615232855478922,NA,NA,0
Dinolestes lewini,-42.63,148.02,2016,4,4,12.5,76,-43_148,14.459003130594889,16.228710174560547,15.224837747641509,17.615232855478922,NA,NA,0
Dinolestes lewini,-42.63,148.02,2016,4,4,15,99,-43_148,14.459003130594889,16.228710174560547,15.224837747641509,17.615232855478922,NA,NA,0
Dinolestes lewini,-42.63,148.02,2016,4,4,7.5,1,-43_148,14.459003130594889,16.228710174560547,15.224837747641509,17.615232855478922,NA,NA,0
Dinolestes lewini,-42.63,148.02,2016,4,4,10,43,-43_148,14.459003130594889,16.228710174560547,15.224837747641509,17.615232855478922,NA,NA,0
Dinolestes lewini,-42.63,148.02,2016,4,4,10,2,-43_148,14.459003130594889,16.228710174560547,15.224837747641509,17.615232855478922,NA,NA,0
Dinolestes lewini,-42.58,148.05,2016,4,6,15,3,-43_148,14.459003130594889,16.228710174560547,15.224837747641509,17.615232855478922,NA,NA,0
Dinolestes lewini,-42.58,148.05,2016,4,6,12.5,3,-43_148,14.459003130594889,16.228710174560547,15.224837747641509,17.615232855478922,NA,NA,0
Dinolestes lewini,-42.58,148.05,2016,4,6,12.5,4,-43_148,14.459003130594889,16.228710174560547,15.224837747641509,17.615232855478922,NA,NA,0
Dinolestes lewini,-42.58,148.05,2016,4,6,10,1,-43_148,14.459003130594889,16.228710174560547,15.224837747641509,17.615232855478922,NA,NA,0
Dinolestes lewini,-42.59,148.05,2016,4,6,30,1,-43_148,14.459003130594889,16.228710174560547,15.224837747641509,17.615232855478922,NA,NA,0
Dinolestes lewini,-42.59,148.05,2016,4,6,15,3,-43_148,14.459003130594889,16.228710174560547,15.224837747641509,17.615232855478922,NA,NA,0
Dinolestes lewini,-42.59,148.05,2016,4,6,25,1,-43_148,14.459003130594889,16.228710174560547,15.224837747641509,17.615232855478922,NA,NA,0
Dinolestes lewini,-42.55,147.95,2016,4,5,25,1,-43_148,14.459003130594889,16.228710174560547,15.224837747641509,17.615232855478922,NA,NA,0
Dinolestes lewini,-42.58,147.92,2016,4,5,12.5,1,-43_148,14.459003130594889,16.228710174560547,15.224837747641509,17.615232855478922,NA,NA,0
Dinolestes lewini,-42.58,147.92,2016,4,5,15,2,-43_148,14.459003130594889,16.228710174560547,15.224837747641509,17.615232855478922,NA,NA,0
Dinolestes lewini,-42.58,147.92,2016,4,5,20,65,-43_148,14.459003130594889,16.228710174560547,15.224837747641509,17.615232855478922,NA,NA,0
Dinolestes lewini,-42.58,147.92,2016,4,5,25,23,-43_148,14.459003130594889,16.228710174560547,15.224837747641509,17.615232855478922,NA,NA,0
Dinolestes lewini,-42.58,147.92,2016,4,5,30,4,-43_148,14.459003130594889,16.228710174560547,15.224837747641509,17.615232855478922,NA,NA,0
Dinolestes lewini,-42.58,147.92,2016,4,5,15,3,-43_148,14.459003130594889,16.228710174560547,15.224837747641509,17.615232855478922,NA,NA,0
Dinolestes lewini,-42.58,147.92,2016,4,5,20,51,-43_148,14.459003130594889,16.228710174560547,15.224837747641509,17.615232855478922,NA,NA,0
Dinolestes lewini,-35.07,150.7,2017,5,17,25,1,-35_151,20.616925875345867,20.022951126098633,20.873406667102216,20.21591354698263,NA,NA,0
Dinolestes lewini,-35.07,150.7,2017,5,17,12.5,1,-35_151,20.616925875345867,20.022951126098633,20.873406667102216,20.21591354698263,NA,NA,0
Dinolestes lewini,-35.07,150.7,2017,5,17,25,1,-35_151,20.616925875345867,20.022951126098633,20.873406667102216,20.21591354698263,NA,NA,0
Dinolestes lewini,-35.08,150.78,2017,5,20,30,1,-35_151,20.616925875345867,20.022951126098633,20.873406667102216,20.21591354698263,NA,NA,0
Dinolestes lewini,-35.08,150.78,2017,5,20,35,2,-35_151,20.616925875345867,20.022951126098633,20.873406667102216,20.21591354698263,NA,NA,0
Dinolestes lewini,-35.08,150.78,2017,5,20,30,2,-35_151,20.616925875345867,20.022951126098633,20.873406667102216,20.21591354698263,NA,NA,0
Dinolestes lewini,-35.08,150.78,2017,5,20,30,1,-35_151,20.616925875345867,20.022951126098633,20.873406667102216,20.21591354698263,NA,NA,0
Dinolestes lewini,-35.08,150.78,2017,5,20,35,4,-35_151,20.616925875345867,20.022951126098633,20.873406667102216,20.21591354698263,NA,NA,0
Dinolestes lewini,-42.58,147.92,2016,4,5,25,14,-43_148,14.459003130594889,16.228710174560547,15.224837747641509,17.615232855478922,NA,NA,0
Dinolestes lewini,-42.58,147.92,2016,4,5,30,1,-43_148,14.459003130594889,16.228710174560547,15.224837747641509,17.615232855478922,NA,NA,0
Dinolestes lewini,-42.58,147.92,2016,4,5,5,4,-43_148,14.459003130594889,16.228710174560547,15.224837747641509,17.615232855478922,NA,NA,0
Dinolestes lewini,-42.58,147.92,2016,4,5,7.5,1,-43_148,14.459003130594889,16.228710174560547,15.224837747641509,17.615232855478922,NA,NA,0
Dinolestes lewini,-42.58,147.92,2016,4,5,10,1,-43_148,14.459003130594889,16.228710174560547,15.224837747641509,17.615232855478922,NA,NA,0
Dinolestes lewini,-42.58,147.92,2016,4,5,20,1,-43_148,14.459003130594889,16.228710174560547,15.224837747641509,17.615232855478922,NA,NA,0
Dinolestes lewini,-42.58,147.92,2016,4,5,5,1,-43_148,14.459003130594889,16.228710174560547,15.224837747641509,17.615232855478922,NA,NA,0
Dinolestes lewini,-42.58,147.92,2016,4,5,7.5,12,-43_148,14.459003130594889,16.228710174560547,15.224837747641509,17.615232855478922,NA,NA,0
Dinolestes lewini,-42.58,147.92,2016,4,5,20,3,-43_148,14.459003130594889,16.228710174560547,15.224837747641509,17.615232855478922,NA,NA,0
Dinolestes lewini,-42.58,147.92,2016,4,5,7.5,1,-43_148,14.459003130594889,16.228710174560547,15.224837747641509,17.615232855478922,NA,NA,0
Dinolestes lewini,-42.58,147.92,2016,4,5,20,2,-43_148,14.459003130594889,16.228710174560547,15.224837747641509,17.615232855478922,NA,NA,0
Dinolestes lewini,-42.58,147.92,2016,4,5,20,1,-43_148,14.459003130594889,16.228710174560547,15.224837747641509,17.615232855478922,NA,NA,0
Dinolestes lewini,-35.11,150.77,2017,5,22,40,1,-35_151,20.616925875345867,20.022951126098633,20.873406667102216,20.21591354698263,2002,Booderee National Park,1
Dinolestes lewini,-35.11,150.77,2017,5,22,50,1,-35_151,20.616925875345867,20.022951126098633,20.873406667102216,20.21591354698263,2002,Booderee National Park,1
Dinolestes lewini,-35.11,150.77,2017,5,22,62.5,2,-35_151,20.616925875345867,20.022951126098633,20.873406667102216,20.21591354698263,2002,Booderee National Park,1
Dinolestes lewini,-35.08,150.78,2017,5,20,40,2,-35_151,20.616925875345867,20.022951126098633,20.873406667102216,20.21591354698263,NA,NA,0
Dinolestes lewini,-35.08,150.78,2017,5,20,40,2,-35_151,20.616925875345867,20.022951126098633,20.873406667102216,20.21591354698263,NA,NA,0
Dinolestes lewini,-35.08,150.78,2017,5,20,50,3,-35_151,20.616925875345867,20.022951126098633,20.873406667102216,20.21591354698263,NA,NA,0
Dinolestes lewini,-35.08,150.78,2017,5,20,40,1,-35_151,20.616925875345867,20.022951126098633,20.873406667102216,20.21591354698263,NA,NA,0
Dinolestes lewini,-35.08,150.78,2017,5,20,50,9,-35_151,20.616925875345867,20.022951126098633,20.873406667102216,20.21591354698263,NA,NA,0
Dinolestes lewini,-35.08,150.78,2017,5,20,40,2,-35_151,20.616925875345867,20.022951126098633,20.873406667102216,20.21591354698263,NA,NA,0
Dinolestes lewini,-35.08,150.78,2017,5,20,35,10,-35_151,20.616925875345867,20.022951126098633,20.873406667102216,20.21591354698263,NA,NA,0
Dinolestes lewini,-35.08,150.78,2017,5,20,40,3,-35_151,20.616925875345867,20.022951126098633,20.873406667102216,20.21591354698263,NA,NA,0
Dinolestes lewini,-35.08,150.78,2017,5,20,50,1,-35_151,20.616925875345867,20.022951126098633,20.873406667102216,20.21591354698263,NA,NA,0
Dinolestes lewini,-35.02,150.76,2017,5,19,7.5,3,-35_151,20.616925875345867,20.022951126098633,20.873406667102216,20.21591354698263,2002,Jervis Bay Marine Park,1
Dinolestes lewini,-35.02,150.76,2017,5,19,25,12,-35_151,20.616925875345867,20.022951126098633,20.873406667102216,20.21591354698263,2002,Jervis Bay Marine Park,1
Dinolestes lewini,-35.02,150.76,2017,5,19,30,2,-35_151,20.616925875345867,20.022951126098633,20.873406667102216,20.21591354698263,2002,Jervis Bay Marine Park,1
Dinolestes lewini,-35.02,150.76,2017,5,19,30,8,-35_151,20.616925875345867,20.022951126098633,20.873406667102216,20.21591354698263,2002,Jervis Bay Marine Park,1
Dinolestes lewini,-35.02,150.76,2017,5,19,25,11,-35_151,20.616925875345867,20.022951126098633,20.873406667102216,20.21591354698263,2002,Jervis Bay Marine Park,1
Dinolestes lewini,-35.02,150.76,2017,5,19,30,14,-35_151,20.616925875345867,20.022951126098633,20.873406667102216,20.21591354698263,2002,Jervis Bay Marine Park,1
Dinolestes lewini,-35.11,150.77,2017,5,22,62.5,1,-35_151,20.616925875345867,20.022951126098633,20.873406667102216,20.21591354698263,2002,Booderee National Park,1
Dinolestes lewini,-35.11,150.77,2017,5,22,30,1,-35_151,20.616925875345867,20.022951126098633,20.873406667102216,20.21591354698263,2002,Booderee National Park,1
Dinolestes lewini,-35.11,150.77,2017,5,22,40,1,-35_151,20.616925875345867,20.022951126098633,20.873406667102216,20.21591354698263,2002,Booderee National Park,1
Dinolestes lewini,-35.12,150.76,2017,5,22,25,1,-35_151,20.616925875345867,20.022951126098633,20.873406667102216,20.21591354698263,2002,Booderee National Park,1
Dinolestes lewini,-35.12,150.76,2017,5,22,30,1,-35_151,20.616925875345867,20.022951126098633,20.873406667102216,20.21591354698263,2002,Booderee National Park,1
Dinolestes lewini,-35.12,150.76,2017,5,22,25,1,-35_151,20.616925875345867,20.022951126098633,20.873406667102216,20.21591354698263,2002,Booderee National Park,1
Dinolestes lewini,-35.12,150.76,2017,5,22,30,5,-35_151,20.616925875345867,20.022951126098633,20.873406667102216,20.21591354698263,2002,Booderee National Park,1
Dinolestes lewini,-35.12,150.76,2017,5,22,25,3,-35_151,20.616925875345867,20.022951126098633,20.873406667102216,20.21591354698263,2002,Booderee National Park,1
Dinolestes lewini,-35.07,150.77,2017,5,20,35,1,-35_151,20.616925875345867,20.022951126098633,20.873406667102216,20.21591354698263,2002,Jervis Bay Marine Park,1
Dinolestes lewini,-35.08,150.8,2017,5,23,25,1,-35_151,20.616925875345867,20.022951126098633,20.873406667102216,20.21591354698263,2002,Jervis Bay Marine Park,1
Dinolestes lewini,-35.08,150.8,2017,5,23,30,1,-35_151,20.616925875345867,20.022951126098633,20.873406667102216,20.21591354698263,2002,Jervis Bay Marine Park,1
Dinolestes lewini,-35.08,150.8,2017,5,23,35,1,-35_151,20.616925875345867,20.022951126098633,20.873406667102216,20.21591354698263,2002,Jervis Bay Marine Park,1
Dinolestes lewini,-35.02,150.76,2017,5,19,25,14,-35_151,20.616925875345867,20.022951126098633,20.873406667102216,20.21591354698263,2002,Jervis Bay Marine Park,1
Dinolestes lewini,-35.02,150.76,2017,5,19,30,11,-35_151,20.616925875345867,20.022951126098633,20.873406667102216,20.21591354698263,2002,Jervis Bay Marine Park,1
Dinolestes lewini,-35.03,150.78,2017,5,19,15,2,-35_151,20.616925875345867,20.022951126098633,20.873406667102216,20.21591354698263,2002,Jervis Bay Marine Park,1
Dinolestes lewini,-35.08,150.8,2017,5,23,30,5,-35_151,20.616925875345867,20.022951126098633,20.873406667102216,20.21591354698263,2002,Jervis Bay Marine Park,1
Dinolestes lewini,-35.08,150.8,2017,5,23,35,2,-35_151,20.616925875345867,20.022951126098633,20.873406667102216,20.21591354698263,2002,Jervis Bay Marine Park,1
Dinolestes lewini,-35.05,150.84,2017,5,24,40,1,-35_151,20.616925875345867,20.022951126098633,20.873406667102216,20.21591354698263,NA,NA,0
Dinolestes lewini,-35.05,150.84,2017,5,24,12.5,1,-35_151,20.616925875345867,20.022951126098633,20.873406667102216,20.21591354698263,NA,NA,0
Dinolestes lewini,-35.05,150.84,2017,5,24,15,2,-35_151,20.616925875345867,20.022951126098633,20.873406667102216,20.21591354698263,NA,NA,0
Dinolestes lewini,-35.05,150.84,2017,5,24,35,2,-35_151,20.616925875345867,20.022951126098633,20.873406667102216,20.21591354698263,NA,NA,0
Dinolestes lewini,-35.08,150.8,2017,5,23,20,1,-35_151,20.616925875345867,20.022951126098633,20.873406667102216,20.21591354698263,2002,Jervis Bay Marine Park,1
Dinolestes lewini,-35.08,150.8,2017,5,23,25,2,-35_151,20.616925875345867,20.022951126098633,20.873406667102216,20.21591354698263,2002,Jervis Bay Marine Park,1
Dinolestes lewini,-35.08,150.8,2017,5,23,25,1,-35_151,20.616925875345867,20.022951126098633,20.873406667102216,20.21591354698263,2002,Jervis Bay Marine Park,1
Dinolestes lewini,-35.08,150.8,2017,5,23,25,1,-35_151,20.616925875345867,20.022951126098633,20.873406667102216,20.21591354698263,2002,Jervis Bay Marine Park,1
Dinolestes lewini,-35.08,150.8,2017,5,23,30,2,-35_151,20.616925875345867,20.022951126098633,20.873406667102216,20.21591354698263,2002,Jervis Bay Marine Park,1
Dinolestes lewini,-35.08,150.8,2017,5,23,35,1,-35_151,20.616925875345867,20.022951126098633,20.873406667102216,20.21591354698263,2002,Jervis Bay Marine Park,1
Dinolestes lewini,-35.08,150.79,2017,5,23,35,4,-35_151,20.616925875345867,20.022951126098633,20.873406667102216,20.21591354698263,2002,Jervis Bay Marine Park,1
Dinolestes lewini,-35.08,150.79,2017,5,23,40,8,-35_151,20.616925875345867,20.022951126098633,20.873406667102216,20.21591354698263,2002,Jervis Bay Marine Park,1
Dinolestes lewini,-35.08,150.79,2017,5,23,35,16,-35_151,20.616925875345867,20.022951126098633,20.873406667102216,20.21591354698263,2002,Jervis Bay Marine Park,1
Dinolestes lewini,-35.08,150.79,2017,5,23,40,7,-35_151,20.616925875345867,20.022951126098633,20.873406667102216,20.21591354698263,2002,Jervis Bay Marine Park,1
Dinolestes lewini,-35.08,150.79,2017,5,23,30,3,-35_151,20.616925875345867,20.022951126098633,20.873406667102216,20.21591354698263,2002,Jervis Bay Marine Park,1
Dinolestes lewini,-35.08,150.79,2017,5,23,35,18,-35_151,20.616925875345867,20.022951126098633,20.873406667102216,20.21591354698263,2002,Jervis Bay Marine Park,1
Dinolestes lewini,-35.08,150.79,2017,5,23,35,14,-35_151,20.616925875345867,20.022951126098633,20.873406667102216,20.21591354698263,2002,Jervis Bay Marine Park,1
Dinolestes lewini,-35.04,150.83,2017,5,24,25,2,-35_151,20.616925875345867,20.022951126098633,20.873406667102216,20.21591354698263,NA,NA,0
Dinolestes lewini,-35.04,150.83,2017,5,24,30,3,-35_151,20.616925875345867,20.022951126098633,20.873406667102216,20.21591354698263,NA,NA,0
Dinolestes lewini,-35.04,150.83,2017,5,24,30,1,-35_151,20.616925875345867,20.022951126098633,20.873406667102216,20.21591354698263,NA,NA,0
Dinolestes lewini,-35.04,150.83,2017,5,24,25,1,-35_151,20.616925875345867,20.022951126098633,20.873406667102216,20.21591354698263,NA,NA,0
Dinolestes lewini,-35.04,150.83,2017,5,24,30,4,-35_151,20.616925875345867,20.022951126098633,20.873406667102216,20.21591354698263,NA,NA,0
Dinolestes lewini,-35.04,150.83,2017,5,24,35,2,-35_151,20.616925875345867,20.022951126098633,20.873406667102216,20.21591354698263,NA,NA,0
Dinolestes lewini,-35.04,150.83,2017,5,24,25,12,-35_151,20.616925875345867,20.022951126098633,20.873406667102216,20.21591354698263,NA,NA,0
Dinolestes lewini,-35.04,150.83,2017,5,24,30,4,-35_151,20.616925875345867,20.022951126098633,20.873406667102216,20.21591354698263,NA,NA,0
Dinolestes lewini,-35.04,150.83,2017,5,24,25,8,-35_151,20.616925875345867,20.022951126098633,20.873406667102216,20.21591354698263,NA,NA,0
Dinolestes lewini,-35.04,150.83,2017,5,24,30,1,-35_151,20.616925875345867,20.022951126098633,20.873406667102216,20.21591354698263,NA,NA,0
Dinolestes lewini,-35.09,150.8,2017,5,24,35,1,-35_151,20.616925875345867,20.022951126098633,20.873406667102216,20.21591354698263,NA,NA,0
Dinolestes lewini,-35.08,150.79,2017,5,26,20,1,-35_151,20.616925875345867,20.022951126098633,20.873406667102216,20.21591354698263,2002,Jervis Bay Marine Park,1
Dinolestes lewini,-35.11,150.77,2017,5,22,40,2,-35_151,20.616925875345867,20.022951126098633,20.873406667102216,20.21591354698263,2002,Booderee National Park,1
Dinolestes lewini,-35.1,150.7,2012,5,13,15,2,-35_151,19.55380407969157,19.7496280670166,19.56123058913503,20.654300669188142,2002,Jervis Bay Marine Park,1
Dinolestes lewini,-35.1,150.7,2012,5,13,15,1,-35_151,19.55380407969157,19.7496280670166,19.56123058913503,20.654300669188142,2002,Jervis Bay Marine Park,1
Dinolestes lewini,-35.1,150.7,2012,5,13,25,1,-35_151,19.55380407969157,19.7496280670166,19.56123058913503,20.654300669188142,2002,Jervis Bay Marine Park,1
Dinolestes lewini,-35.1,150.7,2012,5,13,30,1,-35_151,19.55380407969157,19.7496280670166,19.56123058913503,20.654300669188142,2002,Jervis Bay Marine Park,1
Dinolestes lewini,-35.06,150.78,2017,5,25,30,4,-35_151,20.616925875345867,20.022951126098633,20.873406667102216,20.21591354698263,NA,NA,0
Dinolestes lewini,-35.06,150.78,2017,5,25,35,15,-35_151,20.616925875345867,20.022951126098633,20.873406667102216,20.21591354698263,NA,NA,0
Dinolestes lewini,-35.08,150.79,2017,5,26,35,1,-35_151,20.616925875345867,20.022951126098633,20.873406667102216,20.21591354698263,2002,Jervis Bay Marine Park,1
Dinolestes lewini,-35.08,150.79,2017,5,26,50,1,-35_151,20.616925875345867,20.022951126098633,20.873406667102216,20.21591354698263,2002,Jervis Bay Marine Park,1
Dinolestes lewini,-35.07,150.77,2012,5,11,20,1,-35_151,19.55380407969157,19.7496280670166,19.56123058913503,20.654300669188142,2002,Jervis Bay Marine Park,1
Dinolestes lewini,-35.06,150.78,2017,5,25,30,6,-35_151,20.616925875345867,20.022951126098633,20.873406667102216,20.21591354698263,NA,NA,0
Dinolestes lewini,-35.06,150.78,2017,5,25,35,5,-35_151,20.616925875345867,20.022951126098633,20.873406667102216,20.21591354698263,NA,NA,0
Dinolestes lewini,-35.07,150.77,2012,5,11,25,1,-35_151,19.55380407969157,19.7496280670166,19.56123058913503,20.654300669188142,2002,Jervis Bay Marine Park,1
Dinolestes lewini,-35.03,150.78,2012,5,12,30,1,-35_151,19.55380407969157,19.7496280670166,19.56123058913503,20.654300669188142,2002,Jervis Bay Marine Park,1
Dinolestes lewini,-35.03,150.78,2012,5,12,25,1,-35_151,19.55380407969157,19.7496280670166,19.56123058913503,20.654300669188142,2002,Jervis Bay Marine Park,1
Dinolestes lewini,-35.09,150.69,2012,5,13,35,1,-35_151,19.55380407969157,19.7496280670166,19.56123058913503,20.654300669188142,2002,Jervis Bay Marine Park,1
Dinolestes lewini,-35.09,150.69,2012,5,13,25,2,-35_151,19.55380407969157,19.7496280670166,19.56123058913503,20.654300669188142,2002,Jervis Bay Marine Park,1
Dinolestes lewini,-35.09,150.69,2012,5,13,30,1,-35_151,19.55380407969157,19.7496280670166,19.56123058913503,20.654300669188142,2002,Jervis Bay Marine Park,1
Dinolestes lewini,-35.09,150.8,2012,5,8,20,1,-35_151,19.55380407969157,19.7496280670166,19.56123058913503,20.654300669188142,NA,NA,0
Dinolestes lewini,-35.09,150.8,2012,5,8,30,1,-35_151,19.55380407969157,19.7496280670166,19.56123058913503,20.654300669188142,NA,NA,0
Dinolestes lewini,-35.09,150.8,2012,5,8,25,1,-35_151,19.55380407969157,19.7496280670166,19.56123058913503,20.654300669188142,NA,NA,0
Dinolestes lewini,-35.09,150.8,2012,5,8,35,1,-35_151,19.55380407969157,19.7496280670166,19.56123058913503,20.654300669188142,NA,NA,0
Dinolestes lewini,-35.04,150.68,2012,5,8,35,8,-35_151,19.55380407969157,19.7496280670166,19.56123058913503,20.654300669188142,2002,Jervis Bay Marine Park,1
Dinolestes lewini,-35.12,150.71,2012,5,13,35,2,-35_151,19.55380407969157,19.7496280670166,19.56123058913503,20.654300669188142,NA,NA,0
Dinolestes lewini,-35.12,150.71,2012,5,13,35,1,-35_151,19.55380407969157,19.7496280670166,19.56123058913503,20.654300669188142,NA,NA,0
Dinolestes lewini,-35.08,150.79,2017,5,26,35,1,-35_151,20.616925875345867,20.022951126098633,20.873406667102216,20.21591354698263,2002,Jervis Bay Marine Park,1
Dinolestes lewini,-35.11,150.77,2012,5,15,30,25,-35_151,19.55380407969157,19.7496280670166,19.56123058913503,20.654300669188142,2002,Booderee National Park,1
Dinolestes lewini,-35.11,150.77,2012,5,15,35,2,-35_151,19.55380407969157,19.7496280670166,19.56123058913503,20.654300669188142,2002,Booderee National Park,1
Dinolestes lewini,-35.11,150.77,2012,5,15,30,45,-35_151,19.55380407969157,19.7496280670166,19.56123058913503,20.654300669188142,2002,Booderee National Park,1
Dinolestes lewini,-35.11,150.77,2012,5,15,35,2,-35_151,19.55380407969157,19.7496280670166,19.56123058913503,20.654300669188142,2002,Booderee National Park,1
Dinolestes lewini,-35.11,150.77,2012,5,15,35,1,-35_151,19.55380407969157,19.7496280670166,19.56123058913503,20.654300669188142,2002,Booderee National Park,1
Dinolestes lewini,-35.11,150.77,2012,5,15,20,1,-35_151,19.55380407969157,19.7496280670166,19.56123058913503,20.654300669188142,2002,Booderee National Park,1
Dinolestes lewini,-35.11,150.77,2012,5,15,30,1,-35_151,19.55380407969157,19.7496280670166,19.56123058913503,20.654300669188142,2002,Booderee National Park,1
Dinolestes lewini,-35.08,150.79,2017,5,26,25,3,-35_151,20.616925875345867,20.022951126098633,20.873406667102216,20.21591354698263,2002,Jervis Bay Marine Park,1
Dinolestes lewini,-35.08,150.79,2017,5,26,30,1,-35_151,20.616925875345867,20.022951126098633,20.873406667102216,20.21591354698263,2002,Jervis Bay Marine Park,1
Dinolestes lewini,-35.08,150.79,2017,5,26,30,2,-35_151,20.616925875345867,20.022951126098633,20.873406667102216,20.21591354698263,2002,Jervis Bay Marine Park,1
Dinolestes lewini,-35.08,150.79,2017,5,26,25,1,-35_151,20.616925875345867,20.022951126098633,20.873406667102216,20.21591354698263,2002,Jervis Bay Marine Park,1
Dinolestes lewini,-35.08,150.79,2017,5,26,30,1,-35_151,20.616925875345867,20.022951126098633,20.873406667102216,20.21591354698263,2002,Jervis Bay Marine Park,1
Dinolestes lewini,-35.09,150.8,2012,5,8,25,1,-35_151,19.55380407969157,19.7496280670166,19.56123058913503,20.654300669188142,NA,NA,0
Dinolestes lewini,-35.02,150.76,2012,5,12,30,2,-35_151,19.55380407969157,19.7496280670166,19.56123058913503,20.654300669188142,2002,Jervis Bay Marine Park,1
Dinolestes lewini,-35.13,150.73,2012,5,14,35,1,-35_151,19.55380407969157,19.7496280670166,19.56123058913503,20.654300669188142,NA,NA,0
Dinolestes lewini,-35.08,150.8,2012,5,9,25,2,-35_151,19.55380407969157,19.7496280670166,19.56123058913503,20.654300669188142,2002,Jervis Bay Marine Park,1
Dinolestes lewini,-35.08,150.8,2012,5,9,25,1,-35_151,19.55380407969157,19.7496280670166,19.56123058913503,20.654300669188142,2002,Jervis Bay Marine Park,1
Dinolestes lewini,-35.08,150.8,2012,5,9,20,1,-35_151,19.55380407969157,19.7496280670166,19.56123058913503,20.654300669188142,2002,Jervis Bay Marine Park,1
Dinolestes lewini,-35.08,150.8,2012,5,9,25,4,-35_151,19.55380407969157,19.7496280670166,19.56123058913503,20.654300669188142,2002,Jervis Bay Marine Park,1
Dinolestes lewini,-35.08,150.8,2012,5,9,25,1,-35_151,19.55380407969157,19.7496280670166,19.56123058913503,20.654300669188142,2002,Jervis Bay Marine Park,1
Dinolestes lewini,-35.13,150.73,2012,5,14,30,2,-35_151,19.55380407969157,19.7496280670166,19.56123058913503,20.654300669188142,NA,NA,0
Dinolestes lewini,-35.05,150.84,2012,5,17,20,1,-35_151,19.55380407969157,19.7496280670166,19.56123058913503,20.654300669188142,NA,NA,0
Dinolestes lewini,-35.05,150.84,2012,5,17,25,1,-35_151,19.55380407969157,19.7496280670166,19.56123058913503,20.654300669188142,NA,NA,0
Dinolestes lewini,-35.02,150.76,2012,5,12,30,10,-35_151,19.55380407969157,19.7496280670166,19.56123058913503,20.654300669188142,2002,Jervis Bay Marine Park,1
Dinolestes lewini,-35.02,150.76,2012,5,12,30,2,-35_151,19.55380407969157,19.7496280670166,19.56123058913503,20.654300669188142,2002,Jervis Bay Marine Park,1
Dinolestes lewini,-35.02,150.76,2012,5,12,30,23,-35_151,19.55380407969157,19.7496280670166,19.56123058913503,20.654300669188142,2002,Jervis Bay Marine Park,1
Dinolestes lewini,-35.02,150.76,2012,5,12,25,6,-35_151,19.55380407969157,19.7496280670166,19.56123058913503,20.654300669188142,2002,Jervis Bay Marine Park,1
Dinolestes lewini,-35.08,150.78,2012,5,11,25,4,-35_151,19.55380407969157,19.7496280670166,19.56123058913503,20.654300669188142,NA,NA,0
Dinolestes lewini,-35.04,150.83,2012,5,17,30,1,-35_151,19.55380407969157,19.7496280670166,19.56123058913503,20.654300669188142,NA,NA,0
Dinolestes lewini,-35.04,150.83,2012,5,17,25,1,-35_151,19.55380407969157,19.7496280670166,19.56123058913503,20.654300669188142,NA,NA,0
Dinolestes lewini,-35.02,150.76,2012,5,12,25,34,-35_151,19.55380407969157,19.7496280670166,19.56123058913503,20.654300669188142,2002,Jervis Bay Marine Park,1
Dinolestes lewini,-35.06,150.78,2012,5,16,30,10,-35_151,19.55380407969157,19.7496280670166,19.56123058913503,20.654300669188142,NA,NA,0
Dinolestes lewini,-35.06,150.78,2012,5,16,30,6,-35_151,19.55380407969157,19.7496280670166,19.56123058913503,20.654300669188142,NA,NA,0
Dinolestes lewini,-35.08,150.8,2012,5,9,25,2,-35_151,19.55380407969157,19.7496280670166,19.56123058913503,20.654300669188142,2002,Jervis Bay Marine Park,1
Dinolestes lewini,-35.08,150.8,2012,5,9,30,2,-35_151,19.55380407969157,19.7496280670166,19.56123058913503,20.654300669188142,2002,Jervis Bay Marine Park,1
Dinolestes lewini,-35.08,150.78,2012,5,11,15,1,-35_151,19.55380407969157,19.7496280670166,19.56123058913503,20.654300669188142,NA,NA,0
Dinolestes lewini,-35.08,150.78,2012,5,11,20,1,-35_151,19.55380407969157,19.7496280670166,19.56123058913503,20.654300669188142,NA,NA,0
Dinolestes lewini,-35.08,150.78,2012,5,11,30,1,-35_151,19.55380407969157,19.7496280670166,19.56123058913503,20.654300669188142,NA,NA,0
Dinolestes lewini,-35.08,150.78,2012,5,11,35,1,-35_151,19.55380407969157,19.7496280670166,19.56123058913503,20.654300669188142,NA,NA,0
Dinolestes lewini,-35.08,150.78,2012,5,11,25,2,-35_151,19.55380407969157,19.7496280670166,19.56123058913503,20.654300669188142,NA,NA,0
Dinolestes lewini,-35.08,150.78,2012,5,11,25,11,-35_151,19.55380407969157,19.7496280670166,19.56123058913503,20.654300669188142,NA,NA,0
Dinolestes lewini,-43.13,147.4,2018,2,13,35,1,-43_147,13.75642498334249,16.439983367919922,14.405646738802172,17.327856860842022,NA,NA,0
Dinolestes lewini,-43.13,147.4,2018,2,13,35,1,-43_147,13.75642498334249,16.439983367919922,14.405646738802172,17.327856860842022,NA,NA,0
Dinolestes lewini,-43.13,147.4,2018,2,13,40,2,-43_147,13.75642498334249,16.439983367919922,14.405646738802172,17.327856860842022,NA,NA,0
Dinolestes lewini,-43.13,147.4,2018,2,13,30,2,-43_147,13.75642498334249,16.439983367919922,14.405646738802172,17.327856860842022,NA,NA,0
Dinolestes lewini,-43.13,147.4,2018,2,13,35,2,-43_147,13.75642498334249,16.439983367919922,14.405646738802172,17.327856860842022,NA,NA,0
Dinolestes lewini,-43.13,147.4,2018,2,13,40,1,-43_147,13.75642498334249,16.439983367919922,14.405646738802172,17.327856860842022,NA,NA,0
Dinolestes lewini,-42.97,147.99,2018,1,23,12.5,1,-43_148,14.503240982691446,16.703868865966797,14.901143335479379,17.53545120916059,NA,NA,0
Dinolestes lewini,-42.97,147.99,2018,1,23,20,2,-43_148,14.503240982691446,16.703868865966797,14.901143335479379,17.53545120916059,NA,NA,0
Dinolestes lewini,-42.97,147.99,2018,1,23,25,1,-43_148,14.503240982691446,16.703868865966797,14.901143335479379,17.53545120916059,NA,NA,0
Dinolestes lewini,-43,147.95,2018,1,24,40,1,-43_148,14.503240982691446,16.703868865966797,14.901143335479379,17.53545120916059,NA,NA,0
Dinolestes lewini,-43,147.95,2018,1,24,35,3,-43_148,14.503240982691446,16.703868865966797,14.901143335479379,17.53545120916059,NA,NA,0
Dinolestes lewini,-43,147.95,2018,1,24,35,1,-43_148,14.503240982691446,16.703868865966797,14.901143335479379,17.53545120916059,NA,NA,0
Dinolestes lewini,-43,147.95,2018,1,24,25,3,-43_148,14.503240982691446,16.703868865966797,14.901143335479379,17.53545120916059,NA,NA,0
Dinolestes lewini,-43.06,147.95,2018,1,24,30,3,-43_148,14.503240982691446,16.703868865966797,14.901143335479379,17.53545120916059,NA,NA,0
Dinolestes lewini,-43.06,147.95,2018,1,24,35,1,-43_148,14.503240982691446,16.703868865966797,14.901143335479379,17.53545120916059,NA,NA,0
Dinolestes lewini,-43.06,147.95,2018,1,24,25,1,-43_148,14.503240982691446,16.703868865966797,14.901143335479379,17.53545120916059,NA,NA,0
Dinolestes lewini,-43.06,147.95,2018,1,24,30,1,-43_148,14.503240982691446,16.703868865966797,14.901143335479379,17.53545120916059,NA,NA,0
Dinolestes lewini,-43.06,147.95,2018,1,24,35,12,-43_148,14.503240982691446,16.703868865966797,14.901143335479379,17.53545120916059,NA,NA,0
Dinolestes lewini,-43.06,147.95,2018,1,24,30,4,-43_148,14.503240982691446,16.703868865966797,14.901143335479379,17.53545120916059,NA,NA,0
Dinolestes lewini,-43.06,147.95,2018,1,24,35,8,-43_148,14.503240982691446,16.703868865966797,14.901143335479379,17.53545120916059,NA,NA,0
Dinolestes lewini,-43.15,147.87,2018,1,24,35,1,-43_148,14.503240982691446,16.703868865966797,14.901143335479379,17.53545120916059,NA,NA,0
Dinolestes lewini,-43.15,147.87,2018,1,24,30,1,-43_148,14.503240982691446,16.703868865966797,14.901143335479379,17.53545120916059,NA,NA,0
Dinolestes lewini,-43.15,147.87,2018,1,24,30,1,-43_148,14.503240982691446,16.703868865966797,14.901143335479379,17.53545120916059,NA,NA,0
Dinolestes lewini,-43.15,147.87,2018,1,24,35,3,-43_148,14.503240982691446,16.703868865966797,14.901143335479379,17.53545120916059,NA,NA,0
Dinolestes lewini,-43.15,147.87,2018,1,24,35,2,-43_148,14.503240982691446,16.703868865966797,14.901143335479379,17.53545120916059,NA,NA,0
Dinolestes lewini,-43.15,147.87,2018,1,24,25,1,-43_148,14.503240982691446,16.703868865966797,14.901143335479379,17.53545120916059,NA,NA,0
Dinolestes lewini,-43.15,147.87,2018,1,24,25,2,-43_148,14.503240982691446,16.703868865966797,14.901143335479379,17.53545120916059,NA,NA,0
Dinolestes lewini,-43.15,147.87,2018,1,24,25,1,-43_148,14.503240982691446,16.703868865966797,14.901143335479379,17.53545120916059,NA,NA,0
Dinolestes lewini,-43.15,147.87,2018,1,24,25,5,-43_148,14.503240982691446,16.703868865966797,14.901143335479379,17.53545120916059,NA,NA,0
Dinolestes lewini,-42.88,147.97,2018,1,23,40,1,-43_148,14.503240982691446,16.703868865966797,14.901143335479379,17.53545120916059,NA,NA,0
Dinolestes lewini,-42.88,147.97,2018,1,23,15,1,-43_148,14.503240982691446,16.703868865966797,14.901143335479379,17.53545120916059,NA,NA,0
Dinolestes lewini,-42.88,147.97,2018,1,23,25,3,-43_148,14.503240982691446,16.703868865966797,14.901143335479379,17.53545120916059,NA,NA,0
Dinolestes lewini,-42.88,147.97,2018,1,23,30,9,-43_148,14.503240982691446,16.703868865966797,14.901143335479379,17.53545120916059,NA,NA,0
Dinolestes lewini,-42.88,147.97,2018,1,23,35,3,-43_148,14.503240982691446,16.703868865966797,14.901143335479379,17.53545120916059,NA,NA,0
Dinolestes lewini,-42.88,147.97,2018,1,23,25,7,-43_148,14.503240982691446,16.703868865966797,14.901143335479379,17.53545120916059,NA,NA,0
Dinolestes lewini,-42.88,147.97,2018,1,23,30,11,-43_148,14.503240982691446,16.703868865966797,14.901143335479379,17.53545120916059,NA,NA,0
Dinolestes lewini,-42.88,147.97,2018,1,23,35,7,-43_148,14.503240982691446,16.703868865966797,14.901143335479379,17.53545120916059,NA,NA,0
Dinolestes lewini,-42.88,147.97,2018,1,23,20,1,-43_148,14.503240982691446,16.703868865966797,14.901143335479379,17.53545120916059,NA,NA,0
Dinolestes lewini,-42.88,147.97,2018,1,23,15,1,-43_148,14.503240982691446,16.703868865966797,14.901143335479379,17.53545120916059,NA,NA,0
Dinolestes lewini,-43.15,147.87,2018,1,25,30,4,-43_148,14.503240982691446,16.703868865966797,14.901143335479379,17.53545120916059,NA,NA,0
Dinolestes lewini,-35.53,150.42,2017,11,23,25,8,-36_150,19.774277369181313,19.794025421142575,19.786352159625373,19.38983286751641,NA,NA,0
Dinolestes lewini,-35.53,150.42,2017,11,23,30,1,-36_150,19.774277369181313,19.794025421142575,19.786352159625373,19.38983286751641,NA,NA,0
Dinolestes lewini,-35.53,150.42,2017,11,23,25,2,-36_150,19.774277369181313,19.794025421142575,19.786352159625373,19.38983286751641,NA,NA,0
Dinolestes lewini,-35.75,150.26,2017,11,27,25,14,-36_150,19.774277369181313,19.794025421142575,19.786352159625373,19.38983286751641,2007,Batemans Marine Park,1
Dinolestes lewini,-35.75,150.26,2017,11,27,25,6,-36_150,19.774277369181313,19.794025421142575,19.786352159625373,19.38983286751641,2007,Batemans Marine Park,1
Dinolestes lewini,-35.53,150.42,2017,11,23,15,2,-36_150,19.774277369181313,19.794025421142575,19.786352159625373,19.38983286751641,NA,NA,0
Dinolestes lewini,-35.53,150.42,2017,11,23,20,5,-36_150,19.774277369181313,19.794025421142575,19.786352159625373,19.38983286751641,NA,NA,0
Dinolestes lewini,-35.53,150.42,2017,11,23,15,3,-36_150,19.774277369181313,19.794025421142575,19.786352159625373,19.38983286751641,NA,NA,0
Dinolestes lewini,-35.53,150.42,2017,11,23,20,2,-36_150,19.774277369181313,19.794025421142575,19.786352159625373,19.38983286751641,NA,NA,0
Dinolestes lewini,-35.53,150.42,2017,11,23,30,4,-36_150,19.774277369181313,19.794025421142575,19.786352159625373,19.38983286751641,NA,NA,0
Dinolestes lewini,-35.53,150.42,2017,11,23,20,8,-36_150,19.774277369181313,19.794025421142575,19.786352159625373,19.38983286751641,NA,NA,0
Dinolestes lewini,-35.53,150.42,2017,11,23,25,10,-36_150,19.774277369181313,19.794025421142575,19.786352159625373,19.38983286751641,NA,NA,0
Dinolestes lewini,-35.53,150.42,2017,11,23,30,6,-36_150,19.774277369181313,19.794025421142575,19.786352159625373,19.38983286751641,NA,NA,0
Dinolestes lewini,-43.15,147.87,2018,1,25,30,1,-43_148,14.503240982691446,16.703868865966797,14.901143335479379,17.53545120916059,NA,NA,0
Dinolestes lewini,-43.15,147.87,2018,1,25,35,5,-43_148,14.503240982691446,16.703868865966797,14.901143335479379,17.53545120916059,NA,NA,0
Dinolestes lewini,-43.15,147.87,2018,1,25,30,28,-43_148,14.503240982691446,16.703868865966797,14.901143335479379,17.53545120916059,NA,NA,0
Dinolestes lewini,-43.15,147.87,2018,1,25,35,16,-43_148,14.503240982691446,16.703868865966797,14.901143335479379,17.53545120916059,NA,NA,0
Dinolestes lewini,-43.15,147.87,2018,1,25,30,12,-43_148,14.503240982691446,16.703868865966797,14.901143335479379,17.53545120916059,NA,NA,0
Dinolestes lewini,-43.15,147.87,2018,1,25,35,5,-43_148,14.503240982691446,16.703868865966797,14.901143335479379,17.53545120916059,NA,NA,0
Dinolestes lewini,-43.15,147.87,2018,1,25,30,28,-43_148,14.503240982691446,16.703868865966797,14.901143335479379,17.53545120916059,NA,NA,0
Dinolestes lewini,-43.15,147.87,2018,1,25,30,13,-43_148,14.503240982691446,16.703868865966797,14.901143335479379,17.53545120916059,NA,NA,0
Dinolestes lewini,-43.15,147.87,2018,1,25,25,2,-43_148,14.503240982691446,16.703868865966797,14.901143335479379,17.53545120916059,NA,NA,0
Dinolestes lewini,-43.15,147.87,2018,1,25,30,17,-43_148,14.503240982691446,16.703868865966797,14.901143335479379,17.53545120916059,NA,NA,0
Dinolestes lewini,-43.15,147.87,2018,1,25,25,3,-43_148,14.503240982691446,16.703868865966797,14.901143335479379,17.53545120916059,NA,NA,0
Dinolestes lewini,-43.15,147.87,2018,1,25,30,27,-43_148,14.503240982691446,16.703868865966797,14.901143335479379,17.53545120916059,NA,NA,0
Dinolestes lewini,-42.87,147.96,2018,1,23,35,1,-43_148,14.503240982691446,16.703868865966797,14.901143335479379,17.53545120916059,NA,NA,0
Dinolestes lewini,-42.87,147.96,2018,1,23,20,3,-43_148,14.503240982691446,16.703868865966797,14.901143335479379,17.53545120916059,NA,NA,0
Dinolestes lewini,-42.87,147.96,2018,1,23,20,1,-43_148,14.503240982691446,16.703868865966797,14.901143335479379,17.53545120916059,NA,NA,0
Dinolestes lewini,-35.72,150.25,2017,11,24,10,3,-36_150,19.774277369181313,19.794025421142575,19.786352159625373,19.38983286751641,NA,NA,0
Dinolestes lewini,-35.8,150.24,2017,11,30,35,2,-36_150,19.774277369181313,19.794025421142575,19.786352159625373,19.38983286751641,NA,NA,0
Dinolestes lewini,-35.8,150.23,2017,11,30,30,1,-36_150,19.774277369181313,19.794025421142575,19.786352159625373,19.38983286751641,NA,NA,0
Dinolestes lewini,-35.8,150.23,2017,11,30,35,31,-36_150,19.774277369181313,19.794025421142575,19.786352159625373,19.38983286751641,NA,NA,0
Dinolestes lewini,-35.8,150.23,2017,11,30,40,6,-36_150,19.774277369181313,19.794025421142575,19.786352159625373,19.38983286751641,NA,NA,0
Dinolestes lewini,-35.8,150.23,2017,11,30,30,9,-36_150,19.774277369181313,19.794025421142575,19.786352159625373,19.38983286751641,NA,NA,0
Dinolestes lewini,-35.8,150.23,2017,11,30,35,9,-36_150,19.774277369181313,19.794025421142575,19.786352159625373,19.38983286751641,NA,NA,0
Dinolestes lewini,-35.8,150.23,2017,11,30,40,9,-36_150,19.774277369181313,19.794025421142575,19.786352159625373,19.38983286751641,NA,NA,0
Dinolestes lewini,-35.72,150.25,2017,11,24,10,13,-36_150,19.774277369181313,19.794025421142575,19.786352159625373,19.38983286751641,NA,NA,0
Dinolestes lewini,-35.72,150.25,2017,11,24,7.5,9,-36_150,19.774277369181313,19.794025421142575,19.786352159625373,19.38983286751641,NA,NA,0
Dinolestes lewini,-35.72,150.25,2017,11,24,10,4,-36_150,19.774277369181313,19.794025421142575,19.786352159625373,19.38983286751641,NA,NA,0
Dinolestes lewini,-35.72,150.25,2017,11,24,7.5,16,-36_150,19.774277369181313,19.794025421142575,19.786352159625373,19.38983286751641,NA,NA,0
Dinolestes lewini,-35.72,150.25,2017,11,24,5,6,-36_150,19.774277369181313,19.794025421142575,19.786352159625373,19.38983286751641,NA,NA,0
Dinolestes lewini,-35.72,150.25,2017,11,24,5,4,-36_150,19.774277369181313,19.794025421142575,19.786352159625373,19.38983286751641,NA,NA,0
Dinolestes lewini,-35.72,150.25,2017,11,24,5,3,-36_150,19.774277369181313,19.794025421142575,19.786352159625373,19.38983286751641,NA,NA,0
Dinolestes lewini,-35.72,150.25,2017,11,24,5,22,-36_150,19.774277369181313,19.794025421142575,19.786352159625373,19.38983286751641,NA,NA,0
Dinolestes lewini,-35.57,150.37,2017,11,24,7.5,2,-36_150,19.774277369181313,19.794025421142575,19.786352159625373,19.38983286751641,NA,NA,0
Dinolestes lewini,-35.57,150.37,2017,11,24,10,8,-36_150,19.774277369181313,19.794025421142575,19.786352159625373,19.38983286751641,NA,NA,0
Dinolestes lewini,-35.57,150.37,2017,11,24,10,1,-36_150,19.774277369181313,19.794025421142575,19.786352159625373,19.38983286751641,NA,NA,0
Dinolestes lewini,-35.57,150.37,2017,11,24,7.5,1,-36_150,19.774277369181313,19.794025421142575,19.786352159625373,19.38983286751641,NA,NA,0
Dinolestes lewini,-35.57,150.37,2017,11,24,7.5,1,-36_150,19.774277369181313,19.794025421142575,19.786352159625373,19.38983286751641,NA,NA,0
Dinolestes lewini,-43.14,147.87,2018,1,24,35,1,-43_148,14.503240982691446,16.703868865966797,14.901143335479379,17.53545120916059,NA,NA,0
Dinolestes lewini,-43.14,147.87,2018,1,24,40,1,-43_148,14.503240982691446,16.703868865966797,14.901143335479379,17.53545120916059,NA,NA,0
Dinolestes lewini,-43.14,147.87,2018,1,24,30,25,-43_148,14.503240982691446,16.703868865966797,14.901143335479379,17.53545120916059,NA,NA,0
Dinolestes lewini,-43.14,147.87,2018,1,24,35,69,-43_148,14.503240982691446,16.703868865966797,14.901143335479379,17.53545120916059,NA,NA,0
Dinolestes lewini,-43.14,147.87,2018,1,24,40,16,-43_148,14.503240982691446,16.703868865966797,14.901143335479379,17.53545120916059,NA,NA,0
Dinolestes lewini,-43.14,147.87,2018,1,24,30,5,-43_148,14.503240982691446,16.703868865966797,14.901143335479379,17.53545120916059,NA,NA,0
Dinolestes lewini,-43.14,147.87,2018,1,24,35,231,-43_148,14.503240982691446,16.703868865966797,14.901143335479379,17.53545120916059,NA,NA,0
Dinolestes lewini,-43.14,147.87,2018,1,24,40,4,-43_148,14.503240982691446,16.703868865966797,14.901143335479379,17.53545120916059,NA,NA,0
Dinolestes lewini,-43.14,147.87,2018,1,24,25,2,-43_148,14.503240982691446,16.703868865966797,14.901143335479379,17.53545120916059,NA,NA,0
Dinolestes lewini,-43.14,147.87,2018,1,24,25,3,-43_148,14.503240982691446,16.703868865966797,14.901143335479379,17.53545120916059,NA,NA,0
Dinolestes lewini,-43.14,147.87,2018,1,24,25,12,-43_148,14.503240982691446,16.703868865966797,14.901143335479379,17.53545120916059,NA,NA,0
Dinolestes lewini,-35.61,150.34,2017,11,24,5,7,-36_150,19.774277369181313,19.794025421142575,19.786352159625373,19.38983286751641,NA,NA,0
Dinolestes lewini,-35.61,150.34,2017,11,24,7.5,4,-36_150,19.774277369181313,19.794025421142575,19.786352159625373,19.38983286751641,NA,NA,0
Dinolestes lewini,-35.61,150.34,2017,11,24,10,1,-36_150,19.774277369181313,19.794025421142575,19.786352159625373,19.38983286751641,NA,NA,0
Dinolestes lewini,-35.61,150.34,2017,11,24,5,13,-36_150,19.774277369181313,19.794025421142575,19.786352159625373,19.38983286751641,NA,NA,0
Dinolestes lewini,-35.61,150.34,2017,11,24,7.5,16,-36_150,19.774277369181313,19.794025421142575,19.786352159625373,19.38983286751641,NA,NA,0
Dinolestes lewini,-35.61,150.34,2017,11,24,10,4,-36_150,19.774277369181313,19.794025421142575,19.786352159625373,19.38983286751641,NA,NA,0
Dinolestes lewini,-35.82,150.23,2017,11,29,30,1,-36_150,19.774277369181313,19.794025421142575,19.786352159625373,19.38983286751641,NA,NA,0
Dinolestes lewini,-35.82,150.23,2017,11,29,35,1,-36_150,19.774277369181313,19.794025421142575,19.786352159625373,19.38983286751641,NA,NA,0
Dinolestes lewini,-35.75,150.26,2017,11,29,35,1,-36_150,19.774277369181313,19.794025421142575,19.786352159625373,19.38983286751641,2007,Batemans Marine Park,1
Dinolestes lewini,-35.78,150.23,2017,11,29,30,1,-36_150,19.774277369181313,19.794025421142575,19.786352159625373,19.38983286751641,NA,NA,0
Dinolestes lewini,-35.78,150.23,2017,11,29,35,1,-36_150,19.774277369181313,19.794025421142575,19.786352159625373,19.38983286751641,NA,NA,0
Dinolestes lewini,-35.83,150.23,2017,11,28,20,2,-36_150,19.774277369181313,19.794025421142575,19.786352159625373,19.38983286751641,2007,Batemans Marine Park,1
Dinolestes lewini,-35.83,150.23,2017,11,28,30,2,-36_150,19.774277369181313,19.794025421142575,19.786352159625373,19.38983286751641,2007,Batemans Marine Park,1
Dinolestes lewini,-35.83,150.23,2017,11,28,35,1,-36_150,19.774277369181313,19.794025421142575,19.786352159625373,19.38983286751641,2007,Batemans Marine Park,1
Dinolestes lewini,-35.86,150.19,2017,11,28,30,1,-36_150,19.774277369181313,19.794025421142575,19.786352159625373,19.38983286751641,NA,NA,0
Dinolestes lewini,-42.56,148.07,2018,3,8,20,1,-43_148,14.503240982691446,17.108394622802734,14.901143335479379,17.643773801865116,NA,NA,0
Dinolestes lewini,-42.56,148.07,2018,3,8,30,2,-43_148,14.503240982691446,17.108394622802734,14.901143335479379,17.643773801865116,NA,NA,0
Dinolestes lewini,-42.72,148.01,2018,4,4,30,1,-43_148,14.503240982691446,15.503841400146484,14.901143335479379,15.658899660110476,NA,NA,0
Dinolestes lewini,-42.72,148.01,2018,4,4,40,1,-43_148,14.503240982691446,15.503841400146484,14.901143335479379,15.658899660110476,NA,NA,0
Dinolestes lewini,-42.57,148.08,2018,3,8,25,9,-43_148,14.503240982691446,17.108394622802734,14.901143335479379,17.643773801865116,NA,NA,0
Dinolestes lewini,-42.57,148.08,2018,3,8,30,9,-43_148,14.503240982691446,17.108394622802734,14.901143335479379,17.643773801865116,NA,NA,0
Dinolestes lewini,-42.57,148.08,2018,3,8,35,13,-43_148,14.503240982691446,17.108394622802734,14.901143335479379,17.643773801865116,NA,NA,0
Dinolestes lewini,-42.57,148.08,2018,3,8,25,2,-43_148,14.503240982691446,17.108394622802734,14.901143335479379,17.643773801865116,NA,NA,0
Dinolestes lewini,-42.57,148.08,2018,3,8,30,6,-43_148,14.503240982691446,17.108394622802734,14.901143335479379,17.643773801865116,NA,NA,0
Dinolestes lewini,-42.57,148.08,2018,3,8,35,2,-43_148,14.503240982691446,17.108394622802734,14.901143335479379,17.643773801865116,NA,NA,0
Dinolestes lewini,-42.72,148.01,2018,4,4,15,1,-43_148,14.503240982691446,15.503841400146484,14.901143335479379,15.658899660110476,NA,NA,0
Dinolestes lewini,-42.57,148.08,2018,3,8,25,2,-43_148,14.503240982691446,17.108394622802734,14.901143335479379,17.643773801865116,NA,NA,0
Dinolestes lewini,-42.57,148.08,2018,3,8,30,3,-43_148,14.503240982691446,17.108394622802734,14.901143335479379,17.643773801865116,NA,NA,0
Dinolestes lewini,-42.57,148.08,2018,3,8,35,6,-43_148,14.503240982691446,17.108394622802734,14.901143335479379,17.643773801865116,NA,NA,0
Dinolestes lewini,-42.57,148.08,2018,3,8,25,8,-43_148,14.503240982691446,17.108394622802734,14.901143335479379,17.643773801865116,NA,NA,0
Dinolestes lewini,-42.57,148.08,2018,3,8,30,11,-43_148,14.503240982691446,17.108394622802734,14.901143335479379,17.643773801865116,NA,NA,0
Dinolestes lewini,-42.57,148.08,2018,3,8,35,4,-43_148,14.503240982691446,17.108394622802734,14.901143335479379,17.643773801865116,NA,NA,0
Dinolestes lewini,-42.57,148.08,2018,3,8,20,1,-43_148,14.503240982691446,17.108394622802734,14.901143335479379,17.643773801865116,NA,NA,0
Dinolestes lewini,-42.57,148.08,2018,3,8,30,1,-43_148,14.503240982691446,17.108394622802734,14.901143335479379,17.643773801865116,NA,NA,0
Dinolestes lewini,-42.57,148.08,2018,3,8,20,2,-43_148,14.503240982691446,17.108394622802734,14.901143335479379,17.643773801865116,NA,NA,0
Dinolestes lewini,-42.57,148.08,2018,3,8,25,4,-43_148,14.503240982691446,17.108394622802734,14.901143335479379,17.643773801865116,NA,NA,0
Dinolestes lewini,-42.57,148.08,2018,3,8,30,1,-43_148,14.503240982691446,17.108394622802734,14.901143335479379,17.643773801865116,NA,NA,0
Dinolestes lewini,-42.56,148.07,2018,3,8,35,1,-43_148,14.503240982691446,17.108394622802734,14.901143335479379,17.643773801865116,NA,NA,0
Dinolestes lewini,-42.52,147.97,2018,3,7,5,1,-43_148,14.503240982691446,17.108394622802734,14.901143335479379,17.643773801865116,NA,NA,0
Dinolestes lewini,-42.52,147.97,2018,3,7,25,1,-43_148,14.503240982691446,17.108394622802734,14.901143335479379,17.643773801865116,NA,NA,0
Dinolestes lewini,-42.58,148.11,2018,3,8,30,5,-43_148,14.503240982691446,17.108394622802734,14.901143335479379,17.643773801865116,NA,NA,0
Dinolestes lewini,-42.52,147.97,2018,3,7,25,1,-43_148,14.503240982691446,17.108394622802734,14.901143335479379,17.643773801865116,NA,NA,0
Dinolestes lewini,-42.52,147.97,2018,3,7,30,2,-43_148,14.503240982691446,17.108394622802734,14.901143335479379,17.643773801865116,NA,NA,0
Dinolestes lewini,-42.52,147.97,2018,3,7,25,1,-43_148,14.503240982691446,17.108394622802734,14.901143335479379,17.643773801865116,NA,NA,0
Dinolestes lewini,-42.63,148.02,2018,4,4,35,33,-43_148,14.503240982691446,15.503841400146484,14.901143335479379,15.658899660110476,NA,NA,0
Dinolestes lewini,-42.63,148.02,2018,4,4,40,37,-43_148,14.503240982691446,15.503841400146484,14.901143335479379,15.658899660110476,NA,NA,0
Dinolestes lewini,-42.63,148.02,2018,4,4,35,2,-43_148,14.503240982691446,15.503841400146484,14.901143335479379,15.658899660110476,NA,NA,0
Dinolestes lewini,-42.63,148.02,2018,4,4,40,3,-43_148,14.503240982691446,15.503841400146484,14.901143335479379,15.658899660110476,NA,NA,0
Dinolestes lewini,-42.58,148.11,2018,3,8,30,6,-43_148,14.503240982691446,17.108394622802734,14.901143335479379,17.643773801865116,NA,NA,0
Dinolestes lewini,-42.58,148.11,2018,3,8,35,19,-43_148,14.503240982691446,17.108394622802734,14.901143335479379,17.643773801865116,NA,NA,0
Dinolestes lewini,-42.58,148.11,2018,3,8,30,4,-43_148,14.503240982691446,17.108394622802734,14.901143335479379,17.643773801865116,NA,NA,0
Dinolestes lewini,-42.58,148.11,2018,3,8,35,6,-43_148,14.503240982691446,17.108394622802734,14.901143335479379,17.643773801865116,NA,NA,0
Dinolestes lewini,-42.58,148.11,2018,3,8,15,1,-43_148,14.503240982691446,17.108394622802734,14.901143335479379,17.643773801865116,NA,NA,0
Dinolestes lewini,-42.58,148.11,2018,3,8,30,4,-43_148,14.503240982691446,17.108394622802734,14.901143335479379,17.643773801865116,NA,NA,0
Dinolestes lewini,-42.58,148.11,2018,3,8,40,1,-43_148,14.503240982691446,17.108394622802734,14.901143335479379,17.643773801865116,NA,NA,0
Dinolestes lewini,-42.58,148.11,2018,3,8,20,5,-43_148,14.503240982691446,17.108394622802734,14.901143335479379,17.643773801865116,NA,NA,0
Dinolestes lewini,-42.58,148.11,2018,3,8,30,1,-43_148,14.503240982691446,17.108394622802734,14.901143335479379,17.643773801865116,NA,NA,0
Dinolestes lewini,-42.58,148.11,2018,3,8,30,9,-43_148,14.503240982691446,17.108394622802734,14.901143335479379,17.643773801865116,NA,NA,0
Dinolestes lewini,-42.58,148.11,2018,3,8,35,7,-43_148,14.503240982691446,17.108394622802734,14.901143335479379,17.643773801865116,NA,NA,0
Dinolestes lewini,-42.58,148.11,2018,3,8,30,1,-43_148,14.503240982691446,17.108394622802734,14.901143335479379,17.643773801865116,NA,NA,0
Dinolestes lewini,-42.58,148.11,2018,3,8,35,3,-43_148,14.503240982691446,17.108394622802734,14.901143335479379,17.643773801865116,NA,NA,0
Dinolestes lewini,-42.58,148.11,2018,3,8,30,3,-43_148,14.503240982691446,17.108394622802734,14.901143335479379,17.643773801865116,NA,NA,0
Dinolestes lewini,-42.58,148.11,2018,3,8,35,17,-43_148,14.503240982691446,17.108394622802734,14.901143335479379,17.643773801865116,NA,NA,0
Dinolestes lewini,-42.58,148.11,2018,3,8,30,7,-43_148,14.503240982691446,17.108394622802734,14.901143335479379,17.643773801865116,NA,NA,0
Dinolestes lewini,-42.58,148.11,2018,3,8,35,3,-43_148,14.503240982691446,17.108394622802734,14.901143335479379,17.643773801865116,NA,NA,0
Dinolestes lewini,-42.58,148.11,2018,3,8,30,2,-43_148,14.503240982691446,17.108394622802734,14.901143335479379,17.643773801865116,NA,NA,0
Dinolestes lewini,-42.58,148.11,2018,3,8,30,1,-43_148,14.503240982691446,17.108394622802734,14.901143335479379,17.643773801865116,NA,NA,0
Dinolestes lewini,-42.58,148.11,2018,3,8,20,1,-43_148,14.503240982691446,17.108394622802734,14.901143335479379,17.643773801865116,NA,NA,0
Dinolestes lewini,-42.58,148.06,2018,3,9,35,19,-43_148,14.503240982691446,17.108394622802734,14.901143335479379,17.643773801865116,NA,NA,0
Dinolestes lewini,-42.58,148.06,2018,3,9,40,2,-43_148,14.503240982691446,17.108394622802734,14.901143335479379,17.643773801865116,NA,NA,0
Dinolestes lewini,-42.58,148.06,2018,3,9,35,1,-43_148,14.503240982691446,17.108394622802734,14.901143335479379,17.643773801865116,NA,NA,0
Dinolestes lewini,-42.58,148.06,2018,3,9,40,18,-43_148,14.503240982691446,17.108394622802734,14.901143335479379,17.643773801865116,NA,NA,0
Dinolestes lewini,-42.58,148.06,2018,3,9,15,3,-43_148,14.503240982691446,17.108394622802734,14.901143335479379,17.643773801865116,NA,NA,0
Dinolestes lewini,-42.58,148.06,2018,3,9,20,1,-43_148,14.503240982691446,17.108394622802734,14.901143335479379,17.643773801865116,NA,NA,0
Dinolestes lewini,-42.6,148.05,2018,4,5,15,1,-43_148,14.503240982691446,15.503841400146484,14.901143335479379,15.658899660110476,NA,NA,0
Dinolestes lewini,-42.6,148.05,2018,4,5,20,1,-43_148,14.503240982691446,15.503841400146484,14.901143335479379,15.658899660110476,NA,NA,0
Dinolestes lewini,-42.6,148.05,2018,4,5,30,1,-43_148,14.503240982691446,15.503841400146484,14.901143335479379,15.658899660110476,NA,NA,0
Dinolestes lewini,-42.6,148.05,2018,4,5,12.5,1,-43_148,14.503240982691446,15.503841400146484,14.901143335479379,15.658899660110476,NA,NA,0
Dinolestes lewini,-42.6,148.05,2018,4,5,15,2,-43_148,14.503240982691446,15.503841400146484,14.901143335479379,15.658899660110476,NA,NA,0
Dinolestes lewini,-42.6,148.05,2018,4,5,25,17,-43_148,14.503240982691446,15.503841400146484,14.901143335479379,15.658899660110476,NA,NA,0
Dinolestes lewini,-42.6,148.05,2018,4,5,30,8,-43_148,14.503240982691446,15.503841400146484,14.901143335479379,15.658899660110476,NA,NA,0
Dinolestes lewini,-42.6,148.05,2018,4,5,25,3,-43_148,14.503240982691446,15.503841400146484,14.901143335479379,15.658899660110476,NA,NA,0
Dinolestes lewini,-42.6,148.05,2018,4,5,30,2,-43_148,14.503240982691446,15.503841400146484,14.901143335479379,15.658899660110476,NA,NA,0
Dinolestes lewini,-42.6,148.05,2018,4,5,30,4,-43_148,14.503240982691446,15.503841400146484,14.901143335479379,15.658899660110476,NA,NA,0
Dinolestes lewini,-42.6,148.05,2018,4,5,35,9,-43_148,14.503240982691446,15.503841400146484,14.901143335479379,15.658899660110476,NA,NA,0
Dinolestes lewini,-42.6,148.05,2018,4,5,40,13,-43_148,14.503240982691446,15.503841400146484,14.901143335479379,15.658899660110476,NA,NA,0
Dinolestes lewini,-42.6,148.05,2018,4,5,30,1,-43_148,14.503240982691446,15.503841400146484,14.901143335479379,15.658899660110476,NA,NA,0
Dinolestes lewini,-42.6,148.05,2018,4,5,35,5,-43_148,14.503240982691446,15.503841400146484,14.901143335479379,15.658899660110476,NA,NA,0
Dinolestes lewini,-42.6,148.05,2018,4,5,40,2,-43_148,14.503240982691446,15.503841400146484,14.901143335479379,15.658899660110476,NA,NA,0
Dinolestes lewini,-42.6,148.05,2018,4,5,30,1,-43_148,14.503240982691446,15.503841400146484,14.901143335479379,15.658899660110476,NA,NA,0
Dinolestes lewini,-42.6,148.05,2018,4,5,35,1,-43_148,14.503240982691446,15.503841400146484,14.901143335479379,15.658899660110476,NA,NA,0
Dinolestes lewini,-42.59,148.05,2018,4,5,10,1,-43_148,14.503240982691446,15.503841400146484,14.901143335479379,15.658899660110476,NA,NA,0
Dinolestes lewini,-42.59,148.05,2018,4,5,30,1,-43_148,14.503240982691446,15.503841400146484,14.901143335479379,15.658899660110476,NA,NA,0
Dinolestes lewini,-42.59,148.05,2018,4,5,15,1,-43_148,14.503240982691446,15.503841400146484,14.901143335479379,15.658899660110476,NA,NA,0
Dinolestes lewini,-42.59,148.05,2018,4,5,30,30,-43_148,14.503240982691446,15.503841400146484,14.901143335479379,15.658899660110476,NA,NA,0
Dinolestes lewini,-42.59,148.05,2018,4,5,35,7,-43_148,14.503240982691446,15.503841400146484,14.901143335479379,15.658899660110476,NA,NA,0
Dinolestes lewini,-42.59,148.05,2018,4,5,35,3,-43_148,14.503240982691446,15.503841400146484,14.901143335479379,15.658899660110476,NA,NA,0
Dinolestes lewini,-42.59,148.05,2018,4,5,20,1,-43_148,14.503240982691446,15.503841400146484,14.901143335479379,15.658899660110476,NA,NA,0
Dinolestes lewini,-42.58,148.05,2018,3,9,10,1,-43_148,14.503240982691446,17.108394622802734,14.901143335479379,17.643773801865116,NA,NA,0
Dinolestes lewini,-42.58,148.05,2018,3,9,35,1,-43_148,14.503240982691446,17.108394622802734,14.901143335479379,17.643773801865116,NA,NA,0
Dinolestes lewini,-42.58,148.05,2018,3,9,10,1,-43_148,14.503240982691446,17.108394622802734,14.901143335479379,17.643773801865116,NA,NA,0
Dinolestes lewini,-42.58,148.05,2018,3,9,25,1,-43_148,14.503240982691446,17.108394622802734,14.901143335479379,17.643773801865116,NA,NA,0
Dinolestes lewini,-42.58,148.05,2018,3,9,40,1,-43_148,14.503240982691446,17.108394622802734,14.901143335479379,17.643773801865116,NA,NA,0
Dinolestes lewini,-42.58,148.05,2018,3,9,35,1,-43_148,14.503240982691446,17.108394622802734,14.901143335479379,17.643773801865116,NA,NA,0
Dinolestes lewini,-42.58,148.05,2018,3,9,15,2,-43_148,14.503240982691446,17.108394622802734,14.901143335479379,17.643773801865116,NA,NA,0
Dinolestes lewini,-42.58,148.05,2018,3,9,15,1,-43_148,14.503240982691446,17.108394622802734,14.901143335479379,17.643773801865116,NA,NA,0
Dinolestes lewini,-42.58,148.05,2018,3,9,12.5,3,-43_148,14.503240982691446,17.108394622802734,14.901143335479379,17.643773801865116,NA,NA,0
Dinolestes lewini,-42.58,148.05,2018,3,9,12.5,1,-43_148,14.503240982691446,17.108394622802734,14.901143335479379,17.643773801865116,NA,NA,0
Dinolestes lewini,-42.58,148.05,2018,3,9,15,1,-43_148,14.503240982691446,17.108394622802734,14.901143335479379,17.643773801865116,NA,NA,0
Dinolestes lewini,-42.51,148,2018,3,7,35,1,-43_148,14.503240982691446,17.108394622802734,14.901143335479379,17.643773801865116,NA,NA,0
Dinolestes lewini,-42.51,148,2018,3,7,40,1,-43_148,14.503240982691446,17.108394622802734,14.901143335479379,17.643773801865116,NA,NA,0
Dinolestes lewini,-42.51,148,2018,3,7,40,5,-43_148,14.503240982691446,17.108394622802734,14.901143335479379,17.643773801865116,NA,NA,0
Dinolestes lewini,-42.51,148,2018,3,7,15,1,-43_148,14.503240982691446,17.108394622802734,14.901143335479379,17.643773801865116,NA,NA,0
Dinolestes lewini,-42.51,148,2018,3,7,10,2,-43_148,14.503240982691446,17.108394622802734,14.901143335479379,17.643773801865116,NA,NA,0
Dinolestes lewini,-42.51,148,2018,3,7,30,2,-43_148,14.503240982691446,17.108394622802734,14.901143335479379,17.643773801865116,NA,NA,0
Dinolestes lewini,-42.51,148,2018,3,7,10,1,-43_148,14.503240982691446,17.108394622802734,14.901143335479379,17.643773801865116,NA,NA,0
Dinolestes lewini,-42.51,148,2018,3,7,15,1,-43_148,14.503240982691446,17.108394622802734,14.901143335479379,17.643773801865116,NA,NA,0
Dinolestes lewini,-42.55,147.95,2018,3,7,30,1,-43_148,14.503240982691446,17.108394622802734,14.901143335479379,17.643773801865116,NA,NA,0
Dinolestes lewini,-42.55,147.95,2018,3,7,25,1,-43_148,14.503240982691446,17.108394622802734,14.901143335479379,17.643773801865116,NA,NA,0
Dinolestes lewini,-42.58,147.92,2018,4,5,12.5,2,-43_148,14.503240982691446,15.503841400146484,14.901143335479379,15.658899660110476,NA,NA,0
Dinolestes lewini,-42.58,147.92,2018,4,5,15,3,-43_148,14.503240982691446,15.503841400146484,14.901143335479379,15.658899660110476,NA,NA,0
Dinolestes lewini,-42.58,147.92,2018,4,5,20,2,-43_148,14.503240982691446,15.503841400146484,14.901143335479379,15.658899660110476,NA,NA,0
Dinolestes lewini,-42.58,147.92,2018,4,5,30,1,-43_148,14.503240982691446,15.503841400146484,14.901143335479379,15.658899660110476,NA,NA,0
Dinolestes lewini,-42.58,147.92,2018,4,5,10,2,-43_148,14.503240982691446,15.503841400146484,14.901143335479379,15.658899660110476,NA,NA,0
Dinolestes lewini,-42.58,147.92,2018,4,5,10,2,-43_148,14.503240982691446,15.503841400146484,14.901143335479379,15.658899660110476,NA,NA,0
Dinolestes lewini,-42.58,147.92,2018,4,5,35,1,-43_148,14.503240982691446,15.503841400146484,14.901143335479379,15.658899660110476,NA,NA,0
Dinolestes lewini,-43.05,147.34,2018,2,28,15,1,-43_147,13.75642498334249,16.439983367919922,14.405646738802172,17.327856860842022,1991,Tinderbox Marine Reserve,1
Dinolestes lewini,-43.05,147.34,2018,2,28,30,1,-43_147,13.75642498334249,16.439983367919922,14.405646738802172,17.327856860842022,1991,Tinderbox Marine Reserve,1
Dinolestes lewini,-43.05,147.34,2018,2,28,15,1,-43_147,13.75642498334249,16.439983367919922,14.405646738802172,17.327856860842022,1991,Tinderbox Marine Reserve,1
Dinolestes lewini,-43.05,147.34,2018,2,28,30,1,-43_147,13.75642498334249,16.439983367919922,14.405646738802172,17.327856860842022,1991,Tinderbox Marine Reserve,1
Dinolestes lewini,-43.05,147.34,2018,2,28,30,1,-43_147,13.75642498334249,16.439983367919922,14.405646738802172,17.327856860842022,1991,Tinderbox Marine Reserve,1
Dinolestes lewini,-43.29,147.18,2018,3,14,35,20,-43_147,13.75642498334249,16.103723526000977,14.405646738802172,16.365483499342396,NA,NA,0
Dinolestes lewini,-43.29,147.18,2018,3,14,40,24,-43_147,13.75642498334249,16.103723526000977,14.405646738802172,16.365483499342396,NA,NA,0
Dinolestes lewini,-43.29,147.18,2018,3,14,30,5,-43_147,13.75642498334249,16.103723526000977,14.405646738802172,16.365483499342396,NA,NA,0
Dinolestes lewini,-43.29,147.18,2018,3,14,35,10,-43_147,13.75642498334249,16.103723526000977,14.405646738802172,16.365483499342396,NA,NA,0
Dinolestes lewini,-43.29,147.18,2018,3,14,40,6,-43_147,13.75642498334249,16.103723526000977,14.405646738802172,16.365483499342396,NA,NA,0
Dinolestes lewini,-43.29,147.18,2018,3,14,30,54,-43_147,13.75642498334249,16.103723526000977,14.405646738802172,16.365483499342396,NA,NA,0
Dinolestes lewini,-43.29,147.18,2018,3,14,35,16,-43_147,13.75642498334249,16.103723526000977,14.405646738802172,16.365483499342396,NA,NA,0
Dinolestes lewini,-43.29,147.18,2018,3,14,40,9,-43_147,13.75642498334249,16.103723526000977,14.405646738802172,16.365483499342396,NA,NA,0
Dinolestes lewini,-43.29,147.18,2018,3,14,50,1,-43_147,13.75642498334249,16.103723526000977,14.405646738802172,16.365483499342396,NA,NA,0
Dinolestes lewini,-43.29,147.18,2018,3,14,30,6,-43_147,13.75642498334249,16.103723526000977,14.405646738802172,16.365483499342396,NA,NA,0
Dinolestes lewini,-43.29,147.18,2018,3,14,35,4,-43_147,13.75642498334249,16.103723526000977,14.405646738802172,16.365483499342396,NA,NA,0
Dinolestes lewini,-43.29,147.18,2018,3,14,40,11,-43_147,13.75642498334249,16.103723526000977,14.405646738802172,16.365483499342396,NA,NA,0
Dinolestes lewini,-43.29,147.18,2018,3,14,30,5,-43_147,13.75642498334249,16.103723526000977,14.405646738802172,16.365483499342396,NA,NA,0
Dinolestes lewini,-43.29,147.18,2018,3,14,15,1,-43_147,13.75642498334249,16.103723526000977,14.405646738802172,16.365483499342396,NA,NA,0
Dinolestes lewini,-43.29,147.18,2018,3,15,25,1,-43_147,13.75642498334249,16.103723526000977,14.405646738802172,16.365483499342396,NA,NA,0
Dinolestes lewini,-43.29,147.18,2018,3,15,20,4,-43_147,13.75642498334249,16.103723526000977,14.405646738802172,16.365483499342396,NA,NA,0
Dinolestes lewini,-43.29,147.18,2018,3,15,30,1,-43_147,13.75642498334249,16.103723526000977,14.405646738802172,16.365483499342396,NA,NA,0
Dinolestes lewini,-43.29,147.18,2018,3,15,25,2,-43_147,13.75642498334249,16.103723526000977,14.405646738802172,16.365483499342396,NA,NA,0
Dinolestes lewini,-43.29,147.14,2018,3,14,40,1,-43_147,13.75642498334249,16.103723526000977,14.405646738802172,16.365483499342396,NA,NA,0
Dinolestes lewini,-43.29,147.14,2018,3,14,25,1,-43_147,13.75642498334249,16.103723526000977,14.405646738802172,16.365483499342396,NA,NA,0
Dinolestes lewini,-43.29,147.14,2018,3,14,40,1,-43_147,13.75642498334249,16.103723526000977,14.405646738802172,16.365483499342396,NA,NA,0
Dinolestes lewini,-43.29,147.14,2018,3,14,30,1,-43_147,13.75642498334249,16.103723526000977,14.405646738802172,16.365483499342396,NA,NA,0
Dinolestes lewini,-43.29,147.14,2018,3,14,12.5,1,-43_147,13.75642498334249,16.103723526000977,14.405646738802172,16.365483499342396,NA,NA,0
Dinolestes lewini,-43.29,147.14,2018,3,14,35,1,-43_147,13.75642498334249,16.103723526000977,14.405646738802172,16.365483499342396,NA,NA,0
Dinolestes lewini,-43.27,147.14,2018,3,14,25,6,-43_147,13.75642498334249,16.103723526000977,14.405646738802172,16.365483499342396,NA,NA,0
Dinolestes lewini,-43.27,147.14,2018,3,14,30,25,-43_147,13.75642498334249,16.103723526000977,14.405646738802172,16.365483499342396,NA,NA,0
Dinolestes lewini,-43.27,147.14,2018,3,14,35,14,-43_147,13.75642498334249,16.103723526000977,14.405646738802172,16.365483499342396,NA,NA,0
Dinolestes lewini,-43.27,147.14,2018,3,14,40,15,-43_147,13.75642498334249,16.103723526000977,14.405646738802172,16.365483499342396,NA,NA,0
Dinolestes lewini,-43.27,147.14,2018,3,14,25,4,-43_147,13.75642498334249,16.103723526000977,14.405646738802172,16.365483499342396,NA,NA,0
Dinolestes lewini,-43.27,147.14,2018,3,14,30,5,-43_147,13.75642498334249,16.103723526000977,14.405646738802172,16.365483499342396,NA,NA,0
Dinolestes lewini,-43.27,147.14,2018,3,14,35,16,-43_147,13.75642498334249,16.103723526000977,14.405646738802172,16.365483499342396,NA,NA,0
Dinolestes lewini,-43.27,147.14,2018,3,14,40,5,-43_147,13.75642498334249,16.103723526000977,14.405646738802172,16.365483499342396,NA,NA,0
Dinolestes lewini,-43.27,147.14,2018,3,14,25,5,-43_147,13.75642498334249,16.103723526000977,14.405646738802172,16.365483499342396,NA,NA,0
Dinolestes lewini,-43.27,147.14,2018,3,14,30,14,-43_147,13.75642498334249,16.103723526000977,14.405646738802172,16.365483499342396,NA,NA,0
Dinolestes lewini,-43.27,147.14,2018,3,14,35,18,-43_147,13.75642498334249,16.103723526000977,14.405646738802172,16.365483499342396,NA,NA,0
Dinolestes lewini,-43.27,147.14,2018,3,14,40,4,-43_147,13.75642498334249,16.103723526000977,14.405646738802172,16.365483499342396,NA,NA,0
Dinolestes lewini,-43.27,147.14,2018,3,14,25,15,-43_147,13.75642498334249,16.103723526000977,14.405646738802172,16.365483499342396,NA,NA,0
Dinolestes lewini,-43.27,147.14,2018,3,14,30,16,-43_147,13.75642498334249,16.103723526000977,14.405646738802172,16.365483499342396,NA,NA,0
Dinolestes lewini,-43.27,147.14,2018,3,14,35,4,-43_147,13.75642498334249,16.103723526000977,14.405646738802172,16.365483499342396,NA,NA,0
Dinolestes lewini,-43.27,147.14,2018,3,14,40,6,-43_147,13.75642498334249,16.103723526000977,14.405646738802172,16.365483499342396,NA,NA,0
Dinolestes lewini,-43.27,147.14,2018,3,14,15,4,-43_147,13.75642498334249,16.103723526000977,14.405646738802172,16.365483499342396,NA,NA,0
Dinolestes lewini,-43.27,147.14,2018,3,14,20,64,-43_147,13.75642498334249,16.103723526000977,14.405646738802172,16.365483499342396,NA,NA,0
Dinolestes lewini,-43.27,147.14,2018,3,14,25,30,-43_147,13.75642498334249,16.103723526000977,14.405646738802172,16.365483499342396,NA,NA,0
Dinolestes lewini,-43.27,147.14,2018,3,14,15,96,-43_147,13.75642498334249,16.103723526000977,14.405646738802172,16.365483499342396,NA,NA,0
Dinolestes lewini,-43.27,147.14,2018,3,14,20,36,-43_147,13.75642498334249,16.103723526000977,14.405646738802172,16.365483499342396,NA,NA,0
Dinolestes lewini,-43.27,147.14,2018,3,14,25,20,-43_147,13.75642498334249,16.103723526000977,14.405646738802172,16.365483499342396,NA,NA,0
Dinolestes lewini,-43.27,147.14,2018,3,14,20,44,-43_147,13.75642498334249,16.103723526000977,14.405646738802172,16.365483499342396,NA,NA,0
Dinolestes lewini,-43.27,147.14,2018,3,14,20,71,-43_147,13.75642498334249,16.103723526000977,14.405646738802172,16.365483499342396,NA,NA,0
Dinolestes lewini,-43.28,147.13,2018,3,15,30,1,-43_147,13.75642498334249,16.103723526000977,14.405646738802172,16.365483499342396,NA,NA,0
Dinolestes lewini,-43.01,147.33,2018,2,28,12.5,3,-43_147,13.75642498334249,16.439983367919922,14.405646738802172,17.327856860842022,NA,NA,0
Dinolestes lewini,-43.01,147.33,2018,2,28,12.5,1,-43_147,13.75642498334249,16.439983367919922,14.405646738802172,17.327856860842022,NA,NA,0
Dinolestes lewini,-43.06,147.33,2018,3,2,20,1,-43_147,13.75642498334249,16.103723526000977,14.405646738802172,16.365483499342396,1991,Tinderbox Marine Reserve,1
Dinolestes lewini,-43.06,147.33,2018,3,2,15,1,-43_147,13.75642498334249,16.103723526000977,14.405646738802172,16.365483499342396,1991,Tinderbox Marine Reserve,1
Dinolestes lewini,-43.06,147.33,2018,3,2,30,22,-43_147,13.75642498334249,16.103723526000977,14.405646738802172,16.365483499342396,1991,Tinderbox Marine Reserve,1
Dinolestes lewini,-43.06,147.33,2018,3,2,20,20,-43_147,13.75642498334249,16.103723526000977,14.405646738802172,16.365483499342396,1991,Tinderbox Marine Reserve,1
Dinolestes lewini,-43.06,147.33,2018,3,2,25,18,-43_147,13.75642498334249,16.103723526000977,14.405646738802172,16.365483499342396,1991,Tinderbox Marine Reserve,1
Dinolestes lewini,-43.06,147.33,2018,3,2,30,9,-43_147,13.75642498334249,16.103723526000977,14.405646738802172,16.365483499342396,1991,Tinderbox Marine Reserve,1
Dinolestes lewini,-43.06,147.33,2018,3,2,25,22,-43_147,13.75642498334249,16.103723526000977,14.405646738802172,16.365483499342396,1991,Tinderbox Marine Reserve,1
Dinolestes lewini,-43.06,147.33,2018,3,2,30,6,-43_147,13.75642498334249,16.103723526000977,14.405646738802172,16.365483499342396,1991,Tinderbox Marine Reserve,1
Dinolestes lewini,-43.15,147.28,2018,3,2,20,104,-43_147,13.75642498334249,16.103723526000977,14.405646738802172,16.365483499342396,NA,NA,0
Dinolestes lewini,-43.15,147.28,2018,3,2,25,23,-43_147,13.75642498334249,16.103723526000977,14.405646738802172,16.365483499342396,NA,NA,0
Dinolestes lewini,-43.15,147.28,2018,3,2,30,29,-43_147,13.75642498334249,16.103723526000977,14.405646738802172,16.365483499342396,NA,NA,0
Dinolestes lewini,-43.15,147.28,2018,3,2,35,18,-43_147,13.75642498334249,16.103723526000977,14.405646738802172,16.365483499342396,NA,NA,0
Dinolestes lewini,-43.15,147.28,2018,3,2,20,96,-43_147,13.75642498334249,16.103723526000977,14.405646738802172,16.365483499342396,NA,NA,0
Dinolestes lewini,-43.15,147.28,2018,3,2,25,177,-43_147,13.75642498334249,16.103723526000977,14.405646738802172,16.365483499342396,NA,NA,0
Dinolestes lewini,-43.15,147.28,2018,3,2,30,71,-43_147,13.75642498334249,16.103723526000977,14.405646738802172,16.365483499342396,NA,NA,0
Dinolestes lewini,-43.15,147.28,2018,3,2,35,2,-43_147,13.75642498334249,16.103723526000977,14.405646738802172,16.365483499342396,NA,NA,0
Dinolestes lewini,-43.06,147.36,2018,3,2,20,1,-43_147,13.75642498334249,16.103723526000977,14.405646738802172,16.365483499342396,NA,NA,0
Dinolestes lewini,-43.06,147.36,2018,3,2,15,1,-43_147,13.75642498334249,16.103723526000977,14.405646738802172,16.365483499342396,NA,NA,0
Dinolestes lewini,-42.63,148.02,2012,1,15,5,3,-43_148,14.007650772730509,16.154277801513672,14.55513669233242,17.6218383050734,NA,NA,0
Dinolestes lewini,-42.63,148.02,2012,1,15,7.5,4,-43_148,14.007650772730509,16.154277801513672,14.55513669233242,17.6218383050734,NA,NA,0
Dinolestes lewini,-42.63,148.02,2012,1,15,10,1,-43_148,14.007650772730509,16.154277801513672,14.55513669233242,17.6218383050734,NA,NA,0
Dinolestes lewini,-36.01,150.17,2011,10,22,30,1,-36_150,19.3207901318868,17.771831512451172,19.59090364169171,17.85064478843443,2007,Batemans Marine Park,0
Dinolestes lewini,-36.01,150.17,2011,10,22,40,1,-36_150,19.3207901318868,17.771831512451172,19.59090364169171,17.85064478843443,2007,Batemans Marine Park,0
Dinolestes lewini,-36.01,150.17,2011,10,22,25,40,-36_150,19.3207901318868,17.771831512451172,19.59090364169171,17.85064478843443,2007,Batemans Marine Park,0
Dinolestes lewini,-36.01,150.17,2011,10,22,30,40,-36_150,19.3207901318868,17.771831512451172,19.59090364169171,17.85064478843443,2007,Batemans Marine Park,0
Dinolestes lewini,-36.01,150.17,2011,10,22,35,40,-36_150,19.3207901318868,17.771831512451172,19.59090364169171,17.85064478843443,2007,Batemans Marine Park,0
Dinolestes lewini,-35.82,150.23,2011,12,18,30,20,-36_150,19.3207901318868,19.595016479492188,19.59090364169171,19.428547982246645,NA,NA,0
Dinolestes lewini,-35.82,150.23,2011,12,18,30,11,-36_150,19.3207901318868,19.595016479492188,19.59090364169171,19.428547982246645,NA,NA,0
Dinolestes lewini,-35.82,150.23,2011,12,18,35,11,-36_150,19.3207901318868,19.595016479492188,19.59090364169171,19.428547982246645,NA,NA,0
Dinolestes lewini,-35.69,150.3,2012,1,10,25,10,-36_150,18.585016886393227,21.49715805053711,18.36202437157773,20.835590967568017,NA,NA,0
Dinolestes lewini,-35.69,150.3,2012,1,10,30,10,-36_150,18.585016886393227,21.49715805053711,18.36202437157773,20.835590967568017,NA,NA,0
Dinolestes lewini,-35.69,150.3,2012,1,10,35,1,-36_150,18.585016886393227,21.49715805053711,18.36202437157773,20.835590967568017,NA,NA,0
Dinolestes lewini,-35.69,150.3,2012,1,10,25,1,-36_150,18.585016886393227,21.49715805053711,18.36202437157773,20.835590967568017,NA,NA,0
Dinolestes lewini,-35.86,150.19,2012,1,13,30,15,-36_150,18.585016886393227,21.49715805053711,18.36202437157773,20.835590967568017,NA,NA,0
Dinolestes lewini,-35.86,150.19,2012,1,13,35,15,-36_150,18.585016886393227,21.49715805053711,18.36202437157773,20.835590967568017,NA,NA,0
Dinolestes lewini,-36.01,150.17,2011,10,22,25,10,-36_150,19.3207901318868,17.771831512451172,19.59090364169171,17.85064478843443,2007,Batemans Marine Park,0
Dinolestes lewini,-36.01,150.17,2011,10,22,30,10,-36_150,19.3207901318868,17.771831512451172,19.59090364169171,17.85064478843443,2007,Batemans Marine Park,0
Dinolestes lewini,-36.01,150.17,2011,10,22,35,10,-36_150,19.3207901318868,17.771831512451172,19.59090364169171,17.85064478843443,2007,Batemans Marine Park,0
Dinolestes lewini,-36.01,150.17,2011,10,22,40,10,-36_150,19.3207901318868,17.771831512451172,19.59090364169171,17.85064478843443,2007,Batemans Marine Park,0
Dinolestes lewini,-36.01,150.17,2011,10,22,50,10,-36_150,19.3207901318868,17.771831512451172,19.59090364169171,17.85064478843443,2007,Batemans Marine Park,0
Dinolestes lewini,-36.01,150.17,2011,10,22,30,1,-36_150,19.3207901318868,17.771831512451172,19.59090364169171,17.85064478843443,2007,Batemans Marine Park,0
Dinolestes lewini,-35.8,150.24,2011,11,2,30,1,-36_150,19.3207901318868,19.16254425048828,19.59090364169171,19.105166159735784,NA,NA,0
Dinolestes lewini,-35.8,150.24,2011,11,2,35,1,-36_150,19.3207901318868,19.16254425048828,19.59090364169171,19.105166159735784,NA,NA,0
Dinolestes lewini,-35.75,150.26,2012,2,13,25,5,-36_150,18.585016886393227,21.953752517700195,18.36202437157773,21.27999945892685,2007,Batemans Marine Park,0
Dinolestes lewini,-35.75,150.26,2012,2,13,30,5,-36_150,18.585016886393227,21.953752517700195,18.36202437157773,21.27999945892685,2007,Batemans Marine Park,0
Dinolestes lewini,-35.75,150.26,2012,2,13,35,5,-36_150,18.585016886393227,21.953752517700195,18.36202437157773,21.27999945892685,2007,Batemans Marine Park,0
Dinolestes lewini,-35.75,150.26,2012,2,13,25,6,-36_150,18.585016886393227,21.953752517700195,18.36202437157773,21.27999945892685,2007,Batemans Marine Park,0
Dinolestes lewini,-35.75,150.26,2012,2,13,30,7,-36_150,18.585016886393227,21.953752517700195,18.36202437157773,21.27999945892685,2007,Batemans Marine Park,0
Dinolestes lewini,-35.75,150.26,2012,2,13,35,7,-36_150,18.585016886393227,21.953752517700195,18.36202437157773,21.27999945892685,2007,Batemans Marine Park,0
Dinolestes lewini,-36.01,150.17,2011,10,22,30,1,-36_150,19.3207901318868,17.771831512451172,19.59090364169171,17.85064478843443,2007,Batemans Marine Park,0
Dinolestes lewini,-36.01,150.17,2011,10,22,40,1,-36_150,19.3207901318868,17.771831512451172,19.59090364169171,17.85064478843443,2007,Batemans Marine Park,0
Dinolestes lewini,-35.75,150.26,2012,1,26,35,1,-36_150,18.585016886393227,21.49715805053711,18.36202437157773,20.835590967568017,2007,Batemans Marine Park,0
Dinolestes lewini,-35.75,150.26,2012,1,26,30,1,-36_150,18.585016886393227,21.49715805053711,18.36202437157773,20.835590967568017,2007,Batemans Marine Park,0
Dinolestes lewini,-36.01,150.17,2011,10,22,40,1,-36_150,19.3207901318868,17.771831512451172,19.59090364169171,17.85064478843443,2007,Batemans Marine Park,0
Dinolestes lewini,-36.01,150.17,2011,10,22,35,5,-36_150,19.3207901318868,17.771831512451172,19.59090364169171,17.85064478843443,2007,Batemans Marine Park,0
Dinolestes lewini,-36.01,150.17,2011,10,22,40,5,-36_150,19.3207901318868,17.771831512451172,19.59090364169171,17.85064478843443,2007,Batemans Marine Park,0
Dinolestes lewini,-33.8,151.3,2011,11,27,35,1,-34_151,20.72282870610555,20.450035095214844,20.846456927244198,19.886332845687868,2002,Cabbage Tree Bay Aquatic Reserve,0
Dinolestes lewini,-36.01,150.17,2011,10,22,30,5,-36_150,19.3207901318868,17.771831512451172,19.59090364169171,17.85064478843443,2007,Batemans Marine Park,0
Dinolestes lewini,-33.8,151.27,2011,11,25,5,5,-34_151,20.72282870610555,20.450035095214844,20.846456927244198,19.886332845687868,NA,NA,0
Dinolestes lewini,-33.8,151.27,2011,11,25,7.5,2,-34_151,20.72282870610555,20.450035095214844,20.846456927244198,19.886332845687868,NA,NA,0
Dinolestes lewini,-33.8,151.27,2011,11,25,25,1,-34_151,20.72282870610555,20.450035095214844,20.846456927244198,19.886332845687868,NA,NA,0
Dinolestes lewini,-33.84,151.25,2011,11,26,7.5,2,-34_151,20.72282870610555,20.450035095214844,20.846456927244198,19.886332845687868,NA,NA,0
Dinolestes lewini,-33.84,151.25,2011,11,26,20,1,-34_151,20.72282870610555,20.450035095214844,20.846456927244198,19.886332845687868,NA,NA,0
Dinolestes lewini,-33.84,151.25,2011,11,26,5,2,-34_151,20.72282870610555,20.450035095214844,20.846456927244198,19.886332845687868,NA,NA,0
Dinolestes lewini,-33.8,151.3,2011,11,27,20,1,-34_151,20.72282870610555,20.450035095214844,20.846456927244198,19.886332845687868,2002,Cabbage Tree Bay Aquatic Reserve,0
Dinolestes lewini,-33.8,151.3,2011,11,27,25,1,-34_151,20.72282870610555,20.450035095214844,20.846456927244198,19.886332845687868,2002,Cabbage Tree Bay Aquatic Reserve,0
Dinolestes lewini,-35.8,150.24,2011,11,2,30,2,-36_150,19.3207901318868,19.16254425048828,19.59090364169171,19.105166159735784,NA,NA,0
Dinolestes lewini,-35.83,150.23,2012,1,13,25,20,-36_150,18.585016886393227,21.49715805053711,18.36202437157773,20.835590967568017,2007,Batemans Marine Park,0
Dinolestes lewini,-35.83,150.23,2012,1,13,25,1,-36_150,18.585016886393227,21.49715805053711,18.36202437157773,20.835590967568017,2007,Batemans Marine Park,0
Dinolestes lewini,-32.71,152.16,2011,8,28,20,1,-33_152,21.399254004160564,19.14668083190918,21.19576238272011,18.670214596615043,1983,Fly Point-Halifax Park,1
Dinolestes lewini,-32.71,152.16,2011,8,28,25,3,-33_152,21.399254004160564,19.14668083190918,21.19576238272011,18.670214596615043,1983,Fly Point-Halifax Park,1
Dinolestes lewini,-35.71,150.28,2012,1,26,25,15,-36_150,18.585016886393227,21.49715805053711,18.36202437157773,20.835590967568017,2007,Batemans Marine Park,0
Dinolestes lewini,-35.71,150.28,2012,1,26,30,16,-36_150,18.585016886393227,21.49715805053711,18.36202437157773,20.835590967568017,2007,Batemans Marine Park,0
Dinolestes lewini,-35.71,150.28,2012,1,26,25,1,-36_150,18.585016886393227,21.49715805053711,18.36202437157773,20.835590967568017,2007,Batemans Marine Park,0
Dinolestes lewini,-35.71,150.28,2012,1,26,30,2,-36_150,18.585016886393227,21.49715805053711,18.36202437157773,20.835590967568017,2007,Batemans Marine Park,0
Dinolestes lewini,-35.75,150.26,2012,1,26,30,1,-36_150,18.585016886393227,21.49715805053711,18.36202437157773,20.835590967568017,2007,Batemans Marine Park,0
Dinolestes lewini,-35.75,150.26,2012,1,26,25,3,-36_150,18.585016886393227,21.49715805053711,18.36202437157773,20.835590967568017,2007,Batemans Marine Park,0
Dinolestes lewini,-32.69,152.22,2011,11,11,25,5,-33_152,21.399254004160564,21.103883743286133,21.19576238272011,20.1717494752672,NA,NA,0
Dinolestes lewini,-32.69,152.22,2011,10,9,15,25,-33_152,21.399254004160564,19.700183868408203,21.19576238272011,19.680671589348904,NA,NA,0
Dinolestes lewini,-42.58,147.92,2008,3,18,25,8,-43_148,14.094604651133219,16.561429977416992,14.013373462664685,16.37025767910865,NA,NA,0
Dinolestes lewini,-42.58,147.92,2008,3,18,25,7,-43_148,14.094604651133219,16.561429977416992,14.013373462664685,16.37025767910865,NA,NA,0
Dinolestes lewini,-42.58,147.92,2008,3,18,20,1,-43_148,14.094604651133219,16.561429977416992,14.013373462664685,16.37025767910865,NA,NA,0
Dinolestes lewini,-42.58,147.92,2008,3,18,25,1,-43_148,14.094604651133219,16.561429977416992,14.013373462664685,16.37025767910865,NA,NA,0
Dinolestes lewini,-43.27,147.14,2008,3,17,20,1,-43_147,13.399687846501669,15.69079303741455,13.7767973197834,15.471548055833386,NA,NA,0
Dinolestes lewini,-43.29,147.14,2008,3,14,20,1,-43_147,13.399687846501669,15.69079303741455,13.7767973197834,15.471548055833386,NA,NA,0
Dinolestes lewini,-42.56,148.07,2009,3,25,20,1,-43_148,14.042946100234985,15.90321922302246,14.376325621269205,16.21825768563055,NA,NA,0
Dinolestes lewini,-42.56,148.07,2009,3,25,20,2,-43_148,14.042946100234985,15.90321922302246,14.376325621269205,16.21825768563055,NA,NA,0
Dinolestes lewini,-42.56,148.07,2009,3,25,25,1,-43_148,14.042946100234985,15.90321922302246,14.376325621269205,16.21825768563055,NA,NA,0
Dinolestes lewini,-42.56,148.07,2009,3,25,25,1,-43_148,14.042946100234985,15.90321922302246,14.376325621269205,16.21825768563055,NA,NA,0
Dinolestes lewini,-42.58,148.06,2009,3,25,20,46,-43_148,14.042946100234985,15.90321922302246,14.376325621269205,16.21825768563055,NA,NA,0
Dinolestes lewini,-42.58,148.06,2009,3,25,20,6,-43_148,14.042946100234985,15.90321922302246,14.376325621269205,16.21825768563055,NA,NA,0
Dinolestes lewini,-42.58,148.06,2009,3,25,15,7,-43_148,14.042946100234985,15.90321922302246,14.376325621269205,16.21825768563055,NA,NA,0
Dinolestes lewini,-42.58,148.06,2009,3,25,20,38,-43_148,14.042946100234985,15.90321922302246,14.376325621269205,16.21825768563055,NA,NA,0
Dinolestes lewini,-42.58,148.06,2009,3,25,25,10,-43_148,14.042946100234985,15.90321922302246,14.376325621269205,16.21825768563055,NA,NA,0
Dinolestes lewini,-42.58,148.06,2009,3,25,15,3,-43_148,14.042946100234985,15.90321922302246,14.376325621269205,16.21825768563055,NA,NA,0
Dinolestes lewini,-42.58,148.06,2009,3,25,20,12,-43_148,14.042946100234985,15.90321922302246,14.376325621269205,16.21825768563055,NA,NA,0
Dinolestes lewini,-42.58,148.06,2009,3,25,25,2,-43_148,14.042946100234985,15.90321922302246,14.376325621269205,16.21825768563055,NA,NA,0
Dinolestes lewini,-42.6,148.05,2009,5,12,40,1,-43_148,14.042946100234985,13.774621963500977,14.376325621269205,13.850257732022191,NA,NA,0
Dinolestes lewini,-42.6,148.05,2009,5,12,35,1,-43_148,14.042946100234985,13.774621963500977,14.376325621269205,13.850257732022191,NA,NA,0
Dinolestes lewini,-43.27,147.14,2009,4,1,15,3,-43_147,13.387731552124023,14.601828575134276,14.014921353872898,14.739999669392905,NA,NA,0
Dinolestes lewini,-43.27,147.14,2009,4,1,20,30,-43_147,13.387731552124023,14.601828575134276,14.014921353872898,14.739999669392905,NA,NA,0
Dinolestes lewini,-43.27,147.14,2009,4,1,15,1,-43_147,13.387731552124023,14.601828575134276,14.014921353872898,14.739999669392905,NA,NA,0
Dinolestes lewini,-43.27,147.14,2009,4,1,20,24,-43_147,13.387731552124023,14.601828575134276,14.014921353872898,14.739999669392905,NA,NA,0
Dinolestes lewini,-43.29,147.14,2009,4,1,20,1,-43_147,13.387731552124023,14.601828575134276,14.014921353872898,14.739999669392905,NA,NA,0
Dinolestes lewini,-43.29,147.14,2009,4,1,25,1,-43_147,13.387731552124023,14.601828575134276,14.014921353872898,14.739999669392905,NA,NA,0
Dinolestes lewini,-43.29,147.14,2009,4,1,25,1,-43_147,13.387731552124023,14.601828575134276,14.014921353872898,14.739999669392905,NA,NA,0
Dinolestes lewini,-42.58,147.92,2009,3,24,20,1,-43_148,14.042946100234985,15.90321922302246,14.376325621269205,16.21825768563055,NA,NA,0
Dinolestes lewini,-42.58,147.92,2009,3,24,15,1,-43_148,14.042946100234985,15.90321922302246,14.376325621269205,16.21825768563055,NA,NA,0
Dinolestes lewini,-42.58,147.92,2009,3,24,25,1,-43_148,14.042946100234985,15.90321922302246,14.376325621269205,16.21825768563055,NA,NA,0
Dinolestes lewini,-42.52,147.97,2009,5,13,30,1,-43_148,14.042946100234985,13.774621963500977,14.376325621269205,13.850257732022191,NA,NA,0
Dinolestes lewini,-42.95,147.36,2010,2,10,15,8,-43_147,13.614574035008749,16.483436584472656,14.24150797809263,17.645428235190256,1971,Crayfish Point Reserve,1
Dinolestes lewini,-42.95,147.36,2010,2,10,20,31,-43_147,13.614574035008749,16.483436584472656,14.24150797809263,17.645428235190256,1971,Crayfish Point Reserve,1
Dinolestes lewini,-42.95,147.36,2010,2,10,25,45,-43_147,13.614574035008749,16.483436584472656,14.24150797809263,17.645428235190256,1971,Crayfish Point Reserve,1
Dinolestes lewini,-42.95,147.36,2010,2,10,15,4,-43_147,13.614574035008749,16.483436584472656,14.24150797809263,17.645428235190256,1971,Crayfish Point Reserve,1
Dinolestes lewini,-42.95,147.36,2010,2,10,20,30,-43_147,13.614574035008749,16.483436584472656,14.24150797809263,17.645428235190256,1971,Crayfish Point Reserve,1
Dinolestes lewini,-42.95,147.36,2010,2,10,25,10,-43_147,13.614574035008749,16.483436584472656,14.24150797809263,17.645428235190256,1971,Crayfish Point Reserve,1
Dinolestes lewini,-42.95,147.36,2010,2,10,15,6,-43_147,13.614574035008749,16.483436584472656,14.24150797809263,17.645428235190256,1971,Crayfish Point Reserve,1
Dinolestes lewini,-42.95,147.36,2010,2,10,20,33,-43_147,13.614574035008749,16.483436584472656,14.24150797809263,17.645428235190256,1971,Crayfish Point Reserve,1
Dinolestes lewini,-42.95,147.36,2010,2,10,15,37,-43_147,13.614574035008749,16.483436584472656,14.24150797809263,17.645428235190256,1971,Crayfish Point Reserve,1
Dinolestes lewini,-42.95,147.36,2010,2,10,20,199,-43_147,13.614574035008749,16.483436584472656,14.24150797809263,17.645428235190256,1971,Crayfish Point Reserve,1
Dinolestes lewini,-42.95,147.36,2010,2,10,20,1,-43_147,13.614574035008749,16.483436584472656,14.24150797809263,17.645428235190256,1971,Crayfish Point Reserve,1
Dinolestes lewini,-42.95,147.36,2010,2,10,25,19,-43_147,13.614574035008749,16.483436584472656,14.24150797809263,17.645428235190256,1971,Crayfish Point Reserve,1
Dinolestes lewini,-42.95,147.36,2010,2,10,30,10,-43_147,13.614574035008749,16.483436584472656,14.24150797809263,17.645428235190256,1971,Crayfish Point Reserve,1
Dinolestes lewini,-42.95,147.36,2010,2,10,20,19,-43_147,13.614574035008749,16.483436584472656,14.24150797809263,17.645428235190256,1971,Crayfish Point Reserve,1
Dinolestes lewini,-42.95,147.36,2010,2,10,25,1,-43_147,13.614574035008749,16.483436584472656,14.24150797809263,17.645428235190256,1971,Crayfish Point Reserve,1
Dinolestes lewini,-42.95,147.36,2010,2,10,30,20,-43_147,13.614574035008749,16.483436584472656,14.24150797809263,17.645428235190256,1971,Crayfish Point Reserve,1
Dinolestes lewini,-42.95,147.36,2010,2,10,15,7,-43_147,13.614574035008749,16.483436584472656,14.24150797809263,17.645428235190256,1971,Crayfish Point Reserve,1
Dinolestes lewini,-42.95,147.36,2010,2,10,30,7,-43_147,13.614574035008749,16.483436584472656,14.24150797809263,17.645428235190256,1971,Crayfish Point Reserve,1
Dinolestes lewini,-42.95,147.36,2010,2,10,35,2,-43_147,13.614574035008749,16.483436584472656,14.24150797809263,17.645428235190256,1971,Crayfish Point Reserve,1
Dinolestes lewini,-42.95,147.36,2010,2,10,15,3,-43_147,13.614574035008749,16.483436584472656,14.24150797809263,17.645428235190256,1971,Crayfish Point Reserve,1
Dinolestes lewini,-42.95,147.36,2010,2,10,25,5,-43_147,13.614574035008749,16.483436584472656,14.24150797809263,17.645428235190256,1971,Crayfish Point Reserve,1
Dinolestes lewini,-42.95,147.36,2010,2,10,30,3,-43_147,13.614574035008749,16.483436584472656,14.24150797809263,17.645428235190256,1971,Crayfish Point Reserve,1
Dinolestes lewini,-43,147.33,2010,2,11,15,1,-43_147,13.614574035008749,16.483436584472656,14.24150797809263,17.645428235190256,NA,NA,0
Dinolestes lewini,-43,147.33,2010,2,11,10,2,-43_147,13.614574035008749,16.483436584472656,14.24150797809263,17.645428235190256,NA,NA,0
Dinolestes lewini,-43,147.33,2010,2,11,12.5,1,-43_147,13.614574035008749,16.483436584472656,14.24150797809263,17.645428235190256,NA,NA,0
Dinolestes lewini,-43,147.33,2010,2,11,20,2,-43_147,13.614574035008749,16.483436584472656,14.24150797809263,17.645428235190256,NA,NA,0
Dinolestes lewini,-43,147.33,2010,2,11,25,1,-43_147,13.614574035008749,16.483436584472656,14.24150797809263,17.645428235190256,NA,NA,0
Dinolestes lewini,-43,147.33,2010,2,11,30,10,-43_147,13.614574035008749,16.483436584472656,14.24150797809263,17.645428235190256,NA,NA,0
Dinolestes lewini,-43,147.33,2010,2,11,40,2,-43_147,13.614574035008749,16.483436584472656,14.24150797809263,17.645428235190256,NA,NA,0
Dinolestes lewini,-43,147.33,2010,2,11,20,1,-43_147,13.614574035008749,16.483436584472656,14.24150797809263,17.645428235190256,NA,NA,0
Dinolestes lewini,-43,147.33,2010,2,11,25,2,-43_147,13.614574035008749,16.483436584472656,14.24150797809263,17.645428235190256,NA,NA,0
Dinolestes lewini,-43,147.33,2010,2,11,35,20,-43_147,13.614574035008749,16.483436584472656,14.24150797809263,17.645428235190256,NA,NA,0
Dinolestes lewini,-43,147.33,2010,2,11,25,3,-43_147,13.614574035008749,16.483436584472656,14.24150797809263,17.645428235190256,NA,NA,0
Dinolestes lewini,-43,147.33,2010,2,11,30,2,-43_147,13.614574035008749,16.483436584472656,14.24150797809263,17.645428235190256,NA,NA,0
Dinolestes lewini,-43,147.33,2010,2,11,35,4,-43_147,13.614574035008749,16.483436584472656,14.24150797809263,17.645428235190256,NA,NA,0
Dinolestes lewini,-43,147.33,2010,2,11,40,24,-43_147,13.614574035008749,16.483436584472656,14.24150797809263,17.645428235190256,NA,NA,0
Dinolestes lewini,-43,147.33,2010,2,11,20,2,-43_147,13.614574035008749,16.483436584472656,14.24150797809263,17.645428235190256,NA,NA,0
Dinolestes lewini,-43,147.33,2010,2,11,35,6,-43_147,13.614574035008749,16.483436584472656,14.24150797809263,17.645428235190256,NA,NA,0
Dinolestes lewini,-43,147.33,2010,2,11,40,86,-43_147,13.614574035008749,16.483436584472656,14.24150797809263,17.645428235190256,NA,NA,0
Dinolestes lewini,-43.06,147.33,2009,3,20,20,1,-43_147,13.387731552124023,15.268451690673828,14.014921353872898,15.380709291273549,1991,Tinderbox Marine Reserve,1
Dinolestes lewini,-43.06,147.33,2009,3,20,15,2,-43_147,13.387731552124023,15.268451690673828,14.014921353872898,15.380709291273549,1991,Tinderbox Marine Reserve,1
Dinolestes lewini,-43.05,147.34,2009,3,19,40,1,-43_147,13.387731552124023,15.268451690673828,14.014921353872898,15.380709291273549,1991,Tinderbox Marine Reserve,1
Dinolestes lewini,-43.04,147.34,2009,3,19,10,1,-43_147,13.387731552124023,15.268451690673828,14.014921353872898,15.380709291273549,2009,Tinderbox Marine Reserve,0
Dinolestes lewini,-43.04,147.34,2009,3,19,20,1,-43_147,13.387731552124023,15.268451690673828,14.014921353872898,15.380709291273549,2009,Tinderbox Marine Reserve,0
Dinolestes lewini,-43.04,147.34,2009,3,19,25,1,-43_147,13.387731552124023,15.268451690673828,14.014921353872898,15.380709291273549,2009,Tinderbox Marine Reserve,0
Dinolestes lewini,-43.04,147.34,2009,3,19,35,1,-43_147,13.387731552124023,15.268451690673828,14.014921353872898,15.380709291273549,2009,Tinderbox Marine Reserve,0
Dinolestes lewini,-43.04,147.34,2009,3,19,35,2,-43_147,13.387731552124023,15.268451690673828,14.014921353872898,15.380709291273549,2009,Tinderbox Marine Reserve,0
Dinolestes lewini,-43.04,147.34,2009,3,19,40,1,-43_147,13.387731552124023,15.268451690673828,14.014921353872898,15.380709291273549,2009,Tinderbox Marine Reserve,0
Dinolestes lewini,-42.98,147.39,2010,2,12,12.5,1,-43_147,13.614574035008749,16.483436584472656,14.24150797809263,17.645428235190256,NA,NA,0
Dinolestes lewini,-42.98,147.39,2010,2,12,20,8,-43_147,13.614574035008749,16.483436584472656,14.24150797809263,17.645428235190256,NA,NA,0
Dinolestes lewini,-42.98,147.39,2010,2,12,20,52,-43_147,13.614574035008749,16.483436584472656,14.24150797809263,17.645428235190256,NA,NA,0
Dinolestes lewini,-42.56,148.07,2010,4,30,15,1,-43_148,14.302608331044514,15.881216049194336,14.730523128344716,16.99966623624166,NA,NA,0
Dinolestes lewini,-42.58,148.06,2010,5,3,30,24,-43_148,14.302608331044514,14.377012252807615,14.730523128344716,14.872838358725271,NA,NA,0
Dinolestes lewini,-42.58,148.06,2010,5,3,30,11,-43_148,14.302608331044514,14.377012252807615,14.730523128344716,14.872838358725271,NA,NA,0
Dinolestes lewini,-42.6,148.05,2010,5,8,35,1,-43_148,14.302608331044514,14.377012252807615,14.730523128344716,14.872838358725271,NA,NA,0
Dinolestes lewini,-42.6,148.05,2010,5,8,12.5,2,-43_148,14.302608331044514,14.377012252807615,14.730523128344716,14.872838358725271,NA,NA,0
Dinolestes lewini,-42.6,148.05,2010,5,8,15,1,-43_148,14.302608331044514,14.377012252807615,14.730523128344716,14.872838358725271,NA,NA,0
Dinolestes lewini,-42.6,148.05,2010,5,8,12.5,1,-43_148,14.302608331044514,14.377012252807615,14.730523128344716,14.872838358725271,NA,NA,0
Dinolestes lewini,-43.27,147.14,2009,4,1,20,3,-43_147,13.387731552124023,14.601828575134276,14.014921353872898,14.739999669392905,NA,NA,0
Dinolestes lewini,-43.27,147.14,2009,4,1,15,1,-43_147,13.387731552124023,14.601828575134276,14.014921353872898,14.739999669392905,NA,NA,0
Dinolestes lewini,-43.27,147.14,2009,4,1,30,1,-43_147,13.387731552124023,14.601828575134276,14.014921353872898,14.739999669392905,NA,NA,0
Dinolestes lewini,-43.27,147.14,2010,4,23,10,125,-43_147,13.614574035008749,14.88960075378418,14.24150797809263,15.957932974497478,NA,NA,0
Dinolestes lewini,-43.27,147.14,2010,4,23,15,3,-43_147,13.614574035008749,14.88960075378418,14.24150797809263,15.957932974497478,NA,NA,0
Dinolestes lewini,-43.27,147.14,2010,4,23,10,25,-43_147,13.614574035008749,14.88960075378418,14.24150797809263,15.957932974497478,NA,NA,0
Dinolestes lewini,-43.27,147.14,2010,4,23,15,2,-43_147,13.614574035008749,14.88960075378418,14.24150797809263,15.957932974497478,NA,NA,0
Dinolestes lewini,-42.6,148.05,2010,5,8,15,1,-43_148,14.302608331044514,14.377012252807615,14.730523128344716,14.872838358725271,NA,NA,0
Dinolestes lewini,-43.27,147.14,2010,4,23,12.5,3,-43_147,13.614574035008749,14.88960075378418,14.24150797809263,15.957932974497478,NA,NA,0
Dinolestes lewini,-43.27,147.14,2010,4,23,12.5,7,-43_147,13.614574035008749,14.88960075378418,14.24150797809263,15.957932974497478,NA,NA,0
Dinolestes lewini,-43.29,147.18,2010,4,23,20,34,-43_147,13.614574035008749,14.88960075378418,14.24150797809263,15.957932974497478,NA,NA,0
Dinolestes lewini,-43.29,147.18,2010,4,23,20,6,-43_147,13.614574035008749,14.88960075378418,14.24150797809263,15.957932974497478,NA,NA,0
Dinolestes lewini,-43.29,147.18,2010,4,23,20,1,-43_147,13.614574035008749,14.88960075378418,14.24150797809263,15.957932974497478,NA,NA,0
Dinolestes lewini,-42.58,147.92,2010,4,27,25,1,-43_148,14.302608331044514,15.881216049194336,14.730523128344716,16.99966623624166,NA,NA,0
Dinolestes lewini,-42.58,147.92,2010,4,27,25,4,-43_148,14.302608331044514,15.881216049194336,14.730523128344716,16.99966623624166,NA,NA,0
Dinolestes lewini,-42.52,147.97,2010,4,30,15,3,-43_148,14.302608331044514,15.881216049194336,14.730523128344716,16.99966623624166,NA,NA,0
Dinolestes lewini,-43.06,147.33,2010,4,14,30,49,-43_147,13.614574035008749,14.88960075378418,14.24150797809263,15.957932974497478,1991,Tinderbox Marine Reserve,1
Dinolestes lewini,-43.06,147.33,2010,4,14,30,26,-43_147,13.614574035008749,14.88960075378418,14.24150797809263,15.957932974497478,1991,Tinderbox Marine Reserve,1
Dinolestes lewini,-43.06,147.33,2010,4,14,20,16,-43_147,13.614574035008749,14.88960075378418,14.24150797809263,15.957932974497478,1991,Tinderbox Marine Reserve,1
Dinolestes lewini,-43.06,147.33,2010,4,14,20,84,-43_147,13.614574035008749,14.88960075378418,14.24150797809263,15.957932974497478,1991,Tinderbox Marine Reserve,1
Dinolestes lewini,-43.04,147.34,2010,4,21,10,153,-43_147,13.614574035008749,14.88960075378418,14.24150797809263,15.957932974497478,2009,Tinderbox Marine Reserve,0
Dinolestes lewini,-43.04,147.34,2010,4,21,10,47,-43_147,13.614574035008749,14.88960075378418,14.24150797809263,15.957932974497478,2009,Tinderbox Marine Reserve,0
Dinolestes lewini,-41.87,148.31,2011,3,1,30,1,-42_148,14.997762759526571,17.105810165405273,14.78819945009521,16.973870636314473,1991,Bicheno Marine Reserve,1
Dinolestes lewini,-41.87,148.31,2011,3,1,35,1,-42_148,14.997762759526571,17.105810165405273,14.78819945009521,16.973870636314473,1991,Bicheno Marine Reserve,1
Dinolestes lewini,-41.87,148.31,2011,3,1,30,3,-42_148,14.997762759526571,17.105810165405273,14.78819945009521,16.973870636314473,1991,Bicheno Marine Reserve,1
Dinolestes lewini,-41.87,148.31,2011,3,1,25,2,-42_148,14.997762759526571,17.105810165405273,14.78819945009521,16.973870636314473,1991,Bicheno Marine Reserve,1
Dinolestes lewini,-41.87,148.31,2011,3,1,25,3,-42_148,14.997762759526571,17.105810165405273,14.78819945009521,16.973870636314473,1991,Bicheno Marine Reserve,1
Dinolestes lewini,-41.87,148.31,2011,3,1,20,13,-42_148,14.997762759526571,17.105810165405273,14.78819945009521,16.973870636314473,1991,Bicheno Marine Reserve,1
Dinolestes lewini,-41.87,148.31,2011,3,1,25,20,-42_148,14.997762759526571,17.105810165405273,14.78819945009521,16.973870636314473,1991,Bicheno Marine Reserve,1
Dinolestes lewini,-41.87,148.31,2011,3,1,35,19,-42_148,14.997762759526571,17.105810165405273,14.78819945009521,16.973870636314473,1991,Bicheno Marine Reserve,1
Dinolestes lewini,-41.87,148.31,2011,3,1,40,4,-42_148,14.997762759526571,17.105810165405273,14.78819945009521,16.973870636314473,1991,Bicheno Marine Reserve,1
Dinolestes lewini,-41.87,148.31,2011,3,1,20,7,-42_148,14.997762759526571,17.105810165405273,14.78819945009521,16.973870636314473,1991,Bicheno Marine Reserve,1
Dinolestes lewini,-41.87,148.31,2011,3,1,35,11,-42_148,14.997762759526571,17.105810165405273,14.78819945009521,16.973870636314473,1991,Bicheno Marine Reserve,1
Dinolestes lewini,-41.87,148.31,2011,3,1,40,1,-42_148,14.997762759526571,17.105810165405273,14.78819945009521,16.973870636314473,1991,Bicheno Marine Reserve,1
Dinolestes lewini,-41.87,148.31,2011,3,1,30,10,-42_148,14.997762759526571,17.105810165405273,14.78819945009521,16.973870636314473,1991,Bicheno Marine Reserve,1
Dinolestes lewini,-41.87,148.31,2011,3,1,35,10,-42_148,14.997762759526571,17.105810165405273,14.78819945009521,16.973870636314473,1991,Bicheno Marine Reserve,1
Dinolestes lewini,-41.87,148.31,2011,3,1,40,2,-42_148,14.997762759526571,17.105810165405273,14.78819945009521,16.973870636314473,1991,Bicheno Marine Reserve,1
Dinolestes lewini,-41.87,148.31,2011,3,1,40,8,-42_148,14.997762759526571,17.105810165405273,14.78819945009521,16.973870636314473,1991,Bicheno Marine Reserve,1
Dinolestes lewini,-41.87,148.31,2011,3,1,35,1,-42_148,14.997762759526571,17.105810165405273,14.78819945009521,16.973870636314473,1991,Bicheno Marine Reserve,1
Dinolestes lewini,-41.87,148.31,2011,3,3,35,1,-42_148,14.997762759526571,17.105810165405273,14.78819945009521,16.973870636314473,1991,Bicheno Marine Reserve,1
Dinolestes lewini,-41.87,148.31,2011,3,3,25,1,-42_148,14.997762759526571,17.105810165405273,14.78819945009521,16.973870636314473,1991,Bicheno Marine Reserve,1
Dinolestes lewini,-41.87,148.31,2011,3,3,30,8,-42_148,14.997762759526571,17.105810165405273,14.78819945009521,16.973870636314473,1991,Bicheno Marine Reserve,1
Dinolestes lewini,-41.87,148.3,2011,3,3,25,1,-42_148,14.997762759526571,17.105810165405273,14.78819945009521,16.973870636314473,NA,NA,0
Dinolestes lewini,-41.87,148.3,2011,3,3,30,2,-42_148,14.997762759526571,17.105810165405273,14.78819945009521,16.973870636314473,NA,NA,0
Dinolestes lewini,-41.87,148.3,2011,3,3,20,1,-42_148,14.997762759526571,17.105810165405273,14.78819945009521,16.973870636314473,NA,NA,0
Dinolestes lewini,-41.87,148.3,2011,3,3,30,1,-42_148,14.997762759526571,17.105810165405273,14.78819945009521,16.973870636314473,NA,NA,0
Dinolestes lewini,-41.87,148.3,2011,3,3,35,1,-42_148,14.997762759526571,17.105810165405273,14.78819945009521,16.973870636314473,NA,NA,0
Dinolestes lewini,-41.87,148.3,2011,3,3,35,1,-42_148,14.997762759526571,17.105810165405273,14.78819945009521,16.973870636314473,NA,NA,0
Dinolestes lewini,-41.9,148.32,2011,3,3,30,1,-42_148,14.997762759526571,17.105810165405273,14.78819945009521,16.973870636314473,NA,NA,0
Dinolestes lewini,-43.05,147.34,2012,2,28,20,2,-43_147,13.422969341278076,15.714693069458008,14.22407139754151,17.189172073890422,1991,Tinderbox Marine Reserve,1
Dinolestes lewini,-43.05,147.34,2012,2,28,35,1,-43_147,13.422969341278076,15.714693069458008,14.22407139754151,17.189172073890422,1991,Tinderbox Marine Reserve,1
Dinolestes lewini,-43.29,147.18,2012,3,8,20,99,-43_147,13.422969341278076,15.250972747802734,14.22407139754151,16.217806065467094,NA,NA,0
Dinolestes lewini,-43.29,147.18,2012,3,8,25,5,-43_147,13.422969341278076,15.250972747802734,14.22407139754151,16.217806065467094,NA,NA,0
Dinolestes lewini,-43.29,147.18,2012,3,8,20,206,-43_147,13.422969341278076,15.250972747802734,14.22407139754151,16.217806065467094,NA,NA,0
Dinolestes lewini,-43.29,147.18,2012,3,8,25,65,-43_147,13.422969341278076,15.250972747802734,14.22407139754151,16.217806065467094,NA,NA,0
Dinolestes lewini,-43.29,147.18,2012,3,8,20,14,-43_147,13.422969341278076,15.250972747802734,14.22407139754151,16.217806065467094,NA,NA,0
Dinolestes lewini,-43.29,147.18,2012,3,8,20,46,-43_147,13.422969341278076,15.250972747802734,14.22407139754151,16.217806065467094,NA,NA,0
Dinolestes lewini,-43.06,147.33,2012,2,27,20,19,-43_147,13.422969341278076,15.714693069458008,14.22407139754151,17.189172073890422,1991,Tinderbox Marine Reserve,1
Dinolestes lewini,-43.06,147.33,2012,2,27,25,68,-43_147,13.422969341278076,15.714693069458008,14.22407139754151,17.189172073890422,1991,Tinderbox Marine Reserve,1
Dinolestes lewini,-43.06,147.33,2012,2,27,30,25,-43_147,13.422969341278076,15.714693069458008,14.22407139754151,17.189172073890422,1991,Tinderbox Marine Reserve,1
Dinolestes lewini,-43.06,147.33,2012,2,27,35,4,-43_147,13.422969341278076,15.714693069458008,14.22407139754151,17.189172073890422,1991,Tinderbox Marine Reserve,1
Dinolestes lewini,-43.06,147.33,2012,2,27,20,1,-43_147,13.422969341278076,15.714693069458008,14.22407139754151,17.189172073890422,1991,Tinderbox Marine Reserve,1
Dinolestes lewini,-43.06,147.33,2012,2,27,25,12,-43_147,13.422969341278076,15.714693069458008,14.22407139754151,17.189172073890422,1991,Tinderbox Marine Reserve,1
Dinolestes lewini,-43.06,147.33,2012,2,27,30,15,-43_147,13.422969341278076,15.714693069458008,14.22407139754151,17.189172073890422,1991,Tinderbox Marine Reserve,1
Dinolestes lewini,-43.06,147.33,2012,2,27,35,2,-43_147,13.422969341278076,15.714693069458008,14.22407139754151,17.189172073890422,1991,Tinderbox Marine Reserve,1
Dinolestes lewini,-43.01,147.33,2012,2,28,12.5,1,-43_147,13.422969341278076,15.714693069458008,14.22407139754151,17.189172073890422,NA,NA,0
Dinolestes lewini,-43.29,147.18,2012,3,8,25,1,-43_147,13.422969341278076,15.250972747802734,14.22407139754151,16.217806065467094,NA,NA,0
Dinolestes lewini,-43.29,147.14,2012,3,7,12.5,2,-43_147,13.422969341278076,15.250972747802734,14.22407139754151,16.217806065467094,NA,NA,0
Dinolestes lewini,-43.29,147.14,2012,3,7,15,5,-43_147,13.422969341278076,15.250972747802734,14.22407139754151,16.217806065467094,NA,NA,0
Dinolestes lewini,-43.29,147.14,2012,3,7,20,2,-43_147,13.422969341278076,15.250972747802734,14.22407139754151,16.217806065467094,NA,NA,0
Dinolestes lewini,-43.29,147.14,2012,3,7,15,4,-43_147,13.422969341278076,15.250972747802734,14.22407139754151,16.217806065467094,NA,NA,0
Dinolestes lewini,-43.01,147.33,2012,2,28,15,1,-43_147,13.422969341278076,15.714693069458008,14.22407139754151,17.189172073890422,NA,NA,0
Dinolestes lewini,-43.01,147.33,2012,2,28,12.5,1,-43_147,13.422969341278076,15.714693069458008,14.22407139754151,17.189172073890422,NA,NA,0
Dinolestes lewini,-43.01,147.33,2012,2,28,12.5,2,-43_147,13.422969341278076,15.714693069458008,14.22407139754151,17.189172073890422,NA,NA,0
Dinolestes lewini,-43.01,147.33,2012,2,28,15,1,-43_147,13.422969341278076,15.714693069458008,14.22407139754151,17.189172073890422,NA,NA,0
Dinolestes lewini,-43.29,147.14,2012,3,7,15,2,-43_147,13.422969341278076,15.250972747802734,14.22407139754151,16.217806065467094,NA,NA,0
Dinolestes lewini,-43.29,147.14,2012,3,7,20,3,-43_147,13.422969341278076,15.250972747802734,14.22407139754151,16.217806065467094,NA,NA,0
Dinolestes lewini,-43.29,147.14,2012,3,7,20,1,-43_147,13.422969341278076,15.250972747802734,14.22407139754151,16.217806065467094,NA,NA,0
Dinolestes lewini,-43.29,147.14,2012,3,7,15,1,-43_147,13.422969341278076,15.250972747802734,14.22407139754151,16.217806065467094,NA,NA,0
Dinolestes lewini,-41.87,148.3,2012,4,18,12.5,1,-42_148,14.769287109375,16.135587692260742,15.035046778942506,16.71716628074646,NA,NA,0
Dinolestes lewini,-41.87,148.3,2012,4,18,35,1,-42_148,14.769287109375,16.135587692260742,15.035046778942506,16.71716628074646,NA,NA,0
Dinolestes lewini,-41.87,148.3,2012,4,18,20,3,-42_148,14.769287109375,16.135587692260742,15.035046778942506,16.71716628074646,NA,NA,0
Dinolestes lewini,-41.87,148.3,2012,4,18,25,20,-42_148,14.769287109375,16.135587692260742,15.035046778942506,16.71716628074646,NA,NA,0
Dinolestes lewini,-41.87,148.3,2012,4,18,25,7,-42_148,14.769287109375,16.135587692260742,15.035046778942506,16.71716628074646,NA,NA,0
Dinolestes lewini,-41.87,148.3,2012,4,18,20,1,-42_148,14.769287109375,16.135587692260742,15.035046778942506,16.71716628074646,NA,NA,0
Dinolestes lewini,-41.87,148.3,2012,4,18,25,3,-42_148,14.769287109375,16.135587692260742,15.035046778942506,16.71716628074646,NA,NA,0
Dinolestes lewini,-42.72,148.01,2012,4,5,15,1,-43_148,14.007650772730509,15.212736129760742,14.55513669233242,16.041966304779052,NA,NA,0
Dinolestes lewini,-41.87,148.31,2012,4,27,25,2,-42_148,14.769287109375,16.135587692260742,15.035046778942506,16.71716628074646,1991,Bicheno Marine Reserve,1
Dinolestes lewini,-41.87,148.31,2012,4,27,25,1,-42_148,14.769287109375,16.135587692260742,15.035046778942506,16.71716628074646,1991,Bicheno Marine Reserve,1
Dinolestes lewini,-41.87,148.31,2012,4,27,25,5,-42_148,14.769287109375,16.135587692260742,15.035046778942506,16.71716628074646,1991,Bicheno Marine Reserve,1
Dinolestes lewini,-43.27,147.14,2012,3,8,30,1,-43_147,13.422969341278076,15.250972747802734,14.22407139754151,16.217806065467094,NA,NA,0
Dinolestes lewini,-41.87,148.31,2012,4,27,30,1,-42_148,14.769287109375,16.135587692260742,15.035046778942506,16.71716628074646,1991,Bicheno Marine Reserve,1
Dinolestes lewini,-41.87,148.31,2012,4,17,20,1,-42_148,14.769287109375,16.135587692260742,15.035046778942506,16.71716628074646,1991,Bicheno Marine Reserve,1
Dinolestes lewini,-41.87,148.31,2012,4,17,30,1,-42_148,14.769287109375,16.135587692260742,15.035046778942506,16.71716628074646,1991,Bicheno Marine Reserve,1
Dinolestes lewini,-41.87,148.31,2012,4,17,35,1,-42_148,14.769287109375,16.135587692260742,15.035046778942506,16.71716628074646,1991,Bicheno Marine Reserve,1
Dinolestes lewini,-41.87,148.31,2012,4,17,35,3,-42_148,14.769287109375,16.135587692260742,15.035046778942506,16.71716628074646,1991,Bicheno Marine Reserve,1
Dinolestes lewini,-41.87,148.31,2012,4,17,25,1,-42_148,14.769287109375,16.135587692260742,15.035046778942506,16.71716628074646,1991,Bicheno Marine Reserve,1
Dinolestes lewini,-41.87,148.31,2012,4,17,35,2,-42_148,14.769287109375,16.135587692260742,15.035046778942506,16.71716628074646,1991,Bicheno Marine Reserve,1
Dinolestes lewini,-41.87,148.31,2012,4,17,20,1,-42_148,14.769287109375,16.135587692260742,15.035046778942506,16.71716628074646,1991,Bicheno Marine Reserve,1
Dinolestes lewini,-41.87,148.31,2012,4,17,25,6,-42_148,14.769287109375,16.135587692260742,15.035046778942506,16.71716628074646,1991,Bicheno Marine Reserve,1
Dinolestes lewini,-41.87,148.31,2012,4,17,20,1,-42_148,14.769287109375,16.135587692260742,15.035046778942506,16.71716628074646,1991,Bicheno Marine Reserve,1
Dinolestes lewini,-41.87,148.31,2012,4,18,35,1,-42_148,14.769287109375,16.135587692260742,15.035046778942506,16.71716628074646,1991,Bicheno Marine Reserve,1
Dinolestes lewini,-41.87,148.31,2012,4,18,30,1,-42_148,14.769287109375,16.135587692260742,15.035046778942506,16.71716628074646,1991,Bicheno Marine Reserve,1
Dinolestes lewini,-41.87,148.31,2012,4,18,35,2,-42_148,14.769287109375,16.135587692260742,15.035046778942506,16.71716628074646,1991,Bicheno Marine Reserve,1
Dinolestes lewini,-41.87,148.31,2012,4,18,25,2,-42_148,14.769287109375,16.135587692260742,15.035046778942506,16.71716628074646,1991,Bicheno Marine Reserve,1
Dinolestes lewini,-41.87,148.31,2012,4,18,20,3,-42_148,14.769287109375,16.135587692260742,15.035046778942506,16.71716628074646,1991,Bicheno Marine Reserve,1
Dinolestes lewini,-41.87,148.31,2012,4,18,25,6,-42_148,14.769287109375,16.135587692260742,15.035046778942506,16.71716628074646,1991,Bicheno Marine Reserve,1
Dinolestes lewini,-41.87,148.31,2012,4,18,20,2,-42_148,14.769287109375,16.135587692260742,15.035046778942506,16.71716628074646,1991,Bicheno Marine Reserve,1
Dinolestes lewini,-42.72,148.01,2012,4,5,25,1,-43_148,14.007650772730509,15.212736129760742,14.55513669233242,16.041966304779052,NA,NA,0
Dinolestes lewini,-42.59,148.05,2012,4,4,40,3,-43_148,14.007650772730509,15.212736129760742,14.55513669233242,16.041966304779052,NA,NA,0
Dinolestes lewini,-42.59,148.05,2012,4,4,35,3,-43_148,14.007650772730509,15.212736129760742,14.55513669233242,16.041966304779052,NA,NA,0
Dinolestes lewini,-42.59,148.05,2012,4,4,40,11,-43_148,14.007650772730509,15.212736129760742,14.55513669233242,16.041966304779052,NA,NA,0
Dinolestes lewini,-42.58,148.06,2012,3,12,30,1,-43_148,14.007650772730509,15.932316780090332,14.55513669233242,17.071999682149578,NA,NA,0
Dinolestes lewini,-42.56,148.07,2012,3,12,25,1,-43_148,14.007650772730509,15.932316780090332,14.55513669233242,17.071999682149578,NA,NA,0
Dinolestes lewini,-42.58,147.92,2012,4,3,25,23,-43_148,14.007650772730509,15.212736129760742,14.55513669233242,16.041966304779052,NA,NA,0
Dinolestes lewini,-42.58,147.92,2012,4,3,25,2,-43_148,14.007650772730509,15.212736129760742,14.55513669233242,16.041966304779052,NA,NA,0
Dinolestes lewini,-42.56,148.07,2013,3,26,20,1,-43_148,14.207011143366495,16.867534637451172,14.778527819298501,17.662451214944163,NA,NA,0
Dinolestes lewini,-42.56,148.07,2013,3,26,25,1,-43_148,14.207011143366495,16.867534637451172,14.778527819298501,17.662451214944163,NA,NA,0
Dinolestes lewini,-42.72,148.01,2013,4,9,25,1,-43_148,14.207011143366495,15.994333267211914,14.778527819298501,16.50983299255371,NA,NA,0
Dinolestes lewini,-42.72,148.01,2013,4,9,25,4,-43_148,14.207011143366495,15.994333267211914,14.778527819298501,16.50983299255371,NA,NA,0
Dinolestes lewini,-42.72,148.01,2013,4,9,25,6,-43_148,14.207011143366495,15.994333267211914,14.778527819298501,16.50983299255371,NA,NA,0
Dinolestes lewini,-42.72,148.01,2013,4,9,25,16,-43_148,14.207011143366495,15.994333267211914,14.778527819298501,16.50983299255371,NA,NA,0
Dinolestes lewini,-42.72,148.01,2013,4,9,30,20,-43_148,14.207011143366495,15.994333267211914,14.778527819298501,16.50983299255371,NA,NA,0
Dinolestes lewini,-42.72,148.01,2013,4,9,25,9,-43_148,14.207011143366495,15.994333267211914,14.778527819298501,16.50983299255371,NA,NA,0
Dinolestes lewini,-42.72,148.01,2013,4,9,30,5,-43_148,14.207011143366495,15.994333267211914,14.778527819298501,16.50983299255371,NA,NA,0
Dinolestes lewini,-42.58,148.06,2013,3,26,15,24,-43_148,14.207011143366495,16.867534637451172,14.778527819298501,17.662451214944163,NA,NA,0
Dinolestes lewini,-42.58,148.06,2013,3,26,20,34,-43_148,14.207011143366495,16.867534637451172,14.778527819298501,17.662451214944163,NA,NA,0
Dinolestes lewini,-42.58,148.06,2013,3,26,15,11,-43_148,14.207011143366495,16.867534637451172,14.778527819298501,17.662451214944163,NA,NA,0
Dinolestes lewini,-42.58,148.06,2013,3,26,20,6,-43_148,14.207011143366495,16.867534637451172,14.778527819298501,17.662451214944163,NA,NA,0
Dinolestes lewini,-42.58,148.06,2013,3,26,15,1,-43_148,14.207011143366495,16.867534637451172,14.778527819298501,17.662451214944163,NA,NA,0
Dinolestes lewini,-42.58,148.06,2013,3,26,20,1,-43_148,14.207011143366495,16.867534637451172,14.778527819298501,17.662451214944163,NA,NA,0
Dinolestes lewini,-42.52,147.97,2013,4,10,15,1,-43_148,14.207011143366495,15.994333267211914,14.778527819298501,16.50983299255371,NA,NA,0
Dinolestes lewini,-42.52,147.97,2013,4,10,15,1,-43_148,14.207011143366495,15.994333267211914,14.778527819298501,16.50983299255371,NA,NA,0
Dinolestes lewini,-42.58,148.06,2013,3,26,20,1,-43_148,14.207011143366495,16.867534637451172,14.778527819298501,17.662451214944163,NA,NA,0
Dinolestes lewini,-42.58,148.06,2013,3,26,25,3,-43_148,14.207011143366495,16.867534637451172,14.778527819298501,17.662451214944163,NA,NA,0
Dinolestes lewini,-42.59,148.05,2013,4,5,20,1,-43_148,14.207011143366495,15.994333267211914,14.778527819298501,16.50983299255371,NA,NA,0
Dinolestes lewini,-42.59,148.05,2013,4,5,25,7,-43_148,14.207011143366495,15.994333267211914,14.778527819298501,16.50983299255371,NA,NA,0
Dinolestes lewini,-42.59,148.05,2013,4,5,30,4,-43_148,14.207011143366495,15.994333267211914,14.778527819298501,16.50983299255371,NA,NA,0
Dinolestes lewini,-42.59,148.05,2013,4,5,20,9,-43_148,14.207011143366495,15.994333267211914,14.778527819298501,16.50983299255371,NA,NA,0
Dinolestes lewini,-42.59,148.05,2013,4,5,25,18,-43_148,14.207011143366495,15.994333267211914,14.778527819298501,16.50983299255371,NA,NA,0
Dinolestes lewini,-42.59,148.05,2013,4,5,30,3,-43_148,14.207011143366495,15.994333267211914,14.778527819298501,16.50983299255371,NA,NA,0
Dinolestes lewini,-41.87,148.31,2013,4,29,15,1,-42_148,15.023066679636637,17.37750244140625,15.141978004544765,17.488388538360596,1991,Bicheno Marine Reserve,1
Dinolestes lewini,-41.87,148.31,2013,4,29,15,1,-42_148,15.023066679636637,17.37750244140625,15.141978004544765,17.488388538360596,1991,Bicheno Marine Reserve,1
Dinolestes lewini,-41.87,148.31,2013,4,29,20,1,-42_148,15.023066679636637,17.37750244140625,15.141978004544765,17.488388538360596,1991,Bicheno Marine Reserve,1
Dinolestes lewini,-41.87,148.31,2013,4,30,30,1,-42_148,15.023066679636637,17.37750244140625,15.141978004544765,17.488388538360596,1991,Bicheno Marine Reserve,1
Dinolestes lewini,-41.87,148.31,2013,4,30,30,1,-42_148,15.023066679636637,17.37750244140625,15.141978004544765,17.488388538360596,1991,Bicheno Marine Reserve,1
Dinolestes lewini,-41.87,148.31,2013,4,30,35,1,-42_148,15.023066679636637,17.37750244140625,15.141978004544765,17.488388538360596,1991,Bicheno Marine Reserve,1
Dinolestes lewini,-41.87,148.31,2013,4,30,30,5,-42_148,15.023066679636637,17.37750244140625,15.141978004544765,17.488388538360596,1991,Bicheno Marine Reserve,1
Dinolestes lewini,-41.87,148.31,2013,4,30,12.5,1,-42_148,15.023066679636637,17.37750244140625,15.141978004544765,17.488388538360596,1991,Bicheno Marine Reserve,1
Dinolestes lewini,-41.87,148.31,2013,4,30,35,1,-42_148,15.023066679636637,17.37750244140625,15.141978004544765,17.488388538360596,1991,Bicheno Marine Reserve,1
Dinolestes lewini,-41.87,148.31,2013,4,30,35,5,-42_148,15.023066679636637,17.37750244140625,15.141978004544765,17.488388538360596,1991,Bicheno Marine Reserve,1
Dinolestes lewini,-42.52,147.97,2013,4,10,30,282,-43_148,14.207011143366495,15.994333267211914,14.778527819298501,16.50983299255371,NA,NA,0
Dinolestes lewini,-42.52,147.97,2013,4,10,30,118,-43_148,14.207011143366495,15.994333267211914,14.778527819298501,16.50983299255371,NA,NA,0
Dinolestes lewini,-43.06,147.33,2013,3,18,15,1,-43_147,13.56498408317566,16.133888244628906,14.60782571415137,16.79374157074959,1991,Tinderbox Marine Reserve,1
Dinolestes lewini,-43.06,147.33,2013,3,18,7.5,1,-43_147,13.56498408317566,16.133888244628906,14.60782571415137,16.79374157074959,1991,Tinderbox Marine Reserve,1
Dinolestes lewini,-41.87,148.31,2013,4,30,35,4,-42_148,15.023066679636637,17.37750244140625,15.141978004544765,17.488388538360596,1991,Bicheno Marine Reserve,1
Dinolestes lewini,-42.58,148.05,2013,4,4,12.5,1,-43_148,14.207011143366495,15.994333267211914,14.778527819298501,16.50983299255371,NA,NA,0
Dinolestes lewini,-41.87,148.3,2013,4,30,20,2,-42_148,15.023066679636637,17.37750244140625,15.141978004544765,17.488388538360596,NA,NA,0
Dinolestes lewini,-41.87,148.3,2013,4,30,15,1,-42_148,15.023066679636637,17.37750244140625,15.141978004544765,17.488388538360596,NA,NA,0
Dinolestes lewini,-41.87,148.3,2013,4,30,20,2,-42_148,15.023066679636637,17.37750244140625,15.141978004544765,17.488388538360596,NA,NA,0
Dinolestes lewini,-41.87,148.3,2013,4,30,15,2,-42_148,15.023066679636637,17.37750244140625,15.141978004544765,17.488388538360596,NA,NA,0
Dinolestes lewini,-41.87,148.3,2013,4,30,20,3,-42_148,15.023066679636637,17.37750244140625,15.141978004544765,17.488388538360596,NA,NA,0
Dinolestes lewini,-41.87,148.3,2013,4,30,35,1,-42_148,15.023066679636637,17.37750244140625,15.141978004544765,17.488388538360596,NA,NA,0
Dinolestes lewini,-41.87,148.3,2013,4,30,40,2,-42_148,15.023066679636637,17.37750244140625,15.141978004544765,17.488388538360596,NA,NA,0
Dinolestes lewini,-41.87,148.3,2013,4,30,35,8,-42_148,15.023066679636637,17.37750244140625,15.141978004544765,17.488388538360596,NA,NA,0
Dinolestes lewini,-41.87,148.3,2013,4,30,40,5,-42_148,15.023066679636637,17.37750244140625,15.141978004544765,17.488388538360596,NA,NA,0
Dinolestes lewini,-41.87,148.3,2013,4,30,40,3,-42_148,15.023066679636637,17.37750244140625,15.141978004544765,17.488388538360596,NA,NA,0
Dinolestes lewini,-41.9,148.32,2013,5,1,35,1,-42_148,15.023066679636637,15.188611030578612,15.141978004544765,15.746773914624288,NA,NA,0
Dinolestes lewini,-41.9,148.32,2013,5,1,35,1,-42_148,15.023066679636637,15.188611030578612,15.141978004544765,15.746773914624288,NA,NA,0
Dinolestes lewini,-42.6,148.03,2014,6,3,15,1,-43_148,14.303572098414103,13.882484436035156,14.689382322168449,13.950433025360107,NA,NA,0
Dinolestes lewini,-42.6,148.03,2014,6,3,20,1,-43_148,14.303572098414103,13.882484436035156,14.689382322168449,13.950433025360107,NA,NA,0
Dinolestes lewini,-42.6,148.03,2014,6,3,15,4,-43_148,14.303572098414103,13.882484436035156,14.689382322168449,13.950433025360107,NA,NA,0
Dinolestes lewini,-42.6,148.03,2014,6,3,20,2,-43_148,14.303572098414103,13.882484436035156,14.689382322168449,13.950433025360107,NA,NA,0
Dinolestes lewini,-43.04,147.34,2013,3,15,40,2,-43_147,13.56498408317566,16.133888244628906,14.60782571415137,16.79374157074959,2009,Tinderbox Marine Reserve,0
Dinolestes lewini,-43.27,147.14,2013,3,20,12.5,1,-43_147,13.56498408317566,16.133888244628906,14.60782571415137,16.79374157074959,NA,NA,0
Dinolestes lewini,-43.27,147.14,2013,3,20,25,1,-43_147,13.56498408317566,16.133888244628906,14.60782571415137,16.79374157074959,NA,NA,0
Dinolestes lewini,-43.27,147.14,2013,3,20,20,1,-43_147,13.56498408317566,16.133888244628906,14.60782571415137,16.79374157074959,NA,NA,0
Dinolestes lewini,-43.29,147.14,2013,3,20,20,1,-43_147,13.56498408317566,16.133888244628906,14.60782571415137,16.79374157074959,NA,NA,0
Dinolestes lewini,-43.29,147.14,2013,3,20,15,1,-43_147,13.56498408317566,16.133888244628906,14.60782571415137,16.79374157074959,NA,NA,0
Dinolestes lewini,-42.6,148.03,2014,6,6,7.5,10,-43_148,14.303572098414103,13.882484436035156,14.689382322168449,13.950433025360107,NA,NA,0
Dinolestes lewini,-42.6,148.03,2014,6,6,10,45,-43_148,14.303572098414103,13.882484436035156,14.689382322168449,13.950433025360107,NA,NA,0
Dinolestes lewini,-42.6,148.03,2014,6,6,12.5,12,-43_148,14.303572098414103,13.882484436035156,14.689382322168449,13.950433025360107,NA,NA,0
Dinolestes lewini,-42.6,148.03,2014,6,6,7.5,70,-43_148,14.303572098414103,13.882484436035156,14.689382322168449,13.950433025360107,NA,NA,0
Dinolestes lewini,-42.6,148.03,2014,6,6,10,25,-43_148,14.303572098414103,13.882484436035156,14.689382322168449,13.950433025360107,NA,NA,0
Dinolestes lewini,-42.6,148.03,2014,6,6,12.5,3,-43_148,14.303572098414103,13.882484436035156,14.689382322168449,13.950433025360107,NA,NA,0
Dinolestes lewini,-42.58,147.92,2013,3,26,20,7,-43_148,14.207011143366495,16.867534637451172,14.778527819298501,17.662451214944163,NA,NA,0
Dinolestes lewini,-42.58,147.92,2013,3,26,25,2,-43_148,14.207011143366495,16.867534637451172,14.778527819298501,17.662451214944163,NA,NA,0
Dinolestes lewini,-42.58,147.92,2013,3,26,30,2,-43_148,14.207011143366495,16.867534637451172,14.778527819298501,17.662451214944163,NA,NA,0
Dinolestes lewini,-42.58,147.92,2013,3,26,20,3,-43_148,14.207011143366495,16.867534637451172,14.778527819298501,17.662451214944163,NA,NA,0
Dinolestes lewini,-42.58,147.92,2013,3,26,30,1,-43_148,14.207011143366495,16.867534637451172,14.778527819298501,17.662451214944163,NA,NA,0
Dinolestes lewini,-42.58,147.92,2013,3,26,25,1,-43_148,14.207011143366495,16.867534637451172,14.778527819298501,17.662451214944163,NA,NA,0
Dinolestes lewini,-42.58,147.92,2013,3,26,30,1,-43_148,14.207011143366495,16.867534637451172,14.778527819298501,17.662451214944163,NA,NA,0
Dinolestes lewini,-42.58,147.92,2013,3,26,20,1,-43_148,14.207011143366495,16.867534637451172,14.778527819298501,17.662451214944163,NA,NA,0
Dinolestes lewini,-42.58,147.92,2013,3,26,35,1,-43_148,14.207011143366495,16.867534637451172,14.778527819298501,17.662451214944163,NA,NA,0
Dinolestes lewini,-42.63,148.02,2014,6,2,7.5,2,-43_148,14.303572098414103,13.882484436035156,14.689382322168449,13.950433025360107,NA,NA,0
Dinolestes lewini,-42.63,148.02,2014,6,2,5,1,-43_148,14.303572098414103,13.882484436035156,14.689382322168449,13.950433025360107,NA,NA,0
Dinolestes lewini,-42.63,148.02,2014,6,2,10,2,-43_148,14.303572098414103,13.882484436035156,14.689382322168449,13.950433025360107,NA,NA,0
Dinolestes lewini,-43.29,147.14,2013,3,20,30,1,-43_147,13.56498408317566,16.133888244628906,14.60782571415137,16.79374157074959,NA,NA,0
Dinolestes lewini,-43.01,147.33,2013,3,15,15,1,-43_147,13.56498408317566,16.133888244628906,14.60782571415137,16.79374157074959,NA,NA,0
Dinolestes lewini,-43.01,147.33,2013,3,15,12.5,5,-43_147,13.56498408317566,16.133888244628906,14.60782571415137,16.79374157074959,NA,NA,0
Dinolestes lewini,-43.01,147.33,2013,3,15,7.5,1,-43_147,13.56498408317566,16.133888244628906,14.60782571415137,16.79374157074959,NA,NA,0
Dinolestes lewini,-43.01,147.33,2013,3,15,10,2,-43_147,13.56498408317566,16.133888244628906,14.60782571415137,16.79374157074959,NA,NA,0
Dinolestes lewini,-42.72,148.01,2014,6,2,20,1,-43_148,14.303572098414103,13.882484436035156,14.689382322168449,13.950433025360107,NA,NA,0
Dinolestes lewini,-42.55,147.95,2014,5,9,40,4,-43_148,14.303572098414103,14.559447288513184,14.689382322168449,15.150806153205131,NA,NA,0
Dinolestes lewini,-43.27,147.14,2014,3,14,10,16,-43_147,13.484400590260824,15.511030197143556,14.229953641788933,15.776257717993952,NA,NA,0
Dinolestes lewini,-43.27,147.14,2014,3,14,12.5,1,-43_147,13.484400590260824,15.511030197143556,14.229953641788933,15.776257717993952,NA,NA,0
Dinolestes lewini,-43.27,147.14,2014,3,14,10,5,-43_147,13.484400590260824,15.511030197143556,14.229953641788933,15.776257717993952,NA,NA,0
Dinolestes lewini,-43.27,147.14,2014,3,14,7.5,2,-43_147,13.484400590260824,15.511030197143556,14.229953641788933,15.776257717993952,NA,NA,0
Dinolestes lewini,-43.27,147.14,2014,3,14,12.5,1,-43_147,13.484400590260824,15.511030197143556,14.229953641788933,15.776257717993952,NA,NA,0
Dinolestes lewini,-43.27,147.14,2014,3,14,10,10,-43_147,13.484400590260824,15.511030197143556,14.229953641788933,15.776257717993952,NA,NA,0
Dinolestes lewini,-43.27,147.14,2014,3,14,12.5,2,-43_147,13.484400590260824,15.511030197143556,14.229953641788933,15.776257717993952,NA,NA,0
Dinolestes lewini,-43.27,147.14,2014,3,14,12.5,1,-43_147,13.484400590260824,15.511030197143556,14.229953641788933,15.776257717993952,NA,NA,0
Dinolestes lewini,-43.29,147.14,2014,3,13,7.5,1,-43_147,13.484400590260824,15.511030197143556,14.229953641788933,15.776257717993952,NA,NA,0
Dinolestes lewini,-43.29,147.14,2014,3,13,7.5,2,-43_147,13.484400590260824,15.511030197143556,14.229953641788933,15.776257717993952,NA,NA,0
Dinolestes lewini,-43.29,147.14,2014,3,13,10,2,-43_147,13.484400590260824,15.511030197143556,14.229953641788933,15.776257717993952,NA,NA,0
Dinolestes lewini,-43.29,147.14,2014,3,13,12.5,1,-43_147,13.484400590260824,15.511030197143556,14.229953641788933,15.776257717993952,NA,NA,0
Dinolestes lewini,-43.29,147.14,2014,3,13,7.5,2,-43_147,13.484400590260824,15.511030197143556,14.229953641788933,15.776257717993952,NA,NA,0
Dinolestes lewini,-43.01,147.33,2013,3,15,7.5,1,-43_147,13.56498408317566,16.133888244628906,14.60782571415137,16.79374157074959,NA,NA,0
Dinolestes lewini,-43.01,147.33,2013,3,15,10,3,-43_147,13.56498408317566,16.133888244628906,14.60782571415137,16.79374157074959,NA,NA,0
Dinolestes lewini,-43.01,147.33,2013,3,15,12.5,2,-43_147,13.56498408317566,16.133888244628906,14.60782571415137,16.79374157074959,NA,NA,0
Dinolestes lewini,-43.01,147.33,2013,3,15,15,1,-43_147,13.56498408317566,16.133888244628906,14.60782571415137,16.79374157074959,NA,NA,0
Dinolestes lewini,-43.29,147.18,2013,3,19,12.5,19,-43_147,13.56498408317566,16.133888244628906,14.60782571415137,16.79374157074959,NA,NA,0
Dinolestes lewini,-43.29,147.14,2014,3,13,15,2,-43_147,13.484400590260824,15.511030197143556,14.229953641788933,15.776257717993952,NA,NA,0
Dinolestes lewini,-43.29,147.14,2014,3,13,7.5,2,-43_147,13.484400590260824,15.511030197143556,14.229953641788933,15.776257717993952,NA,NA,0
Dinolestes lewini,-43.29,147.14,2014,3,13,12.5,1,-43_147,13.484400590260824,15.511030197143556,14.229953641788933,15.776257717993952,NA,NA,0
Dinolestes lewini,-43.29,147.14,2014,3,13,15,1,-43_147,13.484400590260824,15.511030197143556,14.229953641788933,15.776257717993952,NA,NA,0
Dinolestes lewini,-43.01,147.33,2014,3,12,7.5,4,-43_147,13.484400590260824,15.511030197143556,14.229953641788933,15.776257717993952,NA,NA,0
Dinolestes lewini,-43.01,147.33,2014,3,12,10,12,-43_147,13.484400590260824,15.511030197143556,14.229953641788933,15.776257717993952,NA,NA,0
Dinolestes lewini,-43.01,147.33,2014,3,12,10,3,-43_147,13.484400590260824,15.511030197143556,14.229953641788933,15.776257717993952,NA,NA,0
Dinolestes lewini,-42.58,147.92,2014,5,8,30,10,-43_148,14.303572098414103,14.559447288513184,14.689382322168449,15.150806153205131,NA,NA,0
Dinolestes lewini,-42.58,147.92,2014,5,8,30,5,-43_148,14.303572098414103,14.559447288513184,14.689382322168449,15.150806153205131,NA,NA,0
Dinolestes lewini,-43.06,147.33,2014,3,11,25,21,-43_147,13.484400590260824,15.511030197143556,14.229953641788933,15.776257717993952,1991,Tinderbox Marine Reserve,1
Dinolestes lewini,-43.06,147.33,2014,3,11,30,19,-43_147,13.484400590260824,15.511030197143556,14.229953641788933,15.776257717993952,1991,Tinderbox Marine Reserve,1
Dinolestes lewini,-43.06,147.33,2014,3,11,35,4,-43_147,13.484400590260824,15.511030197143556,14.229953641788933,15.776257717993952,1991,Tinderbox Marine Reserve,1
Dinolestes lewini,-43.06,147.33,2014,3,11,25,19,-43_147,13.484400590260824,15.511030197143556,14.229953641788933,15.776257717993952,1991,Tinderbox Marine Reserve,1
Dinolestes lewini,-43.06,147.33,2014,3,11,30,21,-43_147,13.484400590260824,15.511030197143556,14.229953641788933,15.776257717993952,1991,Tinderbox Marine Reserve,1
Dinolestes lewini,-43.06,147.33,2014,3,11,35,6,-43_147,13.484400590260824,15.511030197143556,14.229953641788933,15.776257717993952,1991,Tinderbox Marine Reserve,1
Dinolestes lewini,-43.06,147.33,2014,3,11,40,4,-43_147,13.484400590260824,15.511030197143556,14.229953641788933,15.776257717993952,1991,Tinderbox Marine Reserve,1
Dinolestes lewini,-43.06,147.33,2014,3,11,25,15,-43_147,13.484400590260824,15.511030197143556,14.229953641788933,15.776257717993952,1991,Tinderbox Marine Reserve,1
Dinolestes lewini,-43.06,147.33,2014,3,11,30,2,-43_147,13.484400590260824,15.511030197143556,14.229953641788933,15.776257717993952,1991,Tinderbox Marine Reserve,1
Dinolestes lewini,-43.06,147.33,2014,3,11,25,10,-43_147,13.484400590260824,15.511030197143556,14.229953641788933,15.776257717993952,1991,Tinderbox Marine Reserve,1
Dinolestes lewini,-43.06,147.33,2014,3,11,30,28,-43_147,13.484400590260824,15.511030197143556,14.229953641788933,15.776257717993952,1991,Tinderbox Marine Reserve,1
Dinolestes lewini,-43.29,147.18,2013,3,19,12.5,16,-43_147,13.56498408317566,16.133888244628906,14.60782571415137,16.79374157074959,NA,NA,0
Dinolestes lewini,-43.29,147.18,2013,3,19,15,149,-43_147,13.56498408317566,16.133888244628906,14.60782571415137,16.79374157074959,NA,NA,0
Dinolestes lewini,-43.29,147.18,2013,3,19,15,101,-43_147,13.56498408317566,16.133888244628906,14.60782571415137,16.79374157074959,NA,NA,0
Dinolestes lewini,-41.87,148.31,2013,5,1,30,1,-42_148,15.023066679636637,15.188611030578612,15.141978004544765,15.746773914624288,1991,Bicheno Marine Reserve,1
Dinolestes lewini,-41.87,148.31,2013,5,1,35,1,-42_148,15.023066679636637,15.188611030578612,15.141978004544765,15.746773914624288,1991,Bicheno Marine Reserve,1
Dinolestes lewini,-41.87,148.31,2013,5,1,35,1,-42_148,15.023066679636637,15.188611030578612,15.141978004544765,15.746773914624288,1991,Bicheno Marine Reserve,1
Dinolestes lewini,-41.87,148.31,2013,5,1,40,2,-42_148,15.023066679636637,15.188611030578612,15.141978004544765,15.746773914624288,1991,Bicheno Marine Reserve,1
Dinolestes lewini,-41.87,148.31,2013,5,1,35,8,-42_148,15.023066679636637,15.188611030578612,15.141978004544765,15.746773914624288,1991,Bicheno Marine Reserve,1
Dinolestes lewini,-41.87,148.31,2013,5,1,40,1,-42_148,15.023066679636637,15.188611030578612,15.141978004544765,15.746773914624288,1991,Bicheno Marine Reserve,1
Dinolestes lewini,-41.87,148.31,2013,5,1,35,2,-42_148,15.023066679636637,15.188611030578612,15.141978004544765,15.746773914624288,1991,Bicheno Marine Reserve,1
Dinolestes lewini,-41.87,148.31,2013,5,1,40,7,-42_148,15.023066679636637,15.188611030578612,15.141978004544765,15.746773914624288,1991,Bicheno Marine Reserve,1
Dinolestes lewini,-43.05,147.34,2014,3,11,5,1,-43_147,13.484400590260824,15.511030197143556,14.229953641788933,15.776257717993952,1991,Tinderbox Marine Reserve,1
Dinolestes lewini,-43.05,147.34,2014,3,11,7.5,1,-43_147,13.484400590260824,15.511030197143556,14.229953641788933,15.776257717993952,1991,Tinderbox Marine Reserve,1
Dinolestes lewini,-43.05,147.34,2014,3,11,7.5,1,-43_147,13.484400590260824,15.511030197143556,14.229953641788933,15.776257717993952,1991,Tinderbox Marine Reserve,1
Dinolestes lewini,-43.05,147.34,2014,3,11,5,2,-43_147,13.484400590260824,15.511030197143556,14.229953641788933,15.776257717993952,1991,Tinderbox Marine Reserve,1
Dinolestes lewini,-43.05,147.34,2014,3,11,7.5,2,-43_147,13.484400590260824,15.511030197143556,14.229953641788933,15.776257717993952,1991,Tinderbox Marine Reserve,1
Dinolestes lewini,-43.05,147.34,2014,3,11,10,1,-43_147,13.484400590260824,15.511030197143556,14.229953641788933,15.776257717993952,1991,Tinderbox Marine Reserve,1
Dinolestes lewini,-43.01,147.33,2014,3,12,7.5,13,-43_147,13.484400590260824,15.511030197143556,14.229953641788933,15.776257717993952,NA,NA,0
Dinolestes lewini,-43.01,147.33,2014,3,12,10,16,-43_147,13.484400590260824,15.511030197143556,14.229953641788933,15.776257717993952,NA,NA,0
Dinolestes lewini,-43.01,147.33,2014,3,12,12.5,4,-43_147,13.484400590260824,15.511030197143556,14.229953641788933,15.776257717993952,NA,NA,0
Dinolestes lewini,-43.01,147.33,2014,3,12,7.5,7,-43_147,13.484400590260824,15.511030197143556,14.229953641788933,15.776257717993952,NA,NA,0
Dinolestes lewini,-43.01,147.33,2014,3,12,10,9,-43_147,13.484400590260824,15.511030197143556,14.229953641788933,15.776257717993952,NA,NA,0
Dinolestes lewini,-43.01,147.33,2014,3,12,12.5,6,-43_147,13.484400590260824,15.511030197143556,14.229953641788933,15.776257717993952,NA,NA,0
Dinolestes lewini,-43.29,147.18,2014,3,14,20,9,-43_147,13.484400590260824,15.511030197143556,14.229953641788933,15.776257717993952,NA,NA,0
Dinolestes lewini,-43.29,147.18,2014,3,14,25,5,-43_147,13.484400590260824,15.511030197143556,14.229953641788933,15.776257717993952,NA,NA,0
Dinolestes lewini,-43.29,147.18,2014,3,14,30,38,-43_147,13.484400590260824,15.511030197143556,14.229953641788933,15.776257717993952,NA,NA,0
Dinolestes lewini,-43.29,147.18,2014,3,14,35,22,-43_147,13.484400590260824,15.511030197143556,14.229953641788933,15.776257717993952,NA,NA,0
Dinolestes lewini,-43.29,147.18,2014,3,14,20,11,-43_147,13.484400590260824,15.511030197143556,14.229953641788933,15.776257717993952,NA,NA,0
Dinolestes lewini,-43.29,147.18,2014,3,14,25,60,-43_147,13.484400590260824,15.511030197143556,14.229953641788933,15.776257717993952,NA,NA,0
Dinolestes lewini,-43.29,147.18,2014,3,14,30,22,-43_147,13.484400590260824,15.511030197143556,14.229953641788933,15.776257717993952,NA,NA,0
Dinolestes lewini,-43.29,147.18,2014,3,14,35,3,-43_147,13.484400590260824,15.511030197143556,14.229953641788933,15.776257717993952,NA,NA,0
Dinolestes lewini,-43.29,147.18,2014,3,14,35,1,-43_147,13.484400590260824,15.511030197143556,14.229953641788933,15.776257717993952,NA,NA,0
Dinolestes lewini,-43.29,147.18,2014,3,14,35,2,-43_147,13.484400590260824,15.511030197143556,14.229953641788933,15.776257717993952,NA,NA,0
Dinolestes lewini,-43.04,147.34,2014,3,12,35,1,-43_147,13.484400590260824,15.511030197143556,14.229953641788933,15.776257717993952,2009,Tinderbox Marine Reserve,0
Dinolestes lewini,-43.06,147.36,2014,3,12,20,1,-43_147,13.484400590260824,15.511030197143556,14.229953641788933,15.776257717993952,NA,NA,0
Dinolestes lewini,-43.06,147.36,2014,3,12,25,1,-43_147,13.484400590260824,15.511030197143556,14.229953641788933,15.776257717993952,NA,NA,0
Dinolestes lewini,-43.06,147.36,2014,3,12,30,9,-43_147,13.484400590260824,15.511030197143556,14.229953641788933,15.776257717993952,NA,NA,0
Dinolestes lewini,-43.06,147.36,2014,3,12,30,11,-43_147,13.484400590260824,15.511030197143556,14.229953641788933,15.776257717993952,NA,NA,0
Dinolestes lewini,-43.1,147.71,2015,6,18,5,34,-43_148,14.463507493336996,13.447270393371582,14.687899164041372,13.064766375223796,NA,NA,0
Dinolestes lewini,-43.1,147.71,2015,6,18,5,6,-43_148,14.463507493336996,13.447270393371582,14.687899164041372,13.064766375223796,NA,NA,0
Dinolestes lewini,-42.58,148.05,2015,4,22,12.5,1,-43_148,14.463507493336996,15.921538352966309,14.687899164041372,16.3546662680308,NA,NA,0
Dinolestes lewini,-42.58,148.05,2015,4,22,35,3,-43_148,14.463507493336996,15.921538352966309,14.687899164041372,16.3546662680308,NA,NA,0
Dinolestes lewini,-42.58,148.05,2015,4,22,35,1,-43_148,14.463507493336996,15.921538352966309,14.687899164041372,16.3546662680308,NA,NA,0
Dinolestes lewini,-42.58,148.05,2015,4,22,12.5,1,-43_148,14.463507493336996,15.921538352966309,14.687899164041372,16.3546662680308,NA,NA,0
Dinolestes lewini,-42.58,148.05,2015,4,22,15,1,-43_148,14.463507493336996,15.921538352966309,14.687899164041372,16.3546662680308,NA,NA,0
Dinolestes lewini,-42.58,148.05,2015,4,22,35,2,-43_148,14.463507493336996,15.921538352966309,14.687899164041372,16.3546662680308,NA,NA,0
Dinolestes lewini,-42.58,148.05,2015,4,22,30,1,-43_148,14.463507493336996,15.921538352966309,14.687899164041372,16.3546662680308,NA,NA,0
Dinolestes lewini,-42.58,148.05,2015,4,22,35,4,-43_148,14.463507493336996,15.921538352966309,14.687899164041372,16.3546662680308,NA,NA,0
Dinolestes lewini,-42.58,148.05,2015,4,22,15,1,-43_148,14.463507493336996,15.921538352966309,14.687899164041372,16.3546662680308,NA,NA,0
Dinolestes lewini,-42.59,148.05,2015,4,22,30,3,-43_148,14.463507493336996,15.921538352966309,14.687899164041372,16.3546662680308,NA,NA,0
Dinolestes lewini,-42.59,148.05,2015,4,22,35,7,-43_148,14.463507493336996,15.921538352966309,14.687899164041372,16.3546662680308,NA,NA,0
Dinolestes lewini,-42.59,148.05,2015,4,22,30,1,-43_148,14.463507493336996,15.921538352966309,14.687899164041372,16.3546662680308,NA,NA,0
Dinolestes lewini,-42.58,148.06,2015,4,24,12.5,1,-43_148,14.463507493336996,15.921538352966309,14.687899164041372,16.3546662680308,NA,NA,0
Dinolestes lewini,-42.58,147.92,2015,4,24,25,1,-43_148,14.463507493336996,15.921538352966309,14.687899164041372,16.3546662680308,NA,NA,0
Dinolestes lewini,-42.58,147.92,2015,4,24,15,1,-43_148,14.463507493336996,15.921538352966309,14.687899164041372,16.3546662680308,NA,NA,0
Dinolestes lewini,-42.58,147.92,2015,4,24,20,1,-43_148,14.463507493336996,15.921538352966309,14.687899164041372,16.3546662680308,NA,NA,0
Dinolestes lewini,-42.58,147.92,2015,4,24,15,2,-43_148,14.463507493336996,15.921538352966309,14.687899164041372,16.3546662680308,NA,NA,0
Dinolestes lewini,-42.52,147.97,2015,4,1,7.5,1,-43_148,14.463507493336996,15.921538352966309,14.687899164041372,16.3546662680308,NA,NA,0
Dinolestes lewini,-42.52,147.97,2015,4,1,25,1,-43_148,14.463507493336996,15.921538352966309,14.687899164041372,16.3546662680308,NA,NA,0
Dinolestes lewini,-42.72,148.01,2015,4,23,20,1,-43_148,14.463507493336996,15.921538352966309,14.687899164041372,16.3546662680308,NA,NA,0
Dinolestes lewini,-42.72,148.01,2015,4,23,20,1,-43_148,14.463507493336996,15.921538352966309,14.687899164041372,16.3546662680308,NA,NA,0
Dinolestes lewini,-42.72,148.01,2015,4,23,15,3,-43_148,14.463507493336996,15.921538352966309,14.687899164041372,16.3546662680308,NA,NA,0
Dinolestes lewini,-42.72,148.01,2015,4,23,15,2,-43_148,14.463507493336996,15.921538352966309,14.687899164041372,16.3546662680308,NA,NA,0
Dinolestes lewini,-42.72,148.01,2015,4,23,20,35,-43_148,14.463507493336996,15.921538352966309,14.687899164041372,16.3546662680308,NA,NA,0
Dinolestes lewini,-42.72,148.01,2015,4,23,25,4,-43_148,14.463507493336996,15.921538352966309,14.687899164041372,16.3546662680308,NA,NA,0
Dinolestes lewini,-42.72,148.01,2015,4,23,20,15,-43_148,14.463507493336996,15.921538352966309,14.687899164041372,16.3546662680308,NA,NA,0
Dinolestes lewini,-42.72,148.01,2015,4,23,25,26,-43_148,14.463507493336996,15.921538352966309,14.687899164041372,16.3546662680308,NA,NA,0
Dinolestes lewini,-43.05,147.34,2016,3,17,10,15,-43_147,13.75830372174581,16.31777000427246,14.632341079872216,17.79419313246204,1991,Tinderbox Marine Reserve,1
Dinolestes lewini,-43.05,147.34,2016,3,17,12.5,81,-43_147,13.75830372174581,16.31777000427246,14.632341079872216,17.79419313246204,1991,Tinderbox Marine Reserve,1
Dinolestes lewini,-43.05,147.34,2016,3,17,25,14,-43_147,13.75830372174581,16.31777000427246,14.632341079872216,17.79419313246204,1991,Tinderbox Marine Reserve,1
Dinolestes lewini,-43.05,147.34,2016,3,17,12.5,139,-43_147,13.75830372174581,16.31777000427246,14.632341079872216,17.79419313246204,1991,Tinderbox Marine Reserve,1
Dinolestes lewini,-43.05,147.34,2016,3,17,25,16,-43_147,13.75830372174581,16.31777000427246,14.632341079872216,17.79419313246204,1991,Tinderbox Marine Reserve,1
Dinolestes lewini,-43.05,147.34,2016,3,17,10,33,-43_147,13.75830372174581,16.31777000427246,14.632341079872216,17.79419313246204,1991,Tinderbox Marine Reserve,1
Dinolestes lewini,-43.05,147.34,2016,3,17,5,1,-43_147,13.75830372174581,16.31777000427246,14.632341079872216,17.79419313246204,1991,Tinderbox Marine Reserve,1
Dinolestes lewini,-43.05,147.34,2016,3,17,10,87,-43_147,13.75830372174581,16.31777000427246,14.632341079872216,17.79419313246204,1991,Tinderbox Marine Reserve,1
Dinolestes lewini,-43.06,147.33,2017,3,17,20,124,-43_147,13.737921635309855,15.89932346343994,14.40847991612894,17.09270930136404,1991,Tinderbox Marine Reserve,1
Dinolestes lewini,-43.06,147.33,2017,3,17,20,176,-43_147,13.737921635309855,15.89932346343994,14.40847991612894,17.09270930136404,1991,Tinderbox Marine Reserve,1
Dinolestes lewini,-43.27,147.14,2017,3,8,7.5,28,-43_147,13.737921635309855,15.89932346343994,14.40847991612894,17.09270930136404,NA,NA,0
Dinolestes lewini,-43.27,147.14,2017,3,8,25,6,-43_147,13.737921635309855,15.89932346343994,14.40847991612894,17.09270930136404,NA,NA,0
Dinolestes lewini,-43.27,147.14,2017,3,8,7.5,72,-43_147,13.737921635309855,15.89932346343994,14.40847991612894,17.09270930136404,NA,NA,0
Dinolestes lewini,-43.27,147.14,2017,3,8,25,12,-43_147,13.737921635309855,15.89932346343994,14.40847991612894,17.09270930136404,NA,NA,0
Dinolestes lewini,-43.04,147.34,2016,3,17,10,13,-43_147,13.75830372174581,16.31777000427246,14.632341079872216,17.79419313246204,2009,Tinderbox Marine Reserve,0
Dinolestes lewini,-43.04,147.34,2016,3,17,10,12,-43_147,13.75830372174581,16.31777000427246,14.632341079872216,17.79419313246204,2009,Tinderbox Marine Reserve,0
Dinolestes lewini,-43.04,147.34,2016,3,17,12.5,30,-43_147,13.75830372174581,16.31777000427246,14.632341079872216,17.79419313246204,2009,Tinderbox Marine Reserve,0
Dinolestes lewini,-43.04,147.34,2016,3,17,10,4,-43_147,13.75830372174581,16.31777000427246,14.632341079872216,17.79419313246204,2009,Tinderbox Marine Reserve,0
Dinolestes lewini,-43.27,147.14,2016,3,21,25,46,-43_147,13.75830372174581,16.31777000427246,14.632341079872216,17.79419313246204,NA,NA,0
Dinolestes lewini,-43.27,147.14,2016,3,21,25,4,-43_147,13.75830372174581,16.31777000427246,14.632341079872216,17.79419313246204,NA,NA,0
Dinolestes lewini,-43.27,147.14,2016,3,21,30,1,-43_147,13.75830372174581,16.31777000427246,14.632341079872216,17.79419313246204,NA,NA,0
Dinolestes lewini,-43.29,147.14,2016,3,22,10,1,-43_147,13.75830372174581,16.31777000427246,14.632341079872216,17.79419313246204,NA,NA,0
Dinolestes lewini,-43.29,147.14,2016,3,22,20,1,-43_147,13.75830372174581,16.31777000427246,14.632341079872216,17.79419313246204,NA,NA,0
Dinolestes lewini,-43.29,147.18,2017,3,7,25,19,-43_147,13.737921635309855,15.89932346343994,14.40847991612894,17.09270930136404,NA,NA,0
Dinolestes lewini,-43.29,147.18,2017,3,7,25,14,-43_147,13.737921635309855,15.89932346343994,14.40847991612894,17.09270930136404,NA,NA,0
Dinolestes lewini,-43.29,147.18,2017,3,7,25,49,-43_147,13.737921635309855,15.89932346343994,14.40847991612894,17.09270930136404,NA,NA,0
Dinolestes lewini,-43.29,147.18,2017,3,7,25,31,-43_147,13.737921635309855,15.89932346343994,14.40847991612894,17.09270930136404,NA,NA,0
Dinolestes lewini,-43.06,147.36,2017,3,18,15,1,-43_147,13.737921635309855,15.89932346343994,14.40847991612894,17.09270930136404,NA,NA,0
Dinolestes lewini,-41.87,148.3,2017,5,9,20,1,-42_148,15.357904434204102,15.428275108337402,15.514633317479177,15.687203961033974,NA,NA,0
Dinolestes lewini,-41.87,148.3,2017,5,9,25,1,-42_148,15.357904434204102,15.428275108337402,15.514633317479177,15.687203961033974,NA,NA,0
Dinolestes lewini,-41.87,148.3,2017,5,9,35,16,-42_148,15.357904434204102,15.428275108337402,15.514633317479177,15.687203961033974,NA,NA,0
Dinolestes lewini,-41.87,148.3,2017,5,9,40,37,-42_148,15.357904434204102,15.428275108337402,15.514633317479177,15.687203961033974,NA,NA,0
Dinolestes lewini,-41.87,148.3,2017,5,9,25,3,-42_148,15.357904434204102,15.428275108337402,15.514633317479177,15.687203961033974,NA,NA,0
Dinolestes lewini,-41.87,148.3,2017,5,9,35,14,-42_148,15.357904434204102,15.428275108337402,15.514633317479177,15.687203961033974,NA,NA,0
Dinolestes lewini,-41.87,148.3,2017,5,9,40,3,-42_148,15.357904434204102,15.428275108337402,15.514633317479177,15.687203961033974,NA,NA,0
Dinolestes lewini,-41.87,148.31,2017,5,10,12.5,3,-42_148,15.357904434204102,15.428275108337402,15.514633317479177,15.687203961033974,1991,Bicheno Marine Reserve,1
Dinolestes lewini,-41.87,148.31,2017,5,10,15,1,-42_148,15.357904434204102,15.428275108337402,15.514633317479177,15.687203961033974,1991,Bicheno Marine Reserve,1
Dinolestes lewini,-41.87,148.31,2017,5,10,20,2,-42_148,15.357904434204102,15.428275108337402,15.514633317479177,15.687203961033974,1991,Bicheno Marine Reserve,1
Dinolestes lewini,-41.87,148.31,2017,5,10,30,9,-42_148,15.357904434204102,15.428275108337402,15.514633317479177,15.687203961033974,1991,Bicheno Marine Reserve,1
Dinolestes lewini,-41.87,148.31,2017,5,10,35,19,-42_148,15.357904434204102,15.428275108337402,15.514633317479177,15.687203961033974,1991,Bicheno Marine Reserve,1
Dinolestes lewini,-41.87,148.31,2017,5,10,15,2,-42_148,15.357904434204102,15.428275108337402,15.514633317479177,15.687203961033974,1991,Bicheno Marine Reserve,1
Dinolestes lewini,-41.87,148.31,2017,5,10,30,1,-42_148,15.357904434204102,15.428275108337402,15.514633317479177,15.687203961033974,1991,Bicheno Marine Reserve,1
Dinolestes lewini,-41.87,148.31,2017,5,10,35,1,-42_148,15.357904434204102,15.428275108337402,15.514633317479177,15.687203961033974,1991,Bicheno Marine Reserve,1
Dinolestes lewini,-41.87,148.31,2017,5,10,40,10,-42_148,15.357904434204102,15.428275108337402,15.514633317479177,15.687203961033974,1991,Bicheno Marine Reserve,1
Dinolestes lewini,-41.87,148.31,2017,5,10,20,1,-42_148,15.357904434204102,15.428275108337402,15.514633317479177,15.687203961033974,1991,Bicheno Marine Reserve,1
Dinolestes lewini,-41.87,148.31,2017,5,10,35,7,-42_148,15.357904434204102,15.428275108337402,15.514633317479177,15.687203961033974,1991,Bicheno Marine Reserve,1
Dinolestes lewini,-41.87,148.31,2017,5,10,40,13,-42_148,15.357904434204102,15.428275108337402,15.514633317479177,15.687203961033974,1991,Bicheno Marine Reserve,1
Dinolestes lewini,-41.87,148.31,2017,5,10,25,1,-42_148,15.357904434204102,15.428275108337402,15.514633317479177,15.687203961033974,1991,Bicheno Marine Reserve,1
Dinolestes lewini,-41.87,148.31,2017,5,10,35,8,-42_148,15.357904434204102,15.428275108337402,15.514633317479177,15.687203961033974,1991,Bicheno Marine Reserve,1
Dinolestes lewini,-41.87,148.31,2017,5,10,40,2,-42_148,15.357904434204102,15.428275108337402,15.514633317479177,15.687203961033974,1991,Bicheno Marine Reserve,1
Dinolestes lewini,-41.87,148.31,2017,5,10,30,3,-42_148,15.357904434204102,15.428275108337402,15.514633317479177,15.687203961033974,1991,Bicheno Marine Reserve,1
Dinolestes lewini,-41.87,148.31,2017,5,10,35,1,-42_148,15.357904434204102,15.428275108337402,15.514633317479177,15.687203961033974,1991,Bicheno Marine Reserve,1
Dinolestes lewini,-41.87,148.31,2017,5,10,40,8,-42_148,15.357904434204102,15.428275108337402,15.514633317479177,15.687203961033974,1991,Bicheno Marine Reserve,1
Dinolestes lewini,-41.87,148.31,2017,5,10,30,27,-42_148,15.357904434204102,15.428275108337402,15.514633317479177,15.687203961033974,1991,Bicheno Marine Reserve,1
Dinolestes lewini,-41.87,148.31,2017,5,10,35,19,-42_148,15.357904434204102,15.428275108337402,15.514633317479177,15.687203961033974,1991,Bicheno Marine Reserve,1
Dinolestes lewini,-41.87,148.31,2017,5,10,40,12,-42_148,15.357904434204102,15.428275108337402,15.514633317479177,15.687203961033974,1991,Bicheno Marine Reserve,1
Dinolestes lewini,-43.04,147.34,2017,3,28,10,1,-43_147,13.737921635309855,15.89932346343994,14.40847991612894,17.09270930136404,2009,Tinderbox Marine Reserve,0
Dinolestes lewini,-43.04,147.34,2017,3,28,10,4,-43_147,13.737921635309855,15.89932346343994,14.40847991612894,17.09270930136404,2009,Tinderbox Marine Reserve,0
Dinolestes lewini,-43.04,147.34,2017,3,28,20,2,-43_147,13.737921635309855,15.89932346343994,14.40847991612894,17.09270930136404,2009,Tinderbox Marine Reserve,0
Dinolestes lewini,-43.04,147.34,2017,3,28,30,1,-43_147,13.737921635309855,15.89932346343994,14.40847991612894,17.09270930136404,2009,Tinderbox Marine Reserve,0
Dinolestes lewini,-43.04,147.34,2017,3,28,35,25,-43_147,13.737921635309855,15.89932346343994,14.40847991612894,17.09270930136404,2009,Tinderbox Marine Reserve,0
Dinolestes lewini,-43.04,147.34,2017,3,28,30,9,-43_147,13.737921635309855,15.89932346343994,14.40847991612894,17.09270930136404,2009,Tinderbox Marine Reserve,0
Dinolestes lewini,-43.04,147.34,2017,3,28,35,15,-43_147,13.737921635309855,15.89932346343994,14.40847991612894,17.09270930136404,2009,Tinderbox Marine Reserve,0
Dinolestes lewini,-43.04,147.34,2017,3,28,30,1,-43_147,13.737921635309855,15.89932346343994,14.40847991612894,17.09270930136404,2009,Tinderbox Marine Reserve,0
Dinolestes lewini,-43.04,147.34,2017,3,28,35,3,-43_147,13.737921635309855,15.89932346343994,14.40847991612894,17.09270930136404,2009,Tinderbox Marine Reserve,0
Dinolestes lewini,-43.04,147.34,2017,3,28,35,13,-43_147,13.737921635309855,15.89932346343994,14.40847991612894,17.09270930136404,2009,Tinderbox Marine Reserve,0
Dinolestes lewini,-41.87,148.31,2016,5,31,10,3,-42_148,15.298858642578125,14.925750732421877,15.687574115128255,15.923225438723,1991,Bicheno Marine Reserve,1
Dinolestes lewini,-41.87,148.31,2016,5,31,12.5,2,-42_148,15.298858642578125,14.925750732421877,15.687574115128255,15.923225438723,1991,Bicheno Marine Reserve,1
Dinolestes lewini,-41.87,148.31,2016,5,31,10,1,-42_148,15.298858642578125,14.925750732421877,15.687574115128255,15.923225438723,1991,Bicheno Marine Reserve,1
Dinolestes lewini,-41.87,148.31,2016,5,31,10,2,-42_148,15.298858642578125,14.925750732421877,15.687574115128255,15.923225438723,1991,Bicheno Marine Reserve,1
Dinolestes lewini,-41.87,148.31,2016,5,31,12.5,2,-42_148,15.298858642578125,14.925750732421877,15.687574115128255,15.923225438723,1991,Bicheno Marine Reserve,1
Dinolestes lewini,-41.87,148.31,2016,5,31,12.5,3,-42_148,15.298858642578125,14.925750732421877,15.687574115128255,15.923225438723,1991,Bicheno Marine Reserve,1
Dinolestes lewini,-41.87,148.31,2016,5,31,12.5,1,-42_148,15.298858642578125,14.925750732421877,15.687574115128255,15.923225438723,1991,Bicheno Marine Reserve,1
Dinolestes lewini,-41.87,148.31,2016,5,31,15,1,-42_148,15.298858642578125,14.925750732421877,15.687574115128255,15.923225438723,1991,Bicheno Marine Reserve,1
Dinolestes lewini,-41.87,148.31,2016,5,31,10,2,-42_148,15.298858642578125,14.925750732421877,15.687574115128255,15.923225438723,1991,Bicheno Marine Reserve,1
Dinolestes lewini,-41.87,148.31,2016,5,31,12.5,2,-42_148,15.298858642578125,14.925750732421877,15.687574115128255,15.923225438723,1991,Bicheno Marine Reserve,1
Dinolestes lewini,-41.87,148.31,2016,5,31,10,1,-42_148,15.298858642578125,14.925750732421877,15.687574115128255,15.923225438723,1991,Bicheno Marine Reserve,1
Dinolestes lewini,-41.87,148.31,2016,5,31,12.5,1,-42_148,15.298858642578125,14.925750732421877,15.687574115128255,15.923225438723,1991,Bicheno Marine Reserve,1
Dinolestes lewini,-41.87,148.31,2016,5,31,12.5,3,-42_148,15.298858642578125,14.925750732421877,15.687574115128255,15.923225438723,1991,Bicheno Marine Reserve,1
Dinolestes lewini,-41.87,148.31,2016,5,31,15,1,-42_148,15.298858642578125,14.925750732421877,15.687574115128255,15.923225438723,1991,Bicheno Marine Reserve,1
Dinolestes lewini,-41.87,148.31,2016,5,31,10,6,-42_148,15.298858642578125,14.925750732421877,15.687574115128255,15.923225438723,1991,Bicheno Marine Reserve,1
Dinolestes lewini,-41.87,148.31,2016,5,31,12.5,5,-42_148,15.298858642578125,14.925750732421877,15.687574115128255,15.923225438723,1991,Bicheno Marine Reserve,1
Dinolestes lewini,-41.87,148.31,2016,5,31,15,7,-42_148,15.298858642578125,14.925750732421877,15.687574115128255,15.923225438723,1991,Bicheno Marine Reserve,1
Dinolestes lewini,-41.87,148.31,2016,5,31,20,3,-42_148,15.298858642578125,14.925750732421877,15.687574115128255,15.923225438723,1991,Bicheno Marine Reserve,1
Dinolestes lewini,-41.87,148.31,2016,5,31,30,1,-42_148,15.298858642578125,14.925750732421877,15.687574115128255,15.923225438723,1991,Bicheno Marine Reserve,1
Dinolestes lewini,-41.87,148.31,2016,5,31,15,8,-42_148,15.298858642578125,14.925750732421877,15.687574115128255,15.923225438723,1991,Bicheno Marine Reserve,1
Dinolestes lewini,-41.87,148.31,2016,5,31,20,2,-42_148,15.298858642578125,14.925750732421877,15.687574115128255,15.923225438723,1991,Bicheno Marine Reserve,1
Dinolestes lewini,-41.87,148.31,2016,5,31,25,3,-42_148,15.298858642578125,14.925750732421877,15.687574115128255,15.923225438723,1991,Bicheno Marine Reserve,1
Dinolestes lewini,-41.87,148.31,2017,5,10,25,7,-42_148,15.357904434204102,15.428275108337402,15.514633317479177,15.687203961033974,1991,Bicheno Marine Reserve,1
Dinolestes lewini,-41.87,148.31,2017,5,10,35,4,-42_148,15.357904434204102,15.428275108337402,15.514633317479177,15.687203961033974,1991,Bicheno Marine Reserve,1
Dinolestes lewini,-41.87,148.31,2017,5,10,40,1,-42_148,15.357904434204102,15.428275108337402,15.514633317479177,15.687203961033974,1991,Bicheno Marine Reserve,1
Dinolestes lewini,-41.87,148.31,2017,5,10,50,140,-42_148,15.357904434204102,15.428275108337402,15.514633317479177,15.687203961033974,1991,Bicheno Marine Reserve,1
Dinolestes lewini,-41.87,148.31,2017,5,10,25,8,-42_148,15.357904434204102,15.428275108337402,15.514633317479177,15.687203961033974,1991,Bicheno Marine Reserve,1
Dinolestes lewini,-41.87,148.31,2017,5,10,35,6,-42_148,15.357904434204102,15.428275108337402,15.514633317479177,15.687203961033974,1991,Bicheno Marine Reserve,1
Dinolestes lewini,-41.87,148.31,2017,5,10,40,9,-42_148,15.357904434204102,15.428275108337402,15.514633317479177,15.687203961033974,1991,Bicheno Marine Reserve,1
Dinolestes lewini,-41.87,148.31,2017,5,10,50,60,-42_148,15.357904434204102,15.428275108337402,15.514633317479177,15.687203961033974,1991,Bicheno Marine Reserve,1
Dinolestes lewini,-41.87,148.31,2017,5,10,25,18,-42_148,15.357904434204102,15.428275108337402,15.514633317479177,15.687203961033974,1991,Bicheno Marine Reserve,1
Dinolestes lewini,-41.87,148.31,2017,5,10,25,7,-42_148,15.357904434204102,15.428275108337402,15.514633317479177,15.687203961033974,1991,Bicheno Marine Reserve,1
Dinolestes lewini,-41.87,148.31,2017,5,10,20,1,-42_148,15.357904434204102,15.428275108337402,15.514633317479177,15.687203961033974,1991,Bicheno Marine Reserve,1
Dinolestes lewini,-41.87,148.31,2017,5,10,25,5,-42_148,15.357904434204102,15.428275108337402,15.514633317479177,15.687203961033974,1991,Bicheno Marine Reserve,1
Dinolestes lewini,-42.59,148.05,2017,3,21,35,1,-43_148,14.47102952003479,16.792863845825195,14.898496818346544,17.718322237076297,NA,NA,0
Dinolestes lewini,-42.58,148.06,2017,3,19,25,5,-43_148,14.47102952003479,16.792863845825195,14.898496818346544,17.718322237076297,NA,NA,0
Dinolestes lewini,-42.58,148.06,2017,3,19,25,8,-43_148,14.47102952003479,16.792863845825195,14.898496818346544,17.718322237076297,NA,NA,0
Dinolestes lewini,-42.58,148.06,2017,3,19,25,1,-43_148,14.47102952003479,16.792863845825195,14.898496818346544,17.718322237076297,NA,NA,0
Dinolestes lewini,-41.87,148.31,2017,5,10,20,2,-42_148,15.357904434204102,15.428275108337402,15.514633317479177,15.687203961033974,1991,Bicheno Marine Reserve,1
Dinolestes lewini,-42.63,148.02,2017,3,23,15,1,-43_148,14.47102952003479,16.792863845825195,14.898496818346544,17.718322237076297,NA,NA,0
Dinolestes lewini,-41.87,148.31,2016,5,31,12.5,7,-42_148,15.298858642578125,14.925750732421877,15.687574115128255,15.923225438723,1991,Bicheno Marine Reserve,1
Dinolestes lewini,-41.87,148.31,2016,5,31,15,4,-42_148,15.298858642578125,14.925750732421877,15.687574115128255,15.923225438723,1991,Bicheno Marine Reserve,1
Dinolestes lewini,-41.87,148.31,2016,5,31,12.5,13,-42_148,15.298858642578125,14.925750732421877,15.687574115128255,15.923225438723,1991,Bicheno Marine Reserve,1
Dinolestes lewini,-41.87,148.31,2016,5,31,15,2,-42_148,15.298858642578125,14.925750732421877,15.687574115128255,15.923225438723,1991,Bicheno Marine Reserve,1
Dinolestes lewini,-41.87,148.31,2016,6,2,12.5,1,-42_148,15.298858642578125,13.932117462158203,15.687574115128255,14.872833002938163,1991,Bicheno Marine Reserve,1
Dinolestes lewini,-41.87,148.31,2016,6,2,10,2,-42_148,15.298858642578125,13.932117462158203,15.687574115128255,14.872833002938163,1991,Bicheno Marine Reserve,1
Dinolestes lewini,-41.87,148.31,2016,6,2,12.5,3,-42_148,15.298858642578125,13.932117462158203,15.687574115128255,14.872833002938163,1991,Bicheno Marine Reserve,1
Dinolestes lewini,-41.87,148.31,2016,6,2,15,2,-42_148,15.298858642578125,13.932117462158203,15.687574115128255,14.872833002938163,1991,Bicheno Marine Reserve,1
Dinolestes lewini,-41.87,148.31,2016,6,2,12.5,2,-42_148,15.298858642578125,13.932117462158203,15.687574115128255,14.872833002938163,1991,Bicheno Marine Reserve,1
Dinolestes lewini,-41.87,148.31,2016,6,2,15,1,-42_148,15.298858642578125,13.932117462158203,15.687574115128255,14.872833002938163,1991,Bicheno Marine Reserve,1
Dinolestes lewini,-41.87,148.31,2016,6,2,10,2,-42_148,15.298858642578125,13.932117462158203,15.687574115128255,14.872833002938163,1991,Bicheno Marine Reserve,1
Dinolestes lewini,-41.87,148.31,2016,6,2,12.5,8,-42_148,15.298858642578125,13.932117462158203,15.687574115128255,14.872833002938163,1991,Bicheno Marine Reserve,1
Dinolestes lewini,-41.87,148.31,2016,6,2,12.5,2,-42_148,15.298858642578125,13.932117462158203,15.687574115128255,14.872833002938163,1991,Bicheno Marine Reserve,1
Dinolestes lewini,-41.87,148.31,2016,6,2,15,3,-42_148,15.298858642578125,13.932117462158203,15.687574115128255,14.872833002938163,1991,Bicheno Marine Reserve,1
Dinolestes lewini,-41.87,148.31,2016,6,2,20,3,-42_148,15.298858642578125,13.932117462158203,15.687574115128255,14.872833002938163,1991,Bicheno Marine Reserve,1
Dinolestes lewini,-41.87,148.31,2016,6,2,35,1,-42_148,15.298858642578125,13.932117462158203,15.687574115128255,14.872833002938163,1991,Bicheno Marine Reserve,1
Dinolestes lewini,-41.87,148.31,2016,6,2,40,1,-42_148,15.298858642578125,13.932117462158203,15.687574115128255,14.872833002938163,1991,Bicheno Marine Reserve,1
Dinolestes lewini,-41.87,148.31,2016,6,2,15,2,-42_148,15.298858642578125,13.932117462158203,15.687574115128255,14.872833002938163,1991,Bicheno Marine Reserve,1
Dinolestes lewini,-41.87,148.31,2016,6,2,20,12,-42_148,15.298858642578125,13.932117462158203,15.687574115128255,14.872833002938163,1991,Bicheno Marine Reserve,1
Dinolestes lewini,-41.87,148.31,2016,6,2,30,5,-42_148,15.298858642578125,13.932117462158203,15.687574115128255,14.872833002938163,1991,Bicheno Marine Reserve,1
Dinolestes lewini,-41.87,148.31,2016,6,2,35,2,-42_148,15.298858642578125,13.932117462158203,15.687574115128255,14.872833002938163,1991,Bicheno Marine Reserve,1
Dinolestes lewini,-41.87,148.31,2016,6,2,40,4,-42_148,15.298858642578125,13.932117462158203,15.687574115128255,14.872833002938163,1991,Bicheno Marine Reserve,1
Dinolestes lewini,-41.87,148.31,2016,6,2,15,4,-42_148,15.298858642578125,13.932117462158203,15.687574115128255,14.872833002938163,1991,Bicheno Marine Reserve,1
Dinolestes lewini,-41.87,148.31,2016,6,2,20,4,-42_148,15.298858642578125,13.932117462158203,15.687574115128255,14.872833002938163,1991,Bicheno Marine Reserve,1
Dinolestes lewini,-41.87,148.31,2016,6,2,25,9,-42_148,15.298858642578125,13.932117462158203,15.687574115128255,14.872833002938163,1991,Bicheno Marine Reserve,1
Dinolestes lewini,-41.87,148.31,2016,6,2,30,59,-42_148,15.298858642578125,13.932117462158203,15.687574115128255,14.872833002938163,1991,Bicheno Marine Reserve,1
Dinolestes lewini,-41.87,148.31,2016,6,2,15,1,-42_148,15.298858642578125,13.932117462158203,15.687574115128255,14.872833002938163,1991,Bicheno Marine Reserve,1
Dinolestes lewini,-41.87,148.31,2016,6,2,20,6,-42_148,15.298858642578125,13.932117462158203,15.687574115128255,14.872833002938163,1991,Bicheno Marine Reserve,1
Dinolestes lewini,-41.87,148.31,2016,6,2,25,13,-42_148,15.298858642578125,13.932117462158203,15.687574115128255,14.872833002938163,1991,Bicheno Marine Reserve,1
Dinolestes lewini,-41.87,148.31,2016,6,2,30,91,-42_148,15.298858642578125,13.932117462158203,15.687574115128255,14.872833002938163,1991,Bicheno Marine Reserve,1
Dinolestes lewini,-41.87,148.31,2016,6,2,12.5,1,-42_148,15.298858642578125,13.932117462158203,15.687574115128255,14.872833002938163,1991,Bicheno Marine Reserve,1
Dinolestes lewini,-41.87,148.31,2016,6,2,15,2,-42_148,15.298858642578125,13.932117462158203,15.687574115128255,14.872833002938163,1991,Bicheno Marine Reserve,1
Dinolestes lewini,-41.87,148.31,2016,6,2,15,13,-42_148,15.298858642578125,13.932117462158203,15.687574115128255,14.872833002938163,1991,Bicheno Marine Reserve,1
Dinolestes lewini,-41.87,148.31,2016,6,2,15,1,-42_148,15.298858642578125,13.932117462158203,15.687574115128255,14.872833002938163,1991,Bicheno Marine Reserve,1
Dinolestes lewini,-41.87,148.31,2016,6,2,20,1,-42_148,15.298858642578125,13.932117462158203,15.687574115128255,14.872833002938163,1991,Bicheno Marine Reserve,1
Dinolestes lewini,-41.87,148.31,2016,6,2,15,3,-42_148,15.298858642578125,13.932117462158203,15.687574115128255,14.872833002938163,1991,Bicheno Marine Reserve,1
Dinolestes lewini,-42.72,148.01,2017,3,23,15,3,-43_148,14.47102952003479,16.792863845825195,14.898496818346544,17.718322237076297,NA,NA,0
Dinolestes lewini,-42.72,148.01,2017,3,23,30,1,-43_148,14.47102952003479,16.792863845825195,14.898496818346544,17.718322237076297,NA,NA,0
Dinolestes lewini,-42.72,148.01,2017,3,23,35,3,-43_148,14.47102952003479,16.792863845825195,14.898496818346544,17.718322237076297,NA,NA,0
Dinolestes lewini,-42.72,148.01,2017,3,23,30,9,-43_148,14.47102952003479,16.792863845825195,14.898496818346544,17.718322237076297,NA,NA,0
Dinolestes lewini,-42.72,148.01,2017,3,23,35,17,-43_148,14.47102952003479,16.792863845825195,14.898496818346544,17.718322237076297,NA,NA,0
Dinolestes lewini,-42.72,148.01,2017,3,23,12.5,4,-43_148,14.47102952003479,16.792863845825195,14.898496818346544,17.718322237076297,NA,NA,0
Dinolestes lewini,-42.72,148.01,2017,3,23,15,3,-43_148,14.47102952003479,16.792863845825195,14.898496818346544,17.718322237076297,NA,NA,0
Dinolestes lewini,-42.72,148.01,2017,3,23,12.5,1,-43_148,14.47102952003479,16.792863845825195,14.898496818346544,17.718322237076297,NA,NA,0
Dinolestes lewini,-42.72,148.01,2017,3,23,15,7,-43_148,14.47102952003479,16.792863845825195,14.898496818346544,17.718322237076297,NA,NA,0
Dinolestes lewini,-42.72,148.01,2017,3,23,20,3,-43_148,14.47102952003479,16.792863845825195,14.898496818346544,17.718322237076297,NA,NA,0
Dinolestes lewini,-42.72,148.01,2017,3,23,25,1,-43_148,14.47102952003479,16.792863845825195,14.898496818346544,17.718322237076297,NA,NA,0
Dinolestes lewini,-42.66,148.01,2017,3,31,35,2,-43_148,14.47102952003479,16.792863845825195,14.898496818346544,17.718322237076297,NA,NA,0
Dinolestes lewini,-42.58,147.92,2017,3,30,20,3,-43_148,14.47102952003479,16.792863845825195,14.898496818346544,17.718322237076297,NA,NA,0
Dinolestes lewini,-42.56,148.07,2017,3,22,10,4,-43_148,14.47102952003479,16.792863845825195,14.898496818346544,17.718322237076297,NA,NA,0
Dinolestes lewini,-42.56,148.07,2017,3,22,7.5,1,-43_148,14.47102952003479,16.792863845825195,14.898496818346544,17.718322237076297,NA,NA,0
Dinolestes lewini,-42.6,148.05,2017,3,22,15,1,-43_148,14.47102952003479,16.792863845825195,14.898496818346544,17.718322237076297,NA,NA,0
Dinolestes lewini,-42.58,147.92,2017,3,30,20,10,-43_148,14.47102952003479,16.792863845825195,14.898496818346544,17.718322237076297,NA,NA,0
Dinolestes lewini,-42.58,147.92,2017,3,30,20,3,-43_148,14.47102952003479,16.792863845825195,14.898496818346544,17.718322237076297,NA,NA,0
Dinolestes lewini,-42.58,147.92,2017,3,30,20,17,-43_148,14.47102952003479,16.792863845825195,14.898496818346544,17.718322237076297,NA,NA,0
Dinolestes lewini,-42.58,147.92,2017,3,30,30,1,-43_148,14.47102952003479,16.792863845825195,14.898496818346544,17.718322237076297,NA,NA,0
Dinolestes lewini,-42.58,147.92,2017,3,30,35,2,-43_148,14.47102952003479,16.792863845825195,14.898496818346544,17.718322237076297,NA,NA,0
Dinolestes lewini,-42.58,147.92,2017,3,30,30,8,-43_148,14.47102952003479,16.792863845825195,14.898496818346544,17.718322237076297,NA,NA,0
Dinolestes lewini,-42.58,147.92,2017,3,30,35,6,-43_148,14.47102952003479,16.792863845825195,14.898496818346544,17.718322237076297,NA,NA,0
Dinolestes lewini,-42.58,147.92,2017,3,30,25,1,-43_148,14.47102952003479,16.792863845825195,14.898496818346544,17.718322237076297,NA,NA,0
Dinolestes lewini,-42.58,147.92,2017,3,30,30,3,-43_148,14.47102952003479,16.792863845825195,14.898496818346544,17.718322237076297,NA,NA,0
Dinolestes lewini,-42.58,147.92,2017,3,30,35,1,-43_148,14.47102952003479,16.792863845825195,14.898496818346544,17.718322237076297,NA,NA,0
Dinolestes lewini,-42.58,147.92,2017,3,30,25,4,-43_148,14.47102952003479,16.792863845825195,14.898496818346544,17.718322237076297,NA,NA,0
Dinolestes lewini,-42.58,147.92,2017,3,30,30,17,-43_148,14.47102952003479,16.792863845825195,14.898496818346544,17.718322237076297,NA,NA,0
Dinolestes lewini,-42.58,147.92,2017,3,30,35,4,-43_148,14.47102952003479,16.792863845825195,14.898496818346544,17.718322237076297,NA,NA,0
Dinolestes lewini,-42.52,147.97,2017,3,31,15,1,-43_148,14.47102952003479,16.792863845825195,14.898496818346544,17.718322237076297,NA,NA,0
Dinolestes lewini,-42.52,147.97,2017,3,31,15,2,-43_148,14.47102952003479,16.792863845825195,14.898496818346544,17.718322237076297,NA,NA,0
Dinolestes lewini,-42.52,147.97,2017,3,31,20,8,-43_148,14.47102952003479,16.792863845825195,14.898496818346544,17.718322237076297,NA,NA,0
Dinolestes lewini,-42.52,147.97,2017,3,31,15,1,-43_148,14.47102952003479,16.792863845825195,14.898496818346544,17.718322237076297,NA,NA,0
Dinolestes lewini,-42.52,147.97,2017,3,31,20,7,-43_148,14.47102952003479,16.792863845825195,14.898496818346544,17.718322237076297,NA,NA,0
Dinolestes lewini,-42.52,147.97,2017,3,31,35,1,-43_148,14.47102952003479,16.792863845825195,14.898496818346544,17.718322237076297,NA,NA,0
Dinolestes lewini,-41.9,148.32,2016,6,1,10,1,-42_148,15.298858642578125,13.932117462158203,15.687574115128255,14.872833002938163,NA,NA,0
Dinolestes lewini,-41.9,148.32,2016,6,1,7.5,1,-42_148,15.298858642578125,13.932117462158203,15.687574115128255,14.872833002938163,NA,NA,0
Dinolestes lewini,-41.9,148.32,2016,6,1,10,2,-42_148,15.298858642578125,13.932117462158203,15.687574115128255,14.872833002938163,NA,NA,0
Dinolestes lewini,-41.9,148.32,2016,6,1,12.5,5,-42_148,15.298858642578125,13.932117462158203,15.687574115128255,14.872833002938163,NA,NA,0
Dinolestes lewini,-41.9,148.32,2016,6,1,10,1,-42_148,15.298858642578125,13.932117462158203,15.687574115128255,14.872833002938163,NA,NA,0
Dinolestes lewini,-41.9,148.32,2016,6,1,12.5,3,-42_148,15.298858642578125,13.932117462158203,15.687574115128255,14.872833002938163,NA,NA,0
Dinolestes lewini,-41.9,148.32,2016,6,1,12.5,5,-42_148,15.298858642578125,13.932117462158203,15.687574115128255,14.872833002938163,NA,NA,0
Dinolestes lewini,-41.9,148.32,2016,6,1,15,3,-42_148,15.298858642578125,13.932117462158203,15.687574115128255,14.872833002938163,NA,NA,0
Dinolestes lewini,-41.9,148.32,2016,6,1,20,2,-42_148,15.298858642578125,13.932117462158203,15.687574115128255,14.872833002938163,NA,NA,0
Dinolestes lewini,-41.9,148.32,2016,6,1,12.5,14,-42_148,15.298858642578125,13.932117462158203,15.687574115128255,14.872833002938163,NA,NA,0
Dinolestes lewini,-41.9,148.32,2016,6,1,12.5,8,-42_148,15.298858642578125,13.932117462158203,15.687574115128255,14.872833002938163,NA,NA,0
Dinolestes lewini,-41.9,148.32,2016,6,1,15,6,-42_148,15.298858642578125,13.932117462158203,15.687574115128255,14.872833002938163,NA,NA,0
Dinolestes lewini,-41.9,148.32,2016,6,1,12.5,2,-42_148,15.298858642578125,13.932117462158203,15.687574115128255,14.872833002938163,NA,NA,0
Dinolestes lewini,-41.87,148.3,2016,6,1,12.5,1,-42_148,15.298858642578125,13.932117462158203,15.687574115128255,14.872833002938163,NA,NA,0
Dinolestes lewini,-41.87,148.3,2016,6,1,12.5,5,-42_148,15.298858642578125,13.932117462158203,15.687574115128255,14.872833002938163,NA,NA,0
Dinolestes lewini,-41.87,148.3,2016,6,1,15,2,-42_148,15.298858642578125,13.932117462158203,15.687574115128255,14.872833002938163,NA,NA,0
Dinolestes lewini,-41.87,148.3,2016,6,1,20,3,-42_148,15.298858642578125,13.932117462158203,15.687574115128255,14.872833002938163,NA,NA,0
Dinolestes lewini,-41.87,148.3,2016,6,1,12.5,2,-42_148,15.298858642578125,13.932117462158203,15.687574115128255,14.872833002938163,NA,NA,0
Dinolestes lewini,-41.87,148.3,2016,6,1,15,10,-42_148,15.298858642578125,13.932117462158203,15.687574115128255,14.872833002938163,NA,NA,0
Dinolestes lewini,-41.87,148.3,2016,6,1,12.5,3,-42_148,15.298858642578125,13.932117462158203,15.687574115128255,14.872833002938163,NA,NA,0
Dinolestes lewini,-41.87,148.3,2016,6,1,15,17,-42_148,15.298858642578125,13.932117462158203,15.687574115128255,14.872833002938163,NA,NA,0
Dinolestes lewini,-41.87,148.3,2016,6,1,20,2,-42_148,15.298858642578125,13.932117462158203,15.687574115128255,14.872833002938163,NA,NA,0
Dinolestes lewini,-41.87,148.3,2016,6,1,25,27,-42_148,15.298858642578125,13.932117462158203,15.687574115128255,14.872833002938163,NA,NA,0
Dinolestes lewini,-41.87,148.3,2016,6,1,30,1,-42_148,15.298858642578125,13.932117462158203,15.687574115128255,14.872833002938163,NA,NA,0
Dinolestes lewini,-41.87,148.3,2016,6,1,12.5,4,-42_148,15.298858642578125,13.932117462158203,15.687574115128255,14.872833002938163,NA,NA,0
Dinolestes lewini,-41.87,148.3,2016,6,1,15,33,-42_148,15.298858642578125,13.932117462158203,15.687574115128255,14.872833002938163,NA,NA,0
Dinolestes lewini,-41.87,148.3,2016,6,1,20,28,-42_148,15.298858642578125,13.932117462158203,15.687574115128255,14.872833002938163,NA,NA,0
Dinolestes lewini,-41.87,148.3,2016,6,1,25,3,-42_148,15.298858642578125,13.932117462158203,15.687574115128255,14.872833002938163,NA,NA,0
Dinolestes lewini,-42.6,148.05,2017,3,22,35,2,-43_148,14.47102952003479,16.792863845825195,14.898496818346544,17.718322237076297,NA,NA,0
Dinolestes lewini,-42.6,148.05,2017,3,22,35,3,-43_148,14.47102952003479,16.792863845825195,14.898496818346544,17.718322237076297,NA,NA,0
Dinolestes lewini,-42.6,148.05,2017,3,22,30,8,-43_148,14.47102952003479,16.792863845825195,14.898496818346544,17.718322237076297,NA,NA,0
Dinolestes lewini,-42.6,148.05,2017,3,22,35,7,-43_148,14.47102952003479,16.792863845825195,14.898496818346544,17.718322237076297,NA,NA,0
Dinolestes lewini,-42.6,148.05,2017,3,22,30,7,-43_148,14.47102952003479,16.792863845825195,14.898496818346544,17.718322237076297,NA,NA,0
Dinolestes lewini,-42.6,148.05,2017,3,22,35,3,-43_148,14.47102952003479,16.792863845825195,14.898496818346544,17.718322237076297,NA,NA,0
Dinolestes lewini,-42.6,148.05,2017,3,22,35,1,-43_148,14.47102952003479,16.792863845825195,14.898496818346544,17.718322237076297,NA,NA,0
Dinolestes lewini,-42.6,148.05,2017,3,22,40,1,-43_148,14.47102952003479,16.792863845825195,14.898496818346544,17.718322237076297,NA,NA,0
Dinolestes lewini,-42.59,148.05,2017,3,20,20,1,-43_148,14.47102952003479,16.792863845825195,14.898496818346544,17.718322237076297,NA,NA,0
Dinolestes lewini,-42.59,148.05,2017,3,20,15,1,-43_148,14.47102952003479,16.792863845825195,14.898496818346544,17.718322237076297,NA,NA,0
Dinolestes lewini,-42.59,148.05,2017,3,20,30,1,-43_148,14.47102952003479,16.792863845825195,14.898496818346544,17.718322237076297,NA,NA,0
Dinolestes lewini,-42.59,148.05,2017,3,20,30,3,-43_148,14.47102952003479,16.792863845825195,14.898496818346544,17.718322237076297,NA,NA,0
Dinolestes lewini,-42.58,148.05,2017,3,20,30,1,-43_148,14.47102952003479,16.792863845825195,14.898496818346544,17.718322237076297,NA,NA,0
Dinolestes lewini,-42.56,148.07,2016,4,13,10,44,-43_148,14.459003130594889,16.228710174560547,15.224837747641509,17.615232855478922,NA,NA,0
Dinolestes lewini,-42.56,148.07,2016,4,13,12.5,1,-43_148,14.459003130594889,16.228710174560547,15.224837747641509,17.615232855478922,NA,NA,0
Dinolestes lewini,-42.56,148.07,2016,4,13,20,3,-43_148,14.459003130594889,16.228710174560547,15.224837747641509,17.615232855478922,NA,NA,0
Dinolestes lewini,-42.56,148.07,2016,4,13,25,3,-43_148,14.459003130594889,16.228710174560547,15.224837747641509,17.615232855478922,NA,NA,0
Dinolestes lewini,-42.56,148.07,2016,4,13,30,4,-43_148,14.459003130594889,16.228710174560547,15.224837747641509,17.615232855478922,NA,NA,0
Dinolestes lewini,-42.56,148.07,2016,4,13,10,11,-43_148,14.459003130594889,16.228710174560547,15.224837747641509,17.615232855478922,NA,NA,0
Dinolestes lewini,-42.56,148.07,2016,4,13,12.5,14,-43_148,14.459003130594889,16.228710174560547,15.224837747641509,17.615232855478922,NA,NA,0
Dinolestes lewini,-42.56,148.07,2016,4,13,15,10,-43_148,14.459003130594889,16.228710174560547,15.224837747641509,17.615232855478922,NA,NA,0
Dinolestes lewini,-42.56,148.07,2016,4,13,20,2,-43_148,14.459003130594889,16.228710174560547,15.224837747641509,17.615232855478922,NA,NA,0
Dinolestes lewini,-42.56,148.07,2016,4,13,25,2,-43_148,14.459003130594889,16.228710174560547,15.224837747641509,17.615232855478922,NA,NA,0
Dinolestes lewini,-42.56,148.07,2016,4,13,30,1,-43_148,14.459003130594889,16.228710174560547,15.224837747641509,17.615232855478922,NA,NA,0
Dinolestes lewini,-42.56,148.07,2016,4,13,35,1,-43_148,14.459003130594889,16.228710174560547,15.224837747641509,17.615232855478922,NA,NA,0
Dinolestes lewini,-42.56,148.07,2016,4,13,25,1,-43_148,14.459003130594889,16.228710174560547,15.224837747641509,17.615232855478922,NA,NA,0
Dinolestes lewini,-42.56,148.07,2016,4,13,30,2,-43_148,14.459003130594889,16.228710174560547,15.224837747641509,17.615232855478922,NA,NA,0
Dinolestes lewini,-42.56,148.07,2016,4,13,35,1,-43_148,14.459003130594889,16.228710174560547,15.224837747641509,17.615232855478922,NA,NA,0
Dinolestes lewini,-32.6,152.32,2012,11,8,25,1,-33_152,20.998074054718018,20.79033851623535,20.861195442622325,20.157721736696033,NA,NA,0
Dinolestes lewini,-32.69,152.22,2012,6,2,20,2,-33_152,20.998074054718018,19.626041412353516,20.861195442622325,19.13897172080146,NA,NA,0
Dinolestes lewini,-32.74,152.19,2012,6,24,15,5,-33_152,20.998074054718018,19.626041412353516,20.861195442622325,19.13897172080146,NA,NA,0
Dinolestes lewini,-32.74,152.19,2012,6,24,20,20,-33_152,20.998074054718018,19.626041412353516,20.861195442622325,19.13897172080146,NA,NA,0
Dinolestes lewini,-32.74,152.19,2012,6,24,20,10,-33_152,20.998074054718018,19.626041412353516,20.861195442622325,19.13897172080146,NA,NA,0
Dinolestes lewini,-32.74,152.19,2012,6,24,25,10,-33_152,20.998074054718018,19.626041412353516,20.861195442622325,19.13897172080146,NA,NA,0
Dinolestes lewini,-32.74,152.19,2012,6,24,30,10,-33_152,20.998074054718018,19.626041412353516,20.861195442622325,19.13897172080146,NA,NA,0
Dinolestes lewini,-32.74,152.19,2012,6,24,35,20,-33_152,20.998074054718018,19.626041412353516,20.861195442622325,19.13897172080146,NA,NA,0
Dinolestes lewini,-32.74,152.19,2012,6,24,25,45,-33_152,20.998074054718018,19.626041412353516,20.861195442622325,19.13897172080146,NA,NA,0
Dinolestes lewini,-32.74,152.19,2012,6,24,25,42,-33_152,20.998074054718018,19.626041412353516,20.861195442622325,19.13897172080146,NA,NA,0
Dinolestes lewini,-43.27,147.14,2013,3,5,10,1,-43_147,13.56498408317566,16.133888244628906,14.60782571415137,16.79374157074959,NA,NA,0
Dinolestes lewini,-43.27,147.14,2013,3,5,7.5,1,-43_147,13.56498408317566,16.133888244628906,14.60782571415137,16.79374157074959,NA,NA,0
Dinolestes lewini,-43.29,147.18,2013,3,6,10,300,-43_147,13.56498408317566,16.133888244628906,14.60782571415137,16.79374157074959,NA,NA,0
Dinolestes lewini,-43.29,147.14,2013,3,7,20,150,-43_147,13.56498408317566,16.133888244628906,14.60782571415137,16.79374157074959,NA,NA,0
Dinolestes lewini,-32.69,152.22,2011,10,9,20,10,-33_152,21.399254004160564,19.700183868408203,21.19576238272011,19.680671589348904,NA,NA,0
Dinolestes lewini,-32.74,152.19,2011,9,17,20,2,-33_152,21.399254004160564,19.027263641357425,21.19576238272011,18.64269406000773,NA,NA,0
Dinolestes lewini,-32.79,152.11,2011,8,27,15,2,-33_152,21.399254004160564,19.14668083190918,21.19576238272011,18.670214596615043,NA,NA,0
Dinolestes lewini,-32.79,152.11,2011,8,27,20,1,-33_152,21.399254004160564,19.14668083190918,21.19576238272011,18.670214596615043,NA,NA,0
Dinolestes lewini,-32.79,152.11,2011,8,27,20,2,-33_152,21.399254004160564,19.14668083190918,21.19576238272011,18.670214596615043,NA,NA,0
Dinolestes lewini,-32.79,152.11,2011,8,27,25,2,-33_152,21.399254004160564,19.14668083190918,21.19576238272011,18.670214596615043,NA,NA,0
Dinolestes lewini,-32.71,152.15,2012,3,11,35,14,-33_152,20.998074054718018,23.597801208496097,20.861195442622325,22.894058647976127,1983,Fly Point-Halifax Park,1
Dinolestes lewini,-32.71,152.15,2012,3,11,40,20,-33_152,20.998074054718018,23.597801208496097,20.861195442622325,22.894058647976127,1983,Fly Point-Halifax Park,1
Dinolestes lewini,-32.71,152.15,2012,3,11,35,34,-33_152,20.998074054718018,23.597801208496097,20.861195442622325,22.894058647976127,1983,Fly Point-Halifax Park,1
Dinolestes lewini,-32.71,152.15,2012,3,11,40,10,-33_152,20.998074054718018,23.597801208496097,20.861195442622325,22.894058647976127,1983,Fly Point-Halifax Park,1
Dinolestes lewini,-32.79,152.09,2012,4,25,20,5,-33_152,20.998074054718018,22.913747787475582,20.861195442622325,23.682916185590955,NA,NA,0
Dinolestes lewini,-32.6,152.32,2012,5,11,30,5,-33_152,20.998074054718018,21.269546508789063,20.861195442622325,21.74844032205561,NA,NA,0
Dinolestes lewini,-32.6,152.32,2012,5,12,25,2,-33_152,20.998074054718018,21.269546508789063,20.861195442622325,21.74844032205561,NA,NA,0
Dinolestes lewini,-32.62,152.33,2012,5,12,30,4,-33_152,20.998074054718018,21.269546508789063,20.861195442622325,21.74844032205561,2007,Port Stephens Great Lake Marine Park,0
Dinolestes lewini,-32.74,152.19,2012,9,15,25,2,-33_152,20.998074054718018,18.13119888305664,20.861195442622325,17.827277427249484,NA,NA,0
Dinolestes lewini,-32.74,152.19,2012,2,12,12.5,1,-33_152,20.998074054718018,23.87634658813477,20.861195442622325,23.453160428452765,NA,NA,0
Dinolestes lewini,-32.69,152.23,2012,8,25,20,1,-33_152,20.998074054718018,17.718364715576172,20.861195442622325,18.177687762885967,2007,Port Stephens Great Lake Marine Park,0
Dinolestes lewini,-33.8,151.27,2012,4,1,15,40,-34_151,20.258487860361736,22.312620162963867,20.38584178047,23.099582799275716,NA,NA,0
Dinolestes lewini,-33.8,151.27,2012,4,1,20,90,-34_151,20.258487860361736,22.312620162963867,20.38584178047,23.099582799275716,NA,NA,0
Dinolestes lewini,-33.8,151.27,2012,4,1,25,20,-34_151,20.258487860361736,22.312620162963867,20.38584178047,23.099582799275716,NA,NA,0
Dinolestes lewini,-33.8,151.27,2012,4,1,30,10,-34_151,20.258487860361736,22.312620162963867,20.38584178047,23.099582799275716,NA,NA,0
Dinolestes lewini,-32.71,152.15,2013,4,20,30,1,-33_152,21.45964765548706,23.543062210083008,21.34589705349317,23.738610543145075,1983,Fly Point-Halifax Park,1
Dinolestes lewini,-32.69,152.22,2013,2,17,25,1,-33_152,21.45964765548706,24.129709243774418,21.34589705349317,23.636249468440106,NA,NA,0
Dinolestes lewini,-32.74,152.19,2013,3,8,15,1,-33_152,21.45964765548706,23.891956329345703,21.34589705349317,23.22792960751441,NA,NA,0
Dinolestes lewini,-32.74,152.19,2013,3,8,20,1,-33_152,21.45964765548706,23.891956329345703,21.34589705349317,23.22792960751441,NA,NA,0
Dinolestes lewini,-32.71,152.15,2013,3,15,20,150,-33_152,21.45964765548706,23.891956329345703,21.34589705349317,23.22792960751441,1983,Fly Point-Halifax Park,1
Dinolestes lewini,-32.71,152.15,2013,3,15,25,20,-33_152,21.45964765548706,23.891956329345703,21.34589705349317,23.22792960751441,1983,Fly Point-Halifax Park,1
Dinolestes lewini,-32.71,152.15,2013,3,15,30,80,-33_152,21.45964765548706,23.891956329345703,21.34589705349317,23.22792960751441,1983,Fly Point-Halifax Park,1
Dinolestes lewini,-32.71,152.23,2013,4,10,50,1,-33_152,21.45964765548706,23.543062210083008,21.34589705349317,23.738610543145075,NA,NA,0
Dinolestes lewini,-36.25,150.23,2013,3,6,25,2,-36_150,19.254231770833332,23.01721954345703,19.663973696106915,21.22838666362147,2007,Batemans Marine Park,0
Dinolestes lewini,-36.24,150.22,2013,3,6,30,25,-36_150,19.254231770833332,23.01721954345703,19.663973696106915,21.22838666362147,NA,NA,0
Dinolestes lewini,-36.24,150.22,2013,3,6,35,25,-36_150,19.254231770833332,23.01721954345703,19.663973696106915,21.22838666362147,NA,NA,0
Dinolestes lewini,-36.24,150.22,2013,3,6,40,3,-36_150,19.254231770833332,23.01721954345703,19.663973696106915,21.22838666362147,NA,NA,0
Dinolestes lewini,-36.24,150.22,2013,3,6,15,1,-36_150,19.254231770833332,23.01721954345703,19.663973696106915,21.22838666362147,NA,NA,0
Dinolestes lewini,-36.24,150.22,2013,3,6,30,5,-36_150,19.254231770833332,23.01721954345703,19.663973696106915,21.22838666362147,NA,NA,0
Dinolestes lewini,-36.24,150.22,2013,3,6,35,5,-36_150,19.254231770833332,23.01721954345703,19.663973696106915,21.22838666362147,NA,NA,0
Dinolestes lewini,-36.24,150.22,2013,3,6,40,1,-36_150,19.254231770833332,23.01721954345703,19.663973696106915,21.22838666362147,NA,NA,0
Dinolestes lewini,-35.86,150.19,2013,3,12,15,2,-36_150,19.254231770833332,23.01721954345703,19.663973696106915,21.22838666362147,NA,NA,0
Dinolestes lewini,-32.71,152.23,2013,4,6,30,1,-33_152,21.45964765548706,23.543062210083008,21.34589705349317,23.738610543145075,NA,NA,0
Dinolestes lewini,-32.68,152.23,2013,4,12,30,1,-33_152,21.45964765548706,23.543062210083008,21.34589705349317,23.738610543145075,2007,Port Stephens Great Lake Marine Park,0
Dinolestes lewini,-36.09,150.15,2013,3,20,25,2,-36_150,19.254231770833332,23.01721954345703,19.663973696106915,21.22838666362147,NA,NA,0
Dinolestes lewini,-36.14,150.13,2013,3,20,25,9,-36_150,19.254231770833332,23.01721954345703,19.663973696106915,21.22838666362147,NA,NA,0
Dinolestes lewini,-36.14,150.13,2013,3,20,30,11,-36_150,19.254231770833332,23.01721954345703,19.663973696106915,21.22838666362147,NA,NA,0
Dinolestes lewini,-36.14,150.13,2013,3,20,35,11,-36_150,19.254231770833332,23.01721954345703,19.663973696106915,21.22838666362147,NA,NA,0
Dinolestes lewini,-36.14,150.13,2013,3,20,40,11,-36_150,19.254231770833332,23.01721954345703,19.663973696106915,21.22838666362147,NA,NA,0
Dinolestes lewini,-36.14,150.13,2013,3,20,20,20,-36_150,19.254231770833332,23.01721954345703,19.663973696106915,21.22838666362147,NA,NA,0
Dinolestes lewini,-36.14,150.13,2013,3,20,25,25,-36_150,19.254231770833332,23.01721954345703,19.663973696106915,21.22838666362147,NA,NA,0
Dinolestes lewini,-36.14,150.13,2013,3,20,30,30,-36_150,19.254231770833332,23.01721954345703,19.663973696106915,21.22838666362147,NA,NA,0
Dinolestes lewini,-36.14,150.13,2013,3,20,35,30,-36_150,19.254231770833332,23.01721954345703,19.663973696106915,21.22838666362147,NA,NA,0
Dinolestes lewini,-36.26,150.15,2013,3,20,20,2,-36_150,19.254231770833332,23.01721954345703,19.663973696106915,21.22838666362147,2007,Batemans Marine Park,0
Dinolestes lewini,-36.26,150.15,2013,3,20,15,14,-36_150,19.254231770833332,23.01721954345703,19.663973696106915,21.22838666362147,2007,Batemans Marine Park,0
Dinolestes lewini,-36.01,150.17,2013,3,23,20,5,-36_150,19.254231770833332,23.01721954345703,19.663973696106915,21.22838666362147,2007,Batemans Marine Park,0
Dinolestes lewini,-36.01,150.17,2013,3,23,25,5,-36_150,19.254231770833332,23.01721954345703,19.663973696106915,21.22838666362147,2007,Batemans Marine Park,0
Dinolestes lewini,-36.01,150.17,2013,3,23,30,6,-36_150,19.254231770833332,23.01721954345703,19.663973696106915,21.22838666362147,2007,Batemans Marine Park,0
Dinolestes lewini,-36.01,150.17,2013,3,23,20,6,-36_150,19.254231770833332,23.01721954345703,19.663973696106915,21.22838666362147,2007,Batemans Marine Park,0
Dinolestes lewini,-36.01,150.17,2013,3,23,25,8,-36_150,19.254231770833332,23.01721954345703,19.663973696106915,21.22838666362147,2007,Batemans Marine Park,0
Dinolestes lewini,-36.01,150.17,2013,3,23,30,7,-36_150,19.254231770833332,23.01721954345703,19.663973696106915,21.22838666362147,2007,Batemans Marine Park,0
Dinolestes lewini,-36.01,150.17,2013,3,23,15,5,-36_150,19.254231770833332,23.01721954345703,19.663973696106915,21.22838666362147,2007,Batemans Marine Park,0
Dinolestes lewini,-36.01,150.17,2013,3,23,35,5,-36_150,19.254231770833332,23.01721954345703,19.663973696106915,21.22838666362147,2007,Batemans Marine Park,0
Dinolestes lewini,-36.01,150.17,2013,3,23,15,1,-36_150,19.254231770833332,23.01721954345703,19.663973696106915,21.22838666362147,2007,Batemans Marine Park,0
Dinolestes lewini,-36.01,150.17,2013,3,23,35,2,-36_150,19.254231770833332,23.01721954345703,19.663973696106915,21.22838666362147,2007,Batemans Marine Park,0
Dinolestes lewini,-35.99,150.16,2013,3,23,12.5,2,-36_150,19.254231770833332,23.01721954345703,19.663973696106915,21.22838666362147,2007,Batemans Marine Park,0
Dinolestes lewini,-35.99,150.16,2013,3,23,20,1,-36_150,19.254231770833332,23.01721954345703,19.663973696106915,21.22838666362147,2007,Batemans Marine Park,0
Dinolestes lewini,-35.91,150.16,2013,3,23,30,1,-36_150,19.254231770833332,23.01721954345703,19.663973696106915,21.22838666362147,NA,NA,0
Dinolestes lewini,-35.91,150.16,2013,3,23,35,1,-36_150,19.254231770833332,23.01721954345703,19.663973696106915,21.22838666362147,NA,NA,0
Dinolestes lewini,-35.83,150.23,2013,3,25,15,2,-36_150,19.254231770833332,23.01721954345703,19.663973696106915,21.22838666362147,2007,Batemans Marine Park,0
Dinolestes lewini,-35.5,150.4,2013,3,26,15,50,-36_150,19.254231770833332,23.01721954345703,19.663973696106915,21.22838666362147,NA,NA,0
Dinolestes lewini,-36.42,150.08,2013,4,2,30,1,-36_150,19.254231770833332,22.22783660888672,19.663973696106915,22.260832860734727,NA,NA,0
Dinolestes lewini,-36.42,150.08,2013,4,2,35,2,-36_150,19.254231770833332,22.22783660888672,19.663973696106915,22.260832860734727,NA,NA,0
Dinolestes lewini,-36.42,150.08,2013,4,2,20,1,-36_150,19.254231770833332,22.22783660888672,19.663973696106915,22.260832860734727,NA,NA,0
Dinolestes lewini,-36.42,150.08,2013,4,2,30,4,-36_150,19.254231770833332,22.22783660888672,19.663973696106915,22.260832860734727,NA,NA,0
Dinolestes lewini,-36.42,150.08,2013,4,2,35,4,-36_150,19.254231770833332,22.22783660888672,19.663973696106915,22.260832860734727,NA,NA,0
Dinolestes lewini,-36.24,150.22,2013,3,6,12.5,1,-36_150,19.254231770833332,23.01721954345703,19.663973696106915,21.22838666362147,NA,NA,0
Dinolestes lewini,-36.24,150.22,2013,3,6,15,4,-36_150,19.254231770833332,23.01721954345703,19.663973696106915,21.22838666362147,NA,NA,0
Dinolestes lewini,-36.24,150.22,2013,3,6,20,2,-36_150,19.254231770833332,23.01721954345703,19.663973696106915,21.22838666362147,NA,NA,0
Dinolestes lewini,-36.24,150.22,2013,3,6,25,7,-36_150,19.254231770833332,23.01721954345703,19.663973696106915,21.22838666362147,NA,NA,0
Dinolestes lewini,-36.24,150.22,2013,3,6,30,15,-36_150,19.254231770833332,23.01721954345703,19.663973696106915,21.22838666362147,NA,NA,0
Dinolestes lewini,-36.24,150.22,2013,3,6,35,7,-36_150,19.254231770833332,23.01721954345703,19.663973696106915,21.22838666362147,NA,NA,0
Dinolestes lewini,-32.6,152.32,2013,4,12,30,1,-33_152,21.45964765548706,23.543062210083008,21.34589705349317,23.738610543145075,NA,NA,0
Dinolestes lewini,-32.62,152.33,2013,4,12,25,1,-33_152,21.45964765548706,23.543062210083008,21.34589705349317,23.738610543145075,2007,Port Stephens Great Lake Marine Park,0
Dinolestes lewini,-36.24,150.22,2013,3,6,30,1,-36_150,19.254231770833332,23.01721954345703,19.663973696106915,21.22838666362147,NA,NA,0
Dinolestes lewini,-35.75,150.26,2013,3,20,15,7,-36_150,19.254231770833332,23.01721954345703,19.663973696106915,21.22838666362147,2007,Batemans Marine Park,0
Dinolestes lewini,-35.75,150.26,2013,3,20,30,5,-36_150,19.254231770833332,23.01721954345703,19.663973696106915,21.22838666362147,2007,Batemans Marine Park,0
Dinolestes lewini,-32.71,152.23,2013,7,5,30,2,-33_152,21.45964765548706,18.89624786376953,21.34589705349317,19.133198445843114,NA,NA,0
Dinolestes lewini,-35.75,150.26,2013,3,20,15,30,-36_150,19.254231770833332,23.01721954345703,19.663973696106915,21.22838666362147,2007,Batemans Marine Park,0
Dinolestes lewini,-35.75,150.26,2013,3,20,20,50,-36_150,19.254231770833332,23.01721954345703,19.663973696106915,21.22838666362147,2007,Batemans Marine Park,0
Dinolestes lewini,-35.75,150.26,2013,3,20,25,40,-36_150,19.254231770833332,23.01721954345703,19.663973696106915,21.22838666362147,2007,Batemans Marine Park,0
Dinolestes lewini,-35.75,150.26,2013,3,20,30,50,-36_150,19.254231770833332,23.01721954345703,19.663973696106915,21.22838666362147,2007,Batemans Marine Park,0
Dinolestes lewini,-35.75,150.26,2013,3,20,35,30,-36_150,19.254231770833332,23.01721954345703,19.663973696106915,21.22838666362147,2007,Batemans Marine Park,0
Dinolestes lewini,-35.75,150.26,2013,3,20,40,2,-36_150,19.254231770833332,23.01721954345703,19.663973696106915,21.22838666362147,2007,Batemans Marine Park,0
Dinolestes lewini,-35.5,150.4,2013,3,26,15,1,-36_150,19.254231770833332,23.01721954345703,19.663973696106915,21.22838666362147,NA,NA,0
Dinolestes lewini,-32.74,152.19,2013,7,13,35,2,-33_152,21.45964765548706,18.89624786376953,21.34589705349317,19.133198445843114,NA,NA,0
Dinolestes lewini,-32.74,152.19,2013,7,13,40,5,-33_152,21.45964765548706,18.89624786376953,21.34589705349317,19.133198445843114,NA,NA,0
Dinolestes lewini,-32.74,152.19,2013,7,13,30,1,-33_152,21.45964765548706,18.89624786376953,21.34589705349317,19.133198445843114,NA,NA,0
Dinolestes lewini,-32.79,152.11,2013,7,17,20,1,-33_152,21.45964765548706,18.89624786376953,21.34589705349317,19.133198445843114,NA,NA,0
Dinolestes lewini,-32.71,152.23,2013,7,5,25,1,-33_152,21.45964765548706,18.89624786376953,21.34589705349317,19.133198445843114,NA,NA,0
Dinolestes lewini,-32.71,152.23,2013,7,5,35,2,-33_152,21.45964765548706,18.89624786376953,21.34589705349317,19.133198445843114,NA,NA,0
Dinolestes lewini,-32.74,152.2,2013,6,1,30,3,-33_152,21.45964765548706,19.30000686645508,21.34589705349317,19.50158282915751,NA,NA,0
Dinolestes lewini,-32.74,152.2,2013,6,1,30,10,-33_152,21.45964765548706,19.30000686645508,21.34589705349317,19.50158282915751,NA,NA,0
Dinolestes lewini,-32.71,152.15,2013,4,20,35,22,-33_152,21.45964765548706,23.543062210083008,21.34589705349317,23.738610543145075,1983,Fly Point-Halifax Park,1
Dinolestes lewini,-35.99,150.16,2012,5,24,30,2,-36_150,18.585016886393227,18.757349014282227,18.36202437157773,18.992257630953223,2007,Batemans Marine Park,0
Dinolestes lewini,-35.99,150.16,2012,5,24,35,3,-36_150,18.585016886393227,18.757349014282227,18.36202437157773,18.992257630953223,2007,Batemans Marine Park,0
Dinolestes lewini,-36.01,150.17,2012,5,26,20,3,-36_150,18.585016886393227,18.757349014282227,18.36202437157773,18.992257630953223,2007,Batemans Marine Park,0
Dinolestes lewini,-35.91,150.16,2012,5,26,35,1,-36_150,18.585016886393227,18.757349014282227,18.36202437157773,18.992257630953223,NA,NA,0
Dinolestes lewini,-35.91,150.16,2012,5,26,30,1,-36_150,18.585016886393227,18.757349014282227,18.36202437157773,18.992257630953223,NA,NA,0
Dinolestes lewini,-36.09,150.15,2012,6,1,25,20,-36_150,18.585016886393227,17.029645919799805,18.36202437157773,16.83511078622606,NA,NA,0
Dinolestes lewini,-36.14,150.13,2012,7,9,12.5,1,-36_150,18.585016886393227,15.718505859375,18.36202437157773,15.507526536141672,NA,NA,0
Dinolestes lewini,-36.14,150.13,2012,7,9,20,1,-36_150,18.585016886393227,15.718505859375,18.36202437157773,15.507526536141672,NA,NA,0
Dinolestes lewini,-36.14,150.13,2012,7,9,20,19,-36_150,18.585016886393227,15.718505859375,18.36202437157773,15.507526536141672,NA,NA,0
Dinolestes lewini,-36.14,150.13,2012,7,9,25,19,-36_150,18.585016886393227,15.718505859375,18.36202437157773,15.507526536141672,NA,NA,0
Dinolestes lewini,-36.42,150.08,2012,3,31,12.5,1,-36_150,18.585016886393227,21.22326278686523,18.36202437157773,21.221236013597057,NA,NA,0
Dinolestes lewini,-36.42,150.08,2012,3,31,15,2,-36_150,18.585016886393227,21.22326278686523,18.36202437157773,21.221236013597057,NA,NA,0
Dinolestes lewini,-36.42,150.08,2012,3,31,40,1,-36_150,18.585016886393227,21.22326278686523,18.36202437157773,21.221236013597057,NA,NA,0
Dinolestes lewini,-36.42,150.08,2012,3,31,15,3,-36_150,18.585016886393227,21.22326278686523,18.36202437157773,21.221236013597057,NA,NA,0
Dinolestes lewini,-32.74,152.19,2013,5,11,25,3,-33_152,21.45964765548706,21.668472290039063,21.34589705349317,22.31215003228957,NA,NA,0
Dinolestes lewini,-32.74,152.19,2013,5,11,25,2,-33_152,21.45964765548706,21.668472290039063,21.34589705349317,22.31215003228957,NA,NA,0
Dinolestes lewini,-32.74,152.19,2013,5,11,30,3,-33_152,21.45964765548706,21.668472290039063,21.34589705349317,22.31215003228957,NA,NA,0
Dinolestes lewini,-32.71,152.15,2013,6,22,20,20,-33_152,21.45964765548706,19.30000686645508,21.34589705349317,19.50158282915751,1983,Fly Point-Halifax Park,1
Dinolestes lewini,-35.08,150.8,2013,4,7,25,1,-35_151,20.181976318359375,22.86660385131836,20.7130484983119,22.522332763671876,2002,Jervis Bay Marine Park,1
Dinolestes lewini,-35.08,150.78,2013,4,7,15,1,-35_151,20.181976318359375,22.86660385131836,20.7130484983119,22.522332763671876,NA,NA,0
Dinolestes lewini,-35.13,150.73,2013,4,4,12.5,1,-35_151,20.181976318359375,22.86660385131836,20.7130484983119,22.522332763671876,NA,NA,0
Dinolestes lewini,-35.13,150.73,2013,4,4,15,1,-35_151,20.181976318359375,22.86660385131836,20.7130484983119,22.522332763671876,NA,NA,0
Dinolestes lewini,-35.13,150.73,2013,4,4,15,1,-35_151,20.181976318359375,22.86660385131836,20.7130484983119,22.522332763671876,NA,NA,0
Dinolestes lewini,-35.13,150.73,2013,4,4,10,3,-35_151,20.181976318359375,22.86660385131836,20.7130484983119,22.522332763671876,NA,NA,0
Dinolestes lewini,-35.13,150.73,2013,4,4,12.5,15,-35_151,20.181976318359375,22.86660385131836,20.7130484983119,22.522332763671876,NA,NA,0
Dinolestes lewini,-35.12,150.75,2013,4,5,15,2,-35_151,20.181976318359375,22.86660385131836,20.7130484983119,22.522332763671876,NA,NA,0
Dinolestes lewini,-35.12,150.75,2013,4,5,20,1,-35_151,20.181976318359375,22.86660385131836,20.7130484983119,22.522332763671876,NA,NA,0
Dinolestes lewini,-35.12,150.75,2013,4,5,12.5,21,-35_151,20.181976318359375,22.86660385131836,20.7130484983119,22.522332763671876,NA,NA,0
Dinolestes lewini,-35.12,150.75,2013,4,5,12.5,2,-35_151,20.181976318359375,22.86660385131836,20.7130484983119,22.522332763671876,NA,NA,0
Dinolestes lewini,-35.07,150.7,2013,4,5,10,1,-35_151,20.181976318359375,22.86660385131836,20.7130484983119,22.522332763671876,NA,NA,0
Dinolestes lewini,-35.07,150.7,2013,4,5,25,1,-35_151,20.181976318359375,22.86660385131836,20.7130484983119,22.522332763671876,NA,NA,0
Dinolestes lewini,-35.07,150.77,2013,4,6,12.5,2,-35_151,20.181976318359375,22.86660385131836,20.7130484983119,22.522332763671876,2002,Jervis Bay Marine Park,1
Dinolestes lewini,-35.07,150.77,2013,4,6,15,1,-35_151,20.181976318359375,22.86660385131836,20.7130484983119,22.522332763671876,2002,Jervis Bay Marine Park,1
Dinolestes lewini,-35.11,150.77,2013,4,8,12.5,3,-35_151,20.181976318359375,22.86660385131836,20.7130484983119,22.522332763671876,2002,Booderee National Park,1
Dinolestes lewini,-35.11,150.77,2013,4,8,20,10,-35_151,20.181976318359375,22.86660385131836,20.7130484983119,22.522332763671876,2002,Booderee National Park,1
Dinolestes lewini,-35.11,150.77,2013,4,8,25,2,-35_151,20.181976318359375,22.86660385131836,20.7130484983119,22.522332763671876,2002,Booderee National Park,1
Dinolestes lewini,-35.13,150.73,2013,4,4,12.5,15,-35_151,20.181976318359375,22.86660385131836,20.7130484983119,22.522332763671876,NA,NA,0
Dinolestes lewini,-35.13,150.73,2013,4,4,30,15,-35_151,20.181976318359375,22.86660385131836,20.7130484983119,22.522332763671876,NA,NA,0
Dinolestes lewini,-35.13,150.73,2013,4,4,35,5,-35_151,20.181976318359375,22.86660385131836,20.7130484983119,22.522332763671876,NA,NA,0
Dinolestes lewini,-35.13,150.73,2013,4,4,12.5,8,-35_151,20.181976318359375,22.86660385131836,20.7130484983119,22.522332763671876,NA,NA,0
Dinolestes lewini,-35.13,150.73,2013,4,4,30,10,-35_151,20.181976318359375,22.86660385131836,20.7130484983119,22.522332763671876,NA,NA,0
Dinolestes lewini,-35.13,150.73,2013,4,4,35,2,-35_151,20.181976318359375,22.86660385131836,20.7130484983119,22.522332763671876,NA,NA,0
Dinolestes lewini,-35.12,150.75,2013,4,5,12.5,10,-35_151,20.181976318359375,22.86660385131836,20.7130484983119,22.522332763671876,NA,NA,0
Dinolestes lewini,-35.12,150.75,2013,4,5,20,2,-35_151,20.181976318359375,22.86660385131836,20.7130484983119,22.522332763671876,NA,NA,0
Dinolestes lewini,-35.12,150.75,2013,4,5,12.5,5,-35_151,20.181976318359375,22.86660385131836,20.7130484983119,22.522332763671876,NA,NA,0
Dinolestes lewini,-35.07,150.7,2013,4,5,12.5,10,-35_151,20.181976318359375,22.86660385131836,20.7130484983119,22.522332763671876,NA,NA,0
Dinolestes lewini,-35.07,150.7,2013,4,5,12.5,5,-35_151,20.181976318359375,22.86660385131836,20.7130484983119,22.522332763671876,NA,NA,0
Dinolestes lewini,-35.07,150.77,2013,4,6,20,1,-35_151,20.181976318359375,22.86660385131836,20.7130484983119,22.522332763671876,2002,Jervis Bay Marine Park,1
Dinolestes lewini,-35.07,150.77,2013,4,6,10,2,-35_151,20.181976318359375,22.86660385131836,20.7130484983119,22.522332763671876,2002,Jervis Bay Marine Park,1
Dinolestes lewini,-35.07,150.77,2013,4,6,20,2,-35_151,20.181976318359375,22.86660385131836,20.7130484983119,22.522332763671876,2002,Jervis Bay Marine Park,1
Dinolestes lewini,-35.06,150.77,2013,4,6,10,5,-35_151,20.181976318359375,22.86660385131836,20.7130484983119,22.522332763671876,2002,Jervis Bay Marine Park,1
Dinolestes lewini,-35.06,150.77,2013,4,6,15,10,-35_151,20.181976318359375,22.86660385131836,20.7130484983119,22.522332763671876,2002,Jervis Bay Marine Park,1
Dinolestes lewini,-35.06,150.77,2013,4,6,30,2,-35_151,20.181976318359375,22.86660385131836,20.7130484983119,22.522332763671876,2002,Jervis Bay Marine Park,1
Dinolestes lewini,-35.06,150.77,2013,4,6,10,2,-35_151,20.181976318359375,22.86660385131836,20.7130484983119,22.522332763671876,2002,Jervis Bay Marine Park,1
Dinolestes lewini,-35.06,150.77,2013,4,6,15,6,-35_151,20.181976318359375,22.86660385131836,20.7130484983119,22.522332763671876,2002,Jervis Bay Marine Park,1
Dinolestes lewini,-35.07,150.77,2013,4,6,10,2,-35_151,20.181976318359375,22.86660385131836,20.7130484983119,22.522332763671876,2002,Jervis Bay Marine Park,1
Dinolestes lewini,-35.07,150.77,2013,4,6,15,1,-35_151,20.181976318359375,22.86660385131836,20.7130484983119,22.522332763671876,2002,Jervis Bay Marine Park,1
Dinolestes lewini,-35.07,150.77,2013,4,6,20,1,-35_151,20.181976318359375,22.86660385131836,20.7130484983119,22.522332763671876,2002,Jervis Bay Marine Park,1
Dinolestes lewini,-35.08,150.79,2013,4,7,15,2,-35_151,20.181976318359375,22.86660385131836,20.7130484983119,22.522332763671876,2002,Jervis Bay Marine Park,1
Dinolestes lewini,-35.08,150.8,2013,4,7,25,30,-35_151,20.181976318359375,22.86660385131836,20.7130484983119,22.522332763671876,2002,Jervis Bay Marine Park,1
Dinolestes lewini,-35.08,150.78,2013,4,7,12.5,2,-35_151,20.181976318359375,22.86660385131836,20.7130484983119,22.522332763671876,NA,NA,0
Dinolestes lewini,-35.12,150.76,2013,4,8,12.5,2,-35_151,20.181976318359375,22.86660385131836,20.7130484983119,22.522332763671876,2002,Booderee National Park,1
Dinolestes lewini,-35.12,150.76,2013,4,8,25,1,-35_151,20.181976318359375,22.86660385131836,20.7130484983119,22.522332763671876,2002,Booderee National Park,1
Dinolestes lewini,-35.12,150.76,2013,4,8,25,2,-35_151,20.181976318359375,22.86660385131836,20.7130484983119,22.522332763671876,2002,Booderee National Park,1
Dinolestes lewini,-35.11,150.77,2013,4,8,15,1,-35_151,20.181976318359375,22.86660385131836,20.7130484983119,22.522332763671876,2002,Booderee National Park,1
Dinolestes lewini,-35.11,150.77,2013,4,8,15,2,-35_151,20.181976318359375,22.86660385131836,20.7130484983119,22.522332763671876,2002,Booderee National Park,1
Dinolestes lewini,-35.07,150.7,2013,4,5,12.5,2,-35_151,20.181976318359375,22.86660385131836,20.7130484983119,22.522332763671876,NA,NA,0
Dinolestes lewini,-35.06,150.77,2013,4,6,15,1,-35_151,20.181976318359375,22.86660385131836,20.7130484983119,22.522332763671876,2002,Jervis Bay Marine Park,1
Dinolestes lewini,-35.06,150.77,2013,4,6,20,1,-35_151,20.181976318359375,22.86660385131836,20.7130484983119,22.522332763671876,2002,Jervis Bay Marine Park,1
Dinolestes lewini,-35.06,150.77,2013,4,6,7.5,200,-35_151,20.181976318359375,22.86660385131836,20.7130484983119,22.522332763671876,2002,Jervis Bay Marine Park,1
Dinolestes lewini,-35.07,150.77,2013,4,6,10,3,-35_151,20.181976318359375,22.86660385131836,20.7130484983119,22.522332763671876,2002,Jervis Bay Marine Park,1
Dinolestes lewini,-35.08,150.79,2013,4,7,25,2,-35_151,20.181976318359375,22.86660385131836,20.7130484983119,22.522332763671876,2002,Jervis Bay Marine Park,1
Dinolestes lewini,-35.08,150.78,2013,4,7,12.5,25,-35_151,20.181976318359375,22.86660385131836,20.7130484983119,22.522332763671876,NA,NA,0
Dinolestes lewini,-35.08,150.78,2013,4,7,12.5,3,-35_151,20.181976318359375,22.86660385131836,20.7130484983119,22.522332763671876,NA,NA,0
Dinolestes lewini,-35.12,150.76,2013,4,8,12.5,2,-35_151,20.181976318359375,22.86660385131836,20.7130484983119,22.522332763671876,2002,Booderee National Park,1
Dinolestes lewini,-35.12,150.76,2013,4,8,35,1,-35_151,20.181976318359375,22.86660385131836,20.7130484983119,22.522332763671876,2002,Booderee National Park,1
Dinolestes lewini,-35.11,150.77,2013,4,8,7.5,1,-35_151,20.181976318359375,22.86660385131836,20.7130484983119,22.522332763671876,2002,Booderee National Park,1
Dinolestes lewini,-35.11,150.77,2013,4,8,10,1,-35_151,20.181976318359375,22.86660385131836,20.7130484983119,22.522332763671876,2002,Booderee National Park,1
Dinolestes lewini,-35.11,150.77,2013,4,8,7.5,2,-35_151,20.181976318359375,22.86660385131836,20.7130484983119,22.522332763671876,2002,Booderee National Park,1
Dinolestes lewini,-35.11,150.77,2013,4,8,10,3,-35_151,20.181976318359375,22.86660385131836,20.7130484983119,22.522332763671876,2002,Booderee National Park,1
Dinolestes lewini,-35.11,150.77,2013,4,8,7.5,1,-35_151,20.181976318359375,22.86660385131836,20.7130484983119,22.522332763671876,2002,Booderee National Park,1
Dinolestes lewini,-35.12,150.75,2013,4,5,10,11,-35_151,20.181976318359375,22.86660385131836,20.7130484983119,22.522332763671876,NA,NA,0
Dinolestes lewini,-35.12,150.75,2013,4,5,7.5,1,-35_151,20.181976318359375,22.86660385131836,20.7130484983119,22.522332763671876,NA,NA,0
Dinolestes lewini,-35.12,150.75,2013,4,5,10,25,-35_151,20.181976318359375,22.86660385131836,20.7130484983119,22.522332763671876,NA,NA,0
Dinolestes lewini,-35.07,150.77,2013,4,6,10,1,-35_151,20.181976318359375,22.86660385131836,20.7130484983119,22.522332763671876,2002,Jervis Bay Marine Park,1
Dinolestes lewini,-35.07,150.77,2013,4,6,12.5,1,-35_151,20.181976318359375,22.86660385131836,20.7130484983119,22.522332763671876,2002,Jervis Bay Marine Park,1
Dinolestes lewini,-35.08,150.78,2013,4,7,7.5,1,-35_151,20.181976318359375,22.86660385131836,20.7130484983119,22.522332763671876,NA,NA,0
Dinolestes lewini,-35.08,150.79,2013,4,7,35,1,-35_151,20.181976318359375,22.86660385131836,20.7130484983119,22.522332763671876,2002,Jervis Bay Marine Park,1
Dinolestes lewini,-35.13,150.75,2013,4,9,15,1,-35_151,20.181976318359375,22.86660385131836,20.7130484983119,22.522332763671876,NA,NA,0
Dinolestes lewini,-35.13,150.75,2013,4,9,20,1,-35_151,20.181976318359375,22.86660385131836,20.7130484983119,22.522332763671876,NA,NA,0
Dinolestes lewini,-35.13,150.75,2013,4,9,7.5,2,-35_151,20.181976318359375,22.86660385131836,20.7130484983119,22.522332763671876,NA,NA,0
Dinolestes lewini,-33.82,151.29,2014,5,24,35,1,-34_151,20.82452170054118,21.748912811279297,20.786031686481426,22.462257585217877,NA,NA,0
Dinolestes lewini,-43.06,147.95,2014,2,17,20,1,-43_148,14.303572098414103,16.352991104125977,14.689382322168449,16.7692138842174,NA,NA,0
Dinolestes lewini,-42.6,148.05,2014,2,15,20,10,-43_148,14.303572098414103,16.352991104125977,14.689382322168449,16.7692138842174,NA,NA,0
Dinolestes lewini,-42.65,148.16,2014,2,16,25,9,-43_148,14.303572098414103,16.352991104125977,14.689382322168449,16.7692138842174,NA,NA,0
Dinolestes lewini,-32.62,152.32,2013,8,25,25,2,-33_152,21.45964765548706,18.758403778076172,21.34589705349317,19.24405869104529,NA,NA,0
Dinolestes lewini,-32.62,152.32,2013,8,25,30,23,-33_152,21.45964765548706,18.758403778076172,21.34589705349317,19.24405869104529,NA,NA,0
Dinolestes lewini,-32.62,152.32,2013,8,25,35,20,-33_152,21.45964765548706,18.758403778076172,21.34589705349317,19.24405869104529,NA,NA,0
Dinolestes lewini,-32.74,152.19,2013,9,1,30,22,-33_152,21.45964765548706,19.87598419189453,21.34589705349317,20.359721766577827,NA,NA,0
Dinolestes lewini,-35.05,150.84,2014,11,26,20,1,-35_151,20.289591471354168,19.464183807373047,20.577620574345175,20.056777233547635,NA,NA,0
Dinolestes lewini,-35.05,150.84,2014,11,26,10,1,-35_151,20.289591471354168,19.464183807373047,20.577620574345175,20.056777233547635,NA,NA,0
Dinolestes lewini,-35.05,150.84,2014,12,6,20,1,-35_151,20.289591471354168,21.467601776123047,20.577620574345175,21.13623604723202,NA,NA,0
Dinolestes lewini,-35.05,150.84,2014,12,6,12.5,1,-35_151,20.289591471354168,21.467601776123047,20.577620574345175,21.13623604723202,NA,NA,0
Dinolestes lewini,-35.05,150.84,2014,11,26,15,1,-35_151,20.289591471354168,19.464183807373047,20.577620574345175,20.056777233547635,NA,NA,0
Dinolestes lewini,-35.05,150.84,2014,12,6,15,120,-35_151,20.289591471354168,21.467601776123047,20.577620574345175,21.13623604723202,NA,NA,0
Dinolestes lewini,-35.05,150.84,2014,12,6,20,1,-35_151,20.289591471354168,21.467601776123047,20.577620574345175,21.13623604723202,NA,NA,0
Dinolestes lewini,-35.05,150.84,2014,12,6,7.5,15,-35_151,20.289591471354168,21.467601776123047,20.577620574345175,21.13623604723202,NA,NA,0
Dinolestes lewini,-35.05,150.84,2014,12,6,10,30,-35_151,20.289591471354168,21.467601776123047,20.577620574345175,21.13623604723202,NA,NA,0
Dinolestes lewini,-35.05,150.84,2014,12,6,12.5,5,-35_151,20.289591471354168,21.467601776123047,20.577620574345175,21.13623604723202,NA,NA,0
Dinolestes lewini,-35.03,150.84,2014,12,3,20,11,-35_151,20.289591471354168,21.467601776123047,20.577620574345175,21.13623604723202,NA,NA,0
Dinolestes lewini,-35.03,150.84,2014,12,3,25,1,-35_151,20.289591471354168,21.467601776123047,20.577620574345175,21.13623604723202,NA,NA,0
Dinolestes lewini,-35.03,150.84,2014,12,3,30,1,-35_151,20.289591471354168,21.467601776123047,20.577620574345175,21.13623604723202,NA,NA,0
Dinolestes lewini,-35.03,150.84,2014,12,3,20,1,-35_151,20.289591471354168,21.467601776123047,20.577620574345175,21.13623604723202,NA,NA,0
Dinolestes lewini,-35.03,150.84,2014,11,26,15,1,-35_151,20.289591471354168,19.464183807373047,20.577620574345175,20.056777233547635,NA,NA,0
Dinolestes lewini,-35.03,150.84,2014,11,26,20,1,-35_151,20.289591471354168,19.464183807373047,20.577620574345175,20.056777233547635,NA,NA,0
Dinolestes lewini,-35.03,150.85,2014,12,3,20,5,-35_151,20.289591471354168,21.467601776123047,20.577620574345175,21.13623604723202,NA,NA,0
Dinolestes lewini,-35.14,150.77,2014,12,4,15,1,-35_151,20.289591471354168,21.467601776123047,20.577620574345175,21.13623604723202,NA,NA,0
Dinolestes lewini,-35.03,150.85,2014,11,29,12.5,2,-35_151,20.289591471354168,19.464183807373047,20.577620574345175,20.056777233547635,NA,NA,0
Dinolestes lewini,-35.03,150.85,2014,11,29,20,1,-35_151,20.289591471354168,19.464183807373047,20.577620574345175,20.056777233547635,NA,NA,0
Dinolestes lewini,-35.06,150.84,2014,12,6,25,1,-35_151,20.289591471354168,21.467601776123047,20.577620574345175,21.13623604723202,NA,NA,0
Dinolestes lewini,-35.14,150.77,2014,12,4,20,1,-35_151,20.289591471354168,21.467601776123047,20.577620574345175,21.13623604723202,NA,NA,0
Dinolestes lewini,-35.14,150.77,2014,12,4,25,8,-35_151,20.289591471354168,21.467601776123047,20.577620574345175,21.13623604723202,NA,NA,0
Dinolestes lewini,-35.14,150.77,2014,12,4,20,6,-35_151,20.289591471354168,21.467601776123047,20.577620574345175,21.13623604723202,NA,NA,0
Dinolestes lewini,-35.2,150.7,2014,12,4,20,1,-35_151,20.289591471354168,21.467601776123047,20.577620574345175,21.13623604723202,2002,Jervis Bay Marine Park,1
Dinolestes lewini,-35.2,150.7,2014,12,4,25,1,-35_151,20.289591471354168,21.467601776123047,20.577620574345175,21.13623604723202,2002,Jervis Bay Marine Park,1
Dinolestes lewini,-35.2,150.7,2014,12,4,20,15,-35_151,20.289591471354168,21.467601776123047,20.577620574345175,21.13623604723202,2002,Jervis Bay Marine Park,1
Dinolestes lewini,-35.2,150.7,2014,12,4,25,28,-35_151,20.289591471354168,21.467601776123047,20.577620574345175,21.13623604723202,2002,Jervis Bay Marine Park,1
Dinolestes lewini,-35.2,150.7,2014,12,4,12.5,5,-35_151,20.289591471354168,21.467601776123047,20.577620574345175,21.13623604723202,2002,Jervis Bay Marine Park,1
Dinolestes lewini,-35.2,150.7,2014,12,4,15,30,-35_151,20.289591471354168,21.467601776123047,20.577620574345175,21.13623604723202,2002,Jervis Bay Marine Park,1
Dinolestes lewini,-35.2,150.7,2014,12,4,20,30,-35_151,20.289591471354168,21.467601776123047,20.577620574345175,21.13623604723202,2002,Jervis Bay Marine Park,1
Dinolestes lewini,-35.2,150.7,2014,12,4,25,20,-35_151,20.289591471354168,21.467601776123047,20.577620574345175,21.13623604723202,2002,Jervis Bay Marine Park,1
Dinolestes lewini,-35.2,150.7,2014,12,4,30,25,-35_151,20.289591471354168,21.467601776123047,20.577620574345175,21.13623604723202,2002,Jervis Bay Marine Park,1
Dinolestes lewini,-35.2,150.7,2014,12,4,25,8,-35_151,20.289591471354168,21.467601776123047,20.577620574345175,21.13623604723202,2002,Jervis Bay Marine Park,1
Dinolestes lewini,-35.2,150.7,2014,12,4,15,4,-35_151,20.289591471354168,21.467601776123047,20.577620574345175,21.13623604723202,2002,Jervis Bay Marine Park,1
Dinolestes lewini,-35.2,150.7,2014,12,4,20,62,-35_151,20.289591471354168,21.467601776123047,20.577620574345175,21.13623604723202,2002,Jervis Bay Marine Park,1
Dinolestes lewini,-35.06,150.84,2014,12,6,15,6,-35_151,20.289591471354168,21.467601776123047,20.577620574345175,21.13623604723202,NA,NA,0
Dinolestes lewini,-35.06,150.84,2014,11,29,30,1,-35_151,20.289591471354168,19.464183807373047,20.577620574345175,20.056777233547635,NA,NA,0
Dinolestes lewini,-35.06,150.84,2014,11,29,20,5,-35_151,20.289591471354168,19.464183807373047,20.577620574345175,20.056777233547635,NA,NA,0
Dinolestes lewini,-35.06,150.84,2014,11,29,12.5,1,-35_151,20.289591471354168,19.464183807373047,20.577620574345175,20.056777233547635,NA,NA,0
Dinolestes lewini,-35.06,150.84,2014,11,29,15,3,-35_151,20.289591471354168,19.464183807373047,20.577620574345175,20.056777233547635,NA,NA,0
Dinolestes lewini,-35.18,150.75,2014,12,2,15,2,-35_151,20.289591471354168,21.467601776123047,20.577620574345175,21.13623604723202,NA,NA,0
Dinolestes lewini,-35.18,150.75,2014,11,24,20,1,-35_151,20.289591471354168,19.464183807373047,20.577620574345175,20.056777233547635,NA,NA,0
Dinolestes lewini,-35.18,150.75,2014,11,24,25,2,-35_151,20.289591471354168,19.464183807373047,20.577620574345175,20.056777233547635,NA,NA,0
Dinolestes lewini,-35.18,150.75,2014,11,24,15,1,-35_151,20.289591471354168,19.464183807373047,20.577620574345175,20.056777233547635,NA,NA,0
Dinolestes lewini,-35.18,150.75,2014,11,24,20,3,-35_151,20.289591471354168,19.464183807373047,20.577620574345175,20.056777233547635,NA,NA,0
Dinolestes lewini,-35.18,150.75,2014,11,24,15,1,-35_151,20.289591471354168,19.464183807373047,20.577620574345175,20.056777233547635,NA,NA,0
Dinolestes lewini,-35.18,150.75,2014,11,28,20,1,-35_151,20.289591471354168,19.464183807373047,20.577620574345175,20.056777233547635,NA,NA,0
Dinolestes lewini,-35.18,150.74,2014,12,2,15,1,-35_151,20.289591471354168,21.467601776123047,20.577620574345175,21.13623604723202,NA,NA,0
Dinolestes lewini,-35.18,150.74,2014,12,2,20,2,-35_151,20.289591471354168,21.467601776123047,20.577620574345175,21.13623604723202,NA,NA,0
Dinolestes lewini,-35.18,150.74,2014,12,2,25,2,-35_151,20.289591471354168,21.467601776123047,20.577620574345175,21.13623604723202,NA,NA,0
Dinolestes lewini,-35.18,150.74,2014,12,2,12.5,5,-35_151,20.289591471354168,21.467601776123047,20.577620574345175,21.13623604723202,NA,NA,0
Dinolestes lewini,-35.18,150.74,2014,12,2,20,1,-35_151,20.289591471354168,21.467601776123047,20.577620574345175,21.13623604723202,NA,NA,0
Dinolestes lewini,-35.18,150.74,2014,12,2,20,15,-35_151,20.289591471354168,21.467601776123047,20.577620574345175,21.13623604723202,NA,NA,0
Dinolestes lewini,-35.18,150.74,2014,12,2,25,5,-35_151,20.289591471354168,21.467601776123047,20.577620574345175,21.13623604723202,NA,NA,0
Dinolestes lewini,-33.8,151.27,2015,3,22,50,1,-34_151,21.010322252909344,23.785842895507813,21.160145131914785,23.37540268128918,NA,NA,0
Dinolestes lewini,-33.81,151.27,2015,3,23,25,5,-34_151,21.010322252909344,23.785842895507813,21.160145131914785,23.37540268128918,NA,NA,0
Dinolestes lewini,-33.81,151.27,2015,3,23,10,5,-34_151,21.010322252909344,23.785842895507813,21.160145131914785,23.37540268128918,NA,NA,0
Dinolestes lewini,-33.81,151.27,2015,3,23,15,10,-34_151,21.010322252909344,23.785842895507813,21.160145131914785,23.37540268128918,NA,NA,0
Dinolestes lewini,-33.81,151.27,2015,3,23,20,43,-34_151,21.010322252909344,23.785842895507813,21.160145131914785,23.37540268128918,NA,NA,0
Dinolestes lewini,-33.82,151.29,2015,3,23,30,6,-34_151,21.010322252909344,23.785842895507813,21.160145131914785,23.37540268128918,NA,NA,0
Dinolestes lewini,-35.18,150.74,2014,11,28,30,20,-35_151,20.289591471354168,19.464183807373047,20.577620574345175,20.056777233547635,NA,NA,0
Dinolestes lewini,-35.14,150.77,2014,12,4,25,9,-35_151,20.289591471354168,21.467601776123047,20.577620574345175,21.13623604723202,NA,NA,0
Dinolestes lewini,-33.85,151.27,2015,3,22,20,2,-34_151,21.010322252909344,23.785842895507813,21.160145131914785,23.37540268128918,NA,NA,0
Dinolestes lewini,-33.82,151.27,2015,3,23,25,3,-34_151,21.010322252909344,23.785842895507813,21.160145131914785,23.37540268128918,NA,NA,0
Dinolestes lewini,-33.82,151.27,2015,3,23,30,2,-34_151,21.010322252909344,23.785842895507813,21.160145131914785,23.37540268128918,NA,NA,0
Dinolestes lewini,-33.82,151.3,2015,3,20,20,1,-34_151,21.010322252909344,23.785842895507813,21.160145131914785,23.37540268128918,NA,NA,0
Dinolestes lewini,-33.81,151.27,2015,3,23,40,10,-34_151,21.010322252909344,23.785842895507813,21.160145131914785,23.37540268128918,NA,NA,0
Dinolestes lewini,-33.84,151.29,2015,3,20,30,2,-34_151,21.010322252909344,23.785842895507813,21.160145131914785,23.37540268128918,NA,NA,0
Dinolestes lewini,-33.84,151.29,2015,3,20,40,1,-34_151,21.010322252909344,23.785842895507813,21.160145131914785,23.37540268128918,NA,NA,0
Dinolestes lewini,-33.81,151.27,2015,3,23,30,2,-34_151,21.010322252909344,23.785842895507813,21.160145131914785,23.37540268128918,NA,NA,0
Dinolestes lewini,-35.14,150.77,2014,12,4,15,1,-35_151,20.289591471354168,21.467601776123047,20.577620574345175,21.13623604723202,NA,NA,0
Dinolestes lewini,-35.14,150.77,2014,12,4,20,1,-35_151,20.289591471354168,21.467601776123047,20.577620574345175,21.13623604723202,NA,NA,0
Dinolestes lewini,-35.14,150.77,2014,12,4,25,1,-35_151,20.289591471354168,21.467601776123047,20.577620574345175,21.13623604723202,NA,NA,0
Dinolestes lewini,-32.71,152.15,2015,5,23,25,1,-33_152,21.731586456298828,21.282039642333984,21.574384755366165,22.028655405967463,1983,Fly Point-Halifax Park,1
Dinolestes lewini,-32.71,152.15,2015,5,23,30,2,-33_152,21.731586456298828,21.282039642333984,21.574384755366165,22.028655405967463,1983,Fly Point-Halifax Park,1
Dinolestes lewini,-32.71,152.15,2015,5,23,35,4,-33_152,21.731586456298828,21.282039642333984,21.574384755366165,22.028655405967463,1983,Fly Point-Halifax Park,1
Dinolestes lewini,-32.71,152.15,2015,5,23,15,2,-33_152,21.731586456298828,21.282039642333984,21.574384755366165,22.028655405967463,1983,Fly Point-Halifax Park,1
Dinolestes lewini,-35.83,150.23,2015,3,10,12.5,3,-36_150,19.510456562042236,22.79298210144043,20.083419268512547,22.56193494284025,2007,Batemans Marine Park,0
Dinolestes lewini,-35.83,150.23,2015,3,10,15,3,-36_150,19.510456562042236,22.79298210144043,20.083419268512547,22.56193494284025,2007,Batemans Marine Park,0
Dinolestes lewini,-36.25,150.23,2015,3,30,20,2,-36_150,19.510456562042236,22.79298210144043,20.083419268512547,22.56193494284025,2007,Batemans Marine Park,0
Dinolestes lewini,-36.25,150.23,2015,3,30,25,3,-36_150,19.510456562042236,22.79298210144043,20.083419268512547,22.56193494284025,2007,Batemans Marine Park,0
Dinolestes lewini,-36.25,150.23,2015,3,30,30,3,-36_150,19.510456562042236,22.79298210144043,20.083419268512547,22.56193494284025,2007,Batemans Marine Park,0
Dinolestes lewini,-36.25,150.23,2015,3,30,25,1,-36_150,19.510456562042236,22.79298210144043,20.083419268512547,22.56193494284025,2007,Batemans Marine Park,0
Dinolestes lewini,-35.75,150.26,2015,3,29,12.5,1,-36_150,19.510456562042236,22.79298210144043,20.083419268512547,22.56193494284025,2007,Batemans Marine Park,0
Dinolestes lewini,-35.75,150.26,2015,3,29,15,6,-36_150,19.510456562042236,22.79298210144043,20.083419268512547,22.56193494284025,2007,Batemans Marine Park,0
Dinolestes lewini,-35.75,150.26,2015,3,29,25,1,-36_150,19.510456562042236,22.79298210144043,20.083419268512547,22.56193494284025,2007,Batemans Marine Park,0
Dinolestes lewini,-35.75,150.26,2015,3,29,30,1,-36_150,19.510456562042236,22.79298210144043,20.083419268512547,22.56193494284025,2007,Batemans Marine Park,0
Dinolestes lewini,-36.24,150.22,2015,3,30,15,1,-36_150,19.510456562042236,22.79298210144043,20.083419268512547,22.56193494284025,NA,NA,0
Dinolestes lewini,-36.24,150.22,2015,3,30,20,2,-36_150,19.510456562042236,22.79298210144043,20.083419268512547,22.56193494284025,NA,NA,0
Dinolestes lewini,-36.09,150.15,2015,3,31,25,1,-36_150,19.510456562042236,22.79298210144043,20.083419268512547,22.56193494284025,NA,NA,0
Dinolestes lewini,-36.09,150.15,2015,3,31,30,1,-36_150,19.510456562042236,22.79298210144043,20.083419268512547,22.56193494284025,NA,NA,0
Dinolestes lewini,-36.14,150.13,2015,3,31,20,30,-36_150,19.510456562042236,22.79298210144043,20.083419268512547,22.56193494284025,NA,NA,0
Dinolestes lewini,-36.14,150.13,2015,3,31,25,5,-36_150,19.510456562042236,22.79298210144043,20.083419268512547,22.56193494284025,NA,NA,0
Dinolestes lewini,-36.14,150.13,2015,3,31,15,18,-36_150,19.510456562042236,22.79298210144043,20.083419268512547,22.56193494284025,NA,NA,0
Dinolestes lewini,-36.14,150.13,2015,3,31,20,18,-36_150,19.510456562042236,22.79298210144043,20.083419268512547,22.56193494284025,NA,NA,0
Dinolestes lewini,-36.14,150.13,2015,3,31,25,14,-36_150,19.510456562042236,22.79298210144043,20.083419268512547,22.56193494284025,NA,NA,0
Dinolestes lewini,-36.42,150.08,2015,5,24,30,1,-36_150,19.510456562042236,19.730140686035156,20.083419268512547,20.160859733499507,NA,NA,0
Dinolestes lewini,-36.42,150.08,2015,5,24,20,1,-36_150,19.510456562042236,19.730140686035156,20.083419268512547,20.160859733499507,NA,NA,0
Dinolestes lewini,-36.42,150.08,2015,5,24,25,1,-36_150,19.510456562042236,19.730140686035156,20.083419268512547,20.160859733499507,NA,NA,0
Dinolestes lewini,-32.71,152.16,2015,2,20,30,30,-33_152,21.731586456298828,25.0125732421875,21.574384755366165,24.294880429903667,1983,Fly Point-Halifax Park,1
Dinolestes lewini,-32.74,152.19,2015,3,9,25,37,-33_152,21.731586456298828,24.244062423706055,21.574384755366165,23.632902637604744,NA,NA,0
Dinolestes lewini,-32.74,152.19,2015,3,9,30,20,-33_152,21.731586456298828,24.244062423706055,21.574384755366165,23.632902637604744,NA,NA,0
Dinolestes lewini,-32.71,152.23,2015,3,20,25,2,-33_152,21.731586456298828,24.244062423706055,21.574384755366165,23.632902637604744,NA,NA,0
Dinolestes lewini,-32.71,152.23,2015,3,20,40,1,-33_152,21.731586456298828,24.244062423706055,21.574384755366165,23.632902637604744,NA,NA,0
Dinolestes lewini,-32.71,152.23,2015,3,20,30,1,-33_152,21.731586456298828,24.244062423706055,21.574384755366165,23.632902637604744,NA,NA,0
Dinolestes lewini,-32.71,152.15,2013,9,20,30,2,-33_152,21.45964765548706,19.87598419189453,21.34589705349317,20.359721766577827,1983,Fly Point-Halifax Park,1
Dinolestes lewini,-32.74,152.2,2013,9,25,30,3,-33_152,21.45964765548706,19.87598419189453,21.34589705349317,20.359721766577827,NA,NA,0
Dinolestes lewini,-32.71,152.15,2013,9,20,20,40,-33_152,21.45964765548706,19.87598419189453,21.34589705349317,20.359721766577827,1983,Fly Point-Halifax Park,1
Dinolestes lewini,-32.71,152.15,2013,9,20,25,50,-33_152,21.45964765548706,19.87598419189453,21.34589705349317,20.359721766577827,1983,Fly Point-Halifax Park,1
Dinolestes lewini,-32.71,152.15,2013,9,20,30,45,-33_152,21.45964765548706,19.87598419189453,21.34589705349317,20.359721766577827,1983,Fly Point-Halifax Park,1
Dinolestes lewini,-33.8,151.3,2014,8,9,35,7,-34_151,20.82452170054118,18.057130813598633,20.786031686481426,17.516128663093813,2002,Cabbage Tree Bay Aquatic Reserve,1
Dinolestes lewini,-33.8,151.3,2014,8,9,40,2,-34_151,20.82452170054118,18.057130813598633,20.786031686481426,17.516128663093813,2002,Cabbage Tree Bay Aquatic Reserve,1
Dinolestes lewini,-33.8,151.29,2014,11,28,30,10,-34_151,20.82452170054118,20.251184463500977,20.786031686481426,20.388916126887004,2002,Cabbage Tree Bay Aquatic Reserve,1
Dinolestes lewini,-33.74,151.31,2014,7,30,25,1,-34_151,20.82452170054118,17.762460708618164,20.786031686481426,17.825806017844908,NA,NA,0
Dinolestes lewini,-33.84,151.28,2014,12,20,25,5,-34_151,20.82452170054118,22.184375762939453,20.786031686481426,21.52741898259809,NA,NA,0
Dinolestes lewini,-33.84,151.28,2014,12,20,15,2,-34_151,20.82452170054118,22.184375762939453,20.786031686481426,21.52741898259809,NA,NA,0
Dinolestes lewini,-33.82,151.29,2014,5,24,12.5,1,-34_151,20.82452170054118,21.748912811279297,20.786031686481426,22.462257585217877,NA,NA,0
Dinolestes lewini,-33.8,151.28,2014,4,9,7.5,25,-34_151,20.82452170054118,23.294639587402344,20.786031686481426,23.608249568939208,NA,NA,0
Dinolestes lewini,-33.8,151.28,2014,4,9,10,25,-34_151,20.82452170054118,23.294639587402344,20.786031686481426,23.608249568939208,NA,NA,0
Dinolestes lewini,-33.8,151.28,2014,4,9,12.5,25,-34_151,20.82452170054118,23.294639587402344,20.786031686481426,23.608249568939208,NA,NA,0
Dinolestes lewini,-33.8,151.28,2014,4,9,15,25,-34_151,20.82452170054118,23.294639587402344,20.786031686481426,23.608249568939208,NA,NA,0
Dinolestes lewini,-33.8,151.27,2014,11,5,7.5,30,-34_151,20.82452170054118,20.251184463500977,20.786031686481426,20.388916126887004,NA,NA,0
Dinolestes lewini,-33.8,151.27,2014,11,5,10,30,-34_151,20.82452170054118,20.251184463500977,20.786031686481426,20.388916126887004,NA,NA,0
Dinolestes lewini,-33.8,151.27,2014,11,5,2.5,75,-34_151,20.82452170054118,20.251184463500977,20.786031686481426,20.388916126887004,NA,NA,0
Dinolestes lewini,-32.71,152.15,2016,4,24,20,1,-33_152,21.81423552831014,23.78778839111328,21.811778390656066,23.117805004119873,1983,Fly Point-Halifax Park,1
Dinolestes lewini,-32.71,152.15,2016,4,24,25,15,-33_152,21.81423552831014,23.78778839111328,21.811778390656066,23.117805004119873,1983,Fly Point-Halifax Park,1
Dinolestes lewini,-32.71,152.15,2016,4,24,15,2,-33_152,21.81423552831014,23.78778839111328,21.811778390656066,23.117805004119873,1983,Fly Point-Halifax Park,1
Dinolestes lewini,-32.71,152.15,2016,4,24,20,22,-33_152,21.81423552831014,23.78778839111328,21.811778390656066,23.117805004119873,1983,Fly Point-Halifax Park,1
Dinolestes lewini,-32.71,152.15,2016,4,24,25,120,-33_152,21.81423552831014,23.78778839111328,21.811778390656066,23.117805004119873,1983,Fly Point-Halifax Park,1
Dinolestes lewini,-32.71,152.16,2016,4,23,30,30,-33_152,21.81423552831014,23.78778839111328,21.811778390656066,23.117805004119873,1983,Fly Point-Halifax Park,1
Dinolestes lewini,-32.71,152.16,2016,4,23,20,5,-33_152,21.81423552831014,23.78778839111328,21.811778390656066,23.117805004119873,1983,Fly Point-Halifax Park,1
Dinolestes lewini,-32.71,152.15,2016,4,24,25,20,-33_152,21.81423552831014,23.78778839111328,21.811778390656066,23.117805004119873,1983,Fly Point-Halifax Park,1
Dinolestes lewini,-32.71,152.15,2016,4,24,30,30,-33_152,21.81423552831014,23.78778839111328,21.811778390656066,23.117805004119873,1983,Fly Point-Halifax Park,1
Dinolestes lewini,-32.74,152.19,2016,4,16,35,13,-33_152,21.81423552831014,23.78778839111328,21.811778390656066,23.117805004119873,NA,NA,0
Dinolestes lewini,-32.74,152.19,2016,4,16,25,10,-33_152,21.81423552831014,23.78778839111328,21.811778390656066,23.117805004119873,NA,NA,0
Dinolestes lewini,-32.74,152.19,2016,4,16,30,10,-33_152,21.81423552831014,23.78778839111328,21.811778390656066,23.117805004119873,NA,NA,0
Dinolestes lewini,-32.74,152.19,2016,4,16,35,10,-33_152,21.81423552831014,23.78778839111328,21.811778390656066,23.117805004119873,NA,NA,0
Dinolestes lewini,-32.6,152.32,2016,4,8,20,10,-33_152,21.81423552831014,23.78778839111328,21.811778390656066,23.117805004119873,NA,NA,0
Dinolestes lewini,-32.69,152.22,2016,4,10,25,18,-33_152,21.81423552831014,23.78778839111328,21.811778390656066,23.117805004119873,NA,NA,0
Dinolestes lewini,-32.69,152.22,2016,4,10,30,2,-33_152,21.81423552831014,23.78778839111328,21.811778390656066,23.117805004119873,NA,NA,0
Dinolestes lewini,-32.71,152.15,2016,4,25,30,20,-33_152,21.81423552831014,23.78778839111328,21.811778390656066,23.117805004119873,1983,Fly Point-Halifax Park,1
Dinolestes lewini,-32.71,152.15,2016,4,25,35,10,-33_152,21.81423552831014,23.78778839111328,21.811778390656066,23.117805004119873,1983,Fly Point-Halifax Park,1
Dinolestes lewini,-32.71,152.16,2016,7,31,30,1,-33_152,21.81423552831014,19.54322624206543,21.811778390656066,20.103601706925257,1983,Fly Point-Halifax Park,1
Dinolestes lewini,-32.71,152.16,2016,7,31,25,40,-33_152,21.81423552831014,19.54322624206543,21.811778390656066,20.103601706925257,1983,Fly Point-Halifax Park,1
Dinolestes lewini,-32.74,152.19,2016,8,1,35,2,-33_152,21.81423552831014,18.692283630371097,21.811778390656066,19.28180061360841,NA,NA,0
Dinolestes lewini,-32.74,152.19,2016,8,1,40,5,-33_152,21.81423552831014,18.692283630371097,21.811778390656066,19.28180061360841,NA,NA,0
Dinolestes lewini,-32.74,152.19,2016,8,1,25,1,-33_152,21.81423552831014,18.692283630371097,21.811778390656066,19.28180061360841,NA,NA,0
Dinolestes lewini,-32.74,152.19,2016,8,1,35,5,-33_152,21.81423552831014,18.692283630371097,21.811778390656066,19.28180061360841,NA,NA,0
Dinolestes lewini,-32.74,152.19,2016,8,1,40,3,-33_152,21.81423552831014,18.692283630371097,21.811778390656066,19.28180061360841,NA,NA,0
Dinolestes lewini,-35.08,150.79,2015,2,15,35,1,-35_151,20.371203899383545,23.721220016479492,20.720872586683765,23.783332870120095,2002,Jervis Bay Marine Park,1
Dinolestes lewini,-35.09,150.8,2015,2,13,15,1,-35_151,20.371203899383545,23.721220016479492,20.720872586683765,23.783332870120095,NA,NA,0
Dinolestes lewini,-35.08,150.79,2015,2,14,30,1,-35_151,20.371203899383545,23.721220016479492,20.720872586683765,23.783332870120095,2002,Jervis Bay Marine Park,1
Dinolestes lewini,-35.12,150.71,2015,2,15,15,2,-35_151,20.371203899383545,23.721220016479492,20.720872586683765,23.783332870120095,NA,NA,0
Dinolestes lewini,-35.07,150.77,2015,2,15,7.5,7,-35_151,20.371203899383545,23.721220016479492,20.720872586683765,23.783332870120095,2002,Jervis Bay Marine Park,1
Dinolestes lewini,-35.07,150.77,2015,2,15,5,10,-35_151,20.371203899383545,23.721220016479492,20.720872586683765,23.783332870120095,2002,Jervis Bay Marine Park,1
Dinolestes lewini,-35.07,150.77,2015,2,15,7.5,10,-35_151,20.371203899383545,23.721220016479492,20.720872586683765,23.783332870120095,2002,Jervis Bay Marine Park,1
Dinolestes lewini,-35.07,150.77,2015,2,15,12.5,2,-35_151,20.371203899383545,23.721220016479492,20.720872586683765,23.783332870120095,2002,Jervis Bay Marine Park,1
Dinolestes lewini,-35.07,150.77,2015,2,15,30,1,-35_151,20.371203899383545,23.721220016479492,20.720872586683765,23.783332870120095,2002,Jervis Bay Marine Park,1
Dinolestes lewini,-35.12,150.75,2015,2,16,40,40,-35_151,20.371203899383545,23.721220016479492,20.720872586683765,23.783332870120095,NA,NA,0
Dinolestes lewini,-35.12,150.75,2015,2,16,15,3,-35_151,20.371203899383545,23.721220016479492,20.720872586683765,23.783332870120095,NA,NA,0
Dinolestes lewini,-35.12,150.75,2015,2,16,25,1,-35_151,20.371203899383545,23.721220016479492,20.720872586683765,23.783332870120095,NA,NA,0
Dinolestes lewini,-35.12,150.75,2015,2,16,30,1,-35_151,20.371203899383545,23.721220016479492,20.720872586683765,23.783332870120095,NA,NA,0
Dinolestes lewini,-35.13,150.73,2015,2,15,7.5,3,-35_151,20.371203899383545,23.721220016479492,20.720872586683765,23.783332870120095,NA,NA,0
Dinolestes lewini,-35.09,150.8,2015,2,13,20,1,-35_151,20.371203899383545,23.721220016479492,20.720872586683765,23.783332870120095,NA,NA,0
Dinolestes lewini,-35.12,150.75,2015,2,16,15,1,-35_151,20.371203899383545,23.721220016479492,20.720872586683765,23.783332870120095,NA,NA,0
Dinolestes lewini,-35.12,150.75,2015,2,16,30,1,-35_151,20.371203899383545,23.721220016479492,20.720872586683765,23.783332870120095,NA,NA,0
Dinolestes lewini,-35.11,150.77,2015,2,13,30,5,-35_151,20.371203899383545,23.721220016479492,20.720872586683765,23.783332870120095,2002,Booderee National Park,1
Dinolestes lewini,-35.09,150.69,2015,2,16,15,1,-35_151,20.371203899383545,23.721220016479492,20.720872586683765,23.783332870120095,2002,Jervis Bay Marine Park,1
Dinolestes lewini,-35.09,150.69,2015,2,16,25,1,-35_151,20.371203899383545,23.721220016479492,20.720872586683765,23.783332870120095,2002,Jervis Bay Marine Park,1
Dinolestes lewini,-35.09,150.69,2015,2,16,15,2,-35_151,20.371203899383545,23.721220016479492,20.720872586683765,23.783332870120095,2002,Jervis Bay Marine Park,1
Dinolestes lewini,-35.11,150.77,2015,2,13,15,17,-35_151,20.371203899383545,23.721220016479492,20.720872586683765,23.783332870120095,2002,Booderee National Park,1
Dinolestes lewini,-35.11,150.77,2015,2,13,20,10,-35_151,20.371203899383545,23.721220016479492,20.720872586683765,23.783332870120095,2002,Booderee National Park,1
Dinolestes lewini,-35.11,150.77,2015,2,13,25,4,-35_151,20.371203899383545,23.721220016479492,20.720872586683765,23.783332870120095,2002,Booderee National Park,1
Dinolestes lewini,-35.11,150.77,2015,2,13,35,1,-35_151,20.371203899383545,23.721220016479492,20.720872586683765,23.783332870120095,2002,Booderee National Park,1
Dinolestes lewini,-33.8,151.3,2015,4,1,35,1,-34_151,21.010322252909344,22.303985595703125,21.160145131914785,21.261166270573938,2002,Cabbage Tree Bay Aquatic Reserve,1
Dinolestes lewini,-33.8,151.3,2015,4,1,30,2,-34_151,21.010322252909344,22.303985595703125,21.160145131914785,21.261166270573938,2002,Cabbage Tree Bay Aquatic Reserve,1
Dinolestes lewini,-33.8,151.3,2015,4,1,35,2,-34_151,21.010322252909344,22.303985595703125,21.160145131914785,21.261166270573938,2002,Cabbage Tree Bay Aquatic Reserve,1
Dinolestes lewini,-33.8,151.3,2015,4,1,40,1,-34_151,21.010322252909344,22.303985595703125,21.160145131914785,21.261166270573938,2002,Cabbage Tree Bay Aquatic Reserve,1
Dinolestes lewini,-33.8,151.3,2015,1,18,20,1,-34_151,21.010322252909344,23.462162017822266,21.160145131914785,23.013144646921464,2002,Cabbage Tree Bay Aquatic Reserve,1
Dinolestes lewini,-33.8,151.3,2015,1,18,30,2,-34_151,21.010322252909344,23.462162017822266,21.160145131914785,23.013144646921464,2002,Cabbage Tree Bay Aquatic Reserve,1
Dinolestes lewini,-33.8,151.3,2015,1,18,15,1,-34_151,21.010322252909344,23.462162017822266,21.160145131914785,23.013144646921464,2002,Cabbage Tree Bay Aquatic Reserve,1
Dinolestes lewini,-32.74,152.19,2015,10,2,25,15,-33_152,21.731586456298828,21.29254150390625,21.574384755366165,20.85666624704997,NA,NA,0
Dinolestes lewini,-32.74,152.19,2015,10,2,30,1,-33_152,21.731586456298828,21.29254150390625,21.574384755366165,20.85666624704997,NA,NA,0
Dinolestes lewini,-32.74,152.19,2015,10,2,15,25,-33_152,21.731586456298828,21.29254150390625,21.574384755366165,20.85666624704997,NA,NA,0
Dinolestes lewini,-32.74,152.19,2015,10,2,20,20,-33_152,21.731586456298828,21.29254150390625,21.574384755366165,20.85666624704997,NA,NA,0
Dinolestes lewini,-32.74,152.19,2015,10,2,30,30,-33_152,21.731586456298828,21.29254150390625,21.574384755366165,20.85666624704997,NA,NA,0
Dinolestes lewini,-32.69,152.22,2015,10,6,25,3,-33_152,21.731586456298828,21.29254150390625,21.574384755366165,20.85666624704997,NA,NA,0
Dinolestes lewini,-43.11,147.98,2015,3,1,25,8,-43_148,14.463507493336996,16.31238555908203,14.687899164041372,16.962451273395168,NA,NA,0
Dinolestes lewini,-43.11,147.98,2015,3,1,15,10,-43_148,14.463507493336996,16.31238555908203,14.687899164041372,16.962451273395168,NA,NA,0
Dinolestes lewini,-32.71,152.16,2017,1,29,40,40,-33_152,21.88280153274536,24.26653289794922,21.674367571668547,23.74881669013731,1983,Fly Point-Halifax Park,1
Dinolestes lewini,-32.71,152.16,2017,1,29,30,2,-33_152,21.88280153274536,24.26653289794922,21.674367571668547,23.74881669013731,1983,Fly Point-Halifax Park,1
Dinolestes lewini,-32.71,152.16,2017,1,29,35,2,-33_152,21.88280153274536,24.26653289794922,21.674367571668547,23.74881669013731,1983,Fly Point-Halifax Park,1
Dinolestes lewini,-39.06,146.47,2017,2,25,15,3,-39_146,16.139958540598553,18.59867286682129,16.090052152780054,18.588928237793937,2002,Wilsons Promontory Marine National Park,1
Dinolestes lewini,-39.06,146.47,2017,2,25,20,3,-39_146,16.139958540598553,18.59867286682129,16.090052152780054,18.588928237793937,2002,Wilsons Promontory Marine National Park,1
Dinolestes lewini,-39.13,146.38,2017,2,25,25,1,-39_146,16.139958540598553,18.59867286682129,16.090052152780054,18.588928237793937,2002,Wilsons Promontory Marine National Park,1
Dinolestes lewini,-39.05,146.48,2017,2,24,25,5,-39_146,16.139958540598553,18.59867286682129,16.090052152780054,18.588928237793937,NA,NA,0
Dinolestes lewini,-39.05,146.48,2017,2,24,25,2,-39_146,16.139958540598553,18.59867286682129,16.090052152780054,18.588928237793937,NA,NA,0
Dinolestes lewini,-39.04,146.3,2017,2,27,30,5,-39_146,16.139958540598553,18.59867286682129,16.090052152780054,18.588928237793937,NA,NA,0
Dinolestes lewini,-39.08,146.32,2017,2,27,15,11,-39_146,16.139958540598553,18.59867286682129,16.090052152780054,18.588928237793937,2002,Wilsons Promontory Marine National Park,1
Dinolestes lewini,-39.08,146.32,2017,2,27,20,8,-39_146,16.139958540598553,18.59867286682129,16.090052152780054,18.588928237793937,2002,Wilsons Promontory Marine National Park,1
Dinolestes lewini,-39.08,146.32,2017,2,27,25,2,-39_146,16.139958540598553,18.59867286682129,16.090052152780054,18.588928237793937,2002,Wilsons Promontory Marine National Park,1
Dinolestes lewini,-38.96,146.23,2017,2,28,20,2,-39_146,16.139958540598553,18.59867286682129,16.090052152780054,18.588928237793937,NA,NA,0
Dinolestes lewini,-38.96,146.23,2017,2,28,25,2,-39_146,16.139958540598553,18.59867286682129,16.090052152780054,18.588928237793937,NA,NA,0
Dinolestes lewini,-38.96,146.23,2017,2,28,50,1,-39_146,16.139958540598553,18.59867286682129,16.090052152780054,18.588928237793937,NA,NA,0
Dinolestes lewini,-39.06,146.45,2017,2,25,25,5,-39_146,16.139958540598553,18.59867286682129,16.090052152780054,18.588928237793937,2002,Wilsons Promontory Marine National Park,1
Dinolestes lewini,-39.06,146.45,2017,2,25,35,15,-39_146,16.139958540598553,18.59867286682129,16.090052152780054,18.588928237793937,2002,Wilsons Promontory Marine National Park,1
Dinolestes lewini,-39.06,146.45,2017,2,25,40,5,-39_146,16.139958540598553,18.59867286682129,16.090052152780054,18.588928237793937,2002,Wilsons Promontory Marine National Park,1
Dinolestes lewini,-39.11,146.34,2017,2,26,12.5,2,-39_146,16.139958540598553,18.59867286682129,16.090052152780054,18.588928237793937,2002,Wilsons Promontory Marine National Park,1
Dinolestes lewini,-39.11,146.34,2017,2,26,15,1,-39_146,16.139958540598553,18.59867286682129,16.090052152780054,18.588928237793937,2002,Wilsons Promontory Marine National Park,1
Dinolestes lewini,-39.11,146.34,2017,2,26,12.5,1,-39_146,16.139958540598553,18.59867286682129,16.090052152780054,18.588928237793937,2002,Wilsons Promontory Marine National Park,1
Dinolestes lewini,-39.05,146.32,2017,2,27,25,10,-39_146,16.139958540598553,18.59867286682129,16.090052152780054,18.588928237793937,2002,Wilsons Promontory Marine National Park,1
Dinolestes lewini,-39.05,146.32,2017,2,27,30,2,-39_146,16.139958540598553,18.59867286682129,16.090052152780054,18.588928237793937,2002,Wilsons Promontory Marine National Park,1
Dinolestes lewini,-39.06,146.45,2017,2,25,35,2,-39_146,16.139958540598553,18.59867286682129,16.090052152780054,18.588928237793937,2002,Wilsons Promontory Marine National Park,1
Dinolestes lewini,-39.08,146.32,2017,2,27,20,3,-39_146,16.139958540598553,18.59867286682129,16.090052152780054,18.588928237793937,2002,Wilsons Promontory Marine National Park,1
Dinolestes lewini,-39.08,146.23,2017,2,28,15,4,-39_146,16.139958540598553,18.59867286682129,16.090052152780054,18.588928237793937,NA,NA,0
Dinolestes lewini,-39.13,146.38,2017,2,25,15,1,-39_146,16.139958540598553,18.59867286682129,16.090052152780054,18.588928237793937,2002,Wilsons Promontory Marine National Park,1
Dinolestes lewini,-39.13,146.38,2017,2,25,20,2,-39_146,16.139958540598553,18.59867286682129,16.090052152780054,18.588928237793937,2002,Wilsons Promontory Marine National Park,1
Dinolestes lewini,-39.11,146.34,2017,2,26,12.5,2,-39_146,16.139958540598553,18.59867286682129,16.090052152780054,18.588928237793937,2002,Wilsons Promontory Marine National Park,1
Dinolestes lewini,-39.12,146.42,2017,2,25,25,1,-39_146,16.139958540598553,18.59867286682129,16.090052152780054,18.588928237793937,2002,Wilsons Promontory Marine National Park,1
Dinolestes lewini,-39.12,146.42,2017,2,25,30,1,-39_146,16.139958540598553,18.59867286682129,16.090052152780054,18.588928237793937,2002,Wilsons Promontory Marine National Park,1
Dinolestes lewini,-39.1,146.33,2017,2,26,25,1,-39_146,16.139958540598553,18.59867286682129,16.090052152780054,18.588928237793937,2002,Wilsons Promontory Marine National Park,1
Dinolestes lewini,-39.1,146.33,2017,2,26,30,3,-39_146,16.139958540598553,18.59867286682129,16.090052152780054,18.588928237793937,2002,Wilsons Promontory Marine National Park,1
Dinolestes lewini,-39.1,146.33,2017,2,26,35,2,-39_146,16.139958540598553,18.59867286682129,16.090052152780054,18.588928237793937,2002,Wilsons Promontory Marine National Park,1
Dinolestes lewini,-39.1,146.33,2017,2,26,35,10,-39_146,16.139958540598553,18.59867286682129,16.090052152780054,18.588928237793937,2002,Wilsons Promontory Marine National Park,1
Dinolestes lewini,-39.1,146.33,2017,2,26,40,10,-39_146,16.139958540598553,18.59867286682129,16.090052152780054,18.588928237793937,2002,Wilsons Promontory Marine National Park,1
Dinolestes lewini,-39.14,146.32,2017,2,28,15,5,-39_146,16.139958540598553,18.59867286682129,16.090052152780054,18.588928237793937,2002,Wilsons Promontory Marine National Park,1
Dinolestes lewini,-39.14,146.32,2017,2,28,12.5,1,-39_146,16.139958540598553,18.59867286682129,16.090052152780054,18.588928237793937,2002,Wilsons Promontory Marine National Park,1
Dinolestes lewini,-35.09,150.8,2016,4,1,20,1,-35_151,20.669610341389973,22.880043029785156,21.274100916582,22.28422171274821,NA,NA,0
Dinolestes lewini,-35.09,150.8,2016,4,1,30,1,-35_151,20.669610341389973,22.880043029785156,21.274100916582,22.28422171274821,NA,NA,0
Dinolestes lewini,-35.09,150.8,2016,4,1,35,1,-35_151,20.669610341389973,22.880043029785156,21.274100916582,22.28422171274821,NA,NA,0
Dinolestes lewini,-35.09,150.8,2016,4,1,40,1,-35_151,20.669610341389973,22.880043029785156,21.274100916582,22.28422171274821,NA,NA,0
Dinolestes lewini,-35.09,150.8,2016,4,1,20,1,-35_151,20.669610341389973,22.880043029785156,21.274100916582,22.28422171274821,NA,NA,0
Dinolestes lewini,-35.09,150.8,2016,4,1,10,1,-35_151,20.669610341389973,22.880043029785156,21.274100916582,22.28422171274821,NA,NA,0
Dinolestes lewini,-35.09,150.8,2016,4,1,35,1,-35_151,20.669610341389973,22.880043029785156,21.274100916582,22.28422171274821,NA,NA,0
Dinolestes lewini,-35.08,150.8,2016,4,2,35,1,-35_151,20.669610341389973,22.880043029785156,21.274100916582,22.28422171274821,2002,Jervis Bay Marine Park,1
Dinolestes lewini,-35.08,150.8,2016,4,2,40,3,-35_151,20.669610341389973,22.880043029785156,21.274100916582,22.28422171274821,2002,Jervis Bay Marine Park,1
Dinolestes lewini,-35.08,150.8,2016,4,2,50,1,-35_151,20.669610341389973,22.880043029785156,21.274100916582,22.28422171274821,2002,Jervis Bay Marine Park,1
Dinolestes lewini,-35.08,150.8,2016,4,2,12.5,1,-35_151,20.669610341389973,22.880043029785156,21.274100916582,22.28422171274821,2002,Jervis Bay Marine Park,1
Dinolestes lewini,-35.08,150.8,2016,4,2,35,1,-35_151,20.669610341389973,22.880043029785156,21.274100916582,22.28422171274821,2002,Jervis Bay Marine Park,1
Dinolestes lewini,-35.11,150.77,2016,4,3,20,1,-35_151,20.669610341389973,22.880043029785156,21.274100916582,22.28422171274821,2002,Booderee National Park,1
Dinolestes lewini,-35.09,150.8,2016,4,1,20,10,-35_151,20.669610341389973,22.880043029785156,21.274100916582,22.28422171274821,NA,NA,0
Dinolestes lewini,-35.09,150.8,2016,4,1,25,10,-35_151,20.669610341389973,22.880043029785156,21.274100916582,22.28422171274821,NA,NA,0
Dinolestes lewini,-35.09,150.8,2016,4,1,30,1,-35_151,20.669610341389973,22.880043029785156,21.274100916582,22.28422171274821,NA,NA,0
Dinolestes lewini,-35.09,150.8,2016,4,1,40,1,-35_151,20.669610341389973,22.880043029785156,21.274100916582,22.28422171274821,NA,NA,0
Dinolestes lewini,-35.09,150.8,2016,4,1,15,4,-35_151,20.669610341389973,22.880043029785156,21.274100916582,22.28422171274821,NA,NA,0
Dinolestes lewini,-35.09,150.8,2016,4,1,20,4,-35_151,20.669610341389973,22.880043029785156,21.274100916582,22.28422171274821,NA,NA,0
Dinolestes lewini,-35.09,150.8,2016,4,1,25,4,-35_151,20.669610341389973,22.880043029785156,21.274100916582,22.28422171274821,NA,NA,0
Dinolestes lewini,-35.09,150.8,2016,4,1,30,4,-35_151,20.669610341389973,22.880043029785156,21.274100916582,22.28422171274821,NA,NA,0
Dinolestes lewini,-35.09,150.8,2016,4,1,35,4,-35_151,20.669610341389973,22.880043029785156,21.274100916582,22.28422171274821,NA,NA,0
Dinolestes lewini,-35.09,150.8,2016,4,1,20,10,-35_151,20.669610341389973,22.880043029785156,21.274100916582,22.28422171274821,NA,NA,0
Dinolestes lewini,-35.09,150.8,2016,4,1,25,1,-35_151,20.669610341389973,22.880043029785156,21.274100916582,22.28422171274821,NA,NA,0
Dinolestes lewini,-35.08,150.79,2016,4,2,40,1,-35_151,20.669610341389973,22.880043029785156,21.274100916582,22.28422171274821,2002,Jervis Bay Marine Park,1
Dinolestes lewini,-35.08,150.79,2016,4,2,35,10,-35_151,20.669610341389973,22.880043029785156,21.274100916582,22.28422171274821,2002,Jervis Bay Marine Park,1
Dinolestes lewini,-35.08,150.79,2016,4,2,40,10,-35_151,20.669610341389973,22.880043029785156,21.274100916582,22.28422171274821,2002,Jervis Bay Marine Park,1
Dinolestes lewini,-35.11,150.77,2016,4,3,35,1,-35_151,20.669610341389973,22.880043029785156,21.274100916582,22.28422171274821,NA,NA,0
Dinolestes lewini,-35.11,150.77,2016,4,3,40,1,-35_151,20.669610341389973,22.880043029785156,21.274100916582,22.28422171274821,NA,NA,0
Dinolestes lewini,-35.11,150.77,2016,4,3,40,3,-35_151,20.669610341389973,22.880043029785156,21.274100916582,22.28422171274821,NA,NA,0
Dinolestes lewini,-35.12,150.71,2016,4,4,20,10,-35_151,20.669610341389973,22.880043029785156,21.274100916582,22.28422171274821,NA,NA,0
Dinolestes lewini,-35.12,150.71,2016,4,4,12.5,1,-35_151,20.669610341389973,22.880043029785156,21.274100916582,22.28422171274821,NA,NA,0
Dinolestes lewini,-35.07,150.77,2016,4,1,10,1,-35_151,20.669610341389973,22.880043029785156,21.274100916582,22.28422171274821,2002,Jervis Bay Marine Park,1
Dinolestes lewini,-35.13,150.73,2016,4,3,12.5,2,-35_151,20.669610341389973,22.880043029785156,21.274100916582,22.28422171274821,NA,NA,0
Dinolestes lewini,-35.12,150.71,2016,4,4,12.5,10,-35_151,20.669610341389973,22.880043029785156,21.274100916582,22.28422171274821,NA,NA,0
Dinolestes lewini,-35.07,150.77,2016,4,1,15,3,-35_151,20.669610341389973,22.880043029785156,21.274100916582,22.28422171274821,2002,Jervis Bay Marine Park,1
Dinolestes lewini,-35.07,150.77,2016,4,1,20,2,-35_151,20.669610341389973,22.880043029785156,21.274100916582,22.28422171274821,2002,Jervis Bay Marine Park,1
Dinolestes lewini,-35.07,150.77,2016,4,1,25,1,-35_151,20.669610341389973,22.880043029785156,21.274100916582,22.28422171274821,2002,Jervis Bay Marine Park,1
Dinolestes lewini,-35.07,150.77,2016,4,1,10,2,-35_151,20.669610341389973,22.880043029785156,21.274100916582,22.28422171274821,2002,Jervis Bay Marine Park,1
Dinolestes lewini,-35.07,150.77,2016,4,1,12.5,2,-35_151,20.669610341389973,22.880043029785156,21.274100916582,22.28422171274821,2002,Jervis Bay Marine Park,1
Dinolestes lewini,-35.07,150.77,2016,4,1,15,1,-35_151,20.669610341389973,22.880043029785156,21.274100916582,22.28422171274821,2002,Jervis Bay Marine Park,1
Dinolestes lewini,-35.07,150.77,2016,4,1,10,5,-35_151,20.669610341389973,22.880043029785156,21.274100916582,22.28422171274821,2002,Jervis Bay Marine Park,1
Dinolestes lewini,-35.07,150.77,2016,4,1,12.5,1,-35_151,20.669610341389973,22.880043029785156,21.274100916582,22.28422171274821,2002,Jervis Bay Marine Park,1
Dinolestes lewini,-35.07,150.77,2016,4,1,30,20,-35_151,20.669610341389973,22.880043029785156,21.274100916582,22.28422171274821,2002,Jervis Bay Marine Park,1
Dinolestes lewini,-35.06,150.77,2016,4,1,15,5,-35_151,20.669610341389973,22.880043029785156,21.274100916582,22.28422171274821,2002,Jervis Bay Marine Park,1
Dinolestes lewini,-35.06,150.77,2016,4,1,30,25,-35_151,20.669610341389973,22.880043029785156,21.274100916582,22.28422171274821,2002,Jervis Bay Marine Park,1
Dinolestes lewini,-35.06,150.77,2016,4,1,25,2,-35_151,20.669610341389973,22.880043029785156,21.274100916582,22.28422171274821,2002,Jervis Bay Marine Park,1
Dinolestes lewini,-35.08,150.79,2016,4,2,30,1,-35_151,20.669610341389973,22.880043029785156,21.274100916582,22.28422171274821,2002,Jervis Bay Marine Park,1
Dinolestes lewini,-35.08,150.79,2016,4,2,20,1,-35_151,20.669610341389973,22.880043029785156,21.274100916582,22.28422171274821,2002,Jervis Bay Marine Park,1
Dinolestes lewini,-35.08,150.79,2016,4,2,30,1,-35_151,20.669610341389973,22.880043029785156,21.274100916582,22.28422171274821,2002,Jervis Bay Marine Park,1
Dinolestes lewini,-35.09,150.69,2016,4,3,15,5,-35_151,20.669610341389973,22.880043029785156,21.274100916582,22.28422171274821,2002,Jervis Bay Marine Park,1
Dinolestes lewini,-35.09,150.69,2016,4,3,25,30,-35_151,20.669610341389973,22.880043029785156,21.274100916582,22.28422171274821,2002,Jervis Bay Marine Park,1
Dinolestes lewini,-35.09,150.69,2016,4,3,25,20,-35_151,20.669610341389973,22.880043029785156,21.274100916582,22.28422171274821,2002,Jervis Bay Marine Park,1
Dinolestes lewini,-35.09,150.69,2016,4,3,40,8,-35_151,20.669610341389973,22.880043029785156,21.274100916582,22.28422171274821,2002,Jervis Bay Marine Park,1
Dinolestes lewini,-35.09,150.69,2016,4,3,15,1,-35_151,20.669610341389973,22.880043029785156,21.274100916582,22.28422171274821,2002,Jervis Bay Marine Park,1
Dinolestes lewini,-35.08,150.8,2016,4,2,30,10,-35_151,20.669610341389973,22.880043029785156,21.274100916582,22.28422171274821,2002,Jervis Bay Marine Park,1
Dinolestes lewini,-35.08,150.8,2016,4,2,35,40,-35_151,20.669610341389973,22.880043029785156,21.274100916582,22.28422171274821,2002,Jervis Bay Marine Park,1
Dinolestes lewini,-35.08,150.8,2016,4,2,40,30,-35_151,20.669610341389973,22.880043029785156,21.274100916582,22.28422171274821,2002,Jervis Bay Marine Park,1
Dinolestes lewini,-35.13,150.73,2016,4,3,30,5,-35_151,20.669610341389973,22.880043029785156,21.274100916582,22.28422171274821,NA,NA,0
Dinolestes lewini,-35.13,150.73,2016,4,3,35,1,-35_151,20.669610341389973,22.880043029785156,21.274100916582,22.28422171274821,NA,NA,0
Dinolestes lewini,-35.08,150.79,2016,4,2,15,1,-35_151,20.669610341389973,22.880043029785156,21.274100916582,22.28422171274821,2002,Jervis Bay Marine Park,1
Dinolestes lewini,-35.08,150.79,2016,4,2,12.5,1,-35_151,20.669610341389973,22.880043029785156,21.274100916582,22.28422171274821,2002,Jervis Bay Marine Park,1
Dinolestes lewini,-35.08,150.79,2016,4,2,20,1,-35_151,20.669610341389973,22.880043029785156,21.274100916582,22.28422171274821,2002,Jervis Bay Marine Park,1
Dinolestes lewini,-35.08,150.79,2016,4,2,25,1,-35_151,20.669610341389973,22.880043029785156,21.274100916582,22.28422171274821,2002,Jervis Bay Marine Park,1
Dinolestes lewini,-35.08,150.79,2016,4,2,35,2,-35_151,20.669610341389973,22.880043029785156,21.274100916582,22.28422171274821,2002,Jervis Bay Marine Park,1
Dinolestes lewini,-35.11,150.77,2016,4,3,12.5,1,-35_151,20.669610341389973,22.880043029785156,21.274100916582,22.28422171274821,2002,Booderee National Park,1
Dinolestes lewini,-35.11,150.77,2016,4,3,15,1,-35_151,20.669610341389973,22.880043029785156,21.274100916582,22.28422171274821,2002,Booderee National Park,1
Dinolestes lewini,-35.11,150.77,2016,4,3,30,5,-35_151,20.669610341389973,22.880043029785156,21.274100916582,22.28422171274821,2002,Booderee National Park,1
Dinolestes lewini,-35.11,150.77,2016,4,3,35,17,-35_151,20.669610341389973,22.880043029785156,21.274100916582,22.28422171274821,2002,Booderee National Park,1
Dinolestes lewini,-35.11,150.77,2016,4,3,40,10,-35_151,20.669610341389973,22.880043029785156,21.274100916582,22.28422171274821,2002,Booderee National Park,1
Dinolestes lewini,-35.11,150.77,2016,4,3,15,1,-35_151,20.669610341389973,22.880043029785156,21.274100916582,22.28422171274821,2002,Booderee National Park,1
Dinolestes lewini,-32.71,152.18,2016,10,12,25,1,-33_152,21.81423552831014,19.682849884033203,21.811778390656066,20.475644767925303,NA,NA,0
Dinolestes lewini,-32.74,152.19,2016,12,4,25,3,-33_152,21.81423552831014,22.539392471313477,21.811778390656066,21.61354793528075,NA,NA,0
Dinolestes lewini,-33.84,151.28,2014,4,12,25,17,-34_151,20.82452170054118,23.294639587402344,20.786031686481426,23.608249568939208,NA,NA,0
Dinolestes lewini,-33.84,151.28,2014,4,12,30,17,-34_151,20.82452170054118,23.294639587402344,20.786031686481426,23.608249568939208,NA,NA,0
Dinolestes lewini,-33.84,151.28,2014,4,12,15,10,-34_151,20.82452170054118,23.294639587402344,20.786031686481426,23.608249568939208,NA,NA,0
Dinolestes lewini,-33.84,151.28,2014,4,12,20,5,-34_151,20.82452170054118,23.294639587402344,20.786031686481426,23.608249568939208,NA,NA,0
Dinolestes lewini,-43.11,147.98,2017,2,12,35,5,-43_148,14.47102952003479,16.28597640991211,14.898496818346544,17.556035344941275,NA,NA,0
Dinolestes lewini,-43.11,147.98,2017,2,12,40,5,-43_148,14.47102952003479,16.28597640991211,14.898496818346544,17.556035344941275,NA,NA,0
Dinolestes lewini,-43.07,147.96,2017,2,12,15,1,-43_148,14.47102952003479,16.28597640991211,14.898496818346544,17.556035344941275,NA,NA,0
Dinolestes lewini,-32.71,152.15,2017,3,31,35,20,-33_152,21.88280153274536,24.98389434814453,21.674367571668547,24.600617731771163,1983,Fly Point-Halifax Park,1
Dinolestes lewini,-32.71,152.15,2017,3,31,40,20,-33_152,21.88280153274536,24.98389434814453,21.674367571668547,24.600617731771163,1983,Fly Point-Halifax Park,1
Dinolestes lewini,-32.71,152.15,2017,3,31,50,10,-33_152,21.88280153274536,24.98389434814453,21.674367571668547,24.600617731771163,1983,Fly Point-Halifax Park,1
Dinolestes lewini,-32.71,152.15,2017,3,31,20,2,-33_152,21.88280153274536,24.98389434814453,21.674367571668547,24.600617731771163,1983,Fly Point-Halifax Park,1
Dinolestes lewini,-32.71,152.15,2017,3,31,25,35,-33_152,21.88280153274536,24.98389434814453,21.674367571668547,24.600617731771163,1983,Fly Point-Halifax Park,1
Dinolestes lewini,-32.71,152.15,2017,3,31,30,30,-33_152,21.88280153274536,24.98389434814453,21.674367571668547,24.600617731771163,1983,Fly Point-Halifax Park,1
Dinolestes lewini,-32.71,152.15,2017,4,28,35,17,-33_152,21.88280153274536,23.31084251403809,21.674367571668547,23.3536105632782,1983,Fly Point-Halifax Park,1
Dinolestes lewini,-32.71,152.15,2017,4,28,40,5,-33_152,21.88280153274536,23.31084251403809,21.674367571668547,23.3536105632782,1983,Fly Point-Halifax Park,1
Dinolestes lewini,-32.71,152.15,2017,4,28,35,75,-33_152,21.88280153274536,23.31084251403809,21.674367571668547,23.3536105632782,1983,Fly Point-Halifax Park,1
Dinolestes lewini,-32.74,152.19,2017,4,17,20,1,-33_152,21.88280153274536,23.31084251403809,21.674367571668547,23.3536105632782,NA,NA,0
Dinolestes lewini,-32.74,152.19,2017,4,17,30,1,-33_152,21.88280153274536,23.31084251403809,21.674367571668547,23.3536105632782,NA,NA,0
Dinolestes lewini,-32.74,152.19,2017,4,17,25,20,-33_152,21.88280153274536,23.31084251403809,21.674367571668547,23.3536105632782,NA,NA,0
Dinolestes lewini,-32.71,152.23,2017,4,23,25,10,-33_152,21.88280153274536,23.31084251403809,21.674367571668547,23.3536105632782,NA,NA,0
Dinolestes lewini,-32.71,152.23,2017,4,23,30,5,-33_152,21.88280153274536,23.31084251403809,21.674367571668547,23.3536105632782,NA,NA,0
Dinolestes lewini,-32.6,152.32,2017,4,25,15,9,-33_152,21.88280153274536,23.31084251403809,21.674367571668547,23.3536105632782,NA,NA,0
Dinolestes lewini,-32.71,152.15,2017,4,28,20,160,-33_152,21.88280153274536,23.31084251403809,21.674367571668547,23.3536105632782,1983,Fly Point-Halifax Park,1
Dinolestes lewini,-32.71,152.15,2017,4,28,25,20,-33_152,21.88280153274536,23.31084251403809,21.674367571668547,23.3536105632782,1983,Fly Point-Halifax Park,1
Dinolestes lewini,-32.71,152.15,2017,4,28,30,20,-33_152,21.88280153274536,23.31084251403809,21.674367571668547,23.3536105632782,1983,Fly Point-Halifax Park,1
Dinolestes lewini,-32.71,152.15,2017,4,28,35,25,-33_152,21.88280153274536,23.31084251403809,21.674367571668547,23.3536105632782,1983,Fly Point-Halifax Park,1
Dinolestes lewini,-32.71,152.15,2017,4,28,40,28,-33_152,21.88280153274536,23.31084251403809,21.674367571668547,23.3536105632782,1983,Fly Point-Halifax Park,1
Dinolestes lewini,-32.69,152.23,2016,10,2,30,1,-33_152,21.81423552831014,19.682849884033203,21.811778390656066,20.475644767925303,2007,Port Stephens Great Lake Marine Park,0
Dinolestes lewini,-32.71,152.15,2016,10,7,25,50,-33_152,21.81423552831014,19.682849884033203,21.811778390656066,20.475644767925303,1983,Fly Point-Halifax Park,1
Dinolestes lewini,-32.74,152.19,2017,7,16,30,2,-33_152,21.88280153274536,19.421714782714844,21.674367571668547,20.002607114853397,NA,NA,0
Dinolestes lewini,-32.74,152.19,2017,7,16,30,5,-33_152,21.88280153274536,19.421714782714844,21.674367571668547,20.002607114853397,NA,NA,0
Dinolestes lewini,-32.74,152.19,2017,7,16,35,5,-33_152,21.88280153274536,19.421714782714844,21.674367571668547,20.002607114853397,NA,NA,0
Dinolestes lewini,-32.74,152.19,2017,7,16,40,4,-33_152,21.88280153274536,19.421714782714844,21.674367571668547,20.002607114853397,NA,NA,0
Dinolestes lewini,-32.74,152.19,2017,7,16,50,2,-33_152,21.88280153274536,19.421714782714844,21.674367571668547,20.002607114853397,NA,NA,0
Dinolestes lewini,-32.71,152.16,2017,7,30,40,50,-33_152,21.88280153274536,19.421714782714844,21.674367571668547,20.002607114853397,1983,Fly Point-Halifax Park,1
Dinolestes lewini,-32.74,152.19,2017,9,29,25,1,-33_152,21.88280153274536,19.29019546508789,21.674367571668547,19.416805118984648,NA,NA,0
Dinolestes lewini,-32.74,152.19,2017,9,29,35,2,-33_152,21.88280153274536,19.29019546508789,21.674367571668547,19.416805118984648,NA,NA,0
Dinolestes lewini,-32.74,152.19,2017,9,29,25,2,-33_152,21.88280153274536,19.29019546508789,21.674367571668547,19.416805118984648,NA,NA,0
Dinolestes lewini,-32.74,152.19,2017,9,29,30,1,-33_152,21.88280153274536,19.29019546508789,21.674367571668547,19.416805118984648,NA,NA,0
Dinolestes lewini,-32.74,152.19,2017,9,29,35,1,-33_152,21.88280153274536,19.29019546508789,21.674367571668547,19.416805118984648,NA,NA,0
Dinolestes lewini,-34.04,151.2,2017,4,9,20,2,-34_151,21.212825298309326,22.832447052001953,21.403940033579996,23.191832796732584,NA,NA,0
Dinolestes lewini,-33.92,151.26,2017,3,29,35,1,-34_151,21.212825298309326,24.231016159057617,21.403940033579996,24.16338659101917,NA,NA,0
Dinolestes lewini,-33.92,151.26,2017,3,29,40,1,-34_151,21.212825298309326,24.231016159057617,21.403940033579996,24.16338659101917,NA,NA,0
Dinolestes lewini,-33.92,151.27,2017,3,29,35,1,-34_151,21.212825298309326,24.231016159057617,21.403940033579996,24.16338659101917,NA,NA,0
Dinolestes lewini,-33.84,151.28,2017,3,21,20,2,-34_151,21.212825298309326,24.231016159057617,21.403940033579996,24.16338659101917,NA,NA,0
Dinolestes lewini,-34.07,151.13,2017,4,13,30,10,-34_151,21.212825298309326,22.832447052001953,21.403940033579996,23.191832796732584,1982,Shiprock Aquatic Reserve,1
Dinolestes lewini,-34.07,151.13,2017,4,13,35,10,-34_151,21.212825298309326,22.832447052001953,21.403940033579996,23.191832796732584,1982,Shiprock Aquatic Reserve,1
Dinolestes lewini,-33.82,151.29,2017,3,25,20,1,-34_151,21.212825298309326,24.231016159057617,21.403940033579996,24.16338659101917,NA,NA,0
Dinolestes lewini,-33.8,151.28,2017,3,20,25,2,-34_151,21.212825298309326,24.231016159057617,21.403940033579996,24.16338659101917,NA,NA,0
Dinolestes lewini,-33.8,151.28,2017,3,20,30,1,-34_151,21.212825298309326,24.231016159057617,21.403940033579996,24.16338659101917,NA,NA,0
Dinolestes lewini,-34,151.23,2015,3,13,20,1,-34_151,21.010322252909344,23.785842895507813,21.160145131914785,23.37540268128918,NA,NA,0
Dinolestes lewini,-33.92,151.26,2015,4,18,15,3,-34_151,21.010322252909344,22.303985595703125,21.160145131914785,21.261166270573938,NA,NA,0
Dinolestes lewini,-33.92,151.26,2015,4,18,20,3,-34_151,21.010322252909344,22.303985595703125,21.160145131914785,21.261166270573938,NA,NA,0
Dinolestes lewini,-33.53,151.39,2015,6,8,20,1,-34_151,21.010322252909344,18.896404266357425,21.160145131914785,20.38041623433431,NA,NA,0
Dinolestes lewini,-32.71,152.15,2017,10,21,25,60,-33_152,21.88280153274536,20.88638687133789,21.674367571668547,20.07908558589156,1983,Fly Point-Halifax Park,1
Dinolestes lewini,-32.71,152.15,2017,10,21,30,5,-33_152,21.88280153274536,20.88638687133789,21.674367571668547,20.07908558589156,1983,Fly Point-Halifax Park,1
Dinolestes lewini,-33.8,151.29,2017,4,1,30,20,-34_151,21.212825298309326,22.832447052001953,21.403940033579996,23.191832796732584,2002,Cabbage Tree Bay Aquatic Reserve,1
Dinolestes lewini,-33.8,151.29,2017,4,1,35,35,-34_151,21.212825298309326,22.832447052001953,21.403940033579996,23.191832796732584,2002,Cabbage Tree Bay Aquatic Reserve,1
Dinolestes lewini,-34.07,151.16,2017,4,21,15,25,-34_151,21.212825298309326,22.832447052001953,21.403940033579996,23.191832796732584,NA,NA,0
Dinolestes lewini,-34.07,151.16,2017,4,21,20,25,-34_151,21.212825298309326,22.832447052001953,21.403940033579996,23.191832796732584,NA,NA,0
Dinolestes lewini,-33.8,151.3,2017,4,1,30,30,-34_151,21.212825298309326,22.832447052001953,21.403940033579996,23.191832796732584,2002,Cabbage Tree Bay Aquatic Reserve,1
Dinolestes lewini,-33.8,151.3,2017,4,1,35,40,-34_151,21.212825298309326,22.832447052001953,21.403940033579996,23.191832796732584,2002,Cabbage Tree Bay Aquatic Reserve,1
Dinolestes lewini,-33.74,151.31,2017,3,27,15,10,-34_151,21.212825298309326,24.231016159057617,21.403940033579996,24.16338659101917,NA,NA,0
Dinolestes lewini,-33.74,151.31,2017,3,27,20,5,-34_151,21.212825298309326,24.231016159057617,21.403940033579996,24.16338659101917,NA,NA,0
Dinolestes lewini,-42.9,147.67,2018,1,16,20,25,-43_148,14.503240982691446,16.703868865966797,14.901143335479379,17.53545120916059,NA,NA,0
Dinolestes lewini,-42.9,147.67,2018,1,16,25,40,-43_148,14.503240982691446,16.703868865966797,14.901143335479379,17.53545120916059,NA,NA,0
Dinolestes lewini,-42.96,148.01,2018,1,17,15,30,-43_148,14.503240982691446,16.703868865966797,14.901143335479379,17.53545120916059,NA,NA,0
Dinolestes lewini,-42.96,148.01,2018,1,17,20,85,-43_148,14.503240982691446,16.703868865966797,14.901143335479379,17.53545120916059,NA,NA,0
Dinolestes lewini,-42.96,148.01,2018,1,17,25,20,-43_148,14.503240982691446,16.703868865966797,14.901143335479379,17.53545120916059,NA,NA,0
Dinolestes lewini,-42.96,148.01,2018,1,17,30,45,-43_148,14.503240982691446,16.703868865966797,14.901143335479379,17.53545120916059,NA,NA,0
Dinolestes lewini,-42.96,148.01,2018,1,17,35,6,-43_148,14.503240982691446,16.703868865966797,14.901143335479379,17.53545120916059,NA,NA,0
Dinolestes lewini,-42.96,148.01,2018,1,17,20,3,-43_148,14.503240982691446,16.703868865966797,14.901143335479379,17.53545120916059,NA,NA,0
Dinolestes lewini,-42.96,148.01,2018,1,17,25,2,-43_148,14.503240982691446,16.703868865966797,14.901143335479379,17.53545120916059,NA,NA,0
Dinolestes lewini,-42.96,148.01,2018,1,17,30,4,-43_148,14.503240982691446,16.703868865966797,14.901143335479379,17.53545120916059,NA,NA,0
Dinolestes lewini,-33.84,151.28,2017,12,5,35,10,-34_151,21.212825298309326,22.303253173828125,21.403940033579996,21.79475758152623,NA,NA,0
Dinolestes lewini,-33.84,151.28,2017,12,5,40,10,-34_151,21.212825298309326,22.303253173828125,21.403940033579996,21.79475758152623,NA,NA,0
Dinolestes lewini,-33.82,151.29,2018,4,7,35,30,-34_151,20.616589228312176,22.327646255493164,20.38137288106385,22.58066619237264,NA,NA,0
Dinolestes lewini,-33.82,151.29,2018,4,7,40,20,-34_151,20.616589228312176,22.327646255493164,20.38137288106385,22.58066619237264,NA,NA,0
Dinolestes lewini,-33.82,151.29,2014,12,7,25,3,-34_151,20.82452170054118,22.184375762939453,20.786031686481426,21.52741898259809,NA,NA,0
Dinolestes lewini,-33.82,151.29,2014,12,7,30,2,-34_151,20.82452170054118,22.184375762939453,20.786031686481426,21.52741898259809,NA,NA,0
Dinolestes lewini,-33.82,151.29,2014,12,7,35,8,-34_151,20.82452170054118,22.184375762939453,20.786031686481426,21.52741898259809,NA,NA,0
Dinolestes lewini,-33.82,151.29,2014,12,7,40,1,-34_151,20.82452170054118,22.184375762939453,20.786031686481426,21.52741898259809,NA,NA,0
Dinolestes lewini,-33.8,151.28,2014,11,5,5,50,-34_151,20.82452170054118,20.251184463500977,20.786031686481426,20.388916126887004,NA,NA,0
Dinolestes lewini,-33.8,151.27,2014,1,18,12.5,2,-34_151,20.82452170054118,22.53306579589844,20.786031686481426,22.367660722424908,NA,NA,0
Dinolestes lewini,-33.8,151.3,2014,10,8,12.5,1,-34_151,20.82452170054118,19.49410057067871,20.786031686481426,19.56854792564146,2002,Cabbage Tree Bay Aquatic Reserve,1
Dinolestes lewini,-33.8,151.3,2014,10,8,15,10,-34_151,20.82452170054118,19.49410057067871,20.786031686481426,19.56854792564146,2002,Cabbage Tree Bay Aquatic Reserve,1
Dinolestes lewini,-33.8,151.3,2014,10,8,20,15,-34_151,20.82452170054118,19.49410057067871,20.786031686481426,19.56854792564146,2002,Cabbage Tree Bay Aquatic Reserve,1
Dinolestes lewini,-33.8,151.3,2014,10,8,25,5,-34_151,20.82452170054118,19.49410057067871,20.786031686481426,19.56854792564146,2002,Cabbage Tree Bay Aquatic Reserve,1
Dinolestes lewini,-33.84,151.28,2014,4,12,20,2,-34_151,20.82452170054118,23.294639587402344,20.786031686481426,23.608249568939208,NA,NA,0
Dinolestes lewini,-43.13,147.96,2015,3,1,5,1,-43_148,14.463507493336996,16.31238555908203,14.687899164041372,16.962451273395168,NA,NA,0
Dinolestes lewini,-43.13,147.96,2015,3,1,7.5,2,-43_148,14.463507493336996,16.31238555908203,14.687899164041372,16.962451273395168,NA,NA,0
Dinolestes lewini,-43.14,148.01,2015,3,2,20,100,-43_148,14.463507493336996,16.31238555908203,14.687899164041372,16.962451273395168,NA,NA,0
Dinolestes lewini,-43.14,148.01,2015,3,2,25,100,-43_148,14.463507493336996,16.31238555908203,14.687899164041372,16.962451273395168,NA,NA,0
Dinolestes lewini,-43.14,148.01,2015,3,2,20,30,-43_148,14.463507493336996,16.31238555908203,14.687899164041372,16.962451273395168,NA,NA,0
Dinolestes lewini,-32.71,152.15,2018,7,29,20,150,-33_152,21.402117252349854,18.56777000427246,20.990371204530405,18.303574844073225,1983,Fly Point-Halifax Park,1
Dinolestes lewini,-32.71,152.15,2018,7,29,25,20,-33_152,21.402117252349854,18.56777000427246,20.990371204530405,18.303574844073225,1983,Fly Point-Halifax Park,1
Dinolestes lewini,-32.71,152.15,2018,7,29,35,35,-33_152,21.402117252349854,18.56777000427246,20.990371204530405,18.303574844073225,1983,Fly Point-Halifax Park,1
Dinolestes lewini,-33.84,151.28,2018,12,12,15,12,-34_151,20.616589228312176,21.948253631591797,20.38137288106385,21.186934963349373,NA,NA,0
Dinolestes lewini,-33.84,151.28,2018,12,12,10,23,-34_151,20.616589228312176,21.948253631591797,20.38137288106385,21.186934963349373,NA,NA,0
Dinolestes lewini,-32.71,152.15,2019,5,12,35,25,-33_152,21.577637672424316,21.956663131713867,21.50456922728874,22.877553252763647,1983,Fly Point-Halifax Park,1
Dinolestes lewini,-32.71,152.15,2019,5,12,20,10,-33_152,21.577637672424316,21.956663131713867,21.50456922728874,22.877553252763647,1983,Fly Point-Halifax Park,1
Dinolestes lewini,-32.71,152.15,2019,5,12,25,20,-33_152,21.577637672424316,21.956663131713867,21.50456922728874,22.877553252763647,1983,Fly Point-Halifax Park,1
Dinolestes lewini,-32.74,152.19,2019,5,10,30,33,-33_152,21.577637672424316,21.956663131713867,21.50456922728874,22.877553252763647,NA,NA,0
Dinolestes lewini,-32.71,152.16,2019,5,5,20,60,-33_152,21.577637672424316,21.956663131713867,21.50456922728874,22.877553252763647,1983,Fly Point-Halifax Park,1
Dinolestes lewini,-32.71,152.16,2019,5,5,25,10,-33_152,21.577637672424316,21.956663131713867,21.50456922728874,22.877553252763647,1983,Fly Point-Halifax Park,1
Dinolestes lewini,-32.74,152.19,2019,5,10,25,1,-33_152,21.577637672424316,21.956663131713867,21.50456922728874,22.877553252763647,NA,NA,0
Dinolestes lewini,-32.74,152.19,2019,5,10,25,21,-33_152,21.577637672424316,21.956663131713867,21.50456922728874,22.877553252763647,NA,NA,0
Dinolestes lewini,-32.74,152.19,2019,5,10,30,20,-33_152,21.577637672424316,21.956663131713867,21.50456922728874,22.877553252763647,NA,NA,0
Dinolestes lewini,-34.07,151.13,2019,3,5,20,8,-34_151,20.84144163131714,23.916156768798828,21.110917770883944,24.512580087107995,1982,Shiprock Aquatic Reserve,1
Dinolestes lewini,-33.82,151.3,2019,3,3,7.5,2,-34_151,20.84144163131714,23.916156768798828,21.110917770883944,24.512580087107995,NA,NA,0
Dinolestes lewini,-33.82,151.3,2019,3,3,7.5,1,-34_151,20.84144163131714,23.916156768798828,21.110917770883944,24.512580087107995,NA,NA,0
Dinolestes lewini,-33.82,151.29,2019,3,3,7.5,1,-34_151,20.84144163131714,23.916156768798828,21.110917770883944,24.512580087107995,NA,NA,0
Dinolestes lewini,-33.82,151.29,2019,3,3,10,1,-34_151,20.84144163131714,23.916156768798828,21.110917770883944,24.512580087107995,NA,NA,0
Dinolestes lewini,-33.82,151.29,2019,3,3,12.5,1,-34_151,20.84144163131714,23.916156768798828,21.110917770883944,24.512580087107995,NA,NA,0
Dinolestes lewini,-33.82,151.29,2019,3,3,7.5,5,-34_151,20.84144163131714,23.916156768798828,21.110917770883944,24.512580087107995,NA,NA,0
Dinolestes lewini,-33.82,151.29,2019,3,3,10,7,-34_151,20.84144163131714,23.916156768798828,21.110917770883944,24.512580087107995,NA,NA,0
Dinolestes lewini,-33.82,151.29,2019,3,3,12.5,12,-34_151,20.84144163131714,23.916156768798828,21.110917770883944,24.512580087107995,NA,NA,0
Dinolestes lewini,-33.82,151.29,2019,3,3,15,11,-34_151,20.84144163131714,23.916156768798828,21.110917770883944,24.512580087107995,NA,NA,0
Dinolestes lewini,-33.92,151.27,2019,3,9,20,1,-34_151,20.84144163131714,23.916156768798828,21.110917770883944,24.512580087107995,NA,NA,0
Dinolestes lewini,-33.92,151.27,2019,3,9,25,1,-34_151,20.84144163131714,23.916156768798828,21.110917770883944,24.512580087107995,NA,NA,0
Dinolestes lewini,-33.92,151.27,2019,3,9,5,1,-34_151,20.84144163131714,23.916156768798828,21.110917770883944,24.512580087107995,NA,NA,0
Dinolestes lewini,-33.92,151.27,2019,3,9,7.5,3,-34_151,20.84144163131714,23.916156768798828,21.110917770883944,24.512580087107995,NA,NA,0
Dinolestes lewini,-33.92,151.27,2019,3,9,10,1,-34_151,20.84144163131714,23.916156768798828,21.110917770883944,24.512580087107995,NA,NA,0
Dinolestes lewini,-33.92,151.26,2019,3,9,12.5,2,-34_151,20.84144163131714,23.916156768798828,21.110917770883944,24.512580087107995,NA,NA,0
Dinolestes lewini,-33.84,151.28,2019,3,2,15,2,-34_151,20.84144163131714,23.916156768798828,21.110917770883944,24.512580087107995,NA,NA,0
Dinolestes lewini,-35.11,150.77,2019,3,28,30,2,-35_151,20.20797602335612,23.619047164916992,20.705194674947805,24.08860159433016,NA,NA,0
Dinolestes lewini,-35.12,150.76,2019,3,28,25,2,-35_151,20.20797602335612,23.619047164916992,20.705194674947805,24.08860159433016,2002,Booderee National Park,1
Dinolestes lewini,-33.84,151.28,2019,3,2,15,1,-34_151,20.84144163131714,23.916156768798828,21.110917770883944,24.512580087107995,NA,NA,0
Dinolestes lewini,-33.84,151.28,2019,3,2,20,2,-34_151,20.84144163131714,23.916156768798828,21.110917770883944,24.512580087107995,NA,NA,0
Dinolestes lewini,-33.84,151.28,2019,3,2,20,1,-34_151,20.84144163131714,23.916156768798828,21.110917770883944,24.512580087107995,NA,NA,0
Dinolestes lewini,-33.82,151.3,2019,3,3,7.5,2,-34_151,20.84144163131714,23.916156768798828,21.110917770883944,24.512580087107995,NA,NA,0
Dinolestes lewini,-33.82,151.29,2019,3,3,7.5,2,-34_151,20.84144163131714,23.916156768798828,21.110917770883944,24.512580087107995,NA,NA,0
Dinolestes lewini,-33.82,151.29,2019,3,3,15,4,-34_151,20.84144163131714,23.916156768798828,21.110917770883944,24.512580087107995,NA,NA,0
Dinolestes lewini,-33.82,151.29,2019,3,3,15,2,-34_151,20.84144163131714,23.916156768798828,21.110917770883944,24.512580087107995,NA,NA,0
Dinolestes lewini,-33.92,151.26,2019,3,9,10,1,-34_151,20.84144163131714,23.916156768798828,21.110917770883944,24.512580087107995,NA,NA,0
Dinolestes lewini,-35.08,150.8,2019,3,29,15,1,-35_151,20.20797602335612,23.619047164916992,20.705194674947805,24.08860159433016,2002,Jervis Bay Marine Park,1
Dinolestes lewini,-35.08,150.8,2019,3,29,20,1,-35_151,20.20797602335612,23.619047164916992,20.705194674947805,24.08860159433016,2002,Jervis Bay Marine Park,1
Dinolestes lewini,-35.08,150.79,2019,3,29,25,2,-35_151,20.20797602335612,23.619047164916992,20.705194674947805,24.08860159433016,2002,Jervis Bay Marine Park,1
Dinolestes lewini,-33.92,151.27,2019,3,9,12.5,1,-34_151,20.84144163131714,23.916156768798828,21.110917770883944,24.512580087107995,NA,NA,0
Dinolestes lewini,-33.92,151.27,2019,3,9,10,1,-34_151,20.84144163131714,23.916156768798828,21.110917770883944,24.512580087107995,NA,NA,0
Dinolestes lewini,-33.92,151.26,2019,3,9,20,2,-34_151,20.84144163131714,23.916156768798828,21.110917770883944,24.512580087107995,NA,NA,0
Dinolestes lewini,-35.11,150.77,2019,4,1,30,1,-35_151,20.20797602335612,21.965940475463867,20.705194674947805,21.662110625372993,2002,Booderee National Park,1
Dinolestes lewini,-33.82,151.3,2019,3,3,20,1,-34_151,20.84144163131714,23.916156768798828,21.110917770883944,24.512580087107995,NA,NA,0
Dinolestes lewini,-33.82,151.29,2019,3,3,20,3,-34_151,20.84144163131714,23.916156768798828,21.110917770883944,24.512580087107995,NA,NA,0
Dinolestes lewini,-33.92,151.26,2019,3,9,20,1,-34_151,20.84144163131714,23.916156768798828,21.110917770883944,24.512580087107995,NA,NA,0
Dinolestes lewini,-33.92,151.27,2019,3,9,20,1,-34_151,20.84144163131714,23.916156768798828,21.110917770883944,24.512580087107995,NA,NA,0
Dinolestes lewini,-34.07,151.13,2019,3,5,20,1,-34_151,20.84144163131714,23.916156768798828,21.110917770883944,24.512580087107995,1982,Shiprock Aquatic Reserve,1
Dinolestes lewini,-34.07,151.13,2019,3,5,25,1,-34_151,20.84144163131714,23.916156768798828,21.110917770883944,24.512580087107995,1982,Shiprock Aquatic Reserve,1
Dinolestes lewini,-32.71,152.16,2017,1,29,30,2,-33_152,21.88280153274536,24.26653289794922,21.674367571668547,23.74881669013731,1983,Fly Point-Halifax Park,1
Dinolestes lewini,-32.71,152.16,2017,1,29,35,2,-33_152,21.88280153274536,24.26653289794922,21.674367571668547,23.74881669013731,1983,Fly Point-Halifax Park,1
Dinolestes lewini,-32.71,152.16,2017,1,29,40,40,-33_152,21.88280153274536,24.26653289794922,21.674367571668547,23.74881669013731,1983,Fly Point-Halifax Park,1
Dinolestes lewini,-35.11,150.77,2018,4,14,30,25,-35_151,19.935256004333496,21.480770111083984,19.73684152242449,21.451999579535592,NA,NA,0
Dinolestes lewini,-35.11,150.77,2018,4,14,30,5,-35_151,19.935256004333496,21.480770111083984,19.73684152242449,21.451999579535592,NA,NA,0
Dinolestes lewini,-35.09,150.69,2018,4,15,25,30,-35_151,19.935256004333496,21.480770111083984,19.73684152242449,21.451999579535592,2002,Jervis Bay Marine Park,1
Dinolestes lewini,-35.09,150.69,2018,4,15,30,1,-35_151,19.935256004333496,21.480770111083984,19.73684152242449,21.451999579535592,2002,Jervis Bay Marine Park,1
Dinolestes lewini,-35.13,150.73,2018,4,13,20,2,-35_151,19.935256004333496,21.480770111083984,19.73684152242449,21.451999579535592,NA,NA,0
Dinolestes lewini,-35.11,150.77,2018,4,14,20,1,-35_151,19.935256004333496,21.480770111083984,19.73684152242449,21.451999579535592,2002,Booderee National Park,1
Dinolestes lewini,-35.11,150.77,2018,4,14,25,4,-35_151,19.935256004333496,21.480770111083984,19.73684152242449,21.451999579535592,2002,Booderee National Park,1
Dinolestes lewini,-35.11,150.77,2018,4,14,30,6,-35_151,19.935256004333496,21.480770111083984,19.73684152242449,21.451999579535592,2002,Booderee National Park,1
Dinolestes lewini,-35.11,150.77,2018,4,14,25,1,-35_151,19.935256004333496,21.480770111083984,19.73684152242449,21.451999579535592,2002,Booderee National Park,1
Dinolestes lewini,-32.71,152.15,2018,5,21,15,50,-33_152,21.402117252349854,21.891050338745117,20.990371204530405,21.487203751840894,1983,Fly Point-Halifax Park,1
Dinolestes lewini,-35.1,150.69,2018,4,15,15,1,-35_151,19.935256004333496,21.480770111083984,19.73684152242449,21.451999579535592,NA,NA,0
Dinolestes lewini,-35.1,150.7,2018,4,15,35,2,-35_151,19.935256004333496,21.480770111083984,19.73684152242449,21.451999579535592,2002,Jervis Bay Marine Park,1
Dinolestes lewini,-35.1,150.7,2018,4,15,40,1,-35_151,19.935256004333496,21.480770111083984,19.73684152242449,21.451999579535592,2002,Jervis Bay Marine Park,1
Dinolestes lewini,-35.09,150.69,2018,4,16,25,1,-35_151,19.935256004333496,21.480770111083984,19.73684152242449,21.451999579535592,2002,Jervis Bay Marine Park,1
Dinolestes lewini,-35.07,150.77,2018,4,13,20,1,-35_151,19.935256004333496,21.480770111083984,19.73684152242449,21.451999579535592,2002,Jervis Bay Marine Park,1
Dinolestes lewini,-35.08,150.8,2018,4,14,40,2,-35_151,19.935256004333496,21.480770111083984,19.73684152242449,21.451999579535592,2002,Jervis Bay Marine Park,1
Dinolestes lewini,-35.08,150.8,2018,4,14,25,1,-35_151,19.935256004333496,21.480770111083984,19.73684152242449,21.451999579535592,2002,Jervis Bay Marine Park,1
Dinolestes lewini,-32.6,152.32,2018,5,20,30,2,-33_152,21.402117252349854,21.891050338745117,20.990371204530405,21.487203751840894,NA,NA,0
Dinolestes lewini,-32.6,152.32,2018,5,20,25,1,-33_152,21.402117252349854,21.891050338745117,20.990371204530405,21.487203751840894,NA,NA,0
Dinolestes lewini,-32.71,152.15,2018,5,21,25,10,-33_152,21.402117252349854,21.891050338745117,20.990371204530405,21.487203751840894,1983,Fly Point-Halifax Park,1
Dinolestes lewini,-32.71,152.15,2018,5,21,30,10,-33_152,21.402117252349854,21.891050338745117,20.990371204530405,21.487203751840894,1983,Fly Point-Halifax Park,1
Dinolestes lewini,-35.08,150.79,2018,4,14,35,4,-35_151,19.935256004333496,21.480770111083984,19.73684152242449,21.451999579535592,2002,Jervis Bay Marine Park,1
Dinolestes lewini,-35.08,150.79,2018,4,14,40,3,-35_151,19.935256004333496,21.480770111083984,19.73684152242449,21.451999579535592,2002,Jervis Bay Marine Park,1
Dinolestes lewini,-35.08,150.79,2018,4,14,35,1,-35_151,19.935256004333496,21.480770111083984,19.73684152242449,21.451999579535592,2002,Jervis Bay Marine Park,1
Dinolestes lewini,-32.62,152.33,2018,5,20,30,1,-33_152,21.402117252349854,21.891050338745117,20.990371204530405,21.487203751840894,2007,Port Stephens Great Lake Marine Park,1
Dinolestes lewini,-32.69,152.23,2018,5,6,30,10,-33_152,21.402117252349854,21.891050338745117,20.990371204530405,21.487203751840894,2007,Port Stephens Great Lake Marine Park,1
Dinolestes lewini,-32.69,152.23,2018,5,6,35,5,-33_152,21.402117252349854,21.891050338745117,20.990371204530405,21.487203751840894,2007,Port Stephens Great Lake Marine Park,1
Dinolestes lewini,-32.69,152.23,2018,5,6,40,17,-33_152,21.402117252349854,21.891050338745117,20.990371204530405,21.487203751840894,2007,Port Stephens Great Lake Marine Park,1
Dinolestes lewini,-32.62,152.33,2018,5,18,35,1,-33_152,21.402117252349854,21.891050338745117,20.990371204530405,21.487203751840894,2007,Port Stephens Great Lake Marine Park,1
Dinolestes lewini,-35.08,150.79,2018,4,14,50,1,-35_151,19.935256004333496,21.480770111083984,19.73684152242449,21.451999579535592,2002,Jervis Bay Marine Park,1
Dinolestes lewini,-35.08,150.79,2018,4,14,35,1,-35_151,19.935256004333496,21.480770111083984,19.73684152242449,21.451999579535592,2002,Jervis Bay Marine Park,1
Dinolestes lewini,-35.08,150.79,2018,4,14,40,1,-35_151,19.935256004333496,21.480770111083984,19.73684152242449,21.451999579535592,2002,Jervis Bay Marine Park,1
Dinolestes lewini,-33.86,151.27,2018,5,15,25,10,-34_151,20.616589228312176,21.003093719482425,20.38137288106385,19.887015758022184,NA,NA,0
Dinolestes lewini,-32.71,152.23,2018,4,2,30,30,-33_152,21.402117252349854,23.29830551147461,20.990371204530405,22.92547172440423,NA,NA,0
Dinolestes lewini,-32.74,152.19,2018,4,7,30,2,-33_152,21.402117252349854,23.29830551147461,20.990371204530405,22.92547172440423,NA,NA,0
Dinolestes lewini,-32.74,152.19,2018,4,7,35,3,-33_152,21.402117252349854,23.29830551147461,20.990371204530405,22.92547172440423,NA,NA,0
Dinolestes lewini,-32.68,152.23,2017,12,17,20,1,-33_152,21.88280153274536,22.803253173828125,21.674367571668547,21.337203856437437,2007,Port Stephens Great Lake Marine Park,1
Dinolestes lewini,-32.74,152.19,2018,4,7,25,4,-33_152,21.402117252349854,23.29830551147461,20.990371204530405,22.92547172440423,NA,NA,0
Dinolestes lewini,-32.74,152.19,2018,4,7,30,1,-33_152,21.402117252349854,23.29830551147461,20.990371204530405,22.92547172440423,NA,NA,0
Dinolestes lewini,-32.68,152.23,2017,12,17,30,40,-33_152,21.88280153274536,22.803253173828125,21.674367571668547,21.337203856437437,2007,Port Stephens Great Lake Marine Park,1
Dinolestes lewini,-32.75,152.17,2013,12,19,10,1,-33_152,21.45964765548706,22.20094871520996,21.34589705349317,21.575214606459426,NA,NA,0
Dinolestes lewini,-32.69,152.22,2017,12,10,40,3,-33_152,21.88280153274536,22.803253173828125,21.674367571668547,21.337203856437437,NA,NA,0
Dinolestes lewini,-32.69,152.22,2018,3,30,30,4,-33_152,21.402117252349854,24.19745826721191,20.990371204530405,24.072123081453384,NA,NA,0
Dinolestes lewini,-32.71,152.15,2015,8,9,30,7,-33_152,21.731586456298828,18.89118194580078,21.574384755366165,19.02212321373724,1983,Fly Point-Halifax Park,1
Dinolestes lewini,-32.71,152.15,2015,8,9,25,2,-33_152,21.731586456298828,18.89118194580078,21.574384755366165,19.02212321373724,1983,Fly Point-Halifax Park,1
Dinolestes lewini,-32.71,152.15,2015,8,9,30,20,-33_152,21.731586456298828,18.89118194580078,21.574384755366165,19.02212321373724,1983,Fly Point-Halifax Park,1
Dinolestes lewini,-32.71,152.16,2015,8,23,40,50,-33_152,21.731586456298828,18.89118194580078,21.574384755366165,19.02212321373724,1983,Fly Point-Halifax Park,1
Dinolestes lewini,-34.6,150.9,2018,5,2,35,10,-35_151,19.935256004333496,20.347043991088867,19.73684152242449,19.236558729602443,2002,Bushrangers Bay Aquatic Reserve,1
Dinolestes lewini,-34.6,150.9,2018,5,2,40,10,-35_151,19.935256004333496,20.347043991088867,19.73684152242449,19.236558729602443,2002,Bushrangers Bay Aquatic Reserve,1
Dinolestes lewini,-34.07,151.16,2018,4,26,30,6,-34_151,20.616589228312176,22.327646255493164,20.38137288106385,22.58066619237264,NA,NA,0
Dinolestes lewini,-34.07,151.16,2018,4,26,35,5,-34_151,20.616589228312176,22.327646255493164,20.38137288106385,22.58066619237264,NA,NA,0
Dinolestes lewini,-34.07,151.16,2018,4,26,15,10,-34_151,20.616589228312176,22.327646255493164,20.38137288106385,22.58066619237264,NA,NA,0
Dinolestes lewini,-34.07,151.16,2018,4,26,20,10,-34_151,20.616589228312176,22.327646255493164,20.38137288106385,22.58066619237264,NA,NA,0
Dinolestes lewini,-33.82,151.29,2018,4,7,35,20,-34_151,20.616589228312176,22.327646255493164,20.38137288106385,22.58066619237264,NA,NA,0
Dinolestes lewini,-33.82,151.29,2018,4,7,40,40,-34_151,20.616589228312176,22.327646255493164,20.38137288106385,22.58066619237264,NA,NA,0
Dinolestes lewini,-33.82,151.29,2018,4,7,20,1,-34_151,20.616589228312176,22.327646255493164,20.38137288106385,22.58066619237264,NA,NA,0
Dinolestes lewini,-33.92,151.26,2018,3,20,35,20,-34_151,20.616589228312176,23.609176635742188,20.38137288106385,24.080563960536832,NA,NA,0
Dinolestes lewini,-33.92,151.26,2018,3,20,35,30,-34_151,20.616589228312176,23.609176635742188,20.38137288106385,24.080563960536832,NA,NA,0
Dinolestes lewini,-33.92,151.26,2018,3,20,30,20,-34_151,20.616589228312176,23.609176635742188,20.38137288106385,24.080563960536832,NA,NA,0
Dinolestes lewini,-33.8,151.3,2018,3,10,40,20,-34_151,20.616589228312176,23.609176635742188,20.38137288106385,24.080563960536832,2002,Cabbage Tree Bay Aquatic Reserve,1
Dinolestes lewini,-33.8,151.3,2018,3,10,50,20,-34_151,20.616589228312176,23.609176635742188,20.38137288106385,24.080563960536832,2002,Cabbage Tree Bay Aquatic Reserve,1
Dinolestes lewini,-33.58,151.33,2018,4,21,40,1,-34_151,20.616589228312176,22.327646255493164,20.38137288106385,22.58066619237264,NA,NA,0
Dinolestes lewini,-33.83,151.27,2018,4,28,30,1,-34_151,20.616589228312176,22.327646255493164,20.38137288106385,22.58066619237264,NA,NA,0
Dinolestes lewini,-33.83,151.27,2018,4,28,40,1,-34_151,20.616589228312176,22.327646255493164,20.38137288106385,22.58066619237264,NA,NA,0
Dinolestes lewini,-34.04,151.2,2018,3,30,35,1,-34_151,20.616589228312176,23.609176635742188,20.38137288106385,24.080563960536832,NA,NA,0
Dinolestes lewini,-34.04,151.2,2018,3,30,12.5,10,-34_151,20.616589228312176,23.609176635742188,20.38137288106385,24.080563960536832,NA,NA,0
Dinolestes lewini,-34.04,151.2,2018,3,30,15,10,-34_151,20.616589228312176,23.609176635742188,20.38137288106385,24.080563960536832,NA,NA,0
Dinolestes lewini,-41.87,148.31,2019,4,8,30,20,-42_148,15.005494038263956,16.882923126220703,15.03421467508263,16.25994412104289,1991,Bicheno Marine Reserve,1
Dinolestes lewini,-41.87,148.31,2019,4,8,35,20,-42_148,15.005494038263956,16.882923126220703,15.03421467508263,16.25994412104289,1991,Bicheno Marine Reserve,1
Dinolestes lewini,-41.87,148.31,2019,4,8,25,2,-42_148,15.005494038263956,16.882923126220703,15.03421467508263,16.25994412104289,1991,Bicheno Marine Reserve,1
Dinolestes lewini,-41.87,148.31,2019,4,8,30,1,-42_148,15.005494038263956,16.882923126220703,15.03421467508263,16.25994412104289,1991,Bicheno Marine Reserve,1
Dinolestes lewini,-41.87,148.31,2019,4,8,30,30,-42_148,15.005494038263956,16.882923126220703,15.03421467508263,16.25994412104289,1991,Bicheno Marine Reserve,1
Dinolestes lewini,-41.87,148.31,2019,4,8,35,30,-42_148,15.005494038263956,16.882923126220703,15.03421467508263,16.25994412104289,1991,Bicheno Marine Reserve,1
Dinolestes lewini,-41.87,148.31,2019,4,8,20,25,-42_148,15.005494038263956,16.882923126220703,15.03421467508263,16.25994412104289,1991,Bicheno Marine Reserve,1
Dinolestes lewini,-41.87,148.31,2019,4,8,25,30,-42_148,15.005494038263956,16.882923126220703,15.03421467508263,16.25994412104289,1991,Bicheno Marine Reserve,1
Dinolestes lewini,-41.87,148.31,2019,4,8,30,3,-42_148,15.005494038263956,16.882923126220703,15.03421467508263,16.25994412104289,1991,Bicheno Marine Reserve,1
Dinolestes lewini,-41.87,148.31,2019,3,22,20,1,-42_148,15.005494038263956,17.650680541992188,15.03421467508263,17.829676997277044,1991,Bicheno Marine Reserve,1
Dinolestes lewini,-41.87,148.31,2019,3,22,15,3,-42_148,15.005494038263956,17.650680541992188,15.03421467508263,17.829676997277044,1991,Bicheno Marine Reserve,1
Dinolestes lewini,-41.87,148.31,2019,3,22,20,1,-42_148,15.005494038263956,17.650680541992188,15.03421467508263,17.829676997277044,1991,Bicheno Marine Reserve,1
Dinolestes lewini,-41.87,148.31,2019,3,22,15,3,-42_148,15.005494038263956,17.650680541992188,15.03421467508263,17.829676997277044,1991,Bicheno Marine Reserve,1
Dinolestes lewini,-41.87,148.31,2019,3,22,20,1,-42_148,15.005494038263956,17.650680541992188,15.03421467508263,17.829676997277044,1991,Bicheno Marine Reserve,1
Dinolestes lewini,-41.87,148.31,2019,3,22,20,1,-42_148,15.005494038263956,17.650680541992188,15.03421467508263,17.829676997277044,1991,Bicheno Marine Reserve,1
Dinolestes lewini,-41.87,148.31,2019,3,22,15,1,-42_148,15.005494038263956,17.650680541992188,15.03421467508263,17.829676997277044,1991,Bicheno Marine Reserve,1
Dinolestes lewini,-32.71,152.16,2019,8,3,20,7,-33_152,21.577637672424316,19.10185813903809,21.50456922728874,19.27037590293474,1983,Fly Point-Halifax Park,1
Dinolestes lewini,-41.87,148.31,2019,3,21,35,2,-42_148,15.005494038263956,17.650680541992188,15.03421467508263,17.829676997277044,1991,Bicheno Marine Reserve,1
Dinolestes lewini,-41.87,148.31,2019,3,21,35,1,-42_148,15.005494038263956,17.650680541992188,15.03421467508263,17.829676997277044,1991,Bicheno Marine Reserve,1
Dinolestes lewini,-42.56,148.07,2019,4,11,40,2,-43_148,14.203165769577026,15.799543380737305,14.474142305522593,15.756266317367556,NA,NA,0
Dinolestes lewini,-42.56,148.07,2019,4,11,30,3,-43_148,14.203165769577026,15.799543380737305,14.474142305522593,15.756266317367556,NA,NA,0
Dinolestes lewini,-42.56,148.07,2019,4,11,25,1,-43_148,14.203165769577026,15.799543380737305,14.474142305522593,15.756266317367556,NA,NA,0
Dinolestes lewini,-42.56,148.07,2019,4,11,30,2,-43_148,14.203165769577026,15.799543380737305,14.474142305522593,15.756266317367556,NA,NA,0
Dinolestes lewini,-42.58,148.05,2019,4,4,30,1,-43_148,14.203165769577026,15.799543380737305,14.474142305522593,15.756266317367556,NA,NA,0
Dinolestes lewini,-41.87,148.31,2019,3,21,15,3,-42_148,15.005494038263956,17.650680541992188,15.03421467508263,17.829676997277044,1991,Bicheno Marine Reserve,1
Dinolestes lewini,-41.87,148.31,2019,3,21,20,3,-42_148,15.005494038263956,17.650680541992188,15.03421467508263,17.829676997277044,1991,Bicheno Marine Reserve,1
Dinolestes lewini,-41.87,148.31,2019,3,21,15,2,-42_148,15.005494038263956,17.650680541992188,15.03421467508263,17.829676997277044,1991,Bicheno Marine Reserve,1
Dinolestes lewini,-41.87,148.31,2019,3,21,20,2,-42_148,15.005494038263956,17.650680541992188,15.03421467508263,17.829676997277044,1991,Bicheno Marine Reserve,1
Dinolestes lewini,-41.87,148.31,2019,3,21,20,2,-42_148,15.005494038263956,17.650680541992188,15.03421467508263,17.829676997277044,1991,Bicheno Marine Reserve,1
Dinolestes lewini,-41.87,148.31,2019,3,21,20,1,-42_148,15.005494038263956,17.650680541992188,15.03421467508263,17.829676997277044,1991,Bicheno Marine Reserve,1
Dinolestes lewini,-41.87,148.31,2019,3,21,25,1,-42_148,15.005494038263956,17.650680541992188,15.03421467508263,17.829676997277044,1991,Bicheno Marine Reserve,1
Dinolestes lewini,-41.87,148.3,2019,3,21,30,1,-42_148,15.005494038263956,17.650680541992188,15.03421467508263,17.829676997277044,NA,NA,0
Dinolestes lewini,-41.87,148.3,2019,3,21,30,1,-42_148,15.005494038263956,17.650680541992188,15.03421467508263,17.829676997277044,NA,NA,0
Dinolestes lewini,-41.87,148.3,2019,3,20,30,3,-42_148,15.005494038263956,17.650680541992188,15.03421467508263,17.829676997277044,NA,NA,0
Dinolestes lewini,-41.87,148.3,2019,3,20,20,1,-42_148,15.005494038263956,17.650680541992188,15.03421467508263,17.829676997277044,NA,NA,0
Dinolestes lewini,-41.87,148.3,2019,3,20,35,3,-42_148,15.005494038263956,17.650680541992188,15.03421467508263,17.829676997277044,NA,NA,0
Dinolestes lewini,-41.87,148.3,2019,3,20,12.5,1,-42_148,15.005494038263956,17.650680541992188,15.03421467508263,17.829676997277044,NA,NA,0
Dinolestes lewini,-41.87,148.3,2019,3,20,15,1,-42_148,15.005494038263956,17.650680541992188,15.03421467508263,17.829676997277044,NA,NA,0
Dinolestes lewini,-41.87,148.3,2019,3,20,15,1,-42_148,15.005494038263956,17.650680541992188,15.03421467508263,17.829676997277044,NA,NA,0
Dinolestes lewini,-41.87,148.3,2019,3,20,25,1,-42_148,15.005494038263956,17.650680541992188,15.03421467508263,17.829676997277044,NA,NA,0
Dinolestes lewini,-42.55,147.95,2019,3,19,30,2,-43_148,14.203165769577026,16.463865280151367,14.474142305522593,17.369193169378466,NA,NA,0
Dinolestes lewini,-41.9,148.32,2019,4,8,20,1,-42_148,15.005494038263956,16.882923126220703,15.03421467508263,16.25994412104289,NA,NA,0
Dinolestes lewini,-43.06,147.33,2019,1,22,30,5,-43_147,13.511653105417887,15.952878952026367,14.025163449288879,16.364386687740204,1991,Tinderbox Marine Reserve,1
Dinolestes lewini,-43.04,147.34,2019,1,23,15,1,-43_147,13.511653105417887,15.952878952026367,14.025163449288879,16.364386687740204,2009,Tinderbox Marine Reserve,1
Dinolestes lewini,-43.04,147.34,2019,1,23,30,1,-43_147,13.511653105417887,15.952878952026367,14.025163449288879,16.364386687740204,2009,Tinderbox Marine Reserve,1
Dinolestes lewini,-43.04,147.34,2019,1,23,25,2,-43_147,13.511653105417887,15.952878952026367,14.025163449288879,16.364386687740204,2009,Tinderbox Marine Reserve,1
Dinolestes lewini,-42.6,148.05,2019,3,19,35,4,-43_148,14.203165769577026,16.463865280151367,14.474142305522593,17.369193169378466,NA,NA,0
Dinolestes lewini,-43.01,147.33,2019,1,23,30,20,-43_147,13.511653105417887,15.952878952026367,14.025163449288879,16.364386687740204,NA,NA,0
Dinolestes lewini,-43.01,147.33,2019,1,23,35,10,-43_147,13.511653105417887,15.952878952026367,14.025163449288879,16.364386687740204,NA,NA,0
Dinolestes lewini,-42.6,148.05,2019,3,19,35,5,-43_148,14.203165769577026,16.463865280151367,14.474142305522593,17.369193169378466,NA,NA,0
Dinolestes lewini,-42.6,148.05,2019,3,19,30,15,-43_148,14.203165769577026,16.463865280151367,14.474142305522593,17.369193169378466,NA,NA,0
Dinolestes lewini,-42.6,148.05,2019,3,19,35,15,-43_148,14.203165769577026,16.463865280151367,14.474142305522593,17.369193169378466,NA,NA,0
Dinolestes lewini,-43.29,147.14,2019,1,24,25,13,-43_147,13.511653105417887,15.952878952026367,14.025163449288879,16.364386687740204,NA,NA,0
Dinolestes lewini,-42.6,148.05,2019,3,19,30,1,-43_148,14.203165769577026,16.463865280151367,14.474142305522593,17.369193169378466,NA,NA,0
Dinolestes lewini,-43.27,147.14,2019,1,25,30,1,-43_147,13.511653105417887,15.952878952026367,14.025163449288879,16.364386687740204,NA,NA,0
Dinolestes lewini,-43.27,147.14,2019,1,25,35,5,-43_147,13.511653105417887,15.952878952026367,14.025163449288879,16.364386687740204,NA,NA,0
Dinolestes lewini,-43.27,147.14,2019,1,25,15,3,-43_147,13.511653105417887,15.952878952026367,14.025163449288879,16.364386687740204,NA,NA,0
Dinolestes lewini,-42.6,148.05,2019,3,19,30,10,-43_148,14.203165769577026,16.463865280151367,14.474142305522593,17.369193169378466,NA,NA,0
Dinolestes lewini,-43.27,147.14,2019,1,25,35,2,-43_147,13.511653105417887,15.952878952026367,14.025163449288879,16.364386687740204,NA,NA,0
Dinolestes lewini,-43.27,147.14,2019,1,25,5,40,-43_147,13.511653105417887,15.952878952026367,14.025163449288879,16.364386687740204,NA,NA,0
Dinolestes lewini,-43.27,147.14,2019,1,25,15,4,-43_147,13.511653105417887,15.952878952026367,14.025163449288879,16.364386687740204,NA,NA,0
Dinolestes lewini,-43.27,147.14,2019,1,25,20,10,-43_147,13.511653105417887,15.952878952026367,14.025163449288879,16.364386687740204,NA,NA,0
Dinolestes lewini,-43.06,147.36,2019,1,22,30,200,-43_147,13.511653105417887,15.952878952026367,14.025163449288879,16.364386687740204,NA,NA,0
Dinolestes lewini,-43.06,147.36,2019,1,22,35,200,-43_147,13.511653105417887,15.952878952026367,14.025163449288879,16.364386687740204,NA,NA,0
Dinolestes lewini,-43.06,147.36,2019,1,22,15,2,-43_147,13.511653105417887,15.952878952026367,14.025163449288879,16.364386687740204,NA,NA,0
Dinolestes lewini,-43.06,147.36,2019,1,22,20,10,-43_147,13.511653105417887,15.952878952026367,14.025163449288879,16.364386687740204,NA,NA,0
Dinolestes lewini,-42.63,148.02,2019,3,19,30,1,-43_148,14.203165769577026,16.463865280151367,14.474142305522593,17.369193169378466,NA,NA,0
Dinolestes lewini,-43.06,147.36,2019,1,22,30,200,-43_147,13.511653105417887,15.952878952026367,14.025163449288879,16.364386687740204,NA,NA,0
Dinolestes lewini,-43.06,147.36,2019,1,22,35,200,-43_147,13.511653105417887,15.952878952026367,14.025163449288879,16.364386687740204,NA,NA,0
Dinolestes lewini,-43.06,147.36,2019,1,22,20,200,-43_147,13.511653105417887,15.952878952026367,14.025163449288879,16.364386687740204,NA,NA,0
Dinolestes lewini,-42.59,148.05,2019,4,4,25,120,-43_148,14.203165769577026,15.799543380737305,14.474142305522593,15.756266317367556,NA,NA,0
Dinolestes lewini,-42.59,148.05,2019,4,4,35,10,-43_148,14.203165769577026,15.799543380737305,14.474142305522593,15.756266317367556,NA,NA,0
Dinolestes lewini,-42.59,148.05,2019,4,4,20,50,-43_148,14.203165769577026,15.799543380737305,14.474142305522593,15.756266317367556,NA,NA,0
Dinolestes lewini,-42.59,148.05,2019,4,4,25,115,-43_148,14.203165769577026,15.799543380737305,14.474142305522593,15.756266317367556,NA,NA,0
Dinolestes lewini,-42.59,148.05,2019,4,4,15,1,-43_148,14.203165769577026,15.799543380737305,14.474142305522593,15.756266317367556,NA,NA,0
Dinolestes lewini,-42.59,148.05,2019,4,4,20,1,-43_148,14.203165769577026,15.799543380737305,14.474142305522593,15.756266317367556,NA,NA,0
Dinolestes lewini,-42.59,148.05,2019,4,4,20,5,-43_148,14.203165769577026,15.799543380737305,14.474142305522593,15.756266317367556,NA,NA,0
Dinolestes lewini,-42.58,147.92,2019,4,3,35,1,-43_148,14.203165769577026,15.799543380737305,14.474142305522593,15.756266317367556,NA,NA,0
Dinolestes lewini,-42.58,147.92,2019,4,3,25,25,-43_148,14.203165769577026,15.799543380737305,14.474142305522593,15.756266317367556,NA,NA,0
Dinolestes lewini,-42.58,147.92,2019,4,3,20,4,-43_148,14.203165769577026,15.799543380737305,14.474142305522593,15.756266317367556,NA,NA,0
Dinolestes lewini,-42.58,147.92,2019,4,3,25,26,-43_148,14.203165769577026,15.799543380737305,14.474142305522593,15.756266317367556,NA,NA,0
Dinolestes lewini,-42.58,147.92,2019,4,3,30,2,-43_148,14.203165769577026,15.799543380737305,14.474142305522593,15.756266317367556,NA,NA,0
Dinolestes lewini,-42.58,148.06,2019,4,11,35,2,-43_148,14.203165769577026,15.799543380737305,14.474142305522593,15.756266317367556,NA,NA,0
Dinolestes lewini,-42.58,148.06,2019,4,11,35,1,-43_148,14.203165769577026,15.799543380737305,14.474142305522593,15.756266317367556,NA,NA,0
Dinolestes lewini,-42.58,148.06,2019,4,11,35,4,-43_148,14.203165769577026,15.799543380737305,14.474142305522593,15.756266317367556,NA,NA,0
Dinolestes lewini,-42.58,148.06,2019,4,11,35,15,-43_148,14.203165769577026,15.799543380737305,14.474142305522593,15.756266317367556,NA,NA,0
Dinolestes lewini,-42.58,148.06,2019,4,11,30,20,-43_148,14.203165769577026,15.799543380737305,14.474142305522593,15.756266317367556,NA,NA,0
Dinolestes lewini,-42.58,148.06,2019,4,11,35,20,-43_148,14.203165769577026,15.799543380737305,14.474142305522593,15.756266317367556,NA,NA,0
Dinolestes lewini,-42.58,148.06,2019,4,11,40,10,-43_148,14.203165769577026,15.799543380737305,14.474142305522593,15.756266317367556,NA,NA,0
Dinolestes lewini,-42.58,148.06,2019,4,11,30,1,-43_148,14.203165769577026,15.799543380737305,14.474142305522593,15.756266317367556,NA,NA,0
Dinolestes lewini,-42.58,148.06,2019,4,11,35,4,-43_148,14.203165769577026,15.799543380737305,14.474142305522593,15.756266317367556,NA,NA,0
Dinolestes lewini,-42.59,148.05,2019,4,11,35,20,-43_148,14.203165769577026,15.799543380737305,14.474142305522593,15.756266317367556,NA,NA,0
Dinolestes lewini,-42.59,148.05,2019,4,11,40,20,-43_148,14.203165769577026,15.799543380737305,14.474142305522593,15.756266317367556,NA,NA,0
Dinolestes lewini,-42.59,148.05,2019,4,11,35,2,-43_148,14.203165769577026,15.799543380737305,14.474142305522593,15.756266317367556,NA,NA,0
Dinolestes lewini,-42.59,148.05,2019,4,11,40,5,-43_148,14.203165769577026,15.799543380737305,14.474142305522593,15.756266317367556,NA,NA,0
Dinolestes lewini,-42.59,148.05,2019,4,11,35,2,-43_148,14.203165769577026,15.799543380737305,14.474142305522593,15.756266317367556,NA,NA,0
Dinolestes lewini,-42.59,148.05,2019,4,11,25,1,-43_148,14.203165769577026,15.799543380737305,14.474142305522593,15.756266317367556,NA,NA,0
Dinolestes lewini,-42.59,148.05,2019,4,11,30,2,-43_148,14.203165769577026,15.799543380737305,14.474142305522593,15.756266317367556,NA,NA,0
Dinolestes lewini,-42.59,148.05,2019,4,11,35,2,-43_148,14.203165769577026,15.799543380737305,14.474142305522593,15.756266317367556,NA,NA,0
Dinolestes lewini,-42.59,148.05,2019,4,11,30,15,-43_148,14.203165769577026,15.799543380737305,14.474142305522593,15.756266317367556,NA,NA,0
Dinolestes lewini,-42.59,148.05,2019,4,11,35,15,-43_148,14.203165769577026,15.799543380737305,14.474142305522593,15.756266317367556,NA,NA,0
Dinolestes lewini,-42.56,148.07,2019,4,11,35,1,-43_148,14.203165769577026,15.799543380737305,14.474142305522593,15.756266317367556,NA,NA,0
Dinolestes lewini,-42.56,148.07,2019,4,11,35,1,-43_148,14.203165769577026,15.799543380737305,14.474142305522593,15.756266317367556,NA,NA,0
Dinolestes lewini,-42.56,148.07,2019,4,11,40,1,-43_148,14.203165769577026,15.799543380737305,14.474142305522593,15.756266317367556,NA,NA,0
Dinolestes lewini,-32.71,152.15,2019,7,26,12.5,20,-33_152,21.577637672424316,19.509727478027344,21.50456922728874,20.088655420528944,1983,Fly Point-Halifax Park,1
Dinolestes lewini,-32.71,152.15,2019,7,26,15,1,-33_152,21.577637672424316,19.509727478027344,21.50456922728874,20.088655420528944,1983,Fly Point-Halifax Park,1
Dinolestes lewini,-32.71,152.15,2019,7,26,20,16,-33_152,21.577637672424316,19.509727478027344,21.50456922728874,20.088655420528944,1983,Fly Point-Halifax Park,1
Dinolestes lewini,-32.71,152.15,2019,7,26,25,25,-33_152,21.577637672424316,19.509727478027344,21.50456922728874,20.088655420528944,1983,Fly Point-Halifax Park,1
Dinolestes lewini,-32.71,152.15,2019,7,26,20,10,-33_152,21.577637672424316,19.509727478027344,21.50456922728874,20.088655420528944,1983,Fly Point-Halifax Park,1
Dinolestes lewini,-32.71,152.15,2019,7,26,25,20,-33_152,21.577637672424316,19.509727478027344,21.50456922728874,20.088655420528944,1983,Fly Point-Halifax Park,1
Dinolestes lewini,-43.29,147.18,2019,1,24,40,1,-43_147,13.511653105417887,15.952878952026367,14.025163449288879,16.364386687740204,NA,NA,0
Dinolestes lewini,-43.29,147.18,2019,1,24,50,1,-43_147,13.511653105417887,15.952878952026367,14.025163449288879,16.364386687740204,NA,NA,0
Dinolestes lewini,-43.29,147.18,2019,1,24,25,1,-43_147,13.511653105417887,15.952878952026367,14.025163449288879,16.364386687740204,NA,NA,0
Dinolestes lewini,-43.29,147.18,2019,1,24,30,1,-43_147,13.511653105417887,15.952878952026367,14.025163449288879,16.364386687740204,NA,NA,0
Dinolestes lewini,-43.29,147.14,2019,1,24,20,2,-43_147,13.511653105417887,15.952878952026367,14.025163449288879,16.364386687740204,NA,NA,0
Dinolestes lewini,-43.04,147.34,2019,1,23,20,1,-43_147,13.511653105417887,15.952878952026367,14.025163449288879,16.364386687740204,2009,Tinderbox Marine Reserve,1
Dinolestes lewini,-33.8,151.3,2019,11,16,25,1,-34_151,20.84144163131714,20.113094329833984,21.110917770883944,19.948749542236328,2002,Cabbage Tree Bay Aquatic Reserve,1
Dinolestes lewini,-33.8,151.3,2019,11,16,25,20,-34_151,20.84144163131714,20.113094329833984,21.110917770883944,19.948749542236328,2002,Cabbage Tree Bay Aquatic Reserve,1
Dinolestes lewini,-36.14,150.13,2018,5,3,30,3,-36_150,19.074009656906128,19.24010848999023,19.31197013677764,19.337902786911176,NA,NA,0
Dinolestes lewini,-36.14,150.13,2018,5,3,35,15,-36_150,19.074009656906128,19.24010848999023,19.31197013677764,19.337902786911176,NA,NA,0
Dinolestes lewini,-36.14,150.13,2018,5,3,40,12,-36_150,19.074009656906128,19.24010848999023,19.31197013677764,19.337902786911176,NA,NA,0
Dinolestes lewini,-36.14,150.13,2018,5,3,50,5,-36_150,19.074009656906128,19.24010848999023,19.31197013677764,19.337902786911176,NA,NA,0
Dinolestes lewini,-36.14,150.13,2018,5,3,15,30,-36_150,19.074009656906128,19.24010848999023,19.31197013677764,19.337902786911176,NA,NA,0
Dinolestes lewini,-36.14,150.13,2018,5,3,20,10,-36_150,19.074009656906128,19.24010848999023,19.31197013677764,19.337902786911176,NA,NA,0
Dinolestes lewini,-36.14,150.13,2018,5,3,35,10,-36_150,19.074009656906128,19.24010848999023,19.31197013677764,19.337902786911176,NA,NA,0
Dinolestes lewini,-36.14,150.13,2018,5,3,40,25,-36_150,19.074009656906128,19.24010848999023,19.31197013677764,19.337902786911176,NA,NA,0
Dinolestes lewini,-36.09,150.14,2018,5,5,15,5,-36_150,19.074009656906128,19.24010848999023,19.31197013677764,19.337902786911176,NA,NA,0
Dinolestes lewini,-36.09,150.14,2018,5,5,20,10,-36_150,19.074009656906128,19.24010848999023,19.31197013677764,19.337902786911176,NA,NA,0
Dinolestes lewini,-36.09,150.14,2018,5,5,35,20,-36_150,19.074009656906128,19.24010848999023,19.31197013677764,19.337902786911176,NA,NA,0
Dinolestes lewini,-36.09,150.14,2018,5,5,12.5,1,-36_150,19.074009656906128,19.24010848999023,19.31197013677764,19.337902786911176,NA,NA,0
Dinolestes lewini,-36.09,150.14,2018,5,5,15,1,-36_150,19.074009656906128,19.24010848999023,19.31197013677764,19.337902786911176,NA,NA,0
Dinolestes lewini,-36.09,150.14,2018,5,5,35,10,-36_150,19.074009656906128,19.24010848999023,19.31197013677764,19.337902786911176,NA,NA,0
Dinolestes lewini,-33.84,151.28,2020,1,11,30,10,-34_151,20.47879107793172,23.338397979736328,20.320949783510542,22.70733819469329,NA,NA,0
Dinolestes lewini,-33.84,151.28,2020,1,11,35,10,-34_151,20.47879107793172,23.338397979736328,20.320949783510542,22.70733819469329,NA,NA,0
Dinolestes lewini,-33.84,151.28,2020,1,11,40,1,-34_151,20.47879107793172,23.338397979736328,20.320949783510542,22.70733819469329,NA,NA,0
Dinolestes lewini,-33.84,151.28,2020,1,25,12.5,1,-34_151,20.47879107793172,23.338397979736328,20.320949783510542,22.70733819469329,NA,NA,0
Dinolestes lewini,-33.84,151.28,2020,1,25,15,1,-34_151,20.47879107793172,23.338397979736328,20.320949783510542,22.70733819469329,NA,NA,0
Dinolestes lewini,-33.84,151.28,2020,1,25,20,1,-34_151,20.47879107793172,23.338397979736328,20.320949783510542,22.70733819469329,NA,NA,0
Dinolestes lewini,-33.85,151.26,2020,2,1,20,1,-34_151,20.47879107793172,23.545684814453125,20.320949783510542,23.131033930285223,NA,NA,0
Dinolestes lewini,-33.85,151.26,2020,2,1,20,20,-34_151,20.47879107793172,23.545684814453125,20.320949783510542,23.131033930285223,NA,NA,0
Dinolestes lewini,-33.84,151.28,2020,1,25,20,5,-34_151,20.47879107793172,23.338397979736328,20.320949783510542,22.70733819469329,NA,NA,0
Dinolestes lewini,-33.84,151.28,2020,1,25,25,10,-34_151,20.47879107793172,23.338397979736328,20.320949783510542,22.70733819469329,NA,NA,0
Dinolestes lewini,-33.84,151.28,2020,1,25,20,10,-34_151,20.47879107793172,23.338397979736328,20.320949783510542,22.70733819469329,NA,NA,0
Dinolestes lewini,-33.84,151.28,2020,1,11,7.5,20,-34_151,20.47879107793172,23.338397979736328,20.320949783510542,22.70733819469329,NA,NA,0
Dinolestes lewini,-33.84,151.28,2020,1,11,10,11,-34_151,20.47879107793172,23.338397979736328,20.320949783510542,22.70733819469329,NA,NA,0
Dinolestes lewini,-33.84,151.28,2020,1,11,7.5,10,-34_151,20.47879107793172,23.338397979736328,20.320949783510542,22.70733819469329,NA,NA,0
Dinolestes lewini,-33.84,151.28,2020,1,11,10,10,-34_151,20.47879107793172,23.338397979736328,20.320949783510542,22.70733819469329,NA,NA,0
Dinolestes lewini,-33.8,151.27,2020,1,4,7.5,10,-34_151,20.47879107793172,23.338397979736328,20.320949783510542,22.70733819469329,NA,NA,0
Dinolestes lewini,-33.8,151.28,2020,1,4,30,1,-34_151,20.47879107793172,23.338397979736328,20.320949783510542,22.70733819469329,NA,NA,0
Dinolestes lewini,-33.8,151.28,2020,1,4,35,1,-34_151,20.47879107793172,23.338397979736328,20.320949783510542,22.70733819469329,NA,NA,0
Dinolestes lewini,-33.8,151.29,2019,2,14,25,5,-34_151,20.84144163131714,23.90707015991211,21.110917770883944,24.19624936580658,2002,Cabbage Tree Bay Aquatic Reserve,1
Dinolestes lewini,-33.8,151.27,2019,2,14,25,15,-34_151,20.84144163131714,23.90707015991211,21.110917770883944,24.19624936580658,NA,NA,0
Dinolestes lewini,-33.99,151.23,2019,2,23,15,2,-34_151,20.84144163131714,23.90707015991211,21.110917770883944,24.19624936580658,NA,NA,0
Dinolestes lewini,-33.8,151.29,2019,2,5,30,1,-34_151,20.84144163131714,23.90707015991211,21.110917770883944,24.19624936580658,2002,Cabbage Tree Bay Aquatic Reserve,1
Dinolestes lewini,-34,151.23,2019,2,10,20,1,-34_151,20.84144163131714,23.90707015991211,21.110917770883944,24.19624936580658,NA,NA,0
Dinolestes lewini,-33.8,151.29,2019,2,14,30,7,-34_151,20.84144163131714,23.90707015991211,21.110917770883944,24.19624936580658,2002,Cabbage Tree Bay Aquatic Reserve,1
Dinolestes lewini,-33.8,151.29,2019,2,14,35,7,-34_151,20.84144163131714,23.90707015991211,21.110917770883944,24.19624936580658,2002,Cabbage Tree Bay Aquatic Reserve,1
Dinolestes lewini,-33.8,151.29,2019,2,14,40,8,-34_151,20.84144163131714,23.90707015991211,21.110917770883944,24.19624936580658,2002,Cabbage Tree Bay Aquatic Reserve,1
Dinolestes lewini,-33.8,151.27,2019,2,14,25,2,-34_151,20.84144163131714,23.90707015991211,21.110917770883944,24.19624936580658,NA,NA,0
Dinolestes lewini,-33.99,151.23,2019,2,23,25,1,-34_151,20.84144163131714,23.90707015991211,21.110917770883944,24.19624936580658,NA,NA,0
Dinolestes lewini,-33.99,151.23,2019,2,23,20,1,-34_151,20.84144163131714,23.90707015991211,21.110917770883944,24.19624936580658,NA,NA,0
Dinolestes lewini,-35.09,150.8,2019,3,30,20,1,-35_151,20.20797602335612,23.619047164916992,20.705194674947805,24.08860159433016,NA,NA,0
Dinolestes lewini,-35.09,150.8,2019,3,30,25,1,-35_151,20.20797602335612,23.619047164916992,20.705194674947805,24.08860159433016,NA,NA,0
Dinolestes lewini,-35.09,150.8,2019,3,30,30,1,-35_151,20.20797602335612,23.619047164916992,20.705194674947805,24.08860159433016,NA,NA,0
Dinolestes lewini,-35.12,150.71,2019,3,31,25,3,-35_151,20.20797602335612,23.619047164916992,20.705194674947805,24.08860159433016,NA,NA,0
Dinolestes lewini,-35.12,150.71,2019,3,31,12.5,3,-35_151,20.20797602335612,23.619047164916992,20.705194674947805,24.08860159433016,NA,NA,0
Dinolestes lewini,-35.11,150.77,2019,4,1,15,1,-35_151,20.20797602335612,21.965940475463867,20.705194674947805,21.662110625372993,2002,Booderee National Park,1
Dinolestes lewini,-35.09,150.8,2019,3,30,10,2,-35_151,20.20797602335612,23.619047164916992,20.705194674947805,24.08860159433016,NA,NA,0
Dinolestes lewini,-35.09,150.8,2019,3,30,12.5,3,-35_151,20.20797602335612,23.619047164916992,20.705194674947805,24.08860159433016,NA,NA,0
Dinolestes lewini,-35.09,150.8,2019,3,30,12.5,2,-35_151,20.20797602335612,23.619047164916992,20.705194674947805,24.08860159433016,NA,NA,0
Dinolestes lewini,-35.08,150.79,2019,3,30,7.5,2,-35_151,20.20797602335612,23.619047164916992,20.705194674947805,24.08860159433016,2002,Jervis Bay Marine Park,1
Dinolestes lewini,-35.08,150.79,2019,3,30,10,8,-35_151,20.20797602335612,23.619047164916992,20.705194674947805,24.08860159433016,2002,Jervis Bay Marine Park,1
Dinolestes lewini,-35.08,150.79,2019,3,30,5,20,-35_151,20.20797602335612,23.619047164916992,20.705194674947805,24.08860159433016,2002,Jervis Bay Marine Park,1
Dinolestes lewini,-35.08,150.79,2019,3,30,7.5,20,-35_151,20.20797602335612,23.619047164916992,20.705194674947805,24.08860159433016,2002,Jervis Bay Marine Park,1
Dinolestes lewini,-35.08,150.79,2019,3,30,10,2,-35_151,20.20797602335612,23.619047164916992,20.705194674947805,24.08860159433016,2002,Jervis Bay Marine Park,1
Dinolestes lewini,-35.08,150.79,2019,3,30,10,2,-35_151,20.20797602335612,23.619047164916992,20.705194674947805,24.08860159433016,2002,Jervis Bay Marine Park,1
Dinolestes lewini,-35.08,150.79,2019,3,30,12.5,2,-35_151,20.20797602335612,23.619047164916992,20.705194674947805,24.08860159433016,2002,Jervis Bay Marine Park,1
Dinolestes lewini,-35.12,150.71,2019,3,31,10,1,-35_151,20.20797602335612,23.619047164916992,20.705194674947805,24.08860159433016,NA,NA,0
Dinolestes lewini,-35.13,150.73,2019,3,31,12.5,1,-35_151,20.20797602335612,23.619047164916992,20.705194674947805,24.08860159433016,NA,NA,0
Dinolestes lewini,-35.13,150.73,2019,3,31,20,1,-35_151,20.20797602335612,23.619047164916992,20.705194674947805,24.08860159433016,NA,NA,0
Dinolestes lewini,-35.09,150.69,2019,3,27,15,2,-35_151,20.20797602335612,23.619047164916992,20.705194674947805,24.08860159433016,2002,Jervis Bay Marine Park,1
Dinolestes lewini,-35.1,150.69,2019,3,28,15,3,-35_151,20.20797602335612,23.619047164916992,20.705194674947805,24.08860159433016,NA,NA,0
Dinolestes lewini,-35.1,150.69,2019,3,28,15,5,-35_151,20.20797602335612,23.619047164916992,20.705194674947805,24.08860159433016,NA,NA,0
Dinolestes lewini,-35.08,150.8,2019,3,29,35,2,-35_151,20.20797602335612,23.619047164916992,20.705194674947805,24.08860159433016,2002,Jervis Bay Marine Park,1
Dinolestes lewini,-35.08,150.8,2019,3,29,35,1,-35_151,20.20797602335612,23.619047164916992,20.705194674947805,24.08860159433016,2002,Jervis Bay Marine Park,1
Dinolestes lewini,-35.08,150.79,2019,3,29,35,1,-35_151,20.20797602335612,23.619047164916992,20.705194674947805,24.08860159433016,2002,Jervis Bay Marine Park,1
Dinolestes lewini,-35.08,150.79,2019,3,29,35,5,-35_151,20.20797602335612,23.619047164916992,20.705194674947805,24.08860159433016,2002,Jervis Bay Marine Park,1
Dinolestes lewini,-35.01,150.83,2019,3,26,12.5,1,-35_151,20.20797602335612,23.619047164916992,20.705194674947805,24.08860159433016,NA,NA,0
Dinolestes lewini,-35.01,150.83,2019,3,26,15,1,-35_151,20.20797602335612,23.619047164916992,20.705194674947805,24.08860159433016,NA,NA,0
Dinolestes lewini,-35.11,150.77,2019,3,28,20,10,-35_151,20.20797602335612,23.619047164916992,20.705194674947805,24.08860159433016,NA,NA,0
Dinolestes lewini,-35.12,150.76,2019,3,28,40,1,-35_151,20.20797602335612,23.619047164916992,20.705194674947805,24.08860159433016,2002,Booderee National Park,1
Dinolestes lewini,-35.12,150.76,2019,3,28,35,1,-35_151,20.20797602335612,23.619047164916992,20.705194674947805,24.08860159433016,2002,Booderee National Park,1
Dinolestes lewini,-35.08,150.8,2019,3,29,30,11,-35_151,20.20797602335612,23.619047164916992,20.705194674947805,24.08860159433016,2002,Jervis Bay Marine Park,1
Dinolestes lewini,-35.08,150.79,2019,3,29,35,2,-35_151,20.20797602335612,23.619047164916992,20.705194674947805,24.08860159433016,2002,Jervis Bay Marine Park,1
Dinolestes lewini,-35.01,150.83,2019,3,26,15,5,-35_151,20.20797602335612,23.619047164916992,20.705194674947805,24.08860159433016,NA,NA,0
Dinolestes lewini,-35.01,150.83,2019,3,26,12.5,1,-35_151,20.20797602335612,23.619047164916992,20.705194674947805,24.08860159433016,NA,NA,0
Dinolestes lewini,-35.09,150.8,2019,3,30,20,1,-35_151,20.20797602335612,23.619047164916992,20.705194674947805,24.08860159433016,NA,NA,0
Dinolestes lewini,-35.09,150.8,2019,3,30,15,1,-35_151,20.20797602335612,23.619047164916992,20.705194674947805,24.08860159433016,NA,NA,0
Dinolestes lewini,-35.09,150.8,2019,3,30,15,2,-35_151,20.20797602335612,23.619047164916992,20.705194674947805,24.08860159433016,NA,NA,0
Dinolestes lewini,-35.09,150.8,2019,3,30,25,1,-35_151,20.20797602335612,23.619047164916992,20.705194674947805,24.08860159433016,NA,NA,0
Dinolestes lewini,-35.09,150.8,2019,3,30,30,1,-35_151,20.20797602335612,23.619047164916992,20.705194674947805,24.08860159433016,NA,NA,0
Dinolestes lewini,-35.09,150.8,2019,3,30,20,2,-35_151,20.20797602335612,23.619047164916992,20.705194674947805,24.08860159433016,NA,NA,0
Dinolestes lewini,-35.09,150.8,2019,3,30,35,1,-35_151,20.20797602335612,23.619047164916992,20.705194674947805,24.08860159433016,NA,NA,0
Dinolestes lewini,-35.08,150.79,2019,3,30,30,3,-35_151,20.20797602335612,23.619047164916992,20.705194674947805,24.08860159433016,2002,Jervis Bay Marine Park,1
Dinolestes lewini,-35.12,150.71,2019,3,31,30,5,-35_151,20.20797602335612,23.619047164916992,20.705194674947805,24.08860159433016,NA,NA,0
Dinolestes lewini,-32.71,152.16,2019,8,3,12.5,40,-33_152,21.577637672424316,19.10185813903809,21.50456922728874,19.27037590293474,1983,Fly Point-Halifax Park,1
Dinolestes lewini,-35.08,150.79,2019,3,30,20,1,-35_151,20.20797602335612,23.619047164916992,20.705194674947805,24.08860159433016,2002,Jervis Bay Marine Park,1
Dinolestes lewini,-35.09,150.69,2019,3,27,12.5,1,-35_151,20.20797602335612,23.619047164916992,20.705194674947805,24.08860159433016,2002,Jervis Bay Marine Park,1
Dinolestes lewini,-35.08,150.8,2019,3,29,30,1,-35_151,20.20797602335612,23.619047164916992,20.705194674947805,24.08860159433016,2002,Jervis Bay Marine Park,1
Dinolestes lewini,-35.08,150.8,2019,3,29,35,1,-35_151,20.20797602335612,23.619047164916992,20.705194674947805,24.08860159433016,2002,Jervis Bay Marine Park,1
Dinolestes lewini,-35.09,150.8,2019,3,30,20,1,-35_151,20.20797602335612,23.619047164916992,20.705194674947805,24.08860159433016,NA,NA,0
Dinolestes lewini,-35.09,150.8,2019,3,30,15,1,-35_151,20.20797602335612,23.619047164916992,20.705194674947805,24.08860159433016,NA,NA,0
Dinolestes lewini,-41.87,148.31,2019,3,21,15,1,-42_148,15.005494038263956,17.650680541992188,15.03421467508263,17.829676997277044,1991,Bicheno Marine Reserve,1
Dinolestes lewini,-41.87,148.31,2019,3,21,15,1,-42_148,15.005494038263956,17.650680541992188,15.03421467508263,17.829676997277044,1991,Bicheno Marine Reserve,1
Dinolestes lewini,-41.87,148.31,2019,3,21,25,1,-42_148,15.005494038263956,17.650680541992188,15.03421467508263,17.829676997277044,1991,Bicheno Marine Reserve,1
Dinolestes lewini,-41.87,148.31,2019,3,21,25,11,-42_148,15.005494038263956,17.650680541992188,15.03421467508263,17.829676997277044,1991,Bicheno Marine Reserve,1
Dinolestes lewini,-41.87,148.31,2019,3,21,30,1,-42_148,15.005494038263956,17.650680541992188,15.03421467508263,17.829676997277044,1991,Bicheno Marine Reserve,1
Dinolestes lewini,-41.87,148.31,2019,3,21,35,1,-42_148,15.005494038263956,17.650680541992188,15.03421467508263,17.829676997277044,1991,Bicheno Marine Reserve,1
Dinolestes lewini,-41.87,148.31,2019,3,21,20,1,-42_148,15.005494038263956,17.650680541992188,15.03421467508263,17.829676997277044,1991,Bicheno Marine Reserve,1
Dinolestes lewini,-43.14,147.97,2021,1,8,12.5,1,-43_148,14.248938242594402,16.52606201171875,14.948472898792621,17.481644796556044,NA,NA,0
Dinolestes lewini,-43.14,147.87,2021,1,9,30,1,-43_148,14.248938242594402,16.52606201171875,14.948472898792621,17.481644796556044,NA,NA,0
Dinolestes lewini,-43.14,147.87,2021,1,9,10,2,-43_148,14.248938242594402,16.52606201171875,14.948472898792621,17.481644796556044,NA,NA,0
Dinolestes lewini,-43.14,147.87,2021,1,9,35,1,-43_148,14.248938242594402,16.52606201171875,14.948472898792621,17.481644796556044,NA,NA,0
Dinolestes lewini,-43.13,147.96,2021,1,8,15,1,-43_148,14.248938242594402,16.52606201171875,14.948472898792621,17.481644796556044,NA,NA,0
Dinolestes lewini,-43,147.33,2021,1,9,15,36,-43_147,13.647172451019287,15.743571281433104,14.306840743347125,16.015160880550262,NA,NA,0
Dinolestes lewini,-43,147.33,2021,1,9,20,2,-43_147,13.647172451019287,15.743571281433104,14.306840743347125,16.015160880550262,NA,NA,0
Dinolestes lewini,-42.95,147.36,2021,1,9,15,25,-43_147,13.647172451019287,15.743571281433104,14.306840743347125,16.015160880550262,NA,NA,0
Dinolestes lewini,-42.95,147.36,2021,1,9,20,30,-43_147,13.647172451019287,15.743571281433104,14.306840743347125,16.015160880550262,NA,NA,0
Dinolestes lewini,-42.95,147.36,2021,1,10,15,1,-43_147,13.647172451019287,15.743571281433104,14.306840743347125,16.015160880550262,NA,NA,0
Dinolestes lewini,-32.71,152.16,2021,3,28,30,1,-33_152,21.3498477935791,23.353351593017575,21.406593004298873,24.8588166903424,1983,Fly Point-Halifax Park,1
Dinolestes lewini,-32.71,152.16,2021,5,13,20,3,-33_152,21.3498477935791,21.43103790283203,21.406593004298873,21.3688705044408,1983,Fly Point-Halifax Park,1
Dinolestes lewini,-32.71,152.16,2021,5,13,25,7,-33_152,21.3498477935791,21.43103790283203,21.406593004298873,21.3688705044408,1983,Fly Point-Halifax Park,1
Dinolestes lewini,-32.71,152.16,2021,5,13,30,5,-33_152,21.3498477935791,21.43103790283203,21.406593004298873,21.3688705044408,1983,Fly Point-Halifax Park,1
Dinolestes lewini,-32.71,152.15,2021,5,14,40,15,-33_152,21.3498477935791,21.43103790283203,21.406593004298873,21.3688705044408,1983,Fly Point-Halifax Park,1
Dinolestes lewini,-32.71,152.15,2021,5,14,25,1,-33_152,21.3498477935791,21.43103790283203,21.406593004298873,21.3688705044408,1983,Fly Point-Halifax Park,1
Dinolestes lewini,-32.79,152.11,2021,5,17,25,1,-33_152,21.3498477935791,21.43103790283203,21.406593004298873,21.3688705044408,NA,NA,0
Dinolestes lewini,-32.71,152.16,2021,5,15,30,10,-33_152,21.3498477935791,21.43103790283203,21.406593004298873,21.3688705044408,1983,Fly Point-Halifax Park,1
Dinolestes lewini,-32.71,152.16,2021,5,15,35,10,-33_152,21.3498477935791,21.43103790283203,21.406593004298873,21.3688705044408,1983,Fly Point-Halifax Park,1
Dinolestes lewini,-32.71,152.15,2021,5,15,15,38,-33_152,21.3498477935791,21.43103790283203,21.406593004298873,21.3688705044408,1983,Fly Point-Halifax Park,1
Dinolestes lewini,-32.71,152.15,2021,2,13,20,60,-33_152,21.3498477935791,24.277095794677734,21.406593004298873,23.52330304327465,1983,Fly Point-Halifax Park,1
Dinolestes lewini,-32.71,152.15,2021,2,13,20,65,-33_152,21.3498477935791,24.277095794677734,21.406593004298873,23.52330304327465,1983,Fly Point-Halifax Park,1
Dinolestes lewini,-35.08,150.8,2021,4,10,35,1,-35_151,19.995348771413166,21.834239959716797,20.313812570239033,22.41377730899387,2002,Jervis Bay Marine Park,1
Dinolestes lewini,-35.08,150.8,2021,4,10,25,1,-35_151,19.995348771413166,21.834239959716797,20.313812570239033,22.41377730899387,2002,Jervis Bay Marine Park,1
Dinolestes lewini,-35.07,150.77,2021,4,10,20,6,-35_151,19.995348771413166,21.834239959716797,20.313812570239033,22.41377730899387,2002,Jervis Bay Marine Park,1
Dinolestes lewini,-35.07,150.77,2021,4,10,25,6,-35_151,19.995348771413166,21.834239959716797,20.313812570239033,22.41377730899387,2002,Jervis Bay Marine Park,1
Dinolestes lewini,-35.07,150.77,2021,4,10,30,1,-35_151,19.995348771413166,21.834239959716797,20.313812570239033,22.41377730899387,2002,Jervis Bay Marine Park,1
Dinolestes lewini,-35.07,150.77,2021,4,10,20,2,-35_151,19.995348771413166,21.834239959716797,20.313812570239033,22.41377730899387,2002,Jervis Bay Marine Park,1
Dinolestes lewini,-35.07,150.77,2021,4,10,25,3,-35_151,19.995348771413166,21.834239959716797,20.313812570239033,22.41377730899387,2002,Jervis Bay Marine Park,1
Dinolestes lewini,-35.12,150.71,2021,4,11,25,1,-35_151,19.995348771413166,21.834239959716797,20.313812570239033,22.41377730899387,NA,NA,0
Dinolestes lewini,-35.11,150.77,2021,4,12,25,1,-35_151,19.995348771413166,21.834239959716797,20.313812570239033,22.41377730899387,NA,NA,0
Dinolestes lewini,-35.09,150.69,2021,4,9,15,10,-35_151,19.995348771413166,21.834239959716797,20.313812570239033,22.41377730899387,2002,Jervis Bay Marine Park,1
Dinolestes lewini,-35.09,150.69,2021,4,9,20,20,-35_151,19.995348771413166,21.834239959716797,20.313812570239033,22.41377730899387,2002,Jervis Bay Marine Park,1
Dinolestes lewini,-35.09,150.69,2021,4,9,7.5,2,-35_151,19.995348771413166,21.834239959716797,20.313812570239033,22.41377730899387,2002,Jervis Bay Marine Park,1
Dinolestes lewini,-35.09,150.69,2021,4,9,10,2,-35_151,19.995348771413166,21.834239959716797,20.313812570239033,22.41377730899387,2002,Jervis Bay Marine Park,1
Dinolestes lewini,-35.08,150.8,2021,4,10,25,5,-35_151,19.995348771413166,21.834239959716797,20.313812570239033,22.41377730899387,2002,Jervis Bay Marine Park,1
Dinolestes lewini,-35.08,150.8,2021,4,10,30,3,-35_151,19.995348771413166,21.834239959716797,20.313812570239033,22.41377730899387,2002,Jervis Bay Marine Park,1
Dinolestes lewini,-35.08,150.8,2021,4,10,35,3,-35_151,19.995348771413166,21.834239959716797,20.313812570239033,22.41377730899387,2002,Jervis Bay Marine Park,1
Dinolestes lewini,-35.08,150.8,2021,4,10,25,2,-35_151,19.995348771413166,21.834239959716797,20.313812570239033,22.41377730899387,2002,Jervis Bay Marine Park,1
Dinolestes lewini,-35.08,150.8,2021,4,10,30,1,-35_151,19.995348771413166,21.834239959716797,20.313812570239033,22.41377730899387,2002,Jervis Bay Marine Park,1
Dinolestes lewini,-35.07,150.77,2021,4,10,10,3,-35_151,19.995348771413166,21.834239959716797,20.313812570239033,22.41377730899387,2002,Jervis Bay Marine Park,1
Dinolestes lewini,-35.07,150.77,2021,4,10,12.5,1,-35_151,19.995348771413166,21.834239959716797,20.313812570239033,22.41377730899387,2002,Jervis Bay Marine Park,1
Dinolestes lewini,-35.07,150.77,2021,4,10,20,2,-35_151,19.995348771413166,21.834239959716797,20.313812570239033,22.41377730899387,2002,Jervis Bay Marine Park,1
Dinolestes lewini,-35.1,150.7,2021,4,10,7.5,6,-35_151,19.995348771413166,21.834239959716797,20.313812570239033,22.41377730899387,2002,Jervis Bay Marine Park,1
Dinolestes lewini,-35.1,150.7,2021,4,10,10,70,-35_151,19.995348771413166,21.834239959716797,20.313812570239033,22.41377730899387,2002,Jervis Bay Marine Park,1
Dinolestes lewini,-35.1,150.7,2021,4,10,12.5,10,-35_151,19.995348771413166,21.834239959716797,20.313812570239033,22.41377730899387,2002,Jervis Bay Marine Park,1
Dinolestes lewini,-35.1,150.7,2021,4,10,15,20,-35_151,19.995348771413166,21.834239959716797,20.313812570239033,22.41377730899387,2002,Jervis Bay Marine Park,1
Dinolestes lewini,-35.1,150.7,2021,4,10,20,1,-35_151,19.995348771413166,21.834239959716797,20.313812570239033,22.41377730899387,2002,Jervis Bay Marine Park,1
Dinolestes lewini,-35.1,150.7,2021,4,10,10,8,-35_151,19.995348771413166,21.834239959716797,20.313812570239033,22.41377730899387,2002,Jervis Bay Marine Park,1
Dinolestes lewini,-35.09,150.69,2021,4,10,15,1,-35_151,19.995348771413166,21.834239959716797,20.313812570239033,22.41377730899387,2002,Jervis Bay Marine Park,1
Dinolestes lewini,-33.99,151.23,2021,2,6,25,1,-34_151,20.64797862370809,23.614347457885746,20.950210547590647,22.818303057125636,NA,NA,0
Dinolestes lewini,-33.99,151.23,2021,2,6,30,1,-34_151,20.64797862370809,23.614347457885746,20.950210547590647,22.818303057125636,NA,NA,0
Dinolestes lewini,-33.82,151.3,2021,3,13,20,2,-34_151,20.64797862370809,22.626602172851563,20.950210547590647,24.65338659286499,NA,NA,0
Dinolestes lewini,-35.07,150.77,2021,4,10,12.5,2,-35_151,19.995348771413166,21.834239959716797,20.313812570239033,22.41377730899387,2002,Jervis Bay Marine Park,1
Dinolestes lewini,-35.12,150.71,2021,4,11,10,1,-35_151,19.995348771413166,21.834239959716797,20.313812570239033,22.41377730899387,NA,NA,0
Dinolestes lewini,-35.11,150.77,2021,4,12,15,1,-35_151,19.995348771413166,21.834239959716797,20.313812570239033,22.41377730899387,2002,Booderee National Park,1
Dinolestes lewini,-35.07,150.77,2021,4,10,15,2,-35_151,19.995348771413166,21.834239959716797,20.313812570239033,22.41377730899387,2002,Jervis Bay Marine Park,1
Dinolestes lewini,-35.07,150.77,2021,4,10,15,1,-35_151,19.995348771413166,21.834239959716797,20.313812570239033,22.41377730899387,2002,Jervis Bay Marine Park,1
Dinolestes lewini,-35.08,150.8,2021,4,10,20,1,-35_151,19.995348771413166,21.834239959716797,20.313812570239033,22.41377730899387,2002,Jervis Bay Marine Park,1
Dinolestes lewini,-35.13,150.73,2021,4,11,12.5,1,-35_151,19.995348771413166,21.834239959716797,20.313812570239033,22.41377730899387,NA,NA,0
Dinolestes lewini,-35.11,150.77,2021,4,12,7.5,30,-35_151,19.995348771413166,21.834239959716797,20.313812570239033,22.41377730899387,NA,NA,0
Dinolestes lewini,-35.11,150.77,2021,4,12,10,1,-35_151,19.995348771413166,21.834239959716797,20.313812570239033,22.41377730899387,NA,NA,0
Dinolestes lewini,-35.11,150.77,2021,4,12,10,10,-35_151,19.995348771413166,21.834239959716797,20.313812570239033,22.41377730899387,2002,Booderee National Park,1
Dinolestes lewini,-35.11,150.77,2021,4,12,20,10,-35_151,19.995348771413166,21.834239959716797,20.313812570239033,22.41377730899387,2002,Booderee National Park,1
Dinolestes lewini,-35.07,150.77,2021,4,10,12.5,1,-35_151,19.995348771413166,21.834239959716797,20.313812570239033,22.41377730899387,2002,Jervis Bay Marine Park,1
Dinolestes lewini,-35.07,150.77,2021,4,10,7.5,2,-35_151,19.995348771413166,21.834239959716797,20.313812570239033,22.41377730899387,2002,Jervis Bay Marine Park,1
Dinolestes lewini,-35.07,150.77,2021,4,10,10,1,-35_151,19.995348771413166,21.834239959716797,20.313812570239033,22.41377730899387,2002,Jervis Bay Marine Park,1
Dinolestes lewini,-35.13,150.73,2021,4,11,10,2,-35_151,19.995348771413166,21.834239959716797,20.313812570239033,22.41377730899387,NA,NA,0
Dinolestes lewini,-35.11,150.77,2021,4,12,10,10,-35_151,19.995348771413166,21.834239959716797,20.313812570239033,22.41377730899387,2002,Booderee National Park,1
Dinolestes lewini,-35.11,150.77,2021,4,12,15,20,-35_151,19.995348771413166,21.834239959716797,20.313812570239033,22.41377730899387,2002,Booderee National Park,1
Dinolestes lewini,-33.84,151.29,2021,4,3,20,1,-34_151,20.64797862370809,22.47407341003418,20.950210547590647,22.6909161567688,NA,NA,0
Dinolestes lewini,-33.84,151.29,2021,4,3,25,1,-34_151,20.64797862370809,22.47407341003418,20.950210547590647,22.6909161567688,NA,NA,0
Dinolestes lewini,-33.84,151.29,2021,4,3,30,1,-34_151,20.64797862370809,22.47407341003418,20.950210547590647,22.6909161567688,NA,NA,0
Dinolestes lewini,-33.81,151.27,2021,4,5,30,30,-34_151,20.64797862370809,22.47407341003418,20.950210547590647,22.6909161567688,NA,NA,0
Dinolestes lewini,-33.82,151.29,2021,3,13,20,1,-34_151,20.64797862370809,22.626602172851563,20.950210547590647,24.65338659286499,NA,NA,0
Dinolestes lewini,-33.81,151.27,2021,4,5,15,1,-34_151,20.64797862370809,22.47407341003418,20.950210547590647,22.6909161567688,NA,NA,0
Dinolestes lewini,-33.81,151.27,2021,4,5,20,1,-34_151,20.64797862370809,22.47407341003418,20.950210547590647,22.6909161567688,NA,NA,0
Dinolestes lewini,-33.84,151.28,2021,3,7,25,10,-34_151,20.64797862370809,22.626602172851563,20.950210547590647,24.65338659286499,NA,NA,0
Dinolestes lewini,-33.82,151.29,2021,3,13,20,1,-34_151,20.64797862370809,22.626602172851563,20.950210547590647,24.65338659286499,NA,NA,0
Dinolestes lewini,-33.8,151.3,2019,11,16,20,1,-34_151,20.84144163131714,20.113094329833984,21.110917770883944,19.948749542236328,2002,Cabbage Tree Bay Aquatic Reserve,1
Dinolestes lewini,-33.8,151.3,2019,11,16,35,1,-34_151,20.84144163131714,20.113094329833984,21.110917770883944,19.948749542236328,2002,Cabbage Tree Bay Aquatic Reserve,1
Dinolestes lewini,-33.8,151.3,2019,11,16,10,1,-34_151,20.84144163131714,20.113094329833984,21.110917770883944,19.948749542236328,2002,Cabbage Tree Bay Aquatic Reserve,1
Dinolestes lewini,-33.8,151.3,2019,11,16,12.5,10,-34_151,20.84144163131714,20.113094329833984,21.110917770883944,19.948749542236328,2002,Cabbage Tree Bay Aquatic Reserve,1
Dinolestes lewini,-33.8,151.3,2019,11,16,15,10,-34_151,20.84144163131714,20.113094329833984,21.110917770883944,19.948749542236328,2002,Cabbage Tree Bay Aquatic Reserve,1
Dinolestes lewini,-33.8,151.3,2019,11,16,25,3,-34_151,20.84144163131714,20.113094329833984,21.110917770883944,19.948749542236328,2002,Cabbage Tree Bay Aquatic Reserve,1
Dinolestes lewini,-42.96,148.01,2020,1,19,30,1,-43_148,14.122483571370443,15.72960090637207,14.312358311068039,15.899515724182129,NA,NA,0
Dinolestes lewini,-33.8,151.29,2020,3,7,30,3,-34_151,20.47879107793172,23.24465560913086,20.320949783510542,22.50378973253312,2002,Cabbage Tree Bay Aquatic Reserve,1
Dinolestes lewini,-33.8,151.3,2020,3,15,30,5,-34_151,20.47879107793172,23.24465560913086,20.320949783510542,22.50378973253312,2002,Cabbage Tree Bay Aquatic Reserve,1
Dinolestes lewini,-33.8,151.3,2020,3,15,30,3,-34_151,20.47879107793172,23.24465560913086,20.320949783510542,22.50378973253312,2002,Cabbage Tree Bay Aquatic Reserve,1
Dinolestes lewini,-33.8,151.3,2020,3,15,35,2,-34_151,20.47879107793172,23.24465560913086,20.320949783510542,22.50378973253312,2002,Cabbage Tree Bay Aquatic Reserve,1
Dinolestes lewini,-33.8,151.3,2020,3,21,15,1,-34_151,20.47879107793172,23.24465560913086,20.320949783510542,22.50378973253312,2002,Cabbage Tree Bay Aquatic Reserve,1
Dinolestes lewini,-33.8,151.29,2020,3,7,25,1,-34_151,20.47879107793172,23.24465560913086,20.320949783510542,22.50378973253312,2002,Cabbage Tree Bay Aquatic Reserve,1
Dinolestes lewini,-32.71,152.15,2020,3,8,15,1,-33_152,21.14071750640869,23.809717178344727,20.924786733812393,22.628870528231385,1983,Fly Point-Halifax Park,1
Dinolestes lewini,-32.71,152.15,2020,3,8,20,2,-33_152,21.14071750640869,23.809717178344727,20.924786733812393,22.628870528231385,1983,Fly Point-Halifax Park,1
Dinolestes lewini,-34.07,151.13,2020,2,29,20,3,-34_151,20.47879107793172,23.545684814453125,20.320949783510542,23.131033930285223,1982,Shiprock Aquatic Reserve,1
Dinolestes lewini,-34.07,151.13,2020,2,29,25,3,-34_151,20.47879107793172,23.545684814453125,20.320949783510542,23.131033930285223,1982,Shiprock Aquatic Reserve,1
Dinolestes lewini,-34.07,151.13,2020,2,29,35,1,-34_151,20.47879107793172,23.545684814453125,20.320949783510542,23.131033930285223,1982,Shiprock Aquatic Reserve,1
Dinolestes lewini,-33.84,151.25,2020,3,7,20,1,-34_151,20.47879107793172,23.24465560913086,20.320949783510542,22.50378973253312,NA,NA,0
Dinolestes lewini,-33.99,151.23,2020,3,22,20,1,-34_151,20.47879107793172,23.24465560913086,20.320949783510542,22.50378973253312,NA,NA,0
Dinolestes lewini,-39.08,146.32,2020,3,11,15,3,-39_146,15.362107197443644,18.001983642578125,15.223900851421966,17.618100026175114,2002,Wilsons Promontory Marine National Park,1
Dinolestes lewini,-39.08,146.32,2020,3,11,20,3,-39_146,15.362107197443644,18.001983642578125,15.223900851421966,17.618100026175114,2002,Wilsons Promontory Marine National Park,1
Dinolestes lewini,-39.1,146.33,2020,3,11,7.5,1,-39_146,15.362107197443644,18.001983642578125,15.223900851421966,17.618100026175114,2002,Wilsons Promontory Marine National Park,1
Dinolestes lewini,-39.08,146.23,2020,3,12,25,1,-39_146,15.362107197443644,18.001983642578125,15.223900851421966,17.618100026175114,NA,NA,0
Dinolestes lewini,-39.11,146.34,2020,3,12,15,10,-39_146,15.362107197443644,18.001983642578125,15.223900851421966,17.618100026175114,2002,Wilsons Promontory Marine National Park,1
Dinolestes lewini,-39.11,146.34,2020,3,12,20,11,-39_146,15.362107197443644,18.001983642578125,15.223900851421966,17.618100026175114,2002,Wilsons Promontory Marine National Park,1
Dinolestes lewini,-39.06,146.45,2020,3,17,15,5,-39_146,15.362107197443644,18.001983642578125,15.223900851421966,17.618100026175114,2002,Wilsons Promontory Marine National Park,1
Dinolestes lewini,-39.06,146.45,2020,3,17,20,2,-39_146,15.362107197443644,18.001983642578125,15.223900851421966,17.618100026175114,2002,Wilsons Promontory Marine National Park,1
Dinolestes lewini,-39.06,146.45,2020,3,17,5,12,-39_146,15.362107197443644,18.001983642578125,15.223900851421966,17.618100026175114,2002,Wilsons Promontory Marine National Park,1
Dinolestes lewini,-39.06,146.45,2020,3,17,20,4,-39_146,15.362107197443644,18.001983642578125,15.223900851421966,17.618100026175114,2002,Wilsons Promontory Marine National Park,1
Dinolestes lewini,-39.05,146.48,2020,3,18,20,30,-39_146,15.362107197443644,18.001983642578125,15.223900851421966,17.618100026175114,NA,NA,0
Dinolestes lewini,-39.11,146.43,2020,3,13,10,25,-39_146,15.362107197443644,18.001983642578125,15.223900851421966,17.618100026175114,2002,Wilsons Promontory Marine National Park,1
Dinolestes lewini,-39.04,146.3,2020,3,17,20,2,-39_146,15.362107197443644,18.001983642578125,15.223900851421966,17.618100026175114,NA,NA,0
Dinolestes lewini,-39.04,146.3,2020,3,17,30,1,-39_146,15.362107197443644,18.001983642578125,15.223900851421966,17.618100026175114,NA,NA,0
Dinolestes lewini,-39.12,146.42,2020,3,17,20,9,-39_146,15.362107197443644,18.001983642578125,15.223900851421966,17.618100026175114,2002,Wilsons Promontory Marine National Park,1
Dinolestes lewini,-39.12,146.42,2020,3,17,20,6,-39_146,15.362107197443644,18.001983642578125,15.223900851421966,17.618100026175114,2002,Wilsons Promontory Marine National Park,1
Dinolestes lewini,-39.05,146.48,2020,3,17,20,1,-39_146,15.362107197443644,18.001983642578125,15.223900851421966,17.618100026175114,NA,NA,0
Dinolestes lewini,-42.58,148.06,2020,2,25,25,1,-43_148,14.122483571370443,15.954368591308594,14.312358311068039,16.655689331580852,NA,NA,0
Dinolestes lewini,-42.56,148.07,2020,2,25,25,2,-43_148,14.122483571370443,15.954368591308594,14.312358311068039,16.655689331580852,NA,NA,0
Dinolestes lewini,-42.56,148.07,2020,2,25,30,5,-43_148,14.122483571370443,15.954368591308594,14.312358311068039,16.655689331580852,NA,NA,0
Dinolestes lewini,-42.56,148.07,2020,2,25,25,1,-43_148,14.122483571370443,15.954368591308594,14.312358311068039,16.655689331580852,NA,NA,0
Dinolestes lewini,-42.56,148.07,2020,2,25,30,4,-43_148,14.122483571370443,15.954368591308594,14.312358311068039,16.655689331580852,NA,NA,0
Dinolestes lewini,-42.56,148.07,2020,2,25,35,1,-43_148,14.122483571370443,15.954368591308594,14.312358311068039,16.655689331580852,NA,NA,0
Dinolestes lewini,-42.6,148.05,2020,3,10,35,10,-43_148,14.122483571370443,16.338211059570313,14.312358311068039,16.580515766143797,NA,NA,0
Dinolestes lewini,-42.6,148.05,2020,3,10,40,30,-43_148,14.122483571370443,16.338211059570313,14.312358311068039,16.580515766143797,NA,NA,0
Dinolestes lewini,-42.6,148.05,2020,3,10,30,1,-43_148,14.122483571370443,16.338211059570313,14.312358311068039,16.580515766143797,NA,NA,0
Dinolestes lewini,-42.6,148.05,2020,3,10,40,1,-43_148,14.122483571370443,16.338211059570313,14.312358311068039,16.580515766143797,NA,NA,0
Dinolestes lewini,-42.55,147.95,2020,3,11,10,1,-43_148,14.122483571370443,16.338211059570313,14.312358311068039,16.580515766143797,NA,NA,0
Dinolestes lewini,-42.55,147.95,2020,3,11,30,1,-43_148,14.122483571370443,16.338211059570313,14.312358311068039,16.580515766143797,NA,NA,0
Dinolestes lewini,-42.55,147.95,2020,3,11,7.5,1,-43_148,14.122483571370443,16.338211059570313,14.312358311068039,16.580515766143797,NA,NA,0
Dinolestes lewini,-42.55,147.95,2020,3,11,30,2,-43_148,14.122483571370443,16.338211059570313,14.312358311068039,16.580515766143797,NA,NA,0
Dinolestes lewini,-42.55,147.95,2020,3,11,20,1,-43_148,14.122483571370443,16.338211059570313,14.312358311068039,16.580515766143797,NA,NA,0
Dinolestes lewini,-42.59,148.05,2020,3,11,12.5,2,-43_148,14.122483571370443,16.338211059570313,14.312358311068039,16.580515766143797,NA,NA,0
Dinolestes lewini,-42.58,148.05,2020,3,11,40,1,-43_148,14.122483571370443,16.338211059570313,14.312358311068039,16.580515766143797,NA,NA,0
Dinolestes lewini,-42.58,148.05,2020,3,11,12.5,1,-43_148,14.122483571370443,16.338211059570313,14.312358311068039,16.580515766143797,NA,NA,0
Dinolestes lewini,-42.66,148.01,2020,3,19,35,250,-43_148,14.122483571370443,16.338211059570313,14.312358311068039,16.580515766143797,NA,NA,0
Dinolestes lewini,-42.66,148.01,2020,3,19,40,250,-43_148,14.122483571370443,16.338211059570313,14.312358311068039,16.580515766143797,NA,NA,0
Dinolestes lewini,-42.66,148.01,2020,3,19,30,150,-43_148,14.122483571370443,16.338211059570313,14.312358311068039,16.580515766143797,NA,NA,0
Dinolestes lewini,-42.52,147.97,2020,3,20,12.5,25,-43_148,14.122483571370443,16.338211059570313,14.312358311068039,16.580515766143797,NA,NA,0
Dinolestes lewini,-42.52,147.97,2020,3,20,20,1,-43_148,14.122483571370443,16.338211059570313,14.312358311068039,16.580515766143797,NA,NA,0
Dinolestes lewini,-42.52,147.97,2020,3,20,12.5,1,-43_148,14.122483571370443,16.338211059570313,14.312358311068039,16.580515766143797,NA,NA,0
Dinolestes lewini,-42.52,147.97,2020,3,20,12.5,1,-43_148,14.122483571370443,16.338211059570313,14.312358311068039,16.580515766143797,NA,NA,0
Dinolestes lewini,-42.58,147.92,2020,3,20,12.5,1,-43_148,14.122483571370443,16.338211059570313,14.312358311068039,16.580515766143797,NA,NA,0
Dinolestes lewini,-42.58,147.92,2020,3,20,20,2,-43_148,14.122483571370443,16.338211059570313,14.312358311068039,16.580515766143797,NA,NA,0
Dinolestes lewini,-42.58,147.92,2020,3,20,10,1,-43_148,14.122483571370443,16.338211059570313,14.312358311068039,16.580515766143797,NA,NA,0
Dinolestes lewini,-42.58,147.92,2020,3,20,15,1,-43_148,14.122483571370443,16.338211059570313,14.312358311068039,16.580515766143797,NA,NA,0
Dinolestes lewini,-42.58,147.92,2020,3,20,10,1,-43_148,14.122483571370443,16.338211059570313,14.312358311068039,16.580515766143797,NA,NA,0
Dinolestes lewini,-42.58,147.92,2020,3,20,15,1,-43_148,14.122483571370443,16.338211059570313,14.312358311068039,16.580515766143797,NA,NA,0
Dinolestes lewini,-42.58,147.92,2020,3,20,7.5,1,-43_148,14.122483571370443,16.338211059570313,14.312358311068039,16.580515766143797,NA,NA,0
Dinolestes lewini,-42.58,147.92,2020,3,20,15,2,-43_148,14.122483571370443,16.338211059570313,14.312358311068039,16.580515766143797,NA,NA,0
Dinolestes lewini,-42.58,147.92,2020,3,20,10,2,-43_148,14.122483571370443,16.338211059570313,14.312358311068039,16.580515766143797,NA,NA,0
Dinolestes lewini,-42.58,147.92,2020,3,20,12.5,1,-43_148,14.122483571370443,16.338211059570313,14.312358311068039,16.580515766143797,NA,NA,0
Dinolestes lewini,-43.05,147.34,2020,3,23,25,4,-43_147,13.4180006980896,15.450336456298828,13.708054839208355,15.535677066926034,1991,Tinderbox Marine Reserve,1
Dinolestes lewini,-43.05,147.34,2020,3,23,30,3,-43_147,13.4180006980896,15.450336456298828,13.708054839208355,15.535677066926034,1991,Tinderbox Marine Reserve,1
Dinolestes lewini,-43.05,147.34,2020,3,23,35,2,-43_147,13.4180006980896,15.450336456298828,13.708054839208355,15.535677066926034,1991,Tinderbox Marine Reserve,1
Dinolestes lewini,-43.04,147.34,2020,3,23,30,2,-43_147,13.4180006980896,15.450336456298828,13.708054839208355,15.535677066926034,2009,Tinderbox Marine Reserve,1
Dinolestes lewini,-43.06,147.33,2020,3,23,25,10,-43_147,13.4180006980896,15.450336456298828,13.708054839208355,15.535677066926034,1991,Tinderbox Marine Reserve,1
Dinolestes lewini,-43.06,147.33,2020,3,23,30,8,-43_147,13.4180006980896,15.450336456298828,13.708054839208355,15.535677066926034,1991,Tinderbox Marine Reserve,1
Dinolestes lewini,-43.06,147.33,2020,3,23,30,1,-43_147,13.4180006980896,15.450336456298828,13.708054839208355,15.535677066926034,1991,Tinderbox Marine Reserve,1
Dinolestes lewini,-43.06,147.33,2020,3,23,35,1,-43_147,13.4180006980896,15.450336456298828,13.708054839208355,15.535677066926034,1991,Tinderbox Marine Reserve,1
Dinolestes lewini,-43.29,147.14,2020,3,26,12.5,1,-43_147,13.4180006980896,15.450336456298828,13.708054839208355,15.535677066926034,NA,NA,0
Dinolestes lewini,-43.29,147.14,2020,3,26,12.5,1,-43_147,13.4180006980896,15.450336456298828,13.708054839208355,15.535677066926034,NA,NA,0
Dinolestes lewini,-43.29,147.18,2020,3,27,20,1,-43_147,13.4180006980896,15.450336456298828,13.708054839208355,15.535677066926034,NA,NA,0
Dinolestes lewini,-43.29,147.18,2020,3,27,15,1,-43_147,13.4180006980896,15.450336456298828,13.708054839208355,15.535677066926034,NA,NA,0
Dinolestes lewini,-43.27,147.14,2020,3,27,12.5,1,-43_147,13.4180006980896,15.450336456298828,13.708054839208355,15.535677066926034,NA,NA,0
Dinolestes lewini,-36.25,150.23,2019,11,20,35,10,-36_150,19.3161301612854,18.270402908325195,19.964078146767587,18.916055085923936,2007,Batemans Marine Park,1
Dinolestes lewini,-36.25,150.23,2019,11,20,25,50,-36_150,19.3161301612854,18.270402908325195,19.964078146767587,18.916055085923936,2007,Batemans Marine Park,1
Dinolestes lewini,-36.25,150.23,2019,11,20,30,5,-36_150,19.3161301612854,18.270402908325195,19.964078146767587,18.916055085923936,2007,Batemans Marine Park,1
Dinolestes lewini,-36.01,150.17,2019,11,23,20,1,-36_150,19.3161301612854,18.270402908325195,19.964078146767587,18.916055085923936,2007,Batemans Marine Park,1
Dinolestes lewini,-36.01,150.17,2019,11,23,15,1,-36_150,19.3161301612854,18.270402908325195,19.964078146767587,18.916055085923936,2007,Batemans Marine Park,1
Dinolestes lewini,-36.17,150.14,2019,11,19,7.5,5,-36_150,19.3161301612854,18.270402908325195,19.964078146767587,18.916055085923936,NA,NA,0
Dinolestes lewini,-36.17,150.14,2019,11,19,10,2,-36_150,19.3161301612854,18.270402908325195,19.964078146767587,18.916055085923936,NA,NA,0
Dinolestes lewini,-36.17,150.14,2019,11,19,15,10,-36_150,19.3161301612854,18.270402908325195,19.964078146767587,18.916055085923936,NA,NA,0
Dinolestes lewini,-36.17,150.14,2019,11,19,20,10,-36_150,19.3161301612854,18.270402908325195,19.964078146767587,18.916055085923936,NA,NA,0
Dinolestes lewini,-36.17,150.14,2019,11,19,25,5,-36_150,19.3161301612854,18.270402908325195,19.964078146767587,18.916055085923936,NA,NA,0
Dinolestes lewini,-36.17,150.14,2019,11,19,30,5,-36_150,19.3161301612854,18.270402908325195,19.964078146767587,18.916055085923936,NA,NA,0
Dinolestes lewini,-35.82,150.24,2019,11,28,40,4,-36_150,19.3161301612854,18.270402908325195,19.964078146767587,18.916055085923936,2007,Batemans Marine Park,1
Dinolestes lewini,-36.25,150.22,2019,11,24,20,5,-36_150,19.3161301612854,18.270402908325195,19.964078146767587,18.916055085923936,NA,NA,0
Dinolestes lewini,-36.25,150.22,2019,11,24,25,12,-36_150,19.3161301612854,18.270402908325195,19.964078146767587,18.916055085923936,NA,NA,0
Dinolestes lewini,-36.25,150.22,2019,11,24,20,1,-36_150,19.3161301612854,18.270402908325195,19.964078146767587,18.916055085923936,NA,NA,0
Dinolestes lewini,-36.25,150.22,2019,11,24,25,6,-36_150,19.3161301612854,18.270402908325195,19.964078146767587,18.916055085923936,NA,NA,0
Dinolestes lewini,-36.25,150.22,2019,11,24,30,5,-36_150,19.3161301612854,18.270402908325195,19.964078146767587,18.916055085923936,NA,NA,0
Dinolestes lewini,-36.25,150.22,2019,11,24,35,3,-36_150,19.3161301612854,18.270402908325195,19.964078146767587,18.916055085923936,NA,NA,0
Dinolestes lewini,-36.26,150.15,2019,11,26,20,1,-36_150,19.3161301612854,18.270402908325195,19.964078146767587,18.916055085923936,2007,Batemans Marine Park,1
Dinolestes lewini,-36.26,150.15,2019,11,26,25,1,-36_150,19.3161301612854,18.270402908325195,19.964078146767587,18.916055085923936,2007,Batemans Marine Park,1
Dinolestes lewini,-36.26,150.15,2019,11,26,30,1,-36_150,19.3161301612854,18.270402908325195,19.964078146767587,18.916055085923936,2007,Batemans Marine Park,1
Dinolestes lewini,-36.26,150.15,2019,11,26,35,1,-36_150,19.3161301612854,18.270402908325195,19.964078146767587,18.916055085923936,2007,Batemans Marine Park,1
Dinolestes lewini,-36.26,150.15,2019,11,26,30,1,-36_150,19.3161301612854,18.270402908325195,19.964078146767587,18.916055085923936,2007,Batemans Marine Park,1
Dinolestes lewini,-36.26,150.15,2019,11,26,20,1,-36_150,19.3161301612854,18.270402908325195,19.964078146767587,18.916055085923936,2007,Batemans Marine Park,1
Dinolestes lewini,-36.16,150.13,2019,11,19,30,1,-36_150,19.3161301612854,18.270402908325195,19.964078146767587,18.916055085923936,NA,NA,0
Dinolestes lewini,-36.16,150.13,2019,11,19,35,1,-36_150,19.3161301612854,18.270402908325195,19.964078146767587,18.916055085923936,NA,NA,0
Dinolestes lewini,-36.16,150.13,2019,11,19,35,1,-36_150,19.3161301612854,18.270402908325195,19.964078146767587,18.916055085923936,NA,NA,0
Dinolestes lewini,-35.82,150.24,2019,11,28,20,1,-36_150,19.3161301612854,18.270402908325195,19.964078146767587,18.916055085923936,2007,Batemans Marine Park,1
Dinolestes lewini,-35.82,150.24,2019,11,28,20,1,-36_150,19.3161301612854,18.270402908325195,19.964078146767587,18.916055085923936,2007,Batemans Marine Park,1
Dinolestes lewini,-36.01,150.17,2019,11,23,15,1,-36_150,19.3161301612854,18.270402908325195,19.964078146767587,18.916055085923936,2007,Batemans Marine Park,1
Dinolestes lewini,-36.01,150.17,2019,11,23,20,2,-36_150,19.3161301612854,18.270402908325195,19.964078146767587,18.916055085923936,2007,Batemans Marine Park,1
Dinolestes lewini,-36.01,150.17,2019,11,23,20,1,-36_150,19.3161301612854,18.270402908325195,19.964078146767587,18.916055085923936,2007,Batemans Marine Park,1
Dinolestes lewini,-36.01,150.17,2019,11,23,25,1,-36_150,19.3161301612854,18.270402908325195,19.964078146767587,18.916055085923936,2007,Batemans Marine Park,1
Dinolestes lewini,-36.01,150.17,2019,11,23,10,1,-36_150,19.3161301612854,18.270402908325195,19.964078146767587,18.916055085923936,2007,Batemans Marine Park,1
Dinolestes lewini,-36.25,150.23,2019,11,20,30,3,-36_150,19.3161301612854,18.270402908325195,19.964078146767587,18.916055085923936,2007,Batemans Marine Park,1
Dinolestes lewini,-36.25,150.23,2019,11,20,25,10,-36_150,19.3161301612854,18.270402908325195,19.964078146767587,18.916055085923936,2007,Batemans Marine Park,1
Dinolestes lewini,-36.25,150.23,2019,11,20,30,40,-36_150,19.3161301612854,18.270402908325195,19.964078146767587,18.916055085923936,2007,Batemans Marine Park,1
Dinolestes lewini,-36.25,150.23,2019,11,20,35,10,-36_150,19.3161301612854,18.270402908325195,19.964078146767587,18.916055085923936,2007,Batemans Marine Park,1
Dinolestes lewini,-36.25,150.23,2019,11,20,15,10,-36_150,19.3161301612854,18.270402908325195,19.964078146767587,18.916055085923936,2007,Batemans Marine Park,1
Dinolestes lewini,-36.25,150.23,2019,11,20,20,30,-36_150,19.3161301612854,18.270402908325195,19.964078146767587,18.916055085923936,2007,Batemans Marine Park,1
Dinolestes lewini,-36.25,150.23,2019,11,20,25,2,-36_150,19.3161301612854,18.270402908325195,19.964078146767587,18.916055085923936,2007,Batemans Marine Park,1
Dinolestes lewini,-36.25,150.23,2019,11,20,15,5,-36_150,19.3161301612854,18.270402908325195,19.964078146767587,18.916055085923936,2007,Batemans Marine Park,1
Dinolestes lewini,-36.25,150.23,2019,11,20,20,5,-36_150,19.3161301612854,18.270402908325195,19.964078146767587,18.916055085923936,2007,Batemans Marine Park,1
Dinolestes lewini,-36.25,150.23,2019,11,20,15,1,-36_150,19.3161301612854,18.270402908325195,19.964078146767587,18.916055085923936,2007,Batemans Marine Park,1
Dinolestes lewini,-36.16,150.13,2019,11,19,12.5,1,-36_150,19.3161301612854,18.270402908325195,19.964078146767587,18.916055085923936,NA,NA,0
Dinolestes lewini,-36.16,150.13,2019,11,19,20,1,-36_150,19.3161301612854,18.270402908325195,19.964078146767587,18.916055085923936,NA,NA,0
Dinolestes lewini,-35.91,150.16,2019,11,27,25,9,-36_150,19.3161301612854,18.270402908325195,19.964078146767587,18.916055085923936,NA,NA,0
Dinolestes lewini,-35.91,150.16,2019,11,27,30,1,-36_150,19.3161301612854,18.270402908325195,19.964078146767587,18.916055085923936,NA,NA,0
Dinolestes lewini,-35.91,150.16,2019,11,27,25,5,-36_150,19.3161301612854,18.270402908325195,19.964078146767587,18.916055085923936,NA,NA,0
Dinolestes lewini,-35.91,150.16,2019,11,27,30,4,-36_150,19.3161301612854,18.270402908325195,19.964078146767587,18.916055085923936,NA,NA,0
Dinolestes lewini,-35.91,150.16,2019,11,27,40,4,-36_150,19.3161301612854,18.270402908325195,19.964078146767587,18.916055085923936,NA,NA,0
Dinolestes lewini,-35.91,150.16,2019,11,27,15,10,-36_150,19.3161301612854,18.270402908325195,19.964078146767587,18.916055085923936,NA,NA,0
Dinolestes lewini,-35.91,150.16,2019,11,27,25,11,-36_150,19.3161301612854,18.270402908325195,19.964078146767587,18.916055085923936,NA,NA,0
Dinolestes lewini,-35.91,150.16,2019,11,27,30,6,-36_150,19.3161301612854,18.270402908325195,19.964078146767587,18.916055085923936,NA,NA,0
Dinolestes lewini,-35.91,150.16,2019,11,27,20,5,-36_150,19.3161301612854,18.270402908325195,19.964078146767587,18.916055085923936,NA,NA,0
Dinolestes lewini,-35.91,150.16,2019,11,27,30,50,-36_150,19.3161301612854,18.270402908325195,19.964078146767587,18.916055085923936,NA,NA,0
Dinolestes lewini,-35.91,150.16,2019,11,27,35,31,-36_150,19.3161301612854,18.270402908325195,19.964078146767587,18.916055085923936,NA,NA,0
Dinolestes lewini,-35.91,150.16,2019,11,27,7.5,1,-36_150,19.3161301612854,18.270402908325195,19.964078146767587,18.916055085923936,NA,NA,0
Dinolestes lewini,-35.91,150.16,2019,11,27,20,8,-36_150,19.3161301612854,18.270402908325195,19.964078146767587,18.916055085923936,NA,NA,0
Dinolestes lewini,-35.91,150.16,2019,11,27,25,3,-36_150,19.3161301612854,18.270402908325195,19.964078146767587,18.916055085923936,NA,NA,0
Dinolestes lewini,-35.91,150.16,2019,11,27,30,5,-36_150,19.3161301612854,18.270402908325195,19.964078146767587,18.916055085923936,NA,NA,0
Dinolestes lewini,-35.91,150.16,2019,11,27,25,1,-36_150,19.3161301612854,18.270402908325195,19.964078146767587,18.916055085923936,NA,NA,0
Dinolestes lewini,-35.99,150.16,2019,11,23,5,12,-36_150,19.3161301612854,18.270402908325195,19.964078146767587,18.916055085923936,NA,NA,0
Dinolestes lewini,-35.99,150.16,2019,11,23,35,1,-36_150,19.3161301612854,18.270402908325195,19.964078146767587,18.916055085923936,NA,NA,0
Dinolestes lewini,-35.99,150.16,2019,11,23,7.5,51,-36_150,19.3161301612854,18.270402908325195,19.964078146767587,18.916055085923936,NA,NA,0
Dinolestes lewini,-35.99,150.16,2019,11,23,7.5,40,-36_150,19.3161301612854,18.270402908325195,19.964078146767587,18.916055085923936,NA,NA,0
Dinolestes lewini,-35.99,150.16,2019,11,23,10,3,-36_150,19.3161301612854,18.270402908325195,19.964078146767587,18.916055085923936,NA,NA,0
Dinolestes lewini,-35.99,150.16,2019,11,23,12.5,4,-36_150,19.3161301612854,18.270402908325195,19.964078146767587,18.916055085923936,NA,NA,0
Dinolestes lewini,-35.99,150.16,2019,11,23,35,1,-36_150,19.3161301612854,18.270402908325195,19.964078146767587,18.916055085923936,NA,NA,0
Dinolestes lewini,-35.91,150.16,2019,11,27,15,10,-36_150,19.3161301612854,18.270402908325195,19.964078146767587,18.916055085923936,NA,NA,0
Dinolestes lewini,-35.91,150.16,2019,11,27,20,4,-36_150,19.3161301612854,18.270402908325195,19.964078146767587,18.916055085923936,NA,NA,0
Dinolestes lewini,-35.91,150.16,2019,11,27,25,7,-36_150,19.3161301612854,18.270402908325195,19.964078146767587,18.916055085923936,NA,NA,0
Dinolestes lewini,-32.71,152.15,2020,3,13,15,5,-33_152,21.14071750640869,23.809717178344727,20.924786733812393,22.628870528231385,1983,Fly Point-Halifax Park,1
Dinolestes lewini,-32.71,152.15,2020,3,13,20,5,-33_152,21.14071750640869,23.809717178344727,20.924786733812393,22.628870528231385,1983,Fly Point-Halifax Park,1
Dinolestes lewini,-35.91,150.16,2019,11,27,20,20,-36_150,19.3161301612854,18.270402908325195,19.964078146767587,18.916055085923936,NA,NA,0
Dinolestes lewini,-35.91,150.16,2019,11,27,25,10,-36_150,19.3161301612854,18.270402908325195,19.964078146767587,18.916055085923936,NA,NA,0
Dinolestes lewini,-35.91,150.16,2019,11,27,15,80,-36_150,19.3161301612854,18.270402908325195,19.964078146767587,18.916055085923936,NA,NA,0
Dinolestes lewini,-35.91,150.16,2019,11,27,20,120,-36_150,19.3161301612854,18.270402908325195,19.964078146767587,18.916055085923936,NA,NA,0
Dinolestes lewini,-35.91,150.16,2019,11,27,20,20,-36_150,19.3161301612854,18.270402908325195,19.964078146767587,18.916055085923936,NA,NA,0
Dinolestes lewini,-35.91,150.16,2019,11,27,25,10,-36_150,19.3161301612854,18.270402908325195,19.964078146767587,18.916055085923936,NA,NA,0
Dinolestes lewini,-35.91,150.16,2019,11,27,10,1,-36_150,19.3161301612854,18.270402908325195,19.964078146767587,18.916055085923936,NA,NA,0
Dinolestes lewini,-35.91,150.16,2019,11,27,12.5,10,-36_150,19.3161301612854,18.270402908325195,19.964078146767587,18.916055085923936,NA,NA,0
Dinolestes lewini,-35.91,150.16,2019,11,27,15,10,-36_150,19.3161301612854,18.270402908325195,19.964078146767587,18.916055085923936,NA,NA,0
Dinolestes lewini,-35.53,150.42,2019,11,29,25,150,-36_150,19.3161301612854,18.270402908325195,19.964078146767587,18.916055085923936,2007,Batemans Marine Park,1
Dinolestes lewini,-35.53,150.42,2019,11,29,30,20,-36_150,19.3161301612854,18.270402908325195,19.964078146767587,18.916055085923936,2007,Batemans Marine Park,1
Dinolestes lewini,-35.53,150.42,2019,11,29,20,200,-36_150,19.3161301612854,18.270402908325195,19.964078146767587,18.916055085923936,2007,Batemans Marine Park,1
Dinolestes lewini,-33.99,151.23,2018,11,21,25,1,-34_151,20.616589228312176,20.54950904846191,20.38137288106385,20.239166259765625,NA,NA,0
Dinolestes lewini,-33.89,151.28,2020,6,16,30,1,-34_151,20.47879107793172,18.79773330688477,20.320949783510542,19.131832981109618,NA,NA,0
Dinolestes lewini,-33.78,151.29,2020,6,22,25,1,-34_151,20.47879107793172,18.79773330688477,20.320949783510542,19.131832981109618,NA,NA,0
Dinolestes lewini,-33.82,151.29,2020,6,27,35,1,-34_151,20.47879107793172,18.79773330688477,20.320949783510542,19.131832981109618,NA,NA,0
Dinolestes lewini,-33.82,151.3,2020,7,19,20,2,-34_151,20.47879107793172,18.475727081298828,20.320949783510542,18.03080604922387,NA,NA,0
Dinolestes lewini,-33.82,151.3,2020,7,19,25,1,-34_151,20.47879107793172,18.475727081298828,20.320949783510542,18.03080604922387,NA,NA,0
Dinolestes lewini,-33.82,151.29,2020,7,19,25,2,-34_151,20.47879107793172,18.475727081298828,20.320949783510542,18.03080604922387,NA,NA,0
Dinolestes lewini,-33.81,151.31,2020,7,25,30,1,-34_151,20.47879107793172,18.475727081298828,20.320949783510542,18.03080604922387,NA,NA,0
Dinolestes lewini,-33.84,151.29,2020,8,2,20,2,-34_151,20.47879107793172,17.574811935424805,20.320949783510542,17.518628689550585,NA,NA,0
Dinolestes lewini,-33.84,151.29,2020,8,2,25,1,-34_151,20.47879107793172,17.574811935424805,20.320949783510542,17.518628689550585,NA,NA,0
Dinolestes lewini,-32.71,152.15,2020,7,5,20,5,-33_152,21.14071750640869,18.96734046936035,20.924786733812393,18.564327516863425,1983,Fly Point-Halifax Park,1
Dinolestes lewini,-32.71,152.15,2020,7,5,25,6,-33_152,21.14071750640869,18.96734046936035,20.924786733812393,18.564327516863425,1983,Fly Point-Halifax Park,1
Dinolestes lewini,-32.71,152.15,2020,7,5,30,1,-33_152,21.14071750640869,18.96734046936035,20.924786733812393,18.564327516863425,1983,Fly Point-Halifax Park,1
Dinolestes lewini,-32.71,152.15,2020,7,5,12.5,30,-33_152,21.14071750640869,18.96734046936035,20.924786733812393,18.564327516863425,1983,Fly Point-Halifax Park,1
Dinolestes lewini,-33.84,151.28,2021,12,11,25,10,-34_151,20.64797862370809,22.177095413208008,20.950210547590647,22.682096265977428,NA,NA,0
Dinolestes lewini,-33.84,151.28,2021,12,11,30,10,-34_151,20.64797862370809,22.177095413208008,20.950210547590647,22.682096265977428,NA,NA,0
Dinolestes lewini,-33.84,151.28,2021,12,11,35,10,-34_151,20.64797862370809,22.177095413208008,20.950210547590647,22.682096265977428,NA,NA,0
Dinolestes lewini,-42.59,148.05,2021,3,11,20,1,-43_148,14.248938242594402,15.529581069946287,14.948472898792621,17.89125764908329,NA,NA,0
Dinolestes lewini,-42.59,148.05,2021,3,11,25,1,-43_148,14.248938242594402,15.529581069946287,14.948472898792621,17.89125764908329,NA,NA,0
Dinolestes lewini,-42.58,147.92,2021,3,12,30,1,-43_148,14.248938242594402,15.529581069946287,14.948472898792621,17.89125764908329,NA,NA,0
Dinolestes lewini,-42.58,147.92,2021,3,12,7.5,7,-43_148,14.248938242594402,15.529581069946287,14.948472898792621,17.89125764908329,NA,NA,0
Dinolestes lewini,-42.58,147.92,2021,3,12,10,8,-43_148,14.248938242594402,15.529581069946287,14.948472898792621,17.89125764908329,NA,NA,0
Dinolestes lewini,-42.58,147.92,2021,3,12,25,30,-43_148,14.248938242594402,15.529581069946287,14.948472898792621,17.89125764908329,NA,NA,0
Dinolestes lewini,-42.58,147.92,2021,3,12,30,2,-43_148,14.248938242594402,15.529581069946287,14.948472898792621,17.89125764908329,NA,NA,0
Dinolestes lewini,-42.58,147.92,2021,3,12,35,1,-43_148,14.248938242594402,15.529581069946287,14.948472898792621,17.89125764908329,NA,NA,0
Dinolestes lewini,-42.58,147.92,2021,3,12,15,2,-43_148,14.248938242594402,15.529581069946287,14.948472898792621,17.89125764908329,NA,NA,0
Dinolestes lewini,-42.58,147.92,2021,3,12,25,7,-43_148,14.248938242594402,15.529581069946287,14.948472898792621,17.89125764908329,NA,NA,0
Dinolestes lewini,-42.58,147.92,2021,3,12,25,10,-43_148,14.248938242594402,15.529581069946287,14.948472898792621,17.89125764908329,NA,NA,0
Dinolestes lewini,-42.58,147.92,2021,3,12,30,12,-43_148,14.248938242594402,15.529581069946287,14.948472898792621,17.89125764908329,NA,NA,0
Dinolestes lewini,-42.58,147.92,2021,3,12,5,5,-43_148,14.248938242594402,15.529581069946287,14.948472898792621,17.89125764908329,NA,NA,0
Dinolestes lewini,-42.58,147.92,2021,3,12,20,1,-43_148,14.248938242594402,15.529581069946287,14.948472898792621,17.89125764908329,NA,NA,0
Dinolestes lewini,-42.63,148.02,2021,3,16,30,20,-43_148,14.248938242594402,15.529581069946287,14.948472898792621,17.89125764908329,NA,NA,0
Dinolestes lewini,-42.63,148.02,2021,3,16,35,20,-43_148,14.248938242594402,15.529581069946287,14.948472898792621,17.89125764908329,NA,NA,0
Dinolestes lewini,-42.72,148.01,2021,3,11,15,1,-43_148,14.248938242594402,15.529581069946287,14.948472898792621,17.89125764908329,NA,NA,0
Dinolestes lewini,-42.72,148.01,2021,3,11,20,1,-43_148,14.248938242594402,15.529581069946287,14.948472898792621,17.89125764908329,NA,NA,0
Dinolestes lewini,-42.72,148.01,2021,3,11,25,1,-43_148,14.248938242594402,15.529581069946287,14.948472898792621,17.89125764908329,NA,NA,0
Dinolestes lewini,-42.72,148.01,2021,3,11,7.5,2,-43_148,14.248938242594402,15.529581069946287,14.948472898792621,17.89125764908329,NA,NA,0
Dinolestes lewini,-42.72,148.01,2021,3,11,30,1,-43_148,14.248938242594402,15.529581069946287,14.948472898792621,17.89125764908329,NA,NA,0
Dinolestes lewini,-41.9,148.32,2021,4,22,12.5,4,-42_148,15.047024647394817,16.065441131591797,15.46266466709794,17.273055171966554,NA,NA,0
Dinolestes lewini,-41.9,148.32,2021,4,22,10,2,-42_148,15.047024647394817,16.065441131591797,15.46266466709794,17.273055171966554,NA,NA,0
Dinolestes lewini,-41.9,148.32,2021,4,22,12.5,7,-42_148,15.047024647394817,16.065441131591797,15.46266466709794,17.273055171966554,NA,NA,0
Dinolestes lewini,-41.9,148.32,2021,4,22,15,2,-42_148,15.047024647394817,16.065441131591797,15.46266466709794,17.273055171966554,NA,NA,0
Dinolestes lewini,-41.87,148.31,2021,4,21,10,1,-42_148,15.047024647394817,16.065441131591797,15.46266466709794,17.273055171966554,1991,Bicheno Marine Reserve,1
Dinolestes lewini,-41.87,148.31,2021,4,21,12.5,3,-42_148,15.047024647394817,16.065441131591797,15.46266466709794,17.273055171966554,1991,Bicheno Marine Reserve,1
Dinolestes lewini,-41.9,148.32,2021,4,22,10,3,-42_148,15.047024647394817,16.065441131591797,15.46266466709794,17.273055171966554,NA,NA,0
Dinolestes lewini,-41.9,148.32,2021,4,22,12.5,2,-42_148,15.047024647394817,16.065441131591797,15.46266466709794,17.273055171966554,NA,NA,0
Dinolestes lewini,-41.87,148.31,2021,4,21,30,2,-42_148,15.047024647394817,16.065441131591797,15.46266466709794,17.273055171966554,1991,Bicheno Marine Reserve,1
Dinolestes lewini,-41.87,148.31,2021,4,21,35,10,-42_148,15.047024647394817,16.065441131591797,15.46266466709794,17.273055171966554,1991,Bicheno Marine Reserve,1
Dinolestes lewini,-41.87,148.31,2021,4,21,40,2,-42_148,15.047024647394817,16.065441131591797,15.46266466709794,17.273055171966554,1991,Bicheno Marine Reserve,1
Dinolestes lewini,-41.87,148.31,2021,4,21,12.5,1,-42_148,15.047024647394817,16.065441131591797,15.46266466709794,17.273055171966554,1991,Bicheno Marine Reserve,1
Dinolestes lewini,-41.87,148.31,2021,4,21,15,1,-42_148,15.047024647394817,16.065441131591797,15.46266466709794,17.273055171966554,1991,Bicheno Marine Reserve,1
Dinolestes lewini,-41.9,148.32,2021,4,22,12.5,4,-42_148,15.047024647394817,16.065441131591797,15.46266466709794,17.273055171966554,NA,NA,0
Dinolestes lewini,-41.87,148.31,2021,4,21,30,3,-42_148,15.047024647394817,16.065441131591797,15.46266466709794,17.273055171966554,1991,Bicheno Marine Reserve,1
Dinolestes lewini,-41.87,148.31,2021,4,21,12.5,1,-42_148,15.047024647394817,16.065441131591797,15.46266466709794,17.273055171966554,1991,Bicheno Marine Reserve,1
Dinolestes lewini,-41.87,148.31,2021,4,21,25,10,-42_148,15.047024647394817,16.065441131591797,15.46266466709794,17.273055171966554,1991,Bicheno Marine Reserve,1
Dinolestes lewini,-41.87,148.31,2021,4,21,30,10,-42_148,15.047024647394817,16.065441131591797,15.46266466709794,17.273055171966554,1991,Bicheno Marine Reserve,1
Dinolestes lewini,-41.87,148.3,2021,4,21,7.5,3,-42_148,15.047024647394817,16.065441131591797,15.46266466709794,17.273055171966554,NA,NA,0
Dinolestes lewini,-41.87,148.3,2021,4,21,10,8,-42_148,15.047024647394817,16.065441131591797,15.46266466709794,17.273055171966554,NA,NA,0
Dinolestes lewini,-41.87,148.3,2021,4,21,12.5,3,-42_148,15.047024647394817,16.065441131591797,15.46266466709794,17.273055171966554,NA,NA,0
Dinolestes lewini,-41.87,148.3,2021,4,21,15,10,-42_148,15.047024647394817,16.065441131591797,15.46266466709794,17.273055171966554,NA,NA,0
Dinolestes lewini,-41.87,148.3,2021,4,21,20,8,-42_148,15.047024647394817,16.065441131591797,15.46266466709794,17.273055171966554,NA,NA,0
Dinolestes lewini,-41.87,148.3,2021,4,21,7.5,7,-42_148,15.047024647394817,16.065441131591797,15.46266466709794,17.273055171966554,NA,NA,0
Dinolestes lewini,-41.87,148.3,2021,4,21,10,5,-42_148,15.047024647394817,16.065441131591797,15.46266466709794,17.273055171966554,NA,NA,0
Dinolestes lewini,-41.87,148.3,2021,4,21,15,12,-42_148,15.047024647394817,16.065441131591797,15.46266466709794,17.273055171966554,NA,NA,0
Dinolestes lewini,-41.87,148.3,2021,4,21,12.5,10,-42_148,15.047024647394817,16.065441131591797,15.46266466709794,17.273055171966554,NA,NA,0
Dinolestes lewini,-41.87,148.3,2021,4,21,15,4,-42_148,15.047024647394817,16.065441131591797,15.46266466709794,17.273055171966554,NA,NA,0
Dinolestes lewini,-41.87,148.3,2021,4,21,30,6,-42_148,15.047024647394817,16.065441131591797,15.46266466709794,17.273055171966554,NA,NA,0
Dinolestes lewini,-41.87,148.3,2021,4,21,12.5,3,-42_148,15.047024647394817,16.065441131591797,15.46266466709794,17.273055171966554,NA,NA,0
Dinolestes lewini,-41.87,148.3,2021,4,21,15,2,-42_148,15.047024647394817,16.065441131591797,15.46266466709794,17.273055171966554,NA,NA,0
Dinolestes lewini,-41.87,148.3,2021,4,21,30,2,-42_148,15.047024647394817,16.065441131591797,15.46266466709794,17.273055171966554,NA,NA,0
Dinolestes lewini,-41.87,148.3,2021,4,21,30,3,-42_148,15.047024647394817,16.065441131591797,15.46266466709794,17.273055171966554,NA,NA,0
Dinolestes lewini,-41.87,148.3,2021,4,21,35,2,-42_148,15.047024647394817,16.065441131591797,15.46266466709794,17.273055171966554,NA,NA,0
Dinolestes lewini,-41.87,148.3,2021,4,21,30,1,-42_148,15.047024647394817,16.065441131591797,15.46266466709794,17.273055171966554,NA,NA,0
Dinolestes lewini,-41.87,148.31,2021,4,21,10,10,-42_148,15.047024647394817,16.065441131591797,15.46266466709794,17.273055171966554,1991,Bicheno Marine Reserve,1
Dinolestes lewini,-41.87,148.31,2021,4,21,25,5,-42_148,15.047024647394817,16.065441131591797,15.46266466709794,17.273055171966554,1991,Bicheno Marine Reserve,1
Dinolestes lewini,-41.87,148.31,2021,4,21,30,2,-42_148,15.047024647394817,16.065441131591797,15.46266466709794,17.273055171966554,1991,Bicheno Marine Reserve,1
Dinolestes lewini,-41.87,148.31,2021,4,21,12.5,4,-42_148,15.047024647394817,16.065441131591797,15.46266466709794,17.273055171966554,1991,Bicheno Marine Reserve,1
Dinolestes lewini,-41.87,148.31,2021,4,21,15,1,-42_148,15.047024647394817,16.065441131591797,15.46266466709794,17.273055171966554,1991,Bicheno Marine Reserve,1
Dinolestes lewini,-41.87,148.31,2021,4,21,30,1,-42_148,15.047024647394817,16.065441131591797,15.46266466709794,17.273055171966554,1991,Bicheno Marine Reserve,1
Dinolestes lewini,-41.87,148.31,2021,4,21,35,1,-42_148,15.047024647394817,16.065441131591797,15.46266466709794,17.273055171966554,1991,Bicheno Marine Reserve,1
Dinolestes lewini,-41.87,148.31,2021,4,21,12.5,1,-42_148,15.047024647394817,16.065441131591797,15.46266466709794,17.273055171966554,1991,Bicheno Marine Reserve,1
Dinolestes lewini,-41.87,148.31,2021,4,21,10,10,-42_148,15.047024647394817,16.065441131591797,15.46266466709794,17.273055171966554,1991,Bicheno Marine Reserve,1
Dinolestes lewini,-41.87,148.31,2021,4,21,12.5,10,-42_148,15.047024647394817,16.065441131591797,15.46266466709794,17.273055171966554,1991,Bicheno Marine Reserve,1
Dinolestes lewini,-41.87,148.31,2021,4,21,12.5,5,-42_148,15.047024647394817,16.065441131591797,15.46266466709794,17.273055171966554,1991,Bicheno Marine Reserve,1
Dinolestes lewini,-41.87,148.31,2021,4,21,30,2,-42_148,15.047024647394817,16.065441131591797,15.46266466709794,17.273055171966554,1991,Bicheno Marine Reserve,1
Dinolestes lewini,-41.87,148.31,2021,4,21,10,6,-42_148,15.047024647394817,16.065441131591797,15.46266466709794,17.273055171966554,1991,Bicheno Marine Reserve,1
Dinolestes lewini,-41.87,148.31,2021,4,21,12.5,8,-42_148,15.047024647394817,16.065441131591797,15.46266466709794,17.273055171966554,1991,Bicheno Marine Reserve,1
Dinolestes lewini,-41.87,148.31,2021,4,21,25,1,-42_148,15.047024647394817,16.065441131591797,15.46266466709794,17.273055171966554,1991,Bicheno Marine Reserve,1
Dinolestes lewini,-41.87,148.31,2021,4,21,30,4,-42_148,15.047024647394817,16.065441131591797,15.46266466709794,17.273055171966554,1991,Bicheno Marine Reserve,1
Dinolestes lewini,-41.87,148.31,2021,4,21,12.5,7,-42_148,15.047024647394817,16.065441131591797,15.46266466709794,17.273055171966554,1991,Bicheno Marine Reserve,1
Dinolestes lewini,-41.87,148.31,2021,4,21,30,2,-42_148,15.047024647394817,16.065441131591797,15.46266466709794,17.273055171966554,1991,Bicheno Marine Reserve,1
Dinolestes lewini,-41.87,148.31,2021,4,21,35,4,-42_148,15.047024647394817,16.065441131591797,15.46266466709794,17.273055171966554,1991,Bicheno Marine Reserve,1
Dinolestes lewini,-41.87,148.31,2021,4,21,12.5,1,-42_148,15.047024647394817,16.065441131591797,15.46266466709794,17.273055171966554,1991,Bicheno Marine Reserve,1
Dinolestes lewini,-41.87,148.31,2021,4,21,15,1,-42_148,15.047024647394817,16.065441131591797,15.46266466709794,17.273055171966554,1991,Bicheno Marine Reserve,1
Dinolestes lewini,-41.87,148.31,2021,4,21,12.5,2,-42_148,15.047024647394817,16.065441131591797,15.46266466709794,17.273055171966554,1991,Bicheno Marine Reserve,1
Dinolestes lewini,-41.87,148.31,2021,4,21,20,1,-42_148,15.047024647394817,16.065441131591797,15.46266466709794,17.273055171966554,1991,Bicheno Marine Reserve,1
Dinolestes lewini,-41.87,148.31,2021,4,21,25,2,-42_148,15.047024647394817,16.065441131591797,15.46266466709794,17.273055171966554,1991,Bicheno Marine Reserve,1
Dinolestes lewini,-41.87,148.31,2021,4,21,30,50,-42_148,15.047024647394817,16.065441131591797,15.46266466709794,17.273055171966554,1991,Bicheno Marine Reserve,1
Dinolestes lewini,-41.87,148.31,2021,4,21,35,50,-42_148,15.047024647394817,16.065441131591797,15.46266466709794,17.273055171966554,1991,Bicheno Marine Reserve,1
Dinolestes lewini,-41.87,148.31,2021,4,21,15,2,-42_148,15.047024647394817,16.065441131591797,15.46266466709794,17.273055171966554,1991,Bicheno Marine Reserve,1
Dinolestes lewini,-41.87,148.31,2021,4,21,20,3,-42_148,15.047024647394817,16.065441131591797,15.46266466709794,17.273055171966554,1991,Bicheno Marine Reserve,1
Dinolestes lewini,-41.87,148.31,2021,4,21,30,1,-42_148,15.047024647394817,16.065441131591797,15.46266466709794,17.273055171966554,1991,Bicheno Marine Reserve,1
Dinolestes lewini,-32.71,152.16,2022,2,19,15,6,-33_152,21.485846201578777,25.05010223388672,21.511151635625456,25.56294580300649,1983,Fly Point-Halifax Park,1
Dinolestes lewini,-32.71,152.16,2022,2,19,20,6,-33_152,21.485846201578777,25.05010223388672,21.511151635625456,25.56294580300649,1983,Fly Point-Halifax Park,1
Dinolestes lewini,-43.29,147.14,2021,3,22,30,90,-43_147,13.647172451019287,14.938308715820313,14.306840743347125,16.70574153777092,NA,NA,0
Dinolestes lewini,-43.29,147.14,2021,3,22,35,60,-43_147,13.647172451019287,14.938308715820313,14.306840743347125,16.70574153777092,NA,NA,0
Dinolestes lewini,-43.29,147.14,2021,3,22,30,1,-43_147,13.647172451019287,14.938308715820313,14.306840743347125,16.70574153777092,NA,NA,0
Dinolestes lewini,-43.29,147.18,2021,3,22,35,1,-43_147,13.647172451019287,14.938308715820313,14.306840743347125,16.70574153777092,NA,NA,0
Dinolestes lewini,-43.29,147.14,2021,3,22,30,20,-43_147,13.647172451019287,14.938308715820313,14.306840743347125,16.70574153777092,NA,NA,0
Dinolestes lewini,-43.29,147.14,2021,3,22,35,20,-43_147,13.647172451019287,14.938308715820313,14.306840743347125,16.70574153777092,NA,NA,0
Dinolestes lewini,-43.29,147.14,2021,3,22,35,2,-43_147,13.647172451019287,14.938308715820313,14.306840743347125,16.70574153777092,NA,NA,0
Dinolestes lewini,-43.29,147.18,2021,3,22,35,1,-43_147,13.647172451019287,14.938308715820313,14.306840743347125,16.70574153777092,NA,NA,0
Dinolestes lewini,-43.29,147.18,2021,3,22,30,20,-43_147,13.647172451019287,14.938308715820313,14.306840743347125,16.70574153777092,NA,NA,0
Dinolestes lewini,-42.58,148.06,2021,3,10,25,2,-43_148,14.248938242594402,15.529581069946287,14.948472898792621,17.89125764908329,NA,NA,0
Dinolestes lewini,-42.58,148.06,2021,3,10,30,5,-43_148,14.248938242594402,15.529581069946287,14.948472898792621,17.89125764908329,NA,NA,0
Dinolestes lewini,-42.58,148.06,2021,3,10,35,8,-43_148,14.248938242594402,15.529581069946287,14.948472898792621,17.89125764908329,NA,NA,0
Dinolestes lewini,-42.58,148.06,2021,3,10,15,2,-43_148,14.248938242594402,15.529581069946287,14.948472898792621,17.89125764908329,NA,NA,0
Dinolestes lewini,-42.58,148.06,2021,3,10,20,4,-43_148,14.248938242594402,15.529581069946287,14.948472898792621,17.89125764908329,NA,NA,0
Dinolestes lewini,-41.87,148.31,2021,4,21,15,1,-42_148,15.047024647394817,16.065441131591797,15.46266466709794,17.273055171966554,1991,Bicheno Marine Reserve,1
Dinolestes lewini,-41.87,148.31,2021,4,21,20,2,-42_148,15.047024647394817,16.065441131591797,15.46266466709794,17.273055171966554,1991,Bicheno Marine Reserve,1
Dinolestes lewini,-41.87,148.31,2021,4,21,35,3,-42_148,15.047024647394817,16.065441131591797,15.46266466709794,17.273055171966554,1991,Bicheno Marine Reserve,1
Dinolestes lewini,-41.87,148.31,2021,4,21,40,2,-42_148,15.047024647394817,16.065441131591797,15.46266466709794,17.273055171966554,1991,Bicheno Marine Reserve,1
Dinolestes lewini,-41.87,148.31,2021,4,21,30,2,-42_148,15.047024647394817,16.065441131591797,15.46266466709794,17.273055171966554,1991,Bicheno Marine Reserve,1
Dinolestes lewini,-41.87,148.31,2021,4,21,15,2,-42_148,15.047024647394817,16.065441131591797,15.46266466709794,17.273055171966554,1991,Bicheno Marine Reserve,1
Dinolestes lewini,-41.87,148.31,2021,4,21,20,1,-42_148,15.047024647394817,16.065441131591797,15.46266466709794,17.273055171966554,1991,Bicheno Marine Reserve,1
Dinolestes lewini,-41.87,148.31,2021,4,21,35,3,-42_148,15.047024647394817,16.065441131591797,15.46266466709794,17.273055171966554,1991,Bicheno Marine Reserve,1
Dinolestes lewini,-41.87,148.31,2021,4,21,10,2,-42_148,15.047024647394817,16.065441131591797,15.46266466709794,17.273055171966554,1991,Bicheno Marine Reserve,1
Dinolestes lewini,-41.87,148.31,2021,4,21,10,4,-42_148,15.047024647394817,16.065441131591797,15.46266466709794,17.273055171966554,1991,Bicheno Marine Reserve,1
Dinolestes lewini,-41.87,148.31,2021,4,21,12.5,1,-42_148,15.047024647394817,16.065441131591797,15.46266466709794,17.273055171966554,1991,Bicheno Marine Reserve,1
Dinolestes lewini,-41.87,148.31,2021,4,21,15,3,-42_148,15.047024647394817,16.065441131591797,15.46266466709794,17.273055171966554,1991,Bicheno Marine Reserve,1
Dinolestes lewini,-41.87,148.31,2021,4,21,12.5,3,-42_148,15.047024647394817,16.065441131591797,15.46266466709794,17.273055171966554,1991,Bicheno Marine Reserve,1
Dinolestes lewini,-42.52,147.97,2021,3,16,30,15,-43_148,14.248938242594402,15.529581069946287,14.948472898792621,17.89125764908329,NA,NA,0
Dinolestes lewini,-42.52,147.97,2021,3,16,35,5,-43_148,14.248938242594402,15.529581069946287,14.948472898792621,17.89125764908329,NA,NA,0
Dinolestes lewini,-42.56,148.07,2021,3,10,12.5,2,-43_148,14.248938242594402,15.529581069946287,14.948472898792621,17.89125764908329,NA,NA,0
Dinolestes lewini,-42.6,148.05,2021,3,11,30,1,-43_148,14.248938242594402,15.529581069946287,14.948472898792621,17.89125764908329,NA,NA,0
Dinolestes lewini,-42.56,148.07,2021,3,10,30,1,-43_148,14.248938242594402,15.529581069946287,14.948472898792621,17.89125764908329,NA,NA,0
Dinolestes lewini,-42.6,148.05,2021,3,11,25,1,-43_148,14.248938242594402,15.529581069946287,14.948472898792621,17.89125764908329,NA,NA,0
Dinolestes lewini,-42.56,148.07,2021,3,10,12.5,1,-43_148,14.248938242594402,15.529581069946287,14.948472898792621,17.89125764908329,NA,NA,0
Dinolestes lewini,-42.6,148.05,2021,3,11,15,5,-43_148,14.248938242594402,15.529581069946287,14.948472898792621,17.89125764908329,NA,NA,0
Dinolestes lewini,-42.6,148.05,2021,3,11,30,2,-43_148,14.248938242594402,15.529581069946287,14.948472898792621,17.89125764908329,NA,NA,0
Dinolestes lewini,-42.6,148.05,2021,3,11,30,1,-43_148,14.248938242594402,15.529581069946287,14.948472898792621,17.89125764908329,NA,NA,0
Dinolestes lewini,-42.6,148.05,2021,3,11,35,1,-43_148,14.248938242594402,15.529581069946287,14.948472898792621,17.89125764908329,NA,NA,0
Dinolestes lewini,-42.59,148.05,2021,3,11,30,1,-43_148,14.248938242594402,15.529581069946287,14.948472898792621,17.89125764908329,NA,NA,0
Dinolestes lewini,-42.59,148.05,2021,3,11,35,1,-43_148,14.248938242594402,15.529581069946287,14.948472898792621,17.89125764908329,NA,NA,0
Dinolestes lewini,-42.55,147.95,2021,3,12,25,1,-43_148,14.248938242594402,15.529581069946287,14.948472898792621,17.89125764908329,NA,NA,0
Dinolestes lewini,-42.55,147.95,2021,3,12,30,1,-43_148,14.248938242594402,15.529581069946287,14.948472898792621,17.89125764908329,NA,NA,0
Dinolestes lewini,-32.79,152.11,2022,5,7,15,100,-33_152,21.485846201578777,22.43151473999023,21.511151635625456,22.308305940320416,NA,NA,0
Dinolestes lewini,-32.79,152.11,2022,5,7,20,30,-33_152,21.485846201578777,22.43151473999023,21.511151635625456,22.308305940320416,NA,NA,0
Dinolestes lewini,-32.62,152.33,2022,5,6,25,1,-33_152,21.485846201578777,22.43151473999023,21.511151635625456,22.308305940320416,2007,Port Stephens Great Lake Marine Park,1
Dinolestes lewini,-32.71,152.15,2022,5,8,20,10,-33_152,21.485846201578777,22.43151473999023,21.511151635625456,22.308305940320416,1983,Fly Point-Halifax Park,1
Dinolestes lewini,-32.71,152.15,2022,5,8,25,25,-33_152,21.485846201578777,22.43151473999023,21.511151635625456,22.308305940320416,1983,Fly Point-Halifax Park,1
Dinolestes lewini,-32.71,152.15,2022,5,8,30,10,-33_152,21.485846201578777,22.43151473999023,21.511151635625456,22.308305940320416,1983,Fly Point-Halifax Park,1
Dinolestes lewini,-32.71,152.16,2022,5,7,25,30,-33_152,21.485846201578777,22.43151473999023,21.511151635625456,22.308305940320416,1983,Fly Point-Halifax Park,1
Dinolestes lewini,-32.71,152.16,2022,5,7,30,30,-33_152,21.485846201578777,22.43151473999023,21.511151635625456,22.308305940320416,1983,Fly Point-Halifax Park,1
Dinolestes lewini,-32.71,152.16,2022,5,7,35,20,-33_152,21.485846201578777,22.43151473999023,21.511151635625456,22.308305940320416,1983,Fly Point-Halifax Park,1
Dinolestes lewini,-32.62,152.33,2022,5,6,30,6,-33_152,21.485846201578777,22.43151473999023,21.511151635625456,22.308305940320416,2007,Port Stephens Great Lake Marine Park,1
Dinolestes lewini,-43.14,147.97,2022,5,4,20,1,-43_148,14.69621737798055,14.920467376708984,15.075462979199761,15.588967384830598,NA,NA,0
Dinolestes lewini,-33.8,151.3,2021,12,12,30,2,-34_151,20.64797862370809,22.177095413208008,20.950210547590647,22.682096265977428,2002,Cabbage Tree Bay Aquatic Reserve,1
Dinolestes lewini,-33.82,151.3,2022,5,7,35,1,-34_151,20.85954205195109,21.968141555786133,21.210269496203445,22.905321982599073,NA,NA,0
Dinolestes lewini,-33.82,151.3,2022,5,7,35,2,-34_151,20.85954205195109,21.968141555786133,21.210269496203445,22.905321982599073,NA,NA,0
Dinolestes lewini,-32.71,152.16,2020,11,15,40,6,-33_152,21.14071750640869,20.277509689331055,20.924786733812393,20.308027325736152,1983,Fly Point-Halifax Park,1
Dinolestes lewini,-32.71,152.15,2020,11,14,35,15,-33_152,21.14071750640869,20.277509689331055,20.924786733812393,20.308027325736152,1983,Fly Point-Halifax Park,1
Dinolestes lewini,-32.71,152.15,2020,11,14,40,30,-33_152,21.14071750640869,20.277509689331055,20.924786733812393,20.308027325736152,1983,Fly Point-Halifax Park,1
Dinolestes lewini,-32.71,152.16,2021,2,27,15,25,-33_152,21.3498477935791,24.277095794677734,21.406593004298873,23.52330304327465,1983,Fly Point-Halifax Park,1
Dinolestes lewini,-32.71,152.16,2021,2,27,20,80,-33_152,21.3498477935791,24.277095794677734,21.406593004298873,23.52330304327465,1983,Fly Point-Halifax Park,1
Dinolestes lewini,-32.71,152.16,2021,2,27,25,16,-33_152,21.3498477935791,24.277095794677734,21.406593004298873,23.52330304327465,1983,Fly Point-Halifax Park,1
Dinolestes lewini,-32.71,152.16,2021,2,27,30,4,-33_152,21.3498477935791,24.277095794677734,21.406593004298873,23.52330304327465,1983,Fly Point-Halifax Park,1
Dinolestes lewini,-43.1,147.39,2019,3,15,20,14,-43_147,13.511653105417887,15.51107406616211,14.025163449288879,16.59032221148091,NA,NA,0
Dinolestes lewini,-43.1,147.39,2019,3,15,25,20,-43_147,13.511653105417887,15.51107406616211,14.025163449288879,16.59032221148091,NA,NA,0
Dinolestes lewini,-43.1,147.39,2019,3,15,15,1,-43_147,13.511653105417887,15.51107406616211,14.025163449288879,16.59032221148091,NA,NA,0
Dinolestes lewini,-43.25,147.42,2021,3,30,30,4,-43_147,13.647172451019287,14.938308715820313,14.306840743347125,16.70574153777092,NA,NA,0
Dinolestes lewini,-43.25,147.42,2021,3,30,20,12,-43_147,13.647172451019287,14.938308715820313,14.306840743347125,16.70574153777092,NA,NA,0
Dinolestes lewini,-43.25,147.42,2021,3,30,30,1,-43_147,13.647172451019287,14.938308715820313,14.306840743347125,16.70574153777092,NA,NA,0
Dinolestes lewini,-43.25,147.42,2021,3,30,20,1,-43_147,13.647172451019287,14.938308715820313,14.306840743347125,16.70574153777092,NA,NA,0
Dinolestes lewini,-43.25,147.42,2021,3,30,30,10,-43_147,13.647172451019287,14.938308715820313,14.306840743347125,16.70574153777092,NA,NA,0
Dinolestes lewini,-43.1,147.39,2019,3,15,12.5,20,-43_147,13.511653105417887,15.51107406616211,14.025163449288879,16.59032221148091,NA,NA,0
Dinolestes lewini,-43.1,147.39,2019,3,15,15,5,-43_147,13.511653105417887,15.51107406616211,14.025163449288879,16.59032221148091,NA,NA,0
Dinolestes lewini,-43.13,147.67,2020,2,7,12.5,1,-43_148,14.122483571370443,15.954368591308594,14.312358311068039,16.655689331580852,NA,NA,0
Dinolestes lewini,-43.15,147.39,2019,3,13,25,1,-43_147,13.511653105417887,15.51107406616211,14.025163449288879,16.59032221148091,NA,NA,0
Dinolestes lewini,-43.1,147.39,2019,3,15,20,1,-43_147,13.511653105417887,15.51107406616211,14.025163449288879,16.59032221148091,NA,NA,0
Dinolestes lewini,-43.24,147.43,2019,3,28,15,1,-43_147,13.511653105417887,15.51107406616211,14.025163449288879,16.59032221148091,NA,NA,0
Dinolestes lewini,-43.24,147.43,2019,3,28,25,6,-43_147,13.511653105417887,15.51107406616211,14.025163449288879,16.59032221148091,NA,NA,0
Dinolestes lewini,-43.24,147.43,2019,3,28,15,1,-43_147,13.511653105417887,15.51107406616211,14.025163449288879,16.59032221148091,NA,NA,0
Dinolestes lewini,-43.16,147.39,2019,3,29,20,1,-43_147,13.511653105417887,15.51107406616211,14.025163449288879,16.59032221148091,NA,NA,0
Dinolestes lewini,-43.17,147.4,2021,3,30,30,10,-43_147,13.647172451019287,14.938308715820313,14.306840743347125,16.70574153777092,NA,NA,0
Dinolestes lewini,-43.17,147.4,2021,3,30,40,1,-43_147,13.647172451019287,14.938308715820313,14.306840743347125,16.70574153777092,NA,NA,0
Dinolestes lewini,-43.14,147.67,2020,2,14,15,4,-43_148,14.122483571370443,15.954368591308594,14.312358311068039,16.655689331580852,NA,NA,0
Dinolestes lewini,-43.14,147.67,2020,2,14,20,15,-43_148,14.122483571370443,15.954368591308594,14.312358311068039,16.655689331580852,NA,NA,0
Dinolestes lewini,-43.11,147.72,2020,2,13,2.5,1,-43_148,14.122483571370443,15.954368591308594,14.312358311068039,16.655689331580852,NA,NA,0
Dinolestes lewini,-43.11,147.72,2020,2,13,2.5,1,-43_148,14.122483571370443,15.954368591308594,14.312358311068039,16.655689331580852,NA,NA,0
Dinolestes lewini,-43.11,147.72,2020,2,13,15,3,-43_148,14.122483571370443,15.954368591308594,14.312358311068039,16.655689331580852,NA,NA,0
Dinolestes lewini,-43.15,147.7,2020,2,13,12.5,1,-43_148,14.122483571370443,15.954368591308594,14.312358311068039,16.655689331580852,NA,NA,0
Dinolestes lewini,-43.15,147.7,2020,2,13,10,2,-43_148,14.122483571370443,15.954368591308594,14.312358311068039,16.655689331580852,NA,NA,0
Dinolestes lewini,-43.15,147.7,2020,2,13,10,1,-43_148,14.122483571370443,15.954368591308594,14.312358311068039,16.655689331580852,NA,NA,0
Dinolestes lewini,-43.25,147.42,2019,3,28,25,2,-43_147,13.511653105417887,15.51107406616211,14.025163449288879,16.59032221148091,NA,NA,0
Dinolestes lewini,-43.25,147.42,2019,3,28,30,1,-43_147,13.511653105417887,15.51107406616211,14.025163449288879,16.59032221148091,NA,NA,0
Dinolestes lewini,-43.05,147.62,2020,3,18,2.5,2,-43_148,14.122483571370443,16.338211059570313,14.312358311068039,16.580515766143797,NA,NA,0
Dinolestes lewini,-43.05,147.62,2020,3,18,5,1,-43_148,14.122483571370443,16.338211059570313,14.312358311068039,16.580515766143797,NA,NA,0
Dinolestes lewini,-43.13,147.4,2019,3,14,12.5,1,-43_147,13.511653105417887,15.51107406616211,14.025163449288879,16.59032221148091,NA,NA,0
Dinolestes lewini,-43.13,147.4,2019,3,14,15,1,-43_147,13.511653105417887,15.51107406616211,14.025163449288879,16.59032221148091,NA,NA,0
Dinolestes lewini,-43.02,147.62,2020,3,18,12.5,2,-43_148,14.122483571370443,16.338211059570313,14.312358311068039,16.580515766143797,NA,NA,0
Dinolestes lewini,-43.13,147.4,2019,3,14,12.5,1,-43_147,13.511653105417887,15.51107406616211,14.025163449288879,16.59032221148091,NA,NA,0
Dinolestes lewini,-43.06,147.49,2020,3,18,5,200,-43_147,13.4180006980896,15.450336456298828,13.708054839208355,15.535677066926034,NA,NA,0
Dinolestes lewini,-43.06,147.49,2020,3,18,20,1,-43_147,13.4180006980896,15.450336456298828,13.708054839208355,15.535677066926034,NA,NA,0
Dinolestes lewini,-43.06,147.49,2020,3,18,5,60,-43_147,13.4180006980896,15.450336456298828,13.708054839208355,15.535677066926034,NA,NA,0
Dinolestes lewini,-43.1,147.69,2020,2,7,10,5,-43_148,14.122483571370443,15.954368591308594,14.312358311068039,16.655689331580852,NA,NA,0
Dinolestes lewini,-43.1,147.68,2021,3,31,12.5,1,-43_148,14.248938242594402,15.529581069946287,14.948472898792621,17.89125764908329,NA,NA,0
Dinolestes lewini,-43.15,147.39,2019,3,13,30,1,-43_147,13.511653105417887,15.51107406616211,14.025163449288879,16.59032221148091,NA,NA,0
Dinolestes lewini,-43.15,147.39,2019,3,13,25,16,-43_147,13.511653105417887,15.51107406616211,14.025163449288879,16.59032221148091,NA,NA,0
Dinolestes lewini,-43.13,147.67,2020,2,7,15,3,-43_148,14.122483571370443,15.954368591308594,14.312358311068039,16.655689331580852,NA,NA,0
Dinolestes lewini,-43.13,147.67,2020,2,7,12.5,2,-43_148,14.122483571370443,15.954368591308594,14.312358311068039,16.655689331580852,NA,NA,0
Dinolestes lewini,-43.13,147.67,2020,2,7,20,1,-43_148,14.122483571370443,15.954368591308594,14.312358311068039,16.655689331580852,NA,NA,0
Dinolestes lewini,-43.15,147.39,2019,3,13,30,1,-43_147,13.511653105417887,15.51107406616211,14.025163449288879,16.59032221148091,NA,NA,0
Dinolestes lewini,-43.06,147.49,2020,3,18,5,100,-43_147,13.4180006980896,15.450336456298828,13.708054839208355,15.535677066926034,NA,NA,0
Dinolestes lewini,-43.1,147.69,2020,2,7,20,2,-43_148,14.122483571370443,15.954368591308594,14.312358311068039,16.655689331580852,NA,NA,0
Dinolestes lewini,-43.1,147.69,2020,2,7,25,2,-43_148,14.122483571370443,15.954368591308594,14.312358311068039,16.655689331580852,NA,NA,0
Dinolestes lewini,-43.09,147.37,2019,3,15,25,1,-43_147,13.511653105417887,15.51107406616211,14.025163449288879,16.59032221148091,NA,NA,0
Dinolestes lewini,-43.09,147.37,2019,3,15,25,10,-43_147,13.511653105417887,15.51107406616211,14.025163449288879,16.59032221148091,NA,NA,0
Dinolestes lewini,-43.09,147.37,2019,3,15,30,2,-43_147,13.511653105417887,15.51107406616211,14.025163449288879,16.59032221148091,NA,NA,0
Dinolestes lewini,-43.09,147.37,2019,3,15,12.5,2,-43_147,13.511653105417887,15.51107406616211,14.025163449288879,16.59032221148091,NA,NA,0
Dinolestes lewini,-43.05,147.49,2021,3,17,20,3,-43_147,13.647172451019287,14.938308715820313,14.306840743347125,16.70574153777092,NA,NA,0
Dinolestes lewini,-43.05,147.49,2021,3,17,20,1,-43_147,13.647172451019287,14.938308715820313,14.306840743347125,16.70574153777092,NA,NA,0
Dinolestes lewini,-43.05,147.49,2021,3,17,30,5,-43_147,13.647172451019287,14.938308715820313,14.306840743347125,16.70574153777092,NA,NA,0
Dinolestes lewini,-43.33,147.33,2019,3,28,15,1,-43_147,13.511653105417887,15.51107406616211,14.025163449288879,16.59032221148091,NA,NA,0
Dinolestes lewini,-43.33,147.33,2019,3,28,20,3,-43_147,13.511653105417887,15.51107406616211,14.025163449288879,16.59032221148091,NA,NA,0
Dinolestes lewini,-43.33,147.33,2019,3,28,25,1,-43_147,13.511653105417887,15.51107406616211,14.025163449288879,16.59032221148091,NA,NA,0
Dinolestes lewini,-43.33,147.33,2019,3,28,10,1,-43_147,13.511653105417887,15.51107406616211,14.025163449288879,16.59032221148091,NA,NA,0
Dinolestes lewini,-43.04,147.34,2021,3,1,30,1,-43_147,13.647172451019287,14.938308715820313,14.306840743347125,16.70574153777092,2009,Tinderbox Marine Reserve,1
Dinolestes lewini,-43.06,147.33,2021,2,24,20,1,-43_147,13.647172451019287,15.551876068115234,14.306840743347125,17.025713975088937,1991,Tinderbox Marine Reserve,1
Dinolestes lewini,-43.06,147.33,2021,2,24,30,1,-43_147,13.647172451019287,15.551876068115234,14.306840743347125,17.025713975088937,1991,Tinderbox Marine Reserve,1
Dinolestes lewini,-43.06,147.33,2021,2,24,15,1,-43_147,13.647172451019287,15.551876068115234,14.306840743347125,17.025713975088937,1991,Tinderbox Marine Reserve,1
Dinolestes lewini,-43.06,147.33,2021,2,24,20,60,-43_147,13.647172451019287,15.551876068115234,14.306840743347125,17.025713975088937,1991,Tinderbox Marine Reserve,1
Dinolestes lewini,-43.06,147.33,2021,2,24,25,1,-43_147,13.647172451019287,15.551876068115234,14.306840743347125,17.025713975088937,1991,Tinderbox Marine Reserve,1
Dinolestes lewini,-43.06,147.33,2021,2,24,15,2,-43_147,13.647172451019287,15.551876068115234,14.306840743347125,17.025713975088937,1991,Tinderbox Marine Reserve,1
Dinolestes lewini,-43.06,147.33,2021,2,24,15,1,-43_147,13.647172451019287,15.551876068115234,14.306840743347125,17.025713975088937,1991,Tinderbox Marine Reserve,1
Dinolestes lewini,-43.06,147.33,2021,2,24,20,201,-43_147,13.647172451019287,15.551876068115234,14.306840743347125,17.025713975088937,1991,Tinderbox Marine Reserve,1
Dinolestes lewini,-43.06,147.33,2021,2,24,25,50,-43_147,13.647172451019287,15.551876068115234,14.306840743347125,17.025713975088937,1991,Tinderbox Marine Reserve,1
Dinolestes lewini,-43.06,147.33,2021,2,24,35,2,-43_147,13.647172451019287,15.551876068115234,14.306840743347125,17.025713975088937,1991,Tinderbox Marine Reserve,1
Dinolestes lewini,-43.06,147.33,2021,2,24,35,1,-43_147,13.647172451019287,15.551876068115234,14.306840743347125,17.025713975088937,1991,Tinderbox Marine Reserve,1
Dinolestes lewini,-43.05,147.34,2021,2,24,25,1,-43_147,13.647172451019287,15.551876068115234,14.306840743347125,17.025713975088937,1991,Tinderbox Marine Reserve,1
Dinolestes lewini,-43.04,147.34,2021,3,1,20,10,-43_147,13.647172451019287,14.938308715820313,14.306840743347125,16.70574153777092,2009,Tinderbox Marine Reserve,1
Dinolestes lewini,-35.12,150.75,2022,2,11,20,30,-35_151,20.270729541778564,23.804668426513672,20.851392383183974,24.821308976127987,NA,NA,0
Dinolestes lewini,-35.12,150.75,2022,2,11,25,34,-35_151,20.270729541778564,23.804668426513672,20.851392383183974,24.821308976127987,NA,NA,0
Dinolestes lewini,-35.07,150.77,2022,2,13,5,10,-35_151,20.270729541778564,23.804668426513672,20.851392383183974,24.821308976127987,2002,Jervis Bay Marine Park,1
Dinolestes lewini,-35.07,150.77,2022,2,13,7.5,10,-35_151,20.270729541778564,23.804668426513672,20.851392383183974,24.821308976127987,2002,Jervis Bay Marine Park,1
Dinolestes lewini,-35.07,150.77,2022,2,13,5,65,-35_151,20.270729541778564,23.804668426513672,20.851392383183974,24.821308976127987,2002,Jervis Bay Marine Park,1
Dinolestes lewini,-35.07,150.77,2022,2,13,7.5,65,-35_151,20.270729541778564,23.804668426513672,20.851392383183974,24.821308976127987,2002,Jervis Bay Marine Park,1
Dinolestes lewini,-35.12,150.75,2022,2,11,20,2,-35_151,20.270729541778564,23.804668426513672,20.851392383183974,24.821308976127987,NA,NA,0
Dinolestes lewini,-35.08,150.79,2022,2,14,35,1,-35_151,20.270729541778564,23.804668426513672,20.851392383183974,24.821308976127987,2002,Jervis Bay Marine Park,1
Dinolestes lewini,-35.12,150.76,2022,2,11,35,10,-35_151,20.270729541778564,23.804668426513672,20.851392383183974,24.821308976127987,2002,Booderee National Park,1
Dinolestes lewini,-35.12,150.76,2022,2,11,40,10,-35_151,20.270729541778564,23.804668426513672,20.851392383183974,24.821308976127987,2002,Booderee National Park,1
Dinolestes lewini,-35.12,150.76,2022,2,11,30,10,-35_151,20.270729541778564,23.804668426513672,20.851392383183974,24.821308976127987,2002,Booderee National Park,1
Dinolestes lewini,-43.05,147.34,2022,2,28,12.5,1,-43_147,14.052016496658325,16.466075897216797,14.478404932315081,17.189785357884,1991,Tinderbox Marine Reserve,1
Dinolestes lewini,-43.05,147.34,2022,2,28,30,1,-43_147,14.052016496658325,16.466075897216797,14.478404932315081,17.189785357884,1991,Tinderbox Marine Reserve,1
Dinolestes lewini,-43.01,147.33,2022,2,28,20,15,-43_147,14.052016496658325,16.466075897216797,14.478404932315081,17.189785357884,NA,NA,0
Dinolestes lewini,-32.71,152.16,2022,10,16,20,2,-33_152,21.485846201578777,20.241512298583984,21.511151635625456,19.743440407578664,1983,Fly Point-Halifax Park,1
Dinolestes lewini,-43.06,147.33,2022,3,3,20,10,-43_147,14.052016496658325,16.87721061706543,14.478404932315081,17.127031793901995,1991,Tinderbox Marine Reserve,1
Dinolestes lewini,-43.06,147.33,2022,3,3,25,10,-43_147,14.052016496658325,16.87721061706543,14.478404932315081,17.127031793901995,1991,Tinderbox Marine Reserve,1
Dinolestes lewini,-43.06,147.33,2022,3,3,30,20,-43_147,14.052016496658325,16.87721061706543,14.478404932315081,17.127031793901995,1991,Tinderbox Marine Reserve,1
Dinolestes lewini,-43.06,147.33,2022,3,3,10,1,-43_147,14.052016496658325,16.87721061706543,14.478404932315081,17.127031793901995,1991,Tinderbox Marine Reserve,1
Dinolestes lewini,-43.06,147.33,2022,3,3,15,1,-43_147,14.052016496658325,16.87721061706543,14.478404932315081,17.127031793901995,1991,Tinderbox Marine Reserve,1
Dinolestes lewini,-43.06,147.36,2022,3,3,7.5,15,-43_147,14.052016496658325,16.87721061706543,14.478404932315081,17.127031793901995,NA,NA,0
Dinolestes lewini,-43.06,147.33,2022,3,3,12.5,1,-43_147,14.052016496658325,16.87721061706543,14.478404932315081,17.127031793901995,1991,Tinderbox Marine Reserve,1
Dinolestes lewini,-43.13,147.96,2023,2,8,12.5,1,-43_148,14.803362369537354,17.066814422607422,15.290267134568536,17.978856788362776,NA,NA,0
Dinolestes lewini,-43.13,147.96,2023,2,8,20,2,-43_148,14.803362369537354,17.066814422607422,15.290267134568536,17.978856788362776,NA,NA,0
Dinolestes lewini,-42.72,148.01,2022,3,9,15,4,-43_148,14.69621737798055,17.60358428955078,15.075462979199761,18.01135442180018,NA,NA,0
Dinolestes lewini,-42.72,148.01,2022,3,9,30,1,-43_148,14.69621737798055,17.60358428955078,15.075462979199761,18.01135442180018,NA,NA,0
Dinolestes lewini,-42.72,148.01,2022,3,9,35,1,-43_148,14.69621737798055,17.60358428955078,15.075462979199761,18.01135442180018,NA,NA,0
Dinolestes lewini,-42.72,148.01,2022,3,9,40,1,-43_148,14.69621737798055,17.60358428955078,15.075462979199761,18.01135442180018,NA,NA,0
Dinolestes lewini,-42.55,147.95,2022,4,6,20,1,-43_148,14.69621737798055,15.71358585357666,15.075462979199761,16.953066240946452,NA,NA,0
Dinolestes lewini,-42.58,148.05,2022,4,6,20,1,-43_148,14.69621737798055,15.71358585357666,15.075462979199761,16.953066240946452,NA,NA,0
Dinolestes lewini,-42.72,148.01,2022,3,9,15,1,-43_148,14.69621737798055,17.60358428955078,15.075462979199761,18.01135442180018,NA,NA,0
Dinolestes lewini,-42.58,147.92,2022,4,6,15,5,-43_148,14.69621737798055,15.71358585357666,15.075462979199761,16.953066240946452,NA,NA,0
Dinolestes lewini,-42.58,147.92,2022,4,6,20,7,-43_148,14.69621737798055,15.71358585357666,15.075462979199761,16.953066240946452,NA,NA,0
Dinolestes lewini,-42.63,148.02,2022,3,9,30,1,-43_148,14.69621737798055,17.60358428955078,15.075462979199761,18.01135442180018,NA,NA,0
Dinolestes lewini,-42.58,148.06,2022,3,7,12.5,1,-43_148,14.69621737798055,17.60358428955078,15.075462979199761,18.01135442180018,NA,NA,0
Dinolestes lewini,-42.66,148.01,2022,3,11,25,10,-43_148,14.69621737798055,17.60358428955078,15.075462979199761,18.01135442180018,NA,NA,0
Dinolestes lewini,-42.66,148.01,2022,3,11,30,20,-43_148,14.69621737798055,17.60358428955078,15.075462979199761,18.01135442180018,NA,NA,0
Dinolestes lewini,-42.66,148.01,2022,3,11,35,10,-43_148,14.69621737798055,17.60358428955078,15.075462979199761,18.01135442180018,NA,NA,0
Dinolestes lewini,-42.55,147.95,2022,4,6,20,1,-43_148,14.69621737798055,15.71358585357666,15.075462979199761,16.953066240946452,NA,NA,0
Dinolestes lewini,-42.58,148.06,2022,3,7,10,1,-43_148,14.69621737798055,17.60358428955078,15.075462979199761,18.01135442180018,NA,NA,0
Dinolestes lewini,-42.58,148.06,2022,3,7,30,4,-43_148,14.69621737798055,17.60358428955078,15.075462979199761,18.01135442180018,NA,NA,0
Dinolestes lewini,-42.59,148.05,2022,3,11,20,4,-43_148,14.69621737798055,17.60358428955078,15.075462979199761,18.01135442180018,NA,NA,0
Dinolestes lewini,-42.52,147.97,2022,4,11,7.5,1,-43_148,14.69621737798055,15.71358585357666,15.075462979199761,16.953066240946452,NA,NA,0
Dinolestes lewini,-42.59,148.05,2022,3,11,25,1,-43_148,14.69621737798055,17.60358428955078,15.075462979199761,18.01135442180018,NA,NA,0
Dinolestes lewini,-42.59,148.05,2022,3,11,20,1,-43_148,14.69621737798055,17.60358428955078,15.075462979199761,18.01135442180018,NA,NA,0
Dinolestes lewini,-42.58,148.05,2022,4,6,20,2,-43_148,14.69621737798055,15.71358585357666,15.075462979199761,16.953066240946452,NA,NA,0
Dinolestes lewini,-42.58,148.05,2022,4,6,25,1,-43_148,14.69621737798055,15.71358585357666,15.075462979199761,16.953066240946452,NA,NA,0
Dinolestes lewini,-42.6,148.05,2022,4,6,20,1,-43_148,14.69621737798055,15.71358585357666,15.075462979199761,16.953066240946452,NA,NA,0
Dinolestes lewini,-42.6,148.05,2022,4,6,12.5,2,-43_148,14.69621737798055,15.71358585357666,15.075462979199761,16.953066240946452,NA,NA,0
Dinolestes lewini,-42.72,148.01,2022,3,9,30,2,-43_148,14.69621737798055,17.60358428955078,15.075462979199761,18.01135442180018,NA,NA,0
Dinolestes lewini,-42.72,148.01,2022,3,9,15,1,-43_148,14.69621737798055,17.60358428955078,15.075462979199761,18.01135442180018,NA,NA,0
Dinolestes lewini,-42.59,148.05,2022,3,11,12.5,5,-43_148,14.69621737798055,17.60358428955078,15.075462979199761,18.01135442180018,NA,NA,0
Dinolestes lewini,-42.59,148.05,2022,3,11,15,15,-43_148,14.69621737798055,17.60358428955078,15.075462979199761,18.01135442180018,NA,NA,0
Dinolestes lewini,-42.66,148.01,2022,3,11,30,30,-43_148,14.69621737798055,17.60358428955078,15.075462979199761,18.01135442180018,NA,NA,0
Dinolestes lewini,-42.72,148.01,2022,3,9,12.5,5,-43_148,14.69621737798055,17.60358428955078,15.075462979199761,18.01135442180018,NA,NA,0
Dinolestes lewini,-42.72,148.01,2022,3,9,15,10,-43_148,14.69621737798055,17.60358428955078,15.075462979199761,18.01135442180018,NA,NA,0
Dinolestes lewini,-42.72,148.01,2022,3,9,20,3,-43_148,14.69621737798055,17.60358428955078,15.075462979199761,18.01135442180018,NA,NA,0
Dinolestes lewini,-42.72,148.01,2022,3,9,25,4,-43_148,14.69621737798055,17.60358428955078,15.075462979199761,18.01135442180018,NA,NA,0
Dinolestes lewini,-42.72,148.01,2022,3,9,30,1,-43_148,14.69621737798055,17.60358428955078,15.075462979199761,18.01135442180018,NA,NA,0
Dinolestes lewini,-42.52,147.97,2022,4,11,15,1,-43_148,14.69621737798055,15.71358585357666,15.075462979199761,16.953066240946452,NA,NA,0
Dinolestes lewini,-42.59,148.05,2022,3,11,10,1,-43_148,14.69621737798055,17.60358428955078,15.075462979199761,18.01135442180018,NA,NA,0
Dinolestes lewini,-42.6,148.05,2022,4,6,15,1,-43_148,14.69621737798055,15.71358585357666,15.075462979199761,16.953066240946452,NA,NA,0
Dinolestes lewini,-33.84,151.28,2023,5,20,30,10,-34_151,21.129122734069824,20.472261428833008,21.098143480197017,20.932418884769564,NA,NA,0
Dinolestes lewini,-33.84,151.28,2023,5,20,35,10,-34_151,21.129122734069824,20.472261428833008,21.098143480197017,20.932418884769564,NA,NA,0
Dinolestes lewini,-33.84,151.28,2023,5,20,35,20,-34_151,21.129122734069824,20.472261428833008,21.098143480197017,20.932418884769564,NA,NA,0
Dinolestes lewini,-33.99,151.23,2023,2,19,15,2,-34_151,21.129122734069824,24.716724395751953,21.098143480197017,24.29107085296086,NA,NA,0
Dinolestes lewini,-33.99,151.23,2023,1,3,25,4,-34_151,21.129122734069824,23.579456329345703,21.098143480197017,23.655241335591963,NA,NA,0
Dinolestes lewini,-33.82,151.29,2023,4,8,25,1,-34_151,21.129122734069824,22.6852970123291,21.098143480197017,22.736249494552613,NA,NA,0
Dinolestes lewini,-41.87,148.3,2023,2,1,7.5,1,-42_148,15.605770031611124,17.932024002075195,15.49409774494448,18.413035279228573,NA,NA,0
Dinolestes lewini,-41.87,148.3,2023,2,1,12.5,2,-42_148,15.605770031611124,17.932024002075195,15.49409774494448,18.413035279228573,NA,NA,0
Dinolestes lewini,-41.87,148.3,2023,2,1,15,5,-42_148,15.605770031611124,17.932024002075195,15.49409774494448,18.413035279228573,NA,NA,0
Dinolestes lewini,-42.58,147.92,2022,11,8,30,1,-43_148,14.69621737798055,13.966524124145508,15.075462979199761,14.293699709574382,NA,NA,0
Dinolestes lewini,-42.58,147.92,2022,11,8,30,1,-43_148,14.69621737798055,13.966524124145508,15.075462979199761,14.293699709574382,NA,NA,0
Dinolestes lewini,-33.8,151.29,2023,3,23,15,1,-34_151,21.129122734069824,24.101327896118164,21.098143480197017,23.9985478308893,2002,Cabbage Tree Bay Aquatic Reserve,1
Dinolestes lewini,-42.58,147.92,2023,1,31,12.5,20,-43_148,14.803362369537354,17.120338439941406,15.290267134568536,17.199838275294148,NA,NA,0
Dinolestes lewini,-33.8,151.29,2023,3,23,20,2,-34_151,21.129122734069824,24.101327896118164,21.098143480197017,23.9985478308893,2002,Cabbage Tree Bay Aquatic Reserve,1
Dinolestes lewini,-33.82,151.29,2023,4,8,30,1,-34_151,21.129122734069824,22.6852970123291,21.098143480197017,22.736249494552613,NA,NA,0
Dinolestes lewini,-41.87,148.3,2023,3,27,15,2,-42_148,15.605770031611124,17.86957359313965,15.49409774494448,18.103010331430745,NA,NA,0
Dinolestes lewini,-41.87,148.3,2023,3,27,20,1,-42_148,15.605770031611124,17.86957359313965,15.49409774494448,18.103010331430745,NA,NA,0
Dinolestes lewini,-42.58,147.92,2023,3,22,12.5,1,-43_148,14.803362369537354,16.92486572265625,15.290267134568536,17.572677027794622,NA,NA,0
Dinolestes lewini,-42.58,147.92,2023,3,22,15,8,-43_148,14.803362369537354,16.92486572265625,15.290267134568536,17.572677027794622,NA,NA,0
Dinolestes lewini,-42.58,147.92,2023,3,22,20,3,-43_148,14.803362369537354,16.92486572265625,15.290267134568536,17.572677027794622,NA,NA,0
Dinolestes lewini,-41.87,148.3,2023,3,27,15,1,-42_148,15.605770031611124,17.86957359313965,15.49409774494448,18.103010331430745,NA,NA,0
Dinolestes lewini,-41.87,148.3,2023,3,27,20,2,-42_148,15.605770031611124,17.86957359313965,15.49409774494448,18.103010331430745,NA,NA,0
Dinolestes lewini,-41.87,148.3,2023,4,30,20,1,-42_148,15.605770031611124,16.689056396484375,15.49409774494448,16.752944146262276,NA,NA,0
Dinolestes lewini,-43.13,147.96,2023,2,8,12.5,1,-43_148,14.803362369537354,17.066814422607422,15.290267134568536,17.978856788362776,NA,NA,0
Dinolestes lewini,-43.13,147.96,2023,2,8,20,2,-43_148,14.803362369537354,17.066814422607422,15.290267134568536,17.978856788362776,NA,NA,0
Dinolestes lewini,-35.11,150.77,2023,5,23,30,1,-35_151,20.63033644358317,20.25985336303711,21.00919716368765,20.776451295421968,2002,Booderee National Park,1
Dinolestes lewini,-35.11,150.77,2023,5,23,35,2,-35_151,20.63033644358317,20.25985336303711,21.00919716368765,20.776451295421968,2002,Booderee National Park,1
Dinolestes lewini,-35.11,150.77,2023,5,23,40,1,-35_151,20.63033644358317,20.25985336303711,21.00919716368765,20.776451295421968,2002,Booderee National Park,1
Dinolestes lewini,-35.11,150.77,2023,5,23,30,2,-35_151,20.63033644358317,20.25985336303711,21.00919716368765,20.776451295421968,2002,Booderee National Park,1
Dinolestes lewini,-35.11,150.77,2023,5,23,35,1,-35_151,20.63033644358317,20.25985336303711,21.00919716368765,20.776451295421968,2002,Booderee National Park,1
Dinolestes lewini,-35.12,150.75,2023,5,23,15,1,-35_151,20.63033644358317,20.25985336303711,21.00919716368765,20.776451295421968,NA,NA,0
Dinolestes lewini,-41.87,148.3,2023,2,1,10,1,-42_148,15.605770031611124,17.932024002075195,15.49409774494448,18.413035279228573,NA,NA,0
Dinolestes lewini,-41.87,148.3,2023,2,1,15,5,-42_148,15.605770031611124,17.932024002075195,15.49409774494448,18.413035279228573,NA,NA,0
Dinolestes lewini,-42.58,147.92,2023,3,22,12.5,1,-43_148,14.803362369537354,16.92486572265625,15.290267134568536,17.572677027794622,NA,NA,0
Dinolestes lewini,-42.58,147.92,2023,3,22,15,6,-43_148,14.803362369537354,16.92486572265625,15.290267134568536,17.572677027794622,NA,NA,0
Dinolestes lewini,-43.13,147.96,2023,3,14,15,1,-43_148,14.803362369537354,16.92486572265625,15.290267134568536,17.572677027794622,NA,NA,0
Dinolestes lewini,-41.87,148.3,2023,4,30,20,3,-42_148,15.605770031611124,16.689056396484375,15.49409774494448,16.752944146262276,NA,NA,0
Dinolestes lewini,-41.87,148.3,2023,4,30,15,3,-42_148,15.605770031611124,16.689056396484375,15.49409774494448,16.752944146262276,NA,NA,0
Dinolestes lewini,-35.12,150.76,2023,5,24,35,1,-35_151,20.63033644358317,20.25985336303711,21.00919716368765,20.776451295421968,2002,Booderee National Park,1
Dinolestes lewini,-33.92,151.26,2023,6,1,30,30,-34_151,21.129122734069824,19.17034149169922,21.098143480197017,18.87183299064636,NA,NA,0
Dinolestes lewini,-33.92,151.26,2023,6,1,35,30,-34_151,21.129122734069824,19.17034149169922,21.098143480197017,18.87183299064636,NA,NA,0
Dinolestes lewini,-35.1,150.7,2023,2,25,15,1,-35_151,20.63033644358317,24.371620178222656,21.00919716368765,24.498689901261105,2002,Jervis Bay Marine Park,1
Dinolestes lewini,-35.1,150.7,2023,2,25,20,1,-35_151,20.63033644358317,24.371620178222656,21.00919716368765,24.498689901261105,2002,Jervis Bay Marine Park,1
Dinolestes lewini,-35.91,150.16,2012,5,26,35,1,-36_150,18.585016886393227,18.757349014282227,18.36202437157773,18.992257630953223,NA,NA,0
Dinolestes lewini,-35.91,150.16,2012,5,26,40,1,-36_150,18.585016886393227,18.757349014282227,18.36202437157773,18.992257630953223,NA,NA,0
Dinolestes lewini,-35.91,150.16,2012,5,26,35,2,-36_150,18.585016886393227,18.757349014282227,18.36202437157773,18.992257630953223,NA,NA,0
Dinolestes lewini,-35.83,150.23,2012,5,19,25,1,-36_150,18.585016886393227,18.757349014282227,18.36202437157773,18.992257630953223,2007,Batemans Marine Park,0
Dinolestes lewini,-36.01,150.17,2012,5,26,35,1,-36_150,18.585016886393227,18.757349014282227,18.36202437157773,18.992257630953223,2007,Batemans Marine Park,0
Dinolestes lewini,-36.42,150.08,2012,3,31,25,1,-36_150,18.585016886393227,21.22326278686523,18.36202437157773,21.221236013597057,NA,NA,0
Dinolestes lewini,-36.42,150.08,2012,3,31,15,40,-36_150,18.585016886393227,21.22326278686523,18.36202437157773,21.221236013597057,NA,NA,0
Dinolestes lewini,-36.42,150.08,2012,3,31,20,20,-36_150,18.585016886393227,21.22326278686523,18.36202437157773,21.221236013597057,NA,NA,0
Dinolestes lewini,-36.09,150.15,2012,6,1,20,100,-36_150,18.585016886393227,17.029645919799805,18.36202437157773,16.83511078622606,NA,NA,0
Dinolestes lewini,-36.09,150.15,2012,6,1,25,100,-36_150,18.585016886393227,17.029645919799805,18.36202437157773,16.83511078622606,NA,NA,0
Dinolestes lewini,-36.09,150.15,2012,6,1,20,2,-36_150,18.585016886393227,17.029645919799805,18.36202437157773,16.83511078622606,NA,NA,0
Dinolestes lewini,-35.07,150.77,2016,4,1,20,1,-35_151,20.669610341389973,22.880043029785156,21.274100916582,22.28422171274821,2002,Jervis Bay Marine Park,1
Dinolestes lewini,-35.07,150.77,2016,4,1,15,2,-35_151,20.669610341389973,22.880043029785156,21.274100916582,22.28422171274821,2002,Jervis Bay Marine Park,1
Dinolestes lewini,-35.07,150.77,2016,4,1,20,2,-35_151,20.669610341389973,22.880043029785156,21.274100916582,22.28422171274821,2002,Jervis Bay Marine Park,1
Dinolestes lewini,-35.07,150.7,2016,4,4,25,50,-35_151,20.669610341389973,22.880043029785156,21.274100916582,22.28422171274821,NA,NA,0
Dinolestes lewini,-35.07,150.7,2016,4,4,30,1,-35_151,20.669610341389973,22.880043029785156,21.274100916582,22.28422171274821,NA,NA,0
Dinolestes lewini,-35.07,150.7,2016,4,4,35,1,-35_151,20.669610341389973,22.880043029785156,21.274100916582,22.28422171274821,NA,NA,0
Dinolestes lewini,-35.07,150.7,2016,4,4,35,2,-35_151,20.669610341389973,22.880043029785156,21.274100916582,22.28422171274821,NA,NA,0
Dinolestes lewini,-35.07,150.69,2016,4,3,30,10,-35_151,20.669610341389973,22.880043029785156,21.274100916582,22.28422171274821,NA,NA,0
Dinolestes lewini,-35.06,150.77,2016,4,1,15,1,-35_151,20.669610341389973,22.880043029785156,21.274100916582,22.28422171274821,2002,Jervis Bay Marine Park,1
Dinolestes lewini,-35.06,150.77,2016,4,1,20,1,-35_151,20.669610341389973,22.880043029785156,21.274100916582,22.28422171274821,2002,Jervis Bay Marine Park,1
Dinolestes lewini,-35.08,150.79,2016,4,2,30,1,-35_151,20.669610341389973,22.880043029785156,21.274100916582,22.28422171274821,2002,Jervis Bay Marine Park,1
Dinolestes lewini,-35.06,150.77,2016,4,1,15,4,-35_151,20.669610341389973,22.880043029785156,21.274100916582,22.28422171274821,2002,Jervis Bay Marine Park,1
Dinolestes lewini,-35.06,150.77,2016,4,1,25,2,-35_151,20.669610341389973,22.880043029785156,21.274100916582,22.28422171274821,2002,Jervis Bay Marine Park,1
Dinolestes lewini,-35.06,150.77,2016,4,1,15,2,-35_151,20.669610341389973,22.880043029785156,21.274100916582,22.28422171274821,2002,Jervis Bay Marine Park,1
Dinolestes lewini,-35.09,150.69,2016,4,3,20,1,-35_151,20.669610341389973,22.880043029785156,21.274100916582,22.28422171274821,2002,Jervis Bay Marine Park,1
Dinolestes lewini,-35.08,150.79,2016,4,2,30,13,-35_151,20.669610341389973,22.880043029785156,21.274100916582,22.28422171274821,2002,Jervis Bay Marine Park,1
Dinolestes lewini,-35.07,150.7,2016,4,4,15,1,-35_151,20.669610341389973,22.880043029785156,21.274100916582,22.28422171274821,NA,NA,0
Dinolestes lewini,-43.14,147.97,2021,12,21,12.5,5,-43_148,14.248938242594402,14.95293426513672,14.948472898792621,15.42003193209248,NA,NA,0
Dinolestes lewini,-43.14,147.97,2021,12,21,10,2,-43_148,14.248938242594402,14.95293426513672,14.948472898792621,15.42003193209248,NA,NA,0
Dinolestes lewini,-43.14,147.97,2021,12,21,12.5,3,-43_148,14.248938242594402,14.95293426513672,14.948472898792621,15.42003193209248,NA,NA,0
Dinolestes lewini,-43.14,147.97,2021,12,21,15,10,-43_148,14.248938242594402,14.95293426513672,14.948472898792621,15.42003193209248,NA,NA,0
Dinolestes lewini,-43.14,147.97,2021,12,21,20,10,-43_148,14.248938242594402,14.95293426513672,14.948472898792621,15.42003193209248,NA,NA,0
Dinolestes lewini,-43.14,147.97,2021,12,21,25,1,-43_148,14.248938242594402,14.95293426513672,14.948472898792621,15.42003193209248,NA,NA,0
Dinolestes lewini,-43.14,147.97,2021,12,21,15,5,-43_148,14.248938242594402,14.95293426513672,14.948472898792621,15.42003193209248,NA,NA,0
Dinolestes lewini,-43.14,147.97,2021,12,21,20,20,-43_148,14.248938242594402,14.95293426513672,14.948472898792621,15.42003193209248,NA,NA,0
Dinolestes lewini,-43.14,147.97,2021,12,21,25,20,-43_148,14.248938242594402,14.95293426513672,14.948472898792621,15.42003193209248,NA,NA,0
Dinolestes lewini,-43.14,147.97,2021,12,21,30,12,-43_148,14.248938242594402,14.95293426513672,14.948472898792621,15.42003193209248,NA,NA,0
Dinolestes lewini,-43.14,147.97,2021,12,21,15,25,-43_148,14.248938242594402,14.95293426513672,14.948472898792621,15.42003193209248,NA,NA,0
Dinolestes lewini,-43.14,147.97,2021,12,21,20,8,-43_148,14.248938242594402,14.95293426513672,14.948472898792621,15.42003193209248,NA,NA,0
Dinolestes lewini,-43.14,147.97,2021,12,21,20,18,-43_148,14.248938242594402,14.95293426513672,14.948472898792621,15.42003193209248,NA,NA,0
Dinolestes lewini,-43.14,147.97,2021,12,21,7.5,2,-43_148,14.248938242594402,14.95293426513672,14.948472898792621,15.42003193209248,NA,NA,0
Dinolestes lewini,-43.14,147.97,2021,12,21,20,15,-43_148,14.248938242594402,14.95293426513672,14.948472898792621,15.42003193209248,NA,NA,0
Dinolestes lewini,-43.14,147.97,2021,12,21,30,1,-43_148,14.248938242594402,14.95293426513672,14.948472898792621,15.42003193209248,NA,NA,0
Dinolestes lewini,-35.11,150.77,2023,3,31,25,1,-35_151,20.63033644358317,23.542360305786133,21.00919716368765,24.165483351676695,2002,Booderee National Park,1
Dinolestes lewini,-35.13,150.73,2023,4,1,20,1,-35_151,20.63033644358317,21.939029693603516,21.00919716368765,22.74777734544542,NA,NA,0
Dinolestes lewini,-35.13,150.73,2023,4,1,25,2,-35_151,20.63033644358317,21.939029693603516,21.00919716368765,22.74777734544542,NA,NA,0
Dinolestes lewini,-35.13,150.73,2023,4,1,30,2,-35_151,20.63033644358317,21.939029693603516,21.00919716368765,22.74777734544542,NA,NA,0
Dinolestes lewini,-35.13,150.73,2023,4,1,35,2,-35_151,20.63033644358317,21.939029693603516,21.00919716368765,22.74777734544542,NA,NA,0
Dinolestes lewini,-35.11,150.77,2023,3,31,20,1,-35_151,20.63033644358317,23.542360305786133,21.00919716368765,24.165483351676695,2002,Booderee National Park,1
Dinolestes lewini,-35.02,150.76,2023,4,1,25,1,-35_151,20.63033644358317,21.939029693603516,21.00919716368765,22.74777734544542,2002,Jervis Bay Marine Park,1
Dinolestes lewini,-35.02,150.76,2023,4,1,40,50,-35_151,20.63033644358317,21.939029693603516,21.00919716368765,22.74777734544542,2002,Jervis Bay Marine Park,1
Dinolestes lewini,-35.06,150.77,2023,4,2,30,20,-35_151,20.63033644358317,21.939029693603516,21.00919716368765,22.74777734544542,2002,Jervis Bay Marine Park,1
Dinolestes lewini,-35.06,150.77,2023,4,2,40,20,-35_151,20.63033644358317,21.939029693603516,21.00919716368765,22.74777734544542,2002,Jervis Bay Marine Park,1
Dinolestes lewini,-35.06,150.77,2023,4,2,50,4,-35_151,20.63033644358317,21.939029693603516,21.00919716368765,22.74777734544542,2002,Jervis Bay Marine Park,1
Dinolestes lewini,-35.09,150.8,2023,4,3,30,10,-35_151,20.63033644358317,21.939029693603516,21.00919716368765,22.74777734544542,NA,NA,0
Dinolestes lewini,-35.09,150.8,2023,4,3,35,30,-35_151,20.63033644358317,21.939029693603516,21.00919716368765,22.74777734544542,NA,NA,0
Dinolestes lewini,-35.12,150.71,2023,4,1,35,1,-35_151,20.63033644358317,21.939029693603516,21.00919716368765,22.74777734544542,NA,NA,0
Dinolestes lewini,-35.12,150.75,2023,3,31,15,200,-35_151,20.63033644358317,23.542360305786133,21.00919716368765,24.165483351676695,NA,NA,0
Dinolestes lewini,-35.12,150.75,2023,3,31,20,50,-35_151,20.63033644358317,23.542360305786133,21.00919716368765,24.165483351676695,NA,NA,0
Dinolestes lewini,-35.12,150.75,2023,3,31,15,100,-35_151,20.63033644358317,23.542360305786133,21.00919716368765,24.165483351676695,NA,NA,0
Dinolestes lewini,-35.12,150.75,2023,3,31,20,60,-35_151,20.63033644358317,23.542360305786133,21.00919716368765,24.165483351676695,NA,NA,0
Dinolestes lewini,-35.13,150.73,2023,4,1,15,5,-35_151,20.63033644358317,21.939029693603516,21.00919716368765,22.74777734544542,NA,NA,0
Dinolestes lewini,-35.13,150.73,2023,4,1,20,5,-35_151,20.63033644358317,21.939029693603516,21.00919716368765,22.74777734544542,NA,NA,0
Dinolestes lewini,-35.13,150.73,2023,4,1,20,20,-35_151,20.63033644358317,21.939029693603516,21.00919716368765,22.74777734544542,NA,NA,0
Dinolestes lewini,-35.11,150.77,2023,3,31,12.5,1,-35_151,20.63033644358317,23.542360305786133,21.00919716368765,24.165483351676695,2002,Booderee National Park,1
Dinolestes lewini,-35.02,150.76,2023,4,1,30,2,-35_151,20.63033644358317,21.939029693603516,21.00919716368765,22.74777734544542,2002,Jervis Bay Marine Park,1
Dinolestes lewini,-35.02,150.76,2023,4,1,35,2,-35_151,20.63033644358317,21.939029693603516,21.00919716368765,22.74777734544542,2002,Jervis Bay Marine Park,1
Dinolestes lewini,-35.08,150.79,2023,4,3,30,2,-35_151,20.63033644358317,21.939029693603516,21.00919716368765,22.74777734544542,2002,Jervis Bay Marine Park,1
Dinolestes lewini,-35.08,150.79,2023,4,3,35,1,-35_151,20.63033644358317,21.939029693603516,21.00919716368765,22.74777734544542,2002,Jervis Bay Marine Park,1
Dinolestes lewini,-35.02,150.76,2023,4,1,35,30,-35_151,20.63033644358317,21.939029693603516,21.00919716368765,22.74777734544542,2002,Jervis Bay Marine Park,1
Dinolestes lewini,-35.12,150.75,2023,3,31,20,1,-35_151,20.63033644358317,23.542360305786133,21.00919716368765,24.165483351676695,NA,NA,0
Dinolestes lewini,-35.12,150.75,2023,3,31,25,1,-35_151,20.63033644358317,23.542360305786133,21.00919716368765,24.165483351676695,NA,NA,0
Dinolestes lewini,-35.09,150.8,2023,4,3,12.5,15,-35_151,20.63033644358317,21.939029693603516,21.00919716368765,22.74777734544542,NA,NA,0
Dinolestes lewini,-35.09,150.8,2023,4,3,15,15,-35_151,20.63033644358317,21.939029693603516,21.00919716368765,22.74777734544542,NA,NA,0
Dinolestes lewini,-35.09,150.8,2023,4,3,15,3,-35_151,20.63033644358317,21.939029693603516,21.00919716368765,22.74777734544542,NA,NA,0
Dinolestes lewini,-35.09,150.8,2023,4,3,20,2,-35_151,20.63033644358317,21.939029693603516,21.00919716368765,22.74777734544542,NA,NA,0
Dinolestes lewini,-35.09,150.8,2023,4,3,30,10,-35_151,20.63033644358317,21.939029693603516,21.00919716368765,22.74777734544542,NA,NA,0
Dinolestes lewini,-35.09,150.8,2023,4,3,25,20,-35_151,20.63033644358317,21.939029693603516,21.00919716368765,22.74777734544542,NA,NA,0
Dinolestes lewini,-35.09,150.8,2023,4,3,30,30,-35_151,20.63033644358317,21.939029693603516,21.00919716368765,22.74777734544542,NA,NA,0
Dinolestes lewini,-35.12,150.75,2023,3,31,35,30,-35_151,20.63033644358317,23.542360305786133,21.00919716368765,24.165483351676695,NA,NA,0
Dinolestes lewini,-35.12,150.75,2023,3,31,40,30,-35_151,20.63033644358317,23.542360305786133,21.00919716368765,24.165483351676695,NA,NA,0
Dinolestes lewini,-35.08,150.79,2023,4,3,25,10,-35_151,20.63033644358317,21.939029693603516,21.00919716368765,22.74777734544542,2002,Jervis Bay Marine Park,1
Dinolestes lewini,-35.08,150.79,2023,4,3,30,5,-35_151,20.63033644358317,21.939029693603516,21.00919716368765,22.74777734544542,2002,Jervis Bay Marine Park,1
Dinolestes lewini,-35.02,150.76,2023,4,1,25,10,-35_151,20.63033644358317,21.939029693603516,21.00919716368765,22.74777734544542,2002,Jervis Bay Marine Park,1
Dinolestes lewini,-35.09,150.8,2023,4,3,30,1,-35_151,20.63033644358317,21.939029693603516,21.00919716368765,22.74777734544542,NA,NA,0
Dinolestes lewini,-35.09,150.8,2023,4,3,40,1,-35_151,20.63033644358317,21.939029693603516,21.00919716368765,22.74777734544542,NA,NA,0
Dinolestes lewini,-33.84,151.28,2021,12,11,25,3,-34_151,20.64797862370809,22.177095413208008,20.950210547590647,22.682096265977428,NA,NA,0
Dinolestes lewini,-33.84,151.28,2021,12,11,30,4,-34_151,20.64797862370809,22.177095413208008,20.950210547590647,22.682096265977428,NA,NA,0
Dinolestes lewini,-33.84,151.28,2021,12,11,35,3,-34_151,20.64797862370809,22.177095413208008,20.950210547590647,22.682096265977428,NA,NA,0
Dinolestes lewini,-33.92,151.26,2022,4,28,30,15,-34_151,20.85954205195109,22.986236572265625,21.210269496203445,23.226666116714476,NA,NA,0
Dinolestes lewini,-33.92,151.26,2022,4,28,35,5,-34_151,20.85954205195109,22.986236572265625,21.210269496203445,23.226666116714476,NA,NA,0
Dinolestes lewini,-33.8,151.28,2022,1,8,40,1,-34_151,20.85954205195109,23.8652400970459,21.210269496203445,23.798467174653084,NA,NA,0
Dinolestes lewini,-33.8,151.27,2022,1,8,20,5,-34_151,20.85954205195109,23.8652400970459,21.210269496203445,23.798467174653084,NA,NA,0
Dinolestes lewini,-34.07,151.11,2022,5,19,30,5,-34_151,20.85954205195109,21.968141555786133,21.210269496203445,22.905321982599073,NA,NA,0
Dinolestes lewini,-34.07,151.11,2022,5,19,35,1,-34_151,20.85954205195109,21.968141555786133,21.210269496203445,22.905321982599073,NA,NA,0
Dinolestes lewini,-34.07,151.13,2022,5,19,35,2,-34_151,20.85954205195109,21.968141555786133,21.210269496203445,22.905321982599073,1982,Shiprock Aquatic Reserve,1
Dinolestes lewini,-34.07,151.13,2022,5,19,40,2,-34_151,20.85954205195109,21.968141555786133,21.210269496203445,22.905321982599073,1982,Shiprock Aquatic Reserve,1
Dinolestes lewini,-33.92,151.26,2022,4,28,35,4,-34_151,20.85954205195109,22.986236572265625,21.210269496203445,23.226666116714476,NA,NA,0
Dinolestes lewini,-33.92,151.26,2022,4,28,30,3,-34_151,20.85954205195109,22.986236572265625,21.210269496203445,23.226666116714476,NA,NA,0
Dinolestes lewini,-33.92,151.26,2022,4,28,35,6,-34_151,20.85954205195109,22.986236572265625,21.210269496203445,23.226666116714476,NA,NA,0
Dinolestes lewini,-33.83,151.27,2022,4,30,20,20,-34_151,20.85954205195109,22.986236572265625,21.210269496203445,23.226666116714476,NA,NA,0
Dinolestes lewini,-33.8,151.3,2021,12,12,30,6,-34_151,20.64797862370809,22.177095413208008,20.950210547590647,22.682096265977428,2002,Cabbage Tree Bay Aquatic Reserve,1
Dinolestes lewini,-33.8,151.3,2021,12,12,35,6,-34_151,20.64797862370809,22.177095413208008,20.950210547590647,22.682096265977428,2002,Cabbage Tree Bay Aquatic Reserve,1
Dinolestes lewini,-33.83,151.27,2022,4,30,15,30,-34_151,20.85954205195109,22.986236572265625,21.210269496203445,23.226666116714476,NA,NA,0
Dinolestes lewini,-35.07,150.77,2022,2,13,7.5,1,-35_151,20.270729541778564,23.804668426513672,20.851392383183974,24.821308976127987,2002,Jervis Bay Marine Park,1
Dinolestes lewini,-35.07,150.77,2022,2,13,10,1,-35_151,20.270729541778564,23.804668426513672,20.851392383183974,24.821308976127987,2002,Jervis Bay Marine Park,1
Dinolestes lewini,-35.12,150.75,2022,2,11,35,3,-35_151,20.270729541778564,23.804668426513672,20.851392383183974,24.821308976127987,NA,NA,0
Dinolestes lewini,-35.07,150.7,2022,2,12,20,22,-35_151,20.270729541778564,23.804668426513672,20.851392383183974,24.821308976127987,NA,NA,0
Dinolestes lewini,-35.07,150.7,2022,2,12,25,8,-35_151,20.270729541778564,23.804668426513672,20.851392383183974,24.821308976127987,NA,NA,0
Dinolestes lewini,-33.82,151.29,2022,5,7,35,2,-34_151,20.85954205195109,21.968141555786133,21.210269496203445,22.905321982599073,NA,NA,0
Dinolestes lewini,-33.82,151.29,2022,5,7,25,1,-34_151,20.85954205195109,21.968141555786133,21.210269496203445,22.905321982599073,NA,NA,0
Dinolestes lewini,-33.82,151.29,2022,5,7,35,2,-34_151,20.85954205195109,21.968141555786133,21.210269496203445,22.905321982599073,NA,NA,0
Dinolestes lewini,-33.82,151.29,2022,5,7,40,2,-34_151,20.85954205195109,21.968141555786133,21.210269496203445,22.905321982599073,NA,NA,0
Dinolestes lewini,-33.84,151.29,2022,5,15,30,1,-34_151,20.85954205195109,21.968141555786133,21.210269496203445,22.905321982599073,NA,NA,0
Dinolestes lewini,-35.12,150.76,2022,2,11,25,1,-35_151,20.270729541778564,23.804668426513672,20.851392383183974,24.821308976127987,2002,Booderee National Park,1
Dinolestes lewini,-35.12,150.76,2022,2,11,30,1,-35_151,20.270729541778564,23.804668426513672,20.851392383183974,24.821308976127987,2002,Booderee National Park,1
Dinolestes lewini,-35.08,150.79,2022,2,14,10,60,-35_151,20.270729541778564,23.804668426513672,20.851392383183974,24.821308976127987,2002,Jervis Bay Marine Park,1
Dinolestes lewini,-35.08,150.79,2022,2,14,12.5,30,-35_151,20.270729541778564,23.804668426513672,20.851392383183974,24.821308976127987,2002,Jervis Bay Marine Park,1
Dinolestes lewini,-35.08,150.79,2022,2,14,25,15,-35_151,20.270729541778564,23.804668426513672,20.851392383183974,24.821308976127987,2002,Jervis Bay Marine Park,1
Dinolestes lewini,-35.08,150.79,2022,2,14,30,3,-35_151,20.270729541778564,23.804668426513672,20.851392383183974,24.821308976127987,2002,Jervis Bay Marine Park,1
Dinolestes lewini,-35.08,150.79,2022,2,14,35,1,-35_151,20.270729541778564,23.804668426513672,20.851392383183974,24.821308976127987,2002,Jervis Bay Marine Park,1
Dinolestes lewini,-35.08,150.8,2022,2,14,25,1,-35_151,20.270729541778564,23.804668426513672,20.851392383183974,24.821308976127987,2002,Jervis Bay Marine Park,1
Dinolestes lewini,-35.08,150.8,2022,2,14,30,1,-35_151,20.270729541778564,23.804668426513672,20.851392383183974,24.821308976127987,2002,Jervis Bay Marine Park,1
Dinolestes lewini,-35.08,150.8,2022,2,14,15,5,-35_151,20.270729541778564,23.804668426513672,20.851392383183974,24.821308976127987,2002,Jervis Bay Marine Park,1
Dinolestes lewini,-35.07,150.7,2022,2,12,12.5,15,-35_151,20.270729541778564,23.804668426513672,20.851392383183974,24.821308976127987,NA,NA,0
Dinolestes lewini,-35.02,150.76,2022,2,13,25,2,-35_151,20.270729541778564,23.804668426513672,20.851392383183974,24.821308976127987,2002,Jervis Bay Marine Park,1
Dinolestes lewini,-35.02,150.76,2022,2,13,30,22,-35_151,20.270729541778564,23.804668426513672,20.851392383183974,24.821308976127987,2002,Jervis Bay Marine Park,1
Dinolestes lewini,-35.02,150.76,2022,2,13,10,2,-35_151,20.270729541778564,23.804668426513672,20.851392383183974,24.821308976127987,2002,Jervis Bay Marine Park,1
Dinolestes lewini,-35.02,150.76,2022,2,13,30,1,-35_151,20.270729541778564,23.804668426513672,20.851392383183974,24.821308976127987,2002,Jervis Bay Marine Park,1
Dinolestes lewini,-35.07,150.77,2022,2,13,12.5,1,-35_151,20.270729541778564,23.804668426513672,20.851392383183974,24.821308976127987,2002,Jervis Bay Marine Park,1
Dinolestes lewini,-35.07,150.77,2022,2,13,12.5,2,-35_151,20.270729541778564,23.804668426513672,20.851392383183974,24.821308976127987,2002,Jervis Bay Marine Park,1
Dinolestes lewini,-35.07,150.77,2022,2,13,12.5,1,-35_151,20.270729541778564,23.804668426513672,20.851392383183974,24.821308976127987,2002,Jervis Bay Marine Park,1
Dinolestes lewini,-35.02,150.76,2022,2,13,12.5,3,-35_151,20.270729541778564,23.804668426513672,20.851392383183974,24.821308976127987,2002,Jervis Bay Marine Park,1
Dinolestes lewini,-35.02,150.76,2022,2,13,15,3,-35_151,20.270729541778564,23.804668426513672,20.851392383183974,24.821308976127987,2002,Jervis Bay Marine Park,1
Dinolestes lewini,-35.02,150.76,2022,2,13,20,3,-35_151,20.270729541778564,23.804668426513672,20.851392383183974,24.821308976127987,2002,Jervis Bay Marine Park,1
Dinolestes lewini,-35.02,150.76,2022,2,13,25,3,-35_151,20.270729541778564,23.804668426513672,20.851392383183974,24.821308976127987,2002,Jervis Bay Marine Park,1
Dinolestes lewini,-35.02,150.76,2022,2,13,30,2,-35_151,20.270729541778564,23.804668426513672,20.851392383183974,24.821308976127987,2002,Jervis Bay Marine Park,1
Dinolestes lewini,-35.02,150.76,2022,2,13,15,1,-35_151,20.270729541778564,23.804668426513672,20.851392383183974,24.821308976127987,2002,Jervis Bay Marine Park,1
Dinolestes lewini,-35.02,150.76,2022,2,13,20,1,-35_151,20.270729541778564,23.804668426513672,20.851392383183974,24.821308976127987,2002,Jervis Bay Marine Park,1
Dinolestes lewini,-35.02,150.76,2022,2,13,25,1,-35_151,20.270729541778564,23.804668426513672,20.851392383183974,24.821308976127987,2002,Jervis Bay Marine Park,1
Dinolestes lewini,-35.02,150.76,2022,2,13,30,1,-35_151,20.270729541778564,23.804668426513672,20.851392383183974,24.821308976127987,2002,Jervis Bay Marine Park,1
Dinolestes lewini,-35.02,150.76,2022,2,13,35,1,-35_151,20.270729541778564,23.804668426513672,20.851392383183974,24.821308976127987,2002,Jervis Bay Marine Park,1
Dinolestes lewini,-35.13,150.73,2022,2,12,7.5,1,-35_151,20.270729541778564,23.804668426513672,20.851392383183974,24.821308976127987,NA,NA,0
Dinolestes lewini,-35.13,150.73,2022,2,12,25,20,-35_151,20.270729541778564,23.804668426513672,20.851392383183974,24.821308976127987,NA,NA,0
Dinolestes lewini,-35.09,150.8,2022,2,14,15,6,-35_151,20.270729541778564,23.804668426513672,20.851392383183974,24.821308976127987,NA,NA,0
Dinolestes lewini,-35.13,150.73,2022,2,12,5,2,-35_151,20.270729541778564,23.804668426513672,20.851392383183974,24.821308976127987,NA,NA,0
Dinolestes lewini,-35.13,150.73,2022,2,12,7.5,3,-35_151,20.270729541778564,23.804668426513672,20.851392383183974,24.821308976127987,NA,NA,0
Dinolestes lewini,-35.13,150.73,2022,2,12,7.5,2,-35_151,20.270729541778564,23.804668426513672,20.851392383183974,24.821308976127987,NA,NA,0
Dinolestes lewini,-35.02,150.76,2022,2,13,10,3,-35_151,20.270729541778564,23.804668426513672,20.851392383183974,24.821308976127987,2002,Jervis Bay Marine Park,1
Dinolestes lewini,-35.02,150.76,2022,2,13,12.5,1,-35_151,20.270729541778564,23.804668426513672,20.851392383183974,24.821308976127987,2002,Jervis Bay Marine Park,1
Dinolestes lewini,-35.02,150.76,2022,2,13,20,3,-35_151,20.270729541778564,23.804668426513672,20.851392383183974,24.821308976127987,2002,Jervis Bay Marine Park,1
Dinolestes lewini,-43.27,147.14,2022,3,4,10,2,-43_147,14.052016496658325,16.87721061706543,14.478404932315081,17.127031793901995,NA,NA,0
Dinolestes lewini,-43.27,147.14,2022,3,4,30,1,-43_147,14.052016496658325,16.87721061706543,14.478404932315081,17.127031793901995,NA,NA,0
Dinolestes lewini,-43.27,147.14,2022,3,4,15,1,-43_147,14.052016496658325,16.87721061706543,14.478404932315081,17.127031793901995,NA,NA,0
Dinolestes lewini,-43.27,147.14,2022,3,4,7.5,1,-43_147,14.052016496658325,16.87721061706543,14.478404932315081,17.127031793901995,NA,NA,0
Dinolestes lewini,-35.02,150.76,2022,2,13,20,1,-35_151,20.270729541778564,23.804668426513672,20.851392383183974,24.821308976127987,2002,Jervis Bay Marine Park,1
Dinolestes lewini,-35.07,150.77,2022,2,13,20,1,-35_151,20.270729541778564,23.804668426513672,20.851392383183974,24.821308976127987,2002,Jervis Bay Marine Park,1
Dinolestes lewini,-35.07,150.77,2022,2,13,25,2,-35_151,20.270729541778564,23.804668426513672,20.851392383183974,24.821308976127987,2002,Jervis Bay Marine Park,1
Dinolestes lewini,-35.07,150.77,2022,2,13,30,1,-35_151,20.270729541778564,23.804668426513672,20.851392383183974,24.821308976127987,2002,Jervis Bay Marine Park,1
Dinolestes lewini,-35.08,150.8,2022,2,14,20,4,-35_151,20.270729541778564,23.804668426513672,20.851392383183974,24.821308976127987,2002,Jervis Bay Marine Park,1
Dinolestes lewini,-35.08,150.8,2022,2,14,35,1,-35_151,20.270729541778564,23.804668426513672,20.851392383183974,24.821308976127987,2002,Jervis Bay Marine Park,1
Dinolestes lewini,-35.08,150.8,2022,2,14,20,1,-35_151,20.270729541778564,23.804668426513672,20.851392383183974,24.821308976127987,2002,Jervis Bay Marine Park,1
Dinolestes lewini,-35.08,150.8,2022,2,14,30,1,-35_151,20.270729541778564,23.804668426513672,20.851392383183974,24.821308976127987,2002,Jervis Bay Marine Park,1
Dinolestes lewini,-35.12,150.71,2022,2,12,7.5,5,-35_151,20.270729541778564,23.804668426513672,20.851392383183974,24.821308976127987,NA,NA,0
Dinolestes lewini,-35.12,150.71,2022,2,12,10,15,-35_151,20.270729541778564,23.804668426513672,20.851392383183974,24.821308976127987,NA,NA,0
Dinolestes lewini,-35.12,150.71,2022,2,12,15,33,-35_151,20.270729541778564,23.804668426513672,20.851392383183974,24.821308976127987,NA,NA,0
Dinolestes lewini,-35.02,150.76,2022,2,13,15,1,-35_151,20.270729541778564,23.804668426513672,20.851392383183974,24.821308976127987,2002,Jervis Bay Marine Park,1
Dinolestes lewini,-35.02,150.76,2022,2,13,25,1,-35_151,20.270729541778564,23.804668426513672,20.851392383183974,24.821308976127987,2002,Jervis Bay Marine Park,1
Dinolestes lewini,-35.02,150.76,2022,2,13,30,1,-35_151,20.270729541778564,23.804668426513672,20.851392383183974,24.821308976127987,2002,Jervis Bay Marine Park,1
Dinolestes lewini,-43.29,147.18,2022,3,4,12.5,1,-43_147,14.052016496658325,16.87721061706543,14.478404932315081,17.127031793901995,NA,NA,0
Dinolestes lewini,-43.29,147.18,2022,3,4,15,1,-43_147,14.052016496658325,16.87721061706543,14.478404932315081,17.127031793901995,NA,NA,0
Dinolestes lewini,-43.29,147.18,2022,3,4,20,1,-43_147,14.052016496658325,16.87721061706543,14.478404932315081,17.127031793901995,NA,NA,0
Dinolestes lewini,-43.29,147.18,2022,3,4,30,1,-43_147,14.052016496658325,16.87721061706543,14.478404932315081,17.127031793901995,NA,NA,0
Dinolestes lewini,-43.29,147.14,2022,3,4,12.5,1,-43_147,14.052016496658325,16.87721061706543,14.478404932315081,17.127031793901995,NA,NA,0
Dinolestes lewini,-43.29,147.14,2022,3,4,15,1,-43_147,14.052016496658325,16.87721061706543,14.478404932315081,17.127031793901995,NA,NA,0
Dinolestes lewini,-43.29,147.14,2022,3,4,30,1,-43_147,14.052016496658325,16.87721061706543,14.478404932315081,17.127031793901995,NA,NA,0
Dinolestes lewini,-43.29,147.18,2022,3,4,12.5,3,-43_147,14.052016496658325,16.87721061706543,14.478404932315081,17.127031793901995,NA,NA,0
Dinolestes lewini,-43.29,147.18,2022,3,4,15,1,-43_147,14.052016496658325,16.87721061706543,14.478404932315081,17.127031793901995,NA,NA,0
Dinolestes lewini,-43.29,147.18,2022,3,4,20,2,-43_147,14.052016496658325,16.87721061706543,14.478404932315081,17.127031793901995,NA,NA,0
Dinolestes lewini,-43.29,147.18,2022,3,4,25,2,-43_147,14.052016496658325,16.87721061706543,14.478404932315081,17.127031793901995,NA,NA,0
Dinolestes lewini,-43.29,147.18,2022,3,4,30,2,-43_147,14.052016496658325,16.87721061706543,14.478404932315081,17.127031793901995,NA,NA,0
Dinolestes lewini,-43.29,147.14,2022,3,4,10,1,-43_147,14.052016496658325,16.87721061706543,14.478404932315081,17.127031793901995,NA,NA,0
Dinolestes lewini,-43.29,147.18,2022,3,4,25,1,-43_147,14.052016496658325,16.87721061706543,14.478404932315081,17.127031793901995,NA,NA,0
Dinolestes lewini,-43.29,147.18,2022,3,4,40,1,-43_147,14.052016496658325,16.87721061706543,14.478404932315081,17.127031793901995,NA,NA,0
Dinolestes lewini,-43.29,147.14,2022,3,4,10,1,-43_147,14.052016496658325,16.87721061706543,14.478404932315081,17.127031793901995,NA,NA,0
Dinolestes lewini,-43.29,147.18,2022,3,4,20,1,-43_147,14.052016496658325,16.87721061706543,14.478404932315081,17.127031793901995,NA,NA,0
Dinolestes lewini,-35.11,150.77,2022,2,11,20,3,-35_151,20.270729541778564,23.804668426513672,20.851392383183974,24.821308976127987,2002,Booderee National Park,1
Dinolestes lewini,-35.11,150.77,2022,2,11,15,5,-35_151,20.270729541778564,23.804668426513672,20.851392383183974,24.821308976127987,2002,Booderee National Park,1
Dinolestes lewini,-35.11,150.77,2022,2,11,20,5,-35_151,20.270729541778564,23.804668426513672,20.851392383183974,24.821308976127987,2002,Booderee National Park,1
Dinolestes lewini,-35.06,150.77,2022,2,13,10,70,-35_151,20.270729541778564,23.804668426513672,20.851392383183974,24.821308976127987,2002,Jervis Bay Marine Park,1
Dinolestes lewini,-35.06,150.77,2022,2,13,15,21,-35_151,20.270729541778564,23.804668426513672,20.851392383183974,24.821308976127987,2002,Jervis Bay Marine Park,1
Dinolestes lewini,-43.27,147.14,2022,3,4,15,1,-43_147,14.052016496658325,16.87721061706543,14.478404932315081,17.127031793901995,NA,NA,0
Dinolestes lewini,-43.27,147.14,2022,3,4,25,1,-43_147,14.052016496658325,16.87721061706543,14.478404932315081,17.127031793901995,NA,NA,0
Dinolestes lewini,-43.27,147.14,2022,3,4,5,1,-43_147,14.052016496658325,16.87721061706543,14.478404932315081,17.127031793901995,NA,NA,0
Dinolestes lewini,-43.27,147.14,2022,3,4,15,1,-43_147,14.052016496658325,16.87721061706543,14.478404932315081,17.127031793901995,NA,NA,0
Dinolestes lewini,-43.27,147.14,2022,3,4,25,1,-43_147,14.052016496658325,16.87721061706543,14.478404932315081,17.127031793901995,NA,NA,0
Dinolestes lewini,-35.06,150.77,2022,2,13,30,10,-35_151,20.270729541778564,23.804668426513672,20.851392383183974,24.821308976127987,2002,Jervis Bay Marine Park,1
Dinolestes lewini,-35.12,150.71,2022,2,12,15,2,-35_151,20.270729541778564,23.804668426513672,20.851392383183974,24.821308976127987,NA,NA,0
Dinolestes lewini,-32.71,152.15,2024,3,17,35,1,-33_152,21.951420148213703,24.8126220703125,21.69310426197982,23.836693030531688,1983,Fly Point-Halifax Park,1
Dinolestes lewini,-32.74,152.19,2024,5,26,30,2,-33_152,21.951420148213703,22.405046463012695,21.69310426197982,21.77204256673013,NA,NA,0
Dinolestes lewini,-32.74,152.19,2024,5,26,35,1,-33_152,21.951420148213703,22.405046463012695,21.69310426197982,21.77204256673013,NA,NA,0
Dinolestes lewini,-32.71,152.16,2024,5,25,30,10,-33_152,21.951420148213703,22.405046463012695,21.69310426197982,21.77204256673013,1983,Fly Point-Halifax Park,1
Dinolestes lewini,-32.71,152.15,2024,5,23,35,5,-33_152,21.951420148213703,22.405046463012695,21.69310426197982,21.77204256673013,1983,Fly Point-Halifax Park,1
Dinolestes lewini,-32.71,152.15,2024,5,23,25,1,-33_152,21.951420148213703,22.405046463012695,21.69310426197982,21.77204256673013,1983,Fly Point-Halifax Park,1
Dinolestes lewini,-32.71,152.15,2024,5,23,30,1,-33_152,21.951420148213703,22.405046463012695,21.69310426197982,21.77204256673013,1983,Fly Point-Halifax Park,1
Dinolestes lewini,-32.71,152.16,2024,5,25,15,16,-33_152,21.951420148213703,22.405046463012695,21.69310426197982,21.77204256673013,1983,Fly Point-Halifax Park,1
Dinolestes lewini,-32.71,152.16,2024,5,25,20,10,-33_152,21.951420148213703,22.405046463012695,21.69310426197982,21.77204256673013,1983,Fly Point-Halifax Park,1
Dinolestes lewini,-32.71,152.16,2024,5,25,25,40,-33_152,21.951420148213703,22.405046463012695,21.69310426197982,21.77204256673013,1983,Fly Point-Halifax Park,1
Dinolestes lewini,-32.71,152.16,2024,5,25,30,1,-33_152,21.951420148213703,22.405046463012695,21.69310426197982,21.77204256673013,1983,Fly Point-Halifax Park,1
Dinolestes lewini,-32.71,152.16,2024,5,25,15,30,-33_152,21.951420148213703,22.405046463012695,21.69310426197982,21.77204256673013,1983,Fly Point-Halifax Park,1
Dinolestes lewini,-32.71,152.16,2024,5,25,20,80,-33_152,21.951420148213703,22.405046463012695,21.69310426197982,21.77204256673013,1983,Fly Point-Halifax Park,1
Dinolestes lewini,-32.71,152.16,2024,5,25,25,2,-33_152,21.951420148213703,22.405046463012695,21.69310426197982,21.77204256673013,1983,Fly Point-Halifax Park,1
Dinolestes lewini,-35.07,150.77,2024,3,22,15,1,-35_151,20.62244240442912,23.54745101928711,20.650039007906045,23.621074840586672,2002,Jervis Bay Marine Park,1
Dinolestes lewini,-35.05,150.84,2024,3,24,20,1,-35_151,20.62244240442912,23.54745101928711,20.650039007906045,23.621074840586672,NA,NA,0
Dinolestes lewini,-35.05,150.84,2024,3,24,7.5,1,-35_151,20.62244240442912,23.54745101928711,20.650039007906045,23.621074840586672,NA,NA,0
Dinolestes lewini,-35.02,150.76,2024,3,22,20,1,-35_151,20.62244240442912,23.54745101928711,20.650039007906045,23.621074840586672,2002,Jervis Bay Marine Park,1
Dinolestes lewini,-35.02,150.76,2024,3,22,30,1,-35_151,20.62244240442912,23.54745101928711,20.650039007906045,23.621074840586672,2002,Jervis Bay Marine Park,1
Dinolestes lewini,-35.08,150.8,2024,3,25,25,1,-35_151,20.62244240442912,23.54745101928711,20.650039007906045,23.621074840586672,2002,Jervis Bay Marine Park,1
Dinolestes lewini,-35.09,150.8,2024,3,25,25,1,-35_151,20.62244240442912,23.54745101928711,20.650039007906045,23.621074840586672,NA,NA,0
Dinolestes lewini,-35.05,150.84,2024,3,24,40,1,-35_151,20.62244240442912,23.54745101928711,20.650039007906045,23.621074840586672,NA,NA,0
Dinolestes lewini,-41.87,148.31,2023,4,29,15,2,-42_148,15.605770031611124,16.689056396484375,15.49409774494448,16.752944146262276,1991,Bicheno Marine Reserve,1
Dinolestes lewini,-42.72,148.01,2023,4,20,12.5,1,-43_148,14.803362369537354,15.849921226501465,15.290267134568536,16.58549961090088,NA,NA,0
Dinolestes lewini,-42.72,148.01,2023,4,20,20,1,-43_148,14.803362369537354,15.849921226501465,15.290267134568536,16.58549961090088,NA,NA,0
Dinolestes lewini,-42.55,147.95,2023,4,19,35,1,-43_148,14.803362369537354,15.849921226501465,15.290267134568536,16.58549961090088,NA,NA,0
Dinolestes lewini,-42.58,147.92,2023,4,21,15,30,-43_148,14.803362369537354,15.849921226501465,15.290267134568536,16.58549961090088,NA,NA,0
Dinolestes lewini,-42.63,148.02,2023,4,20,20,1,-43_148,14.803362369537354,15.849921226501465,15.290267134568536,16.58549961090088,NA,NA,0
Dinolestes lewini,-42.58,148.06,2023,4,17,7.5,1,-43_148,14.803362369537354,15.849921226501465,15.290267134568536,16.58549961090088,NA,NA,0
Dinolestes lewini,-42.58,148.06,2023,4,17,10,1,-43_148,14.803362369537354,15.849921226501465,15.290267134568536,16.58549961090088,NA,NA,0
Dinolestes lewini,-42.58,147.92,2023,4,21,12.5,2,-43_148,14.803362369537354,15.849921226501465,15.290267134568536,16.58549961090088,NA,NA,0
Dinolestes lewini,-42.58,147.92,2023,4,21,15,1,-43_148,14.803362369537354,15.849921226501465,15.290267134568536,16.58549961090088,NA,NA,0
Dinolestes lewini,-42.58,147.92,2023,4,21,20,1,-43_148,14.803362369537354,15.849921226501465,15.290267134568536,16.58549961090088,NA,NA,0
Dinolestes lewini,-41.87,148.31,2023,4,29,20,5,-42_148,15.605770031611124,16.689056396484375,15.49409774494448,16.752944146262276,1991,Bicheno Marine Reserve,1
Dinolestes lewini,-41.87,148.31,2023,4,29,25,10,-42_148,15.605770031611124,16.689056396484375,15.49409774494448,16.752944146262276,1991,Bicheno Marine Reserve,1
Dinolestes lewini,-41.87,148.31,2023,4,29,30,30,-42_148,15.605770031611124,16.689056396484375,15.49409774494448,16.752944146262276,1991,Bicheno Marine Reserve,1
Dinolestes lewini,-41.87,148.31,2023,4,29,35,10,-42_148,15.605770031611124,16.689056396484375,15.49409774494448,16.752944146262276,1991,Bicheno Marine Reserve,1
Dinolestes lewini,-41.87,148.3,2023,4,29,40,1,-42_148,15.605770031611124,16.689056396484375,15.49409774494448,16.752944146262276,NA,NA,0
Dinolestes lewini,-41.87,148.31,2023,4,29,20,23,-42_148,15.605770031611124,16.689056396484375,15.49409774494448,16.752944146262276,1991,Bicheno Marine Reserve,1
Dinolestes lewini,-41.87,148.31,2023,4,29,25,5,-42_148,15.605770031611124,16.689056396484375,15.49409774494448,16.752944146262276,1991,Bicheno Marine Reserve,1
Dinolestes lewini,-41.87,148.31,2023,4,29,20,1,-42_148,15.605770031611124,16.689056396484375,15.49409774494448,16.752944146262276,1991,Bicheno Marine Reserve,1
Dinolestes lewini,-41.87,148.31,2023,4,29,25,2,-42_148,15.605770031611124,16.689056396484375,15.49409774494448,16.752944146262276,1991,Bicheno Marine Reserve,1
Dinolestes lewini,-41.87,148.31,2023,4,29,20,1,-42_148,15.605770031611124,16.689056396484375,15.49409774494448,16.752944146262276,1991,Bicheno Marine Reserve,1
Dinolestes lewini,-41.87,148.31,2023,4,29,15,1,-42_148,15.605770031611124,16.689056396484375,15.49409774494448,16.752944146262276,1991,Bicheno Marine Reserve,1
Dinolestes lewini,-42.58,148.05,2023,4,20,15,1,-43_148,14.803362369537354,15.849921226501465,15.290267134568536,16.58549961090088,NA,NA,0
Dinolestes lewini,-42.6,148.05,2023,4,19,25,1,-43_148,14.803362369537354,15.849921226501465,15.290267134568536,16.58549961090088,NA,NA,0
Dinolestes lewini,-42.58,147.92,2023,4,21,30,1,-43_148,14.803362369537354,15.849921226501465,15.290267134568536,16.58549961090088,NA,NA,0
Dinolestes lewini,-42.56,148.07,2023,4,17,15,1,-43_148,14.803362369537354,15.849921226501465,15.290267134568536,16.58549961090088,NA,NA,0
Dinolestes lewini,-42.58,147.92,2023,4,21,12.5,20,-43_148,14.803362369537354,15.849921226501465,15.290267134568536,16.58549961090088,NA,NA,0
Dinolestes lewini,-42.58,147.92,2023,4,21,15,10,-43_148,14.803362369537354,15.849921226501465,15.290267134568536,16.58549961090088,NA,NA,0
Dinolestes lewini,-42.58,147.92,2023,4,21,20,10,-43_148,14.803362369537354,15.849921226501465,15.290267134568536,16.58549961090088,NA,NA,0
Dinolestes lewini,-42.58,147.92,2023,4,21,20,1,-43_148,14.803362369537354,15.849921226501465,15.290267134568536,16.58549961090088,NA,NA,0
Dinolestes lewini,-42.58,147.92,2023,4,21,25,1,-43_148,14.803362369537354,15.849921226501465,15.290267134568536,16.58549961090088,NA,NA,0
Dinolestes lewini,-42.56,148.07,2023,4,17,25,1,-43_148,14.803362369537354,15.849921226501465,15.290267134568536,16.58549961090088,NA,NA,0
Dinolestes lewini,-42.52,147.97,2023,4,19,15,1,-43_148,14.803362369537354,15.849921226501465,15.290267134568536,16.58549961090088,NA,NA,0
Dinolestes lewini,-42.52,147.97,2023,4,19,20,1,-43_148,14.803362369537354,15.849921226501465,15.290267134568536,16.58549961090088,NA,NA,0
Dinolestes lewini,-42.58,148.06,2023,4,17,20,1,-43_148,14.803362369537354,15.849921226501465,15.290267134568536,16.58549961090088,NA,NA,0
Dinolestes lewini,-42.52,147.97,2023,4,19,20,1,-43_148,14.803362369537354,15.849921226501465,15.290267134568536,16.58549961090088,NA,NA,0
Dinolestes lewini,-42.52,147.97,2023,4,19,25,3,-43_148,14.803362369537354,15.849921226501465,15.290267134568536,16.58549961090088,NA,NA,0
Dinolestes lewini,-42.72,148.01,2023,4,20,20,1,-43_148,14.803362369537354,15.849921226501465,15.290267134568536,16.58549961090088,NA,NA,0
Dinolestes lewini,-42.58,148.05,2023,4,20,20,1,-43_148,14.803362369537354,15.849921226501465,15.290267134568536,16.58549961090088,NA,NA,0
Dinolestes lewini,-41.87,148.31,2023,4,29,25,20,-42_148,15.605770031611124,16.689056396484375,15.49409774494448,16.752944146262276,1991,Bicheno Marine Reserve,1
Dinolestes lewini,-41.87,148.31,2023,4,29,30,80,-42_148,15.605770031611124,16.689056396484375,15.49409774494448,16.752944146262276,1991,Bicheno Marine Reserve,1
Dinolestes lewini,-41.87,148.31,2023,4,29,35,20,-42_148,15.605770031611124,16.689056396484375,15.49409774494448,16.752944146262276,1991,Bicheno Marine Reserve,1
Dinolestes lewini,-41.87,148.31,2023,4,29,15,1,-42_148,15.605770031611124,16.689056396484375,15.49409774494448,16.752944146262276,1991,Bicheno Marine Reserve,1
Dinolestes lewini,-41.87,148.31,2023,4,29,20,2,-42_148,15.605770031611124,16.689056396484375,15.49409774494448,16.752944146262276,1991,Bicheno Marine Reserve,1
Dinolestes lewini,-41.87,148.3,2023,4,29,25,5,-42_148,15.605770031611124,16.689056396484375,15.49409774494448,16.752944146262276,NA,NA,0
Dinolestes lewini,-41.87,148.3,2023,4,29,25,2,-42_148,15.605770031611124,16.689056396484375,15.49409774494448,16.752944146262276,NA,NA,0
Dinolestes lewini,-41.87,148.31,2023,4,29,20,1,-42_148,15.605770031611124,16.689056396484375,15.49409774494448,16.752944146262276,1991,Bicheno Marine Reserve,1
Dinolestes lewini,-41.87,148.3,2023,4,29,25,1,-42_148,15.605770031611124,16.689056396484375,15.49409774494448,16.752944146262276,NA,NA,0
Dinolestes lewini,-41.87,148.3,2023,4,29,30,1,-42_148,15.605770031611124,16.689056396484375,15.49409774494448,16.752944146262276,NA,NA,0
Dinolestes lewini,-41.87,148.31,2023,4,29,20,1,-42_148,15.605770031611124,16.689056396484375,15.49409774494448,16.752944146262276,1991,Bicheno Marine Reserve,1
Dinolestes lewini,-41.9,148.32,2023,4,30,20,1,-42_148,15.605770031611124,16.689056396484375,15.49409774494448,16.752944146262276,NA,NA,0
Dinolestes lewini,-41.9,148.32,2023,4,30,25,2,-42_148,15.605770031611124,16.689056396484375,15.49409774494448,16.752944146262276,NA,NA,0
Dinolestes lewini,-41.87,148.31,2023,4,29,25,5,-42_148,15.605770031611124,16.689056396484375,15.49409774494448,16.752944146262276,1991,Bicheno Marine Reserve,1
Dinolestes lewini,-41.87,148.31,2023,4,29,30,6,-42_148,15.605770031611124,16.689056396484375,15.49409774494448,16.752944146262276,1991,Bicheno Marine Reserve,1
Dinolestes lewini,-42.52,147.97,2023,4,19,20,1,-43_148,14.803362369537354,15.849921226501465,15.290267134568536,16.58549961090088,NA,NA,0
Dinolestes lewini,-43.13,147.97,2024,4,6,12.5,1,-43_148,14.719906886418661,16.000823974609375,15.42650769813941,17.850666300455728,NA,NA,0
Dinolestes lewini,-43.13,147.97,2024,4,6,15,1,-43_148,14.719906886418661,16.000823974609375,15.42650769813941,17.850666300455728,NA,NA,0
Dinolestes lewini,-42.97,147.99,2024,4,4,15,1,-43_148,14.719906886418661,16.000823974609375,15.42650769813941,17.850666300455728,NA,NA,0
Dinolestes lewini,-42.97,147.99,2024,4,4,20,1,-43_148,14.719906886418661,16.000823974609375,15.42650769813941,17.850666300455728,NA,NA,0
Dinolestes lewini,-42.97,147.99,2024,4,4,20,2,-43_148,14.719906886418661,16.000823974609375,15.42650769813941,17.850666300455728,NA,NA,0
Dinolestes lewini,-43.13,147.88,2024,4,7,12.5,5,-43_148,14.719906886418661,16.000823974609375,15.42650769813941,17.850666300455728,NA,NA,0
Dinolestes lewini,-43.13,147.88,2024,4,7,15,2,-43_148,14.719906886418661,16.000823974609375,15.42650769813941,17.850666300455728,NA,NA,0
Dinolestes lewini,-43.13,147.88,2024,4,7,20,1,-43_148,14.719906886418661,16.000823974609375,15.42650769813941,17.850666300455728,NA,NA,0
Dinolestes lewini,-43.13,147.88,2024,4,7,15,1,-43_148,14.719906886418661,16.000823974609375,15.42650769813941,17.850666300455728,NA,NA,0
Dinolestes lewini,-43.13,147.88,2024,4,7,20,2,-43_148,14.719906886418661,16.000823974609375,15.42650769813941,17.850666300455728,NA,NA,0
Dinolestes lewini,-43.13,147.97,2024,4,6,12.5,1,-43_148,14.719906886418661,16.000823974609375,15.42650769813941,17.850666300455728,NA,NA,0
Dinolestes lewini,-43.15,147.89,2024,4,7,12.5,1,-43_148,14.719906886418661,16.000823974609375,15.42650769813941,17.850666300455728,NA,NA,0
Dinolestes lewini,-43.15,147.89,2024,4,7,20,4,-43_148,14.719906886418661,16.000823974609375,15.42650769813941,17.850666300455728,NA,NA,0
Dinolestes lewini,-43.15,147.89,2024,4,7,12.5,10,-43_148,14.719906886418661,16.000823974609375,15.42650769813941,17.850666300455728,NA,NA,0
Dinolestes lewini,-43.15,147.89,2024,4,7,15,2,-43_148,14.719906886418661,16.000823974609375,15.42650769813941,17.850666300455728,NA,NA,0
Dinolestes lewini,-42.97,147.99,2024,4,4,12.5,1,-43_148,14.719906886418661,16.000823974609375,15.42650769813941,17.850666300455728,NA,NA,0
Dinolestes lewini,-42.97,147.99,2024,4,4,15,3,-43_148,14.719906886418661,16.000823974609375,15.42650769813941,17.850666300455728,NA,NA,0
Dinolestes lewini,-42.97,147.99,2024,4,4,10,1,-43_148,14.719906886418661,16.000823974609375,15.42650769813941,17.850666300455728,NA,NA,0
Dinolestes lewini,-42.97,147.99,2024,4,4,15,2,-43_148,14.719906886418661,16.000823974609375,15.42650769813941,17.850666300455728,NA,NA,0
Dinolestes lewini,-43.01,147.94,2024,4,4,15,2,-43_148,14.719906886418661,16.000823974609375,15.42650769813941,17.850666300455728,NA,NA,0
Dinolestes lewini,-43.14,147.97,2024,4,6,10,1,-43_148,14.719906886418661,16.000823974609375,15.42650769813941,17.850666300455728,NA,NA,0
Dinolestes lewini,-43.01,147.94,2024,4,4,15,2,-43_148,14.719906886418661,16.000823974609375,15.42650769813941,17.850666300455728,NA,NA,0
Dinolestes lewini,-43.01,147.94,2024,4,4,20,2,-43_148,14.719906886418661,16.000823974609375,15.42650769813941,17.850666300455728,NA,NA,0
Dinolestes lewini,-43.01,147.94,2024,4,4,15,1,-43_148,14.719906886418661,16.000823974609375,15.42650769813941,17.850666300455728,NA,NA,0
Dinolestes lewini,-43.13,147.88,2024,4,7,12.5,5,-43_148,14.719906886418661,16.000823974609375,15.42650769813941,17.850666300455728,NA,NA,0
Dinolestes lewini,-43.13,147.88,2024,4,7,10,3,-43_148,14.719906886418661,16.000823974609375,15.42650769813941,17.850666300455728,NA,NA,0
Dinolestes lewini,-43.13,147.88,2024,4,7,12.5,1,-43_148,14.719906886418661,16.000823974609375,15.42650769813941,17.850666300455728,NA,NA,0
Dinolestes lewini,-43.13,147.88,2024,4,7,15,2,-43_148,14.719906886418661,16.000823974609375,15.42650769813941,17.850666300455728,NA,NA,0
Dinolestes lewini,-43.13,147.88,2024,4,7,40,27,-43_148,14.719906886418661,16.000823974609375,15.42650769813941,17.850666300455728,NA,NA,0
Dinolestes lewini,-43.14,147.97,2024,4,6,15,2,-43_148,14.719906886418661,16.000823974609375,15.42650769813941,17.850666300455728,NA,NA,0
Dinolestes lewini,-43.14,147.97,2024,4,6,12.5,1,-43_148,14.719906886418661,16.000823974609375,15.42650769813941,17.850666300455728,NA,NA,0
Dinolestes lewini,-43.14,147.97,2024,4,5,12.5,1,-43_148,14.719906886418661,16.000823974609375,15.42650769813941,17.850666300455728,NA,NA,0
Dinolestes lewini,-43.14,147.97,2024,4,5,20,1,-43_148,14.719906886418661,16.000823974609375,15.42650769813941,17.850666300455728,NA,NA,0
Dinolestes lewini,-43.16,147.89,2024,4,7,20,1,-43_148,14.719906886418661,16.000823974609375,15.42650769813941,17.850666300455728,NA,NA,0
Dinolestes lewini,-43.14,147.97,2024,4,5,12.5,1,-43_148,14.719906886418661,16.000823974609375,15.42650769813941,17.850666300455728,NA,NA,0
Dinolestes lewini,-43.06,147.95,2024,4,4,15,1,-43_148,14.719906886418661,16.000823974609375,15.42650769813941,17.850666300455728,NA,NA,0
Dinolestes lewini,-43.14,147.87,2024,4,7,15,1,-43_148,14.719906886418661,16.000823974609375,15.42650769813941,17.850666300455728,NA,NA,0
Dinolestes lewini,-43.14,147.87,2024,4,7,15,3,-43_148,14.719906886418661,16.000823974609375,15.42650769813941,17.850666300455728,NA,NA,0
Dinolestes lewini,-43.14,147.87,2024,4,7,20,2,-43_148,14.719906886418661,16.000823974609375,15.42650769813941,17.850666300455728,NA,NA,0
Dinolestes lewini,-43.13,147.97,2024,4,6,12.5,2,-43_148,14.719906886418661,16.000823974609375,15.42650769813941,17.850666300455728,NA,NA,0
Dinolestes lewini,-43.14,147.97,2024,4,6,12.5,1,-43_148,14.719906886418661,16.000823974609375,15.42650769813941,17.850666300455728,NA,NA,0
Dinolestes lewini,-43.14,147.97,2024,4,6,15,1,-43_148,14.719906886418661,16.000823974609375,15.42650769813941,17.850666300455728,NA,NA,0
Dinolestes lewini,-43.14,148,2024,4,5,12.5,1,-43_148,14.719906886418661,16.000823974609375,15.42650769813941,17.850666300455728,NA,NA,0
Dinolestes lewini,-43.14,148,2024,4,5,15,3,-43_148,14.719906886418661,16.000823974609375,15.42650769813941,17.850666300455728,NA,NA,0
Dinolestes lewini,-43.14,148,2024,4,6,15,12,-43_148,14.719906886418661,16.000823974609375,15.42650769813941,17.850666300455728,NA,NA,0
Dinolestes lewini,-43.14,148,2024,4,6,15,10,-43_148,14.719906886418661,16.000823974609375,15.42650769813941,17.850666300455728,NA,NA,0
Dinolestes lewini,-43.14,148,2024,4,6,20,5,-43_148,14.719906886418661,16.000823974609375,15.42650769813941,17.850666300455728,NA,NA,0
Dinolestes lewini,-43.13,147.88,2024,4,7,10,1,-43_148,14.719906886418661,16.000823974609375,15.42650769813941,17.850666300455728,NA,NA,0
Dinolestes lewini,-43.13,147.88,2024,4,7,20,20,-43_148,14.719906886418661,16.000823974609375,15.42650769813941,17.850666300455728,NA,NA,0
Dinolestes lewini,-43.13,147.88,2024,4,7,25,20,-43_148,14.719906886418661,16.000823974609375,15.42650769813941,17.850666300455728,NA,NA,0
Dinolestes lewini,-43.13,147.88,2024,4,7,30,10,-43_148,14.719906886418661,16.000823974609375,15.42650769813941,17.850666300455728,NA,NA,0
Dinolestes lewini,-43.29,147.14,2024,3,18,30,2,-43_147,13.890890757242838,16.175085067749023,14.724066405341116,17.511419000933248,NA,NA,0
Dinolestes lewini,-43.29,147.14,2024,3,18,25,1,-43_147,13.890890757242838,16.175085067749023,14.724066405341116,17.511419000933248,NA,NA,0
Dinolestes lewini,-43.29,147.18,2024,3,13,20,1,-43_147,13.890890757242838,16.175085067749023,14.724066405341116,17.511419000933248,NA,NA,0
Dinolestes lewini,-43.27,147.14,2024,3,13,12.5,1,-43_147,13.890890757242838,16.175085067749023,14.724066405341116,17.511419000933248,NA,NA,0
Dinolestes lewini,-43.27,147.14,2024,3,13,20,2,-43_147,13.890890757242838,16.175085067749023,14.724066405341116,17.511419000933248,NA,NA,0
Dinolestes lewini,-43.27,147.14,2024,3,13,15,1,-43_147,13.890890757242838,16.175085067749023,14.724066405341116,17.511419000933248,NA,NA,0
Dinolestes lewini,-43.27,147.14,2024,3,13,30,1,-43_147,13.890890757242838,16.175085067749023,14.724066405341116,17.511419000933248,NA,NA,0
Dinolestes lewini,-43.27,147.14,2024,3,13,35,15,-43_147,13.890890757242838,16.175085067749023,14.724066405341116,17.511419000933248,NA,NA,0
Dinolestes lewini,-43.27,147.14,2024,3,13,15,7,-43_147,13.890890757242838,16.175085067749023,14.724066405341116,17.511419000933248,NA,NA,0
Dinolestes lewini,-43.27,147.14,2024,3,13,20,10,-43_147,13.890890757242838,16.175085067749023,14.724066405341116,17.511419000933248,NA,NA,0
Dinolestes lewini,-43.27,147.14,2024,3,13,25,4,-43_147,13.890890757242838,16.175085067749023,14.724066405341116,17.511419000933248,NA,NA,0
Dinolestes lewini,-43.27,147.14,2024,3,13,30,36,-43_147,13.890890757242838,16.175085067749023,14.724066405341116,17.511419000933248,NA,NA,0
Dinolestes lewini,-43.27,147.14,2024,3,13,35,1,-43_147,13.890890757242838,16.175085067749023,14.724066405341116,17.511419000933248,NA,NA,0
Dinolestes lewini,-43.05,147.34,2024,3,28,15,15,-43_147,13.890890757242838,16.175085067749023,14.724066405341116,17.511419000933248,1991,Tinderbox Marine Reserve,1
Dinolestes lewini,-43.05,147.34,2024,3,28,15,55,-43_147,13.890890757242838,16.175085067749023,14.724066405341116,17.511419000933248,1991,Tinderbox Marine Reserve,1
Dinolestes lewini,-43.06,147.33,2024,3,26,15,1,-43_147,13.890890757242838,16.175085067749023,14.724066405341116,17.511419000933248,1991,Tinderbox Marine Reserve,1
Dinolestes lewini,-43.04,147.34,2024,3,26,20,20,-43_147,13.890890757242838,16.175085067749023,14.724066405341116,17.511419000933248,2009,Tinderbox Marine Reserve,1
Dinolestes lewini,-43.04,147.34,2024,3,26,25,19,-43_147,13.890890757242838,16.175085067749023,14.724066405341116,17.511419000933248,2009,Tinderbox Marine Reserve,1
Dinolestes lewini,-32.71,152.23,2024,11,20,35,3,-33_152,21.951420148213703,21.45746421813965,21.69310426197982,21.42383286688063,NA,NA,0
Dinolestes lewini,-32.71,152.15,2024,7,27,20,1,-33_152,21.951420148213703,19.351760864257813,21.69310426197982,18.483386721662296,1983,Fly Point-Halifax Park,1
Dinolestes lewini,-32.71,152.15,2024,7,27,25,1,-33_152,21.951420148213703,19.351760864257813,21.69310426197982,18.483386721662296,1983,Fly Point-Halifax Park,1
Dinolestes lewini,-32.71,152.15,2024,7,27,35,20,-33_152,21.951420148213703,19.351760864257813,21.69310426197982,18.483386721662296,1983,Fly Point-Halifax Park,1
Dinolestes lewini,-32.71,152.15,2024,7,27,40,10,-33_152,21.951420148213703,19.351760864257813,21.69310426197982,18.483386721662296,1983,Fly Point-Halifax Park,1
Dinolestes lewini,-35.08,150.8,2024,3,23,30,10,-35_151,20.62244240442912,23.54745101928711,20.650039007906045,23.621074840586672,2002,Jervis Bay Marine Park,1
Dinolestes lewini,-35.13,150.73,2024,3,23,25,1,-35_151,20.62244240442912,23.54745101928711,20.650039007906045,23.621074840586672,NA,NA,0
Dinolestes lewini,-35.08,150.79,2024,3,23,30,1,-35_151,20.62244240442912,23.54745101928711,20.650039007906045,23.621074840586672,2002,Jervis Bay Marine Park,1
Dinolestes lewini,-35.11,150.77,2024,3,22,35,1,-35_151,20.62244240442912,23.54745101928711,20.650039007906045,23.621074840586672,NA,NA,0
Dinolestes lewini,-35.07,150.77,2024,3,22,10,2,-35_151,20.62244240442912,23.54745101928711,20.650039007906045,23.621074840586672,2002,Jervis Bay Marine Park,1
Dinolestes lewini,-35.07,150.77,2024,3,22,12.5,2,-35_151,20.62244240442912,23.54745101928711,20.650039007906045,23.621074840586672,2002,Jervis Bay Marine Park,1
Dinolestes lewini,-35.07,150.77,2024,3,22,10,3,-35_151,20.62244240442912,23.54745101928711,20.650039007906045,23.621074840586672,2002,Jervis Bay Marine Park,1
Dinolestes lewini,-35.06,150.77,2024,9,13,25,1,-35_151,20.62244240442912,17.653892517089844,20.650039007906045,18.450999577840168,2002,Jervis Bay Marine Park,1
Dinolestes lewini,-35.07,150.69,2024,3,23,25,1,-35_151,20.62244240442912,23.54745101928711,20.650039007906045,23.621074840586672,NA,NA,0
Dinolestes lewini,-35.07,150.69,2024,3,23,30,1,-35_151,20.62244240442912,23.54745101928711,20.650039007906045,23.621074840586672,NA,NA,0
Dinolestes lewini,-42.98,147.39,2024,5,1,12.5,1,-43_147,13.890890757242838,13.764324188232422,14.724066405341116,14.599935168604697,NA,NA,0
Dinolestes lewini,-42.98,147.39,2024,5,1,15,1,-43_147,13.890890757242838,13.764324188232422,14.724066405341116,14.599935168604697,NA,NA,0
Dinolestes lewini,-35.08,150.8,2024,3,23,25,1,-35_151,20.62244240442912,23.54745101928711,20.650039007906045,23.621074840586672,2002,Jervis Bay Marine Park,1
Dinolestes lewini,-35.09,150.8,2024,3,25,20,3,-35_151,20.62244240442912,23.54745101928711,20.650039007906045,23.621074840586672,NA,NA,0
Dinolestes lewini,-35.1,150.7,2024,3,25,20,1,-35_151,20.62244240442912,23.54745101928711,20.650039007906045,23.621074840586672,2002,Jervis Bay Marine Park,1
Dinolestes lewini,-35.1,150.7,2024,3,25,25,1,-35_151,20.62244240442912,23.54745101928711,20.650039007906045,23.621074840586672,2002,Jervis Bay Marine Park,1
Dinolestes lewini,-35.11,150.77,2024,3,22,20,1,-35_151,20.62244240442912,23.54745101928711,20.650039007906045,23.621074840586672,2002,Booderee National Park,1
Dinolestes lewini,-35.09,150.8,2024,3,25,25,1,-35_151,20.62244240442912,23.54745101928711,20.650039007906045,23.621074840586672,NA,NA,0
Dinolestes lewini,-35.02,150.76,2024,3,22,15,2,-35_151,20.62244240442912,23.54745101928711,20.650039007906045,23.621074840586672,2002,Jervis Bay Marine Park,1
Dinolestes lewini,-35.02,150.76,2024,3,22,20,5,-35_151,20.62244240442912,23.54745101928711,20.650039007906045,23.621074840586672,2002,Jervis Bay Marine Park,1
Dinolestes lewini,-35.14,150.76,2024,3,24,30,1,-35_151,20.62244240442912,23.54745101928711,20.650039007906045,23.621074840586672,NA,NA,0
Dinolestes lewini,-35.02,150.76,2024,3,22,20,2,-35_151,20.62244240442912,23.54745101928711,20.650039007906045,23.621074840586672,2002,Jervis Bay Marine Park,1
Dinolestes lewini,-35.02,150.76,2024,3,22,25,5,-35_151,20.62244240442912,23.54745101928711,20.650039007906045,23.621074840586672,2002,Jervis Bay Marine Park,1
Dinolestes lewini,-35.02,150.76,2024,3,22,35,3,-35_151,20.62244240442912,23.54745101928711,20.650039007906045,23.621074840586672,2002,Jervis Bay Marine Park,1
Dinolestes lewini,-35.02,150.76,2024,3,22,40,1,-35_151,20.62244240442912,23.54745101928711,20.650039007906045,23.621074840586672,2002,Jervis Bay Marine Park,1
Dinolestes lewini,-35.08,150.8,2024,3,25,25,1,-35_151,20.62244240442912,23.54745101928711,20.650039007906045,23.621074840586672,2002,Jervis Bay Marine Park,1
Dinolestes lewini,-35.08,150.8,2024,3,25,30,1,-35_151,20.62244240442912,23.54745101928711,20.650039007906045,23.621074840586672,2002,Jervis Bay Marine Park,1
Dinolestes lewini,-35.08,150.79,2024,3,23,25,10,-35_151,20.62244240442912,23.54745101928711,20.650039007906045,23.621074840586672,2002,Jervis Bay Marine Park,1
Dinolestes lewini,-35.08,150.79,2024,3,23,30,10,-35_151,20.62244240442912,23.54745101928711,20.650039007906045,23.621074840586672,2002,Jervis Bay Marine Park,1
Dinolestes lewini,-35.07,150.69,2024,3,23,20,2,-35_151,20.62244240442912,23.54745101928711,20.650039007906045,23.621074840586672,NA,NA,0
Dinolestes lewini,-35.07,150.69,2024,3,23,25,3,-35_151,20.62244240442912,23.54745101928711,20.650039007906045,23.621074840586672,NA,NA,0
Dinolestes lewini,-35.07,150.69,2024,3,23,30,10,-35_151,20.62244240442912,23.54745101928711,20.650039007906045,23.621074840586672,NA,NA,0
Dinolestes lewini,-35.07,150.69,2024,3,23,25,2,-35_151,20.62244240442912,23.54745101928711,20.650039007906045,23.621074840586672,NA,NA,0
Dinolestes lewini,-35.12,150.76,2024,3,24,35,5,-35_151,20.62244240442912,23.54745101928711,20.650039007906045,23.621074840586672,2002,Booderee National Park,1
Dinolestes lewini,-35.12,150.76,2024,3,24,35,2,-35_151,20.62244240442912,23.54745101928711,20.650039007906045,23.621074840586672,2002,Booderee National Park,1
Dinolestes lewini,-35.12,150.75,2024,9,14,15,1,-35_151,20.62244240442912,17.653892517089844,20.650039007906045,18.450999577840168,NA,NA,0
Dinolestes lewini,-35.05,150.84,2024,3,24,20,1,-35_151,20.62244240442912,23.54745101928711,20.650039007906045,23.621074840586672,NA,NA,0
Dinolestes lewini,-35.11,150.77,2024,3,22,20,1,-35_151,20.62244240442912,23.54745101928711,20.650039007906045,23.621074840586672,NA,NA,0
Dinolestes lewini,-35.11,150.77,2024,3,22,30,1,-35_151,20.62244240442912,23.54745101928711,20.650039007906045,23.621074840586672,NA,NA,0
Dinolestes lewini,-35.12,150.75,2024,9,14,30,1,-35_151,20.62244240442912,17.653892517089844,20.650039007906045,18.450999577840168,NA,NA,0
Dinolestes lewini,-35.12,150.76,2024,3,24,35,1,-35_151,20.62244240442912,23.54745101928711,20.650039007906045,23.621074840586672,2002,Booderee National Park,1
Dinolestes lewini,-42.88,147.97,2025,3,1,20,23,-43_148,14.71237055460612,17.261734008789063,15.094306091306397,18.147741570011263,NA,NA,0
Dinolestes lewini,-42.88,147.97,2025,3,1,25,22,-43_148,14.71237055460612,17.261734008789063,15.094306091306397,18.147741570011263,NA,NA,0
Dinolestes lewini,-42.88,147.97,2025,3,1,30,24,-43_148,14.71237055460612,17.261734008789063,15.094306091306397,18.147741570011263,NA,NA,0
Dinolestes lewini,-42.88,147.97,2025,3,1,35,13,-43_148,14.71237055460612,17.261734008789063,15.094306091306397,18.147741570011263,NA,NA,0
Dinolestes lewini,-42.88,147.97,2025,3,1,15,1,-43_148,14.71237055460612,17.261734008789063,15.094306091306397,18.147741570011263,NA,NA,0
Dinolestes lewini,-42.88,147.97,2025,3,1,20,2,-43_148,14.71237055460612,17.261734008789063,15.094306091306397,18.147741570011263,NA,NA,0
Dinolestes lewini,-42.88,147.97,2025,3,1,25,6,-43_148,14.71237055460612,17.261734008789063,15.094306091306397,18.147741570011263,NA,NA,0
Dinolestes lewini,-42.88,147.97,2025,3,1,20,1,-43_148,14.71237055460612,17.261734008789063,15.094306091306397,18.147741570011263,NA,NA,0
Dinolestes lewini,-42.88,147.97,2025,3,1,25,1,-43_148,14.71237055460612,17.261734008789063,15.094306091306397,18.147741570011263,NA,NA,0
Dinolestes lewini,-42.88,147.97,2025,3,1,30,1,-43_148,14.71237055460612,17.261734008789063,15.094306091306397,18.147741570011263,NA,NA,0
Dinolestes lewini,-42.88,147.97,2025,3,1,25,8,-43_148,14.71237055460612,17.261734008789063,15.094306091306397,18.147741570011263,NA,NA,0
Dinolestes lewini,-35.07,150.77,2024,3,22,25,10,-35_151,20.62244240442912,23.54745101928711,20.650039007906045,23.621074840586672,2002,Jervis Bay Marine Park,1
Dinolestes lewini,-35.07,150.77,2024,3,22,30,10,-35_151,20.62244240442912,23.54745101928711,20.650039007906045,23.621074840586672,2002,Jervis Bay Marine Park,1
Dinolestes lewini,-43.14,147.97,2025,4,25,20,1,-43_148,14.71237055460612,16.20998191833496,15.094306091306397,16.92353293100993,NA,NA,0
Dinolestes lewini,-43.14,147.97,2025,4,25,12.5,1,-43_148,14.71237055460612,16.20998191833496,15.094306091306397,16.92353293100993,NA,NA,0
Dinolestes lewini,-43.14,147.97,2025,4,25,15,1,-43_148,14.71237055460612,16.20998191833496,15.094306091306397,16.92353293100993,NA,NA,0
Dinolestes lewini,-32.74,152.19,2025,3,23,15,1,-33_152,21.96507183710734,24.03554916381836,21.869863116580444,24.37680054736394,NA,NA,0
Dinolestes lewini,-32.69,152.22,2025,3,23,40,3,-33_152,21.96507183710734,24.03554916381836,21.869863116580444,24.37680054736394,NA,NA,0
Dinolestes lewini,-32.69,152.22,2025,3,23,25,2,-33_152,21.96507183710734,24.03554916381836,21.869863116580444,24.37680054736394,NA,NA,0
Dinolestes lewini,-32.71,152.16,2025,3,15,40,4,-33_152,21.96507183710734,24.03554916381836,21.869863116580444,24.37680054736394,1983,Fly Point-Halifax Park,1
Dinolestes lewini,-32.71,152.16,2025,3,15,30,20,-33_152,21.96507183710734,24.03554916381836,21.869863116580444,24.37680054736394,1983,Fly Point-Halifax Park,1
Dinolestes lewini,-42.6,148.05,2024,4,4,20,1,-43_148,14.719906886418661,16.000823974609375,15.42650769813941,17.850666300455728,NA,NA,0
Dinolestes lewini,-42.55,147.95,2024,4,5,30,2,-43_148,14.719906886418661,16.000823974609375,15.42650769813941,17.850666300455728,NA,NA,0
Dinolestes lewini,-32.71,152.16,2025,3,15,7.5,6,-33_152,21.96507183710734,24.03554916381836,21.869863116580444,24.37680054736394,1983,Fly Point-Halifax Park,1
Dinolestes lewini,-32.71,152.16,2025,3,15,20,1,-33_152,21.96507183710734,24.03554916381836,21.869863116580444,24.37680054736394,1983,Fly Point-Halifax Park,1
Dinolestes lewini,-32.71,152.16,2025,3,14,35,20,-33_152,21.96507183710734,24.03554916381836,21.869863116580444,24.37680054736394,1983,Fly Point-Halifax Park,1
Dinolestes lewini,-32.71,152.16,2025,3,14,40,20,-33_152,21.96507183710734,24.03554916381836,21.869863116580444,24.37680054736394,1983,Fly Point-Halifax Park,1
Dinolestes lewini,-32.71,152.16,2025,3,14,30,20,-33_152,21.96507183710734,24.03554916381836,21.869863116580444,24.37680054736394,1983,Fly Point-Halifax Park,1
Dinolestes lewini,-32.71,152.16,2025,3,14,35,10,-33_152,21.96507183710734,24.03554916381836,21.869863116580444,24.37680054736394,1983,Fly Point-Halifax Park,1
Dinolestes lewini,-32.74,152.19,2025,3,23,15,1,-33_152,21.96507183710734,24.03554916381836,21.869863116580444,24.37680054736394,NA,NA,0
Dinolestes lewini,-32.74,152.19,2025,3,23,25,3,-33_152,21.96507183710734,24.03554916381836,21.869863116580444,24.37680054736394,NA,NA,0
Dinolestes lewini,-32.74,152.19,2025,3,23,30,5,-33_152,21.96507183710734,24.03554916381836,21.869863116580444,24.37680054736394,NA,NA,0
Dinolestes lewini,-32.74,152.19,2025,3,23,35,1,-33_152,21.96507183710734,24.03554916381836,21.869863116580444,24.37680054736394,NA,NA,0
Dinolestes lewini,-32.71,152.15,2025,3,21,30,3,-33_152,21.96507183710734,24.03554916381836,21.869863116580444,24.37680054736394,1983,Fly Point-Halifax Park,1
Dinolestes lewini,-32.71,152.15,2025,3,21,25,50,-33_152,21.96507183710734,24.03554916381836,21.869863116580444,24.37680054736394,1983,Fly Point-Halifax Park,1
Dinolestes lewini,-32.71,152.15,2025,3,21,30,30,-33_152,21.96507183710734,24.03554916381836,21.869863116580444,24.37680054736394,1983,Fly Point-Halifax Park,1
Dinolestes lewini,-32.71,152.15,2025,3,21,35,20,-33_152,21.96507183710734,24.03554916381836,21.869863116580444,24.37680054736394,1983,Fly Point-Halifax Park,1
Dinolestes lewini,-32.71,152.15,2025,3,21,15,6,-33_152,21.96507183710734,24.03554916381836,21.869863116580444,24.37680054736394,1983,Fly Point-Halifax Park,1
Dinolestes lewini,-42.72,148.01,2024,3,22,30,2,-43_148,14.719906886418661,17.212581634521484,15.42650769813941,18.859580224560155,NA,NA,0
Dinolestes lewini,-42.72,148.01,2024,3,22,20,1,-43_148,14.719906886418661,17.212581634521484,15.42650769813941,18.859580224560155,NA,NA,0
Dinolestes lewini,-42.56,148.07,2024,3,21,12.5,1,-43_148,14.719906886418661,17.212581634521484,15.42650769813941,18.859580224560155,NA,NA,0
Dinolestes lewini,-42.55,147.95,2024,4,5,35,1,-43_148,14.719906886418661,16.000823974609375,15.42650769813941,17.850666300455728,NA,NA,0
Dinolestes lewini,-42.58,148.06,2024,3,21,30,10,-43_148,14.719906886418661,17.212581634521484,15.42650769813941,18.859580224560155,NA,NA,0
Dinolestes lewini,-42.58,148.06,2024,3,21,35,10,-43_148,14.719906886418661,17.212581634521484,15.42650769813941,18.859580224560155,NA,NA,0
Dinolestes lewini,-42.58,148.05,2024,4,4,7.5,1,-43_148,14.719906886418661,16.000823974609375,15.42650769813941,17.850666300455728,NA,NA,0
Dinolestes lewini,-42.6,148.05,2024,4,4,15,5,-43_148,14.719906886418661,16.000823974609375,15.42650769813941,17.850666300455728,NA,NA,0
Dinolestes lewini,-42.6,148.05,2024,4,4,20,10,-43_148,14.719906886418661,16.000823974609375,15.42650769813941,17.850666300455728,NA,NA,0
Dinolestes lewini,-42.58,148.05,2024,4,4,7.5,1,-43_148,14.719906886418661,16.000823974609375,15.42650769813941,17.850666300455728,NA,NA,0
Dinolestes lewini,-42.58,148.06,2024,3,21,12.5,1,-43_148,14.719906886418661,17.212581634521484,15.42650769813941,18.859580224560155,NA,NA,0
Dinolestes lewini,-42.58,148.06,2024,3,21,15,3,-43_148,14.719906886418661,17.212581634521484,15.42650769813941,18.859580224560155,NA,NA,0
Dinolestes lewini,-42.58,148.06,2024,3,21,7.5,1,-43_148,14.719906886418661,17.212581634521484,15.42650769813941,18.859580224560155,NA,NA,0
Dinolestes lewini,-42.55,147.95,2024,4,5,20,1,-43_148,14.719906886418661,16.000823974609375,15.42650769813941,17.850666300455728,NA,NA,0
Dinolestes lewini,-42.52,147.97,2024,4,5,12.5,2,-43_148,14.719906886418661,16.000823974609375,15.42650769813941,17.850666300455728,NA,NA,0
Dinolestes lewini,-42.52,147.97,2024,4,5,15,6,-43_148,14.719906886418661,16.000823974609375,15.42650769813941,17.850666300455728,NA,NA,0
Dinolestes lewini,-42.52,147.97,2024,4,5,30,30,-43_148,14.719906886418661,16.000823974609375,15.42650769813941,17.850666300455728,NA,NA,0
Dinolestes lewini,-42.52,147.97,2024,4,5,35,20,-43_148,14.719906886418661,16.000823974609375,15.42650769813941,17.850666300455728,NA,NA,0
Dinolestes lewini,-42.58,147.92,2024,4,5,12.5,4,-43_148,14.719906886418661,16.000823974609375,15.42650769813941,17.850666300455728,NA,NA,0
Dinolestes lewini,-42.58,147.92,2024,4,5,40,3,-43_148,14.719906886418661,16.000823974609375,15.42650769813941,17.850666300455728,NA,NA,0
Dinolestes lewini,-42.58,147.92,2024,4,5,30,1,-43_148,14.719906886418661,16.000823974609375,15.42650769813941,17.850666300455728,NA,NA,0
Dinolestes lewini,-42.72,148.01,2024,3,22,20,2,-43_148,14.719906886418661,17.212581634521484,15.42650769813941,18.859580224560155,NA,NA,0
Dinolestes lewini,-42.72,148.01,2024,3,22,30,1,-43_148,14.719906886418661,17.212581634521484,15.42650769813941,18.859580224560155,NA,NA,0
Dinolestes lewini,-42.72,148.01,2024,3,22,12.5,1,-43_148,14.719906886418661,17.212581634521484,15.42650769813941,18.859580224560155,NA,NA,0
Dinolestes lewini,-42.58,147.92,2024,4,5,20,25,-43_148,14.719906886418661,16.000823974609375,15.42650769813941,17.850666300455728,NA,NA,0
Dinolestes lewini,-42.58,147.92,2024,4,5,25,25,-43_148,14.719906886418661,16.000823974609375,15.42650769813941,17.850666300455728,NA,NA,0
Dinolestes lewini,-42.6,148.05,2024,4,4,30,3,-43_148,14.719906886418661,16.000823974609375,15.42650769813941,17.850666300455728,NA,NA,0
Dinolestes lewini,-42.58,147.92,2024,4,5,10,3,-43_148,14.719906886418661,16.000823974609375,15.42650769813941,17.850666300455728,NA,NA,0
Dinolestes lewini,-42.58,147.92,2024,4,5,15,24,-43_148,14.719906886418661,16.000823974609375,15.42650769813941,17.850666300455728,NA,NA,0
Dinolestes lewini,-42.58,147.92,2024,4,5,30,5,-43_148,14.719906886418661,16.000823974609375,15.42650769813941,17.850666300455728,NA,NA,0
Dinolestes lewini,-42.58,147.92,2024,4,5,15,4,-43_148,14.719906886418661,16.000823974609375,15.42650769813941,17.850666300455728,NA,NA,0
Dinolestes lewini,-35.11,150.77,2025,3,13,25,1,-35_151,20.519055366516113,23.2081298828125,20.919477143229063,23.425160705402337,2002,Booderee National Park,1
Dinolestes lewini,-35.09,150.8,2025,3,14,20,1,-35_151,20.519055366516113,23.2081298828125,20.919477143229063,23.425160705402337,NA,NA,0
Dinolestes lewini,-35.12,150.76,2025,3,14,20,2,-35_151,20.519055366516113,23.2081298828125,20.919477143229063,23.425160705402337,2002,Booderee National Park,1
Dinolestes lewini,-35.12,150.76,2025,3,14,25,4,-35_151,20.519055366516113,23.2081298828125,20.919477143229063,23.425160705402337,2002,Booderee National Park,1
Dinolestes lewini,-35.07,150.77,2025,3,15,12.5,2,-35_151,20.519055366516113,23.2081298828125,20.919477143229063,23.425160705402337,2002,Jervis Bay Marine Park,1
Dinolestes lewini,-35.11,150.77,2025,3,14,12.5,1,-35_151,20.519055366516113,23.2081298828125,20.919477143229063,23.425160705402337,NA,NA,0
Dinolestes lewini,-35.11,150.77,2025,3,14,15,1,-35_151,20.519055366516113,23.2081298828125,20.919477143229063,23.425160705402337,NA,NA,0
Dinolestes lewini,-35.08,150.8,2025,3,16,40,9,-35_151,20.519055366516113,23.2081298828125,20.919477143229063,23.425160705402337,2002,Jervis Bay Marine Park,1
Dinolestes lewini,-35.05,150.84,2025,3,15,35,1,-35_151,20.519055366516113,23.2081298828125,20.919477143229063,23.425160705402337,NA,NA,0
Dinolestes lewini,-35.11,150.77,2025,3,14,20,1,-35_151,20.519055366516113,23.2081298828125,20.919477143229063,23.425160705402337,NA,NA,0
Dinolestes lewini,-35.11,150.77,2025,3,14,30,3,-35_151,20.519055366516113,23.2081298828125,20.919477143229063,23.425160705402337,NA,NA,0
Dinolestes lewini,-35.08,150.8,2025,3,16,25,1,-35_151,20.519055366516113,23.2081298828125,20.919477143229063,23.425160705402337,2002,Jervis Bay Marine Park,1
Dinolestes lewini,-35.11,150.77,2025,3,13,12.5,10,-35_151,20.519055366516113,23.2081298828125,20.919477143229063,23.425160705402337,2002,Booderee National Park,1
Dinolestes lewini,-35.11,150.77,2025,3,13,15,10,-35_151,20.519055366516113,23.2081298828125,20.919477143229063,23.425160705402337,2002,Booderee National Park,1
Dinolestes lewini,-35.11,150.77,2025,3,13,20,16,-35_151,20.519055366516113,23.2081298828125,20.919477143229063,23.425160705402337,2002,Booderee National Park,1
Dinolestes lewini,-35.05,150.84,2025,3,15,35,5,-35_151,20.519055366516113,23.2081298828125,20.919477143229063,23.425160705402337,NA,NA,0
Dinolestes lewini,-35.05,150.84,2025,3,15,40,5,-35_151,20.519055366516113,23.2081298828125,20.919477143229063,23.425160705402337,NA,NA,0
Dinolestes lewini,-35.05,150.84,2025,3,15,35,1,-35_151,20.519055366516113,23.2081298828125,20.919477143229063,23.425160705402337,NA,NA,0
Dinolestes lewini,-35.07,150.7,2025,3,15,12.5,1,-35_151,20.519055366516113,23.2081298828125,20.919477143229063,23.425160705402337,NA,NA,0
Dinolestes lewini,-35.09,150.8,2024,3,11,15,1,-35_151,20.62244240442912,23.54745101928711,20.650039007906045,23.621074840586672,NA,NA,0
Dinolestes lewini,-35.05,150.84,2025,3,15,20,1,-35_151,20.519055366516113,23.2081298828125,20.919477143229063,23.425160705402337,NA,NA,0
Dinolestes lewini,-35.05,150.84,2025,3,15,25,1,-35_151,20.519055366516113,23.2081298828125,20.919477143229063,23.425160705402337,NA,NA,0
Dinolestes lewini,-35.09,150.8,2025,3,14,30,1,-35_151,20.519055366516113,23.2081298828125,20.919477143229063,23.425160705402337,NA,NA,0
Dinolestes lewini,-35.08,150.79,2025,3,13,25,1,-35_151,20.519055366516113,23.2081298828125,20.919477143229063,23.425160705402337,2002,Jervis Bay Marine Park,1
Dinolestes lewini,-35.11,150.77,2025,3,13,35,10,-35_151,20.519055366516113,23.2081298828125,20.919477143229063,23.425160705402337,2002,Booderee National Park,1
Dinolestes lewini,-35.05,150.84,2025,3,15,30,5,-35_151,20.519055366516113,23.2081298828125,20.919477143229063,23.425160705402337,NA,NA,0
Dinolestes lewini,-43.14,147.68,2024,11,7,15,28,-43_148,14.719906886418661,13.928352355957031,15.42650769813941,14.34483302752177,NA,NA,0
Dinolestes lewini,-43.16,147.89,2025,2,21,20,30,-43_148,14.71237055460612,17.869503021240234,15.094306091306397,18.29678534099034,NA,NA,0
Dinolestes lewini,-43.16,147.89,2025,2,21,20,2,-43_148,14.71237055460612,17.869503021240234,15.094306091306397,18.29678534099034,NA,NA,0
Dinolestes lewini,-43.01,147.94,2025,1,9,15,1,-43_148,14.71237055460612,16.746257781982422,15.094306091306397,17.532451254321682,NA,NA,0
Dinolestes lewini,-43.01,147.94,2025,1,8,12.5,2,-43_148,14.71237055460612,16.746257781982422,15.094306091306397,17.532451254321682,NA,NA,0
Dinolestes lewini,-43.11,147.72,2025,2,28,5,1,-43_148,14.71237055460612,17.869503021240234,15.094306091306397,18.29678534099034,NA,NA,0
Dinolestes lewini,-43.11,147.72,2025,2,28,10,1,-43_148,14.71237055460612,17.869503021240234,15.094306091306397,18.29678534099034,NA,NA,0
Dinolestes lewini,-43.11,147.72,2025,2,28,15,1,-43_148,14.71237055460612,17.869503021240234,15.094306091306397,18.29678534099034,NA,NA,0
Dinolestes lewini,-43.11,147.72,2024,12,13,10,1,-43_148,14.719906886418661,15.636995315551758,15.42650769813941,16.117967414855958,NA,NA,0
Dinolestes lewini,-43.11,147.72,2024,12,13,15,1,-43_148,14.719906886418661,15.636995315551758,15.42650769813941,16.117967414855958,NA,NA,0
Dinolestes lewini,-43.11,147.72,2024,12,13,20,10,-43_148,14.719906886418661,15.636995315551758,15.42650769813941,16.117967414855958,NA,NA,0
Dinolestes lewini,-43.11,147.72,2024,12,13,25,5,-43_148,14.719906886418661,15.636995315551758,15.42650769813941,16.117967414855958,NA,NA,0
Dinolestes lewini,-43.16,147.89,2025,2,21,20,1,-43_148,14.71237055460612,17.869503021240234,15.094306091306397,18.29678534099034,NA,NA,0
Dinolestes lewini,-42.96,147.64,2025,2,6,12.5,2,-43_148,14.71237055460612,17.869503021240234,15.094306091306397,18.29678534099034,NA,NA,0
Dinolestes lewini,-43.11,147.72,2024,12,13,30,5,-43_148,14.719906886418661,15.636995315551758,15.42650769813941,16.117967414855958,NA,NA,0
Dinolestes lewini,-43.11,147.72,2024,12,12,15,5,-43_148,14.719906886418661,15.636995315551758,15.42650769813941,16.117967414855958,NA,NA,0
Dinolestes lewini,-43.11,147.72,2024,12,12,20,5,-43_148,14.719906886418661,15.636995315551758,15.42650769813941,16.117967414855958,NA,NA,0
Dinolestes lewini,-42.97,147.99,2025,2,5,10,3,-43_148,14.71237055460612,17.869503021240234,15.094306091306397,18.29678534099034,NA,NA,0
Dinolestes lewini,-42.97,147.99,2025,2,5,12.5,2,-43_148,14.71237055460612,17.869503021240234,15.094306091306397,18.29678534099034,NA,NA,0
Dinolestes lewini,-42.97,147.99,2025,2,5,12.5,3,-43_148,14.71237055460612,17.869503021240234,15.094306091306397,18.29678534099034,NA,NA,0
Dinolestes lewini,-43.16,147.87,2024,9,11,30,2,-43_148,14.719906886418661,12.411685943603516,15.42650769813941,12.615833101272584,NA,NA,0
Dinolestes lewini,-43.15,147.7,2025,2,21,12.5,2,-43_148,14.71237055460612,17.869503021240234,15.094306091306397,18.29678534099034,NA,NA,0
Dinolestes lewini,-43.11,147.72,2024,12,12,15,1,-43_148,14.719906886418661,15.636995315551758,15.42650769813941,16.117967414855958,NA,NA,0
Dinolestes lewini,-43.18,147.97,2025,2,25,12.5,2,-43_148,14.71237055460612,17.869503021240234,15.094306091306397,18.29678534099034,NA,NA,0
Dinolestes lewini,-43.18,147.97,2025,2,25,15,1,-43_148,14.71237055460612,17.869503021240234,15.094306091306397,18.29678534099034,NA,NA,0
Dinolestes lewini,-42.89,147.64,2025,2,28,5,1,-43_148,14.71237055460612,17.869503021240234,15.094306091306397,18.29678534099034,NA,NA,0
Dinolestes lewini,-42.89,147.64,2025,2,28,7.5,1,-43_148,14.71237055460612,17.869503021240234,15.094306091306397,18.29678534099034,NA,NA,0
Dinolestes lewini,-43.11,147.72,2025,2,28,15,1,-43_148,14.71237055460612,17.869503021240234,15.094306091306397,18.29678534099034,NA,NA,0
Dinolestes lewini,-43.16,147.89,2025,2,21,12.5,4,-43_148,14.71237055460612,17.869503021240234,15.094306091306397,18.29678534099034,NA,NA,0
Dinolestes lewini,-42.97,147.99,2025,2,5,15,1,-43_148,14.71237055460612,17.869503021240234,15.094306091306397,18.29678534099034,NA,NA,0
Dinolestes lewini,-43.15,147.7,2025,2,21,15,2,-43_148,14.71237055460612,17.869503021240234,15.094306091306397,18.29678534099034,NA,NA,0
Dinolestes lewini,-42.96,147.64,2025,2,6,5,10,-43_148,14.71237055460612,17.869503021240234,15.094306091306397,18.29678534099034,NA,NA,0
Dinolestes lewini,-43.15,147.7,2025,2,21,20,1,-43_148,14.71237055460612,17.869503021240234,15.094306091306397,18.29678534099034,NA,NA,0
Dinolestes lewini,-43.14,147.68,2024,11,7,15,1,-43_148,14.719906886418661,13.928352355957031,15.42650769813941,14.34483302752177,NA,NA,0
Dinolestes lewini,-42.97,147.99,2025,2,5,7.5,2,-43_148,14.71237055460612,17.869503021240234,15.094306091306397,18.29678534099034,NA,NA,0
Dinolestes lewini,-32.71,152.15,2025,12,18,35,3,-33_152,21.96507183710734,23.18759536743164,21.869863116580444,22.051289840411116,1983,Fly Point-Halifax Park,1
Dinolestes lewini,-43.16,147.87,2025,10,8,12.5,1,-43_148,14.71237055460612,12.976079940795898,15.094306091306397,12.555419057415378,NA,NA,0
Dinolestes lewini,-43.14,148,2025,10,25,12.5,1,-43_148,14.71237055460612,12.976079940795898,15.094306091306397,12.555419057415378,NA,NA,0
Dinolestes lewini,-42.96,147.99,2025,10,24,20,1,-43_148,14.71237055460612,12.976079940795898,15.094306091306397,12.555419057415378,NA,NA,0
Dinolestes lewini,-43.14,148,2025,10,25,20,1,-43_148,14.71237055460612,12.976079940795898,15.094306091306397,12.555419057415378,NA,NA,0
