species,latitude,longitude,year,month,day,size_class,total,location,sst_year_met,sst_month_met,sst_mean_annual,sst_month_noaa,year_of_protection,rls_mpa,MPA
Kyphosus sectatrix,-31.5,159.07,2010,2,10,25,4,-32_159,21.72306474049886,25.04777717590332,22.036905469780876,25.60339229447501,2004,Lord Howe Island Marine Park,0
Kyphosus sectatrix,-31.5,159.07,2010,2,10,30,8,-32_159,21.72306474049886,25.04777717590332,22.036905469780876,25.60339229447501,2004,Lord Howe Island Marine Park,0
Kyphosus sectatrix,-31.56,159.07,2010,2,8,30,2,-32_159,21.72306474049886,25.04777717590332,22.036905469780876,25.60339229447501,NA,NA,0
Kyphosus sectatrix,-31.56,159.07,2010,2,8,35,2,-32_159,21.72306474049886,25.04777717590332,22.036905469780876,25.60339229447501,NA,NA,0
Kyphosus sectatrix,-31.52,159.04,2010,2,13,25,2,-32_159,21.72306474049886,25.04777717590332,22.036905469780876,25.60339229447501,2004,Lord Howe Island Marine Park,0
Kyphosus sectatrix,-31.5,159.07,2010,2,10,30,20,-32_159,21.72306474049886,25.04777717590332,22.036905469780876,25.60339229447501,2004,Lord Howe Island Marine Park,0
Kyphosus sectatrix,-31.5,159.07,2010,2,10,35,1,-32_159,21.72306474049886,25.04777717590332,22.036905469780876,25.60339229447501,2004,Lord Howe Island Marine Park,0
Kyphosus sectatrix,-31.6,159.08,2010,2,12,20,10,-32_159,21.72306474049886,25.04777717590332,22.036905469780876,25.60339229447501,2004,Lord Howe Island Marine Park,0
Kyphosus sectatrix,-31.6,159.08,2010,2,12,25,15,-32_159,21.72306474049886,25.04777717590332,22.036905469780876,25.60339229447501,2004,Lord Howe Island Marine Park,0
Kyphosus sectatrix,-31.6,159.08,2010,2,12,20,3,-32_159,21.72306474049886,25.04777717590332,22.036905469780876,25.60339229447501,2004,Lord Howe Island Marine Park,0
Kyphosus sectatrix,-31.6,159.08,2010,2,12,25,1,-32_159,21.72306474049886,25.04777717590332,22.036905469780876,25.60339229447501,2004,Lord Howe Island Marine Park,0
Kyphosus sectatrix,-31.5,159.07,2010,2,11,50,1,-32_159,21.72306474049886,25.04777717590332,22.036905469780876,25.60339229447501,NA,NA,0
Kyphosus sectatrix,-31.51,159.06,2010,2,10,15,2,-32_159,21.72306474049886,25.04777717590332,22.036905469780876,25.60339229447501,2004,Lord Howe Island Marine Park,0
Kyphosus sectatrix,-31.51,159.06,2010,2,10,20,1,-32_159,21.72306474049886,25.04777717590332,22.036905469780876,25.60339229447501,2004,Lord Howe Island Marine Park,0
Kyphosus sectatrix,-31.51,159.06,2010,2,10,25,1,-32_159,21.72306474049886,25.04777717590332,22.036905469780876,25.60339229447501,2004,Lord Howe Island Marine Park,0
Kyphosus sectatrix,-31.51,159.06,2010,2,10,30,3,-32_159,21.72306474049886,25.04777717590332,22.036905469780876,25.60339229447501,2004,Lord Howe Island Marine Park,0
Kyphosus sectatrix,-31.51,159.06,2010,2,10,12.5,1,-32_159,21.72306474049886,25.04777717590332,22.036905469780876,25.60339229447501,2004,Lord Howe Island Marine Park,0
Kyphosus sectatrix,-31.76,159.24,2010,2,11,25,3,-32_159,21.72306474049886,25.04777717590332,22.036905469780876,25.60339229447501,NA,NA,0
Kyphosus sectatrix,-31.76,159.24,2010,2,11,35,1,-32_159,21.72306474049886,25.04777717590332,22.036905469780876,25.60339229447501,NA,NA,0
Kyphosus sectatrix,-31.75,159.24,2010,2,11,25,25,-32_159,21.72306474049886,25.04777717590332,22.036905469780876,25.60339229447501,2004,Lord Howe Island Marine Park,0
Kyphosus sectatrix,-31.75,159.24,2010,2,11,30,13,-32_159,21.72306474049886,25.04777717590332,22.036905469780876,25.60339229447501,2004,Lord Howe Island Marine Park,0
Kyphosus sectatrix,-31.75,159.24,2010,2,11,25,1,-32_159,21.72306474049886,25.04777717590332,22.036905469780876,25.60339229447501,2004,Lord Howe Island Marine Park,0
Kyphosus sectatrix,-31.75,159.24,2010,2,11,35,3,-32_159,21.72306474049886,25.04777717590332,22.036905469780876,25.60339229447501,2004,Lord Howe Island Marine Park,0
Kyphosus sectatrix,-31.51,159.07,2010,2,12,25,25,-32_159,21.72306474049886,25.04777717590332,22.036905469780876,25.60339229447501,2004,Lord Howe Island Marine Park,0
Kyphosus sectatrix,-31.51,159.07,2010,2,12,30,35,-32_159,21.72306474049886,25.04777717590332,22.036905469780876,25.60339229447501,2004,Lord Howe Island Marine Park,0
Kyphosus sectatrix,-31.51,159.07,2010,2,12,35,25,-32_159,21.72306474049886,25.04777717590332,22.036905469780876,25.60339229447501,2004,Lord Howe Island Marine Park,0
Kyphosus sectatrix,-31.51,159.07,2010,2,12,25,8,-32_159,21.72306474049886,25.04777717590332,22.036905469780876,25.60339229447501,2004,Lord Howe Island Marine Park,0
Kyphosus sectatrix,-31.51,159.07,2010,2,12,30,15,-32_159,21.72306474049886,25.04777717590332,22.036905469780876,25.60339229447501,2004,Lord Howe Island Marine Park,0
Kyphosus sectatrix,-31.51,159.04,2010,2,12,25,20,-32_159,21.72306474049886,25.04777717590332,22.036905469780876,25.60339229447501,NA,NA,0
Kyphosus sectatrix,-31.51,159.04,2010,2,12,50,5,-32_159,21.72306474049886,25.04777717590332,22.036905469780876,25.60339229447501,NA,NA,0
Kyphosus sectatrix,-31.52,159.08,2010,2,18,20,30,-32_159,21.72306474049886,25.04777717590332,22.036905469780876,25.60339229447501,NA,NA,0
Kyphosus sectatrix,-31.52,159.08,2010,2,18,25,80,-32_159,21.72306474049886,25.04777717590332,22.036905469780876,25.60339229447501,NA,NA,0
Kyphosus sectatrix,-31.52,159.08,2010,2,18,30,60,-32_159,21.72306474049886,25.04777717590332,22.036905469780876,25.60339229447501,NA,NA,0
Kyphosus sectatrix,-31.52,159.08,2010,2,18,20,15,-32_159,21.72306474049886,25.04777717590332,22.036905469780876,25.60339229447501,NA,NA,0
Kyphosus sectatrix,-31.52,159.08,2010,2,18,25,45,-32_159,21.72306474049886,25.04777717590332,22.036905469780876,25.60339229447501,NA,NA,0
Kyphosus sectatrix,-31.52,159.08,2010,2,18,30,15,-32_159,21.72306474049886,25.04777717590332,22.036905469780876,25.60339229447501,NA,NA,0
Kyphosus sectatrix,-31.52,159.08,2010,2,18,35,2,-32_159,21.72306474049886,25.04777717590332,22.036905469780876,25.60339229447501,NA,NA,0
Kyphosus sectatrix,-31.52,159.08,2010,2,18,30,10,-32_159,21.72306474049886,25.04777717590332,22.036905469780876,25.60339229447501,NA,NA,0
Kyphosus sectatrix,-31.52,159.08,2010,2,18,35,10,-32_159,21.72306474049886,25.04777717590332,22.036905469780876,25.60339229447501,NA,NA,0
Kyphosus sectatrix,-31.52,159.08,2010,2,18,40,10,-32_159,21.72306474049886,25.04777717590332,22.036905469780876,25.60339229447501,NA,NA,0
Kyphosus sectatrix,-31.52,159.08,2010,2,18,50,2,-32_159,21.72306474049886,25.04777717590332,22.036905469780876,25.60339229447501,NA,NA,0
Kyphosus sectatrix,-31.52,159.08,2010,2,18,62.5,1,-32_159,21.72306474049886,25.04777717590332,22.036905469780876,25.60339229447501,NA,NA,0
Kyphosus sectatrix,-31.52,159.08,2010,2,18,30,2,-32_159,21.72306474049886,25.04777717590332,22.036905469780876,25.60339229447501,NA,NA,0
Kyphosus sectatrix,-31.79,159.28,2010,2,11,25,132,-32_159,21.72306474049886,25.04777717590332,22.036905469780876,25.60339229447501,2004,Lord Howe Island Marine Park,0
Kyphosus sectatrix,-31.79,159.28,2010,2,11,30,40,-32_159,21.72306474049886,25.04777717590332,22.036905469780876,25.60339229447501,2004,Lord Howe Island Marine Park,0
Kyphosus sectatrix,-31.79,159.28,2010,2,11,35,20,-32_159,21.72306474049886,25.04777717590332,22.036905469780876,25.60339229447501,2004,Lord Howe Island Marine Park,0
Kyphosus sectatrix,-31.79,159.28,2010,2,11,35,14,-32_159,21.72306474049886,25.04777717590332,22.036905469780876,25.60339229447501,2004,Lord Howe Island Marine Park,0
Kyphosus sectatrix,-31.79,159.28,2010,2,11,40,12,-32_159,21.72306474049886,25.04777717590332,22.036905469780876,25.60339229447501,2004,Lord Howe Island Marine Park,0
Kyphosus sectatrix,-31.79,159.28,2010,2,11,20,40,-32_159,21.72306474049886,25.04777717590332,22.036905469780876,25.60339229447501,2004,Lord Howe Island Marine Park,0
Kyphosus sectatrix,-31.79,159.28,2010,2,11,25,90,-32_159,21.72306474049886,25.04777717590332,22.036905469780876,25.60339229447501,2004,Lord Howe Island Marine Park,0
Kyphosus sectatrix,-31.79,159.28,2010,2,11,30,104,-32_159,21.72306474049886,25.04777717590332,22.036905469780876,25.60339229447501,2004,Lord Howe Island Marine Park,0
Kyphosus sectatrix,-31.79,159.28,2010,2,11,35,120,-32_159,21.72306474049886,25.04777717590332,22.036905469780876,25.60339229447501,2004,Lord Howe Island Marine Park,0
Kyphosus sectatrix,-31.79,159.28,2010,2,11,30,100,-32_159,21.72306474049886,25.04777717590332,22.036905469780876,25.60339229447501,2004,Lord Howe Island Marine Park,0
Kyphosus sectatrix,-31.79,159.28,2010,2,11,35,100,-32_159,21.72306474049886,25.04777717590332,22.036905469780876,25.60339229447501,2004,Lord Howe Island Marine Park,0
Kyphosus sectatrix,-31.79,159.28,2010,2,11,40,150,-32_159,21.72306474049886,25.04777717590332,22.036905469780876,25.60339229447501,2004,Lord Howe Island Marine Park,0
Kyphosus sectatrix,-31.54,159.11,2010,2,13,12.5,40,-32_159,21.72306474049886,25.04777717590332,22.036905469780876,25.60339229447501,NA,NA,0
Kyphosus sectatrix,-31.54,159.11,2010,2,13,25,30,-32_159,21.72306474049886,25.04777717590332,22.036905469780876,25.60339229447501,NA,NA,0
Kyphosus sectatrix,-31.54,159.11,2010,2,13,35,13,-32_159,21.72306474049886,25.04777717590332,22.036905469780876,25.60339229447501,NA,NA,0
Kyphosus sectatrix,-31.54,159.11,2010,2,13,12.5,150,-32_159,21.72306474049886,25.04777717590332,22.036905469780876,25.60339229447501,NA,NA,0
Kyphosus sectatrix,-31.54,159.11,2010,2,13,15,40,-32_159,21.72306474049886,25.04777717590332,22.036905469780876,25.60339229447501,NA,NA,0
Kyphosus sectatrix,-31.54,159.11,2010,2,13,20,40,-32_159,21.72306474049886,25.04777717590332,22.036905469780876,25.60339229447501,NA,NA,0
Kyphosus sectatrix,-31.54,159.11,2010,2,13,25,20,-32_159,21.72306474049886,25.04777717590332,22.036905469780876,25.60339229447501,NA,NA,0
Kyphosus sectatrix,-31.54,159.11,2010,2,13,30,20,-32_159,21.72306474049886,25.04777717590332,22.036905469780876,25.60339229447501,NA,NA,0
Kyphosus sectatrix,-31.54,159.11,2010,2,13,25,20,-32_159,21.72306474049886,25.04777717590332,22.036905469780876,25.60339229447501,NA,NA,0
Kyphosus sectatrix,-31.54,159.11,2010,2,13,40,10,-32_159,21.72306474049886,25.04777717590332,22.036905469780876,25.60339229447501,NA,NA,0
Kyphosus sectatrix,-31.54,159.11,2010,2,13,50,10,-32_159,21.72306474049886,25.04777717590332,22.036905469780876,25.60339229447501,NA,NA,0
Kyphosus sectatrix,-31.51,159.05,2010,2,18,25,150,-32_159,21.72306474049886,25.04777717590332,22.036905469780876,25.60339229447501,2004,Lord Howe Island Marine Park,0
Kyphosus sectatrix,-31.54,159.07,2010,2,7,20,2,-32_159,21.72306474049886,25.04777717590332,22.036905469780876,25.60339229447501,2004,Lord Howe Island Marine Park,0
Kyphosus sectatrix,-31.57,159.1,2012,2,20,30,10,-32_159,20.916617552439373,23.9117488861084,20.987408518711636,24.314826998217352,2004,Lord Howe Island Marine Park,0
Kyphosus sectatrix,-31.57,159.1,2012,2,20,25,5,-32_159,20.916617552439373,23.9117488861084,20.987408518711636,24.314826998217352,2004,Lord Howe Island Marine Park,0
Kyphosus sectatrix,-31.5,159.07,2012,2,20,50,6,-32_159,20.916617552439373,23.9117488861084,20.987408518711636,24.314826998217352,2004,Lord Howe Island Marine Park,0
Kyphosus sectatrix,-31.5,159.07,2012,2,20,62.5,5,-32_159,20.916617552439373,23.9117488861084,20.987408518711636,24.314826998217352,2004,Lord Howe Island Marine Park,0
Kyphosus sectatrix,-31.5,159.07,2012,2,20,30,1,-32_159,20.916617552439373,23.9117488861084,20.987408518711636,24.314826998217352,2004,Lord Howe Island Marine Park,0
Kyphosus sectatrix,-31.53,159.06,2012,2,22,40,15,-32_159,20.916617552439373,23.9117488861084,20.987408518711636,24.314826998217352,NA,NA,0
Kyphosus sectatrix,-31.51,159.07,2012,2,22,20,20,-32_159,20.916617552439373,23.9117488861084,20.987408518711636,24.314826998217352,2004,Lord Howe Island Marine Park,0
Kyphosus sectatrix,-31.51,159.07,2012,2,22,25,10,-32_159,20.916617552439373,23.9117488861084,20.987408518711636,24.314826998217352,2004,Lord Howe Island Marine Park,0
Kyphosus sectatrix,-31.51,159.07,2012,2,22,30,5,-32_159,20.916617552439373,23.9117488861084,20.987408518711636,24.314826998217352,2004,Lord Howe Island Marine Park,0
Kyphosus sectatrix,-31.51,159.07,2012,2,22,20,10,-32_159,20.916617552439373,23.9117488861084,20.987408518711636,24.314826998217352,2004,Lord Howe Island Marine Park,0
Kyphosus sectatrix,-31.51,159.07,2012,2,22,25,15,-32_159,20.916617552439373,23.9117488861084,20.987408518711636,24.314826998217352,2004,Lord Howe Island Marine Park,0
Kyphosus sectatrix,-31.51,159.07,2012,2,22,30,10,-32_159,20.916617552439373,23.9117488861084,20.987408518711636,24.314826998217352,2004,Lord Howe Island Marine Park,0
Kyphosus sectatrix,-31.51,159.07,2012,2,22,35,5,-32_159,20.916617552439373,23.9117488861084,20.987408518711636,24.314826998217352,2004,Lord Howe Island Marine Park,0
Kyphosus sectatrix,-31.51,159.07,2012,2,22,50,1,-32_159,20.916617552439373,23.9117488861084,20.987408518711636,24.314826998217352,2004,Lord Howe Island Marine Park,0
Kyphosus sectatrix,-31.51,159.07,2012,2,22,20,1,-32_159,20.916617552439373,23.9117488861084,20.987408518711636,24.314826998217352,2004,Lord Howe Island Marine Park,0
Kyphosus sectatrix,-31.51,159.07,2012,2,22,20,5,-32_159,20.916617552439373,23.9117488861084,20.987408518711636,24.314826998217352,2004,Lord Howe Island Marine Park,0
Kyphosus sectatrix,-31.51,159.07,2012,2,22,25,4,-32_159,20.916617552439373,23.9117488861084,20.987408518711636,24.314826998217352,2004,Lord Howe Island Marine Park,0
Kyphosus sectatrix,-31.52,159.05,2012,2,21,50,1,-32_159,20.916617552439373,23.9117488861084,20.987408518711636,24.314826998217352,2004,Lord Howe Island Marine Park,0
Kyphosus sectatrix,-31.53,159.05,2012,2,21,25,1,-32_159,20.916617552439373,23.9117488861084,20.987408518711636,24.314826998217352,NA,NA,0
Kyphosus sectatrix,-31.54,159.11,2012,2,23,15,30,-32_159,20.916617552439373,23.9117488861084,20.987408518711636,24.314826998217352,NA,NA,0
Kyphosus sectatrix,-31.54,159.11,2012,2,23,20,30,-32_159,20.916617552439373,23.9117488861084,20.987408518711636,24.314826998217352,NA,NA,0
Kyphosus sectatrix,-31.54,159.11,2012,2,23,25,40,-32_159,20.916617552439373,23.9117488861084,20.987408518711636,24.314826998217352,NA,NA,0
Kyphosus sectatrix,-31.54,159.11,2012,2,23,25,15,-32_159,20.916617552439373,23.9117488861084,20.987408518711636,24.314826998217352,NA,NA,0
Kyphosus sectatrix,-31.54,159.11,2012,2,23,30,20,-32_159,20.916617552439373,23.9117488861084,20.987408518711636,24.314826998217352,NA,NA,0
Kyphosus sectatrix,-31.54,159.11,2012,2,23,35,40,-32_159,20.916617552439373,23.9117488861084,20.987408518711636,24.314826998217352,NA,NA,0
Kyphosus sectatrix,-31.54,159.11,2012,2,23,40,10,-32_159,20.916617552439373,23.9117488861084,20.987408518711636,24.314826998217352,NA,NA,0
Kyphosus sectatrix,-31.52,159.08,2012,2,22,25,100,-32_159,20.916617552439373,23.9117488861084,20.987408518711636,24.314826998217352,NA,NA,0
Kyphosus sectatrix,-31.52,159.08,2012,2,22,30,150,-32_159,20.916617552439373,23.9117488861084,20.987408518711636,24.314826998217352,NA,NA,0
Kyphosus sectatrix,-31.52,159.08,2012,2,22,25,30,-32_159,20.916617552439373,23.9117488861084,20.987408518711636,24.314826998217352,NA,NA,0
Kyphosus sectatrix,-31.52,159.08,2012,2,22,30,40,-32_159,20.916617552439373,23.9117488861084,20.987408518711636,24.314826998217352,NA,NA,0
Kyphosus sectatrix,-31.52,159.08,2012,2,22,35,50,-32_159,20.916617552439373,23.9117488861084,20.987408518711636,24.314826998217352,NA,NA,0
Kyphosus sectatrix,-31.52,159.08,2012,2,22,20,1,-32_159,20.916617552439373,23.9117488861084,20.987408518711636,24.314826998217352,NA,NA,0
Kyphosus sectatrix,-31.5,159.07,2012,2,23,20,1,-32_159,20.916617552439373,23.9117488861084,20.987408518711636,24.314826998217352,2004,Lord Howe Island Marine Park,0
Kyphosus sectatrix,-31.5,159.07,2012,2,23,30,140,-32_159,20.916617552439373,23.9117488861084,20.987408518711636,24.314826998217352,2004,Lord Howe Island Marine Park,0
Kyphosus sectatrix,-31.5,159.07,2012,2,23,40,60,-32_159,20.916617552439373,23.9117488861084,20.987408518711636,24.314826998217352,2004,Lord Howe Island Marine Park,0
Kyphosus sectatrix,-31.5,159.07,2012,2,23,50,20,-32_159,20.916617552439373,23.9117488861084,20.987408518711636,24.314826998217352,2004,Lord Howe Island Marine Park,0
Kyphosus sectatrix,-31.5,159.07,2012,2,23,30,170,-32_159,20.916617552439373,23.9117488861084,20.987408518711636,24.314826998217352,2004,Lord Howe Island Marine Park,0
Kyphosus sectatrix,-31.5,159.07,2012,2,23,40,50,-32_159,20.916617552439373,23.9117488861084,20.987408518711636,24.314826998217352,2004,Lord Howe Island Marine Park,0
Kyphosus sectatrix,-31.5,159.07,2012,2,23,50,10,-32_159,20.916617552439373,23.9117488861084,20.987408518711636,24.314826998217352,2004,Lord Howe Island Marine Park,0
Kyphosus sectatrix,-31.5,159.07,2012,2,23,35,1,-32_159,20.916617552439373,23.9117488861084,20.987408518711636,24.314826998217352,2004,Lord Howe Island Marine Park,0
Kyphosus sectatrix,-31.5,159.07,2012,2,23,20,2,-32_159,20.916617552439373,23.9117488861084,20.987408518711636,24.314826998217352,2004,Lord Howe Island Marine Park,0
Kyphosus sectatrix,-31.5,159.07,2012,2,23,25,4,-32_159,20.916617552439373,23.9117488861084,20.987408518711636,24.314826998217352,2004,Lord Howe Island Marine Park,0
Kyphosus sectatrix,-31.5,159.07,2012,2,23,30,13,-32_159,20.916617552439373,23.9117488861084,20.987408518711636,24.314826998217352,2004,Lord Howe Island Marine Park,0
Kyphosus sectatrix,-31.5,159.07,2012,2,24,30,4,-32_159,20.916617552439373,23.9117488861084,20.987408518711636,24.314826998217352,NA,NA,0
Kyphosus sectatrix,-31.5,159.07,2012,2,24,35,2,-32_159,20.916617552439373,23.9117488861084,20.987408518711636,24.314826998217352,NA,NA,0
Kyphosus sectatrix,-31.5,159.07,2012,2,24,40,4,-32_159,20.916617552439373,23.9117488861084,20.987408518711636,24.314826998217352,NA,NA,0
Kyphosus sectatrix,-31.5,159.07,2012,2,24,25,2,-32_159,20.916617552439373,23.9117488861084,20.987408518711636,24.314826998217352,NA,NA,0
Kyphosus sectatrix,-31.5,159.07,2012,2,24,30,6,-32_159,20.916617552439373,23.9117488861084,20.987408518711636,24.314826998217352,NA,NA,0
Kyphosus sectatrix,-31.5,159.07,2012,2,24,15,10,-32_159,20.916617552439373,23.9117488861084,20.987408518711636,24.314826998217352,NA,NA,0
Kyphosus sectatrix,-31.5,159.07,2012,2,24,10,2,-32_159,20.916617552439373,23.9117488861084,20.987408518711636,24.314826998217352,NA,NA,0
Kyphosus sectatrix,-31.5,159.07,2012,2,24,12.5,3,-32_159,20.916617552439373,23.9117488861084,20.987408518711636,24.314826998217352,NA,NA,0
Kyphosus sectatrix,-31.54,159.11,2012,2,23,20,5,-32_159,20.916617552439373,23.9117488861084,20.987408518711636,24.314826998217352,NA,NA,0
Kyphosus sectatrix,-31.54,159.11,2012,2,23,25,6,-32_159,20.916617552439373,23.9117488861084,20.987408518711636,24.314826998217352,NA,NA,0
Kyphosus sectatrix,-31.53,159.05,2012,2,25,30,20,-32_159,20.916617552439373,23.9117488861084,20.987408518711636,24.314826998217352,NA,NA,0
Kyphosus sectatrix,-31.53,159.05,2012,2,25,35,20,-32_159,20.916617552439373,23.9117488861084,20.987408518711636,24.314826998217352,NA,NA,0
Kyphosus sectatrix,-31.53,159.05,2012,2,25,40,20,-32_159,20.916617552439373,23.9117488861084,20.987408518711636,24.314826998217352,NA,NA,0
Kyphosus sectatrix,-31.53,159.05,2012,2,25,50,5,-32_159,20.916617552439373,23.9117488861084,20.987408518711636,24.314826998217352,NA,NA,0
Kyphosus sectatrix,-31.53,159.05,2012,2,25,20,5,-32_159,20.916617552439373,23.9117488861084,20.987408518711636,24.314826998217352,NA,NA,0
Kyphosus sectatrix,-31.53,159.05,2012,2,25,25,5,-32_159,20.916617552439373,23.9117488861084,20.987408518711636,24.314826998217352,NA,NA,0
Kyphosus sectatrix,-31.53,159.05,2012,2,25,35,5,-32_159,20.916617552439373,23.9117488861084,20.987408518711636,24.314826998217352,NA,NA,0
Kyphosus sectatrix,-31.53,159.05,2012,2,25,15,60,-32_159,20.916617552439373,23.9117488861084,20.987408518711636,24.314826998217352,NA,NA,0
Kyphosus sectatrix,-31.53,159.05,2012,2,25,30,50,-32_159,20.916617552439373,23.9117488861084,20.987408518711636,24.314826998217352,NA,NA,0
Kyphosus sectatrix,-31.53,159.05,2012,2,25,40,30,-32_159,20.916617552439373,23.9117488861084,20.987408518711636,24.314826998217352,NA,NA,0
Kyphosus sectatrix,-31.55,159.06,2012,2,25,15,1,-32_159,20.916617552439373,23.9117488861084,20.987408518711636,24.314826998217352,2004,Lord Howe Island Marine Park,0
Kyphosus sectatrix,-31.55,159.06,2012,2,25,30,30,-32_159,20.916617552439373,23.9117488861084,20.987408518711636,24.314826998217352,2004,Lord Howe Island Marine Park,0
Kyphosus sectatrix,-31.56,159.07,2012,2,27,30,2,-32_159,20.916617552439373,23.9117488861084,20.987408518711636,24.314826998217352,NA,NA,0
Kyphosus sectatrix,-31.51,159.04,2012,2,24,20,1,-32_159,20.916617552439373,23.9117488861084,20.987408518711636,24.314826998217352,NA,NA,0
Kyphosus sectatrix,-31.51,159.04,2012,2,24,25,2,-32_159,20.916617552439373,23.9117488861084,20.987408518711636,24.314826998217352,NA,NA,0
Kyphosus sectatrix,-31.51,159.04,2012,2,24,30,2,-32_159,20.916617552439373,23.9117488861084,20.987408518711636,24.314826998217352,NA,NA,0
Kyphosus sectatrix,-31.51,159.04,2012,2,24,35,1,-32_159,20.916617552439373,23.9117488861084,20.987408518711636,24.314826998217352,NA,NA,0
Kyphosus sectatrix,-31.53,159.05,2012,2,27,25,2,-32_159,20.916617552439373,23.9117488861084,20.987408518711636,24.314826998217352,NA,NA,0
Kyphosus sectatrix,-31.55,159.07,2012,2,27,10,1,-32_159,20.916617552439373,23.9117488861084,20.987408518711636,24.314826998217352,NA,NA,0
Kyphosus sectatrix,-31.55,159.07,2012,2,27,40,1,-32_159,20.916617552439373,23.9117488861084,20.987408518711636,24.314826998217352,NA,NA,0
Kyphosus sectatrix,-31.55,159.07,2012,2,27,12.5,2,-32_159,20.916617552439373,23.9117488861084,20.987408518711636,24.314826998217352,NA,NA,0
Kyphosus sectatrix,-31.55,159.07,2012,2,27,20,1,-32_159,20.916617552439373,23.9117488861084,20.987408518711636,24.314826998217352,NA,NA,0
Kyphosus sectatrix,-31.55,159.07,2012,2,27,25,1,-32_159,20.916617552439373,23.9117488861084,20.987408518711636,24.314826998217352,NA,NA,0
Kyphosus sectatrix,-31.55,159.07,2012,2,27,30,1,-32_159,20.916617552439373,23.9117488861084,20.987408518711636,24.314826998217352,NA,NA,0
Kyphosus sectatrix,-31.52,159.04,2012,2,28,15,1,-32_159,20.916617552439373,23.9117488861084,20.987408518711636,24.314826998217352,2004,Lord Howe Island Marine Park,0
Kyphosus sectatrix,-31.51,159.04,2012,2,24,15,1,-32_159,20.916617552439373,23.9117488861084,20.987408518711636,24.314826998217352,NA,NA,0
Kyphosus sectatrix,-31.51,159.04,2012,2,24,20,1,-32_159,20.916617552439373,23.9117488861084,20.987408518711636,24.314826998217352,NA,NA,0
Kyphosus sectatrix,-31.76,159.24,2012,2,28,7.5,4,-32_159,20.916617552439373,23.9117488861084,20.987408518711636,24.314826998217352,NA,NA,0
Kyphosus sectatrix,-31.76,159.24,2012,2,28,10,10,-32_159,20.916617552439373,23.9117488861084,20.987408518711636,24.314826998217352,NA,NA,0
Kyphosus sectatrix,-31.76,159.24,2012,2,28,40,5,-32_159,20.916617552439373,23.9117488861084,20.987408518711636,24.314826998217352,NA,NA,0
Kyphosus sectatrix,-31.76,159.24,2012,2,28,50,1,-32_159,20.916617552439373,23.9117488861084,20.987408518711636,24.314826998217352,NA,NA,0
Kyphosus sectatrix,-31.55,159.06,2012,2,25,25,1,-32_159,20.916617552439373,23.9117488861084,20.987408518711636,24.314826998217352,2004,Lord Howe Island Marine Park,0
Kyphosus sectatrix,-31.55,159.06,2012,2,25,15,2,-32_159,20.916617552439373,23.9117488861084,20.987408518711636,24.314826998217352,2004,Lord Howe Island Marine Park,0
Kyphosus sectatrix,-31.55,159.06,2012,2,25,20,2,-32_159,20.916617552439373,23.9117488861084,20.987408518711636,24.314826998217352,2004,Lord Howe Island Marine Park,0
Kyphosus sectatrix,-31.76,159.24,2012,2,28,30,2,-32_159,20.916617552439373,23.9117488861084,20.987408518711636,24.314826998217352,NA,NA,0
Kyphosus sectatrix,-31.76,159.24,2012,2,28,35,3,-32_159,20.916617552439373,23.9117488861084,20.987408518711636,24.314826998217352,NA,NA,0
Kyphosus sectatrix,-31.76,159.24,2012,2,28,30,1,-32_159,20.916617552439373,23.9117488861084,20.987408518711636,24.314826998217352,NA,NA,0
Kyphosus sectatrix,-31.75,159.24,2012,2,28,40,20,-32_159,20.916617552439373,23.9117488861084,20.987408518711636,24.314826998217352,2004,Lord Howe Island Marine Park,0
Kyphosus sectatrix,-31.75,159.24,2012,2,28,15,25,-32_159,20.916617552439373,23.9117488861084,20.987408518711636,24.314826998217352,2004,Lord Howe Island Marine Park,0
Kyphosus sectatrix,-31.75,159.24,2012,2,28,20,55,-32_159,20.916617552439373,23.9117488861084,20.987408518711636,24.314826998217352,2004,Lord Howe Island Marine Park,0
Kyphosus sectatrix,-31.75,159.24,2012,2,28,25,15,-32_159,20.916617552439373,23.9117488861084,20.987408518711636,24.314826998217352,2004,Lord Howe Island Marine Park,0
Kyphosus sectatrix,-31.75,159.24,2012,2,28,40,150,-32_159,20.916617552439373,23.9117488861084,20.987408518711636,24.314826998217352,2004,Lord Howe Island Marine Park,0
Kyphosus sectatrix,-31.75,159.24,2012,2,28,50,30,-32_159,20.916617552439373,23.9117488861084,20.987408518711636,24.314826998217352,2004,Lord Howe Island Marine Park,0
Kyphosus sectatrix,-31.75,159.24,2012,2,28,30,5,-32_159,20.916617552439373,23.9117488861084,20.987408518711636,24.314826998217352,2004,Lord Howe Island Marine Park,0
Kyphosus sectatrix,-31.53,159.05,2012,2,29,35,1,-32_159,20.916617552439373,23.9117488861084,20.987408518711636,24.314826998217352,NA,NA,0
Kyphosus sectatrix,-31.53,159.05,2012,2,29,40,1,-32_159,20.916617552439373,23.9117488861084,20.987408518711636,24.314826998217352,NA,NA,0
Kyphosus sectatrix,-31.53,159.05,2012,2,29,30,20,-32_159,20.916617552439373,23.9117488861084,20.987408518711636,24.314826998217352,NA,NA,0
Kyphosus sectatrix,-31.53,159.05,2012,2,29,35,30,-32_159,20.916617552439373,23.9117488861084,20.987408518711636,24.314826998217352,NA,NA,0
Kyphosus sectatrix,-31.53,159.05,2012,2,29,40,20,-32_159,20.916617552439373,23.9117488861084,20.987408518711636,24.314826998217352,NA,NA,0
Kyphosus sectatrix,-31.79,159.28,2012,3,1,35,15,-32_159,20.916617552439373,23.44640731811523,20.987408518711636,23.95580590155817,2004,Lord Howe Island Marine Park,0
Kyphosus sectatrix,-31.79,159.28,2012,3,1,40,5,-32_159,20.916617552439373,23.44640731811523,20.987408518711636,23.95580590155817,2004,Lord Howe Island Marine Park,0
Kyphosus sectatrix,-31.79,159.28,2012,3,1,35,5,-32_159,20.916617552439373,23.44640731811523,20.987408518711636,23.95580590155817,2004,Lord Howe Island Marine Park,0
Kyphosus sectatrix,-31.79,159.28,2012,3,1,25,20,-32_159,20.916617552439373,23.44640731811523,20.987408518711636,23.95580590155817,2004,Lord Howe Island Marine Park,0
Kyphosus sectatrix,-31.79,159.28,2012,3,1,30,15,-32_159,20.916617552439373,23.44640731811523,20.987408518711636,23.95580590155817,2004,Lord Howe Island Marine Park,0
Kyphosus sectatrix,-31.79,159.28,2012,3,1,35,15,-32_159,20.916617552439373,23.44640731811523,20.987408518711636,23.95580590155817,2004,Lord Howe Island Marine Park,0
Kyphosus sectatrix,-31.79,159.28,2012,3,1,40,15,-32_159,20.916617552439373,23.44640731811523,20.987408518711636,23.95580590155817,2004,Lord Howe Island Marine Park,0
Kyphosus sectatrix,-31.79,159.28,2012,3,1,20,40,-32_159,20.916617552439373,23.44640731811523,20.987408518711636,23.95580590155817,2004,Lord Howe Island Marine Park,0
Kyphosus sectatrix,-31.79,159.28,2012,3,1,30,50,-32_159,20.916617552439373,23.44640731811523,20.987408518711636,23.95580590155817,2004,Lord Howe Island Marine Park,0
Kyphosus sectatrix,-31.79,159.28,2012,3,1,35,100,-32_159,20.916617552439373,23.44640731811523,20.987408518711636,23.95580590155817,2004,Lord Howe Island Marine Park,0
Kyphosus sectatrix,-31.79,159.28,2012,3,1,40,100,-32_159,20.916617552439373,23.44640731811523,20.987408518711636,23.95580590155817,2004,Lord Howe Island Marine Park,0
Kyphosus sectatrix,-31.79,159.28,2012,3,1,50,50,-32_159,20.916617552439373,23.44640731811523,20.987408518711636,23.95580590155817,2004,Lord Howe Island Marine Park,0
Kyphosus sectatrix,-31.79,159.28,2012,3,1,35,150,-32_159,20.916617552439373,23.44640731811523,20.987408518711636,23.95580590155817,2004,Lord Howe Island Marine Park,0
Kyphosus sectatrix,-31.76,159.26,2012,3,1,25,1,-32_159,20.916617552439373,23.44640731811523,20.987408518711636,23.95580590155817,NA,NA,0
Kyphosus sectatrix,-31.76,159.26,2012,3,1,30,2,-32_159,20.916617552439373,23.44640731811523,20.987408518711636,23.95580590155817,NA,NA,0
Kyphosus sectatrix,-31.76,159.26,2012,3,1,35,4,-32_159,20.916617552439373,23.44640731811523,20.987408518711636,23.95580590155817,NA,NA,0
Kyphosus sectatrix,-31.76,159.26,2012,3,1,40,2,-32_159,20.916617552439373,23.44640731811523,20.987408518711636,23.95580590155817,NA,NA,0
Kyphosus sectatrix,-31.76,159.26,2012,3,1,25,20,-32_159,20.916617552439373,23.44640731811523,20.987408518711636,23.95580590155817,NA,NA,0
Kyphosus sectatrix,-31.76,159.26,2012,3,1,30,50,-32_159,20.916617552439373,23.44640731811523,20.987408518711636,23.95580590155817,NA,NA,0
Kyphosus sectatrix,-31.76,159.26,2012,3,1,35,75,-32_159,20.916617552439373,23.44640731811523,20.987408518711636,23.95580590155817,NA,NA,0
Kyphosus sectatrix,-31.76,159.26,2012,3,1,20,5,-32_159,20.916617552439373,23.44640731811523,20.987408518711636,23.95580590155817,NA,NA,0
Kyphosus sectatrix,-31.76,159.26,2012,3,1,35,16,-32_159,20.916617552439373,23.44640731811523,20.987408518711636,23.95580590155817,NA,NA,0
Kyphosus sectatrix,-31.76,159.26,2012,3,1,40,20,-32_159,20.916617552439373,23.44640731811523,20.987408518711636,23.95580590155817,NA,NA,0
Kyphosus sectatrix,-31.76,159.26,2012,3,1,50,15,-32_159,20.916617552439373,23.44640731811523,20.987408518711636,23.95580590155817,NA,NA,0
Kyphosus sectatrix,-31.76,159.26,2012,3,1,20,50,-32_159,20.916617552439373,23.44640731811523,20.987408518711636,23.95580590155817,NA,NA,0
Kyphosus sectatrix,-31.76,159.26,2012,3,1,25,50,-32_159,20.916617552439373,23.44640731811523,20.987408518711636,23.95580590155817,NA,NA,0
Kyphosus sectatrix,-31.76,159.26,2012,3,1,30,50,-32_159,20.916617552439373,23.44640731811523,20.987408518711636,23.95580590155817,NA,NA,0
Kyphosus sectatrix,-31.76,159.26,2012,3,1,35,75,-32_159,20.916617552439373,23.44640731811523,20.987408518711636,23.95580590155817,NA,NA,0
Kyphosus sectatrix,-31.76,159.26,2012,3,1,40,75,-32_159,20.916617552439373,23.44640731811523,20.987408518711636,23.95580590155817,NA,NA,0
Kyphosus sectatrix,-31.5,159.06,2012,2,20,15,2,-32_159,20.916617552439373,23.9117488861084,20.987408518711636,24.314826998217352,2004,Lord Howe Island Marine Park,0
Kyphosus sectatrix,-31.5,159.06,2012,2,20,25,1,-32_159,20.916617552439373,23.9117488861084,20.987408518711636,24.314826998217352,2004,Lord Howe Island Marine Park,0
Kyphosus sectatrix,-31.5,159.07,2014,2,18,40,6,-32_159,21.248451550801594,23.568195343017575,21.55651573930956,23.92517791475569,2004,Lord Howe Island Marine Park,1
Kyphosus sectatrix,-31.5,159.07,2014,2,18,50,7,-32_159,21.248451550801594,23.568195343017575,21.55651573930956,23.92517791475569,2004,Lord Howe Island Marine Park,1
Kyphosus sectatrix,-31.5,159.07,2014,2,18,62.5,7,-32_159,21.248451550801594,23.568195343017575,21.55651573930956,23.92517791475569,2004,Lord Howe Island Marine Park,1
Kyphosus sectatrix,-31.54,159.05,2014,2,27,40,2,-32_159,21.248451550801594,23.568195343017575,21.55651573930956,23.92517791475569,2004,Lord Howe Island Marine Park,1
Kyphosus sectatrix,-31.54,159.05,2014,2,27,30,2,-32_159,21.248451550801594,23.568195343017575,21.55651573930956,23.92517791475569,2004,Lord Howe Island Marine Park,1
Kyphosus sectatrix,-31.52,159.04,2014,2,17,30,1,-32_159,21.248451550801594,23.568195343017575,21.55651573930956,23.92517791475569,2004,Lord Howe Island Marine Park,1
Kyphosus sectatrix,-31.52,159.04,2014,2,17,35,2,-32_159,21.248451550801594,23.568195343017575,21.55651573930956,23.92517791475569,2004,Lord Howe Island Marine Park,1
Kyphosus sectatrix,-31.52,159.04,2014,2,17,40,2,-32_159,21.248451550801594,23.568195343017575,21.55651573930956,23.92517791475569,2004,Lord Howe Island Marine Park,1
Kyphosus sectatrix,-31.5,159.07,2014,2,20,20,2,-32_159,21.248451550801594,23.568195343017575,21.55651573930956,23.92517791475569,NA,NA,0
Kyphosus sectatrix,-31.5,159.07,2014,2,19,50,3,-32_159,21.248451550801594,23.568195343017575,21.55651573930956,23.92517791475569,2004,Lord Howe Island Marine Park,1
Kyphosus sectatrix,-31.51,159.04,2014,2,20,40,7,-32_159,21.248451550801594,23.568195343017575,21.55651573930956,23.92517791475569,NA,NA,0
Kyphosus sectatrix,-31.51,159.04,2014,2,20,50,8,-32_159,21.248451550801594,23.568195343017575,21.55651573930956,23.92517791475569,NA,NA,0
Kyphosus sectatrix,-31.53,159.05,2014,2,17,30,1,-32_159,21.248451550801594,23.568195343017575,21.55651573930956,23.92517791475569,NA,NA,0
Kyphosus sectatrix,-31.53,159.05,2014,2,17,30,20,-32_159,21.248451550801594,23.568195343017575,21.55651573930956,23.92517791475569,NA,NA,0
Kyphosus sectatrix,-31.53,159.05,2014,2,17,35,30,-32_159,21.248451550801594,23.568195343017575,21.55651573930956,23.92517791475569,NA,NA,0
Kyphosus sectatrix,-31.53,159.05,2014,2,17,40,30,-32_159,21.248451550801594,23.568195343017575,21.55651573930956,23.92517791475569,NA,NA,0
Kyphosus sectatrix,-31.53,159.05,2014,2,19,40,2,-32_159,21.248451550801594,23.568195343017575,21.55651573930956,23.92517791475569,NA,NA,0
Kyphosus sectatrix,-31.53,159.05,2014,2,19,50,3,-32_159,21.248451550801594,23.568195343017575,21.55651573930956,23.92517791475569,NA,NA,0
Kyphosus sectatrix,-31.53,159.05,2014,2,19,40,10,-32_159,21.248451550801594,23.568195343017575,21.55651573930956,23.92517791475569,NA,NA,0
Kyphosus sectatrix,-31.53,159.05,2014,2,19,50,10,-32_159,21.248451550801594,23.568195343017575,21.55651573930956,23.92517791475569,NA,NA,0
Kyphosus sectatrix,-31.56,159.1,2014,2,18,40,1,-32_159,21.248451550801594,23.568195343017575,21.55651573930956,23.92517791475569,NA,NA,0
Kyphosus sectatrix,-31.56,159.1,2014,2,18,50,1,-32_159,21.248451550801594,23.568195343017575,21.55651573930956,23.92517791475569,NA,NA,0
Kyphosus sectatrix,-31.55,159.06,2014,2,27,12.5,20,-32_159,21.248451550801594,23.568195343017575,21.55651573930956,23.92517791475569,2004,Lord Howe Island Marine Park,1
Kyphosus sectatrix,-31.55,159.06,2014,2,27,15,5,-32_159,21.248451550801594,23.568195343017575,21.55651573930956,23.92517791475569,2004,Lord Howe Island Marine Park,1
Kyphosus sectatrix,-31.55,159.06,2014,2,27,20,5,-32_159,21.248451550801594,23.568195343017575,21.55651573930956,23.92517791475569,2004,Lord Howe Island Marine Park,1
Kyphosus sectatrix,-31.55,159.06,2014,2,27,25,10,-32_159,21.248451550801594,23.568195343017575,21.55651573930956,23.92517791475569,2004,Lord Howe Island Marine Park,1
Kyphosus sectatrix,-31.55,159.06,2014,2,27,30,5,-32_159,21.248451550801594,23.568195343017575,21.55651573930956,23.92517791475569,2004,Lord Howe Island Marine Park,1
Kyphosus sectatrix,-31.54,159.07,2014,2,24,20,10,-32_159,21.248451550801594,23.568195343017575,21.55651573930956,23.92517791475569,2004,Lord Howe Island Marine Park,1
Kyphosus sectatrix,-31.54,159.07,2014,2,24,50,2,-32_159,21.248451550801594,23.568195343017575,21.55651573930956,23.92517791475569,2004,Lord Howe Island Marine Park,1
Kyphosus sectatrix,-31.5,159.06,2014,2,19,50,1,-32_159,21.248451550801594,23.568195343017575,21.55651573930956,23.92517791475569,2004,Lord Howe Island Marine Park,1
Kyphosus sectatrix,-31.5,159.06,2014,2,19,62.5,1,-32_159,21.248451550801594,23.568195343017575,21.55651573930956,23.92517791475569,2004,Lord Howe Island Marine Park,1
Kyphosus sectatrix,-31.5,159.06,2014,2,19,25,1,-32_159,21.248451550801594,23.568195343017575,21.55651573930956,23.92517791475569,2004,Lord Howe Island Marine Park,1
Kyphosus sectatrix,-31.51,159.06,2014,2,18,25,10,-32_159,21.248451550801594,23.568195343017575,21.55651573930956,23.92517791475569,2004,Lord Howe Island Marine Park,1
Kyphosus sectatrix,-31.51,159.06,2014,2,18,30,10,-32_159,21.248451550801594,23.568195343017575,21.55651573930956,23.92517791475569,2004,Lord Howe Island Marine Park,1
Kyphosus sectatrix,-31.51,159.06,2014,2,18,35,10,-32_159,21.248451550801594,23.568195343017575,21.55651573930956,23.92517791475569,2004,Lord Howe Island Marine Park,1
Kyphosus sectatrix,-31.51,159.06,2014,2,18,40,10,-32_159,21.248451550801594,23.568195343017575,21.55651573930956,23.92517791475569,2004,Lord Howe Island Marine Park,1
Kyphosus sectatrix,-31.56,159.1,2014,2,18,15,20,-32_159,21.248451550801594,23.568195343017575,21.55651573930956,23.92517791475569,NA,NA,0
Kyphosus sectatrix,-31.56,159.1,2014,2,18,30,10,-32_159,21.248451550801594,23.568195343017575,21.55651573930956,23.92517791475569,NA,NA,0
Kyphosus sectatrix,-31.56,159.1,2014,2,18,35,2,-32_159,21.248451550801594,23.568195343017575,21.55651573930956,23.92517791475569,NA,NA,0
Kyphosus sectatrix,-31.56,159.1,2014,2,18,50,5,-32_159,21.248451550801594,23.568195343017575,21.55651573930956,23.92517791475569,NA,NA,0
Kyphosus sectatrix,-31.53,159.05,2014,2,21,30,4,-32_159,21.248451550801594,23.568195343017575,21.55651573930956,23.92517791475569,NA,NA,0
Kyphosus sectatrix,-31.53,159.05,2014,2,21,35,4,-32_159,21.248451550801594,23.568195343017575,21.55651573930956,23.92517791475569,NA,NA,0
Kyphosus sectatrix,-31.55,159.06,2014,2,27,25,10,-32_159,21.248451550801594,23.568195343017575,21.55651573930956,23.92517791475569,2004,Lord Howe Island Marine Park,1
Kyphosus sectatrix,-31.55,159.06,2014,2,27,30,20,-32_159,21.248451550801594,23.568195343017575,21.55651573930956,23.92517791475569,2004,Lord Howe Island Marine Park,1
Kyphosus sectatrix,-31.55,159.06,2014,2,27,35,5,-32_159,21.248451550801594,23.568195343017575,21.55651573930956,23.92517791475569,2004,Lord Howe Island Marine Park,1
Kyphosus sectatrix,-31.76,159.24,2014,2,20,30,5,-32_159,21.248451550801594,23.568195343017575,21.55651573930956,23.92517791475569,NA,NA,0
Kyphosus sectatrix,-31.76,159.24,2014,2,20,35,15,-32_159,21.248451550801594,23.568195343017575,21.55651573930956,23.92517791475569,NA,NA,0
Kyphosus sectatrix,-31.75,159.24,2014,2,20,50,8,-32_159,21.248451550801594,23.568195343017575,21.55651573930956,23.92517791475569,2004,Lord Howe Island Marine Park,1
Kyphosus sectatrix,-31.75,159.24,2014,2,20,15,1,-32_159,21.248451550801594,23.568195343017575,21.55651573930956,23.92517791475569,2004,Lord Howe Island Marine Park,1
Kyphosus sectatrix,-31.76,159.24,2014,2,20,40,1,-32_159,21.248451550801594,23.568195343017575,21.55651573930956,23.92517791475569,NA,NA,0
Kyphosus sectatrix,-31.52,159.08,2014,2,19,20,1,-32_159,21.248451550801594,23.568195343017575,21.55651573930956,23.92517791475569,NA,NA,0
Kyphosus sectatrix,-31.54,159.07,2014,2,24,30,2,-32_159,21.248451550801594,23.568195343017575,21.55651573930956,23.92517791475569,2004,Lord Howe Island Marine Park,1
Kyphosus sectatrix,-31.55,159.07,2014,2,27,30,5,-32_159,21.248451550801594,23.568195343017575,21.55651573930956,23.92517791475569,NA,NA,0
Kyphosus sectatrix,-31.55,159.07,2014,2,27,25,1,-32_159,21.248451550801594,23.568195343017575,21.55651573930956,23.92517791475569,NA,NA,0
Kyphosus sectatrix,-31.52,159.04,2014,2,21,15,1,-32_159,21.248451550801594,23.568195343017575,21.55651573930956,23.92517791475569,NA,NA,0
Kyphosus sectatrix,-31.76,159.24,2014,2,20,25,4,-32_159,21.248451550801594,23.568195343017575,21.55651573930956,23.92517791475569,NA,NA,0
Kyphosus sectatrix,-31.76,159.24,2014,2,20,30,24,-32_159,21.248451550801594,23.568195343017575,21.55651573930956,23.92517791475569,NA,NA,0
Kyphosus sectatrix,-31.76,159.24,2014,2,20,35,5,-32_159,21.248451550801594,23.568195343017575,21.55651573930956,23.92517791475569,NA,NA,0
Kyphosus sectatrix,-31.75,159.24,2014,2,20,25,2,-32_159,21.248451550801594,23.568195343017575,21.55651573930956,23.92517791475569,2004,Lord Howe Island Marine Park,1
Kyphosus sectatrix,-31.75,159.24,2014,2,20,30,10,-32_159,21.248451550801594,23.568195343017575,21.55651573930956,23.92517791475569,2004,Lord Howe Island Marine Park,1
Kyphosus sectatrix,-31.75,159.24,2014,2,20,35,5,-32_159,21.248451550801594,23.568195343017575,21.55651573930956,23.92517791475569,2004,Lord Howe Island Marine Park,1
Kyphosus sectatrix,-31.75,159.24,2014,2,20,40,7,-32_159,21.248451550801594,23.568195343017575,21.55651573930956,23.92517791475569,2004,Lord Howe Island Marine Park,1
Kyphosus sectatrix,-31.75,159.24,2014,2,20,20,10,-32_159,21.248451550801594,23.568195343017575,21.55651573930956,23.92517791475569,2004,Lord Howe Island Marine Park,1
Kyphosus sectatrix,-31.75,159.24,2014,2,20,25,10,-32_159,21.248451550801594,23.568195343017575,21.55651573930956,23.92517791475569,2004,Lord Howe Island Marine Park,1
Kyphosus sectatrix,-31.75,159.24,2014,2,20,30,5,-32_159,21.248451550801594,23.568195343017575,21.55651573930956,23.92517791475569,2004,Lord Howe Island Marine Park,1
Kyphosus sectatrix,-31.53,159.06,2014,2,16,30,12,-32_159,21.248451550801594,23.568195343017575,21.55651573930956,23.92517791475569,NA,NA,0
Kyphosus sectatrix,-31.53,159.06,2014,2,16,35,12,-32_159,21.248451550801594,23.568195343017575,21.55651573930956,23.92517791475569,NA,NA,0
Kyphosus sectatrix,-31.52,159.04,2014,2,17,15,1,-32_159,21.248451550801594,23.568195343017575,21.55651573930956,23.92517791475569,2004,Lord Howe Island Marine Park,1
Kyphosus sectatrix,-31.52,159.04,2014,2,17,20,2,-32_159,21.248451550801594,23.568195343017575,21.55651573930956,23.92517791475569,2004,Lord Howe Island Marine Park,1
Kyphosus sectatrix,-31.5,159.07,2014,2,20,15,1,-32_159,21.248451550801594,23.568195343017575,21.55651573930956,23.92517791475569,NA,NA,0
Kyphosus sectatrix,-31.5,159.07,2014,2,20,20,10,-32_159,21.248451550801594,23.568195343017575,21.55651573930956,23.92517791475569,NA,NA,0
Kyphosus sectatrix,-31.5,159.07,2014,2,20,25,2,-32_159,21.248451550801594,23.568195343017575,21.55651573930956,23.92517791475569,NA,NA,0
Kyphosus sectatrix,-31.5,159.07,2014,2,20,12.5,1,-32_159,21.248451550801594,23.568195343017575,21.55651573930956,23.92517791475569,NA,NA,0
Kyphosus sectatrix,-31.51,159.04,2014,2,20,15,1,-32_159,21.248451550801594,23.568195343017575,21.55651573930956,23.92517791475569,NA,NA,0
Kyphosus sectatrix,-31.51,159.07,2014,2,23,20,2,-32_159,21.248451550801594,23.568195343017575,21.55651573930956,23.92517791475569,2004,Lord Howe Island Marine Park,1
Kyphosus sectatrix,-31.51,159.07,2014,2,23,25,2,-32_159,21.248451550801594,23.568195343017575,21.55651573930956,23.92517791475569,2004,Lord Howe Island Marine Park,1
Kyphosus sectatrix,-31.51,159.07,2014,2,23,25,15,-32_159,21.248451550801594,23.568195343017575,21.55651573930956,23.92517791475569,2004,Lord Howe Island Marine Park,1
Kyphosus sectatrix,-31.51,159.07,2014,2,23,30,15,-32_159,21.248451550801594,23.568195343017575,21.55651573930956,23.92517791475569,2004,Lord Howe Island Marine Park,1
Kyphosus sectatrix,-31.53,159.05,2014,2,19,20,17,-32_159,21.248451550801594,23.568195343017575,21.55651573930956,23.92517791475569,NA,NA,0
Kyphosus sectatrix,-31.53,159.05,2014,2,19,25,10,-32_159,21.248451550801594,23.568195343017575,21.55651573930956,23.92517791475569,NA,NA,0
Kyphosus sectatrix,-31.53,159.05,2014,2,19,30,5,-32_159,21.248451550801594,23.568195343017575,21.55651573930956,23.92517791475569,NA,NA,0
Kyphosus sectatrix,-31.53,159.05,2014,2,19,40,1,-32_159,21.248451550801594,23.568195343017575,21.55651573930956,23.92517791475569,NA,NA,0
Kyphosus sectatrix,-31.54,159.07,2014,2,24,15,2,-32_159,21.248451550801594,23.568195343017575,21.55651573930956,23.92517791475569,2004,Lord Howe Island Marine Park,1
Kyphosus sectatrix,-31.54,159.11,2014,2,19,30,10,-32_159,21.248451550801594,23.568195343017575,21.55651573930956,23.92517791475569,NA,NA,0
Kyphosus sectatrix,-31.54,159.11,2014,2,19,35,5,-32_159,21.248451550801594,23.568195343017575,21.55651573930956,23.92517791475569,NA,NA,0
Kyphosus sectatrix,-31.52,159.05,2014,2,16,20,1,-32_159,21.248451550801594,23.568195343017575,21.55651573930956,23.92517791475569,2004,Lord Howe Island Marine Park,1
Kyphosus sectatrix,-31.51,159.04,2016,2,17,40,1,-32_159,21.566373189290363,24.46283721923828,21.899912831627415,24.36379255097488,NA,NA,0
Kyphosus sectatrix,-31.51,159.04,2016,2,17,50,2,-32_159,21.566373189290363,24.46283721923828,21.899912831627415,24.36379255097488,NA,NA,0
Kyphosus sectatrix,-31.51,159.04,2016,2,17,35,4,-32_159,21.566373189290363,24.46283721923828,21.899912831627415,24.36379255097488,NA,NA,0
Kyphosus sectatrix,-31.51,159.04,2016,2,17,40,2,-32_159,21.566373189290363,24.46283721923828,21.899912831627415,24.36379255097488,NA,NA,0
Kyphosus sectatrix,-31.51,159.04,2016,2,17,50,1,-32_159,21.566373189290363,24.46283721923828,21.899912831627415,24.36379255097488,NA,NA,0
Kyphosus sectatrix,-31.54,159.07,2016,2,18,40,3,-32_159,21.566373189290363,24.46283721923828,21.899912831627415,24.36379255097488,2004,Lord Howe Island Marine Park,1
Kyphosus sectatrix,-31.54,159.07,2016,2,18,50,3,-32_159,21.566373189290363,24.46283721923828,21.899912831627415,24.36379255097488,2004,Lord Howe Island Marine Park,1
Kyphosus sectatrix,-31.5,159.06,2016,2,20,40,2,-32_159,21.566373189290363,24.46283721923828,21.899912831627415,24.36379255097488,2004,Lord Howe Island Marine Park,1
Kyphosus sectatrix,-31.5,159.06,2016,2,20,50,1,-32_159,21.566373189290363,24.46283721923828,21.899912831627415,24.36379255097488,2004,Lord Howe Island Marine Park,1
Kyphosus sectatrix,-31.5,159.06,2016,2,20,40,1,-32_159,21.566373189290363,24.46283721923828,21.899912831627415,24.36379255097488,2004,Lord Howe Island Marine Park,1
Kyphosus sectatrix,-31.51,159.04,2016,2,17,25,5,-32_159,21.566373189290363,24.46283721923828,21.899912831627415,24.36379255097488,NA,NA,0
Kyphosus sectatrix,-31.51,159.04,2016,2,17,30,10,-32_159,21.566373189290363,24.46283721923828,21.899912831627415,24.36379255097488,NA,NA,0
Kyphosus sectatrix,-31.51,159.04,2016,2,17,35,15,-32_159,21.566373189290363,24.46283721923828,21.899912831627415,24.36379255097488,NA,NA,0
Kyphosus sectatrix,-31.51,159.04,2016,2,17,40,15,-32_159,21.566373189290363,24.46283721923828,21.899912831627415,24.36379255097488,NA,NA,0
Kyphosus sectatrix,-31.53,159.06,2016,2,18,50,1,-32_159,21.566373189290363,24.46283721923828,21.899912831627415,24.36379255097488,NA,NA,0
Kyphosus sectatrix,-31.5,159.07,2016,2,20,40,6,-32_159,21.566373189290363,24.46283721923828,21.899912831627415,24.36379255097488,2004,Lord Howe Island Marine Park,1
Kyphosus sectatrix,-31.5,159.07,2016,2,20,50,7,-32_159,21.566373189290363,24.46283721923828,21.899912831627415,24.36379255097488,2004,Lord Howe Island Marine Park,1
Kyphosus sectatrix,-31.5,159.07,2016,2,20,62.5,7,-32_159,21.566373189290363,24.46283721923828,21.899912831627415,24.36379255097488,2004,Lord Howe Island Marine Park,1
Kyphosus sectatrix,-31.5,159.07,2016,2,20,40,12,-32_159,21.566373189290363,24.46283721923828,21.899912831627415,24.36379255097488,2004,Lord Howe Island Marine Park,1
Kyphosus sectatrix,-31.5,159.07,2016,2,20,50,14,-32_159,21.566373189290363,24.46283721923828,21.899912831627415,24.36379255097488,2004,Lord Howe Island Marine Park,1
Kyphosus sectatrix,-31.5,159.07,2016,2,20,62.5,14,-32_159,21.566373189290363,24.46283721923828,21.899912831627415,24.36379255097488,2004,Lord Howe Island Marine Park,1
Kyphosus sectatrix,-31.5,159.07,2016,2,20,25,1,-32_159,21.566373189290363,24.46283721923828,21.899912831627415,24.36379255097488,2004,Lord Howe Island Marine Park,1
Kyphosus sectatrix,-31.5,159.07,2016,2,20,30,1,-32_159,21.566373189290363,24.46283721923828,21.899912831627415,24.36379255097488,2004,Lord Howe Island Marine Park,1
Kyphosus sectatrix,-31.5,159.07,2016,2,20,35,1,-32_159,21.566373189290363,24.46283721923828,21.899912831627415,24.36379255097488,2004,Lord Howe Island Marine Park,1
Kyphosus sectatrix,-31.5,159.07,2016,2,22,35,2,-32_159,21.566373189290363,24.46283721923828,21.899912831627415,24.36379255097488,NA,NA,0
Kyphosus sectatrix,-31.5,159.07,2016,2,22,40,2,-32_159,21.566373189290363,24.46283721923828,21.899912831627415,24.36379255097488,NA,NA,0
Kyphosus sectatrix,-31.5,159.07,2016,2,22,30,1,-32_159,21.566373189290363,24.46283721923828,21.899912831627415,24.36379255097488,NA,NA,0
Kyphosus sectatrix,-31.5,159.07,2016,2,22,35,1,-32_159,21.566373189290363,24.46283721923828,21.899912831627415,24.36379255097488,NA,NA,0
Kyphosus sectatrix,-31.5,159.07,2016,2,23,30,20,-32_159,21.566373189290363,24.46283721923828,21.899912831627415,24.36379255097488,2004,Lord Howe Island Marine Park,1
Kyphosus sectatrix,-31.5,159.07,2016,2,23,35,25,-32_159,21.566373189290363,24.46283721923828,21.899912831627415,24.36379255097488,2004,Lord Howe Island Marine Park,1
Kyphosus sectatrix,-31.5,159.07,2016,2,23,40,10,-32_159,21.566373189290363,24.46283721923828,21.899912831627415,24.36379255097488,2004,Lord Howe Island Marine Park,1
Kyphosus sectatrix,-31.5,159.07,2016,2,23,50,3,-32_159,21.566373189290363,24.46283721923828,21.899912831627415,24.36379255097488,2004,Lord Howe Island Marine Park,1
Kyphosus sectatrix,-31.5,159.07,2016,2,23,25,20,-32_159,21.566373189290363,24.46283721923828,21.899912831627415,24.36379255097488,2004,Lord Howe Island Marine Park,1
Kyphosus sectatrix,-31.5,159.07,2016,2,23,30,10,-32_159,21.566373189290363,24.46283721923828,21.899912831627415,24.36379255097488,2004,Lord Howe Island Marine Park,1
Kyphosus sectatrix,-31.5,159.07,2016,2,23,35,15,-32_159,21.566373189290363,24.46283721923828,21.899912831627415,24.36379255097488,2004,Lord Howe Island Marine Park,1
Kyphosus sectatrix,-31.5,159.07,2016,2,23,40,40,-32_159,21.566373189290363,24.46283721923828,21.899912831627415,24.36379255097488,2004,Lord Howe Island Marine Park,1
Kyphosus sectatrix,-31.51,159.04,2016,2,24,35,2,-32_159,21.566373189290363,24.46283721923828,21.899912831627415,24.36379255097488,NA,NA,0
Kyphosus sectatrix,-31.51,159.04,2016,2,24,40,1,-32_159,21.566373189290363,24.46283721923828,21.899912831627415,24.36379255097488,NA,NA,0
Kyphosus sectatrix,-31.52,159.03,2016,2,22,30,1,-32_159,21.566373189290363,24.46283721923828,21.899912831627415,24.36379255097488,NA,NA,0
Kyphosus sectatrix,-31.52,159.04,2016,2,23,25,1,-32_159,21.566373189290363,24.46283721923828,21.899912831627415,24.36379255097488,2004,Lord Howe Island Marine Park,1
Kyphosus sectatrix,-31.52,159.04,2016,2,23,30,2,-32_159,21.566373189290363,24.46283721923828,21.899912831627415,24.36379255097488,2004,Lord Howe Island Marine Park,1
Kyphosus sectatrix,-31.52,159.04,2016,2,23,25,3,-32_159,21.566373189290363,24.46283721923828,21.899912831627415,24.36379255097488,2004,Lord Howe Island Marine Park,1
Kyphosus sectatrix,-31.52,159.04,2016,2,23,30,1,-32_159,21.566373189290363,24.46283721923828,21.899912831627415,24.36379255097488,2004,Lord Howe Island Marine Park,1
Kyphosus sectatrix,-31.5,159.07,2016,2,23,30,1,-32_159,21.566373189290363,24.46283721923828,21.899912831627415,24.36379255097488,2004,Lord Howe Island Marine Park,1
Kyphosus sectatrix,-31.51,159.06,2016,2,17,30,1,-32_159,21.566373189290363,24.46283721923828,21.899912831627415,24.36379255097488,2004,Lord Howe Island Marine Park,1
Kyphosus sectatrix,-31.51,159.06,2016,2,17,20,1,-32_159,21.566373189290363,24.46283721923828,21.899912831627415,24.36379255097488,2004,Lord Howe Island Marine Park,1
Kyphosus sectatrix,-31.52,159.08,2016,2,18,20,5,-32_159,21.566373189290363,24.46283721923828,21.899912831627415,24.36379255097488,NA,NA,0
Kyphosus sectatrix,-31.52,159.08,2016,2,18,25,8,-32_159,21.566373189290363,24.46283721923828,21.899912831627415,24.36379255097488,NA,NA,0
Kyphosus sectatrix,-31.52,159.08,2016,2,18,30,2,-32_159,21.566373189290363,24.46283721923828,21.899912831627415,24.36379255097488,NA,NA,0
Kyphosus sectatrix,-31.52,159.08,2016,2,18,15,5,-32_159,21.566373189290363,24.46283721923828,21.899912831627415,24.36379255097488,NA,NA,0
Kyphosus sectatrix,-31.52,159.08,2016,2,18,20,2,-32_159,21.566373189290363,24.46283721923828,21.899912831627415,24.36379255097488,NA,NA,0
Kyphosus sectatrix,-31.52,159.08,2016,2,18,25,1,-32_159,21.566373189290363,24.46283721923828,21.899912831627415,24.36379255097488,NA,NA,0
Kyphosus sectatrix,-31.6,159.08,2016,2,20,35,10,-32_159,21.566373189290363,24.46283721923828,21.899912831627415,24.36379255097488,2004,Lord Howe Island Marine Park,1
Kyphosus sectatrix,-31.6,159.08,2016,2,20,40,10,-32_159,21.566373189290363,24.46283721923828,21.899912831627415,24.36379255097488,2004,Lord Howe Island Marine Park,1
Kyphosus sectatrix,-31.75,159.24,2016,2,21,30,1,-32_159,21.566373189290363,24.46283721923828,21.899912831627415,24.36379255097488,2004,Lord Howe Island Marine Park,1
Kyphosus sectatrix,-31.76,159.24,2016,2,21,35,1,-32_159,21.566373189290363,24.46283721923828,21.899912831627415,24.36379255097488,NA,NA,0
Kyphosus sectatrix,-31.76,159.24,2016,2,21,40,2,-32_159,21.566373189290363,24.46283721923828,21.899912831627415,24.36379255097488,NA,NA,0
Kyphosus sectatrix,-31.53,159.05,2016,2,22,25,2,-32_159,21.566373189290363,24.46283721923828,21.899912831627415,24.36379255097488,NA,NA,0
Kyphosus sectatrix,-31.5,159.07,2016,2,22,12.5,3,-32_159,21.566373189290363,24.46283721923828,21.899912831627415,24.36379255097488,NA,NA,0
Kyphosus sectatrix,-31.5,159.07,2016,2,22,15,3,-32_159,21.566373189290363,24.46283721923828,21.899912831627415,24.36379255097488,NA,NA,0
Kyphosus sectatrix,-31.5,159.07,2016,2,22,20,3,-32_159,21.566373189290363,24.46283721923828,21.899912831627415,24.36379255097488,NA,NA,0
Kyphosus sectatrix,-31.5,159.07,2016,2,22,25,3,-32_159,21.566373189290363,24.46283721923828,21.899912831627415,24.36379255097488,NA,NA,0
Kyphosus sectatrix,-31.5,159.07,2016,2,22,30,3,-32_159,21.566373189290363,24.46283721923828,21.899912831627415,24.36379255097488,NA,NA,0
Kyphosus sectatrix,-31.52,159.04,2016,2,23,20,1,-32_159,21.566373189290363,24.46283721923828,21.899912831627415,24.36379255097488,2004,Lord Howe Island Marine Park,1
Kyphosus sectatrix,-31.5,159.07,2016,2,23,30,1,-32_159,21.566373189290363,24.46283721923828,21.899912831627415,24.36379255097488,2004,Lord Howe Island Marine Park,1
Kyphosus sectatrix,-31.5,159.07,2016,2,23,40,1,-32_159,21.566373189290363,24.46283721923828,21.899912831627415,24.36379255097488,2004,Lord Howe Island Marine Park,1
Kyphosus sectatrix,-31.75,159.24,2016,2,21,40,5,-32_159,21.566373189290363,24.46283721923828,21.899912831627415,24.36379255097488,2004,Lord Howe Island Marine Park,1
Kyphosus sectatrix,-31.75,159.24,2016,2,21,30,5,-32_159,21.566373189290363,24.46283721923828,21.899912831627415,24.36379255097488,2004,Lord Howe Island Marine Park,1
Kyphosus sectatrix,-31.75,159.24,2016,2,21,35,1,-32_159,21.566373189290363,24.46283721923828,21.899912831627415,24.36379255097488,2004,Lord Howe Island Marine Park,1
Kyphosus sectatrix,-31.76,159.24,2016,2,21,40,7,-32_159,21.566373189290363,24.46283721923828,21.899912831627415,24.36379255097488,NA,NA,0
Kyphosus sectatrix,-31.76,159.24,2016,2,21,50,7,-32_159,21.566373189290363,24.46283721923828,21.899912831627415,24.36379255097488,NA,NA,0
Kyphosus sectatrix,-31.76,159.24,2016,2,21,40,1,-32_159,21.566373189290363,24.46283721923828,21.899912831627415,24.36379255097488,NA,NA,0
Kyphosus sectatrix,-31.52,159.05,2016,2,19,35,1,-32_159,21.566373189290363,24.46283721923828,21.899912831627415,24.36379255097488,2004,Lord Howe Island Marine Park,1
Kyphosus sectatrix,-31.55,159.07,2016,2,16,35,2,-32_159,21.566373189290363,24.46283721923828,21.899912831627415,24.36379255097488,NA,NA,0
Kyphosus sectatrix,-31.53,159.05,2016,2,21,30,15,-32_159,21.566373189290363,24.46283721923828,21.899912831627415,24.36379255097488,NA,NA,0
Kyphosus sectatrix,-31.53,159.05,2016,2,21,35,15,-32_159,21.566373189290363,24.46283721923828,21.899912831627415,24.36379255097488,NA,NA,0
Kyphosus sectatrix,-31.53,159.05,2016,2,21,20,10,-32_159,21.566373189290363,24.46283721923828,21.899912831627415,24.36379255097488,NA,NA,0
Kyphosus sectatrix,-31.53,159.05,2016,2,21,25,10,-32_159,21.566373189290363,24.46283721923828,21.899912831627415,24.36379255097488,NA,NA,0
Kyphosus sectatrix,-31.53,159.05,2016,2,21,30,6,-32_159,21.566373189290363,24.46283721923828,21.899912831627415,24.36379255097488,NA,NA,0
Kyphosus sectatrix,-31.53,159.05,2016,2,21,35,7,-32_159,21.566373189290363,24.46283721923828,21.899912831627415,24.36379255097488,NA,NA,0
Kyphosus sectatrix,-31.53,159.05,2016,2,21,40,7,-32_159,21.566373189290363,24.46283721923828,21.899912831627415,24.36379255097488,NA,NA,0
Kyphosus sectatrix,-31.53,159.05,2016,2,21,20,15,-32_159,21.566373189290363,24.46283721923828,21.899912831627415,24.36379255097488,NA,NA,0
Kyphosus sectatrix,-31.53,159.05,2016,2,21,25,15,-32_159,21.566373189290363,24.46283721923828,21.899912831627415,24.36379255097488,NA,NA,0
Kyphosus sectatrix,-31.53,159.05,2016,2,21,30,15,-32_159,21.566373189290363,24.46283721923828,21.899912831627415,24.36379255097488,NA,NA,0
Kyphosus sectatrix,-31.53,159.05,2016,2,21,35,15,-32_159,21.566373189290363,24.46283721923828,21.899912831627415,24.36379255097488,NA,NA,0
Kyphosus sectatrix,-31.53,159.05,2016,2,21,20,5,-32_159,21.566373189290363,24.46283721923828,21.899912831627415,24.36379255097488,NA,NA,0
Kyphosus sectatrix,-31.53,159.05,2016,2,21,25,5,-32_159,21.566373189290363,24.46283721923828,21.899912831627415,24.36379255097488,NA,NA,0
Kyphosus sectatrix,-31.53,159.05,2016,2,21,30,5,-32_159,21.566373189290363,24.46283721923828,21.899912831627415,24.36379255097488,NA,NA,0
Kyphosus sectatrix,-31.53,159.05,2016,2,21,35,5,-32_159,21.566373189290363,24.46283721923828,21.899912831627415,24.36379255097488,NA,NA,0
Kyphosus sectatrix,-31.5,159.07,2016,2,22,10,5,-32_159,21.566373189290363,24.46283721923828,21.899912831627415,24.36379255097488,NA,NA,0
Kyphosus sectatrix,-31.5,159.07,2016,2,22,12.5,3,-32_159,21.566373189290363,24.46283721923828,21.899912831627415,24.36379255097488,NA,NA,0
Kyphosus sectatrix,-31.5,159.07,2016,2,22,15,1,-32_159,21.566373189290363,24.46283721923828,21.899912831627415,24.36379255097488,NA,NA,0
Kyphosus sectatrix,-31.55,159.06,2016,2,15,30,2,-32_159,21.566373189290363,24.46283721923828,21.899912831627415,24.36379255097488,2004,Lord Howe Island Marine Park,1
Kyphosus sectatrix,-31.55,159.06,2016,2,15,35,1,-32_159,21.566373189290363,24.46283721923828,21.899912831627415,24.36379255097488,2004,Lord Howe Island Marine Park,1
Kyphosus sectatrix,-31.52,159.05,2018,2,18,20,1,-32_159,21.317596753438313,24.50479507446289,21.51167456906573,24.00642807143075,2004,Lord Howe Island Marine Park,1
Kyphosus sectatrix,-31.51,159.07,2018,2,13,35,2,-32_159,21.317596753438313,24.50479507446289,21.51167456906573,24.00642807143075,2004,Lord Howe Island Marine Park,1
Kyphosus sectatrix,-31.52,159.08,2018,2,13,30,45,-32_159,21.317596753438313,24.50479507446289,21.51167456906573,24.00642807143075,NA,NA,0
Kyphosus sectatrix,-31.52,159.08,2018,2,13,35,45,-32_159,21.317596753438313,24.50479507446289,21.51167456906573,24.00642807143075,NA,NA,0
Kyphosus sectatrix,-31.52,159.08,2018,2,13,40,40,-32_159,21.317596753438313,24.50479507446289,21.51167456906573,24.00642807143075,NA,NA,0
Kyphosus sectatrix,-31.53,159.05,2018,2,12,20,4,-32_159,21.317596753438313,24.50479507446289,21.51167456906573,24.00642807143075,NA,NA,0
Kyphosus sectatrix,-31.5,159.07,2018,2,13,12.5,6,-32_159,21.317596753438313,24.50479507446289,21.51167456906573,24.00642807143075,NA,NA,0
Kyphosus sectatrix,-31.5,159.07,2018,2,13,15,5,-32_159,21.317596753438313,24.50479507446289,21.51167456906573,24.00642807143075,NA,NA,0
Kyphosus sectatrix,-31.5,159.07,2018,2,13,20,4,-32_159,21.317596753438313,24.50479507446289,21.51167456906573,24.00642807143075,NA,NA,0
Kyphosus sectatrix,-31.5,159.07,2018,2,13,25,1,-32_159,21.317596753438313,24.50479507446289,21.51167456906573,24.00642807143075,NA,NA,0
Kyphosus sectatrix,-31.5,159.07,2018,2,13,12.5,2,-32_159,21.317596753438313,24.50479507446289,21.51167456906573,24.00642807143075,NA,NA,0
Kyphosus sectatrix,-31.5,159.07,2018,2,13,20,5,-32_159,21.317596753438313,24.50479507446289,21.51167456906573,24.00642807143075,NA,NA,0
Kyphosus sectatrix,-31.53,159.05,2018,2,13,20,5,-32_159,21.317596753438313,24.50479507446289,21.51167456906573,24.00642807143075,NA,NA,0
Kyphosus sectatrix,-31.53,159.05,2018,2,13,20,20,-32_159,21.317596753438313,24.50479507446289,21.51167456906573,24.00642807143075,NA,NA,0
Kyphosus sectatrix,-31.53,159.05,2018,2,13,25,60,-32_159,21.317596753438313,24.50479507446289,21.51167456906573,24.00642807143075,NA,NA,0
Kyphosus sectatrix,-31.5,159.07,2018,2,14,25,1,-32_159,21.317596753438313,24.50479507446289,21.51167456906573,24.00642807143075,2004,Lord Howe Island Marine Park,1
Kyphosus sectatrix,-31.5,159.07,2018,2,14,15,1,-32_159,21.317596753438313,24.50479507446289,21.51167456906573,24.00642807143075,2004,Lord Howe Island Marine Park,1
Kyphosus sectatrix,-31.56,159.1,2018,2,12,20,2,-32_159,21.317596753438313,24.50479507446289,21.51167456906573,24.00642807143075,NA,NA,0
Kyphosus sectatrix,-31.51,159.04,2018,2,21,20,4,-32_159,21.317596753438313,24.50479507446289,21.51167456906573,24.00642807143075,NA,NA,0
Kyphosus sectatrix,-31.51,159.04,2018,2,21,25,5,-32_159,21.317596753438313,24.50479507446289,21.51167456906573,24.00642807143075,NA,NA,0
Kyphosus sectatrix,-31.5,159.07,2018,2,14,30,1,-32_159,21.317596753438313,24.50479507446289,21.51167456906573,24.00642807143075,2004,Lord Howe Island Marine Park,1
Kyphosus sectatrix,-31.54,159.07,2018,2,16,20,20,-32_159,21.317596753438313,24.50479507446289,21.51167456906573,24.00642807143075,2004,Lord Howe Island Marine Park,1
Kyphosus sectatrix,-31.54,159.07,2018,2,16,25,2,-32_159,21.317596753438313,24.50479507446289,21.51167456906573,24.00642807143075,2004,Lord Howe Island Marine Park,1
Kyphosus sectatrix,-31.54,159.07,2018,2,16,20,1,-32_159,21.317596753438313,24.50479507446289,21.51167456906573,24.00642807143075,2004,Lord Howe Island Marine Park,1
Kyphosus sectatrix,-31.58,159.07,2018,2,11,35,2,-32_159,21.317596753438313,24.50479507446289,21.51167456906573,24.00642807143075,NA,NA,0
Kyphosus sectatrix,-31.58,159.07,2018,2,11,25,1,-32_159,21.317596753438313,24.50479507446289,21.51167456906573,24.00642807143075,NA,NA,0
Kyphosus sectatrix,-31.58,159.07,2018,2,11,30,1,-32_159,21.317596753438313,24.50479507446289,21.51167456906573,24.00642807143075,NA,NA,0
Kyphosus sectatrix,-31.53,159.05,2018,2,12,20,5,-32_159,21.317596753438313,24.50479507446289,21.51167456906573,24.00642807143075,NA,NA,0
Kyphosus sectatrix,-31.53,159.05,2018,2,12,25,8,-32_159,21.317596753438313,24.50479507446289,21.51167456906573,24.00642807143075,NA,NA,0
Kyphosus sectatrix,-31.53,159.05,2018,2,12,30,7,-32_159,21.317596753438313,24.50479507446289,21.51167456906573,24.00642807143075,NA,NA,0
Kyphosus sectatrix,-31.5,159.07,2006,2,20,25,2,-32_159,21.02468713124593,23.781185150146484,21.375357458607333,24.765713896070206,NA,NA,0
Kyphosus sectatrix,-31.5,159.07,2006,2,20,30,15,-32_159,21.02468713124593,23.781185150146484,21.375357458607333,24.765713896070206,2004,Lord Howe Island Marine Park,0
Kyphosus sectatrix,-31.5,159.07,2006,2,20,35,1,-32_159,21.02468713124593,23.781185150146484,21.375357458607333,24.765713896070206,2004,Lord Howe Island Marine Park,0
Kyphosus sectatrix,-31.5,159.07,2006,2,20,30,6,-32_159,21.02468713124593,23.781185150146484,21.375357458607333,24.765713896070206,2004,Lord Howe Island Marine Park,0
Kyphosus sectatrix,-31.52,159.03,2006,2,22,20,5,-32_159,21.02468713124593,23.781185150146484,21.375357458607333,24.765713896070206,NA,NA,0
Kyphosus sectatrix,-31.52,159.05,2006,2,22,25,2,-32_159,21.02468713124593,23.781185150146484,21.375357458607333,24.765713896070206,2004,Lord Howe Island Marine Park,0
Kyphosus sectatrix,-31.51,159.04,2006,2,23,25,7,-32_159,21.02468713124593,23.781185150146484,21.375357458607333,24.765713896070206,NA,NA,0
Kyphosus sectatrix,-31.51,159.04,2006,2,23,15,4,-32_159,21.02468713124593,23.781185150146484,21.375357458607333,24.765713896070206,NA,NA,0
Kyphosus sectatrix,-31.51,159.04,2006,2,23,20,6,-32_159,21.02468713124593,23.781185150146484,21.375357458607333,24.765713896070206,NA,NA,0
Kyphosus sectatrix,-31.51,159.04,2006,2,23,25,6,-32_159,21.02468713124593,23.781185150146484,21.375357458607333,24.765713896070206,NA,NA,0
Kyphosus sectatrix,-31.51,159.04,2006,2,23,30,3,-32_159,21.02468713124593,23.781185150146484,21.375357458607333,24.765713896070206,NA,NA,0
Kyphosus sectatrix,-31.51,159.04,2006,2,23,35,2,-32_159,21.02468713124593,23.781185150146484,21.375357458607333,24.765713896070206,NA,NA,0
Kyphosus sectatrix,-31.51,159.04,2006,2,23,25,5,-32_159,21.02468713124593,23.781185150146484,21.375357458607333,24.765713896070206,NA,NA,0
Kyphosus sectatrix,-31.76,159.24,2006,2,24,35,35,-32_159,21.02468713124593,23.781185150146484,21.375357458607333,24.765713896070206,NA,NA,0
Kyphosus sectatrix,-31.76,159.24,2006,2,24,40,8,-32_159,21.02468713124593,23.781185150146484,21.375357458607333,24.765713896070206,NA,NA,0
Kyphosus sectatrix,-31.76,159.24,2006,2,24,40,22,-32_159,21.02468713124593,23.781185150146484,21.375357458607333,24.765713896070206,NA,NA,0
Kyphosus sectatrix,-31.75,159.24,2006,2,24,40,8,-32_159,21.02468713124593,23.781185150146484,21.375357458607333,24.765713896070206,2004,Lord Howe Island Marine Park,0
Kyphosus sectatrix,-31.75,159.24,2006,2,24,25,3,-32_159,21.02468713124593,23.781185150146484,21.375357458607333,24.765713896070206,2004,Lord Howe Island Marine Park,0
Kyphosus sectatrix,-31.75,159.24,2006,2,24,35,6,-32_159,21.02468713124593,23.781185150146484,21.375357458607333,24.765713896070206,2004,Lord Howe Island Marine Park,0
Kyphosus sectatrix,-31.53,159.06,2006,2,24,25,1,-32_159,21.02468713124593,23.781185150146484,21.375357458607333,24.765713896070206,NA,NA,0
Kyphosus sectatrix,-31.53,159.06,2006,2,24,25,5,-32_159,21.02468713124593,23.781185150146484,21.375357458607333,24.765713896070206,NA,NA,0
Kyphosus sectatrix,-31.53,159.06,2006,2,24,30,8,-32_159,21.02468713124593,23.781185150146484,21.375357458607333,24.765713896070206,NA,NA,0
Kyphosus sectatrix,-31.55,159.07,2008,2,19,25,12,-32_159,20.888954798380535,24.01853370666504,21.15015940291082,23.929654647564067,NA,NA,0
Kyphosus sectatrix,-31.55,159.07,2008,2,19,30,22,-32_159,20.888954798380535,24.01853370666504,21.15015940291082,23.929654647564067,NA,NA,0
Kyphosus sectatrix,-31.55,159.07,2008,2,19,35,14,-32_159,20.888954798380535,24.01853370666504,21.15015940291082,23.929654647564067,NA,NA,0
Kyphosus sectatrix,-31.55,159.07,2008,2,19,40,6,-32_159,20.888954798380535,24.01853370666504,21.15015940291082,23.929654647564067,NA,NA,0
Kyphosus sectatrix,-31.55,159.07,2008,2,19,50,4,-32_159,20.888954798380535,24.01853370666504,21.15015940291082,23.929654647564067,NA,NA,0
Kyphosus sectatrix,-31.55,159.07,2008,2,19,62.5,2,-32_159,20.888954798380535,24.01853370666504,21.15015940291082,23.929654647564067,NA,NA,0
Kyphosus sectatrix,-31.55,159.07,2008,2,19,30,14,-32_159,20.888954798380535,24.01853370666504,21.15015940291082,23.929654647564067,NA,NA,0
Kyphosus sectatrix,-31.55,159.07,2008,2,19,35,25,-32_159,20.888954798380535,24.01853370666504,21.15015940291082,23.929654647564067,NA,NA,0
Kyphosus sectatrix,-31.55,159.07,2008,2,19,40,8,-32_159,20.888954798380535,24.01853370666504,21.15015940291082,23.929654647564067,NA,NA,0
Kyphosus sectatrix,-31.55,159.07,2008,2,19,50,3,-32_159,20.888954798380535,24.01853370666504,21.15015940291082,23.929654647564067,NA,NA,0
Kyphosus sectatrix,-31.56,159.07,2008,2,19,25,25,-32_159,20.888954798380535,24.01853370666504,21.15015940291082,23.929654647564067,NA,NA,0
Kyphosus sectatrix,-31.56,159.07,2008,2,19,30,8,-32_159,20.888954798380535,24.01853370666504,21.15015940291082,23.929654647564067,NA,NA,0
Kyphosus sectatrix,-31.55,159.07,2008,2,19,25,2,-32_159,20.888954798380535,24.01853370666504,21.15015940291082,23.929654647564067,NA,NA,0
Kyphosus sectatrix,-31.55,159.07,2008,2,19,30,4,-32_159,20.888954798380535,24.01853370666504,21.15015940291082,23.929654647564067,NA,NA,0
Kyphosus sectatrix,-31.55,159.07,2008,2,19,35,8,-32_159,20.888954798380535,24.01853370666504,21.15015940291082,23.929654647564067,NA,NA,0
Kyphosus sectatrix,-31.55,159.07,2008,2,19,40,6,-32_159,20.888954798380535,24.01853370666504,21.15015940291082,23.929654647564067,NA,NA,0
Kyphosus sectatrix,-31.5,159.07,2008,3,7,40,1,-32_159,20.888954798380535,23.390670776367188,21.15015940291082,23.309031701857045,2004,Lord Howe Island Marine Park,0
Kyphosus sectatrix,-31.76,159.24,2008,3,8,25,1,-32_159,20.888954798380535,23.390670776367188,21.15015940291082,23.309031701857045,NA,NA,0
Kyphosus sectatrix,-31.76,159.24,2008,3,8,30,1,-32_159,20.888954798380535,23.390670776367188,21.15015940291082,23.309031701857045,NA,NA,0
Kyphosus sectatrix,-31.5,159.07,2008,2,16,30,5,-32_159,20.888954798380535,24.01853370666504,21.15015940291082,23.929654647564067,2004,Lord Howe Island Marine Park,0
Kyphosus sectatrix,-31.5,159.07,2008,2,16,40,4,-32_159,20.888954798380535,24.01853370666504,21.15015940291082,23.929654647564067,2004,Lord Howe Island Marine Park,0
Kyphosus sectatrix,-31.75,159.24,2008,3,8,30,1,-32_159,20.888954798380535,23.390670776367188,21.15015940291082,23.309031701857045,2004,Lord Howe Island Marine Park,0
Kyphosus sectatrix,-31.5,159.07,2008,2,16,20,5,-32_159,20.888954798380535,24.01853370666504,21.15015940291082,23.929654647564067,2004,Lord Howe Island Marine Park,0
Kyphosus sectatrix,-31.5,159.07,2008,2,16,25,12,-32_159,20.888954798380535,24.01853370666504,21.15015940291082,23.929654647564067,2004,Lord Howe Island Marine Park,0
Kyphosus sectatrix,-31.5,159.07,2008,2,16,30,12,-32_159,20.888954798380535,24.01853370666504,21.15015940291082,23.929654647564067,2004,Lord Howe Island Marine Park,0
Kyphosus sectatrix,-31.5,159.07,2008,2,16,35,6,-32_159,20.888954798380535,24.01853370666504,21.15015940291082,23.929654647564067,2004,Lord Howe Island Marine Park,0
Kyphosus sectatrix,-31.53,159.06,2008,2,20,15,1,-32_159,20.888954798380535,24.01853370666504,21.15015940291082,23.929654647564067,NA,NA,0
Kyphosus sectatrix,-31.53,159.06,2008,2,20,20,1,-32_159,20.888954798380535,24.01853370666504,21.15015940291082,23.929654647564067,NA,NA,0
Kyphosus sectatrix,-31.5,159.07,2008,2,16,25,9,-32_159,20.888954798380535,24.01853370666504,21.15015940291082,23.929654647564067,2004,Lord Howe Island Marine Park,0
Kyphosus sectatrix,-31.5,159.07,2008,2,16,30,16,-32_159,20.888954798380535,24.01853370666504,21.15015940291082,23.929654647564067,2004,Lord Howe Island Marine Park,0
Kyphosus sectatrix,-31.5,159.07,2008,2,16,35,3,-32_159,20.888954798380535,24.01853370666504,21.15015940291082,23.929654647564067,2004,Lord Howe Island Marine Park,0
Kyphosus sectatrix,-31.56,159.1,2008,2,23,30,1,-32_159,20.888954798380535,24.01853370666504,21.15015940291082,23.929654647564067,NA,NA,0
Kyphosus sectatrix,-31.53,159.05,2018,2,12,25,6,-32_159,21.317596753438313,24.50479507446289,21.51167456906573,24.00642807143075,NA,NA,0
Kyphosus sectatrix,-31.53,159.05,2018,2,12,30,6,-32_159,21.317596753438313,24.50479507446289,21.51167456906573,24.00642807143075,NA,NA,0
Kyphosus sectatrix,-31.53,159.05,2018,2,12,62.5,1,-32_159,21.317596753438313,24.50479507446289,21.51167456906573,24.00642807143075,NA,NA,0
Kyphosus sectatrix,-31.5,159.07,2018,2,13,30,2,-32_159,21.317596753438313,24.50479507446289,21.51167456906573,24.00642807143075,NA,NA,0
Kyphosus sectatrix,-31.51,159.06,2018,2,13,35,1,-32_159,21.317596753438313,24.50479507446289,21.51167456906573,24.00642807143075,2004,Lord Howe Island Marine Park,1
Kyphosus sectatrix,-31.5,159.07,2018,2,13,20,10,-32_159,21.317596753438313,24.50479507446289,21.51167456906573,24.00642807143075,NA,NA,0
Kyphosus sectatrix,-31.5,159.07,2018,2,13,20,4,-32_159,21.317596753438313,24.50479507446289,21.51167456906573,24.00642807143075,NA,NA,0
Kyphosus sectatrix,-31.5,159.07,2018,2,13,25,1,-32_159,21.317596753438313,24.50479507446289,21.51167456906573,24.00642807143075,NA,NA,0
Kyphosus sectatrix,-31.51,159.06,2018,2,13,20,1,-32_159,21.317596753438313,24.50479507446289,21.51167456906573,24.00642807143075,2004,Lord Howe Island Marine Park,1
Kyphosus sectatrix,-31.53,159.05,2018,2,13,7.5,5,-32_159,21.317596753438313,24.50479507446289,21.51167456906573,24.00642807143075,NA,NA,0
Kyphosus sectatrix,-31.53,159.05,2018,2,13,10,9,-32_159,21.317596753438313,24.50479507446289,21.51167456906573,24.00642807143075,NA,NA,0
Kyphosus sectatrix,-31.5,159.07,2018,2,14,35,10,-32_159,21.317596753438313,24.50479507446289,21.51167456906573,24.00642807143075,2004,Lord Howe Island Marine Park,1
Kyphosus sectatrix,-31.5,159.07,2018,2,14,40,20,-32_159,21.317596753438313,24.50479507446289,21.51167456906573,24.00642807143075,2004,Lord Howe Island Marine Park,1
Kyphosus sectatrix,-31.5,159.07,2018,2,14,50,20,-32_159,21.317596753438313,24.50479507446289,21.51167456906573,24.00642807143075,2004,Lord Howe Island Marine Park,1
Kyphosus sectatrix,-31.5,159.07,2018,2,14,62.5,20,-32_159,21.317596753438313,24.50479507446289,21.51167456906573,24.00642807143075,2004,Lord Howe Island Marine Park,1
Kyphosus sectatrix,-31.5,159.07,2018,2,14,35,5,-32_159,21.317596753438313,24.50479507446289,21.51167456906573,24.00642807143075,2004,Lord Howe Island Marine Park,1
Kyphosus sectatrix,-31.5,159.07,2018,2,14,40,10,-32_159,21.317596753438313,24.50479507446289,21.51167456906573,24.00642807143075,2004,Lord Howe Island Marine Park,1
Kyphosus sectatrix,-31.5,159.07,2018,2,14,50,10,-32_159,21.317596753438313,24.50479507446289,21.51167456906573,24.00642807143075,2004,Lord Howe Island Marine Park,1
Kyphosus sectatrix,-31.5,159.07,2018,2,14,62.5,5,-32_159,21.317596753438313,24.50479507446289,21.51167456906573,24.00642807143075,2004,Lord Howe Island Marine Park,1
Kyphosus sectatrix,-31.55,159.07,2018,2,15,20,2,-32_159,21.317596753438313,24.50479507446289,21.51167456906573,24.00642807143075,NA,NA,0
Kyphosus sectatrix,-31.55,159.07,2018,2,15,25,2,-32_159,21.317596753438313,24.50479507446289,21.51167456906573,24.00642807143075,NA,NA,0
Kyphosus sectatrix,-31.55,159.07,2018,2,15,30,2,-32_159,21.317596753438313,24.50479507446289,21.51167456906573,24.00642807143075,NA,NA,0
Kyphosus sectatrix,-31.55,159.07,2018,2,15,35,2,-32_159,21.317596753438313,24.50479507446289,21.51167456906573,24.00642807143075,NA,NA,0
Kyphosus sectatrix,-31.55,159.07,2018,2,15,40,2,-32_159,21.317596753438313,24.50479507446289,21.51167456906573,24.00642807143075,NA,NA,0
Kyphosus sectatrix,-31.55,159.07,2018,2,15,50,1,-32_159,21.317596753438313,24.50479507446289,21.51167456906573,24.00642807143075,NA,NA,0
Kyphosus sectatrix,-31.55,159.07,2018,2,15,20,5,-32_159,21.317596753438313,24.50479507446289,21.51167456906573,24.00642807143075,NA,NA,0
Kyphosus sectatrix,-31.55,159.07,2018,2,15,25,5,-32_159,21.317596753438313,24.50479507446289,21.51167456906573,24.00642807143075,NA,NA,0
Kyphosus sectatrix,-31.55,159.07,2018,2,15,30,10,-32_159,21.317596753438313,24.50479507446289,21.51167456906573,24.00642807143075,NA,NA,0
Kyphosus sectatrix,-31.55,159.07,2018,2,15,35,10,-32_159,21.317596753438313,24.50479507446289,21.51167456906573,24.00642807143075,NA,NA,0
Kyphosus sectatrix,-31.55,159.07,2018,2,15,40,10,-32_159,21.317596753438313,24.50479507446289,21.51167456906573,24.00642807143075,NA,NA,0
Kyphosus sectatrix,-31.55,159.07,2018,2,15,50,5,-32_159,21.317596753438313,24.50479507446289,21.51167456906573,24.00642807143075,NA,NA,0
Kyphosus sectatrix,-31.55,159.07,2018,2,15,62.5,3,-32_159,21.317596753438313,24.50479507446289,21.51167456906573,24.00642807143075,NA,NA,0
Kyphosus sectatrix,-31.53,159.05,2018,2,13,12.5,110,-32_159,21.317596753438313,24.50479507446289,21.51167456906573,24.00642807143075,NA,NA,0
Kyphosus sectatrix,-31.53,159.05,2018,2,13,15,76,-32_159,21.317596753438313,24.50479507446289,21.51167456906573,24.00642807143075,NA,NA,0
Kyphosus sectatrix,-31.53,159.05,2018,2,13,20,10,-32_159,21.317596753438313,24.50479507446289,21.51167456906573,24.00642807143075,NA,NA,0
Kyphosus sectatrix,-31.53,159.05,2018,2,13,25,20,-32_159,21.317596753438313,24.50479507446289,21.51167456906573,24.00642807143075,NA,NA,0
Kyphosus sectatrix,-31.53,159.05,2018,2,13,7.5,20,-32_159,21.317596753438313,24.50479507446289,21.51167456906573,24.00642807143075,NA,NA,0
Kyphosus sectatrix,-31.53,159.05,2018,2,13,10,10,-32_159,21.317596753438313,24.50479507446289,21.51167456906573,24.00642807143075,NA,NA,0
Kyphosus sectatrix,-31.53,159.05,2018,2,13,20,3,-32_159,21.317596753438313,24.50479507446289,21.51167456906573,24.00642807143075,NA,NA,0
Kyphosus sectatrix,-31.53,159.05,2018,2,13,25,5,-32_159,21.317596753438313,24.50479507446289,21.51167456906573,24.00642807143075,NA,NA,0
Kyphosus sectatrix,-31.5,159.07,2018,2,14,25,1,-32_159,21.317596753438313,24.50479507446289,21.51167456906573,24.00642807143075,2004,Lord Howe Island Marine Park,1
Kyphosus sectatrix,-31.5,159.07,2018,2,14,20,1,-32_159,21.317596753438313,24.50479507446289,21.51167456906573,24.00642807143075,2004,Lord Howe Island Marine Park,1
Kyphosus sectatrix,-31.5,159.07,2018,2,14,30,30,-32_159,21.317596753438313,24.50479507446289,21.51167456906573,24.00642807143075,2004,Lord Howe Island Marine Park,1
Kyphosus sectatrix,-31.5,159.07,2018,2,14,35,50,-32_159,21.317596753438313,24.50479507446289,21.51167456906573,24.00642807143075,2004,Lord Howe Island Marine Park,1
Kyphosus sectatrix,-31.5,159.07,2018,2,14,40,90,-32_159,21.317596753438313,24.50479507446289,21.51167456906573,24.00642807143075,2004,Lord Howe Island Marine Park,1
Kyphosus sectatrix,-31.5,159.07,2018,2,14,50,30,-32_159,21.317596753438313,24.50479507446289,21.51167456906573,24.00642807143075,2004,Lord Howe Island Marine Park,1
Kyphosus sectatrix,-31.5,159.07,2018,2,14,25,30,-32_159,21.317596753438313,24.50479507446289,21.51167456906573,24.00642807143075,2004,Lord Howe Island Marine Park,1
Kyphosus sectatrix,-31.5,159.07,2018,2,14,35,80,-32_159,21.317596753438313,24.50479507446289,21.51167456906573,24.00642807143075,2004,Lord Howe Island Marine Park,1
Kyphosus sectatrix,-31.5,159.07,2018,2,14,40,100,-32_159,21.317596753438313,24.50479507446289,21.51167456906573,24.00642807143075,2004,Lord Howe Island Marine Park,1
Kyphosus sectatrix,-31.5,159.07,2018,2,14,50,60,-32_159,21.317596753438313,24.50479507446289,21.51167456906573,24.00642807143075,2004,Lord Howe Island Marine Park,1
Kyphosus sectatrix,-31.52,159.04,2018,2,17,15,1,-32_159,21.317596753438313,24.50479507446289,21.51167456906573,24.00642807143075,2004,Lord Howe Island Marine Park,1
Kyphosus sectatrix,-31.55,159.07,2018,2,15,62.5,2,-32_159,21.317596753438313,24.50479507446289,21.51167456906573,24.00642807143075,NA,NA,0
Kyphosus sectatrix,-31.55,159.07,2018,2,15,25,3,-32_159,21.317596753438313,24.50479507446289,21.51167456906573,24.00642807143075,NA,NA,0
Kyphosus sectatrix,-31.55,159.07,2018,2,15,20,3,-32_159,21.317596753438313,24.50479507446289,21.51167456906573,24.00642807143075,NA,NA,0
Kyphosus sectatrix,-31.53,159.05,2018,2,15,25,14,-32_159,21.317596753438313,24.50479507446289,21.51167456906573,24.00642807143075,NA,NA,0
Kyphosus sectatrix,-31.53,159.05,2018,2,15,25,5,-32_159,21.317596753438313,24.50479507446289,21.51167456906573,24.00642807143075,NA,NA,0
Kyphosus sectatrix,-31.52,159.06,2018,2,21,15,2,-32_159,21.317596753438313,24.50479507446289,21.51167456906573,24.00642807143075,NA,NA,0
Kyphosus sectatrix,-31.52,159.06,2018,2,21,20,1,-32_159,21.317596753438313,24.50479507446289,21.51167456906573,24.00642807143075,NA,NA,0
Kyphosus sectatrix,-31.52,159.06,2018,2,21,15,1,-32_159,21.317596753438313,24.50479507446289,21.51167456906573,24.00642807143075,NA,NA,0
Kyphosus sectatrix,-31.52,159.04,2018,2,17,25,1,-32_159,21.317596753438313,24.50479507446289,21.51167456906573,24.00642807143075,2004,Lord Howe Island Marine Park,1
Kyphosus sectatrix,-31.52,159.04,2018,2,17,30,2,-32_159,21.317596753438313,24.50479507446289,21.51167456906573,24.00642807143075,2004,Lord Howe Island Marine Park,1
Kyphosus sectatrix,-31.52,159.04,2018,2,17,30,1,-32_159,21.317596753438313,24.50479507446289,21.51167456906573,24.00642807143075,2004,Lord Howe Island Marine Park,1
Kyphosus sectatrix,-31.56,159.1,2018,2,12,15,1,-32_159,21.317596753438313,24.50479507446289,21.51167456906573,24.00642807143075,NA,NA,0
Kyphosus sectatrix,-31.56,159.1,2018,2,12,25,2,-32_159,21.317596753438313,24.50479507446289,21.51167456906573,24.00642807143075,NA,NA,0
Kyphosus sectatrix,-31.53,159.06,2018,2,20,30,1,-32_159,21.317596753438313,24.50479507446289,21.51167456906573,24.00642807143075,NA,NA,0
Kyphosus sectatrix,-31.51,159.05,2018,2,14,15,1,-32_159,21.317596753438313,24.50479507446289,21.51167456906573,24.00642807143075,2004,Lord Howe Island Marine Park,1
Kyphosus sectatrix,-31.51,159.05,2018,2,14,20,1,-32_159,21.317596753438313,24.50479507446289,21.51167456906573,24.00642807143075,2004,Lord Howe Island Marine Park,1
Kyphosus sectatrix,-31.54,159.05,2018,2,15,35,1,-32_159,21.317596753438313,24.50479507446289,21.51167456906573,24.00642807143075,2004,Lord Howe Island Marine Park,1
Kyphosus sectatrix,-31.76,159.24,2018,3,4,35,1,-32_159,21.317596753438313,24.250411987304688,21.51167456906573,24.16048329876315,NA,NA,0
Kyphosus sectatrix,-31.76,159.24,2018,3,4,40,2,-32_159,21.317596753438313,24.250411987304688,21.51167456906573,24.16048329876315,NA,NA,0
Kyphosus sectatrix,-31.76,159.24,2018,3,4,20,6,-32_159,21.317596753438313,24.250411987304688,21.51167456906573,24.16048329876315,NA,NA,0
Kyphosus sectatrix,-31.76,159.24,2018,3,4,25,3,-32_159,21.317596753438313,24.250411987304688,21.51167456906573,24.16048329876315,NA,NA,0
Kyphosus sectatrix,-31.75,159.24,2018,3,4,30,4,-32_159,21.317596753438313,24.250411987304688,21.51167456906573,24.16048329876315,2004,Lord Howe Island Marine Park,1
Kyphosus sectatrix,-31.75,159.24,2018,3,4,35,4,-32_159,21.317596753438313,24.250411987304688,21.51167456906573,24.16048329876315,2004,Lord Howe Island Marine Park,1
Kyphosus sectatrix,-31.75,159.24,2018,3,4,30,5,-32_159,21.317596753438313,24.250411987304688,21.51167456906573,24.16048329876315,2004,Lord Howe Island Marine Park,1
Kyphosus sectatrix,-31.79,159.28,2018,3,4,25,20,-32_159,21.317596753438313,24.250411987304688,21.51167456906573,24.16048329876315,2004,Lord Howe Island Marine Park,1
Kyphosus sectatrix,-31.79,159.28,2018,3,4,30,30,-32_159,21.317596753438313,24.250411987304688,21.51167456906573,24.16048329876315,2004,Lord Howe Island Marine Park,1
Kyphosus sectatrix,-31.79,159.28,2018,3,4,35,25,-32_159,21.317596753438313,24.250411987304688,21.51167456906573,24.16048329876315,2004,Lord Howe Island Marine Park,1
Kyphosus sectatrix,-31.79,159.28,2018,3,4,25,2,-32_159,21.317596753438313,24.250411987304688,21.51167456906573,24.16048329876315,2004,Lord Howe Island Marine Park,1
Kyphosus sectatrix,-31.79,159.28,2018,3,4,30,6,-32_159,21.317596753438313,24.250411987304688,21.51167456906573,24.16048329876315,2004,Lord Howe Island Marine Park,1
Kyphosus sectatrix,-31.79,159.28,2018,3,4,35,2,-32_159,21.317596753438313,24.250411987304688,21.51167456906573,24.16048329876315,2004,Lord Howe Island Marine Park,1
Kyphosus sectatrix,-31.79,159.28,2018,3,4,30,15,-32_159,21.317596753438313,24.250411987304688,21.51167456906573,24.16048329876315,2004,Lord Howe Island Marine Park,1
Kyphosus sectatrix,-31.79,159.28,2018,3,4,35,15,-32_159,21.317596753438313,24.250411987304688,21.51167456906573,24.16048329876315,2004,Lord Howe Island Marine Park,1
Kyphosus sectatrix,-31.79,159.28,2018,3,4,30,35,-32_159,21.317596753438313,24.250411987304688,21.51167456906573,24.16048329876315,2004,Lord Howe Island Marine Park,1
Kyphosus sectatrix,-31.79,159.28,2018,3,4,35,55,-32_159,21.317596753438313,24.250411987304688,21.51167456906573,24.16048329876315,2004,Lord Howe Island Marine Park,1
Kyphosus sectatrix,-31.81,159.29,2018,3,4,30,25,-32_159,21.317596753438313,24.250411987304688,21.51167456906573,24.16048329876315,2004,Lord Howe Island Marine Park,1
Kyphosus sectatrix,-31.81,159.29,2018,3,4,35,15,-32_159,21.317596753438313,24.250411987304688,21.51167456906573,24.16048329876315,2004,Lord Howe Island Marine Park,1
Kyphosus sectatrix,-31.81,159.29,2018,3,4,30,22,-32_159,21.317596753438313,24.250411987304688,21.51167456906573,24.16048329876315,2004,Lord Howe Island Marine Park,1
Kyphosus sectatrix,-31.81,159.29,2018,3,4,35,8,-32_159,21.317596753438313,24.250411987304688,21.51167456906573,24.16048329876315,2004,Lord Howe Island Marine Park,1
Kyphosus sectatrix,-31.81,159.29,2018,3,4,25,20,-32_159,21.317596753438313,24.250411987304688,21.51167456906573,24.16048329876315,2004,Lord Howe Island Marine Park,1
Kyphosus sectatrix,-31.81,159.29,2018,3,4,30,100,-32_159,21.317596753438313,24.250411987304688,21.51167456906573,24.16048329876315,2004,Lord Howe Island Marine Park,1
Kyphosus sectatrix,-31.81,159.29,2018,3,4,35,100,-32_159,21.317596753438313,24.250411987304688,21.51167456906573,24.16048329876315,2004,Lord Howe Island Marine Park,1
Kyphosus sectatrix,-31.81,159.29,2018,3,4,30,50,-32_159,21.317596753438313,24.250411987304688,21.51167456906573,24.16048329876315,2004,Lord Howe Island Marine Park,1
Kyphosus sectatrix,-31.81,159.29,2018,3,4,35,20,-32_159,21.317596753438313,24.250411987304688,21.51167456906573,24.16048329876315,2004,Lord Howe Island Marine Park,1
Kyphosus sectatrix,-31.76,159.24,2020,2,28,35,11,-32_159,21.398178100585938,24.25704574584961,22.009252783450954,24.8582752819719,NA,NA,0
Kyphosus sectatrix,-31.76,159.24,2020,2,28,20,5,-32_159,21.398178100585938,24.25704574584961,22.009252783450954,24.8582752819719,NA,NA,0
Kyphosus sectatrix,-31.76,159.24,2020,2,28,25,5,-32_159,21.398178100585938,24.25704574584961,22.009252783450954,24.8582752819719,NA,NA,0
Kyphosus sectatrix,-31.51,159.07,2020,2,18,40,10,-32_159,21.398178100585938,24.25704574584961,22.009252783450954,24.8582752819719,2004,Lord Howe Island Marine Park,1
Kyphosus sectatrix,-31.76,159.24,2020,2,28,30,10,-32_159,21.398178100585938,24.25704574584961,22.009252783450954,24.8582752819719,NA,NA,0
Kyphosus sectatrix,-31.75,159.24,2020,2,28,35,1,-32_159,21.398178100585938,24.25704574584961,22.009252783450954,24.8582752819719,2004,Lord Howe Island Marine Park,1
Kyphosus sectatrix,-31.55,159.06,2020,2,16,12.5,1,-32_159,21.398178100585938,24.25704574584961,22.009252783450954,24.8582752819719,2004,Lord Howe Island Marine Park,1
Kyphosus sectatrix,-31.53,159.05,2020,2,12,35,25,-32_159,21.398178100585938,24.25704574584961,22.009252783450954,24.8582752819719,NA,NA,0
Kyphosus sectatrix,-31.53,159.05,2020,2,12,40,25,-32_159,21.398178100585938,24.25704574584961,22.009252783450954,24.8582752819719,NA,NA,0
Kyphosus sectatrix,-31.53,159.05,2020,2,12,35,100,-32_159,21.398178100585938,24.25704574584961,22.009252783450954,24.8582752819719,NA,NA,0
Kyphosus sectatrix,-31.53,159.05,2020,2,12,35,50,-32_159,21.398178100585938,24.25704574584961,22.009252783450954,24.8582752819719,NA,NA,0
Kyphosus sectatrix,-31.53,159.05,2020,2,12,40,100,-32_159,21.398178100585938,24.25704574584961,22.009252783450954,24.8582752819719,NA,NA,0
Kyphosus sectatrix,-31.53,159.05,2020,2,12,50,50,-32_159,21.398178100585938,24.25704574584961,22.009252783450954,24.8582752819719,NA,NA,0
Kyphosus sectatrix,-31.53,159.05,2020,2,19,25,1,-32_159,21.398178100585938,24.25704574584961,22.009252783450954,24.8582752819719,NA,NA,0
Kyphosus sectatrix,-31.53,159.05,2020,2,19,25,1,-32_159,21.398178100585938,24.25704574584961,22.009252783450954,24.8582752819719,NA,NA,0
Kyphosus sectatrix,-31.53,159.05,2020,2,19,30,5,-32_159,21.398178100585938,24.25704574584961,22.009252783450954,24.8582752819719,NA,NA,0
Kyphosus sectatrix,-31.53,159.06,2020,2,9,20,1,-32_159,21.398178100585938,24.25704574584961,22.009252783450954,24.8582752819719,NA,NA,0
Kyphosus sectatrix,-31.53,159.06,2020,2,9,15,1,-32_159,21.398178100585938,24.25704574584961,22.009252783450954,24.8582752819719,NA,NA,0
Kyphosus sectatrix,-31.53,159.06,2020,2,9,20,1,-32_159,21.398178100585938,24.25704574584961,22.009252783450954,24.8582752819719,NA,NA,0
Kyphosus sectatrix,-31.5,159.07,2020,2,17,20,1,-32_159,21.398178100585938,24.25704574584961,22.009252783450954,24.8582752819719,2004,Lord Howe Island Marine Park,1
Kyphosus sectatrix,-31.5,159.07,2020,2,17,25,2,-32_159,21.398178100585938,24.25704574584961,22.009252783450954,24.8582752819719,2004,Lord Howe Island Marine Park,1
Kyphosus sectatrix,-31.5,159.07,2020,2,18,20,5,-32_159,21.398178100585938,24.25704574584961,22.009252783450954,24.8582752819719,2004,Lord Howe Island Marine Park,1
Kyphosus sectatrix,-31.5,159.07,2020,2,18,30,10,-32_159,21.398178100585938,24.25704574584961,22.009252783450954,24.8582752819719,2004,Lord Howe Island Marine Park,1
Kyphosus sectatrix,-31.5,159.07,2020,2,18,40,1,-32_159,21.398178100585938,24.25704574584961,22.009252783450954,24.8582752819719,2004,Lord Howe Island Marine Park,1
Kyphosus sectatrix,-31.51,159.04,2020,2,20,25,5,-32_159,21.398178100585938,24.25704574584961,22.009252783450954,24.8582752819719,NA,NA,0
Kyphosus sectatrix,-31.5,159.07,2020,2,17,10,70,-32_159,21.398178100585938,24.25704574584961,22.009252783450954,24.8582752819719,2004,Lord Howe Island Marine Park,1
Kyphosus sectatrix,-31.5,159.07,2020,2,17,12.5,70,-32_159,21.398178100585938,24.25704574584961,22.009252783450954,24.8582752819719,2004,Lord Howe Island Marine Park,1
Kyphosus sectatrix,-31.5,159.07,2020,2,17,15,80,-32_159,21.398178100585938,24.25704574584961,22.009252783450954,24.8582752819719,2004,Lord Howe Island Marine Park,1
Kyphosus sectatrix,-31.5,159.07,2020,2,17,30,20,-32_159,21.398178100585938,24.25704574584961,22.009252783450954,24.8582752819719,2004,Lord Howe Island Marine Park,1
Kyphosus sectatrix,-31.5,159.07,2020,2,17,35,20,-32_159,21.398178100585938,24.25704574584961,22.009252783450954,24.8582752819719,2004,Lord Howe Island Marine Park,1
Kyphosus sectatrix,-31.5,159.07,2020,2,17,40,20,-32_159,21.398178100585938,24.25704574584961,22.009252783450954,24.8582752819719,2004,Lord Howe Island Marine Park,1
Kyphosus sectatrix,-31.5,159.07,2020,2,17,50,10,-32_159,21.398178100585938,24.25704574584961,22.009252783450954,24.8582752819719,2004,Lord Howe Island Marine Park,1
Kyphosus sectatrix,-31.5,159.07,2020,2,17,15,1,-32_159,21.398178100585938,24.25704574584961,22.009252783450954,24.8582752819719,NA,NA,0
Kyphosus sectatrix,-31.5,159.07,2020,2,20,15,1,-32_159,21.398178100585938,24.25704574584961,22.009252783450954,24.8582752819719,NA,NA,0
Kyphosus sectatrix,-31.5,159.07,2020,2,20,25,1,-32_159,21.398178100585938,24.25704574584961,22.009252783450954,24.8582752819719,NA,NA,0
Kyphosus sectatrix,-31.5,159.07,2020,2,20,30,1,-32_159,21.398178100585938,24.25704574584961,22.009252783450954,24.8582752819719,NA,NA,0
Kyphosus sectatrix,-31.51,159.04,2020,2,20,25,2,-32_159,21.398178100585938,24.25704574584961,22.009252783450954,24.8582752819719,NA,NA,0
Kyphosus sectatrix,-31.51,159.04,2020,2,20,30,2,-32_159,21.398178100585938,24.25704574584961,22.009252783450954,24.8582752819719,NA,NA,0
Kyphosus sectatrix,-31.75,159.24,2020,2,28,40,5,-32_159,21.398178100585938,24.25704574584961,22.009252783450954,24.8582752819719,2004,Lord Howe Island Marine Park,1
Kyphosus sectatrix,-31.75,159.24,2020,2,28,40,8,-32_159,21.398178100585938,24.25704574584961,22.009252783450954,24.8582752819719,2004,Lord Howe Island Marine Park,1
Kyphosus sectatrix,-31.76,159.24,2020,2,28,35,22,-32_159,21.398178100585938,24.25704574584961,22.009252783450954,24.8582752819719,NA,NA,0
Kyphosus sectatrix,-31.76,159.24,2020,2,28,30,25,-32_159,21.398178100585938,24.25704574584961,22.009252783450954,24.8582752819719,NA,NA,0
Kyphosus sectatrix,-31.52,159.04,2020,2,12,10,1,-32_159,21.398178100585938,24.25704574584961,22.009252783450954,24.8582752819719,2004,Lord Howe Island Marine Park,1
Kyphosus sectatrix,-31.54,159.06,2020,2,16,12.5,1,-32_159,21.398178100585938,24.25704574584961,22.009252783450954,24.8582752819719,2004,Lord Howe Island Marine Park,1
Kyphosus sectatrix,-31.5,159.07,2020,2,17,40,1,-32_159,21.398178100585938,24.25704574584961,22.009252783450954,24.8582752819719,NA,NA,0
Kyphosus sectatrix,-31.54,159.07,2022,3,14,30,1,-32_159,21.215414365132652,23.80377960205078,21.07836398403277,23.532257449242376,2004,Lord Howe Island Marine Park,1
Kyphosus sectatrix,-31.51,159.07,2022,3,19,35,20,-32_159,21.215414365132652,23.80377960205078,21.07836398403277,23.532257449242376,2004,Lord Howe Island Marine Park,1
Kyphosus sectatrix,-31.56,159.07,2022,3,17,35,8,-32_159,21.215414365132652,23.80377960205078,21.07836398403277,23.532257449242376,NA,NA,0
Kyphosus sectatrix,-31.5,159.07,2022,3,16,40,1,-32_159,21.215414365132652,23.80377960205078,21.07836398403277,23.532257449242376,NA,NA,0
Kyphosus sectatrix,-31.52,159.04,2022,3,24,25,4,-32_159,21.215414365132652,23.80377960205078,21.07836398403277,23.532257449242376,2004,Lord Howe Island Marine Park,1
Kyphosus sectatrix,-31.52,159.04,2022,3,24,40,1,-32_159,21.215414365132652,23.80377960205078,21.07836398403277,23.532257449242376,2004,Lord Howe Island Marine Park,1
Kyphosus sectatrix,-31.53,159.05,2022,3,18,30,15,-32_159,21.215414365132652,23.80377960205078,21.07836398403277,23.532257449242376,NA,NA,0
Kyphosus sectatrix,-31.53,159.05,2022,3,18,35,11,-32_159,21.215414365132652,23.80377960205078,21.07836398403277,23.532257449242376,NA,NA,0
Kyphosus sectatrix,-31.53,159.05,2022,3,18,40,3,-32_159,21.215414365132652,23.80377960205078,21.07836398403277,23.532257449242376,NA,NA,0
Kyphosus sectatrix,-31.52,159.08,2022,3,19,30,250,-32_159,21.215414365132652,23.80377960205078,21.07836398403277,23.532257449242376,NA,NA,0
Kyphosus sectatrix,-31.5,159.07,2022,3,22,30,3,-32_159,21.215414365132652,23.80377960205078,21.07836398403277,23.532257449242376,2004,Lord Howe Island Marine Park,1
Kyphosus sectatrix,-31.5,159.07,2022,3,22,35,3,-32_159,21.215414365132652,23.80377960205078,21.07836398403277,23.532257449242376,2004,Lord Howe Island Marine Park,1
Kyphosus sectatrix,-31.5,159.07,2022,3,22,40,3,-32_159,21.215414365132652,23.80377960205078,21.07836398403277,23.532257449242376,2004,Lord Howe Island Marine Park,1
Kyphosus sectatrix,-31.5,159.07,2022,3,22,30,10,-32_159,21.215414365132652,23.80377960205078,21.07836398403277,23.532257449242376,2004,Lord Howe Island Marine Park,1
Kyphosus sectatrix,-31.55,159.07,2022,3,17,35,3,-32_159,21.215414365132652,23.80377960205078,21.07836398403277,23.532257449242376,NA,NA,0
Kyphosus sectatrix,-31.55,159.07,2022,3,17,40,2,-32_159,21.215414365132652,23.80377960205078,21.07836398403277,23.532257449242376,NA,NA,0
Kyphosus sectatrix,-31.52,159.04,2022,3,24,30,1,-32_159,21.215414365132652,23.80377960205078,21.07836398403277,23.532257449242376,2004,Lord Howe Island Marine Park,1
Kyphosus sectatrix,-31.52,159.04,2022,3,24,40,1,-32_159,21.215414365132652,23.80377960205078,21.07836398403277,23.532257449242376,2004,Lord Howe Island Marine Park,1
Kyphosus sectatrix,-31.5,159.07,2022,3,22,35,2,-32_159,21.215414365132652,23.80377960205078,21.07836398403277,23.532257449242376,2004,Lord Howe Island Marine Park,1
Kyphosus sectatrix,-31.5,159.07,2022,3,22,40,5,-32_159,21.215414365132652,23.80377960205078,21.07836398403277,23.532257449242376,2004,Lord Howe Island Marine Park,1
Kyphosus sectatrix,-31.5,159.07,2022,3,22,50,1,-32_159,21.215414365132652,23.80377960205078,21.07836398403277,23.532257449242376,2004,Lord Howe Island Marine Park,1
Kyphosus sectatrix,-31.5,159.07,2022,3,22,40,2,-32_159,21.215414365132652,23.80377960205078,21.07836398403277,23.532257449242376,2004,Lord Howe Island Marine Park,1
Kyphosus sectatrix,-31.76,159.24,2022,3,23,40,3,-32_159,21.215414365132652,23.80377960205078,21.07836398403277,23.532257449242376,NA,NA,0
Kyphosus sectatrix,-31.51,159.04,2022,3,15,25,1,-32_159,21.215414365132652,23.80377960205078,21.07836398403277,23.532257449242376,NA,NA,0
Kyphosus sectatrix,-31.5,159.07,2022,3,16,30,3,-32_159,21.215414365132652,23.80377960205078,21.07836398403277,23.532257449242376,NA,NA,0
Kyphosus sectatrix,-31.5,159.07,2022,3,16,35,2,-32_159,21.215414365132652,23.80377960205078,21.07836398403277,23.532257449242376,NA,NA,0
Kyphosus sectatrix,-31.5,159.07,2022,3,16,40,1,-32_159,21.215414365132652,23.80377960205078,21.07836398403277,23.532257449242376,NA,NA,0
Kyphosus sectatrix,-31.54,159.11,2022,3,24,35,10,-32_159,21.215414365132652,23.80377960205078,21.07836398403277,23.532257449242376,NA,NA,0
Kyphosus sectatrix,-31.54,159.11,2022,3,24,40,40,-32_159,21.215414365132652,23.80377960205078,21.07836398403277,23.532257449242376,NA,NA,0
Kyphosus sectatrix,-31.54,159.11,2022,3,24,50,40,-32_159,21.215414365132652,23.80377960205078,21.07836398403277,23.532257449242376,NA,NA,0
Kyphosus sectatrix,-31.54,159.11,2022,3,24,62.5,10,-32_159,21.215414365132652,23.80377960205078,21.07836398403277,23.532257449242376,NA,NA,0
Kyphosus sectatrix,-31.5,159.07,2022,3,22,25,2,-32_159,21.215414365132652,23.80377960205078,21.07836398403277,23.532257449242376,2004,Lord Howe Island Marine Park,1
Kyphosus sectatrix,-31.5,159.07,2022,3,22,30,4,-32_159,21.215414365132652,23.80377960205078,21.07836398403277,23.532257449242376,2004,Lord Howe Island Marine Park,1
Kyphosus sectatrix,-31.5,159.07,2022,3,22,35,1,-32_159,21.215414365132652,23.80377960205078,21.07836398403277,23.532257449242376,2004,Lord Howe Island Marine Park,1
Kyphosus sectatrix,-31.5,159.07,2022,3,22,30,20,-32_159,21.215414365132652,23.80377960205078,21.07836398403277,23.532257449242376,2004,Lord Howe Island Marine Park,1
Kyphosus sectatrix,-31.5,159.07,2022,3,22,35,30,-32_159,21.215414365132652,23.80377960205078,21.07836398403277,23.532257449242376,2004,Lord Howe Island Marine Park,1
Kyphosus sectatrix,-31.5,159.07,2022,3,22,40,45,-32_159,21.215414365132652,23.80377960205078,21.07836398403277,23.532257449242376,2004,Lord Howe Island Marine Park,1
Kyphosus sectatrix,-31.55,159.07,2022,3,17,25,2,-32_159,21.215414365132652,23.80377960205078,21.07836398403277,23.532257449242376,NA,NA,0
Kyphosus sectatrix,-31.5,159.07,2022,3,22,30,7,-32_159,21.215414365132652,23.80377960205078,21.07836398403277,23.532257449242376,2004,Lord Howe Island Marine Park,1
Kyphosus sectatrix,-31.5,159.07,2022,3,22,35,2,-32_159,21.215414365132652,23.80377960205078,21.07836398403277,23.532257449242376,2004,Lord Howe Island Marine Park,1
Kyphosus sectatrix,-31.5,159.07,2022,3,22,40,2,-32_159,21.215414365132652,23.80377960205078,21.07836398403277,23.532257449242376,2004,Lord Howe Island Marine Park,1
Kyphosus sectatrix,-31.5,159.07,2022,3,22,30,10,-32_159,21.215414365132652,23.80377960205078,21.07836398403277,23.532257449242376,2004,Lord Howe Island Marine Park,1
Kyphosus sectatrix,-31.5,159.07,2022,3,22,35,50,-32_159,21.215414365132652,23.80377960205078,21.07836398403277,23.532257449242376,2004,Lord Howe Island Marine Park,1
Kyphosus sectatrix,-31.76,159.24,2022,3,23,40,6,-32_159,21.215414365132652,23.80377960205078,21.07836398403277,23.532257449242376,NA,NA,0
Kyphosus sectatrix,-31.76,159.24,2022,3,23,40,2,-32_159,21.215414365132652,23.80377960205078,21.07836398403277,23.532257449242376,NA,NA,0
Kyphosus sectatrix,-31.55,159.07,2022,3,17,25,5,-32_159,21.215414365132652,23.80377960205078,21.07836398403277,23.532257449242376,NA,NA,0
Kyphosus sectatrix,-31.55,159.07,2022,3,17,30,2,-32_159,21.215414365132652,23.80377960205078,21.07836398403277,23.532257449242376,NA,NA,0
Kyphosus sectatrix,-31.5,159.07,2022,3,16,30,2,-32_159,21.215414365132652,23.80377960205078,21.07836398403277,23.532257449242376,NA,NA,0
Kyphosus sectatrix,-31.5,159.07,2022,3,16,25,4,-32_159,21.215414365132652,23.80377960205078,21.07836398403277,23.532257449242376,NA,NA,0
Kyphosus sectatrix,-31.5,159.07,2022,3,22,30,1,-32_159,21.215414365132652,23.80377960205078,21.07836398403277,23.532257449242376,2004,Lord Howe Island Marine Park,1
Kyphosus sectatrix,-31.5,159.07,2022,3,22,35,1,-32_159,21.215414365132652,23.80377960205078,21.07836398403277,23.532257449242376,2004,Lord Howe Island Marine Park,1
Kyphosus sectatrix,-31.51,159.06,2022,3,15,30,6,-32_159,21.215414365132652,23.80377960205078,21.07836398403277,23.532257449242376,2004,Lord Howe Island Marine Park,1
Kyphosus sectatrix,-31.53,159.06,2022,3,13,20,6,-32_159,21.215414365132652,23.80377960205078,21.07836398403277,23.532257449242376,NA,NA,0
Kyphosus sectatrix,-31.53,159.06,2022,3,13,25,7,-32_159,21.215414365132652,23.80377960205078,21.07836398403277,23.532257449242376,NA,NA,0
Kyphosus sectatrix,-31.53,159.06,2022,3,13,30,7,-32_159,21.215414365132652,23.80377960205078,21.07836398403277,23.532257449242376,NA,NA,0
Kyphosus sectatrix,-31.55,159.06,2022,3,18,40,1,-32_159,21.215414365132652,23.80377960205078,21.07836398403277,23.532257449242376,2004,Lord Howe Island Marine Park,1
Kyphosus sectatrix,-31.55,159.06,2022,3,19,30,5,-32_159,21.215414365132652,23.80377960205078,21.07836398403277,23.532257449242376,2004,Lord Howe Island Marine Park,1
Kyphosus sectatrix,-31.55,159.06,2022,3,19,35,3,-32_159,21.215414365132652,23.80377960205078,21.07836398403277,23.532257449242376,2004,Lord Howe Island Marine Park,1
Kyphosus sectatrix,-31.75,159.24,2022,3,23,35,2,-32_159,21.215414365132652,23.80377960205078,21.07836398403277,23.532257449242376,2004,Lord Howe Island Marine Park,1
Kyphosus sectatrix,-31.56,159.1,2022,3,21,20,7,-32_159,21.215414365132652,23.80377960205078,21.07836398403277,23.532257449242376,NA,NA,0
Kyphosus sectatrix,-31.56,159.1,2022,3,21,25,7,-32_159,21.215414365132652,23.80377960205078,21.07836398403277,23.532257449242376,NA,NA,0
Kyphosus sectatrix,-31.56,159.1,2022,3,21,30,7,-32_159,21.215414365132652,23.80377960205078,21.07836398403277,23.532257449242376,NA,NA,0
Kyphosus sectatrix,-31.5,159.07,2022,3,22,40,1,-32_159,21.215414365132652,23.80377960205078,21.07836398403277,23.532257449242376,2004,Lord Howe Island Marine Park,1
Kyphosus sectatrix,-31.5,159.07,2022,3,22,35,2,-32_159,21.215414365132652,23.80377960205078,21.07836398403277,23.532257449242376,2004,Lord Howe Island Marine Park,1
Kyphosus sectatrix,-31.51,159.06,2022,3,15,25,6,-32_159,21.215414365132652,23.80377960205078,21.07836398403277,23.532257449242376,2004,Lord Howe Island Marine Park,1
Kyphosus sectatrix,-31.51,159.06,2022,3,15,30,6,-32_159,21.215414365132652,23.80377960205078,21.07836398403277,23.532257449242376,2004,Lord Howe Island Marine Park,1
Kyphosus sectatrix,-31.51,159.06,2022,3,15,35,6,-32_159,21.215414365132652,23.80377960205078,21.07836398403277,23.532257449242376,2004,Lord Howe Island Marine Park,1
Kyphosus sectatrix,-31.51,159.06,2022,3,15,40,6,-32_159,21.215414365132652,23.80377960205078,21.07836398403277,23.532257449242376,2004,Lord Howe Island Marine Park,1
Kyphosus sectatrix,-31.55,159.06,2024,3,19,25,1,-32_159,22.001205444335938,24.75673484802246,22.556345841528355,25.54290263883529,2004,Lord Howe Island Marine Park,1
Kyphosus sectatrix,-31.51,159.07,2024,3,26,40,1,-32_159,22.001205444335938,24.75673484802246,22.556345841528355,25.54290263883529,2004,Lord Howe Island Marine Park,1
Kyphosus sectatrix,-31.51,159.05,2024,3,21,40,1,-32_159,22.001205444335938,24.75673484802246,22.556345841528355,25.54290263883529,2004,Lord Howe Island Marine Park,1
Kyphosus sectatrix,-31.5,159.07,2024,3,26,20,1,-32_159,22.001205444335938,24.75673484802246,22.556345841528355,25.54290263883529,2004,Lord Howe Island Marine Park,1
Kyphosus sectatrix,-31.5,159.07,2024,3,26,25,1,-32_159,22.001205444335938,24.75673484802246,22.556345841528355,25.54290263883529,2004,Lord Howe Island Marine Park,1
Kyphosus sectatrix,-31.55,159.07,2024,3,18,25,1,-32_159,22.001205444335938,24.75673484802246,22.556345841528355,25.54290263883529,NA,NA,0
Kyphosus sectatrix,-31.55,159.07,2024,3,18,30,1,-32_159,22.001205444335938,24.75673484802246,22.556345841528355,25.54290263883529,NA,NA,0
Kyphosus sectatrix,-31.55,159.07,2024,3,18,30,6,-32_159,22.001205444335938,24.75673484802246,22.556345841528355,25.54290263883529,NA,NA,0
Kyphosus sectatrix,-31.55,159.07,2024,3,18,40,4,-32_159,22.001205444335938,24.75673484802246,22.556345841528355,25.54290263883529,NA,NA,0
Kyphosus sectatrix,-31.55,159.07,2024,3,18,35,2,-32_159,22.001205444335938,24.75673484802246,22.556345841528355,25.54290263883529,NA,NA,0
Kyphosus sectatrix,-31.5,159.07,2024,3,28,30,3,-32_159,22.001205444335938,24.75673484802246,22.556345841528355,25.54290263883529,NA,NA,0
Kyphosus sectatrix,-31.5,159.07,2024,3,28,25,1,-32_159,22.001205444335938,24.75673484802246,22.556345841528355,25.54290263883529,NA,NA,0
Kyphosus sectatrix,-31.5,159.07,2024,3,28,30,1,-32_159,22.001205444335938,24.75673484802246,22.556345841528355,25.54290263883529,NA,NA,0
Kyphosus sectatrix,-31.53,159.05,2024,3,20,20,2,-32_159,22.001205444335938,24.75673484802246,22.556345841528355,25.54290263883529,NA,NA,0
Kyphosus sectatrix,-31.75,159.24,2024,3,24,25,3,-32_159,22.001205444335938,24.75673484802246,22.556345841528355,25.54290263883529,2004,Lord Howe Island Marine Park,1
Kyphosus sectatrix,-31.75,159.24,2024,3,24,30,3,-32_159,22.001205444335938,24.75673484802246,22.556345841528355,25.54290263883529,2004,Lord Howe Island Marine Park,1
Kyphosus sectatrix,-31.76,159.24,2024,3,24,30,1,-32_159,22.001205444335938,24.75673484802246,22.556345841528355,25.54290263883529,NA,NA,0
Kyphosus sectatrix,-31.76,159.24,2024,3,24,35,7,-32_159,22.001205444335938,24.75673484802246,22.556345841528355,25.54290263883529,NA,NA,0
Kyphosus sectatrix,-31.76,159.24,2024,3,24,40,3,-32_159,22.001205444335938,24.75673484802246,22.556345841528355,25.54290263883529,NA,NA,0
Kyphosus sectatrix,-31.76,159.24,2024,3,24,40,1,-32_159,22.001205444335938,24.75673484802246,22.556345841528355,25.54290263883529,NA,NA,0
Kyphosus sectatrix,-31.56,159.1,2024,3,22,25,6,-32_159,22.001205444335938,24.75673484802246,22.556345841528355,25.54290263883529,NA,NA,0
Kyphosus sectatrix,-31.56,159.1,2024,3,22,30,6,-32_159,22.001205444335938,24.75673484802246,22.556345841528355,25.54290263883529,NA,NA,0
Kyphosus sectatrix,-31.56,159.1,2024,3,22,35,10,-32_159,22.001205444335938,24.75673484802246,22.556345841528355,25.54290263883529,NA,NA,0
Kyphosus sectatrix,-31.51,159.07,2024,3,26,25,2,-32_159,22.001205444335938,24.75673484802246,22.556345841528355,25.54290263883529,2004,Lord Howe Island Marine Park,1
Kyphosus sectatrix,-31.51,159.07,2024,3,26,35,1,-32_159,22.001205444335938,24.75673484802246,22.556345841528355,25.54290263883529,2004,Lord Howe Island Marine Park,1
Kyphosus sectatrix,-31.51,159.07,2024,3,26,40,2,-32_159,22.001205444335938,24.75673484802246,22.556345841528355,25.54290263883529,2004,Lord Howe Island Marine Park,1
Kyphosus sectatrix,-31.75,159.24,2024,3,24,15,2,-32_159,22.001205444335938,24.75673484802246,22.556345841528355,25.54290263883529,2004,Lord Howe Island Marine Park,1
Kyphosus sectatrix,-31.75,159.24,2024,3,24,25,1,-32_159,22.001205444335938,24.75673484802246,22.556345841528355,25.54290263883529,2004,Lord Howe Island Marine Park,1
Kyphosus sectatrix,-31.5,159.07,2024,3,28,20,2,-32_159,22.001205444335938,24.75673484802246,22.556345841528355,25.54290263883529,NA,NA,0
Kyphosus sectatrix,-31.5,159.07,2024,3,28,25,2,-32_159,22.001205444335938,24.75673484802246,22.556345841528355,25.54290263883529,NA,NA,0
Kyphosus sectatrix,-31.5,159.07,2024,3,28,30,3,-32_159,22.001205444335938,24.75673484802246,22.556345841528355,25.54290263883529,NA,NA,0
Kyphosus sectatrix,-31.5,159.07,2024,3,28,35,2,-32_159,22.001205444335938,24.75673484802246,22.556345841528355,25.54290263883529,NA,NA,0
Kyphosus sectatrix,-31.5,159.07,2024,3,28,15,1,-32_159,22.001205444335938,24.75673484802246,22.556345841528355,25.54290263883529,NA,NA,0
Kyphosus sectatrix,-31.5,159.07,2024,3,28,20,8,-32_159,22.001205444335938,24.75673484802246,22.556345841528355,25.54290263883529,NA,NA,0
Kyphosus sectatrix,-31.5,159.07,2024,3,28,25,12,-32_159,22.001205444335938,24.75673484802246,22.556345841528355,25.54290263883529,NA,NA,0
Kyphosus sectatrix,-31.54,159.07,2024,3,17,25,3,-32_159,22.001205444335938,24.75673484802246,22.556345841528355,25.54290263883529,2004,Lord Howe Island Marine Park,1
Kyphosus sectatrix,-31.52,159.08,2024,3,22,25,12,-32_159,22.001205444335938,24.75673484802246,22.556345841528355,25.54290263883529,NA,NA,0
Kyphosus sectatrix,-31.52,159.08,2024,3,22,30,12,-32_159,22.001205444335938,24.75673484802246,22.556345841528355,25.54290263883529,NA,NA,0
Kyphosus sectatrix,-31.52,159.08,2024,3,22,35,7,-32_159,22.001205444335938,24.75673484802246,22.556345841528355,25.54290263883529,NA,NA,0
Kyphosus sectatrix,-31.52,159.08,2024,3,22,40,2,-32_159,22.001205444335938,24.75673484802246,22.556345841528355,25.54290263883529,NA,NA,0
Kyphosus sectatrix,-31.5,159.07,2024,3,26,30,4,-32_159,22.001205444335938,24.75673484802246,22.556345841528355,25.54290263883529,2004,Lord Howe Island Marine Park,1
Kyphosus sectatrix,-31.5,159.07,2024,3,26,35,4,-32_159,22.001205444335938,24.75673484802246,22.556345841528355,25.54290263883529,2004,Lord Howe Island Marine Park,1
Kyphosus sectatrix,-31.5,159.07,2024,3,26,40,3,-32_159,22.001205444335938,24.75673484802246,22.556345841528355,25.54290263883529,2004,Lord Howe Island Marine Park,1
Kyphosus sectatrix,-31.5,159.07,2024,3,26,50,2,-32_159,22.001205444335938,24.75673484802246,22.556345841528355,25.54290263883529,2004,Lord Howe Island Marine Park,1
Kyphosus sectatrix,-31.5,159.07,2024,3,26,35,2,-32_159,22.001205444335938,24.75673484802246,22.556345841528355,25.54290263883529,2004,Lord Howe Island Marine Park,1
Kyphosus sectatrix,-31.55,159.06,2024,3,19,25,1,-32_159,22.001205444335938,24.75673484802246,22.556345841528355,25.54290263883529,2004,Lord Howe Island Marine Park,1
Kyphosus sectatrix,-31.55,159.06,2024,3,19,12.5,2,-32_159,22.001205444335938,24.75673484802246,22.556345841528355,25.54290263883529,2004,Lord Howe Island Marine Park,1
Kyphosus sectatrix,-31.55,159.06,2024,3,19,15,2,-32_159,22.001205444335938,24.75673484802246,22.556345841528355,25.54290263883529,2004,Lord Howe Island Marine Park,1
Kyphosus sectatrix,-31.5,159.07,2024,3,26,30,1,-32_159,22.001205444335938,24.75673484802246,22.556345841528355,25.54290263883529,2004,Lord Howe Island Marine Park,1
Kyphosus sectatrix,-31.5,159.07,2024,3,26,25,1,-32_159,22.001205444335938,24.75673484802246,22.556345841528355,25.54290263883529,2004,Lord Howe Island Marine Park,1
Kyphosus sectatrix,-31.55,159.06,2024,3,19,30,1,-32_159,22.001205444335938,24.75673484802246,22.556345841528355,25.54290263883529,2004,Lord Howe Island Marine Park,1
Kyphosus sectatrix,-31.55,159.06,2024,3,19,35,1,-32_159,22.001205444335938,24.75673484802246,22.556345841528355,25.54290263883529,2004,Lord Howe Island Marine Park,1
Kyphosus sectatrix,-31.55,159.06,2024,3,19,40,2,-32_159,22.001205444335938,24.75673484802246,22.556345841528355,25.54290263883529,2004,Lord Howe Island Marine Park,1
Kyphosus sectatrix,-31.53,159.05,2024,3,20,15,2,-32_159,22.001205444335938,24.75673484802246,22.556345841528355,25.54290263883529,NA,NA,0
Kyphosus sectatrix,-31.53,159.05,2024,3,20,20,3,-32_159,22.001205444335938,24.75673484802246,22.556345841528355,25.54290263883529,NA,NA,0
Kyphosus sectatrix,-31.53,159.05,2024,3,20,25,2,-32_159,22.001205444335938,24.75673484802246,22.556345841528355,25.54290263883529,NA,NA,0
Kyphosus sectatrix,-31.53,159.05,2024,3,20,30,1,-32_159,22.001205444335938,24.75673484802246,22.556345841528355,25.54290263883529,NA,NA,0
Kyphosus sectatrix,-31.53,159.05,2024,3,20,35,3,-32_159,22.001205444335938,24.75673484802246,22.556345841528355,25.54290263883529,NA,NA,0
Kyphosus sectatrix,-31.53,159.05,2024,3,20,40,8,-32_159,22.001205444335938,24.75673484802246,22.556345841528355,25.54290263883529,NA,NA,0
Kyphosus sectatrix,-31.5,159.07,2024,3,26,30,2,-32_159,22.001205444335938,24.75673484802246,22.556345841528355,25.54290263883529,2004,Lord Howe Island Marine Park,1
Kyphosus sectatrix,-31.5,159.07,2024,3,26,35,2,-32_159,22.001205444335938,24.75673484802246,22.556345841528355,25.54290263883529,2004,Lord Howe Island Marine Park,1
Kyphosus sectatrix,-31.5,159.07,2024,3,26,40,1,-32_159,22.001205444335938,24.75673484802246,22.556345841528355,25.54290263883529,2004,Lord Howe Island Marine Park,1
Kyphosus sectatrix,-31.52,159.04,2024,3,20,25,2,-32_159,22.001205444335938,24.75673484802246,22.556345841528355,25.54290263883529,2004,Lord Howe Island Marine Park,1
Kyphosus sectatrix,-31.52,159.04,2024,3,20,25,4,-32_159,22.001205444335938,24.75673484802246,22.556345841528355,25.54290263883529,2004,Lord Howe Island Marine Park,1
Kyphosus sectatrix,-31.52,159.04,2024,3,20,30,4,-32_159,22.001205444335938,24.75673484802246,22.556345841528355,25.54290263883529,2004,Lord Howe Island Marine Park,1
Kyphosus sectatrix,-31.51,159.04,2024,3,18,35,1,-32_159,22.001205444335938,24.75673484802246,22.556345841528355,25.54290263883529,NA,NA,0
Kyphosus sectatrix,-31.51,159.04,2024,3,18,40,1,-32_159,22.001205444335938,24.75673484802246,22.556345841528355,25.54290263883529,NA,NA,0
Kyphosus sectatrix,-31.76,159.24,2024,3,24,40,4,-32_159,22.001205444335938,24.75673484802246,22.556345841528355,25.54290263883529,NA,NA,0
Kyphosus sectatrix,-31.51,159.07,2024,3,26,25,1,-32_159,22.001205444335938,24.75673484802246,22.556345841528355,25.54290263883529,2004,Lord Howe Island Marine Park,1
Kyphosus sectatrix,-31.51,159.07,2024,3,26,40,12,-32_159,22.001205444335938,24.75673484802246,22.556345841528355,25.54290263883529,2004,Lord Howe Island Marine Park,1
