species,latitude,longitude,year,month,day,size_class,total,location,sst_year_met,sst_month_met,sst_mean_annual,sst_month_noaa,year_of_protection,rls_mpa,MPA
Neoglyphidodon polyacanthus,-31.52,159.04,2010,2,13,7.5,2,-32_159,21.72306474049886,25.04777717590332,22.036905469780876,25.60339229447501,NA,NA,0
Neoglyphidodon polyacanthus,-31.52,159.04,2010,2,13,10,2,-32_159,21.72306474049886,25.04777717590332,22.036905469780876,25.60339229447501,NA,NA,0
Neoglyphidodon polyacanthus,-31.5,159.07,2009,2,1,2.5,1,-32_159,21.176898956298828,24.173982620239254,21.653498089423376,25.09160658291408,2004,Lord Howe Island Marine Park,0
Neoglyphidodon polyacanthus,-31.5,159.07,2009,2,1,5,1,-32_159,21.176898956298828,24.173982620239254,21.653498089423376,25.09160658291408,2004,Lord Howe Island Marine Park,0
Neoglyphidodon polyacanthus,-31.5,159.07,2009,2,1,7.5,1,-32_159,21.176898956298828,24.173982620239254,21.653498089423376,25.09160658291408,2004,Lord Howe Island Marine Park,0
Neoglyphidodon polyacanthus,-31.52,159.04,2010,2,13,15,6,-32_159,21.72306474049886,25.04777717590332,22.036905469780876,25.60339229447501,NA,NA,0
Neoglyphidodon polyacanthus,-31.52,159.04,2010,2,13,10,1,-32_159,21.72306474049886,25.04777717590332,22.036905469780876,25.60339229447501,NA,NA,0
Neoglyphidodon polyacanthus,-31.52,159.04,2010,2,13,7.5,4,-32_159,21.72306474049886,25.04777717590332,22.036905469780876,25.60339229447501,NA,NA,0
Neoglyphidodon polyacanthus,-31.52,159.04,2010,2,13,10,3,-32_159,21.72306474049886,25.04777717590332,22.036905469780876,25.60339229447501,NA,NA,0
Neoglyphidodon polyacanthus,-31.56,159.07,2009,2,4,5,1,-32_159,21.176898956298828,24.173982620239254,21.653498089423376,25.09160658291408,NA,NA,0
Neoglyphidodon polyacanthus,-31.56,159.07,2009,2,4,7.5,10,-32_159,21.176898956298828,24.173982620239254,21.653498089423376,25.09160658291408,NA,NA,0
Neoglyphidodon polyacanthus,-31.56,159.07,2009,2,4,10,8,-32_159,21.176898956298828,24.173982620239254,21.653498089423376,25.09160658291408,NA,NA,0
Neoglyphidodon polyacanthus,-31.56,159.07,2009,2,4,5,2,-32_159,21.176898956298828,24.173982620239254,21.653498089423376,25.09160658291408,NA,NA,0
Neoglyphidodon polyacanthus,-31.56,159.07,2009,2,4,7.5,13,-32_159,21.176898956298828,24.173982620239254,21.653498089423376,25.09160658291408,NA,NA,0
Neoglyphidodon polyacanthus,-31.56,159.07,2009,2,4,10,25,-32_159,21.176898956298828,24.173982620239254,21.653498089423376,25.09160658291408,NA,NA,0
Neoglyphidodon polyacanthus,-31.56,159.07,2009,2,4,12.5,3,-32_159,21.176898956298828,24.173982620239254,21.653498089423376,25.09160658291408,NA,NA,0
Neoglyphidodon polyacanthus,-31.52,159.04,2010,2,13,5,2,-32_159,21.72306474049886,25.04777717590332,22.036905469780876,25.60339229447501,NA,NA,0
Neoglyphidodon polyacanthus,-31.56,159.07,2009,2,4,7.5,11,-32_159,21.176898956298828,24.173982620239254,21.653498089423376,25.09160658291408,NA,NA,0
Neoglyphidodon polyacanthus,-31.56,159.07,2009,2,4,10,19,-32_159,21.176898956298828,24.173982620239254,21.653498089423376,25.09160658291408,NA,NA,0
Neoglyphidodon polyacanthus,-31.56,159.07,2009,2,4,12.5,18,-32_159,21.176898956298828,24.173982620239254,21.653498089423376,25.09160658291408,NA,NA,0
Neoglyphidodon polyacanthus,-31.56,159.07,2009,2,4,10,31,-32_159,21.176898956298828,24.173982620239254,21.653498089423376,25.09160658291408,NA,NA,0
Neoglyphidodon polyacanthus,-31.56,159.07,2009,2,4,12.5,10,-32_159,21.176898956298828,24.173982620239254,21.653498089423376,25.09160658291408,NA,NA,0
Neoglyphidodon polyacanthus,-31.52,159.04,2010,2,13,7.5,2,-32_159,21.72306474049886,25.04777717590332,22.036905469780876,25.60339229447501,NA,NA,0
Neoglyphidodon polyacanthus,-31.52,159.04,2010,2,13,10,4,-32_159,21.72306474049886,25.04777717590332,22.036905469780876,25.60339229447501,NA,NA,0
Neoglyphidodon polyacanthus,-31.56,159.07,2010,2,8,7.5,12,-32_159,21.72306474049886,25.04777717590332,22.036905469780876,25.60339229447501,NA,NA,0
Neoglyphidodon polyacanthus,-31.56,159.07,2010,2,8,10,16,-32_159,21.72306474049886,25.04777717590332,22.036905469780876,25.60339229447501,NA,NA,0
Neoglyphidodon polyacanthus,-31.56,159.07,2010,2,8,12.5,12,-32_159,21.72306474049886,25.04777717590332,22.036905469780876,25.60339229447501,NA,NA,0
Neoglyphidodon polyacanthus,-31.56,159.07,2010,2,8,10,22,-32_159,21.72306474049886,25.04777717590332,22.036905469780876,25.60339229447501,NA,NA,0
Neoglyphidodon polyacanthus,-31.56,159.07,2010,2,8,12.5,8,-32_159,21.72306474049886,25.04777717590332,22.036905469780876,25.60339229447501,NA,NA,0
Neoglyphidodon polyacanthus,-31.56,159.07,2010,2,8,7.5,4,-32_159,21.72306474049886,25.04777717590332,22.036905469780876,25.60339229447501,NA,NA,0
Neoglyphidodon polyacanthus,-31.56,159.07,2010,2,8,10,13,-32_159,21.72306474049886,25.04777717590332,22.036905469780876,25.60339229447501,NA,NA,0
Neoglyphidodon polyacanthus,-31.56,159.07,2010,2,8,12.5,13,-32_159,21.72306474049886,25.04777717590332,22.036905469780876,25.60339229447501,NA,NA,0
Neoglyphidodon polyacanthus,-31.56,159.07,2010,2,8,15,4,-32_159,21.72306474049886,25.04777717590332,22.036905469780876,25.60339229447501,NA,NA,0
Neoglyphidodon polyacanthus,-31.54,159.05,2009,1,31,10,220,-32_159,21.176898956298828,23.308124542236328,21.653498089423376,23.340644621079967,2004,Lord Howe Island Marine Park,0
Neoglyphidodon polyacanthus,-31.54,159.05,2009,1,31,12.5,1,-32_159,21.176898956298828,23.308124542236328,21.653498089423376,23.340644621079967,2004,Lord Howe Island Marine Park,0
Neoglyphidodon polyacanthus,-31.5,159.07,2009,2,1,5,1,-32_159,21.176898956298828,24.173982620239254,21.653498089423376,25.09160658291408,2004,Lord Howe Island Marine Park,0
Neoglyphidodon polyacanthus,-31.5,159.07,2009,2,1,7.5,1,-32_159,21.176898956298828,24.173982620239254,21.653498089423376,25.09160658291408,2004,Lord Howe Island Marine Park,0
Neoglyphidodon polyacanthus,-31.54,159.05,2009,1,31,10,20,-32_159,21.176898956298828,23.308124542236328,21.653498089423376,23.340644621079967,2004,Lord Howe Island Marine Park,0
Neoglyphidodon polyacanthus,-31.54,159.05,2009,1,31,5,2,-32_159,21.176898956298828,23.308124542236328,21.653498089423376,23.340644621079967,2004,Lord Howe Island Marine Park,0
Neoglyphidodon polyacanthus,-31.54,159.05,2009,1,31,7.5,3,-32_159,21.176898956298828,23.308124542236328,21.653498089423376,23.340644621079967,2004,Lord Howe Island Marine Park,0
Neoglyphidodon polyacanthus,-31.54,159.05,2009,1,31,10,1,-32_159,21.176898956298828,23.308124542236328,21.653498089423376,23.340644621079967,2004,Lord Howe Island Marine Park,0
Neoglyphidodon polyacanthus,-31.54,159.05,2010,2,9,7.5,13,-32_159,21.72306474049886,25.04777717590332,22.036905469780876,25.60339229447501,2004,Lord Howe Island Marine Park,0
Neoglyphidodon polyacanthus,-31.54,159.05,2010,2,9,10,13,-32_159,21.72306474049886,25.04777717590332,22.036905469780876,25.60339229447501,2004,Lord Howe Island Marine Park,0
Neoglyphidodon polyacanthus,-31.54,159.05,2010,2,9,12.5,12,-32_159,21.72306474049886,25.04777717590332,22.036905469780876,25.60339229447501,2004,Lord Howe Island Marine Park,0
Neoglyphidodon polyacanthus,-31.54,159.05,2010,2,9,7.5,8,-32_159,21.72306474049886,25.04777717590332,22.036905469780876,25.60339229447501,2004,Lord Howe Island Marine Park,0
Neoglyphidodon polyacanthus,-31.54,159.05,2010,2,9,10,12,-32_159,21.72306474049886,25.04777717590332,22.036905469780876,25.60339229447501,2004,Lord Howe Island Marine Park,0
Neoglyphidodon polyacanthus,-31.54,159.05,2010,2,9,12.5,8,-32_159,21.72306474049886,25.04777717590332,22.036905469780876,25.60339229447501,2004,Lord Howe Island Marine Park,0
Neoglyphidodon polyacanthus,-31.52,159.04,2009,2,1,2.5,1,-32_159,21.176898956298828,24.173982620239254,21.653498089423376,25.09160658291408,2004,Lord Howe Island Marine Park,0
Neoglyphidodon polyacanthus,-31.52,159.04,2009,2,1,12.5,4,-32_159,21.176898956298828,24.173982620239254,21.653498089423376,25.09160658291408,2004,Lord Howe Island Marine Park,0
Neoglyphidodon polyacanthus,-31.52,159.04,2009,2,1,15,2,-32_159,21.176898956298828,24.173982620239254,21.653498089423376,25.09160658291408,2004,Lord Howe Island Marine Park,0
Neoglyphidodon polyacanthus,-31.52,159.04,2009,2,1,5,50,-32_159,21.176898956298828,24.173982620239254,21.653498089423376,25.09160658291408,2004,Lord Howe Island Marine Park,0
Neoglyphidodon polyacanthus,-31.52,159.04,2009,2,1,7.5,50,-32_159,21.176898956298828,24.173982620239254,21.653498089423376,25.09160658291408,2004,Lord Howe Island Marine Park,0
Neoglyphidodon polyacanthus,-31.52,159.04,2009,2,1,7.5,1,-32_159,21.176898956298828,24.173982620239254,21.653498089423376,25.09160658291408,2004,Lord Howe Island Marine Park,0
Neoglyphidodon polyacanthus,-31.5,159.07,2010,2,10,15,1,-32_159,21.72306474049886,25.04777717590332,22.036905469780876,25.60339229447501,2004,Lord Howe Island Marine Park,0
Neoglyphidodon polyacanthus,-31.52,159.04,2010,2,13,10,1,-32_159,21.72306474049886,25.04777717590332,22.036905469780876,25.60339229447501,2004,Lord Howe Island Marine Park,0
Neoglyphidodon polyacanthus,-31.52,159.04,2010,2,13,12.5,12,-32_159,21.72306474049886,25.04777717590332,22.036905469780876,25.60339229447501,2004,Lord Howe Island Marine Park,0
Neoglyphidodon polyacanthus,-31.52,159.04,2010,2,13,15,3,-32_159,21.72306474049886,25.04777717590332,22.036905469780876,25.60339229447501,2004,Lord Howe Island Marine Park,0
Neoglyphidodon polyacanthus,-31.52,159.04,2010,2,13,12.5,6,-32_159,21.72306474049886,25.04777717590332,22.036905469780876,25.60339229447501,2004,Lord Howe Island Marine Park,0
Neoglyphidodon polyacanthus,-31.52,159.04,2010,2,13,15,12,-32_159,21.72306474049886,25.04777717590332,22.036905469780876,25.60339229447501,2004,Lord Howe Island Marine Park,0
Neoglyphidodon polyacanthus,-31.52,159.04,2010,2,13,7.5,3,-32_159,21.72306474049886,25.04777717590332,22.036905469780876,25.60339229447501,2004,Lord Howe Island Marine Park,0
Neoglyphidodon polyacanthus,-31.52,159.04,2010,2,13,10,4,-32_159,21.72306474049886,25.04777717590332,22.036905469780876,25.60339229447501,2004,Lord Howe Island Marine Park,0
Neoglyphidodon polyacanthus,-31.52,159.04,2010,2,13,12.5,1,-32_159,21.72306474049886,25.04777717590332,22.036905469780876,25.60339229447501,2004,Lord Howe Island Marine Park,0
Neoglyphidodon polyacanthus,-31.52,159.04,2010,2,13,7.5,1,-32_159,21.72306474049886,25.04777717590332,22.036905469780876,25.60339229447501,2004,Lord Howe Island Marine Park,0
Neoglyphidodon polyacanthus,-31.52,159.04,2010,2,13,10,2,-32_159,21.72306474049886,25.04777717590332,22.036905469780876,25.60339229447501,2004,Lord Howe Island Marine Park,0
Neoglyphidodon polyacanthus,-31.5,159.07,2009,2,7,12.5,1,-32_159,21.176898956298828,24.173982620239254,21.653498089423376,25.09160658291408,NA,NA,0
Neoglyphidodon polyacanthus,-31.5,159.07,2009,2,7,5,1,-32_159,21.176898956298828,24.173982620239254,21.653498089423376,25.09160658291408,NA,NA,0
Neoglyphidodon polyacanthus,-31.5,159.07,2009,2,7,7.5,1,-32_159,21.176898956298828,24.173982620239254,21.653498089423376,25.09160658291408,NA,NA,0
Neoglyphidodon polyacanthus,-31.5,159.07,2009,2,7,10,2,-32_159,21.176898956298828,24.173982620239254,21.653498089423376,25.09160658291408,NA,NA,0
Neoglyphidodon polyacanthus,-31.5,159.07,2009,2,7,12.5,3,-32_159,21.176898956298828,24.173982620239254,21.653498089423376,25.09160658291408,NA,NA,0
Neoglyphidodon polyacanthus,-31.5,159.07,2009,2,7,15,1,-32_159,21.176898956298828,24.173982620239254,21.653498089423376,25.09160658291408,NA,NA,0
Neoglyphidodon polyacanthus,-31.5,159.07,2009,2,7,2.5,1,-32_159,21.176898956298828,24.173982620239254,21.653498089423376,25.09160658291408,NA,NA,0
Neoglyphidodon polyacanthus,-31.5,159.07,2009,2,7,20,1,-32_159,21.176898956298828,24.173982620239254,21.653498089423376,25.09160658291408,NA,NA,0
Neoglyphidodon polyacanthus,-31.5,159.07,2009,2,7,2.5,2,-32_159,21.176898956298828,24.173982620239254,21.653498089423376,25.09160658291408,NA,NA,0
Neoglyphidodon polyacanthus,-31.5,159.07,2009,2,7,5,2,-32_159,21.176898956298828,24.173982620239254,21.653498089423376,25.09160658291408,NA,NA,0
Neoglyphidodon polyacanthus,-31.5,159.07,2009,2,7,2.5,1,-32_159,21.176898956298828,24.173982620239254,21.653498089423376,25.09160658291408,NA,NA,0
Neoglyphidodon polyacanthus,-31.5,159.07,2009,2,7,12.5,3,-32_159,21.176898956298828,24.173982620239254,21.653498089423376,25.09160658291408,NA,NA,0
Neoglyphidodon polyacanthus,-31.5,159.07,2010,2,10,12.5,2,-32_159,21.72306474049886,25.04777717590332,22.036905469780876,25.60339229447501,2004,Lord Howe Island Marine Park,0
Neoglyphidodon polyacanthus,-31.5,159.07,2010,2,10,15,7,-32_159,21.72306474049886,25.04777717590332,22.036905469780876,25.60339229447501,2004,Lord Howe Island Marine Park,0
Neoglyphidodon polyacanthus,-31.5,159.07,2010,2,10,7.5,8,-32_159,21.72306474049886,25.04777717590332,22.036905469780876,25.60339229447501,2004,Lord Howe Island Marine Park,0
Neoglyphidodon polyacanthus,-31.5,159.07,2010,2,10,10,12,-32_159,21.72306474049886,25.04777717590332,22.036905469780876,25.60339229447501,2004,Lord Howe Island Marine Park,0
Neoglyphidodon polyacanthus,-31.5,159.07,2010,2,10,12.5,8,-32_159,21.72306474049886,25.04777717590332,22.036905469780876,25.60339229447501,2004,Lord Howe Island Marine Park,0
Neoglyphidodon polyacanthus,-31.5,159.07,2010,2,10,15,8,-32_159,21.72306474049886,25.04777717590332,22.036905469780876,25.60339229447501,2004,Lord Howe Island Marine Park,0
Neoglyphidodon polyacanthus,-31.58,159.07,2009,2,6,7.5,2,-32_159,21.176898956298828,24.173982620239254,21.653498089423376,25.09160658291408,NA,NA,0
Neoglyphidodon polyacanthus,-31.58,159.07,2009,2,6,5,1,-32_159,21.176898956298828,24.173982620239254,21.653498089423376,25.09160658291408,NA,NA,0
Neoglyphidodon polyacanthus,-31.58,159.07,2009,2,6,10,2,-32_159,21.176898956298828,24.173982620239254,21.653498089423376,25.09160658291408,NA,NA,0
Neoglyphidodon polyacanthus,-31.52,159.04,2009,2,7,2.5,5,-32_159,21.176898956298828,24.173982620239254,21.653498089423376,25.09160658291408,2004,Lord Howe Island Marine Park,0
Neoglyphidodon polyacanthus,-31.52,159.04,2009,2,7,5,3,-32_159,21.176898956298828,24.173982620239254,21.653498089423376,25.09160658291408,2004,Lord Howe Island Marine Park,0
Neoglyphidodon polyacanthus,-31.52,159.04,2009,2,7,7.5,2,-32_159,21.176898956298828,24.173982620239254,21.653498089423376,25.09160658291408,2004,Lord Howe Island Marine Park,0
Neoglyphidodon polyacanthus,-31.52,159.04,2009,2,7,7.5,1,-32_159,21.176898956298828,24.173982620239254,21.653498089423376,25.09160658291408,2004,Lord Howe Island Marine Park,0
Neoglyphidodon polyacanthus,-31.52,159.04,2009,2,7,2.5,4,-32_159,21.176898956298828,24.173982620239254,21.653498089423376,25.09160658291408,2004,Lord Howe Island Marine Park,0
Neoglyphidodon polyacanthus,-31.52,159.04,2009,2,7,7.5,3,-32_159,21.176898956298828,24.173982620239254,21.653498089423376,25.09160658291408,2004,Lord Howe Island Marine Park,0
Neoglyphidodon polyacanthus,-31.52,159.04,2009,2,7,2.5,3,-32_159,21.176898956298828,24.173982620239254,21.653498089423376,25.09160658291408,2004,Lord Howe Island Marine Park,0
Neoglyphidodon polyacanthus,-31.52,159.04,2009,2,7,7.5,1,-32_159,21.176898956298828,24.173982620239254,21.653498089423376,25.09160658291408,2004,Lord Howe Island Marine Park,0
Neoglyphidodon polyacanthus,-31.52,159.04,2009,2,7,12.5,1,-32_159,21.176898956298828,24.173982620239254,21.653498089423376,25.09160658291408,2004,Lord Howe Island Marine Park,0
Neoglyphidodon polyacanthus,-31.52,159.04,2009,2,7,5,1,-32_159,21.176898956298828,24.173982620239254,21.653498089423376,25.09160658291408,2004,Lord Howe Island Marine Park,0
Neoglyphidodon polyacanthus,-31.52,159.04,2009,2,7,7.5,1,-32_159,21.176898956298828,24.173982620239254,21.653498089423376,25.09160658291408,2004,Lord Howe Island Marine Park,0
Neoglyphidodon polyacanthus,-31.52,159.04,2009,2,7,10,2,-32_159,21.176898956298828,24.173982620239254,21.653498089423376,25.09160658291408,2004,Lord Howe Island Marine Park,0
Neoglyphidodon polyacanthus,-31.52,159.04,2009,2,7,12.5,5,-32_159,21.176898956298828,24.173982620239254,21.653498089423376,25.09160658291408,2004,Lord Howe Island Marine Park,0
Neoglyphidodon polyacanthus,-31.52,159.04,2009,2,7,10,1,-32_159,21.176898956298828,24.173982620239254,21.653498089423376,25.09160658291408,2004,Lord Howe Island Marine Park,0
Neoglyphidodon polyacanthus,-31.52,159.04,2009,2,7,15,1,-32_159,21.176898956298828,24.173982620239254,21.653498089423376,25.09160658291408,2004,Lord Howe Island Marine Park,0
Neoglyphidodon polyacanthus,-31.52,159.04,2009,2,7,20,1,-32_159,21.176898956298828,24.173982620239254,21.653498089423376,25.09160658291408,2004,Lord Howe Island Marine Park,0
Neoglyphidodon polyacanthus,-31.52,159.04,2009,2,7,2.5,1,-32_159,21.176898956298828,24.173982620239254,21.653498089423376,25.09160658291408,2004,Lord Howe Island Marine Park,0
Neoglyphidodon polyacanthus,-31.52,159.04,2009,2,7,7.5,1,-32_159,21.176898956298828,24.173982620239254,21.653498089423376,25.09160658291408,2004,Lord Howe Island Marine Park,0
Neoglyphidodon polyacanthus,-31.52,159.04,2009,2,7,10,2,-32_159,21.176898956298828,24.173982620239254,21.653498089423376,25.09160658291408,2004,Lord Howe Island Marine Park,0
Neoglyphidodon polyacanthus,-31.52,159.04,2009,2,7,12.5,2,-32_159,21.176898956298828,24.173982620239254,21.653498089423376,25.09160658291408,2004,Lord Howe Island Marine Park,0
Neoglyphidodon polyacanthus,-31.52,159.04,2009,2,7,12.5,3,-32_159,21.176898956298828,24.173982620239254,21.653498089423376,25.09160658291408,2004,Lord Howe Island Marine Park,0
Neoglyphidodon polyacanthus,-31.52,159.04,2009,2,7,10,1,-32_159,21.176898956298828,24.173982620239254,21.653498089423376,25.09160658291408,2004,Lord Howe Island Marine Park,0
Neoglyphidodon polyacanthus,-31.52,159.04,2009,2,7,12.5,1,-32_159,21.176898956298828,24.173982620239254,21.653498089423376,25.09160658291408,2004,Lord Howe Island Marine Park,0
Neoglyphidodon polyacanthus,-31.52,159.04,2009,2,7,5,2,-32_159,21.176898956298828,24.173982620239254,21.653498089423376,25.09160658291408,2004,Lord Howe Island Marine Park,0
Neoglyphidodon polyacanthus,-31.52,159.04,2009,2,7,10,3,-32_159,21.176898956298828,24.173982620239254,21.653498089423376,25.09160658291408,2004,Lord Howe Island Marine Park,0
Neoglyphidodon polyacanthus,-31.52,159.04,2009,2,7,5,5,-32_159,21.176898956298828,24.173982620239254,21.653498089423376,25.09160658291408,2004,Lord Howe Island Marine Park,0
Neoglyphidodon polyacanthus,-31.52,159.04,2009,2,7,10,2,-32_159,21.176898956298828,24.173982620239254,21.653498089423376,25.09160658291408,2004,Lord Howe Island Marine Park,0
Neoglyphidodon polyacanthus,-31.52,159.04,2010,2,10,7.5,3,-32_159,21.72306474049886,25.04777717590332,22.036905469780876,25.60339229447501,2004,Lord Howe Island Marine Park,0
Neoglyphidodon polyacanthus,-31.52,159.04,2010,2,10,10,3,-32_159,21.72306474049886,25.04777717590332,22.036905469780876,25.60339229447501,2004,Lord Howe Island Marine Park,0
Neoglyphidodon polyacanthus,-31.52,159.04,2010,2,10,12.5,13,-32_159,21.72306474049886,25.04777717590332,22.036905469780876,25.60339229447501,2004,Lord Howe Island Marine Park,0
Neoglyphidodon polyacanthus,-31.52,159.04,2010,2,10,7.5,2,-32_159,21.72306474049886,25.04777717590332,22.036905469780876,25.60339229447501,2004,Lord Howe Island Marine Park,0
Neoglyphidodon polyacanthus,-31.52,159.04,2010,2,10,12.5,10,-32_159,21.72306474049886,25.04777717590332,22.036905469780876,25.60339229447501,2004,Lord Howe Island Marine Park,0
Neoglyphidodon polyacanthus,-31.52,159.04,2010,2,10,15,3,-32_159,21.72306474049886,25.04777717590332,22.036905469780876,25.60339229447501,2004,Lord Howe Island Marine Park,0
Neoglyphidodon polyacanthus,-31.52,159.04,2010,2,10,2.5,1,-32_159,21.72306474049886,25.04777717590332,22.036905469780876,25.60339229447501,2004,Lord Howe Island Marine Park,0
Neoglyphidodon polyacanthus,-31.52,159.04,2010,2,10,10,5,-32_159,21.72306474049886,25.04777717590332,22.036905469780876,25.60339229447501,2004,Lord Howe Island Marine Park,0
Neoglyphidodon polyacanthus,-31.52,159.04,2010,2,10,12.5,1,-32_159,21.72306474049886,25.04777717590332,22.036905469780876,25.60339229447501,2004,Lord Howe Island Marine Park,0
Neoglyphidodon polyacanthus,-31.52,159.04,2010,2,10,15,2,-32_159,21.72306474049886,25.04777717590332,22.036905469780876,25.60339229447501,2004,Lord Howe Island Marine Park,0
Neoglyphidodon polyacanthus,-31.52,159.04,2010,2,10,7.5,1,-32_159,21.72306474049886,25.04777717590332,22.036905469780876,25.60339229447501,2004,Lord Howe Island Marine Park,0
Neoglyphidodon polyacanthus,-31.52,159.04,2010,2,10,10,1,-32_159,21.72306474049886,25.04777717590332,22.036905469780876,25.60339229447501,2004,Lord Howe Island Marine Park,0
Neoglyphidodon polyacanthus,-31.5,159.07,2009,2,2,2.5,1,-32_159,21.176898956298828,24.173982620239254,21.653498089423376,25.09160658291408,2004,Lord Howe Island Marine Park,0
Neoglyphidodon polyacanthus,-31.5,159.07,2009,2,2,5,2,-32_159,21.176898956298828,24.173982620239254,21.653498089423376,25.09160658291408,2004,Lord Howe Island Marine Park,0
Neoglyphidodon polyacanthus,-31.5,159.07,2009,2,2,7.5,2,-32_159,21.176898956298828,24.173982620239254,21.653498089423376,25.09160658291408,2004,Lord Howe Island Marine Park,0
Neoglyphidodon polyacanthus,-31.5,159.07,2009,2,2,10,1,-32_159,21.176898956298828,24.173982620239254,21.653498089423376,25.09160658291408,2004,Lord Howe Island Marine Park,0
Neoglyphidodon polyacanthus,-31.5,159.07,2009,2,2,12.5,1,-32_159,21.176898956298828,24.173982620239254,21.653498089423376,25.09160658291408,2004,Lord Howe Island Marine Park,0
Neoglyphidodon polyacanthus,-31.57,159.1,2010,2,12,7.5,2,-32_159,21.72306474049886,25.04777717590332,22.036905469780876,25.60339229447501,2004,Lord Howe Island Marine Park,0
Neoglyphidodon polyacanthus,-31.57,159.1,2010,2,12,10,2,-32_159,21.72306474049886,25.04777717590332,22.036905469780876,25.60339229447501,2004,Lord Howe Island Marine Park,0
Neoglyphidodon polyacanthus,-31.57,159.1,2010,2,12,15,1,-32_159,21.72306474049886,25.04777717590332,22.036905469780876,25.60339229447501,2004,Lord Howe Island Marine Park,0
Neoglyphidodon polyacanthus,-31.57,159.1,2010,2,12,5,4,-32_159,21.72306474049886,25.04777717590332,22.036905469780876,25.60339229447501,2004,Lord Howe Island Marine Park,0
Neoglyphidodon polyacanthus,-31.57,159.1,2010,2,12,7.5,7,-32_159,21.72306474049886,25.04777717590332,22.036905469780876,25.60339229447501,2004,Lord Howe Island Marine Park,0
Neoglyphidodon polyacanthus,-31.57,159.1,2010,2,12,15,4,-32_159,21.72306474049886,25.04777717590332,22.036905469780876,25.60339229447501,2004,Lord Howe Island Marine Park,0
Neoglyphidodon polyacanthus,-31.57,159.1,2010,2,12,12.5,2,-32_159,21.72306474049886,25.04777717590332,22.036905469780876,25.60339229447501,2004,Lord Howe Island Marine Park,0
Neoglyphidodon polyacanthus,-31.57,159.1,2010,2,12,2.5,1,-32_159,21.72306474049886,25.04777717590332,22.036905469780876,25.60339229447501,2004,Lord Howe Island Marine Park,0
Neoglyphidodon polyacanthus,-31.57,159.1,2010,2,12,5,1,-32_159,21.72306474049886,25.04777717590332,22.036905469780876,25.60339229447501,2004,Lord Howe Island Marine Park,0
Neoglyphidodon polyacanthus,-31.56,159.1,2010,2,12,7.5,6,-32_159,21.72306474049886,25.04777717590332,22.036905469780876,25.60339229447501,NA,NA,0
Neoglyphidodon polyacanthus,-31.56,159.1,2010,2,12,10,18,-32_159,21.72306474049886,25.04777717590332,22.036905469780876,25.60339229447501,NA,NA,0
Neoglyphidodon polyacanthus,-31.58,159.07,2009,2,6,2.5,1,-32_159,21.176898956298828,24.173982620239254,21.653498089423376,25.09160658291408,NA,NA,0
Neoglyphidodon polyacanthus,-31.58,159.07,2009,2,6,2.5,2,-32_159,21.176898956298828,24.173982620239254,21.653498089423376,25.09160658291408,NA,NA,0
Neoglyphidodon polyacanthus,-31.5,159.07,2010,2,11,2.5,1,-32_159,21.72306474049886,25.04777717590332,22.036905469780876,25.60339229447501,NA,NA,0
Neoglyphidodon polyacanthus,-31.5,159.07,2010,2,11,5,2,-32_159,21.72306474049886,25.04777717590332,22.036905469780876,25.60339229447501,NA,NA,0
Neoglyphidodon polyacanthus,-31.5,159.07,2009,2,2,5,3,-32_159,21.176898956298828,24.173982620239254,21.653498089423376,25.09160658291408,2004,Lord Howe Island Marine Park,0
Neoglyphidodon polyacanthus,-31.52,159.03,2010,2,11,2.5,12,-32_159,21.72306474049886,25.04777717590332,22.036905469780876,25.60339229447501,NA,NA,0
Neoglyphidodon polyacanthus,-31.52,159.03,2010,2,11,5,20,-32_159,21.72306474049886,25.04777717590332,22.036905469780876,25.60339229447501,NA,NA,0
Neoglyphidodon polyacanthus,-31.52,159.03,2010,2,11,2.5,15,-32_159,21.72306474049886,25.04777717590332,22.036905469780876,25.60339229447501,NA,NA,0
Neoglyphidodon polyacanthus,-31.56,159.1,2010,2,12,12.5,5,-32_159,21.72306474049886,25.04777717590332,22.036905469780876,25.60339229447501,NA,NA,0
Neoglyphidodon polyacanthus,-31.56,159.1,2010,2,12,15,3,-32_159,21.72306474049886,25.04777717590332,22.036905469780876,25.60339229447501,NA,NA,0
Neoglyphidodon polyacanthus,-31.52,159.03,2010,2,11,5,4,-32_159,21.72306474049886,25.04777717590332,22.036905469780876,25.60339229447501,NA,NA,0
Neoglyphidodon polyacanthus,-31.52,159.03,2010,2,11,2.5,5,-32_159,21.72306474049886,25.04777717590332,22.036905469780876,25.60339229447501,NA,NA,0
Neoglyphidodon polyacanthus,-31.52,159.03,2010,2,11,5,10,-32_159,21.72306474049886,25.04777717590332,22.036905469780876,25.60339229447501,NA,NA,0
Neoglyphidodon polyacanthus,-31.52,159.05,2009,2,5,2.5,1,-32_159,21.176898956298828,24.173982620239254,21.653498089423376,25.09160658291408,2004,Lord Howe Island Marine Park,0
Neoglyphidodon polyacanthus,-31.52,159.05,2009,2,5,5,2,-32_159,21.176898956298828,24.173982620239254,21.653498089423376,25.09160658291408,2004,Lord Howe Island Marine Park,0
Neoglyphidodon polyacanthus,-31.52,159.05,2009,2,5,7.5,20,-32_159,21.176898956298828,24.173982620239254,21.653498089423376,25.09160658291408,2004,Lord Howe Island Marine Park,0
Neoglyphidodon polyacanthus,-31.52,159.05,2009,2,5,10,92,-32_159,21.176898956298828,24.173982620239254,21.653498089423376,25.09160658291408,2004,Lord Howe Island Marine Park,0
Neoglyphidodon polyacanthus,-31.52,159.05,2009,2,5,12.5,5,-32_159,21.176898956298828,24.173982620239254,21.653498089423376,25.09160658291408,2004,Lord Howe Island Marine Park,0
Neoglyphidodon polyacanthus,-31.52,159.05,2009,2,5,5,8,-32_159,21.176898956298828,24.173982620239254,21.653498089423376,25.09160658291408,2004,Lord Howe Island Marine Park,0
Neoglyphidodon polyacanthus,-31.52,159.05,2009,2,5,7.5,12,-32_159,21.176898956298828,24.173982620239254,21.653498089423376,25.09160658291408,2004,Lord Howe Island Marine Park,0
Neoglyphidodon polyacanthus,-31.52,159.05,2009,2,5,10,75,-32_159,21.176898956298828,24.173982620239254,21.653498089423376,25.09160658291408,2004,Lord Howe Island Marine Park,0
Neoglyphidodon polyacanthus,-31.52,159.05,2009,2,5,2.5,1,-32_159,21.176898956298828,24.173982620239254,21.653498089423376,25.09160658291408,2004,Lord Howe Island Marine Park,0
Neoglyphidodon polyacanthus,-31.52,159.05,2009,2,5,5,21,-32_159,21.176898956298828,24.173982620239254,21.653498089423376,25.09160658291408,2004,Lord Howe Island Marine Park,0
Neoglyphidodon polyacanthus,-31.52,159.05,2009,2,5,7.5,69,-32_159,21.176898956298828,24.173982620239254,21.653498089423376,25.09160658291408,2004,Lord Howe Island Marine Park,0
Neoglyphidodon polyacanthus,-31.52,159.05,2009,2,5,10,78,-32_159,21.176898956298828,24.173982620239254,21.653498089423376,25.09160658291408,2004,Lord Howe Island Marine Park,0
Neoglyphidodon polyacanthus,-31.52,159.05,2009,2,5,12.5,6,-32_159,21.176898956298828,24.173982620239254,21.653498089423376,25.09160658291408,2004,Lord Howe Island Marine Park,0
Neoglyphidodon polyacanthus,-31.52,159.03,2010,2,11,2.5,15,-32_159,21.72306474049886,25.04777717590332,22.036905469780876,25.60339229447501,NA,NA,0
Neoglyphidodon polyacanthus,-31.52,159.03,2010,2,11,5,30,-32_159,21.72306474049886,25.04777717590332,22.036905469780876,25.60339229447501,NA,NA,0
Neoglyphidodon polyacanthus,-31.52,159.05,2009,2,5,5,3,-32_159,21.176898956298828,24.173982620239254,21.653498089423376,25.09160658291408,2004,Lord Howe Island Marine Park,0
Neoglyphidodon polyacanthus,-31.52,159.05,2009,2,5,7.5,50,-32_159,21.176898956298828,24.173982620239254,21.653498089423376,25.09160658291408,2004,Lord Howe Island Marine Park,0
Neoglyphidodon polyacanthus,-31.52,159.05,2009,2,5,10,110,-32_159,21.176898956298828,24.173982620239254,21.653498089423376,25.09160658291408,2004,Lord Howe Island Marine Park,0
Neoglyphidodon polyacanthus,-31.52,159.05,2009,2,5,12.5,7,-32_159,21.176898956298828,24.173982620239254,21.653498089423376,25.09160658291408,2004,Lord Howe Island Marine Park,0
Neoglyphidodon polyacanthus,-31.52,159.05,2010,2,8,10,26,-32_159,21.72306474049886,25.04777717590332,22.036905469780876,25.60339229447501,2004,Lord Howe Island Marine Park,0
Neoglyphidodon polyacanthus,-31.52,159.05,2010,2,8,12.5,26,-32_159,21.72306474049886,25.04777717590332,22.036905469780876,25.60339229447501,2004,Lord Howe Island Marine Park,0
Neoglyphidodon polyacanthus,-31.52,159.05,2010,2,8,15,26,-32_159,21.72306474049886,25.04777717590332,22.036905469780876,25.60339229447501,2004,Lord Howe Island Marine Park,0
Neoglyphidodon polyacanthus,-31.52,159.05,2010,2,8,5,1,-32_159,21.72306474049886,25.04777717590332,22.036905469780876,25.60339229447501,2004,Lord Howe Island Marine Park,0
Neoglyphidodon polyacanthus,-31.52,159.05,2010,2,8,7.5,1,-32_159,21.72306474049886,25.04777717590332,22.036905469780876,25.60339229447501,2004,Lord Howe Island Marine Park,0
Neoglyphidodon polyacanthus,-31.52,159.05,2010,2,8,10,30,-32_159,21.72306474049886,25.04777717590332,22.036905469780876,25.60339229447501,2004,Lord Howe Island Marine Park,0
Neoglyphidodon polyacanthus,-31.52,159.05,2010,2,8,12.5,30,-32_159,21.72306474049886,25.04777717590332,22.036905469780876,25.60339229447501,2004,Lord Howe Island Marine Park,0
Neoglyphidodon polyacanthus,-31.52,159.05,2010,2,8,15,36,-32_159,21.72306474049886,25.04777717590332,22.036905469780876,25.60339229447501,2004,Lord Howe Island Marine Park,0
Neoglyphidodon polyacanthus,-31.52,159.05,2010,2,8,5,2,-32_159,21.72306474049886,25.04777717590332,22.036905469780876,25.60339229447501,2004,Lord Howe Island Marine Park,0
Neoglyphidodon polyacanthus,-31.52,159.05,2010,2,8,7.5,15,-32_159,21.72306474049886,25.04777717590332,22.036905469780876,25.60339229447501,2004,Lord Howe Island Marine Park,0
Neoglyphidodon polyacanthus,-31.52,159.05,2010,2,8,10,21,-32_159,21.72306474049886,25.04777717590332,22.036905469780876,25.60339229447501,2004,Lord Howe Island Marine Park,0
Neoglyphidodon polyacanthus,-31.52,159.05,2010,2,8,7.5,1,-32_159,21.72306474049886,25.04777717590332,22.036905469780876,25.60339229447501,2004,Lord Howe Island Marine Park,0
Neoglyphidodon polyacanthus,-31.52,159.05,2010,2,8,10,2,-32_159,21.72306474049886,25.04777717590332,22.036905469780876,25.60339229447501,2004,Lord Howe Island Marine Park,0
Neoglyphidodon polyacanthus,-31.55,159.06,2010,2,9,5,1,-32_159,21.72306474049886,25.04777717590332,22.036905469780876,25.60339229447501,2004,Lord Howe Island Marine Park,0
Neoglyphidodon polyacanthus,-31.55,159.06,2010,2,9,10,26,-32_159,21.72306474049886,25.04777717590332,22.036905469780876,25.60339229447501,2004,Lord Howe Island Marine Park,0
Neoglyphidodon polyacanthus,-31.52,159.05,2010,2,8,2.5,1,-32_159,21.72306474049886,25.04777717590332,22.036905469780876,25.60339229447501,2004,Lord Howe Island Marine Park,0
Neoglyphidodon polyacanthus,-31.52,159.05,2010,2,8,5,8,-32_159,21.72306474049886,25.04777717590332,22.036905469780876,25.60339229447501,2004,Lord Howe Island Marine Park,0
Neoglyphidodon polyacanthus,-31.52,159.05,2010,2,8,7.5,22,-32_159,21.72306474049886,25.04777717590332,22.036905469780876,25.60339229447501,2004,Lord Howe Island Marine Park,0
Neoglyphidodon polyacanthus,-31.52,159.05,2010,2,8,10,30,-32_159,21.72306474049886,25.04777717590332,22.036905469780876,25.60339229447501,2004,Lord Howe Island Marine Park,0
Neoglyphidodon polyacanthus,-31.52,159.05,2010,2,8,5,1,-32_159,21.72306474049886,25.04777717590332,22.036905469780876,25.60339229447501,2004,Lord Howe Island Marine Park,0
Neoglyphidodon polyacanthus,-31.52,159.05,2010,2,8,7.5,28,-32_159,21.72306474049886,25.04777717590332,22.036905469780876,25.60339229447501,2004,Lord Howe Island Marine Park,0
Neoglyphidodon polyacanthus,-31.52,159.05,2010,2,8,10,41,-32_159,21.72306474049886,25.04777717590332,22.036905469780876,25.60339229447501,2004,Lord Howe Island Marine Park,0
Neoglyphidodon polyacanthus,-31.55,159.06,2010,2,9,10,11,-32_159,21.72306474049886,25.04777717590332,22.036905469780876,25.60339229447501,2004,Lord Howe Island Marine Park,0
Neoglyphidodon polyacanthus,-31.52,159.05,2009,2,5,2.5,40,-32_159,21.176898956298828,24.173982620239254,21.653498089423376,25.09160658291408,2004,Lord Howe Island Marine Park,0
Neoglyphidodon polyacanthus,-31.52,159.05,2009,2,5,5,47,-32_159,21.176898956298828,24.173982620239254,21.653498089423376,25.09160658291408,2004,Lord Howe Island Marine Park,0
Neoglyphidodon polyacanthus,-31.52,159.05,2009,2,5,7.5,37,-32_159,21.176898956298828,24.173982620239254,21.653498089423376,25.09160658291408,2004,Lord Howe Island Marine Park,0
Neoglyphidodon polyacanthus,-31.52,159.05,2009,2,5,10,60,-32_159,21.176898956298828,24.173982620239254,21.653498089423376,25.09160658291408,2004,Lord Howe Island Marine Park,0
Neoglyphidodon polyacanthus,-31.52,159.05,2009,2,5,7.5,13,-32_159,21.176898956298828,24.173982620239254,21.653498089423376,25.09160658291408,2004,Lord Howe Island Marine Park,0
Neoglyphidodon polyacanthus,-31.52,159.05,2009,2,5,12.5,10,-32_159,21.176898956298828,24.173982620239254,21.653498089423376,25.09160658291408,2004,Lord Howe Island Marine Park,0
Neoglyphidodon polyacanthus,-31.52,159.05,2009,2,5,15,23,-32_159,21.176898956298828,24.173982620239254,21.653498089423376,25.09160658291408,2004,Lord Howe Island Marine Park,0
Neoglyphidodon polyacanthus,-31.52,159.05,2009,2,5,20,10,-32_159,21.176898956298828,24.173982620239254,21.653498089423376,25.09160658291408,2004,Lord Howe Island Marine Park,0
Neoglyphidodon polyacanthus,-31.52,159.05,2009,2,5,2.5,25,-32_159,21.176898956298828,24.173982620239254,21.653498089423376,25.09160658291408,2004,Lord Howe Island Marine Park,0
Neoglyphidodon polyacanthus,-31.52,159.05,2009,2,5,5,22,-32_159,21.176898956298828,24.173982620239254,21.653498089423376,25.09160658291408,2004,Lord Howe Island Marine Park,0
Neoglyphidodon polyacanthus,-31.52,159.05,2009,2,5,7.5,17,-32_159,21.176898956298828,24.173982620239254,21.653498089423376,25.09160658291408,2004,Lord Howe Island Marine Park,0
Neoglyphidodon polyacanthus,-31.52,159.05,2009,2,5,10,15,-32_159,21.176898956298828,24.173982620239254,21.653498089423376,25.09160658291408,2004,Lord Howe Island Marine Park,0
Neoglyphidodon polyacanthus,-31.52,159.05,2009,2,5,2.5,1,-32_159,21.176898956298828,24.173982620239254,21.653498089423376,25.09160658291408,2004,Lord Howe Island Marine Park,0
Neoglyphidodon polyacanthus,-31.52,159.05,2009,2,5,5,5,-32_159,21.176898956298828,24.173982620239254,21.653498089423376,25.09160658291408,2004,Lord Howe Island Marine Park,0
Neoglyphidodon polyacanthus,-31.52,159.05,2009,2,5,7.5,14,-32_159,21.176898956298828,24.173982620239254,21.653498089423376,25.09160658291408,2004,Lord Howe Island Marine Park,0
Neoglyphidodon polyacanthus,-31.52,159.05,2009,2,5,10,35,-32_159,21.176898956298828,24.173982620239254,21.653498089423376,25.09160658291408,2004,Lord Howe Island Marine Park,0
Neoglyphidodon polyacanthus,-31.52,159.05,2009,2,5,12.5,90,-32_159,21.176898956298828,24.173982620239254,21.653498089423376,25.09160658291408,2004,Lord Howe Island Marine Park,0
Neoglyphidodon polyacanthus,-31.52,159.05,2009,2,5,15,50,-32_159,21.176898956298828,24.173982620239254,21.653498089423376,25.09160658291408,2004,Lord Howe Island Marine Park,0
Neoglyphidodon polyacanthus,-31.52,159.05,2009,2,5,20,60,-32_159,21.176898956298828,24.173982620239254,21.653498089423376,25.09160658291408,2004,Lord Howe Island Marine Park,0
Neoglyphidodon polyacanthus,-31.55,159.06,2010,2,9,5,5,-32_159,21.72306474049886,25.04777717590332,22.036905469780876,25.60339229447501,2004,Lord Howe Island Marine Park,0
Neoglyphidodon polyacanthus,-31.55,159.06,2010,2,9,7.5,15,-32_159,21.72306474049886,25.04777717590332,22.036905469780876,25.60339229447501,2004,Lord Howe Island Marine Park,0
Neoglyphidodon polyacanthus,-31.55,159.06,2010,2,9,10,25,-32_159,21.72306474049886,25.04777717590332,22.036905469780876,25.60339229447501,2004,Lord Howe Island Marine Park,0
Neoglyphidodon polyacanthus,-31.55,159.06,2010,2,9,7.5,10,-32_159,21.72306474049886,25.04777717590332,22.036905469780876,25.60339229447501,2004,Lord Howe Island Marine Park,0
Neoglyphidodon polyacanthus,-31.55,159.06,2010,2,9,10,40,-32_159,21.72306474049886,25.04777717590332,22.036905469780876,25.60339229447501,2004,Lord Howe Island Marine Park,0
Neoglyphidodon polyacanthus,-31.55,159.06,2010,2,9,5,2,-32_159,21.72306474049886,25.04777717590332,22.036905469780876,25.60339229447501,2004,Lord Howe Island Marine Park,0
Neoglyphidodon polyacanthus,-31.55,159.06,2010,2,9,10,3,-32_159,21.72306474049886,25.04777717590332,22.036905469780876,25.60339229447501,2004,Lord Howe Island Marine Park,0
Neoglyphidodon polyacanthus,-31.55,159.06,2010,2,9,10,2,-32_159,21.72306474049886,25.04777717590332,22.036905469780876,25.60339229447501,2004,Lord Howe Island Marine Park,0
Neoglyphidodon polyacanthus,-31.55,159.06,2010,2,9,7.5,2,-32_159,21.72306474049886,25.04777717590332,22.036905469780876,25.60339229447501,2004,Lord Howe Island Marine Park,0
Neoglyphidodon polyacanthus,-31.55,159.06,2010,2,9,10,1,-32_159,21.72306474049886,25.04777717590332,22.036905469780876,25.60339229447501,2004,Lord Howe Island Marine Park,0
Neoglyphidodon polyacanthus,-31.55,159.06,2010,2,9,12.5,20,-32_159,21.72306474049886,25.04777717590332,22.036905469780876,25.60339229447501,2004,Lord Howe Island Marine Park,0
Neoglyphidodon polyacanthus,-31.55,159.06,2010,2,9,15,20,-32_159,21.72306474049886,25.04777717590332,22.036905469780876,25.60339229447501,2004,Lord Howe Island Marine Park,0
Neoglyphidodon polyacanthus,-31.55,159.06,2010,2,9,10,15,-32_159,21.72306474049886,25.04777717590332,22.036905469780876,25.60339229447501,2004,Lord Howe Island Marine Park,0
Neoglyphidodon polyacanthus,-31.55,159.06,2010,2,9,12.5,18,-32_159,21.72306474049886,25.04777717590332,22.036905469780876,25.60339229447501,2004,Lord Howe Island Marine Park,0
Neoglyphidodon polyacanthus,-31.55,159.06,2010,2,9,15,15,-32_159,21.72306474049886,25.04777717590332,22.036905469780876,25.60339229447501,2004,Lord Howe Island Marine Park,0
Neoglyphidodon polyacanthus,-31.51,159.06,2009,2,2,7.5,5,-32_159,21.176898956298828,24.173982620239254,21.653498089423376,25.09160658291408,2004,Lord Howe Island Marine Park,0
Neoglyphidodon polyacanthus,-31.51,159.06,2009,2,2,10,1,-32_159,21.176898956298828,24.173982620239254,21.653498089423376,25.09160658291408,2004,Lord Howe Island Marine Park,0
Neoglyphidodon polyacanthus,-31.51,159.06,2009,2,2,5,1,-32_159,21.176898956298828,24.173982620239254,21.653498089423376,25.09160658291408,2004,Lord Howe Island Marine Park,0
Neoglyphidodon polyacanthus,-31.51,159.06,2009,2,2,7.5,4,-32_159,21.176898956298828,24.173982620239254,21.653498089423376,25.09160658291408,2004,Lord Howe Island Marine Park,0
Neoglyphidodon polyacanthus,-31.51,159.06,2009,2,2,10,1,-32_159,21.176898956298828,24.173982620239254,21.653498089423376,25.09160658291408,2004,Lord Howe Island Marine Park,0
Neoglyphidodon polyacanthus,-31.51,159.06,2009,2,2,12.5,3,-32_159,21.176898956298828,24.173982620239254,21.653498089423376,25.09160658291408,2004,Lord Howe Island Marine Park,0
Neoglyphidodon polyacanthus,-31.51,159.06,2009,2,2,12.5,2,-32_159,21.176898956298828,24.173982620239254,21.653498089423376,25.09160658291408,2004,Lord Howe Island Marine Park,0
Neoglyphidodon polyacanthus,-31.51,159.06,2009,2,2,12.5,3,-32_159,21.176898956298828,24.173982620239254,21.653498089423376,25.09160658291408,2004,Lord Howe Island Marine Park,0
Neoglyphidodon polyacanthus,-31.51,159.06,2009,2,2,12.5,1,-32_159,21.176898956298828,24.173982620239254,21.653498089423376,25.09160658291408,2004,Lord Howe Island Marine Park,0
Neoglyphidodon polyacanthus,-31.51,159.06,2009,2,2,12.5,1,-32_159,21.176898956298828,24.173982620239254,21.653498089423376,25.09160658291408,2004,Lord Howe Island Marine Park,0
Neoglyphidodon polyacanthus,-31.52,159.05,2010,2,8,5,2,-32_159,21.72306474049886,25.04777717590332,22.036905469780876,25.60339229447501,2004,Lord Howe Island Marine Park,0
Neoglyphidodon polyacanthus,-31.52,159.05,2010,2,8,7.5,2,-32_159,21.72306474049886,25.04777717590332,22.036905469780876,25.60339229447501,2004,Lord Howe Island Marine Park,0
Neoglyphidodon polyacanthus,-31.52,159.05,2010,2,8,10,45,-32_159,21.72306474049886,25.04777717590332,22.036905469780876,25.60339229447501,2004,Lord Howe Island Marine Park,0
Neoglyphidodon polyacanthus,-31.52,159.05,2010,2,8,7.5,26,-32_159,21.72306474049886,25.04777717590332,22.036905469780876,25.60339229447501,2004,Lord Howe Island Marine Park,0
Neoglyphidodon polyacanthus,-31.52,159.05,2010,2,8,10,21,-32_159,21.72306474049886,25.04777717590332,22.036905469780876,25.60339229447501,2004,Lord Howe Island Marine Park,0
Neoglyphidodon polyacanthus,-31.52,159.05,2010,2,14,5,2,-32_159,21.72306474049886,25.04777717590332,22.036905469780876,25.60339229447501,2004,Lord Howe Island Marine Park,0
Neoglyphidodon polyacanthus,-31.52,159.05,2010,2,14,7.5,120,-32_159,21.72306474049886,25.04777717590332,22.036905469780876,25.60339229447501,2004,Lord Howe Island Marine Park,0
Neoglyphidodon polyacanthus,-31.52,159.05,2010,2,14,10,180,-32_159,21.72306474049886,25.04777717590332,22.036905469780876,25.60339229447501,2004,Lord Howe Island Marine Park,0
Neoglyphidodon polyacanthus,-31.52,159.05,2010,2,14,12.5,25,-32_159,21.72306474049886,25.04777717590332,22.036905469780876,25.60339229447501,2004,Lord Howe Island Marine Park,0
Neoglyphidodon polyacanthus,-31.52,159.05,2010,2,14,2.5,4,-32_159,21.72306474049886,25.04777717590332,22.036905469780876,25.60339229447501,2004,Lord Howe Island Marine Park,0
Neoglyphidodon polyacanthus,-31.52,159.05,2010,2,14,5,12,-32_159,21.72306474049886,25.04777717590332,22.036905469780876,25.60339229447501,2004,Lord Howe Island Marine Park,0
Neoglyphidodon polyacanthus,-31.52,159.05,2010,2,14,7.5,85,-32_159,21.72306474049886,25.04777717590332,22.036905469780876,25.60339229447501,2004,Lord Howe Island Marine Park,0
Neoglyphidodon polyacanthus,-31.52,159.05,2010,2,14,10,175,-32_159,21.72306474049886,25.04777717590332,22.036905469780876,25.60339229447501,2004,Lord Howe Island Marine Park,0
Neoglyphidodon polyacanthus,-31.52,159.05,2010,2,14,12.5,55,-32_159,21.72306474049886,25.04777717590332,22.036905469780876,25.60339229447501,2004,Lord Howe Island Marine Park,0
Neoglyphidodon polyacanthus,-31.52,159.05,2010,2,14,5,45,-32_159,21.72306474049886,25.04777717590332,22.036905469780876,25.60339229447501,2004,Lord Howe Island Marine Park,0
Neoglyphidodon polyacanthus,-31.52,159.05,2010,2,14,7.5,125,-32_159,21.72306474049886,25.04777717590332,22.036905469780876,25.60339229447501,2004,Lord Howe Island Marine Park,0
Neoglyphidodon polyacanthus,-31.52,159.05,2010,2,14,10,130,-32_159,21.72306474049886,25.04777717590332,22.036905469780876,25.60339229447501,2004,Lord Howe Island Marine Park,0
Neoglyphidodon polyacanthus,-31.52,159.05,2010,2,14,12.5,6,-32_159,21.72306474049886,25.04777717590332,22.036905469780876,25.60339229447501,2004,Lord Howe Island Marine Park,0
Neoglyphidodon polyacanthus,-31.52,159.05,2010,2,14,5,5,-32_159,21.72306474049886,25.04777717590332,22.036905469780876,25.60339229447501,2004,Lord Howe Island Marine Park,0
Neoglyphidodon polyacanthus,-31.52,159.05,2010,2,14,7.5,65,-32_159,21.72306474049886,25.04777717590332,22.036905469780876,25.60339229447501,2004,Lord Howe Island Marine Park,0
Neoglyphidodon polyacanthus,-31.52,159.05,2010,2,14,10,120,-32_159,21.72306474049886,25.04777717590332,22.036905469780876,25.60339229447501,2004,Lord Howe Island Marine Park,0
Neoglyphidodon polyacanthus,-31.52,159.05,2010,2,14,12.5,8,-32_159,21.72306474049886,25.04777717590332,22.036905469780876,25.60339229447501,2004,Lord Howe Island Marine Park,0
Neoglyphidodon polyacanthus,-31.58,159.07,2009,2,6,2.5,7,-32_159,21.176898956298828,24.173982620239254,21.653498089423376,25.09160658291408,NA,NA,0
Neoglyphidodon polyacanthus,-31.58,159.07,2009,2,6,5,52,-32_159,21.176898956298828,24.173982620239254,21.653498089423376,25.09160658291408,NA,NA,0
Neoglyphidodon polyacanthus,-31.58,159.07,2009,2,6,7.5,28,-32_159,21.176898956298828,24.173982620239254,21.653498089423376,25.09160658291408,NA,NA,0
Neoglyphidodon polyacanthus,-31.58,159.07,2010,2,9,2.5,4,-32_159,21.72306474049886,25.04777717590332,22.036905469780876,25.60339229447501,NA,NA,0
Neoglyphidodon polyacanthus,-31.58,159.07,2010,2,9,5,6,-32_159,21.72306474049886,25.04777717590332,22.036905469780876,25.60339229447501,NA,NA,0
Neoglyphidodon polyacanthus,-31.58,159.07,2010,2,9,5,2,-32_159,21.72306474049886,25.04777717590332,22.036905469780876,25.60339229447501,NA,NA,0
Neoglyphidodon polyacanthus,-31.58,159.07,2010,2,9,5,2,-32_159,21.72306474049886,25.04777717590332,22.036905469780876,25.60339229447501,NA,NA,0
Neoglyphidodon polyacanthus,-31.58,159.07,2010,2,9,7.5,3,-32_159,21.72306474049886,25.04777717590332,22.036905469780876,25.60339229447501,NA,NA,0
Neoglyphidodon polyacanthus,-31.51,159.06,2010,2,10,15,1,-32_159,21.72306474049886,25.04777717590332,22.036905469780876,25.60339229447501,2004,Lord Howe Island Marine Park,0
Neoglyphidodon polyacanthus,-31.51,159.06,2010,2,10,10,1,-32_159,21.72306474049886,25.04777717590332,22.036905469780876,25.60339229447501,2004,Lord Howe Island Marine Park,0
Neoglyphidodon polyacanthus,-31.51,159.06,2010,2,10,5,1,-32_159,21.72306474049886,25.04777717590332,22.036905469780876,25.60339229447501,2004,Lord Howe Island Marine Park,0
Neoglyphidodon polyacanthus,-31.51,159.06,2010,2,10,7.5,1,-32_159,21.72306474049886,25.04777717590332,22.036905469780876,25.60339229447501,2004,Lord Howe Island Marine Park,0
Neoglyphidodon polyacanthus,-31.51,159.06,2010,2,10,10,5,-32_159,21.72306474049886,25.04777717590332,22.036905469780876,25.60339229447501,2004,Lord Howe Island Marine Park,0
Neoglyphidodon polyacanthus,-31.51,159.06,2010,2,10,10,3,-32_159,21.72306474049886,25.04777717590332,22.036905469780876,25.60339229447501,2004,Lord Howe Island Marine Park,0
Neoglyphidodon polyacanthus,-31.75,159.24,2010,2,11,10,3,-32_159,21.72306474049886,25.04777717590332,22.036905469780876,25.60339229447501,2004,Lord Howe Island Marine Park,0
Neoglyphidodon polyacanthus,-31.75,159.24,2010,2,11,12.5,7,-32_159,21.72306474049886,25.04777717590332,22.036905469780876,25.60339229447501,2004,Lord Howe Island Marine Park,0
Neoglyphidodon polyacanthus,-31.53,159.06,2010,2,14,10,14,-32_159,21.72306474049886,25.04777717590332,22.036905469780876,25.60339229447501,NA,NA,0
Neoglyphidodon polyacanthus,-31.53,159.06,2010,2,14,12.5,4,-32_159,21.72306474049886,25.04777717590332,22.036905469780876,25.60339229447501,NA,NA,0
Neoglyphidodon polyacanthus,-31.53,159.06,2010,2,14,15,3,-32_159,21.72306474049886,25.04777717590332,22.036905469780876,25.60339229447501,NA,NA,0
Neoglyphidodon polyacanthus,-31.53,159.06,2010,2,14,10,3,-32_159,21.72306474049886,25.04777717590332,22.036905469780876,25.60339229447501,NA,NA,0
Neoglyphidodon polyacanthus,-31.53,159.06,2010,2,14,12.5,8,-32_159,21.72306474049886,25.04777717590332,22.036905469780876,25.60339229447501,NA,NA,0
Neoglyphidodon polyacanthus,-31.53,159.06,2010,2,14,15,11,-32_159,21.72306474049886,25.04777717590332,22.036905469780876,25.60339229447501,NA,NA,0
Neoglyphidodon polyacanthus,-31.53,159.06,2010,2,14,5,4,-32_159,21.72306474049886,25.04777717590332,22.036905469780876,25.60339229447501,NA,NA,0
Neoglyphidodon polyacanthus,-31.53,159.06,2010,2,14,7.5,3,-32_159,21.72306474049886,25.04777717590332,22.036905469780876,25.60339229447501,NA,NA,0
Neoglyphidodon polyacanthus,-31.53,159.06,2010,2,14,10,9,-32_159,21.72306474049886,25.04777717590332,22.036905469780876,25.60339229447501,NA,NA,0
Neoglyphidodon polyacanthus,-31.53,159.06,2010,2,14,12.5,13,-32_159,21.72306474049886,25.04777717590332,22.036905469780876,25.60339229447501,NA,NA,0
Neoglyphidodon polyacanthus,-31.53,159.06,2010,2,14,15,4,-32_159,21.72306474049886,25.04777717590332,22.036905469780876,25.60339229447501,NA,NA,0
Neoglyphidodon polyacanthus,-31.53,159.06,2010,2,14,5,2,-32_159,21.72306474049886,25.04777717590332,22.036905469780876,25.60339229447501,NA,NA,0
Neoglyphidodon polyacanthus,-31.53,159.06,2010,2,14,7.5,7,-32_159,21.72306474049886,25.04777717590332,22.036905469780876,25.60339229447501,NA,NA,0
Neoglyphidodon polyacanthus,-31.53,159.06,2010,2,14,10,11,-32_159,21.72306474049886,25.04777717590332,22.036905469780876,25.60339229447501,NA,NA,0
Neoglyphidodon polyacanthus,-31.53,159.06,2010,2,14,12.5,9,-32_159,21.72306474049886,25.04777717590332,22.036905469780876,25.60339229447501,NA,NA,0
Neoglyphidodon polyacanthus,-31.51,159.07,2010,2,12,5,6,-32_159,21.72306474049886,25.04777717590332,22.036905469780876,25.60339229447501,2004,Lord Howe Island Marine Park,0
Neoglyphidodon polyacanthus,-31.51,159.07,2010,2,12,5,7,-32_159,21.72306474049886,25.04777717590332,22.036905469780876,25.60339229447501,2004,Lord Howe Island Marine Park,0
Neoglyphidodon polyacanthus,-31.51,159.07,2010,2,12,15,8,-32_159,21.72306474049886,25.04777717590332,22.036905469780876,25.60339229447501,2004,Lord Howe Island Marine Park,0
Neoglyphidodon polyacanthus,-31.51,159.07,2010,2,12,20,2,-32_159,21.72306474049886,25.04777717590332,22.036905469780876,25.60339229447501,2004,Lord Howe Island Marine Park,0
Neoglyphidodon polyacanthus,-31.51,159.07,2010,2,12,10,2,-32_159,21.72306474049886,25.04777717590332,22.036905469780876,25.60339229447501,2004,Lord Howe Island Marine Park,0
Neoglyphidodon polyacanthus,-31.51,159.07,2010,2,12,12.5,2,-32_159,21.72306474049886,25.04777717590332,22.036905469780876,25.60339229447501,2004,Lord Howe Island Marine Park,0
Neoglyphidodon polyacanthus,-31.51,159.07,2010,2,12,15,4,-32_159,21.72306474049886,25.04777717590332,22.036905469780876,25.60339229447501,2004,Lord Howe Island Marine Park,0
Neoglyphidodon polyacanthus,-31.51,159.04,2009,2,3,10,2,-32_159,21.176898956298828,24.173982620239254,21.653498089423376,25.09160658291408,NA,NA,0
Neoglyphidodon polyacanthus,-31.51,159.07,2010,2,12,7.5,2,-32_159,21.72306474049886,25.04777717590332,22.036905469780876,25.60339229447501,2004,Lord Howe Island Marine Park,0
Neoglyphidodon polyacanthus,-31.51,159.07,2010,2,12,10,2,-32_159,21.72306474049886,25.04777717590332,22.036905469780876,25.60339229447501,2004,Lord Howe Island Marine Park,0
Neoglyphidodon polyacanthus,-31.51,159.04,2009,2,3,12.5,2,-32_159,21.176898956298828,24.173982620239254,21.653498089423376,25.09160658291408,NA,NA,0
Neoglyphidodon polyacanthus,-31.51,159.04,2010,2,12,5,1,-32_159,21.72306474049886,25.04777717590332,22.036905469780876,25.60339229447501,NA,NA,0
Neoglyphidodon polyacanthus,-31.51,159.04,2010,2,12,10,1,-32_159,21.72306474049886,25.04777717590332,22.036905469780876,25.60339229447501,NA,NA,0
Neoglyphidodon polyacanthus,-31.51,159.04,2009,2,3,2.5,1,-32_159,21.176898956298828,24.173982620239254,21.653498089423376,25.09160658291408,NA,NA,0
Neoglyphidodon polyacanthus,-31.51,159.04,2009,2,3,2.5,7,-32_159,21.176898956298828,24.173982620239254,21.653498089423376,25.09160658291408,NA,NA,0
Neoglyphidodon polyacanthus,-31.51,159.04,2009,2,3,5,1,-32_159,21.176898956298828,24.173982620239254,21.653498089423376,25.09160658291408,NA,NA,0
Neoglyphidodon polyacanthus,-31.51,159.04,2009,2,3,2.5,3,-32_159,21.176898956298828,24.173982620239254,21.653498089423376,25.09160658291408,NA,NA,0
Neoglyphidodon polyacanthus,-31.51,159.04,2010,2,12,15,1,-32_159,21.72306474049886,25.04777717590332,22.036905469780876,25.60339229447501,NA,NA,0
Neoglyphidodon polyacanthus,-31.51,159.04,2010,2,12,5,1,-32_159,21.72306474049886,25.04777717590332,22.036905469780876,25.60339229447501,NA,NA,0
Neoglyphidodon polyacanthus,-31.58,159.07,2010,2,9,5,1,-32_159,21.72306474049886,25.04777717590332,22.036905469780876,25.60339229447501,NA,NA,0
Neoglyphidodon polyacanthus,-31.58,159.07,2010,2,9,2.5,11,-32_159,21.72306474049886,25.04777717590332,22.036905469780876,25.60339229447501,NA,NA,0
Neoglyphidodon polyacanthus,-31.58,159.07,2010,2,9,5,15,-32_159,21.72306474049886,25.04777717590332,22.036905469780876,25.60339229447501,NA,NA,0
Neoglyphidodon polyacanthus,-31.58,159.07,2010,2,9,5,6,-32_159,21.72306474049886,25.04777717590332,22.036905469780876,25.60339229447501,NA,NA,0
Neoglyphidodon polyacanthus,-31.57,159.07,2009,2,4,7.5,1,-32_159,21.176898956298828,24.173982620239254,21.653498089423376,25.09160658291408,NA,NA,0
Neoglyphidodon polyacanthus,-31.57,159.07,2009,2,4,10,1,-32_159,21.176898956298828,24.173982620239254,21.653498089423376,25.09160658291408,NA,NA,0
Neoglyphidodon polyacanthus,-31.57,159.07,2009,2,4,5,2,-32_159,21.176898956298828,24.173982620239254,21.653498089423376,25.09160658291408,NA,NA,0
Neoglyphidodon polyacanthus,-31.57,159.07,2009,2,4,2.5,1,-32_159,21.176898956298828,24.173982620239254,21.653498089423376,25.09160658291408,NA,NA,0
Neoglyphidodon polyacanthus,-31.55,159.06,2009,1,31,7.5,7,-32_159,21.176898956298828,23.308124542236328,21.653498089423376,23.340644621079967,2004,Lord Howe Island Marine Park,0
Neoglyphidodon polyacanthus,-31.55,159.06,2009,1,31,10,2,-32_159,21.176898956298828,23.308124542236328,21.653498089423376,23.340644621079967,2004,Lord Howe Island Marine Park,0
Neoglyphidodon polyacanthus,-31.55,159.06,2009,1,31,12.5,3,-32_159,21.176898956298828,23.308124542236328,21.653498089423376,23.340644621079967,2004,Lord Howe Island Marine Park,0
Neoglyphidodon polyacanthus,-31.55,159.06,2009,1,31,10,4,-32_159,21.176898956298828,23.308124542236328,21.653498089423376,23.340644621079967,2004,Lord Howe Island Marine Park,0
Neoglyphidodon polyacanthus,-31.55,159.06,2009,1,31,5,12,-32_159,21.176898956298828,23.308124542236328,21.653498089423376,23.340644621079967,2004,Lord Howe Island Marine Park,0
Neoglyphidodon polyacanthus,-31.55,159.06,2009,1,31,7.5,28,-32_159,21.176898956298828,23.308124542236328,21.653498089423376,23.340644621079967,2004,Lord Howe Island Marine Park,0
Neoglyphidodon polyacanthus,-31.55,159.06,2009,1,31,10,20,-32_159,21.176898956298828,23.308124542236328,21.653498089423376,23.340644621079967,2004,Lord Howe Island Marine Park,0
Neoglyphidodon polyacanthus,-31.55,159.06,2009,1,31,12.5,1,-32_159,21.176898956298828,23.308124542236328,21.653498089423376,23.340644621079967,2004,Lord Howe Island Marine Park,0
Neoglyphidodon polyacanthus,-31.53,159.05,2009,2,8,7.5,1,-32_159,21.176898956298828,24.173982620239254,21.653498089423376,25.09160658291408,NA,NA,0
Neoglyphidodon polyacanthus,-31.53,159.05,2009,2,8,10,1,-32_159,21.176898956298828,24.173982620239254,21.653498089423376,25.09160658291408,NA,NA,0
Neoglyphidodon polyacanthus,-31.53,159.05,2009,2,8,12.5,5,-32_159,21.176898956298828,24.173982620239254,21.653498089423376,25.09160658291408,NA,NA,0
Neoglyphidodon polyacanthus,-31.53,159.05,2009,2,8,15,1,-32_159,21.176898956298828,24.173982620239254,21.653498089423376,25.09160658291408,NA,NA,0
Neoglyphidodon polyacanthus,-31.53,159.05,2009,2,8,5,1,-32_159,21.176898956298828,24.173982620239254,21.653498089423376,25.09160658291408,NA,NA,0
Neoglyphidodon polyacanthus,-31.53,159.05,2009,2,8,15,2,-32_159,21.176898956298828,24.173982620239254,21.653498089423376,25.09160658291408,NA,NA,0
Neoglyphidodon polyacanthus,-31.52,159.08,2010,2,18,10,3,-32_159,21.72306474049886,25.04777717590332,22.036905469780876,25.60339229447501,NA,NA,0
Neoglyphidodon polyacanthus,-31.52,159.08,2010,2,18,12.5,1,-32_159,21.72306474049886,25.04777717590332,22.036905469780876,25.60339229447501,NA,NA,0
Neoglyphidodon polyacanthus,-31.53,159.05,2009,2,8,12.5,6,-32_159,21.176898956298828,24.173982620239254,21.653498089423376,25.09160658291408,NA,NA,0
Neoglyphidodon polyacanthus,-31.53,159.05,2009,2,8,12.5,5,-32_159,21.176898956298828,24.173982620239254,21.653498089423376,25.09160658291408,NA,NA,0
Neoglyphidodon polyacanthus,-31.53,159.05,2009,2,8,7.5,4,-32_159,21.176898956298828,24.173982620239254,21.653498089423376,25.09160658291408,NA,NA,0
Neoglyphidodon polyacanthus,-31.53,159.05,2009,2,8,10,6,-32_159,21.176898956298828,24.173982620239254,21.653498089423376,25.09160658291408,NA,NA,0
Neoglyphidodon polyacanthus,-31.53,159.05,2009,2,8,12.5,1,-32_159,21.176898956298828,24.173982620239254,21.653498089423376,25.09160658291408,NA,NA,0
Neoglyphidodon polyacanthus,-31.53,159.05,2009,2,8,7.5,1,-32_159,21.176898956298828,24.173982620239254,21.653498089423376,25.09160658291408,NA,NA,0
Neoglyphidodon polyacanthus,-31.53,159.05,2009,2,8,10,1,-32_159,21.176898956298828,24.173982620239254,21.653498089423376,25.09160658291408,NA,NA,0
Neoglyphidodon polyacanthus,-31.53,159.05,2009,2,8,15,1,-32_159,21.176898956298828,24.173982620239254,21.653498089423376,25.09160658291408,NA,NA,0
Neoglyphidodon polyacanthus,-31.53,159.05,2009,2,8,7.5,3,-32_159,21.176898956298828,24.173982620239254,21.653498089423376,25.09160658291408,NA,NA,0
Neoglyphidodon polyacanthus,-31.53,159.05,2009,2,8,10,5,-32_159,21.176898956298828,24.173982620239254,21.653498089423376,25.09160658291408,NA,NA,0
Neoglyphidodon polyacanthus,-31.53,159.05,2009,2,8,12.5,1,-32_159,21.176898956298828,24.173982620239254,21.653498089423376,25.09160658291408,NA,NA,0
Neoglyphidodon polyacanthus,-31.53,159.05,2009,2,8,15,1,-32_159,21.176898956298828,24.173982620239254,21.653498089423376,25.09160658291408,NA,NA,0
Neoglyphidodon polyacanthus,-31.52,159.08,2010,2,18,10,2,-32_159,21.72306474049886,25.04777717590332,22.036905469780876,25.60339229447501,NA,NA,0
Neoglyphidodon polyacanthus,-31.53,159.05,2009,2,8,5,11,-32_159,21.176898956298828,24.173982620239254,21.653498089423376,25.09160658291408,NA,NA,0
Neoglyphidodon polyacanthus,-31.53,159.05,2009,2,8,7.5,4,-32_159,21.176898956298828,24.173982620239254,21.653498089423376,25.09160658291408,NA,NA,0
Neoglyphidodon polyacanthus,-31.53,159.05,2009,2,8,10,1,-32_159,21.176898956298828,24.173982620239254,21.653498089423376,25.09160658291408,NA,NA,0
Neoglyphidodon polyacanthus,-31.55,159.06,2009,1,31,12.5,10,-32_159,21.176898956298828,23.308124542236328,21.653498089423376,23.340644621079967,2004,Lord Howe Island Marine Park,0
Neoglyphidodon polyacanthus,-31.55,159.06,2010,2,9,7.5,12,-32_159,21.72306474049886,25.04777717590332,22.036905469780876,25.60339229447501,2004,Lord Howe Island Marine Park,0
Neoglyphidodon polyacanthus,-31.52,159.08,2010,2,18,10,5,-32_159,21.72306474049886,25.04777717590332,22.036905469780876,25.60339229447501,NA,NA,0
Neoglyphidodon polyacanthus,-31.52,159.08,2010,2,18,12.5,10,-32_159,21.72306474049886,25.04777717590332,22.036905469780876,25.60339229447501,NA,NA,0
Neoglyphidodon polyacanthus,-31.52,159.08,2010,2,18,10,2,-32_159,21.72306474049886,25.04777717590332,22.036905469780876,25.60339229447501,NA,NA,0
Neoglyphidodon polyacanthus,-31.52,159.08,2010,2,18,12.5,9,-32_159,21.72306474049886,25.04777717590332,22.036905469780876,25.60339229447501,NA,NA,0
Neoglyphidodon polyacanthus,-31.52,159.08,2010,2,18,15,4,-32_159,21.72306474049886,25.04777717590332,22.036905469780876,25.60339229447501,NA,NA,0
Neoglyphidodon polyacanthus,-31.52,159.08,2010,2,18,7.5,3,-32_159,21.72306474049886,25.04777717590332,22.036905469780876,25.60339229447501,NA,NA,0
Neoglyphidodon polyacanthus,-31.52,159.08,2010,2,18,10,8,-32_159,21.72306474049886,25.04777717590332,22.036905469780876,25.60339229447501,NA,NA,0
Neoglyphidodon polyacanthus,-31.52,159.08,2010,2,18,12.5,8,-32_159,21.72306474049886,25.04777717590332,22.036905469780876,25.60339229447501,NA,NA,0
Neoglyphidodon polyacanthus,-31.52,159.08,2010,2,18,15,8,-32_159,21.72306474049886,25.04777717590332,22.036905469780876,25.60339229447501,NA,NA,0
Neoglyphidodon polyacanthus,-31.52,159.08,2010,2,18,5,45,-32_159,21.72306474049886,25.04777717590332,22.036905469780876,25.60339229447501,NA,NA,0
Neoglyphidodon polyacanthus,-31.52,159.08,2010,2,18,7.5,10,-32_159,21.72306474049886,25.04777717590332,22.036905469780876,25.60339229447501,NA,NA,0
Neoglyphidodon polyacanthus,-31.52,159.08,2010,2,18,20,1,-32_159,21.72306474049886,25.04777717590332,22.036905469780876,25.60339229447501,NA,NA,0
Neoglyphidodon polyacanthus,-31.52,159.08,2010,2,18,10,4,-32_159,21.72306474049886,25.04777717590332,22.036905469780876,25.60339229447501,NA,NA,0
Neoglyphidodon polyacanthus,-31.52,159.08,2010,2,18,12.5,5,-32_159,21.72306474049886,25.04777717590332,22.036905469780876,25.60339229447501,NA,NA,0
Neoglyphidodon polyacanthus,-31.52,159.08,2010,2,18,15,1,-32_159,21.72306474049886,25.04777717590332,22.036905469780876,25.60339229447501,NA,NA,0
Neoglyphidodon polyacanthus,-31.52,159.05,2009,2,5,2.5,2,-32_159,21.176898956298828,24.173982620239254,21.653498089423376,25.09160658291408,2004,Lord Howe Island Marine Park,0
Neoglyphidodon polyacanthus,-31.52,159.05,2009,2,5,5,3,-32_159,21.176898956298828,24.173982620239254,21.653498089423376,25.09160658291408,2004,Lord Howe Island Marine Park,0
Neoglyphidodon polyacanthus,-31.52,159.05,2009,2,5,7.5,63,-32_159,21.176898956298828,24.173982620239254,21.653498089423376,25.09160658291408,2004,Lord Howe Island Marine Park,0
Neoglyphidodon polyacanthus,-31.52,159.05,2009,2,5,10,20,-32_159,21.176898956298828,24.173982620239254,21.653498089423376,25.09160658291408,2004,Lord Howe Island Marine Park,0
Neoglyphidodon polyacanthus,-31.52,159.05,2009,2,5,5,5,-32_159,21.176898956298828,24.173982620239254,21.653498089423376,25.09160658291408,2004,Lord Howe Island Marine Park,0
Neoglyphidodon polyacanthus,-31.52,159.05,2009,2,5,7.5,52,-32_159,21.176898956298828,24.173982620239254,21.653498089423376,25.09160658291408,2004,Lord Howe Island Marine Park,0
Neoglyphidodon polyacanthus,-31.52,159.05,2009,2,5,10,7,-32_159,21.176898956298828,24.173982620239254,21.653498089423376,25.09160658291408,2004,Lord Howe Island Marine Park,0
Neoglyphidodon polyacanthus,-31.52,159.05,2009,2,5,2.5,27,-32_159,21.176898956298828,24.173982620239254,21.653498089423376,25.09160658291408,2004,Lord Howe Island Marine Park,0
Neoglyphidodon polyacanthus,-31.52,159.05,2009,2,5,2.5,1,-32_159,21.176898956298828,24.173982620239254,21.653498089423376,25.09160658291408,2004,Lord Howe Island Marine Park,0
Neoglyphidodon polyacanthus,-31.52,159.05,2009,2,5,5,2,-32_159,21.176898956298828,24.173982620239254,21.653498089423376,25.09160658291408,2004,Lord Howe Island Marine Park,0
Neoglyphidodon polyacanthus,-31.52,159.05,2009,2,5,7.5,4,-32_159,21.176898956298828,24.173982620239254,21.653498089423376,25.09160658291408,2004,Lord Howe Island Marine Park,0
Neoglyphidodon polyacanthus,-31.52,159.05,2009,2,5,10,6,-32_159,21.176898956298828,24.173982620239254,21.653498089423376,25.09160658291408,2004,Lord Howe Island Marine Park,0
Neoglyphidodon polyacanthus,-31.52,159.05,2009,2,5,12.5,12,-32_159,21.176898956298828,24.173982620239254,21.653498089423376,25.09160658291408,2004,Lord Howe Island Marine Park,0
Neoglyphidodon polyacanthus,-31.52,159.05,2009,2,5,15,19,-32_159,21.176898956298828,24.173982620239254,21.653498089423376,25.09160658291408,2004,Lord Howe Island Marine Park,0
Neoglyphidodon polyacanthus,-31.52,159.05,2009,2,5,20,10,-32_159,21.176898956298828,24.173982620239254,21.653498089423376,25.09160658291408,2004,Lord Howe Island Marine Park,0
Neoglyphidodon polyacanthus,-31.52,159.05,2010,2,14,7.5,20,-32_159,21.72306474049886,25.04777717590332,22.036905469780876,25.60339229447501,2004,Lord Howe Island Marine Park,0
Neoglyphidodon polyacanthus,-31.52,159.05,2010,2,14,10,15,-32_159,21.72306474049886,25.04777717590332,22.036905469780876,25.60339229447501,2004,Lord Howe Island Marine Park,0
Neoglyphidodon polyacanthus,-31.52,159.05,2010,2,14,12.5,2,-32_159,21.72306474049886,25.04777717590332,22.036905469780876,25.60339229447501,2004,Lord Howe Island Marine Park,0
Neoglyphidodon polyacanthus,-31.52,159.05,2010,2,14,5,15,-32_159,21.72306474049886,25.04777717590332,22.036905469780876,25.60339229447501,2004,Lord Howe Island Marine Park,0
Neoglyphidodon polyacanthus,-31.52,159.05,2010,2,14,7.5,15,-32_159,21.72306474049886,25.04777717590332,22.036905469780876,25.60339229447501,2004,Lord Howe Island Marine Park,0
Neoglyphidodon polyacanthus,-31.52,159.05,2010,2,14,12.5,7,-32_159,21.72306474049886,25.04777717590332,22.036905469780876,25.60339229447501,2004,Lord Howe Island Marine Park,0
Neoglyphidodon polyacanthus,-31.52,159.05,2010,2,14,5,5,-32_159,21.72306474049886,25.04777717590332,22.036905469780876,25.60339229447501,2004,Lord Howe Island Marine Park,0
Neoglyphidodon polyacanthus,-31.52,159.05,2010,2,14,7.5,135,-32_159,21.72306474049886,25.04777717590332,22.036905469780876,25.60339229447501,2004,Lord Howe Island Marine Park,0
Neoglyphidodon polyacanthus,-31.52,159.05,2010,2,14,10,45,-32_159,21.72306474049886,25.04777717590332,22.036905469780876,25.60339229447501,2004,Lord Howe Island Marine Park,0
Neoglyphidodon polyacanthus,-31.52,159.05,2010,2,14,12.5,6,-32_159,21.72306474049886,25.04777717590332,22.036905469780876,25.60339229447501,2004,Lord Howe Island Marine Park,0
Neoglyphidodon polyacanthus,-31.55,159.06,2010,2,9,10,35,-32_159,21.72306474049886,25.04777717590332,22.036905469780876,25.60339229447501,2004,Lord Howe Island Marine Park,0
Neoglyphidodon polyacanthus,-31.55,159.06,2010,2,9,12.5,8,-32_159,21.72306474049886,25.04777717590332,22.036905469780876,25.60339229447501,2004,Lord Howe Island Marine Park,0
Neoglyphidodon polyacanthus,-31.55,159.06,2010,2,9,15,2,-32_159,21.72306474049886,25.04777717590332,22.036905469780876,25.60339229447501,2004,Lord Howe Island Marine Park,0
Neoglyphidodon polyacanthus,-31.55,159.06,2010,2,9,7.5,5,-32_159,21.72306474049886,25.04777717590332,22.036905469780876,25.60339229447501,2004,Lord Howe Island Marine Park,0
Neoglyphidodon polyacanthus,-31.55,159.06,2010,2,9,10,15,-32_159,21.72306474049886,25.04777717590332,22.036905469780876,25.60339229447501,2004,Lord Howe Island Marine Park,0
Neoglyphidodon polyacanthus,-31.55,159.06,2010,2,9,12.5,12,-32_159,21.72306474049886,25.04777717590332,22.036905469780876,25.60339229447501,2004,Lord Howe Island Marine Park,0
Neoglyphidodon polyacanthus,-31.55,159.06,2010,2,9,15,5,-32_159,21.72306474049886,25.04777717590332,22.036905469780876,25.60339229447501,2004,Lord Howe Island Marine Park,0
Neoglyphidodon polyacanthus,-31.55,159.06,2010,2,9,7.5,25,-32_159,21.72306474049886,25.04777717590332,22.036905469780876,25.60339229447501,2004,Lord Howe Island Marine Park,0
Neoglyphidodon polyacanthus,-31.55,159.06,2010,2,9,10,65,-32_159,21.72306474049886,25.04777717590332,22.036905469780876,25.60339229447501,2004,Lord Howe Island Marine Park,0
Neoglyphidodon polyacanthus,-31.55,159.06,2010,2,9,12.5,15,-32_159,21.72306474049886,25.04777717590332,22.036905469780876,25.60339229447501,2004,Lord Howe Island Marine Park,0
Neoglyphidodon polyacanthus,-31.55,159.06,2010,2,9,10,45,-32_159,21.72306474049886,25.04777717590332,22.036905469780876,25.60339229447501,2004,Lord Howe Island Marine Park,0
Neoglyphidodon polyacanthus,-31.55,159.06,2010,2,9,12.5,16,-32_159,21.72306474049886,25.04777717590332,22.036905469780876,25.60339229447501,2004,Lord Howe Island Marine Park,0
Neoglyphidodon polyacanthus,-31.55,159.06,2010,2,9,15,3,-32_159,21.72306474049886,25.04777717590332,22.036905469780876,25.60339229447501,2004,Lord Howe Island Marine Park,0
Neoglyphidodon polyacanthus,-31.54,159.06,2009,2,8,2.5,3,-32_159,21.176898956298828,24.173982620239254,21.653498089423376,25.09160658291408,2004,Lord Howe Island Marine Park,0
Neoglyphidodon polyacanthus,-31.54,159.06,2009,2,8,5,22,-32_159,21.176898956298828,24.173982620239254,21.653498089423376,25.09160658291408,2004,Lord Howe Island Marine Park,0
Neoglyphidodon polyacanthus,-31.54,159.06,2009,2,8,7.5,60,-32_159,21.176898956298828,24.173982620239254,21.653498089423376,25.09160658291408,2004,Lord Howe Island Marine Park,0
Neoglyphidodon polyacanthus,-31.54,159.06,2009,2,8,10,4,-32_159,21.176898956298828,24.173982620239254,21.653498089423376,25.09160658291408,2004,Lord Howe Island Marine Park,0
Neoglyphidodon polyacanthus,-31.57,159.07,2009,2,4,2.5,15,-32_159,21.176898956298828,24.173982620239254,21.653498089423376,25.09160658291408,NA,NA,0
Neoglyphidodon polyacanthus,-31.57,159.07,2009,2,4,2.5,5,-32_159,21.176898956298828,24.173982620239254,21.653498089423376,25.09160658291408,NA,NA,0
Neoglyphidodon polyacanthus,-31.57,159.07,2009,2,4,7.5,1,-32_159,21.176898956298828,24.173982620239254,21.653498089423376,25.09160658291408,NA,NA,0
Neoglyphidodon polyacanthus,-31.57,159.07,2009,2,4,12.5,1,-32_159,21.176898956298828,24.173982620239254,21.653498089423376,25.09160658291408,NA,NA,0
Neoglyphidodon polyacanthus,-31.57,159.07,2010,2,8,10,1,-32_159,21.72306474049886,25.04777717590332,22.036905469780876,25.60339229447501,NA,NA,0
Neoglyphidodon polyacanthus,-31.57,159.07,2010,2,8,7.5,2,-32_159,21.72306474049886,25.04777717590332,22.036905469780876,25.60339229447501,NA,NA,0
Neoglyphidodon polyacanthus,-31.57,159.07,2010,2,8,10,3,-32_159,21.72306474049886,25.04777717590332,22.036905469780876,25.60339229447501,NA,NA,0
Neoglyphidodon polyacanthus,-31.52,159.05,2010,2,14,5,6,-32_159,21.72306474049886,25.04777717590332,22.036905469780876,25.60339229447501,2004,Lord Howe Island Marine Park,0
Neoglyphidodon polyacanthus,-31.52,159.05,2010,2,14,7.5,95,-32_159,21.72306474049886,25.04777717590332,22.036905469780876,25.60339229447501,2004,Lord Howe Island Marine Park,0
Neoglyphidodon polyacanthus,-31.52,159.05,2010,2,14,10,115,-32_159,21.72306474049886,25.04777717590332,22.036905469780876,25.60339229447501,2004,Lord Howe Island Marine Park,0
Neoglyphidodon polyacanthus,-31.52,159.05,2010,2,14,12.5,2,-32_159,21.72306474049886,25.04777717590332,22.036905469780876,25.60339229447501,2004,Lord Howe Island Marine Park,0
Neoglyphidodon polyacanthus,-31.52,159.05,2010,2,14,5,45,-32_159,21.72306474049886,25.04777717590332,22.036905469780876,25.60339229447501,2004,Lord Howe Island Marine Park,0
Neoglyphidodon polyacanthus,-31.52,159.05,2010,2,14,7.5,230,-32_159,21.72306474049886,25.04777717590332,22.036905469780876,25.60339229447501,2004,Lord Howe Island Marine Park,0
Neoglyphidodon polyacanthus,-31.52,159.05,2010,2,14,10,180,-32_159,21.72306474049886,25.04777717590332,22.036905469780876,25.60339229447501,2004,Lord Howe Island Marine Park,0
Neoglyphidodon polyacanthus,-31.52,159.05,2010,2,14,12.5,25,-32_159,21.72306474049886,25.04777717590332,22.036905469780876,25.60339229447501,2004,Lord Howe Island Marine Park,0
Neoglyphidodon polyacanthus,-31.52,159.05,2010,2,14,5,35,-32_159,21.72306474049886,25.04777717590332,22.036905469780876,25.60339229447501,2004,Lord Howe Island Marine Park,0
Neoglyphidodon polyacanthus,-31.52,159.05,2010,2,14,7.5,160,-32_159,21.72306474049886,25.04777717590332,22.036905469780876,25.60339229447501,2004,Lord Howe Island Marine Park,0
Neoglyphidodon polyacanthus,-31.52,159.05,2010,2,14,10,120,-32_159,21.72306474049886,25.04777717590332,22.036905469780876,25.60339229447501,2004,Lord Howe Island Marine Park,0
Neoglyphidodon polyacanthus,-31.52,159.05,2010,2,14,12.5,8,-32_159,21.72306474049886,25.04777717590332,22.036905469780876,25.60339229447501,2004,Lord Howe Island Marine Park,0
Neoglyphidodon polyacanthus,-31.52,159.05,2010,2,14,5,1,-32_159,21.72306474049886,25.04777717590332,22.036905469780876,25.60339229447501,2004,Lord Howe Island Marine Park,0
Neoglyphidodon polyacanthus,-31.52,159.05,2010,2,14,10,21,-32_159,21.72306474049886,25.04777717590332,22.036905469780876,25.60339229447501,2004,Lord Howe Island Marine Park,0
Neoglyphidodon polyacanthus,-31.52,159.05,2010,2,14,12.5,22,-32_159,21.72306474049886,25.04777717590332,22.036905469780876,25.60339229447501,2004,Lord Howe Island Marine Park,0
Neoglyphidodon polyacanthus,-31.52,159.05,2010,2,14,15,21,-32_159,21.72306474049886,25.04777717590332,22.036905469780876,25.60339229447501,2004,Lord Howe Island Marine Park,0
Neoglyphidodon polyacanthus,-31.52,159.05,2010,2,14,2.5,1,-32_159,21.72306474049886,25.04777717590332,22.036905469780876,25.60339229447501,2004,Lord Howe Island Marine Park,0
Neoglyphidodon polyacanthus,-31.52,159.05,2010,2,14,7.5,10,-32_159,21.72306474049886,25.04777717590332,22.036905469780876,25.60339229447501,2004,Lord Howe Island Marine Park,0
Neoglyphidodon polyacanthus,-31.52,159.05,2010,2,14,10,25,-32_159,21.72306474049886,25.04777717590332,22.036905469780876,25.60339229447501,2004,Lord Howe Island Marine Park,0
Neoglyphidodon polyacanthus,-31.52,159.05,2010,2,14,12.5,4,-32_159,21.72306474049886,25.04777717590332,22.036905469780876,25.60339229447501,2004,Lord Howe Island Marine Park,0
Neoglyphidodon polyacanthus,-31.52,159.05,2010,2,14,2.5,1,-32_159,21.72306474049886,25.04777717590332,22.036905469780876,25.60339229447501,2004,Lord Howe Island Marine Park,0
Neoglyphidodon polyacanthus,-31.52,159.05,2010,2,14,7.5,13,-32_159,21.72306474049886,25.04777717590332,22.036905469780876,25.60339229447501,2004,Lord Howe Island Marine Park,0
Neoglyphidodon polyacanthus,-31.52,159.05,2010,2,14,10,14,-32_159,21.72306474049886,25.04777717590332,22.036905469780876,25.60339229447501,2004,Lord Howe Island Marine Park,0
Neoglyphidodon polyacanthus,-31.52,159.05,2010,2,14,12.5,14,-32_159,21.72306474049886,25.04777717590332,22.036905469780876,25.60339229447501,2004,Lord Howe Island Marine Park,0
Neoglyphidodon polyacanthus,-31.52,159.05,2010,2,14,15,14,-32_159,21.72306474049886,25.04777717590332,22.036905469780876,25.60339229447501,2004,Lord Howe Island Marine Park,0
Neoglyphidodon polyacanthus,-31.52,159.05,2010,2,14,5,20,-32_159,21.72306474049886,25.04777717590332,22.036905469780876,25.60339229447501,2004,Lord Howe Island Marine Park,0
Neoglyphidodon polyacanthus,-31.52,159.05,2010,2,14,7.5,30,-32_159,21.72306474049886,25.04777717590332,22.036905469780876,25.60339229447501,2004,Lord Howe Island Marine Park,0
Neoglyphidodon polyacanthus,-31.52,159.05,2010,2,14,10,30,-32_159,21.72306474049886,25.04777717590332,22.036905469780876,25.60339229447501,2004,Lord Howe Island Marine Park,0
Neoglyphidodon polyacanthus,-31.52,159.05,2010,2,14,12.5,4,-32_159,21.72306474049886,25.04777717590332,22.036905469780876,25.60339229447501,2004,Lord Howe Island Marine Park,0
Neoglyphidodon polyacanthus,-31.53,159.05,2009,2,8,5,3,-32_159,21.176898956298828,24.173982620239254,21.653498089423376,25.09160658291408,NA,NA,0
Neoglyphidodon polyacanthus,-31.53,159.05,2009,2,8,7.5,3,-32_159,21.176898956298828,24.173982620239254,21.653498089423376,25.09160658291408,NA,NA,0
Neoglyphidodon polyacanthus,-31.54,159.06,2009,2,8,2.5,6,-32_159,21.176898956298828,24.173982620239254,21.653498089423376,25.09160658291408,2004,Lord Howe Island Marine Park,0
Neoglyphidodon polyacanthus,-31.54,159.06,2009,2,8,5,3,-32_159,21.176898956298828,24.173982620239254,21.653498089423376,25.09160658291408,2004,Lord Howe Island Marine Park,0
Neoglyphidodon polyacanthus,-31.54,159.06,2009,2,8,7.5,39,-32_159,21.176898956298828,24.173982620239254,21.653498089423376,25.09160658291408,2004,Lord Howe Island Marine Park,0
Neoglyphidodon polyacanthus,-31.54,159.06,2009,2,8,10,90,-32_159,21.176898956298828,24.173982620239254,21.653498089423376,25.09160658291408,2004,Lord Howe Island Marine Park,0
Neoglyphidodon polyacanthus,-31.54,159.06,2009,2,8,12.5,40,-32_159,21.176898956298828,24.173982620239254,21.653498089423376,25.09160658291408,2004,Lord Howe Island Marine Park,0
Neoglyphidodon polyacanthus,-31.54,159.06,2009,2,8,2.5,10,-32_159,21.176898956298828,24.173982620239254,21.653498089423376,25.09160658291408,2004,Lord Howe Island Marine Park,0
Neoglyphidodon polyacanthus,-31.54,159.06,2009,2,8,5,7,-32_159,21.176898956298828,24.173982620239254,21.653498089423376,25.09160658291408,2004,Lord Howe Island Marine Park,0
Neoglyphidodon polyacanthus,-31.54,159.06,2009,2,8,7.5,14,-32_159,21.176898956298828,24.173982620239254,21.653498089423376,25.09160658291408,2004,Lord Howe Island Marine Park,0
Neoglyphidodon polyacanthus,-31.54,159.06,2009,2,8,10,14,-32_159,21.176898956298828,24.173982620239254,21.653498089423376,25.09160658291408,2004,Lord Howe Island Marine Park,0
Neoglyphidodon polyacanthus,-31.54,159.06,2009,2,8,12.5,3,-32_159,21.176898956298828,24.173982620239254,21.653498089423376,25.09160658291408,2004,Lord Howe Island Marine Park,0
Neoglyphidodon polyacanthus,-31.54,159.06,2009,2,8,2.5,3,-32_159,21.176898956298828,24.173982620239254,21.653498089423376,25.09160658291408,2004,Lord Howe Island Marine Park,0
Neoglyphidodon polyacanthus,-31.54,159.06,2009,2,8,5,6,-32_159,21.176898956298828,24.173982620239254,21.653498089423376,25.09160658291408,2004,Lord Howe Island Marine Park,0
Neoglyphidodon polyacanthus,-31.54,159.06,2009,2,8,7.5,2,-32_159,21.176898956298828,24.173982620239254,21.653498089423376,25.09160658291408,2004,Lord Howe Island Marine Park,0
Neoglyphidodon polyacanthus,-31.54,159.06,2009,2,8,10,34,-32_159,21.176898956298828,24.173982620239254,21.653498089423376,25.09160658291408,2004,Lord Howe Island Marine Park,0
Neoglyphidodon polyacanthus,-31.54,159.06,2009,2,8,12.5,26,-32_159,21.176898956298828,24.173982620239254,21.653498089423376,25.09160658291408,2004,Lord Howe Island Marine Park,0
Neoglyphidodon polyacanthus,-31.54,159.06,2009,2,8,15,33,-32_159,21.176898956298828,24.173982620239254,21.653498089423376,25.09160658291408,2004,Lord Howe Island Marine Park,0
Neoglyphidodon polyacanthus,-31.54,159.06,2009,2,8,20,5,-32_159,21.176898956298828,24.173982620239254,21.653498089423376,25.09160658291408,2004,Lord Howe Island Marine Park,0
Neoglyphidodon polyacanthus,-31.53,159.05,2009,2,8,2.5,2,-32_159,21.176898956298828,24.173982620239254,21.653498089423376,25.09160658291408,NA,NA,0
Neoglyphidodon polyacanthus,-31.53,159.05,2009,2,8,5,4,-32_159,21.176898956298828,24.173982620239254,21.653498089423376,25.09160658291408,NA,NA,0
Neoglyphidodon polyacanthus,-31.53,159.05,2009,2,8,7.5,6,-32_159,21.176898956298828,24.173982620239254,21.653498089423376,25.09160658291408,NA,NA,0
Neoglyphidodon polyacanthus,-31.53,159.05,2009,2,8,10,4,-32_159,21.176898956298828,24.173982620239254,21.653498089423376,25.09160658291408,NA,NA,0
Neoglyphidodon polyacanthus,-31.54,159.06,2010,2,16,7.5,30,-32_159,21.72306474049886,25.04777717590332,22.036905469780876,25.60339229447501,2004,Lord Howe Island Marine Park,0
Neoglyphidodon polyacanthus,-31.54,159.06,2010,2,16,10,20,-32_159,21.72306474049886,25.04777717590332,22.036905469780876,25.60339229447501,2004,Lord Howe Island Marine Park,0
Neoglyphidodon polyacanthus,-31.54,159.06,2010,2,16,12.5,5,-32_159,21.72306474049886,25.04777717590332,22.036905469780876,25.60339229447501,2004,Lord Howe Island Marine Park,0
Neoglyphidodon polyacanthus,-31.54,159.06,2010,2,16,7.5,15,-32_159,21.72306474049886,25.04777717590332,22.036905469780876,25.60339229447501,2004,Lord Howe Island Marine Park,0
Neoglyphidodon polyacanthus,-31.54,159.06,2010,2,16,10,30,-32_159,21.72306474049886,25.04777717590332,22.036905469780876,25.60339229447501,2004,Lord Howe Island Marine Park,0
Neoglyphidodon polyacanthus,-31.54,159.06,2010,2,16,12.5,10,-32_159,21.72306474049886,25.04777717590332,22.036905469780876,25.60339229447501,2004,Lord Howe Island Marine Park,0
Neoglyphidodon polyacanthus,-31.54,159.06,2010,2,16,10,30,-32_159,21.72306474049886,25.04777717590332,22.036905469780876,25.60339229447501,2004,Lord Howe Island Marine Park,0
Neoglyphidodon polyacanthus,-31.54,159.06,2010,2,16,12.5,50,-32_159,21.72306474049886,25.04777717590332,22.036905469780876,25.60339229447501,2004,Lord Howe Island Marine Park,0
Neoglyphidodon polyacanthus,-31.54,159.06,2010,2,16,15,10,-32_159,21.72306474049886,25.04777717590332,22.036905469780876,25.60339229447501,2004,Lord Howe Island Marine Park,0
Neoglyphidodon polyacanthus,-31.53,159.05,2009,2,8,10,5,-32_159,21.176898956298828,24.173982620239254,21.653498089423376,25.09160658291408,NA,NA,0
Neoglyphidodon polyacanthus,-31.53,159.05,2009,2,8,12.5,5,-32_159,21.176898956298828,24.173982620239254,21.653498089423376,25.09160658291408,NA,NA,0
Neoglyphidodon polyacanthus,-31.54,159.06,2010,2,16,5,9,-32_159,21.72306474049886,25.04777717590332,22.036905469780876,25.60339229447501,2004,Lord Howe Island Marine Park,0
Neoglyphidodon polyacanthus,-31.54,159.06,2010,2,16,7.5,23,-32_159,21.72306474049886,25.04777717590332,22.036905469780876,25.60339229447501,2004,Lord Howe Island Marine Park,0
Neoglyphidodon polyacanthus,-31.54,159.06,2010,2,16,10,23,-32_159,21.72306474049886,25.04777717590332,22.036905469780876,25.60339229447501,2004,Lord Howe Island Marine Park,0
Neoglyphidodon polyacanthus,-31.54,159.06,2010,2,16,12.5,17,-32_159,21.72306474049886,25.04777717590332,22.036905469780876,25.60339229447501,2004,Lord Howe Island Marine Park,0
Neoglyphidodon polyacanthus,-31.54,159.06,2010,2,16,7.5,20,-32_159,21.72306474049886,25.04777717590332,22.036905469780876,25.60339229447501,2004,Lord Howe Island Marine Park,0
Neoglyphidodon polyacanthus,-31.54,159.06,2010,2,16,10,30,-32_159,21.72306474049886,25.04777717590332,22.036905469780876,25.60339229447501,2004,Lord Howe Island Marine Park,0
Neoglyphidodon polyacanthus,-31.54,159.06,2010,2,16,12.5,30,-32_159,21.72306474049886,25.04777717590332,22.036905469780876,25.60339229447501,2004,Lord Howe Island Marine Park,0
Neoglyphidodon polyacanthus,-31.54,159.06,2010,2,16,7.5,1,-32_159,21.72306474049886,25.04777717590332,22.036905469780876,25.60339229447501,2004,Lord Howe Island Marine Park,0
Neoglyphidodon polyacanthus,-31.54,159.06,2010,2,16,10,1,-32_159,21.72306474049886,25.04777717590332,22.036905469780876,25.60339229447501,2004,Lord Howe Island Marine Park,0
Neoglyphidodon polyacanthus,-31.54,159.06,2010,2,16,12.5,35,-32_159,21.72306474049886,25.04777717590332,22.036905469780876,25.60339229447501,2004,Lord Howe Island Marine Park,0
Neoglyphidodon polyacanthus,-31.54,159.06,2010,2,16,15,35,-32_159,21.72306474049886,25.04777717590332,22.036905469780876,25.60339229447501,2004,Lord Howe Island Marine Park,0
Neoglyphidodon polyacanthus,-31.53,159.05,2009,2,8,5,1,-32_159,21.176898956298828,24.173982620239254,21.653498089423376,25.09160658291408,NA,NA,0
Neoglyphidodon polyacanthus,-31.53,159.05,2009,2,8,7.5,1,-32_159,21.176898956298828,24.173982620239254,21.653498089423376,25.09160658291408,NA,NA,0
Neoglyphidodon polyacanthus,-31.53,159.05,2009,2,8,10,1,-32_159,21.176898956298828,24.173982620239254,21.653498089423376,25.09160658291408,NA,NA,0
Neoglyphidodon polyacanthus,-31.53,159.05,2009,2,8,12.5,7,-32_159,21.176898956298828,24.173982620239254,21.653498089423376,25.09160658291408,NA,NA,0
Neoglyphidodon polyacanthus,-31.53,159.05,2009,2,8,15,2,-32_159,21.176898956298828,24.173982620239254,21.653498089423376,25.09160658291408,NA,NA,0
Neoglyphidodon polyacanthus,-31.54,159.06,2010,2,16,5,5,-32_159,21.72306474049886,25.04777717590332,22.036905469780876,25.60339229447501,2004,Lord Howe Island Marine Park,0
Neoglyphidodon polyacanthus,-31.54,159.06,2010,2,16,7.5,30,-32_159,21.72306474049886,25.04777717590332,22.036905469780876,25.60339229447501,2004,Lord Howe Island Marine Park,0
Neoglyphidodon polyacanthus,-31.54,159.06,2010,2,16,10,80,-32_159,21.72306474049886,25.04777717590332,22.036905469780876,25.60339229447501,2004,Lord Howe Island Marine Park,0
Neoglyphidodon polyacanthus,-31.53,159.05,2010,2,8,7.5,17,-32_159,21.72306474049886,25.04777717590332,22.036905469780876,25.60339229447501,NA,NA,0
Neoglyphidodon polyacanthus,-31.53,159.05,2010,2,8,10,35,-32_159,21.72306474049886,25.04777717590332,22.036905469780876,25.60339229447501,NA,NA,0
Neoglyphidodon polyacanthus,-31.53,159.05,2010,2,8,12.5,40,-32_159,21.72306474049886,25.04777717590332,22.036905469780876,25.60339229447501,NA,NA,0
Neoglyphidodon polyacanthus,-31.53,159.05,2010,2,8,15,40,-32_159,21.72306474049886,25.04777717590332,22.036905469780876,25.60339229447501,NA,NA,0
Neoglyphidodon polyacanthus,-31.53,159.05,2010,2,8,7.5,50,-32_159,21.72306474049886,25.04777717590332,22.036905469780876,25.60339229447501,NA,NA,0
Neoglyphidodon polyacanthus,-31.53,159.05,2010,2,8,10,75,-32_159,21.72306474049886,25.04777717590332,22.036905469780876,25.60339229447501,NA,NA,0
Neoglyphidodon polyacanthus,-31.53,159.05,2010,2,8,7.5,17,-32_159,21.72306474049886,25.04777717590332,22.036905469780876,25.60339229447501,NA,NA,0
Neoglyphidodon polyacanthus,-31.53,159.05,2010,2,8,10,20,-32_159,21.72306474049886,25.04777717590332,22.036905469780876,25.60339229447501,NA,NA,0
Neoglyphidodon polyacanthus,-31.53,159.05,2010,2,8,12.5,25,-32_159,21.72306474049886,25.04777717590332,22.036905469780876,25.60339229447501,NA,NA,0
Neoglyphidodon polyacanthus,-31.53,159.05,2010,2,8,15,45,-32_159,21.72306474049886,25.04777717590332,22.036905469780876,25.60339229447501,NA,NA,0
Neoglyphidodon polyacanthus,-31.53,159.05,2010,2,8,10,27,-32_159,21.72306474049886,25.04777717590332,22.036905469780876,25.60339229447501,NA,NA,0
Neoglyphidodon polyacanthus,-31.53,159.05,2010,2,8,12.5,130,-32_159,21.72306474049886,25.04777717590332,22.036905469780876,25.60339229447501,NA,NA,0
Neoglyphidodon polyacanthus,-31.53,159.05,2010,2,8,10,1,-32_159,21.72306474049886,25.04777717590332,22.036905469780876,25.60339229447501,NA,NA,0
Neoglyphidodon polyacanthus,-31.53,159.05,2010,2,8,12.5,50,-32_159,21.72306474049886,25.04777717590332,22.036905469780876,25.60339229447501,NA,NA,0
Neoglyphidodon polyacanthus,-31.53,159.05,2010,2,8,15,57,-32_159,21.72306474049886,25.04777717590332,22.036905469780876,25.60339229447501,NA,NA,0
Neoglyphidodon polyacanthus,-31.53,159.05,2010,2,8,5,1,-32_159,21.72306474049886,25.04777717590332,22.036905469780876,25.60339229447501,NA,NA,0
Neoglyphidodon polyacanthus,-31.53,159.05,2010,2,8,7.5,20,-32_159,21.72306474049886,25.04777717590332,22.036905469780876,25.60339229447501,NA,NA,0
Neoglyphidodon polyacanthus,-31.53,159.05,2010,2,8,10,60,-32_159,21.72306474049886,25.04777717590332,22.036905469780876,25.60339229447501,NA,NA,0
Neoglyphidodon polyacanthus,-31.55,159.06,2010,2,19,7.5,50,-32_159,21.72306474049886,25.04777717590332,22.036905469780876,25.60339229447501,2004,Lord Howe Island Marine Park,0
Neoglyphidodon polyacanthus,-31.55,159.06,2010,2,19,10,60,-32_159,21.72306474049886,25.04777717590332,22.036905469780876,25.60339229447501,2004,Lord Howe Island Marine Park,0
Neoglyphidodon polyacanthus,-31.57,159.07,2010,2,8,5,1,-32_159,21.72306474049886,25.04777717590332,22.036905469780876,25.60339229447501,NA,NA,0
Neoglyphidodon polyacanthus,-31.56,159.07,2009,2,4,7.5,1,-32_159,21.176898956298828,24.173982620239254,21.653498089423376,25.09160658291408,NA,NA,0
Neoglyphidodon polyacanthus,-31.56,159.07,2009,2,4,10,8,-32_159,21.176898956298828,24.173982620239254,21.653498089423376,25.09160658291408,NA,NA,0
Neoglyphidodon polyacanthus,-31.56,159.07,2009,2,4,12.5,10,-32_159,21.176898956298828,24.173982620239254,21.653498089423376,25.09160658291408,NA,NA,0
Neoglyphidodon polyacanthus,-31.56,159.07,2009,2,4,15,30,-32_159,21.176898956298828,24.173982620239254,21.653498089423376,25.09160658291408,NA,NA,0
Neoglyphidodon polyacanthus,-31.56,159.07,2009,2,4,5,2,-32_159,21.176898956298828,24.173982620239254,21.653498089423376,25.09160658291408,NA,NA,0
Neoglyphidodon polyacanthus,-31.56,159.07,2009,2,4,7.5,2,-32_159,21.176898956298828,24.173982620239254,21.653498089423376,25.09160658291408,NA,NA,0
Neoglyphidodon polyacanthus,-31.56,159.07,2009,2,4,12.5,13,-32_159,21.176898956298828,24.173982620239254,21.653498089423376,25.09160658291408,NA,NA,0
Neoglyphidodon polyacanthus,-31.56,159.07,2009,2,4,10,3,-32_159,21.176898956298828,24.173982620239254,21.653498089423376,25.09160658291408,NA,NA,0
Neoglyphidodon polyacanthus,-31.56,159.07,2009,2,4,12.5,14,-32_159,21.176898956298828,24.173982620239254,21.653498089423376,25.09160658291408,NA,NA,0
Neoglyphidodon polyacanthus,-31.56,159.07,2009,2,4,15,1,-32_159,21.176898956298828,24.173982620239254,21.653498089423376,25.09160658291408,NA,NA,0
Neoglyphidodon polyacanthus,-31.56,159.07,2009,2,4,12.5,10,-32_159,21.176898956298828,24.173982620239254,21.653498089423376,25.09160658291408,NA,NA,0
Neoglyphidodon polyacanthus,-31.56,159.07,2009,2,4,15,2,-32_159,21.176898956298828,24.173982620239254,21.653498089423376,25.09160658291408,NA,NA,0
Neoglyphidodon polyacanthus,-31.56,159.07,2010,2,8,7.5,3,-32_159,21.72306474049886,25.04777717590332,22.036905469780876,25.60339229447501,NA,NA,0
Neoglyphidodon polyacanthus,-31.56,159.07,2010,2,8,10,15,-32_159,21.72306474049886,25.04777717590332,22.036905469780876,25.60339229447501,NA,NA,0
Neoglyphidodon polyacanthus,-31.56,159.07,2010,2,8,12.5,8,-32_159,21.72306474049886,25.04777717590332,22.036905469780876,25.60339229447501,NA,NA,0
Neoglyphidodon polyacanthus,-31.56,159.07,2010,2,8,10,6,-32_159,21.72306474049886,25.04777717590332,22.036905469780876,25.60339229447501,NA,NA,0
Neoglyphidodon polyacanthus,-31.56,159.07,2010,2,8,12.5,12,-32_159,21.72306474049886,25.04777717590332,22.036905469780876,25.60339229447501,NA,NA,0
Neoglyphidodon polyacanthus,-31.56,159.07,2010,2,8,7.5,4,-32_159,21.72306474049886,25.04777717590332,22.036905469780876,25.60339229447501,NA,NA,0
Neoglyphidodon polyacanthus,-31.56,159.07,2010,2,8,10,11,-32_159,21.72306474049886,25.04777717590332,22.036905469780876,25.60339229447501,NA,NA,0
Neoglyphidodon polyacanthus,-31.56,159.07,2010,2,8,12.5,24,-32_159,21.72306474049886,25.04777717590332,22.036905469780876,25.60339229447501,NA,NA,0
Neoglyphidodon polyacanthus,-31.56,159.07,2010,2,8,15,8,-32_159,21.72306474049886,25.04777717590332,22.036905469780876,25.60339229447501,NA,NA,0
Neoglyphidodon polyacanthus,-31.53,159.05,2010,2,8,7.5,30,-32_159,21.72306474049886,25.04777717590332,22.036905469780876,25.60339229447501,NA,NA,0
Neoglyphidodon polyacanthus,-31.53,159.05,2010,2,8,10,50,-32_159,21.72306474049886,25.04777717590332,22.036905469780876,25.60339229447501,NA,NA,0
Neoglyphidodon polyacanthus,-31.79,159.28,2010,2,11,5,5,-32_159,21.72306474049886,25.04777717590332,22.036905469780876,25.60339229447501,2004,Lord Howe Island Marine Park,0
Neoglyphidodon polyacanthus,-31.79,159.28,2010,2,11,7.5,5,-32_159,21.72306474049886,25.04777717590332,22.036905469780876,25.60339229447501,2004,Lord Howe Island Marine Park,0
Neoglyphidodon polyacanthus,-31.51,159.04,2010,2,12,5,3,-32_159,21.72306474049886,25.04777717590332,22.036905469780876,25.60339229447501,NA,NA,0
Neoglyphidodon polyacanthus,-31.54,159.11,2010,2,13,12.5,6,-32_159,21.72306474049886,25.04777717590332,22.036905469780876,25.60339229447501,NA,NA,0
Neoglyphidodon polyacanthus,-31.54,159.11,2010,2,13,15,8,-32_159,21.72306474049886,25.04777717590332,22.036905469780876,25.60339229447501,NA,NA,0
Neoglyphidodon polyacanthus,-31.54,159.11,2010,2,13,12.5,3,-32_159,21.72306474049886,25.04777717590332,22.036905469780876,25.60339229447501,NA,NA,0
Neoglyphidodon polyacanthus,-31.54,159.11,2010,2,13,15,4,-32_159,21.72306474049886,25.04777717590332,22.036905469780876,25.60339229447501,NA,NA,0
Neoglyphidodon polyacanthus,-31.54,159.11,2010,2,13,15,5,-32_159,21.72306474049886,25.04777717590332,22.036905469780876,25.60339229447501,NA,NA,0
Neoglyphidodon polyacanthus,-31.52,159.07,2010,2,17,2.5,2,-32_159,21.72306474049886,25.04777717590332,22.036905469780876,25.60339229447501,2004,Lord Howe Island Marine Park,0
Neoglyphidodon polyacanthus,-31.52,159.07,2010,2,17,5,2,-32_159,21.72306474049886,25.04777717590332,22.036905469780876,25.60339229447501,2004,Lord Howe Island Marine Park,0
Neoglyphidodon polyacanthus,-31.52,159.07,2010,2,17,10,4,-32_159,21.72306474049886,25.04777717590332,22.036905469780876,25.60339229447501,2004,Lord Howe Island Marine Park,0
Neoglyphidodon polyacanthus,-31.52,159.07,2010,2,17,7.5,15,-32_159,21.72306474049886,25.04777717590332,22.036905469780876,25.60339229447501,2004,Lord Howe Island Marine Park,0
Neoglyphidodon polyacanthus,-31.52,159.07,2010,2,17,10,20,-32_159,21.72306474049886,25.04777717590332,22.036905469780876,25.60339229447501,2004,Lord Howe Island Marine Park,0
Neoglyphidodon polyacanthus,-31.52,159.07,2010,2,17,12.5,10,-32_159,21.72306474049886,25.04777717590332,22.036905469780876,25.60339229447501,2004,Lord Howe Island Marine Park,0
Neoglyphidodon polyacanthus,-31.52,159.07,2010,2,17,15,20,-32_159,21.72306474049886,25.04777717590332,22.036905469780876,25.60339229447501,2004,Lord Howe Island Marine Park,0
Neoglyphidodon polyacanthus,-31.52,159.07,2010,2,17,10,8,-32_159,21.72306474049886,25.04777717590332,22.036905469780876,25.60339229447501,2004,Lord Howe Island Marine Park,0
Neoglyphidodon polyacanthus,-31.52,159.07,2010,2,17,12.5,6,-32_159,21.72306474049886,25.04777717590332,22.036905469780876,25.60339229447501,2004,Lord Howe Island Marine Park,0
Neoglyphidodon polyacanthus,-31.52,159.07,2010,2,17,12.5,1,-32_159,21.72306474049886,25.04777717590332,22.036905469780876,25.60339229447501,2004,Lord Howe Island Marine Park,0
Neoglyphidodon polyacanthus,-31.52,159.07,2010,2,17,10,4,-32_159,21.72306474049886,25.04777717590332,22.036905469780876,25.60339229447501,2004,Lord Howe Island Marine Park,0
Neoglyphidodon polyacanthus,-31.52,159.07,2010,2,17,12.5,8,-32_159,21.72306474049886,25.04777717590332,22.036905469780876,25.60339229447501,2004,Lord Howe Island Marine Park,0
Neoglyphidodon polyacanthus,-31.52,159.07,2010,2,17,15,3,-32_159,21.72306474049886,25.04777717590332,22.036905469780876,25.60339229447501,2004,Lord Howe Island Marine Park,0
Neoglyphidodon polyacanthus,-31.52,159.07,2010,2,17,10,3,-32_159,21.72306474049886,25.04777717590332,22.036905469780876,25.60339229447501,2004,Lord Howe Island Marine Park,0
Neoglyphidodon polyacanthus,-31.52,159.07,2010,2,17,12.5,12,-32_159,21.72306474049886,25.04777717590332,22.036905469780876,25.60339229447501,2004,Lord Howe Island Marine Park,0
Neoglyphidodon polyacanthus,-31.52,159.07,2010,2,17,15,4,-32_159,21.72306474049886,25.04777717590332,22.036905469780876,25.60339229447501,2004,Lord Howe Island Marine Park,0
Neoglyphidodon polyacanthus,-31.51,159.05,2010,2,18,15,5,-32_159,21.72306474049886,25.04777717590332,22.036905469780876,25.60339229447501,2004,Lord Howe Island Marine Park,0
Neoglyphidodon polyacanthus,-31.51,159.05,2010,2,18,12.5,1,-32_159,21.72306474049886,25.04777717590332,22.036905469780876,25.60339229447501,2004,Lord Howe Island Marine Park,0
Neoglyphidodon polyacanthus,-31.51,159.05,2010,2,18,15,10,-32_159,21.72306474049886,25.04777717590332,22.036905469780876,25.60339229447501,2004,Lord Howe Island Marine Park,0
Neoglyphidodon polyacanthus,-31.56,159.07,2009,2,4,5,2,-32_159,21.176898956298828,24.173982620239254,21.653498089423376,25.09160658291408,NA,NA,0
Neoglyphidodon polyacanthus,-31.56,159.07,2009,2,4,7.5,12,-32_159,21.176898956298828,24.173982620239254,21.653498089423376,25.09160658291408,NA,NA,0
Neoglyphidodon polyacanthus,-31.56,159.07,2009,2,4,10,4,-32_159,21.176898956298828,24.173982620239254,21.653498089423376,25.09160658291408,NA,NA,0
Neoglyphidodon polyacanthus,-31.56,159.07,2009,2,4,7.5,5,-32_159,21.176898956298828,24.173982620239254,21.653498089423376,25.09160658291408,NA,NA,0
Neoglyphidodon polyacanthus,-31.56,159.07,2009,2,4,10,22,-32_159,21.176898956298828,24.173982620239254,21.653498089423376,25.09160658291408,NA,NA,0
Neoglyphidodon polyacanthus,-31.56,159.07,2009,2,4,12.5,6,-32_159,21.176898956298828,24.173982620239254,21.653498089423376,25.09160658291408,NA,NA,0
Neoglyphidodon polyacanthus,-31.55,159.07,2009,2,6,2.5,1,-32_159,21.176898956298828,24.173982620239254,21.653498089423376,25.09160658291408,NA,NA,0
Neoglyphidodon polyacanthus,-31.55,159.07,2009,2,6,5,2,-32_159,21.176898956298828,24.173982620239254,21.653498089423376,25.09160658291408,NA,NA,0
Neoglyphidodon polyacanthus,-31.55,159.07,2009,2,6,7.5,10,-32_159,21.176898956298828,24.173982620239254,21.653498089423376,25.09160658291408,NA,NA,0
Neoglyphidodon polyacanthus,-31.55,159.07,2009,2,6,10,1,-32_159,21.176898956298828,24.173982620239254,21.653498089423376,25.09160658291408,NA,NA,0
Neoglyphidodon polyacanthus,-31.55,159.07,2009,2,6,2.5,40,-32_159,21.176898956298828,24.173982620239254,21.653498089423376,25.09160658291408,NA,NA,0
Neoglyphidodon polyacanthus,-31.55,159.07,2009,2,6,7.5,4,-32_159,21.176898956298828,24.173982620239254,21.653498089423376,25.09160658291408,NA,NA,0
Neoglyphidodon polyacanthus,-31.55,159.07,2009,2,6,10,5,-32_159,21.176898956298828,24.173982620239254,21.653498089423376,25.09160658291408,NA,NA,0
Neoglyphidodon polyacanthus,-31.55,159.07,2009,2,6,12.5,1,-32_159,21.176898956298828,24.173982620239254,21.653498089423376,25.09160658291408,NA,NA,0
Neoglyphidodon polyacanthus,-31.55,159.07,2009,2,6,2.5,1,-32_159,21.176898956298828,24.173982620239254,21.653498089423376,25.09160658291408,NA,NA,0
Neoglyphidodon polyacanthus,-31.55,159.07,2009,2,6,7.5,3,-32_159,21.176898956298828,24.173982620239254,21.653498089423376,25.09160658291408,NA,NA,0
Neoglyphidodon polyacanthus,-31.55,159.07,2009,2,6,10,4,-32_159,21.176898956298828,24.173982620239254,21.653498089423376,25.09160658291408,NA,NA,0
Neoglyphidodon polyacanthus,-31.55,159.07,2009,2,6,12.5,10,-32_159,21.176898956298828,24.173982620239254,21.653498089423376,25.09160658291408,NA,NA,0
Neoglyphidodon polyacanthus,-31.55,159.07,2009,2,6,15,9,-32_159,21.176898956298828,24.173982620239254,21.653498089423376,25.09160658291408,NA,NA,0
Neoglyphidodon polyacanthus,-31.55,159.07,2009,2,6,20,2,-32_159,21.176898956298828,24.173982620239254,21.653498089423376,25.09160658291408,NA,NA,0
Neoglyphidodon polyacanthus,-31.52,159.04,2009,2,1,10,1,-32_159,21.176898956298828,24.173982620239254,21.653498089423376,25.09160658291408,NA,NA,0
Neoglyphidodon polyacanthus,-31.52,159.04,2009,2,1,2.5,2,-32_159,21.176898956298828,24.173982620239254,21.653498089423376,25.09160658291408,NA,NA,0
Neoglyphidodon polyacanthus,-31.52,159.04,2009,2,1,7.5,1,-32_159,21.176898956298828,24.173982620239254,21.653498089423376,25.09160658291408,NA,NA,0
Neoglyphidodon polyacanthus,-31.52,159.04,2009,2,1,12.5,1,-32_159,21.176898956298828,24.173982620239254,21.653498089423376,25.09160658291408,NA,NA,0
Neoglyphidodon polyacanthus,-31.52,159.04,2009,2,1,2.5,1,-32_159,21.176898956298828,24.173982620239254,21.653498089423376,25.09160658291408,NA,NA,0
Neoglyphidodon polyacanthus,-31.52,159.04,2009,2,1,10,2,-32_159,21.176898956298828,24.173982620239254,21.653498089423376,25.09160658291408,NA,NA,0
Neoglyphidodon polyacanthus,-31.55,159.07,2009,2,6,10,2,-32_159,21.176898956298828,24.173982620239254,21.653498089423376,25.09160658291408,NA,NA,0
Neoglyphidodon polyacanthus,-31.55,159.07,2009,2,6,12.5,3,-32_159,21.176898956298828,24.173982620239254,21.653498089423376,25.09160658291408,NA,NA,0
Neoglyphidodon polyacanthus,-31.55,159.06,2010,2,19,7.5,45,-32_159,21.72306474049886,25.04777717590332,22.036905469780876,25.60339229447501,2004,Lord Howe Island Marine Park,0
Neoglyphidodon polyacanthus,-31.55,159.06,2010,2,19,10,50,-32_159,21.72306474049886,25.04777717590332,22.036905469780876,25.60339229447501,2004,Lord Howe Island Marine Park,0
Neoglyphidodon polyacanthus,-31.55,159.06,2010,2,19,5,2,-32_159,21.72306474049886,25.04777717590332,22.036905469780876,25.60339229447501,2004,Lord Howe Island Marine Park,0
Neoglyphidodon polyacanthus,-31.55,159.06,2010,2,19,7.5,24,-32_159,21.72306474049886,25.04777717590332,22.036905469780876,25.60339229447501,2004,Lord Howe Island Marine Park,0
Neoglyphidodon polyacanthus,-31.55,159.06,2010,2,19,10,42,-32_159,21.72306474049886,25.04777717590332,22.036905469780876,25.60339229447501,2004,Lord Howe Island Marine Park,0
Neoglyphidodon polyacanthus,-31.55,159.06,2010,2,19,12.5,5,-32_159,21.72306474049886,25.04777717590332,22.036905469780876,25.60339229447501,2004,Lord Howe Island Marine Park,0
Neoglyphidodon polyacanthus,-31.55,159.06,2010,2,19,7.5,14,-32_159,21.72306474049886,25.04777717590332,22.036905469780876,25.60339229447501,2004,Lord Howe Island Marine Park,0
Neoglyphidodon polyacanthus,-31.55,159.06,2010,2,19,10,16,-32_159,21.72306474049886,25.04777717590332,22.036905469780876,25.60339229447501,2004,Lord Howe Island Marine Park,0
Neoglyphidodon polyacanthus,-31.55,159.06,2010,2,19,15,20,-32_159,21.72306474049886,25.04777717590332,22.036905469780876,25.60339229447501,2004,Lord Howe Island Marine Park,0
Neoglyphidodon polyacanthus,-31.55,159.06,2010,2,19,12.5,25,-32_159,21.72306474049886,25.04777717590332,22.036905469780876,25.60339229447501,2004,Lord Howe Island Marine Park,0
Neoglyphidodon polyacanthus,-31.55,159.06,2010,2,19,15,25,-32_159,21.72306474049886,25.04777717590332,22.036905469780876,25.60339229447501,2004,Lord Howe Island Marine Park,0
Neoglyphidodon polyacanthus,-31.54,159.07,2009,2,3,2.5,4,-32_159,21.176898956298828,24.173982620239254,21.653498089423376,25.09160658291408,2004,Lord Howe Island Marine Park,0
Neoglyphidodon polyacanthus,-31.54,159.07,2009,2,3,5,18,-32_159,21.176898956298828,24.173982620239254,21.653498089423376,25.09160658291408,2004,Lord Howe Island Marine Park,0
Neoglyphidodon polyacanthus,-31.54,159.07,2009,2,3,7.5,34,-32_159,21.176898956298828,24.173982620239254,21.653498089423376,25.09160658291408,2004,Lord Howe Island Marine Park,0
Neoglyphidodon polyacanthus,-31.54,159.07,2009,2,3,10,11,-32_159,21.176898956298828,24.173982620239254,21.653498089423376,25.09160658291408,2004,Lord Howe Island Marine Park,0
Neoglyphidodon polyacanthus,-31.54,159.07,2009,2,3,2.5,15,-32_159,21.176898956298828,24.173982620239254,21.653498089423376,25.09160658291408,2004,Lord Howe Island Marine Park,0
Neoglyphidodon polyacanthus,-31.54,159.07,2009,2,3,5,20,-32_159,21.176898956298828,24.173982620239254,21.653498089423376,25.09160658291408,2004,Lord Howe Island Marine Park,0
Neoglyphidodon polyacanthus,-31.54,159.07,2009,2,3,7.5,47,-32_159,21.176898956298828,24.173982620239254,21.653498089423376,25.09160658291408,2004,Lord Howe Island Marine Park,0
Neoglyphidodon polyacanthus,-31.54,159.07,2009,2,3,10,40,-32_159,21.176898956298828,24.173982620239254,21.653498089423376,25.09160658291408,2004,Lord Howe Island Marine Park,0
Neoglyphidodon polyacanthus,-31.54,159.07,2009,2,3,12.5,32,-32_159,21.176898956298828,24.173982620239254,21.653498089423376,25.09160658291408,2004,Lord Howe Island Marine Park,0
Neoglyphidodon polyacanthus,-31.54,159.07,2009,2,3,2.5,2,-32_159,21.176898956298828,24.173982620239254,21.653498089423376,25.09160658291408,2004,Lord Howe Island Marine Park,0
Neoglyphidodon polyacanthus,-31.54,159.07,2009,2,3,7.5,18,-32_159,21.176898956298828,24.173982620239254,21.653498089423376,25.09160658291408,2004,Lord Howe Island Marine Park,0
Neoglyphidodon polyacanthus,-31.54,159.07,2009,2,3,10,16,-32_159,21.176898956298828,24.173982620239254,21.653498089423376,25.09160658291408,2004,Lord Howe Island Marine Park,0
Neoglyphidodon polyacanthus,-31.54,159.07,2009,2,3,12.5,29,-32_159,21.176898956298828,24.173982620239254,21.653498089423376,25.09160658291408,2004,Lord Howe Island Marine Park,0
Neoglyphidodon polyacanthus,-31.54,159.07,2009,2,3,7.5,5,-32_159,21.176898956298828,24.173982620239254,21.653498089423376,25.09160658291408,2004,Lord Howe Island Marine Park,0
Neoglyphidodon polyacanthus,-31.54,159.07,2009,2,3,10,34,-32_159,21.176898956298828,24.173982620239254,21.653498089423376,25.09160658291408,2004,Lord Howe Island Marine Park,0
Neoglyphidodon polyacanthus,-31.54,159.07,2009,2,3,12.5,28,-32_159,21.176898956298828,24.173982620239254,21.653498089423376,25.09160658291408,2004,Lord Howe Island Marine Park,0
Neoglyphidodon polyacanthus,-31.54,159.07,2010,2,7,7.5,7,-32_159,21.72306474049886,25.04777717590332,22.036905469780876,25.60339229447501,2004,Lord Howe Island Marine Park,0
Neoglyphidodon polyacanthus,-31.54,159.07,2010,2,7,10,27,-32_159,21.72306474049886,25.04777717590332,22.036905469780876,25.60339229447501,2004,Lord Howe Island Marine Park,0
Neoglyphidodon polyacanthus,-31.54,159.07,2010,2,7,12.5,48,-32_159,21.72306474049886,25.04777717590332,22.036905469780876,25.60339229447501,2004,Lord Howe Island Marine Park,0
Neoglyphidodon polyacanthus,-31.54,159.07,2010,2,7,7.5,20,-32_159,21.72306474049886,25.04777717590332,22.036905469780876,25.60339229447501,2004,Lord Howe Island Marine Park,0
Neoglyphidodon polyacanthus,-31.54,159.07,2010,2,7,10,30,-32_159,21.72306474049886,25.04777717590332,22.036905469780876,25.60339229447501,2004,Lord Howe Island Marine Park,0
Neoglyphidodon polyacanthus,-31.54,159.07,2010,2,7,12.5,50,-32_159,21.72306474049886,25.04777717590332,22.036905469780876,25.60339229447501,2004,Lord Howe Island Marine Park,0
Neoglyphidodon polyacanthus,-31.54,159.07,2010,2,7,15,2,-32_159,21.72306474049886,25.04777717590332,22.036905469780876,25.60339229447501,2004,Lord Howe Island Marine Park,0
Neoglyphidodon polyacanthus,-31.54,159.07,2010,2,7,12.5,15,-32_159,21.72306474049886,25.04777717590332,22.036905469780876,25.60339229447501,2004,Lord Howe Island Marine Park,0
Neoglyphidodon polyacanthus,-31.54,159.07,2010,2,7,15,16,-32_159,21.72306474049886,25.04777717590332,22.036905469780876,25.60339229447501,2004,Lord Howe Island Marine Park,0
Neoglyphidodon polyacanthus,-31.54,159.07,2010,2,7,10,10,-32_159,21.72306474049886,25.04777717590332,22.036905469780876,25.60339229447501,2004,Lord Howe Island Marine Park,0
Neoglyphidodon polyacanthus,-31.54,159.07,2010,2,7,12.5,14,-32_159,21.72306474049886,25.04777717590332,22.036905469780876,25.60339229447501,2004,Lord Howe Island Marine Park,0
Neoglyphidodon polyacanthus,-31.54,159.07,2010,2,7,15,10,-32_159,21.72306474049886,25.04777717590332,22.036905469780876,25.60339229447501,2004,Lord Howe Island Marine Park,0
Neoglyphidodon polyacanthus,-31.54,159.07,2009,2,3,7.5,15,-32_159,21.176898956298828,24.173982620239254,21.653498089423376,25.09160658291408,2004,Lord Howe Island Marine Park,0
Neoglyphidodon polyacanthus,-31.54,159.07,2009,2,3,10,20,-32_159,21.176898956298828,24.173982620239254,21.653498089423376,25.09160658291408,2004,Lord Howe Island Marine Park,0
Neoglyphidodon polyacanthus,-31.54,159.07,2009,2,3,10,20,-32_159,21.176898956298828,24.173982620239254,21.653498089423376,25.09160658291408,2004,Lord Howe Island Marine Park,0
Neoglyphidodon polyacanthus,-31.54,159.07,2009,2,3,12.5,40,-32_159,21.176898956298828,24.173982620239254,21.653498089423376,25.09160658291408,2004,Lord Howe Island Marine Park,0
Neoglyphidodon polyacanthus,-31.55,159.06,2010,2,19,5,5,-32_159,21.72306474049886,25.04777717590332,22.036905469780876,25.60339229447501,2004,Lord Howe Island Marine Park,0
Neoglyphidodon polyacanthus,-31.55,159.06,2010,2,19,7.5,4,-32_159,21.72306474049886,25.04777717590332,22.036905469780876,25.60339229447501,2004,Lord Howe Island Marine Park,0
Neoglyphidodon polyacanthus,-31.55,159.06,2010,2,19,10,48,-32_159,21.72306474049886,25.04777717590332,22.036905469780876,25.60339229447501,2004,Lord Howe Island Marine Park,0
Neoglyphidodon polyacanthus,-31.55,159.06,2010,2,19,12.5,50,-32_159,21.72306474049886,25.04777717590332,22.036905469780876,25.60339229447501,2004,Lord Howe Island Marine Park,0
Neoglyphidodon polyacanthus,-31.54,159.07,2009,2,3,12.5,5,-32_159,21.176898956298828,24.173982620239254,21.653498089423376,25.09160658291408,2004,Lord Howe Island Marine Park,0
Neoglyphidodon polyacanthus,-31.54,159.07,2009,2,3,10,15,-32_159,21.176898956298828,24.173982620239254,21.653498089423376,25.09160658291408,2004,Lord Howe Island Marine Park,0
Neoglyphidodon polyacanthus,-31.54,159.07,2009,2,3,12.5,24,-32_159,21.176898956298828,24.173982620239254,21.653498089423376,25.09160658291408,2004,Lord Howe Island Marine Park,0
Neoglyphidodon polyacanthus,-31.54,159.07,2009,2,3,15,11,-32_159,21.176898956298828,24.173982620239254,21.653498089423376,25.09160658291408,2004,Lord Howe Island Marine Park,0
Neoglyphidodon polyacanthus,-31.54,159.07,2009,2,3,20,5,-32_159,21.176898956298828,24.173982620239254,21.653498089423376,25.09160658291408,2004,Lord Howe Island Marine Park,0
Neoglyphidodon polyacanthus,-31.55,159.06,2010,2,19,5,3,-32_159,21.72306474049886,25.04777717590332,22.036905469780876,25.60339229447501,2004,Lord Howe Island Marine Park,0
Neoglyphidodon polyacanthus,-31.55,159.06,2010,2,19,7.5,2,-32_159,21.72306474049886,25.04777717590332,22.036905469780876,25.60339229447501,2004,Lord Howe Island Marine Park,0
Neoglyphidodon polyacanthus,-31.55,159.06,2010,2,19,10,43,-32_159,21.72306474049886,25.04777717590332,22.036905469780876,25.60339229447501,2004,Lord Howe Island Marine Park,0
Neoglyphidodon polyacanthus,-31.55,159.06,2010,2,19,12.5,37,-32_159,21.72306474049886,25.04777717590332,22.036905469780876,25.60339229447501,2004,Lord Howe Island Marine Park,0
Neoglyphidodon polyacanthus,-31.55,159.07,2009,2,6,7.5,2,-32_159,21.176898956298828,24.173982620239254,21.653498089423376,25.09160658291408,NA,NA,0
Neoglyphidodon polyacanthus,-31.55,159.07,2009,2,6,10,8,-32_159,21.176898956298828,24.173982620239254,21.653498089423376,25.09160658291408,NA,NA,0
Neoglyphidodon polyacanthus,-31.55,159.07,2009,2,6,12.5,7,-32_159,21.176898956298828,24.173982620239254,21.653498089423376,25.09160658291408,NA,NA,0
Neoglyphidodon polyacanthus,-31.55,159.07,2009,2,6,7.5,1,-32_159,21.176898956298828,24.173982620239254,21.653498089423376,25.09160658291408,NA,NA,0
Neoglyphidodon polyacanthus,-31.55,159.07,2009,2,6,10,4,-32_159,21.176898956298828,24.173982620239254,21.653498089423376,25.09160658291408,NA,NA,0
Neoglyphidodon polyacanthus,-31.55,159.07,2009,2,6,12.5,4,-32_159,21.176898956298828,24.173982620239254,21.653498089423376,25.09160658291408,NA,NA,0
Neoglyphidodon polyacanthus,-31.55,159.07,2009,2,6,2.5,3,-32_159,21.176898956298828,24.173982620239254,21.653498089423376,25.09160658291408,NA,NA,0
Neoglyphidodon polyacanthus,-31.55,159.07,2009,2,6,5,3,-32_159,21.176898956298828,24.173982620239254,21.653498089423376,25.09160658291408,NA,NA,0
Neoglyphidodon polyacanthus,-31.55,159.07,2009,2,6,7.5,1,-32_159,21.176898956298828,24.173982620239254,21.653498089423376,25.09160658291408,NA,NA,0
Neoglyphidodon polyacanthus,-31.55,159.07,2009,2,6,10,2,-32_159,21.176898956298828,24.173982620239254,21.653498089423376,25.09160658291408,NA,NA,0
Neoglyphidodon polyacanthus,-31.55,159.07,2009,2,6,12.5,2,-32_159,21.176898956298828,24.173982620239254,21.653498089423376,25.09160658291408,NA,NA,0
Neoglyphidodon polyacanthus,-31.55,159.07,2010,2,9,7.5,6,-32_159,21.72306474049886,25.04777717590332,22.036905469780876,25.60339229447501,NA,NA,0
Neoglyphidodon polyacanthus,-31.55,159.07,2010,2,9,10,5,-32_159,21.72306474049886,25.04777717590332,22.036905469780876,25.60339229447501,NA,NA,0
Neoglyphidodon polyacanthus,-31.55,159.07,2010,2,9,7.5,4,-32_159,21.72306474049886,25.04777717590332,22.036905469780876,25.60339229447501,NA,NA,0
Neoglyphidodon polyacanthus,-31.55,159.07,2010,2,9,10,3,-32_159,21.72306474049886,25.04777717590332,22.036905469780876,25.60339229447501,NA,NA,0
Neoglyphidodon polyacanthus,-31.55,159.07,2010,2,9,7.5,8,-32_159,21.72306474049886,25.04777717590332,22.036905469780876,25.60339229447501,NA,NA,0
Neoglyphidodon polyacanthus,-31.55,159.07,2010,2,9,10,18,-32_159,21.72306474049886,25.04777717590332,22.036905469780876,25.60339229447501,NA,NA,0
Neoglyphidodon polyacanthus,-31.55,159.07,2010,2,9,12.5,9,-32_159,21.72306474049886,25.04777717590332,22.036905469780876,25.60339229447501,NA,NA,0
Neoglyphidodon polyacanthus,-31.5,159.06,2009,2,1,5,2,-32_159,21.176898956298828,24.173982620239254,21.653498089423376,25.09160658291408,2004,Lord Howe Island Marine Park,0
Neoglyphidodon polyacanthus,-31.54,159.07,2009,2,3,5,5,-32_159,21.176898956298828,24.173982620239254,21.653498089423376,25.09160658291408,2004,Lord Howe Island Marine Park,0
Neoglyphidodon polyacanthus,-31.54,159.07,2009,2,3,7.5,10,-32_159,21.176898956298828,24.173982620239254,21.653498089423376,25.09160658291408,2004,Lord Howe Island Marine Park,0
Neoglyphidodon polyacanthus,-31.54,159.07,2009,2,3,10,17,-32_159,21.176898956298828,24.173982620239254,21.653498089423376,25.09160658291408,2004,Lord Howe Island Marine Park,0
Neoglyphidodon polyacanthus,-31.54,159.07,2009,2,3,12.5,35,-32_159,21.176898956298828,24.173982620239254,21.653498089423376,25.09160658291408,2004,Lord Howe Island Marine Park,0
Neoglyphidodon polyacanthus,-31.54,159.07,2009,2,3,15,37,-32_159,21.176898956298828,24.173982620239254,21.653498089423376,25.09160658291408,2004,Lord Howe Island Marine Park,0
Neoglyphidodon polyacanthus,-31.54,159.07,2010,2,7,10,26,-32_159,21.72306474049886,25.04777717590332,22.036905469780876,25.60339229447501,2004,Lord Howe Island Marine Park,0
Neoglyphidodon polyacanthus,-31.54,159.07,2010,2,7,7.5,1,-32_159,21.72306474049886,25.04777717590332,22.036905469780876,25.60339229447501,2004,Lord Howe Island Marine Park,0
Neoglyphidodon polyacanthus,-31.54,159.07,2010,2,7,10,19,-32_159,21.72306474049886,25.04777717590332,22.036905469780876,25.60339229447501,2004,Lord Howe Island Marine Park,0
Neoglyphidodon polyacanthus,-31.54,159.07,2010,2,7,12.5,14,-32_159,21.72306474049886,25.04777717590332,22.036905469780876,25.60339229447501,2004,Lord Howe Island Marine Park,0
Neoglyphidodon polyacanthus,-31.54,159.07,2010,2,7,7.5,14,-32_159,21.72306474049886,25.04777717590332,22.036905469780876,25.60339229447501,2004,Lord Howe Island Marine Park,0
Neoglyphidodon polyacanthus,-31.54,159.07,2010,2,7,10,18,-32_159,21.72306474049886,25.04777717590332,22.036905469780876,25.60339229447501,2004,Lord Howe Island Marine Park,0
Neoglyphidodon polyacanthus,-31.54,159.07,2010,2,7,12.5,15,-32_159,21.72306474049886,25.04777717590332,22.036905469780876,25.60339229447501,2004,Lord Howe Island Marine Park,0
Neoglyphidodon polyacanthus,-31.54,159.07,2010,2,7,7.5,8,-32_159,21.72306474049886,25.04777717590332,22.036905469780876,25.60339229447501,2004,Lord Howe Island Marine Park,0
Neoglyphidodon polyacanthus,-31.54,159.07,2010,2,7,10,15,-32_159,21.72306474049886,25.04777717590332,22.036905469780876,25.60339229447501,2004,Lord Howe Island Marine Park,0
Neoglyphidodon polyacanthus,-31.54,159.07,2010,2,7,12.5,6,-32_159,21.72306474049886,25.04777717590332,22.036905469780876,25.60339229447501,2004,Lord Howe Island Marine Park,0
Neoglyphidodon polyacanthus,-31.55,159.07,2009,2,6,12.5,10,-32_159,21.176898956298828,24.173982620239254,21.653498089423376,25.09160658291408,NA,NA,0
Neoglyphidodon polyacanthus,-31.55,159.07,2009,2,6,12.5,9,-32_159,21.176898956298828,24.173982620239254,21.653498089423376,25.09160658291408,NA,NA,0
Neoglyphidodon polyacanthus,-31.55,159.07,2010,2,9,7.5,7,-32_159,21.72306474049886,25.04777717590332,22.036905469780876,25.60339229447501,NA,NA,0
Neoglyphidodon polyacanthus,-31.55,159.07,2010,2,9,10,7,-32_159,21.72306474049886,25.04777717590332,22.036905469780876,25.60339229447501,NA,NA,0
Neoglyphidodon polyacanthus,-31.55,159.07,2010,2,9,12.5,13,-32_159,21.72306474049886,25.04777717590332,22.036905469780876,25.60339229447501,NA,NA,0
Neoglyphidodon polyacanthus,-31.55,159.07,2010,2,9,10,8,-32_159,21.72306474049886,25.04777717590332,22.036905469780876,25.60339229447501,NA,NA,0
Neoglyphidodon polyacanthus,-31.55,159.07,2010,2,9,12.5,17,-32_159,21.72306474049886,25.04777717590332,22.036905469780876,25.60339229447501,NA,NA,0
Neoglyphidodon polyacanthus,-31.55,159.07,2010,2,9,7.5,15,-32_159,21.72306474049886,25.04777717590332,22.036905469780876,25.60339229447501,NA,NA,0
Neoglyphidodon polyacanthus,-31.55,159.07,2010,2,9,10,15,-32_159,21.72306474049886,25.04777717590332,22.036905469780876,25.60339229447501,NA,NA,0
Neoglyphidodon polyacanthus,-31.55,159.07,2010,2,9,12.5,12,-32_159,21.72306474049886,25.04777717590332,22.036905469780876,25.60339229447501,NA,NA,0
Neoglyphidodon polyacanthus,-31.55,159.07,2010,2,9,15,15,-32_159,21.72306474049886,25.04777717590332,22.036905469780876,25.60339229447501,NA,NA,0
Neoglyphidodon polyacanthus,-31.55,159.07,2010,2,9,2.5,1,-32_159,21.72306474049886,25.04777717590332,22.036905469780876,25.60339229447501,NA,NA,0
Neoglyphidodon polyacanthus,-31.55,159.07,2010,2,9,5,1,-32_159,21.72306474049886,25.04777717590332,22.036905469780876,25.60339229447501,NA,NA,0
Neoglyphidodon polyacanthus,-31.55,159.07,2010,2,9,7.5,6,-32_159,21.72306474049886,25.04777717590332,22.036905469780876,25.60339229447501,NA,NA,0
Neoglyphidodon polyacanthus,-31.55,159.07,2010,2,9,10,23,-32_159,21.72306474049886,25.04777717590332,22.036905469780876,25.60339229447501,NA,NA,0
Neoglyphidodon polyacanthus,-31.55,159.07,2010,2,9,12.5,2,-32_159,21.72306474049886,25.04777717590332,22.036905469780876,25.60339229447501,NA,NA,0
Neoglyphidodon polyacanthus,-31.52,159.05,2012,2,21,2.5,11,-32_159,20.916617552439373,23.9117488861084,20.987408518711636,24.314826998217352,2004,Lord Howe Island Marine Park,0
Neoglyphidodon polyacanthus,-31.52,159.05,2012,2,21,5,20,-32_159,20.916617552439373,23.9117488861084,20.987408518711636,24.314826998217352,2004,Lord Howe Island Marine Park,0
Neoglyphidodon polyacanthus,-31.52,159.05,2012,2,21,7.5,29,-32_159,20.916617552439373,23.9117488861084,20.987408518711636,24.314826998217352,2004,Lord Howe Island Marine Park,0
Neoglyphidodon polyacanthus,-31.52,159.05,2012,2,21,10,6,-32_159,20.916617552439373,23.9117488861084,20.987408518711636,24.314826998217352,2004,Lord Howe Island Marine Park,0
Neoglyphidodon polyacanthus,-31.52,159.05,2012,2,21,2.5,15,-32_159,20.916617552439373,23.9117488861084,20.987408518711636,24.314826998217352,2004,Lord Howe Island Marine Park,0
Neoglyphidodon polyacanthus,-31.52,159.05,2012,2,21,5,11,-32_159,20.916617552439373,23.9117488861084,20.987408518711636,24.314826998217352,2004,Lord Howe Island Marine Park,0
Neoglyphidodon polyacanthus,-31.52,159.05,2012,2,21,7.5,17,-32_159,20.916617552439373,23.9117488861084,20.987408518711636,24.314826998217352,2004,Lord Howe Island Marine Park,0
Neoglyphidodon polyacanthus,-31.52,159.05,2012,2,21,10,7,-32_159,20.916617552439373,23.9117488861084,20.987408518711636,24.314826998217352,2004,Lord Howe Island Marine Park,0
Neoglyphidodon polyacanthus,-31.52,159.05,2012,2,21,2.5,2,-32_159,20.916617552439373,23.9117488861084,20.987408518711636,24.314826998217352,2004,Lord Howe Island Marine Park,0
Neoglyphidodon polyacanthus,-31.52,159.05,2012,2,21,5,20,-32_159,20.916617552439373,23.9117488861084,20.987408518711636,24.314826998217352,2004,Lord Howe Island Marine Park,0
Neoglyphidodon polyacanthus,-31.52,159.05,2012,2,21,7.5,70,-32_159,20.916617552439373,23.9117488861084,20.987408518711636,24.314826998217352,2004,Lord Howe Island Marine Park,0
Neoglyphidodon polyacanthus,-31.52,159.05,2012,2,21,10,5,-32_159,20.916617552439373,23.9117488861084,20.987408518711636,24.314826998217352,2004,Lord Howe Island Marine Park,0
Neoglyphidodon polyacanthus,-31.52,159.05,2012,2,21,12.5,2,-32_159,20.916617552439373,23.9117488861084,20.987408518711636,24.314826998217352,2004,Lord Howe Island Marine Park,0
Neoglyphidodon polyacanthus,-31.57,159.1,2012,2,20,10,1,-32_159,20.916617552439373,23.9117488861084,20.987408518711636,24.314826998217352,2004,Lord Howe Island Marine Park,0
Neoglyphidodon polyacanthus,-31.57,159.1,2012,2,20,2.5,1,-32_159,20.916617552439373,23.9117488861084,20.987408518711636,24.314826998217352,2004,Lord Howe Island Marine Park,0
Neoglyphidodon polyacanthus,-31.57,159.1,2012,2,20,10,2,-32_159,20.916617552439373,23.9117488861084,20.987408518711636,24.314826998217352,2004,Lord Howe Island Marine Park,0
Neoglyphidodon polyacanthus,-31.57,159.1,2012,2,20,15,2,-32_159,20.916617552439373,23.9117488861084,20.987408518711636,24.314826998217352,2004,Lord Howe Island Marine Park,0
Neoglyphidodon polyacanthus,-31.57,159.1,2012,2,20,12.5,1,-32_159,20.916617552439373,23.9117488861084,20.987408518711636,24.314826998217352,2004,Lord Howe Island Marine Park,0
Neoglyphidodon polyacanthus,-31.54,159.07,2012,2,21,2.5,1,-32_159,20.916617552439373,23.9117488861084,20.987408518711636,24.314826998217352,2004,Lord Howe Island Marine Park,0
Neoglyphidodon polyacanthus,-31.54,159.07,2012,2,21,5,10,-32_159,20.916617552439373,23.9117488861084,20.987408518711636,24.314826998217352,2004,Lord Howe Island Marine Park,0
Neoglyphidodon polyacanthus,-31.54,159.07,2012,2,21,7.5,20,-32_159,20.916617552439373,23.9117488861084,20.987408518711636,24.314826998217352,2004,Lord Howe Island Marine Park,0
Neoglyphidodon polyacanthus,-31.54,159.07,2012,2,21,10,10,-32_159,20.916617552439373,23.9117488861084,20.987408518711636,24.314826998217352,2004,Lord Howe Island Marine Park,0
Neoglyphidodon polyacanthus,-31.54,159.07,2012,2,21,12.5,2,-32_159,20.916617552439373,23.9117488861084,20.987408518711636,24.314826998217352,2004,Lord Howe Island Marine Park,0
Neoglyphidodon polyacanthus,-31.54,159.07,2012,2,21,5,5,-32_159,20.916617552439373,23.9117488861084,20.987408518711636,24.314826998217352,2004,Lord Howe Island Marine Park,0
Neoglyphidodon polyacanthus,-31.54,159.07,2012,2,21,7.5,25,-32_159,20.916617552439373,23.9117488861084,20.987408518711636,24.314826998217352,2004,Lord Howe Island Marine Park,0
Neoglyphidodon polyacanthus,-31.54,159.07,2012,2,21,10,15,-32_159,20.916617552439373,23.9117488861084,20.987408518711636,24.314826998217352,2004,Lord Howe Island Marine Park,0
Neoglyphidodon polyacanthus,-31.54,159.07,2012,2,21,12.5,5,-32_159,20.916617552439373,23.9117488861084,20.987408518711636,24.314826998217352,2004,Lord Howe Island Marine Park,0
Neoglyphidodon polyacanthus,-31.53,159.06,2012,2,22,2.5,10,-32_159,20.916617552439373,23.9117488861084,20.987408518711636,24.314826998217352,NA,NA,0
Neoglyphidodon polyacanthus,-31.53,159.06,2012,2,22,5,12,-32_159,20.916617552439373,23.9117488861084,20.987408518711636,24.314826998217352,NA,NA,0
Neoglyphidodon polyacanthus,-31.53,159.06,2012,2,22,7.5,18,-32_159,20.916617552439373,23.9117488861084,20.987408518711636,24.314826998217352,NA,NA,0
Neoglyphidodon polyacanthus,-31.53,159.06,2012,2,22,2.5,17,-32_159,20.916617552439373,23.9117488861084,20.987408518711636,24.314826998217352,NA,NA,0
Neoglyphidodon polyacanthus,-31.53,159.06,2012,2,22,5,8,-32_159,20.916617552439373,23.9117488861084,20.987408518711636,24.314826998217352,NA,NA,0
Neoglyphidodon polyacanthus,-31.53,159.06,2012,2,22,7.5,15,-32_159,20.916617552439373,23.9117488861084,20.987408518711636,24.314826998217352,NA,NA,0
Neoglyphidodon polyacanthus,-31.53,159.06,2012,2,22,2.5,8,-32_159,20.916617552439373,23.9117488861084,20.987408518711636,24.314826998217352,NA,NA,0
Neoglyphidodon polyacanthus,-31.53,159.06,2012,2,22,5,7,-32_159,20.916617552439373,23.9117488861084,20.987408518711636,24.314826998217352,NA,NA,0
Neoglyphidodon polyacanthus,-31.53,159.06,2012,2,22,7.5,9,-32_159,20.916617552439373,23.9117488861084,20.987408518711636,24.314826998217352,NA,NA,0
Neoglyphidodon polyacanthus,-31.53,159.06,2012,2,22,10,5,-32_159,20.916617552439373,23.9117488861084,20.987408518711636,24.314826998217352,NA,NA,0
Neoglyphidodon polyacanthus,-31.53,159.06,2012,2,22,12.5,2,-32_159,20.916617552439373,23.9117488861084,20.987408518711636,24.314826998217352,NA,NA,0
Neoglyphidodon polyacanthus,-31.53,159.06,2012,2,22,2.5,7,-32_159,20.916617552439373,23.9117488861084,20.987408518711636,24.314826998217352,NA,NA,0
Neoglyphidodon polyacanthus,-31.53,159.06,2012,2,22,7.5,10,-32_159,20.916617552439373,23.9117488861084,20.987408518711636,24.314826998217352,NA,NA,0
Neoglyphidodon polyacanthus,-31.53,159.06,2012,2,22,10,3,-32_159,20.916617552439373,23.9117488861084,20.987408518711636,24.314826998217352,NA,NA,0
Neoglyphidodon polyacanthus,-31.53,159.06,2012,2,22,12.5,1,-32_159,20.916617552439373,23.9117488861084,20.987408518711636,24.314826998217352,NA,NA,0
Neoglyphidodon polyacanthus,-31.51,159.07,2012,2,22,12.5,1,-32_159,20.916617552439373,23.9117488861084,20.987408518711636,24.314826998217352,2004,Lord Howe Island Marine Park,0
Neoglyphidodon polyacanthus,-31.51,159.07,2012,2,22,10,1,-32_159,20.916617552439373,23.9117488861084,20.987408518711636,24.314826998217352,2004,Lord Howe Island Marine Park,0
Neoglyphidodon polyacanthus,-31.51,159.07,2012,2,22,2.5,2,-32_159,20.916617552439373,23.9117488861084,20.987408518711636,24.314826998217352,2004,Lord Howe Island Marine Park,0
Neoglyphidodon polyacanthus,-31.51,159.07,2012,2,22,5,1,-32_159,20.916617552439373,23.9117488861084,20.987408518711636,24.314826998217352,2004,Lord Howe Island Marine Park,0
Neoglyphidodon polyacanthus,-31.51,159.07,2012,2,22,7.5,1,-32_159,20.916617552439373,23.9117488861084,20.987408518711636,24.314826998217352,2004,Lord Howe Island Marine Park,0
Neoglyphidodon polyacanthus,-31.52,159.05,2012,2,21,5,30,-32_159,20.916617552439373,23.9117488861084,20.987408518711636,24.314826998217352,2004,Lord Howe Island Marine Park,0
Neoglyphidodon polyacanthus,-31.52,159.05,2012,2,21,10,10,-32_159,20.916617552439373,23.9117488861084,20.987408518711636,24.314826998217352,2004,Lord Howe Island Marine Park,0
Neoglyphidodon polyacanthus,-31.52,159.05,2012,2,21,12.5,1,-32_159,20.916617552439373,23.9117488861084,20.987408518711636,24.314826998217352,2004,Lord Howe Island Marine Park,0
Neoglyphidodon polyacanthus,-31.52,159.05,2012,2,21,2.5,15,-32_159,20.916617552439373,23.9117488861084,20.987408518711636,24.314826998217352,2004,Lord Howe Island Marine Park,0
Neoglyphidodon polyacanthus,-31.52,159.05,2012,2,21,5,3,-32_159,20.916617552439373,23.9117488861084,20.987408518711636,24.314826998217352,2004,Lord Howe Island Marine Park,0
Neoglyphidodon polyacanthus,-31.52,159.05,2012,2,21,10,50,-32_159,20.916617552439373,23.9117488861084,20.987408518711636,24.314826998217352,2004,Lord Howe Island Marine Park,0
Neoglyphidodon polyacanthus,-31.52,159.05,2012,2,21,2.5,16,-32_159,20.916617552439373,23.9117488861084,20.987408518711636,24.314826998217352,2004,Lord Howe Island Marine Park,0
Neoglyphidodon polyacanthus,-31.52,159.05,2012,2,21,10,47,-32_159,20.916617552439373,23.9117488861084,20.987408518711636,24.314826998217352,2004,Lord Howe Island Marine Park,0
Neoglyphidodon polyacanthus,-31.52,159.05,2012,2,21,2.5,13,-32_159,20.916617552439373,23.9117488861084,20.987408518711636,24.314826998217352,2004,Lord Howe Island Marine Park,0
Neoglyphidodon polyacanthus,-31.52,159.05,2012,2,21,5,45,-32_159,20.916617552439373,23.9117488861084,20.987408518711636,24.314826998217352,2004,Lord Howe Island Marine Park,0
Neoglyphidodon polyacanthus,-31.52,159.05,2012,2,21,7.5,66,-32_159,20.916617552439373,23.9117488861084,20.987408518711636,24.314826998217352,2004,Lord Howe Island Marine Park,0
Neoglyphidodon polyacanthus,-31.52,159.05,2012,2,21,10,5,-32_159,20.916617552439373,23.9117488861084,20.987408518711636,24.314826998217352,2004,Lord Howe Island Marine Park,0
Neoglyphidodon polyacanthus,-31.52,159.05,2012,2,21,2.5,11,-32_159,20.916617552439373,23.9117488861084,20.987408518711636,24.314826998217352,2004,Lord Howe Island Marine Park,0
Neoglyphidodon polyacanthus,-31.52,159.05,2012,2,21,5,30,-32_159,20.916617552439373,23.9117488861084,20.987408518711636,24.314826998217352,2004,Lord Howe Island Marine Park,0
Neoglyphidodon polyacanthus,-31.52,159.05,2012,2,21,7.5,80,-32_159,20.916617552439373,23.9117488861084,20.987408518711636,24.314826998217352,2004,Lord Howe Island Marine Park,0
Neoglyphidodon polyacanthus,-31.53,159.05,2012,2,21,5,1,-32_159,20.916617552439373,23.9117488861084,20.987408518711636,24.314826998217352,NA,NA,0
Neoglyphidodon polyacanthus,-31.53,159.05,2012,2,21,10,1,-32_159,20.916617552439373,23.9117488861084,20.987408518711636,24.314826998217352,NA,NA,0
Neoglyphidodon polyacanthus,-31.54,159.11,2012,2,23,5,5,-32_159,20.916617552439373,23.9117488861084,20.987408518711636,24.314826998217352,NA,NA,0
Neoglyphidodon polyacanthus,-31.52,159.04,2012,2,24,15,3,-32_159,20.916617552439373,23.9117488861084,20.987408518711636,24.314826998217352,NA,NA,0
Neoglyphidodon polyacanthus,-31.52,159.04,2012,2,24,20,1,-32_159,20.916617552439373,23.9117488861084,20.987408518711636,24.314826998217352,NA,NA,0
Neoglyphidodon polyacanthus,-31.51,159.07,2012,2,22,5,2,-32_159,20.916617552439373,23.9117488861084,20.987408518711636,24.314826998217352,2004,Lord Howe Island Marine Park,0
Neoglyphidodon polyacanthus,-31.51,159.07,2012,2,22,7.5,2,-32_159,20.916617552439373,23.9117488861084,20.987408518711636,24.314826998217352,2004,Lord Howe Island Marine Park,0
Neoglyphidodon polyacanthus,-31.52,159.08,2012,2,22,2.5,4,-32_159,20.916617552439373,23.9117488861084,20.987408518711636,24.314826998217352,NA,NA,0
Neoglyphidodon polyacanthus,-31.52,159.08,2012,2,22,7.5,1,-32_159,20.916617552439373,23.9117488861084,20.987408518711636,24.314826998217352,NA,NA,0
Neoglyphidodon polyacanthus,-31.52,159.08,2012,2,22,12.5,3,-32_159,20.916617552439373,23.9117488861084,20.987408518711636,24.314826998217352,NA,NA,0
Neoglyphidodon polyacanthus,-31.52,159.08,2012,2,22,10,1,-32_159,20.916617552439373,23.9117488861084,20.987408518711636,24.314826998217352,NA,NA,0
Neoglyphidodon polyacanthus,-31.52,159.08,2012,2,22,12.5,1,-32_159,20.916617552439373,23.9117488861084,20.987408518711636,24.314826998217352,NA,NA,0
Neoglyphidodon polyacanthus,-31.52,159.08,2012,2,22,7.5,1,-32_159,20.916617552439373,23.9117488861084,20.987408518711636,24.314826998217352,NA,NA,0
Neoglyphidodon polyacanthus,-31.52,159.07,2012,2,22,10,5,-32_159,20.916617552439373,23.9117488861084,20.987408518711636,24.314826998217352,2004,Lord Howe Island Marine Park,0
Neoglyphidodon polyacanthus,-31.52,159.07,2012,2,22,10,2,-32_159,20.916617552439373,23.9117488861084,20.987408518711636,24.314826998217352,2004,Lord Howe Island Marine Park,0
Neoglyphidodon polyacanthus,-31.52,159.07,2012,2,22,12.5,7,-32_159,20.916617552439373,23.9117488861084,20.987408518711636,24.314826998217352,2004,Lord Howe Island Marine Park,0
Neoglyphidodon polyacanthus,-31.52,159.07,2012,2,22,15,3,-32_159,20.916617552439373,23.9117488861084,20.987408518711636,24.314826998217352,2004,Lord Howe Island Marine Park,0
Neoglyphidodon polyacanthus,-31.52,159.07,2012,2,22,15,20,-32_159,20.916617552439373,23.9117488861084,20.987408518711636,24.314826998217352,2004,Lord Howe Island Marine Park,0
Neoglyphidodon polyacanthus,-31.5,159.07,2012,2,23,12.5,2,-32_159,20.916617552439373,23.9117488861084,20.987408518711636,24.314826998217352,2004,Lord Howe Island Marine Park,0
Neoglyphidodon polyacanthus,-31.5,159.07,2012,2,23,7.5,5,-32_159,20.916617552439373,23.9117488861084,20.987408518711636,24.314826998217352,2004,Lord Howe Island Marine Park,0
Neoglyphidodon polyacanthus,-31.5,159.07,2012,2,23,10,5,-32_159,20.916617552439373,23.9117488861084,20.987408518711636,24.314826998217352,2004,Lord Howe Island Marine Park,0
Neoglyphidodon polyacanthus,-31.5,159.07,2012,2,23,10,2,-32_159,20.916617552439373,23.9117488861084,20.987408518711636,24.314826998217352,2004,Lord Howe Island Marine Park,0
Neoglyphidodon polyacanthus,-31.56,159.1,2012,2,23,10,3,-32_159,20.916617552439373,23.9117488861084,20.987408518711636,24.314826998217352,NA,NA,0
Neoglyphidodon polyacanthus,-31.56,159.1,2012,2,23,2.5,10,-32_159,20.916617552439373,23.9117488861084,20.987408518711636,24.314826998217352,NA,NA,0
Neoglyphidodon polyacanthus,-31.56,159.1,2012,2,23,10,1,-32_159,20.916617552439373,23.9117488861084,20.987408518711636,24.314826998217352,NA,NA,0
Neoglyphidodon polyacanthus,-31.56,159.1,2012,2,23,12.5,5,-32_159,20.916617552439373,23.9117488861084,20.987408518711636,24.314826998217352,NA,NA,0
Neoglyphidodon polyacanthus,-31.56,159.1,2012,2,23,12.5,3,-32_159,20.916617552439373,23.9117488861084,20.987408518711636,24.314826998217352,NA,NA,0
Neoglyphidodon polyacanthus,-31.51,159.06,2012,2,23,2.5,1,-32_159,20.916617552439373,23.9117488861084,20.987408518711636,24.314826998217352,2004,Lord Howe Island Marine Park,0
Neoglyphidodon polyacanthus,-31.51,159.06,2012,2,23,7.5,1,-32_159,20.916617552439373,23.9117488861084,20.987408518711636,24.314826998217352,2004,Lord Howe Island Marine Park,0
Neoglyphidodon polyacanthus,-31.51,159.06,2012,2,23,10,1,-32_159,20.916617552439373,23.9117488861084,20.987408518711636,24.314826998217352,2004,Lord Howe Island Marine Park,0
Neoglyphidodon polyacanthus,-31.51,159.06,2012,2,23,10,1,-32_159,20.916617552439373,23.9117488861084,20.987408518711636,24.314826998217352,2004,Lord Howe Island Marine Park,0
Neoglyphidodon polyacanthus,-31.51,159.06,2012,2,23,15,7,-32_159,20.916617552439373,23.9117488861084,20.987408518711636,24.314826998217352,2004,Lord Howe Island Marine Park,0
Neoglyphidodon polyacanthus,-31.51,159.06,2012,2,23,5,1,-32_159,20.916617552439373,23.9117488861084,20.987408518711636,24.314826998217352,2004,Lord Howe Island Marine Park,0
Neoglyphidodon polyacanthus,-31.51,159.06,2012,2,23,12.5,5,-32_159,20.916617552439373,23.9117488861084,20.987408518711636,24.314826998217352,2004,Lord Howe Island Marine Park,0
Neoglyphidodon polyacanthus,-31.52,159.04,2012,2,24,5,2,-32_159,20.916617552439373,23.9117488861084,20.987408518711636,24.314826998217352,NA,NA,0
Neoglyphidodon polyacanthus,-31.52,159.04,2012,2,24,7.5,1,-32_159,20.916617552439373,23.9117488861084,20.987408518711636,24.314826998217352,NA,NA,0
Neoglyphidodon polyacanthus,-31.52,159.04,2012,2,24,10,4,-32_159,20.916617552439373,23.9117488861084,20.987408518711636,24.314826998217352,NA,NA,0
Neoglyphidodon polyacanthus,-31.53,159.05,2012,2,21,2.5,6,-32_159,20.916617552439373,23.9117488861084,20.987408518711636,24.314826998217352,NA,NA,0
Neoglyphidodon polyacanthus,-31.53,159.05,2012,2,21,5,15,-32_159,20.916617552439373,23.9117488861084,20.987408518711636,24.314826998217352,NA,NA,0
Neoglyphidodon polyacanthus,-31.53,159.05,2012,2,21,7.5,11,-32_159,20.916617552439373,23.9117488861084,20.987408518711636,24.314826998217352,NA,NA,0
Neoglyphidodon polyacanthus,-31.53,159.05,2012,2,21,7.5,150,-32_159,20.916617552439373,23.9117488861084,20.987408518711636,24.314826998217352,NA,NA,0
Neoglyphidodon polyacanthus,-31.53,159.05,2012,2,21,10,150,-32_159,20.916617552439373,23.9117488861084,20.987408518711636,24.314826998217352,NA,NA,0
Neoglyphidodon polyacanthus,-31.53,159.05,2012,2,21,12.5,70,-32_159,20.916617552439373,23.9117488861084,20.987408518711636,24.314826998217352,NA,NA,0
Neoglyphidodon polyacanthus,-31.53,159.05,2012,2,21,7.5,200,-32_159,20.916617552439373,23.9117488861084,20.987408518711636,24.314826998217352,NA,NA,0
Neoglyphidodon polyacanthus,-31.53,159.05,2012,2,21,10,300,-32_159,20.916617552439373,23.9117488861084,20.987408518711636,24.314826998217352,NA,NA,0
Neoglyphidodon polyacanthus,-31.53,159.05,2012,2,21,12.5,200,-32_159,20.916617552439373,23.9117488861084,20.987408518711636,24.314826998217352,NA,NA,0
Neoglyphidodon polyacanthus,-31.52,159.05,2012,2,21,10,60,-32_159,20.916617552439373,23.9117488861084,20.987408518711636,24.314826998217352,2004,Lord Howe Island Marine Park,0
Neoglyphidodon polyacanthus,-31.51,159.06,2012,2,23,12.5,1,-32_159,20.916617552439373,23.9117488861084,20.987408518711636,24.314826998217352,2004,Lord Howe Island Marine Park,0
Neoglyphidodon polyacanthus,-31.51,159.06,2012,2,23,10,1,-32_159,20.916617552439373,23.9117488861084,20.987408518711636,24.314826998217352,2004,Lord Howe Island Marine Park,0
Neoglyphidodon polyacanthus,-31.51,159.06,2012,2,23,5,1,-32_159,20.916617552439373,23.9117488861084,20.987408518711636,24.314826998217352,2004,Lord Howe Island Marine Park,0
Neoglyphidodon polyacanthus,-31.51,159.06,2012,2,23,7.5,2,-32_159,20.916617552439373,23.9117488861084,20.987408518711636,24.314826998217352,2004,Lord Howe Island Marine Park,0
Neoglyphidodon polyacanthus,-31.51,159.06,2012,2,23,10,1,-32_159,20.916617552439373,23.9117488861084,20.987408518711636,24.314826998217352,2004,Lord Howe Island Marine Park,0
Neoglyphidodon polyacanthus,-31.51,159.06,2012,2,23,12.5,2,-32_159,20.916617552439373,23.9117488861084,20.987408518711636,24.314826998217352,2004,Lord Howe Island Marine Park,0
Neoglyphidodon polyacanthus,-31.53,159.05,2012,2,25,10,27,-32_159,20.916617552439373,23.9117488861084,20.987408518711636,24.314826998217352,NA,NA,0
Neoglyphidodon polyacanthus,-31.53,159.05,2012,2,25,7.5,2,-32_159,20.916617552439373,23.9117488861084,20.987408518711636,24.314826998217352,NA,NA,0
Neoglyphidodon polyacanthus,-31.53,159.05,2012,2,25,10,4,-32_159,20.916617552439373,23.9117488861084,20.987408518711636,24.314826998217352,NA,NA,0
Neoglyphidodon polyacanthus,-31.53,159.05,2012,2,25,2.5,2,-32_159,20.916617552439373,23.9117488861084,20.987408518711636,24.314826998217352,NA,NA,0
Neoglyphidodon polyacanthus,-31.53,159.05,2012,2,25,5,3,-32_159,20.916617552439373,23.9117488861084,20.987408518711636,24.314826998217352,NA,NA,0
Neoglyphidodon polyacanthus,-31.53,159.05,2012,2,25,10,5,-32_159,20.916617552439373,23.9117488861084,20.987408518711636,24.314826998217352,NA,NA,0
Neoglyphidodon polyacanthus,-31.55,159.06,2012,2,25,10,4,-32_159,20.916617552439373,23.9117488861084,20.987408518711636,24.314826998217352,2004,Lord Howe Island Marine Park,0
Neoglyphidodon polyacanthus,-31.55,159.06,2012,2,25,12.5,2,-32_159,20.916617552439373,23.9117488861084,20.987408518711636,24.314826998217352,2004,Lord Howe Island Marine Park,0
Neoglyphidodon polyacanthus,-31.55,159.06,2012,2,25,12.5,4,-32_159,20.916617552439373,23.9117488861084,20.987408518711636,24.314826998217352,2004,Lord Howe Island Marine Park,0
Neoglyphidodon polyacanthus,-31.55,159.06,2012,2,25,5,1,-32_159,20.916617552439373,23.9117488861084,20.987408518711636,24.314826998217352,2004,Lord Howe Island Marine Park,0
Neoglyphidodon polyacanthus,-31.55,159.06,2012,2,25,2.5,1,-32_159,20.916617552439373,23.9117488861084,20.987408518711636,24.314826998217352,2004,Lord Howe Island Marine Park,0
Neoglyphidodon polyacanthus,-31.55,159.06,2012,2,25,5,2,-32_159,20.916617552439373,23.9117488861084,20.987408518711636,24.314826998217352,2004,Lord Howe Island Marine Park,0
Neoglyphidodon polyacanthus,-31.54,159.06,2012,2,26,7.5,65,-32_159,20.916617552439373,23.9117488861084,20.987408518711636,24.314826998217352,2004,Lord Howe Island Marine Park,0
Neoglyphidodon polyacanthus,-31.54,159.06,2012,2,26,10,100,-32_159,20.916617552439373,23.9117488861084,20.987408518711636,24.314826998217352,2004,Lord Howe Island Marine Park,0
Neoglyphidodon polyacanthus,-31.54,159.06,2012,2,26,2.5,10,-32_159,20.916617552439373,23.9117488861084,20.987408518711636,24.314826998217352,2004,Lord Howe Island Marine Park,0
Neoglyphidodon polyacanthus,-31.54,159.06,2012,2,26,5,15,-32_159,20.916617552439373,23.9117488861084,20.987408518711636,24.314826998217352,2004,Lord Howe Island Marine Park,0
Neoglyphidodon polyacanthus,-31.54,159.06,2012,2,26,7.5,25,-32_159,20.916617552439373,23.9117488861084,20.987408518711636,24.314826998217352,2004,Lord Howe Island Marine Park,0
Neoglyphidodon polyacanthus,-31.54,159.06,2012,2,26,10,25,-32_159,20.916617552439373,23.9117488861084,20.987408518711636,24.314826998217352,2004,Lord Howe Island Marine Park,0
Neoglyphidodon polyacanthus,-31.54,159.06,2012,2,26,12.5,10,-32_159,20.916617552439373,23.9117488861084,20.987408518711636,24.314826998217352,2004,Lord Howe Island Marine Park,0
Neoglyphidodon polyacanthus,-31.54,159.06,2012,2,26,2.5,15,-32_159,20.916617552439373,23.9117488861084,20.987408518711636,24.314826998217352,2004,Lord Howe Island Marine Park,0
Neoglyphidodon polyacanthus,-31.54,159.06,2012,2,26,5,5,-32_159,20.916617552439373,23.9117488861084,20.987408518711636,24.314826998217352,2004,Lord Howe Island Marine Park,0
Neoglyphidodon polyacanthus,-31.54,159.06,2012,2,26,7.5,10,-32_159,20.916617552439373,23.9117488861084,20.987408518711636,24.314826998217352,2004,Lord Howe Island Marine Park,0
Neoglyphidodon polyacanthus,-31.54,159.06,2012,2,26,10,50,-32_159,20.916617552439373,23.9117488861084,20.987408518711636,24.314826998217352,2004,Lord Howe Island Marine Park,0
Neoglyphidodon polyacanthus,-31.54,159.06,2012,2,26,12.5,20,-32_159,20.916617552439373,23.9117488861084,20.987408518711636,24.314826998217352,2004,Lord Howe Island Marine Park,0
Neoglyphidodon polyacanthus,-31.56,159.07,2012,2,27,10,12,-32_159,20.916617552439373,23.9117488861084,20.987408518711636,24.314826998217352,NA,NA,0
Neoglyphidodon polyacanthus,-31.52,159.05,2012,2,21,7.5,50,-32_159,20.916617552439373,23.9117488861084,20.987408518711636,24.314826998217352,2004,Lord Howe Island Marine Park,0
Neoglyphidodon polyacanthus,-31.52,159.05,2012,2,21,10,50,-32_159,20.916617552439373,23.9117488861084,20.987408518711636,24.314826998217352,2004,Lord Howe Island Marine Park,0
Neoglyphidodon polyacanthus,-31.52,159.05,2012,2,21,2.5,2,-32_159,20.916617552439373,23.9117488861084,20.987408518711636,24.314826998217352,2004,Lord Howe Island Marine Park,0
Neoglyphidodon polyacanthus,-31.52,159.05,2012,2,21,5,3,-32_159,20.916617552439373,23.9117488861084,20.987408518711636,24.314826998217352,2004,Lord Howe Island Marine Park,0
Neoglyphidodon polyacanthus,-31.52,159.05,2012,2,21,12.5,42,-32_159,20.916617552439373,23.9117488861084,20.987408518711636,24.314826998217352,2004,Lord Howe Island Marine Park,0
Neoglyphidodon polyacanthus,-31.52,159.05,2012,2,21,15,43,-32_159,20.916617552439373,23.9117488861084,20.987408518711636,24.314826998217352,2004,Lord Howe Island Marine Park,0
Neoglyphidodon polyacanthus,-31.52,159.05,2012,2,21,2.5,5,-32_159,20.916617552439373,23.9117488861084,20.987408518711636,24.314826998217352,2004,Lord Howe Island Marine Park,0
Neoglyphidodon polyacanthus,-31.52,159.05,2012,2,21,5,40,-32_159,20.916617552439373,23.9117488861084,20.987408518711636,24.314826998217352,2004,Lord Howe Island Marine Park,0
Neoglyphidodon polyacanthus,-31.52,159.05,2012,2,21,7.5,2,-32_159,20.916617552439373,23.9117488861084,20.987408518711636,24.314826998217352,2004,Lord Howe Island Marine Park,0
Neoglyphidodon polyacanthus,-31.52,159.04,2012,2,24,2.5,5,-32_159,20.916617552439373,23.9117488861084,20.987408518711636,24.314826998217352,2004,Lord Howe Island Marine Park,0
Neoglyphidodon polyacanthus,-31.52,159.04,2012,2,24,5,2,-32_159,20.916617552439373,23.9117488861084,20.987408518711636,24.314826998217352,2004,Lord Howe Island Marine Park,0
Neoglyphidodon polyacanthus,-31.52,159.04,2012,2,24,7.5,2,-32_159,20.916617552439373,23.9117488861084,20.987408518711636,24.314826998217352,2004,Lord Howe Island Marine Park,0
Neoglyphidodon polyacanthus,-31.52,159.04,2012,2,24,5,2,-32_159,20.916617552439373,23.9117488861084,20.987408518711636,24.314826998217352,2004,Lord Howe Island Marine Park,0
Neoglyphidodon polyacanthus,-31.51,159.04,2012,2,24,2.5,1,-32_159,20.916617552439373,23.9117488861084,20.987408518711636,24.314826998217352,NA,NA,0
Neoglyphidodon polyacanthus,-31.56,159.07,2012,2,27,7.5,5,-32_159,20.916617552439373,23.9117488861084,20.987408518711636,24.314826998217352,NA,NA,0
Neoglyphidodon polyacanthus,-31.56,159.07,2012,2,27,10,10,-32_159,20.916617552439373,23.9117488861084,20.987408518711636,24.314826998217352,NA,NA,0
Neoglyphidodon polyacanthus,-31.56,159.07,2012,2,27,5,1,-32_159,20.916617552439373,23.9117488861084,20.987408518711636,24.314826998217352,NA,NA,0
Neoglyphidodon polyacanthus,-31.56,159.07,2012,2,27,7.5,15,-32_159,20.916617552439373,23.9117488861084,20.987408518711636,24.314826998217352,NA,NA,0
Neoglyphidodon polyacanthus,-31.56,159.07,2012,2,27,10,20,-32_159,20.916617552439373,23.9117488861084,20.987408518711636,24.314826998217352,NA,NA,0
Neoglyphidodon polyacanthus,-31.56,159.07,2012,2,27,2.5,1,-32_159,20.916617552439373,23.9117488861084,20.987408518711636,24.314826998217352,NA,NA,0
Neoglyphidodon polyacanthus,-31.56,159.07,2012,2,27,5,8,-32_159,20.916617552439373,23.9117488861084,20.987408518711636,24.314826998217352,NA,NA,0
Neoglyphidodon polyacanthus,-31.56,159.07,2012,2,27,7.5,6,-32_159,20.916617552439373,23.9117488861084,20.987408518711636,24.314826998217352,NA,NA,0
Neoglyphidodon polyacanthus,-31.56,159.07,2012,2,27,10,2,-32_159,20.916617552439373,23.9117488861084,20.987408518711636,24.314826998217352,NA,NA,0
Neoglyphidodon polyacanthus,-31.56,159.07,2012,2,27,10,15,-32_159,20.916617552439373,23.9117488861084,20.987408518711636,24.314826998217352,NA,NA,0
Neoglyphidodon polyacanthus,-31.56,159.07,2012,2,27,10,14,-32_159,20.916617552439373,23.9117488861084,20.987408518711636,24.314826998217352,NA,NA,0
Neoglyphidodon polyacanthus,-31.56,159.07,2012,2,27,7.5,30,-32_159,20.916617552439373,23.9117488861084,20.987408518711636,24.314826998217352,NA,NA,0
Neoglyphidodon polyacanthus,-31.56,159.07,2012,2,27,10,40,-32_159,20.916617552439373,23.9117488861084,20.987408518711636,24.314826998217352,NA,NA,0
Neoglyphidodon polyacanthus,-31.56,159.07,2012,2,27,7.5,4,-32_159,20.916617552439373,23.9117488861084,20.987408518711636,24.314826998217352,NA,NA,0
Neoglyphidodon polyacanthus,-31.56,159.07,2012,2,27,10,3,-32_159,20.916617552439373,23.9117488861084,20.987408518711636,24.314826998217352,NA,NA,0
Neoglyphidodon polyacanthus,-31.56,159.07,2012,2,27,12.5,1,-32_159,20.916617552439373,23.9117488861084,20.987408518711636,24.314826998217352,NA,NA,0
Neoglyphidodon polyacanthus,-31.52,159.03,2012,2,27,2.5,1,-32_159,20.916617552439373,23.9117488861084,20.987408518711636,24.314826998217352,NA,NA,0
Neoglyphidodon polyacanthus,-31.52,159.03,2012,2,27,10,5,-32_159,20.916617552439373,23.9117488861084,20.987408518711636,24.314826998217352,NA,NA,0
Neoglyphidodon polyacanthus,-31.52,159.03,2012,2,27,12.5,5,-32_159,20.916617552439373,23.9117488861084,20.987408518711636,24.314826998217352,NA,NA,0
Neoglyphidodon polyacanthus,-31.53,159.05,2012,2,27,10,11,-32_159,20.916617552439373,23.9117488861084,20.987408518711636,24.314826998217352,NA,NA,0
Neoglyphidodon polyacanthus,-31.53,159.05,2012,2,27,7.5,2,-32_159,20.916617552439373,23.9117488861084,20.987408518711636,24.314826998217352,NA,NA,0
Neoglyphidodon polyacanthus,-31.53,159.05,2012,2,27,10,20,-32_159,20.916617552439373,23.9117488861084,20.987408518711636,24.314826998217352,NA,NA,0
Neoglyphidodon polyacanthus,-31.53,159.05,2012,2,27,7.5,5,-32_159,20.916617552439373,23.9117488861084,20.987408518711636,24.314826998217352,NA,NA,0
Neoglyphidodon polyacanthus,-31.53,159.05,2012,2,27,10,8,-32_159,20.916617552439373,23.9117488861084,20.987408518711636,24.314826998217352,NA,NA,0
Neoglyphidodon polyacanthus,-31.53,159.05,2012,2,27,12.5,7,-32_159,20.916617552439373,23.9117488861084,20.987408518711636,24.314826998217352,NA,NA,0
Neoglyphidodon polyacanthus,-31.53,159.05,2012,2,27,7.5,3,-32_159,20.916617552439373,23.9117488861084,20.987408518711636,24.314826998217352,NA,NA,0
Neoglyphidodon polyacanthus,-31.53,159.05,2012,2,27,10,4,-32_159,20.916617552439373,23.9117488861084,20.987408518711636,24.314826998217352,NA,NA,0
Neoglyphidodon polyacanthus,-31.53,159.05,2012,2,27,12.5,4,-32_159,20.916617552439373,23.9117488861084,20.987408518711636,24.314826998217352,NA,NA,0
Neoglyphidodon polyacanthus,-31.53,159.05,2012,2,27,12.5,23,-32_159,20.916617552439373,23.9117488861084,20.987408518711636,24.314826998217352,NA,NA,0
Neoglyphidodon polyacanthus,-31.53,159.05,2012,2,27,15,23,-32_159,20.916617552439373,23.9117488861084,20.987408518711636,24.314826998217352,NA,NA,0
Neoglyphidodon polyacanthus,-31.53,159.05,2012,2,27,12.5,25,-32_159,20.916617552439373,23.9117488861084,20.987408518711636,24.314826998217352,NA,NA,0
Neoglyphidodon polyacanthus,-31.53,159.05,2012,2,27,15,25,-32_159,20.916617552439373,23.9117488861084,20.987408518711636,24.314826998217352,NA,NA,0
Neoglyphidodon polyacanthus,-31.53,159.05,2012,2,27,5,2,-32_159,20.916617552439373,23.9117488861084,20.987408518711636,24.314826998217352,NA,NA,0
Neoglyphidodon polyacanthus,-31.53,159.05,2012,2,27,7.5,2,-32_159,20.916617552439373,23.9117488861084,20.987408518711636,24.314826998217352,NA,NA,0
Neoglyphidodon polyacanthus,-31.53,159.05,2012,2,27,10,10,-32_159,20.916617552439373,23.9117488861084,20.987408518711636,24.314826998217352,NA,NA,0
Neoglyphidodon polyacanthus,-31.53,159.05,2012,2,27,12.5,15,-32_159,20.916617552439373,23.9117488861084,20.987408518711636,24.314826998217352,NA,NA,0
Neoglyphidodon polyacanthus,-31.53,159.05,2012,2,27,15,3,-32_159,20.916617552439373,23.9117488861084,20.987408518711636,24.314826998217352,NA,NA,0
Neoglyphidodon polyacanthus,-31.53,159.05,2012,2,27,5,3,-32_159,20.916617552439373,23.9117488861084,20.987408518711636,24.314826998217352,NA,NA,0
Neoglyphidodon polyacanthus,-31.53,159.05,2012,2,27,7.5,7,-32_159,20.916617552439373,23.9117488861084,20.987408518711636,24.314826998217352,NA,NA,0
Neoglyphidodon polyacanthus,-31.53,159.05,2012,2,27,10,8,-32_159,20.916617552439373,23.9117488861084,20.987408518711636,24.314826998217352,NA,NA,0
Neoglyphidodon polyacanthus,-31.53,159.05,2012,2,27,12.5,11,-32_159,20.916617552439373,23.9117488861084,20.987408518711636,24.314826998217352,NA,NA,0
Neoglyphidodon polyacanthus,-31.55,159.07,2012,2,27,2.5,2,-32_159,20.916617552439373,23.9117488861084,20.987408518711636,24.314826998217352,NA,NA,0
Neoglyphidodon polyacanthus,-31.55,159.07,2012,2,27,5,10,-32_159,20.916617552439373,23.9117488861084,20.987408518711636,24.314826998217352,NA,NA,0
Neoglyphidodon polyacanthus,-31.55,159.07,2012,2,27,7.5,5,-32_159,20.916617552439373,23.9117488861084,20.987408518711636,24.314826998217352,NA,NA,0
Neoglyphidodon polyacanthus,-31.55,159.07,2012,2,27,5,15,-32_159,20.916617552439373,23.9117488861084,20.987408518711636,24.314826998217352,NA,NA,0
Neoglyphidodon polyacanthus,-31.55,159.07,2012,2,27,7.5,5,-32_159,20.916617552439373,23.9117488861084,20.987408518711636,24.314826998217352,NA,NA,0
Neoglyphidodon polyacanthus,-31.55,159.07,2012,2,27,10,13,-32_159,20.916617552439373,23.9117488861084,20.987408518711636,24.314826998217352,NA,NA,0
Neoglyphidodon polyacanthus,-31.55,159.07,2012,2,27,12.5,14,-32_159,20.916617552439373,23.9117488861084,20.987408518711636,24.314826998217352,NA,NA,0
Neoglyphidodon polyacanthus,-31.55,159.07,2012,2,27,15,13,-32_159,20.916617552439373,23.9117488861084,20.987408518711636,24.314826998217352,NA,NA,0
Neoglyphidodon polyacanthus,-31.54,159.07,2012,2,21,2.5,5,-32_159,20.916617552439373,23.9117488861084,20.987408518711636,24.314826998217352,2004,Lord Howe Island Marine Park,0
Neoglyphidodon polyacanthus,-31.54,159.07,2012,2,21,5,15,-32_159,20.916617552439373,23.9117488861084,20.987408518711636,24.314826998217352,2004,Lord Howe Island Marine Park,0
Neoglyphidodon polyacanthus,-31.54,159.07,2012,2,21,7.5,40,-32_159,20.916617552439373,23.9117488861084,20.987408518711636,24.314826998217352,2004,Lord Howe Island Marine Park,0
Neoglyphidodon polyacanthus,-31.54,159.07,2012,2,21,10,20,-32_159,20.916617552439373,23.9117488861084,20.987408518711636,24.314826998217352,2004,Lord Howe Island Marine Park,0
Neoglyphidodon polyacanthus,-31.54,159.07,2012,2,21,2.5,3,-32_159,20.916617552439373,23.9117488861084,20.987408518711636,24.314826998217352,2004,Lord Howe Island Marine Park,0
Neoglyphidodon polyacanthus,-31.54,159.07,2012,2,21,5,20,-32_159,20.916617552439373,23.9117488861084,20.987408518711636,24.314826998217352,2004,Lord Howe Island Marine Park,0
Neoglyphidodon polyacanthus,-31.54,159.07,2012,2,21,7.5,35,-32_159,20.916617552439373,23.9117488861084,20.987408518711636,24.314826998217352,2004,Lord Howe Island Marine Park,0
Neoglyphidodon polyacanthus,-31.54,159.07,2012,2,21,10,40,-32_159,20.916617552439373,23.9117488861084,20.987408518711636,24.314826998217352,2004,Lord Howe Island Marine Park,0
Neoglyphidodon polyacanthus,-31.54,159.07,2012,2,21,7.5,12,-32_159,20.916617552439373,23.9117488861084,20.987408518711636,24.314826998217352,2004,Lord Howe Island Marine Park,0
Neoglyphidodon polyacanthus,-31.54,159.07,2012,2,21,10,35,-32_159,20.916617552439373,23.9117488861084,20.987408518711636,24.314826998217352,2004,Lord Howe Island Marine Park,0
Neoglyphidodon polyacanthus,-31.54,159.07,2012,2,21,12.5,15,-32_159,20.916617552439373,23.9117488861084,20.987408518711636,24.314826998217352,2004,Lord Howe Island Marine Park,0
Neoglyphidodon polyacanthus,-31.54,159.07,2012,2,21,7.5,10,-32_159,20.916617552439373,23.9117488861084,20.987408518711636,24.314826998217352,2004,Lord Howe Island Marine Park,0
Neoglyphidodon polyacanthus,-31.54,159.07,2012,2,21,10,25,-32_159,20.916617552439373,23.9117488861084,20.987408518711636,24.314826998217352,2004,Lord Howe Island Marine Park,0
Neoglyphidodon polyacanthus,-31.54,159.07,2012,2,21,12.5,12,-32_159,20.916617552439373,23.9117488861084,20.987408518711636,24.314826998217352,2004,Lord Howe Island Marine Park,0
Neoglyphidodon polyacanthus,-31.55,159.07,2012,2,27,7.5,30,-32_159,20.916617552439373,23.9117488861084,20.987408518711636,24.314826998217352,NA,NA,0
Neoglyphidodon polyacanthus,-31.55,159.07,2012,2,27,10,30,-32_159,20.916617552439373,23.9117488861084,20.987408518711636,24.314826998217352,NA,NA,0
Neoglyphidodon polyacanthus,-31.55,159.07,2012,2,27,12.5,40,-32_159,20.916617552439373,23.9117488861084,20.987408518711636,24.314826998217352,NA,NA,0
Neoglyphidodon polyacanthus,-31.55,159.07,2012,2,27,2.5,2,-32_159,20.916617552439373,23.9117488861084,20.987408518711636,24.314826998217352,NA,NA,0
Neoglyphidodon polyacanthus,-31.55,159.07,2012,2,27,7.5,2,-32_159,20.916617552439373,23.9117488861084,20.987408518711636,24.314826998217352,NA,NA,0
Neoglyphidodon polyacanthus,-31.55,159.07,2012,2,27,10,5,-32_159,20.916617552439373,23.9117488861084,20.987408518711636,24.314826998217352,NA,NA,0
Neoglyphidodon polyacanthus,-31.55,159.07,2012,2,27,7.5,4,-32_159,20.916617552439373,23.9117488861084,20.987408518711636,24.314826998217352,NA,NA,0
Neoglyphidodon polyacanthus,-31.55,159.07,2012,2,27,10,10,-32_159,20.916617552439373,23.9117488861084,20.987408518711636,24.314826998217352,NA,NA,0
Neoglyphidodon polyacanthus,-31.55,159.07,2012,2,27,12.5,1,-32_159,20.916617552439373,23.9117488861084,20.987408518711636,24.314826998217352,NA,NA,0
Neoglyphidodon polyacanthus,-31.55,159.07,2012,2,27,5,2,-32_159,20.916617552439373,23.9117488861084,20.987408518711636,24.314826998217352,NA,NA,0
Neoglyphidodon polyacanthus,-31.55,159.07,2012,2,27,7.5,4,-32_159,20.916617552439373,23.9117488861084,20.987408518711636,24.314826998217352,NA,NA,0
Neoglyphidodon polyacanthus,-31.55,159.07,2012,2,27,10,1,-32_159,20.916617552439373,23.9117488861084,20.987408518711636,24.314826998217352,NA,NA,0
Neoglyphidodon polyacanthus,-31.55,159.07,2012,2,27,12.5,1,-32_159,20.916617552439373,23.9117488861084,20.987408518711636,24.314826998217352,NA,NA,0
Neoglyphidodon polyacanthus,-31.55,159.07,2012,2,27,15,2,-32_159,20.916617552439373,23.9117488861084,20.987408518711636,24.314826998217352,NA,NA,0
Neoglyphidodon polyacanthus,-31.55,159.07,2012,2,27,7.5,1,-32_159,20.916617552439373,23.9117488861084,20.987408518711636,24.314826998217352,NA,NA,0
Neoglyphidodon polyacanthus,-31.55,159.07,2012,2,27,12.5,3,-32_159,20.916617552439373,23.9117488861084,20.987408518711636,24.314826998217352,NA,NA,0
Neoglyphidodon polyacanthus,-31.54,159.05,2012,2,28,12.5,1,-32_159,20.916617552439373,23.9117488861084,20.987408518711636,24.314826998217352,2004,Lord Howe Island Marine Park,0
Neoglyphidodon polyacanthus,-31.54,159.05,2012,2,28,15,1,-32_159,20.916617552439373,23.9117488861084,20.987408518711636,24.314826998217352,2004,Lord Howe Island Marine Park,0
Neoglyphidodon polyacanthus,-31.54,159.05,2012,2,28,2.5,1,-32_159,20.916617552439373,23.9117488861084,20.987408518711636,24.314826998217352,2004,Lord Howe Island Marine Park,0
Neoglyphidodon polyacanthus,-31.54,159.05,2012,2,28,10,1,-32_159,20.916617552439373,23.9117488861084,20.987408518711636,24.314826998217352,2004,Lord Howe Island Marine Park,0
Neoglyphidodon polyacanthus,-31.54,159.05,2012,2,28,12.5,1,-32_159,20.916617552439373,23.9117488861084,20.987408518711636,24.314826998217352,2004,Lord Howe Island Marine Park,0
Neoglyphidodon polyacanthus,-31.54,159.05,2012,2,28,5,1,-32_159,20.916617552439373,23.9117488861084,20.987408518711636,24.314826998217352,2004,Lord Howe Island Marine Park,0
Neoglyphidodon polyacanthus,-31.54,159.05,2012,2,28,7.5,4,-32_159,20.916617552439373,23.9117488861084,20.987408518711636,24.314826998217352,2004,Lord Howe Island Marine Park,0
Neoglyphidodon polyacanthus,-31.54,159.05,2012,2,28,10,8,-32_159,20.916617552439373,23.9117488861084,20.987408518711636,24.314826998217352,2004,Lord Howe Island Marine Park,0
Neoglyphidodon polyacanthus,-31.54,159.05,2012,2,28,12.5,6,-32_159,20.916617552439373,23.9117488861084,20.987408518711636,24.314826998217352,2004,Lord Howe Island Marine Park,0
Neoglyphidodon polyacanthus,-31.54,159.05,2012,2,28,7.5,2,-32_159,20.916617552439373,23.9117488861084,20.987408518711636,24.314826998217352,2004,Lord Howe Island Marine Park,0
Neoglyphidodon polyacanthus,-31.54,159.05,2012,2,28,10,3,-32_159,20.916617552439373,23.9117488861084,20.987408518711636,24.314826998217352,2004,Lord Howe Island Marine Park,0
Neoglyphidodon polyacanthus,-31.54,159.05,2012,2,28,12.5,1,-32_159,20.916617552439373,23.9117488861084,20.987408518711636,24.314826998217352,2004,Lord Howe Island Marine Park,0
Neoglyphidodon polyacanthus,-31.54,159.05,2012,2,28,12.5,2,-32_159,20.916617552439373,23.9117488861084,20.987408518711636,24.314826998217352,2004,Lord Howe Island Marine Park,0
Neoglyphidodon polyacanthus,-31.54,159.05,2012,2,28,15,1,-32_159,20.916617552439373,23.9117488861084,20.987408518711636,24.314826998217352,2004,Lord Howe Island Marine Park,0
Neoglyphidodon polyacanthus,-31.54,159.05,2012,2,28,7.5,3,-32_159,20.916617552439373,23.9117488861084,20.987408518711636,24.314826998217352,2004,Lord Howe Island Marine Park,0
Neoglyphidodon polyacanthus,-31.54,159.05,2012,2,28,10,1,-32_159,20.916617552439373,23.9117488861084,20.987408518711636,24.314826998217352,2004,Lord Howe Island Marine Park,0
Neoglyphidodon polyacanthus,-31.52,159.04,2012,2,28,5,3,-32_159,20.916617552439373,23.9117488861084,20.987408518711636,24.314826998217352,2004,Lord Howe Island Marine Park,0
Neoglyphidodon polyacanthus,-31.52,159.04,2012,2,28,7.5,2,-32_159,20.916617552439373,23.9117488861084,20.987408518711636,24.314826998217352,2004,Lord Howe Island Marine Park,0
Neoglyphidodon polyacanthus,-31.52,159.04,2012,2,28,2.5,2,-32_159,20.916617552439373,23.9117488861084,20.987408518711636,24.314826998217352,2004,Lord Howe Island Marine Park,0
Neoglyphidodon polyacanthus,-31.52,159.04,2012,2,28,5,2,-32_159,20.916617552439373,23.9117488861084,20.987408518711636,24.314826998217352,2004,Lord Howe Island Marine Park,0
Neoglyphidodon polyacanthus,-31.52,159.04,2012,2,28,7.5,1,-32_159,20.916617552439373,23.9117488861084,20.987408518711636,24.314826998217352,2004,Lord Howe Island Marine Park,0
Neoglyphidodon polyacanthus,-31.52,159.04,2012,2,28,10,1,-32_159,20.916617552439373,23.9117488861084,20.987408518711636,24.314826998217352,2004,Lord Howe Island Marine Park,0
Neoglyphidodon polyacanthus,-31.52,159.04,2012,2,28,5,1,-32_159,20.916617552439373,23.9117488861084,20.987408518711636,24.314826998217352,2004,Lord Howe Island Marine Park,0
Neoglyphidodon polyacanthus,-31.52,159.04,2012,2,28,15,4,-32_159,20.916617552439373,23.9117488861084,20.987408518711636,24.314826998217352,2004,Lord Howe Island Marine Park,0
Neoglyphidodon polyacanthus,-31.51,159.04,2012,2,24,2.5,3,-32_159,20.916617552439373,23.9117488861084,20.987408518711636,24.314826998217352,NA,NA,0
Neoglyphidodon polyacanthus,-31.51,159.04,2012,2,24,5,1,-32_159,20.916617552439373,23.9117488861084,20.987408518711636,24.314826998217352,NA,NA,0
Neoglyphidodon polyacanthus,-31.51,159.04,2012,2,24,10,2,-32_159,20.916617552439373,23.9117488861084,20.987408518711636,24.314826998217352,NA,NA,0
Neoglyphidodon polyacanthus,-31.51,159.04,2012,2,24,10,4,-32_159,20.916617552439373,23.9117488861084,20.987408518711636,24.314826998217352,NA,NA,0
Neoglyphidodon polyacanthus,-31.51,159.04,2012,2,24,5,1,-32_159,20.916617552439373,23.9117488861084,20.987408518711636,24.314826998217352,NA,NA,0
Neoglyphidodon polyacanthus,-31.51,159.04,2012,2,24,2.5,3,-32_159,20.916617552439373,23.9117488861084,20.987408518711636,24.314826998217352,NA,NA,0
Neoglyphidodon polyacanthus,-31.51,159.04,2012,2,24,7.5,1,-32_159,20.916617552439373,23.9117488861084,20.987408518711636,24.314826998217352,NA,NA,0
Neoglyphidodon polyacanthus,-31.51,159.04,2012,2,24,2.5,1,-32_159,20.916617552439373,23.9117488861084,20.987408518711636,24.314826998217352,NA,NA,0
Neoglyphidodon polyacanthus,-31.51,159.04,2012,2,24,5,2,-32_159,20.916617552439373,23.9117488861084,20.987408518711636,24.314826998217352,NA,NA,0
Neoglyphidodon polyacanthus,-31.52,159.04,2012,2,28,10,1,-32_159,20.916617552439373,23.9117488861084,20.987408518711636,24.314826998217352,2004,Lord Howe Island Marine Park,0
Neoglyphidodon polyacanthus,-31.52,159.04,2012,2,28,12.5,2,-32_159,20.916617552439373,23.9117488861084,20.987408518711636,24.314826998217352,2004,Lord Howe Island Marine Park,0
Neoglyphidodon polyacanthus,-31.51,159.04,2012,2,24,5,1,-32_159,20.916617552439373,23.9117488861084,20.987408518711636,24.314826998217352,NA,NA,0
Neoglyphidodon polyacanthus,-31.51,159.04,2012,2,24,2.5,8,-32_159,20.916617552439373,23.9117488861084,20.987408518711636,24.314826998217352,NA,NA,0
Neoglyphidodon polyacanthus,-31.52,159.04,2012,2,28,10,2,-32_159,20.916617552439373,23.9117488861084,20.987408518711636,24.314826998217352,2004,Lord Howe Island Marine Park,0
Neoglyphidodon polyacanthus,-31.58,159.07,2012,2,25,10,1,-32_159,20.916617552439373,23.9117488861084,20.987408518711636,24.314826998217352,NA,NA,0
Neoglyphidodon polyacanthus,-31.58,159.07,2012,2,25,12.5,1,-32_159,20.916617552439373,23.9117488861084,20.987408518711636,24.314826998217352,NA,NA,0
Neoglyphidodon polyacanthus,-31.58,159.07,2012,2,25,10,1,-32_159,20.916617552439373,23.9117488861084,20.987408518711636,24.314826998217352,NA,NA,0
Neoglyphidodon polyacanthus,-31.52,159.04,2012,2,28,2.5,2,-32_159,20.916617552439373,23.9117488861084,20.987408518711636,24.314826998217352,2004,Lord Howe Island Marine Park,0
Neoglyphidodon polyacanthus,-31.52,159.04,2012,2,28,7.5,2,-32_159,20.916617552439373,23.9117488861084,20.987408518711636,24.314826998217352,2004,Lord Howe Island Marine Park,0
Neoglyphidodon polyacanthus,-31.52,159.04,2012,2,28,10,1,-32_159,20.916617552439373,23.9117488861084,20.987408518711636,24.314826998217352,2004,Lord Howe Island Marine Park,0
Neoglyphidodon polyacanthus,-31.58,159.07,2012,2,25,2.5,1,-32_159,20.916617552439373,23.9117488861084,20.987408518711636,24.314826998217352,NA,NA,0
Neoglyphidodon polyacanthus,-31.58,159.07,2012,2,25,5,2,-32_159,20.916617552439373,23.9117488861084,20.987408518711636,24.314826998217352,NA,NA,0
Neoglyphidodon polyacanthus,-31.58,159.07,2012,2,25,7.5,1,-32_159,20.916617552439373,23.9117488861084,20.987408518711636,24.314826998217352,NA,NA,0
Neoglyphidodon polyacanthus,-31.58,159.07,2012,2,25,5,1,-32_159,20.916617552439373,23.9117488861084,20.987408518711636,24.314826998217352,NA,NA,0
Neoglyphidodon polyacanthus,-31.58,159.07,2012,2,25,7.5,1,-32_159,20.916617552439373,23.9117488861084,20.987408518711636,24.314826998217352,NA,NA,0
Neoglyphidodon polyacanthus,-31.58,159.07,2012,2,25,10,1,-32_159,20.916617552439373,23.9117488861084,20.987408518711636,24.314826998217352,NA,NA,0
Neoglyphidodon polyacanthus,-31.57,159.07,2012,2,25,7.5,1,-32_159,20.916617552439373,23.9117488861084,20.987408518711636,24.314826998217352,NA,NA,0
Neoglyphidodon polyacanthus,-31.57,159.07,2012,2,25,10,1,-32_159,20.916617552439373,23.9117488861084,20.987408518711636,24.314826998217352,NA,NA,0
Neoglyphidodon polyacanthus,-31.57,159.07,2012,2,25,5,5,-32_159,20.916617552439373,23.9117488861084,20.987408518711636,24.314826998217352,NA,NA,0
Neoglyphidodon polyacanthus,-31.57,159.07,2012,2,25,5,1,-32_159,20.916617552439373,23.9117488861084,20.987408518711636,24.314826998217352,NA,NA,0
Neoglyphidodon polyacanthus,-31.57,159.07,2012,2,25,7.5,1,-32_159,20.916617552439373,23.9117488861084,20.987408518711636,24.314826998217352,NA,NA,0
Neoglyphidodon polyacanthus,-31.57,159.07,2012,2,25,10,1,-32_159,20.916617552439373,23.9117488861084,20.987408518711636,24.314826998217352,NA,NA,0
Neoglyphidodon polyacanthus,-31.55,159.06,2012,2,25,2.5,1,-32_159,20.916617552439373,23.9117488861084,20.987408518711636,24.314826998217352,2004,Lord Howe Island Marine Park,0
Neoglyphidodon polyacanthus,-31.55,159.06,2012,2,25,10,14,-32_159,20.916617552439373,23.9117488861084,20.987408518711636,24.314826998217352,2004,Lord Howe Island Marine Park,0
Neoglyphidodon polyacanthus,-31.55,159.06,2012,2,25,12.5,14,-32_159,20.916617552439373,23.9117488861084,20.987408518711636,24.314826998217352,2004,Lord Howe Island Marine Park,0
Neoglyphidodon polyacanthus,-31.55,159.06,2012,2,25,15,13,-32_159,20.916617552439373,23.9117488861084,20.987408518711636,24.314826998217352,2004,Lord Howe Island Marine Park,0
Neoglyphidodon polyacanthus,-31.55,159.06,2012,2,25,12.5,40,-32_159,20.916617552439373,23.9117488861084,20.987408518711636,24.314826998217352,2004,Lord Howe Island Marine Park,0
Neoglyphidodon polyacanthus,-31.55,159.06,2012,2,25,15,40,-32_159,20.916617552439373,23.9117488861084,20.987408518711636,24.314826998217352,2004,Lord Howe Island Marine Park,0
Neoglyphidodon polyacanthus,-31.55,159.06,2012,2,25,5,10,-32_159,20.916617552439373,23.9117488861084,20.987408518711636,24.314826998217352,2004,Lord Howe Island Marine Park,0
Neoglyphidodon polyacanthus,-31.55,159.06,2012,2,25,7.5,20,-32_159,20.916617552439373,23.9117488861084,20.987408518711636,24.314826998217352,2004,Lord Howe Island Marine Park,0
Neoglyphidodon polyacanthus,-31.55,159.06,2012,2,25,10,20,-32_159,20.916617552439373,23.9117488861084,20.987408518711636,24.314826998217352,2004,Lord Howe Island Marine Park,0
Neoglyphidodon polyacanthus,-31.55,159.06,2012,2,25,12.5,14,-32_159,20.916617552439373,23.9117488861084,20.987408518711636,24.314826998217352,2004,Lord Howe Island Marine Park,0
Neoglyphidodon polyacanthus,-31.55,159.06,2012,2,25,5,3,-32_159,20.916617552439373,23.9117488861084,20.987408518711636,24.314826998217352,2004,Lord Howe Island Marine Park,0
Neoglyphidodon polyacanthus,-31.55,159.06,2012,2,25,7.5,16,-32_159,20.916617552439373,23.9117488861084,20.987408518711636,24.314826998217352,2004,Lord Howe Island Marine Park,0
Neoglyphidodon polyacanthus,-31.54,159.07,2012,2,21,2.5,2,-32_159,20.916617552439373,23.9117488861084,20.987408518711636,24.314826998217352,2004,Lord Howe Island Marine Park,0
Neoglyphidodon polyacanthus,-31.54,159.07,2012,2,21,5,5,-32_159,20.916617552439373,23.9117488861084,20.987408518711636,24.314826998217352,2004,Lord Howe Island Marine Park,0
Neoglyphidodon polyacanthus,-31.54,159.07,2012,2,21,7.5,35,-32_159,20.916617552439373,23.9117488861084,20.987408518711636,24.314826998217352,2004,Lord Howe Island Marine Park,0
Neoglyphidodon polyacanthus,-31.54,159.07,2012,2,21,5,12,-32_159,20.916617552439373,23.9117488861084,20.987408518711636,24.314826998217352,2004,Lord Howe Island Marine Park,0
Neoglyphidodon polyacanthus,-31.54,159.07,2012,2,21,10,5,-32_159,20.916617552439373,23.9117488861084,20.987408518711636,24.314826998217352,2004,Lord Howe Island Marine Park,0
Neoglyphidodon polyacanthus,-31.53,159.05,2012,2,28,7.5,15,-32_159,20.916617552439373,23.9117488861084,20.987408518711636,24.314826998217352,NA,NA,0
Neoglyphidodon polyacanthus,-31.53,159.05,2012,2,28,5,5,-32_159,20.916617552439373,23.9117488861084,20.987408518711636,24.314826998217352,NA,NA,0
Neoglyphidodon polyacanthus,-31.53,159.05,2012,2,28,7.5,10,-32_159,20.916617552439373,23.9117488861084,20.987408518711636,24.314826998217352,NA,NA,0
Neoglyphidodon polyacanthus,-31.53,159.05,2012,2,28,10,16,-32_159,20.916617552439373,23.9117488861084,20.987408518711636,24.314826998217352,NA,NA,0
Neoglyphidodon polyacanthus,-31.53,159.05,2012,2,28,12.5,10,-32_159,20.916617552439373,23.9117488861084,20.987408518711636,24.314826998217352,NA,NA,0
Neoglyphidodon polyacanthus,-31.53,159.05,2012,2,28,5,25,-32_159,20.916617552439373,23.9117488861084,20.987408518711636,24.314826998217352,NA,NA,0
Neoglyphidodon polyacanthus,-31.53,159.05,2012,2,28,10,20,-32_159,20.916617552439373,23.9117488861084,20.987408518711636,24.314826998217352,NA,NA,0
Neoglyphidodon polyacanthus,-31.53,159.05,2012,2,28,12.5,20,-32_159,20.916617552439373,23.9117488861084,20.987408518711636,24.314826998217352,NA,NA,0
Neoglyphidodon polyacanthus,-31.53,159.05,2012,2,29,10,25,-32_159,20.916617552439373,23.9117488861084,20.987408518711636,24.314826998217352,NA,NA,0
Neoglyphidodon polyacanthus,-31.53,159.05,2012,2,29,10,20,-32_159,20.916617552439373,23.9117488861084,20.987408518711636,24.314826998217352,NA,NA,0
Neoglyphidodon polyacanthus,-31.53,159.05,2012,2,29,7.5,40,-32_159,20.916617552439373,23.9117488861084,20.987408518711636,24.314826998217352,NA,NA,0
Neoglyphidodon polyacanthus,-31.53,159.05,2012,2,29,10,40,-32_159,20.916617552439373,23.9117488861084,20.987408518711636,24.314826998217352,NA,NA,0
Neoglyphidodon polyacanthus,-31.53,159.05,2012,2,29,12.5,15,-32_159,20.916617552439373,23.9117488861084,20.987408518711636,24.314826998217352,NA,NA,0
Neoglyphidodon polyacanthus,-31.53,159.05,2012,2,29,10,47,-32_159,20.916617552439373,23.9117488861084,20.987408518711636,24.314826998217352,NA,NA,0
Neoglyphidodon polyacanthus,-31.53,159.05,2012,2,29,12.5,88,-32_159,20.916617552439373,23.9117488861084,20.987408518711636,24.314826998217352,NA,NA,0
Neoglyphidodon polyacanthus,-31.55,159.06,2012,2,29,7.5,1,-32_159,20.916617552439373,23.9117488861084,20.987408518711636,24.314826998217352,2004,Lord Howe Island Marine Park,0
Neoglyphidodon polyacanthus,-31.55,159.06,2012,2,29,10,8,-32_159,20.916617552439373,23.9117488861084,20.987408518711636,24.314826998217352,2004,Lord Howe Island Marine Park,0
Neoglyphidodon polyacanthus,-31.55,159.06,2012,2,29,12.5,4,-32_159,20.916617552439373,23.9117488861084,20.987408518711636,24.314826998217352,2004,Lord Howe Island Marine Park,0
Neoglyphidodon polyacanthus,-31.55,159.06,2012,2,29,5,2,-32_159,20.916617552439373,23.9117488861084,20.987408518711636,24.314826998217352,2004,Lord Howe Island Marine Park,0
Neoglyphidodon polyacanthus,-31.55,159.06,2012,2,29,7.5,7,-32_159,20.916617552439373,23.9117488861084,20.987408518711636,24.314826998217352,2004,Lord Howe Island Marine Park,0
Neoglyphidodon polyacanthus,-31.55,159.06,2012,2,29,10,15,-32_159,20.916617552439373,23.9117488861084,20.987408518711636,24.314826998217352,2004,Lord Howe Island Marine Park,0
Neoglyphidodon polyacanthus,-31.55,159.06,2012,2,29,12.5,8,-32_159,20.916617552439373,23.9117488861084,20.987408518711636,24.314826998217352,2004,Lord Howe Island Marine Park,0
Neoglyphidodon polyacanthus,-31.55,159.06,2012,2,29,5,1,-32_159,20.916617552439373,23.9117488861084,20.987408518711636,24.314826998217352,2004,Lord Howe Island Marine Park,0
Neoglyphidodon polyacanthus,-31.55,159.06,2012,2,29,7.5,1,-32_159,20.916617552439373,23.9117488861084,20.987408518711636,24.314826998217352,2004,Lord Howe Island Marine Park,0
Neoglyphidodon polyacanthus,-31.55,159.06,2012,2,29,12.5,32,-32_159,20.916617552439373,23.9117488861084,20.987408518711636,24.314826998217352,2004,Lord Howe Island Marine Park,0
Neoglyphidodon polyacanthus,-31.55,159.06,2012,2,29,15,33,-32_159,20.916617552439373,23.9117488861084,20.987408518711636,24.314826998217352,2004,Lord Howe Island Marine Park,0
Neoglyphidodon polyacanthus,-31.55,159.06,2012,2,29,7.5,10,-32_159,20.916617552439373,23.9117488861084,20.987408518711636,24.314826998217352,2004,Lord Howe Island Marine Park,0
Neoglyphidodon polyacanthus,-31.55,159.06,2012,2,29,10,10,-32_159,20.916617552439373,23.9117488861084,20.987408518711636,24.314826998217352,2004,Lord Howe Island Marine Park,0
Neoglyphidodon polyacanthus,-31.55,159.06,2012,2,29,12.5,10,-32_159,20.916617552439373,23.9117488861084,20.987408518711636,24.314826998217352,2004,Lord Howe Island Marine Park,0
Neoglyphidodon polyacanthus,-31.55,159.06,2012,2,29,2.5,3,-32_159,20.916617552439373,23.9117488861084,20.987408518711636,24.314826998217352,2004,Lord Howe Island Marine Park,0
Neoglyphidodon polyacanthus,-31.55,159.06,2012,2,29,5,5,-32_159,20.916617552439373,23.9117488861084,20.987408518711636,24.314826998217352,2004,Lord Howe Island Marine Park,0
Neoglyphidodon polyacanthus,-31.55,159.06,2012,2,29,7.5,36,-32_159,20.916617552439373,23.9117488861084,20.987408518711636,24.314826998217352,2004,Lord Howe Island Marine Park,0
Neoglyphidodon polyacanthus,-31.55,159.06,2012,2,29,7.5,10,-32_159,20.916617552439373,23.9117488861084,20.987408518711636,24.314826998217352,2004,Lord Howe Island Marine Park,0
Neoglyphidodon polyacanthus,-31.79,159.28,2012,3,1,10,4,-32_159,20.916617552439373,23.44640731811523,20.987408518711636,23.95580590155817,2004,Lord Howe Island Marine Park,0
Neoglyphidodon polyacanthus,-31.79,159.28,2012,3,1,5,2,-32_159,20.916617552439373,23.44640731811523,20.987408518711636,23.95580590155817,2004,Lord Howe Island Marine Park,0
Neoglyphidodon polyacanthus,-31.79,159.28,2012,3,1,12.5,2,-32_159,20.916617552439373,23.44640731811523,20.987408518711636,23.95580590155817,2004,Lord Howe Island Marine Park,0
Neoglyphidodon polyacanthus,-31.76,159.26,2012,3,1,5,1,-32_159,20.916617552439373,23.44640731811523,20.987408518711636,23.95580590155817,NA,NA,0
Neoglyphidodon polyacanthus,-31.76,159.26,2012,3,1,7.5,1,-32_159,20.916617552439373,23.44640731811523,20.987408518711636,23.95580590155817,NA,NA,0
Neoglyphidodon polyacanthus,-31.76,159.26,2012,3,1,10,6,-32_159,20.916617552439373,23.44640731811523,20.987408518711636,23.95580590155817,NA,NA,0
Neoglyphidodon polyacanthus,-31.6,159.08,2012,2,20,12.5,7,-32_159,20.916617552439373,23.9117488861084,20.987408518711636,24.314826998217352,2004,Lord Howe Island Marine Park,0
Neoglyphidodon polyacanthus,-31.52,159.04,2014,2,21,15,1,-32_159,21.248451550801594,23.568195343017575,21.55651573930956,23.92517791475569,NA,NA,0
Neoglyphidodon polyacanthus,-31.52,159.04,2014,2,21,10,1,-32_159,21.248451550801594,23.568195343017575,21.55651573930956,23.92517791475569,NA,NA,0
Neoglyphidodon polyacanthus,-31.52,159.04,2014,2,21,15,8,-32_159,21.248451550801594,23.568195343017575,21.55651573930956,23.92517791475569,NA,NA,0
Neoglyphidodon polyacanthus,-31.54,159.05,2014,2,27,12.5,5,-32_159,21.248451550801594,23.568195343017575,21.55651573930956,23.92517791475569,2004,Lord Howe Island Marine Park,1
Neoglyphidodon polyacanthus,-31.54,159.05,2014,2,27,15,5,-32_159,21.248451550801594,23.568195343017575,21.55651573930956,23.92517791475569,2004,Lord Howe Island Marine Park,1
Neoglyphidodon polyacanthus,-31.54,159.05,2014,2,27,7.5,1,-32_159,21.248451550801594,23.568195343017575,21.55651573930956,23.92517791475569,2004,Lord Howe Island Marine Park,1
Neoglyphidodon polyacanthus,-31.52,159.04,2014,2,17,10,5,-32_159,21.248451550801594,23.568195343017575,21.55651573930956,23.92517791475569,2004,Lord Howe Island Marine Park,1
Neoglyphidodon polyacanthus,-31.5,159.07,2014,2,20,2.5,40,-32_159,21.248451550801594,23.568195343017575,21.55651573930956,23.92517791475569,NA,NA,0
Neoglyphidodon polyacanthus,-31.51,159.04,2014,2,20,5,5,-32_159,21.248451550801594,23.568195343017575,21.55651573930956,23.92517791475569,NA,NA,0
Neoglyphidodon polyacanthus,-31.52,159.05,2014,2,25,2.5,2,-32_159,21.248451550801594,23.568195343017575,21.55651573930956,23.92517791475569,2004,Lord Howe Island Marine Park,1
Neoglyphidodon polyacanthus,-31.52,159.05,2014,2,25,7.5,1,-32_159,21.248451550801594,23.568195343017575,21.55651573930956,23.92517791475569,2004,Lord Howe Island Marine Park,1
Neoglyphidodon polyacanthus,-31.52,159.05,2014,2,25,12.5,25,-32_159,21.248451550801594,23.568195343017575,21.55651573930956,23.92517791475569,2004,Lord Howe Island Marine Park,1
Neoglyphidodon polyacanthus,-31.52,159.05,2014,2,25,15,25,-32_159,21.248451550801594,23.568195343017575,21.55651573930956,23.92517791475569,2004,Lord Howe Island Marine Park,1
Neoglyphidodon polyacanthus,-31.52,159.05,2014,2,25,2.5,5,-32_159,21.248451550801594,23.568195343017575,21.55651573930956,23.92517791475569,2004,Lord Howe Island Marine Park,1
Neoglyphidodon polyacanthus,-31.52,159.05,2014,2,25,12.5,20,-32_159,21.248451550801594,23.568195343017575,21.55651573930956,23.92517791475569,2004,Lord Howe Island Marine Park,1
Neoglyphidodon polyacanthus,-31.52,159.05,2014,2,25,15,20,-32_159,21.248451550801594,23.568195343017575,21.55651573930956,23.92517791475569,2004,Lord Howe Island Marine Park,1
Neoglyphidodon polyacanthus,-31.53,159.05,2014,2,17,10,10,-32_159,21.248451550801594,23.568195343017575,21.55651573930956,23.92517791475569,NA,NA,0
Neoglyphidodon polyacanthus,-31.53,159.05,2014,2,17,12.5,10,-32_159,21.248451550801594,23.568195343017575,21.55651573930956,23.92517791475569,NA,NA,0
Neoglyphidodon polyacanthus,-31.53,159.05,2014,2,17,10,7,-32_159,21.248451550801594,23.568195343017575,21.55651573930956,23.92517791475569,NA,NA,0
Neoglyphidodon polyacanthus,-31.53,159.05,2014,2,17,12.5,8,-32_159,21.248451550801594,23.568195343017575,21.55651573930956,23.92517791475569,NA,NA,0
Neoglyphidodon polyacanthus,-31.54,159.06,2014,2,18,2.5,2,-32_159,21.248451550801594,23.568195343017575,21.55651573930956,23.92517791475569,2004,Lord Howe Island Marine Park,1
Neoglyphidodon polyacanthus,-31.54,159.06,2014,2,18,10,25,-32_159,21.248451550801594,23.568195343017575,21.55651573930956,23.92517791475569,2004,Lord Howe Island Marine Park,1
Neoglyphidodon polyacanthus,-31.54,159.06,2014,2,18,12.5,25,-32_159,21.248451550801594,23.568195343017575,21.55651573930956,23.92517791475569,2004,Lord Howe Island Marine Park,1
Neoglyphidodon polyacanthus,-31.54,159.06,2014,2,18,15,24,-32_159,21.248451550801594,23.568195343017575,21.55651573930956,23.92517791475569,2004,Lord Howe Island Marine Park,1
Neoglyphidodon polyacanthus,-31.54,159.06,2014,2,18,20,24,-32_159,21.248451550801594,23.568195343017575,21.55651573930956,23.92517791475569,2004,Lord Howe Island Marine Park,1
Neoglyphidodon polyacanthus,-31.54,159.06,2014,2,18,12.5,66,-32_159,21.248451550801594,23.568195343017575,21.55651573930956,23.92517791475569,2004,Lord Howe Island Marine Park,1
Neoglyphidodon polyacanthus,-31.54,159.06,2014,2,18,15,67,-32_159,21.248451550801594,23.568195343017575,21.55651573930956,23.92517791475569,2004,Lord Howe Island Marine Park,1
Neoglyphidodon polyacanthus,-31.54,159.06,2014,2,18,20,67,-32_159,21.248451550801594,23.568195343017575,21.55651573930956,23.92517791475569,2004,Lord Howe Island Marine Park,1
Neoglyphidodon polyacanthus,-31.53,159.05,2014,2,19,15,10,-32_159,21.248451550801594,23.568195343017575,21.55651573930956,23.92517791475569,NA,NA,0
Neoglyphidodon polyacanthus,-31.53,159.05,2014,2,19,20,10,-32_159,21.248451550801594,23.568195343017575,21.55651573930956,23.92517791475569,NA,NA,0
Neoglyphidodon polyacanthus,-31.52,159.07,2014,2,23,2.5,1,-32_159,21.248451550801594,23.568195343017575,21.55651573930956,23.92517791475569,2004,Lord Howe Island Marine Park,1
Neoglyphidodon polyacanthus,-31.52,159.07,2014,2,23,5,1,-32_159,21.248451550801594,23.568195343017575,21.55651573930956,23.92517791475569,2004,Lord Howe Island Marine Park,1
Neoglyphidodon polyacanthus,-31.52,159.07,2014,2,23,15,12,-32_159,21.248451550801594,23.568195343017575,21.55651573930956,23.92517791475569,2004,Lord Howe Island Marine Park,1
Neoglyphidodon polyacanthus,-31.52,159.07,2014,2,23,12.5,5,-32_159,21.248451550801594,23.568195343017575,21.55651573930956,23.92517791475569,2004,Lord Howe Island Marine Park,1
Neoglyphidodon polyacanthus,-31.52,159.07,2014,2,23,15,5,-32_159,21.248451550801594,23.568195343017575,21.55651573930956,23.92517791475569,2004,Lord Howe Island Marine Park,1
Neoglyphidodon polyacanthus,-31.51,159.05,2014,2,18,7.5,1,-32_159,21.248451550801594,23.568195343017575,21.55651573930956,23.92517791475569,2004,Lord Howe Island Marine Park,1
Neoglyphidodon polyacanthus,-31.51,159.05,2014,2,18,12.5,5,-32_159,21.248451550801594,23.568195343017575,21.55651573930956,23.92517791475569,2004,Lord Howe Island Marine Park,1
Neoglyphidodon polyacanthus,-31.51,159.05,2014,2,18,15,5,-32_159,21.248451550801594,23.568195343017575,21.55651573930956,23.92517791475569,2004,Lord Howe Island Marine Park,1
Neoglyphidodon polyacanthus,-31.56,159.1,2014,2,18,2.5,4,-32_159,21.248451550801594,23.568195343017575,21.55651573930956,23.92517791475569,NA,NA,0
Neoglyphidodon polyacanthus,-31.56,159.1,2014,2,18,5,2,-32_159,21.248451550801594,23.568195343017575,21.55651573930956,23.92517791475569,NA,NA,0
Neoglyphidodon polyacanthus,-31.56,159.1,2014,2,18,7.5,3,-32_159,21.248451550801594,23.568195343017575,21.55651573930956,23.92517791475569,NA,NA,0
Neoglyphidodon polyacanthus,-31.56,159.1,2014,2,18,10,3,-32_159,21.248451550801594,23.568195343017575,21.55651573930956,23.92517791475569,NA,NA,0
Neoglyphidodon polyacanthus,-31.56,159.1,2014,2,18,12.5,1,-32_159,21.248451550801594,23.568195343017575,21.55651573930956,23.92517791475569,NA,NA,0
Neoglyphidodon polyacanthus,-31.55,159.06,2014,2,27,15,15,-32_159,21.248451550801594,23.568195343017575,21.55651573930956,23.92517791475569,2004,Lord Howe Island Marine Park,1
Neoglyphidodon polyacanthus,-31.55,159.06,2014,2,27,10,6,-32_159,21.248451550801594,23.568195343017575,21.55651573930956,23.92517791475569,2004,Lord Howe Island Marine Park,1
Neoglyphidodon polyacanthus,-31.55,159.06,2014,2,27,12.5,4,-32_159,21.248451550801594,23.568195343017575,21.55651573930956,23.92517791475569,2004,Lord Howe Island Marine Park,1
Neoglyphidodon polyacanthus,-31.55,159.06,2014,2,27,15,5,-32_159,21.248451550801594,23.568195343017575,21.55651573930956,23.92517791475569,2004,Lord Howe Island Marine Park,1
Neoglyphidodon polyacanthus,-31.55,159.06,2014,2,20,2.5,2,-32_159,21.248451550801594,23.568195343017575,21.55651573930956,23.92517791475569,2004,Lord Howe Island Marine Park,1
Neoglyphidodon polyacanthus,-31.55,159.06,2014,2,20,7.5,2,-32_159,21.248451550801594,23.568195343017575,21.55651573930956,23.92517791475569,2004,Lord Howe Island Marine Park,1
Neoglyphidodon polyacanthus,-31.55,159.06,2014,2,20,12.5,10,-32_159,21.248451550801594,23.568195343017575,21.55651573930956,23.92517791475569,2004,Lord Howe Island Marine Park,1
Neoglyphidodon polyacanthus,-31.55,159.06,2014,2,20,15,10,-32_159,21.248451550801594,23.568195343017575,21.55651573930956,23.92517791475569,2004,Lord Howe Island Marine Park,1
Neoglyphidodon polyacanthus,-31.55,159.06,2014,2,20,7.5,10,-32_159,21.248451550801594,23.568195343017575,21.55651573930956,23.92517791475569,2004,Lord Howe Island Marine Park,1
Neoglyphidodon polyacanthus,-31.55,159.06,2014,2,20,10,10,-32_159,21.248451550801594,23.568195343017575,21.55651573930956,23.92517791475569,2004,Lord Howe Island Marine Park,1
Neoglyphidodon polyacanthus,-31.54,159.07,2014,2,24,5,2,-32_159,21.248451550801594,23.568195343017575,21.55651573930956,23.92517791475569,2004,Lord Howe Island Marine Park,1
Neoglyphidodon polyacanthus,-31.54,159.07,2014,2,24,10,10,-32_159,21.248451550801594,23.568195343017575,21.55651573930956,23.92517791475569,2004,Lord Howe Island Marine Park,1
Neoglyphidodon polyacanthus,-31.54,159.07,2014,2,24,12.5,15,-32_159,21.248451550801594,23.568195343017575,21.55651573930956,23.92517791475569,2004,Lord Howe Island Marine Park,1
Neoglyphidodon polyacanthus,-31.54,159.07,2014,2,24,15,15,-32_159,21.248451550801594,23.568195343017575,21.55651573930956,23.92517791475569,2004,Lord Howe Island Marine Park,1
Neoglyphidodon polyacanthus,-31.54,159.07,2014,2,24,10,5,-32_159,21.248451550801594,23.568195343017575,21.55651573930956,23.92517791475569,2004,Lord Howe Island Marine Park,1
Neoglyphidodon polyacanthus,-31.54,159.07,2014,2,24,12.5,7,-32_159,21.248451550801594,23.568195343017575,21.55651573930956,23.92517791475569,2004,Lord Howe Island Marine Park,1
Neoglyphidodon polyacanthus,-31.54,159.07,2014,2,24,15,8,-32_159,21.248451550801594,23.568195343017575,21.55651573930956,23.92517791475569,2004,Lord Howe Island Marine Park,1
Neoglyphidodon polyacanthus,-31.5,159.07,2014,2,18,2.5,3,-32_159,21.248451550801594,23.568195343017575,21.55651573930956,23.92517791475569,2004,Lord Howe Island Marine Park,1
Neoglyphidodon polyacanthus,-31.52,159.04,2014,2,17,7.5,1,-32_159,21.248451550801594,23.568195343017575,21.55651573930956,23.92517791475569,2004,Lord Howe Island Marine Park,1
Neoglyphidodon polyacanthus,-31.52,159.04,2014,2,17,10,1,-32_159,21.248451550801594,23.568195343017575,21.55651573930956,23.92517791475569,2004,Lord Howe Island Marine Park,1
Neoglyphidodon polyacanthus,-31.52,159.04,2014,2,17,12.5,2,-32_159,21.248451550801594,23.568195343017575,21.55651573930956,23.92517791475569,2004,Lord Howe Island Marine Park,1
Neoglyphidodon polyacanthus,-31.52,159.04,2014,2,17,15,1,-32_159,21.248451550801594,23.568195343017575,21.55651573930956,23.92517791475569,2004,Lord Howe Island Marine Park,1
Neoglyphidodon polyacanthus,-31.51,159.06,2014,2,18,15,1,-32_159,21.248451550801594,23.568195343017575,21.55651573930956,23.92517791475569,2004,Lord Howe Island Marine Park,1
Neoglyphidodon polyacanthus,-31.51,159.06,2014,2,18,20,3,-32_159,21.248451550801594,23.568195343017575,21.55651573930956,23.92517791475569,2004,Lord Howe Island Marine Park,1
Neoglyphidodon polyacanthus,-31.53,159.05,2014,2,17,10,1,-32_159,21.248451550801594,23.568195343017575,21.55651573930956,23.92517791475569,NA,NA,0
Neoglyphidodon polyacanthus,-31.53,159.05,2014,2,17,7.5,3,-32_159,21.248451550801594,23.568195343017575,21.55651573930956,23.92517791475569,NA,NA,0
Neoglyphidodon polyacanthus,-31.53,159.05,2014,2,17,10,3,-32_159,21.248451550801594,23.568195343017575,21.55651573930956,23.92517791475569,NA,NA,0
Neoglyphidodon polyacanthus,-31.53,159.05,2014,2,17,12.5,5,-32_159,21.248451550801594,23.568195343017575,21.55651573930956,23.92517791475569,NA,NA,0
Neoglyphidodon polyacanthus,-31.5,159.06,2014,2,19,2.5,1,-32_159,21.248451550801594,23.568195343017575,21.55651573930956,23.92517791475569,2004,Lord Howe Island Marine Park,1
Neoglyphidodon polyacanthus,-31.58,159.07,2014,2,21,5,1,-32_159,21.248451550801594,23.568195343017575,21.55651573930956,23.92517791475569,NA,NA,0
Neoglyphidodon polyacanthus,-31.58,159.07,2014,2,21,7.5,1,-32_159,21.248451550801594,23.568195343017575,21.55651573930956,23.92517791475569,NA,NA,0
Neoglyphidodon polyacanthus,-31.57,159.07,2014,2,21,2.5,1,-32_159,21.248451550801594,23.568195343017575,21.55651573930956,23.92517791475569,NA,NA,0
Neoglyphidodon polyacanthus,-31.57,159.07,2014,2,21,5,1,-32_159,21.248451550801594,23.568195343017575,21.55651573930956,23.92517791475569,NA,NA,0
Neoglyphidodon polyacanthus,-31.57,159.07,2014,2,21,7.5,9,-32_159,21.248451550801594,23.568195343017575,21.55651573930956,23.92517791475569,NA,NA,0
Neoglyphidodon polyacanthus,-31.57,159.07,2014,2,21,10,7,-32_159,21.248451550801594,23.568195343017575,21.55651573930956,23.92517791475569,NA,NA,0
Neoglyphidodon polyacanthus,-31.55,159.06,2014,2,27,10,3,-32_159,21.248451550801594,23.568195343017575,21.55651573930956,23.92517791475569,2004,Lord Howe Island Marine Park,1
Neoglyphidodon polyacanthus,-31.55,159.06,2014,2,27,12.5,5,-32_159,21.248451550801594,23.568195343017575,21.55651573930956,23.92517791475569,2004,Lord Howe Island Marine Park,1
Neoglyphidodon polyacanthus,-31.55,159.06,2014,2,27,15,1,-32_159,21.248451550801594,23.568195343017575,21.55651573930956,23.92517791475569,2004,Lord Howe Island Marine Park,1
Neoglyphidodon polyacanthus,-31.55,159.07,2014,2,27,10,20,-32_159,21.248451550801594,23.568195343017575,21.55651573930956,23.92517791475569,NA,NA,0
Neoglyphidodon polyacanthus,-31.55,159.07,2014,2,27,12.5,30,-32_159,21.248451550801594,23.568195343017575,21.55651573930956,23.92517791475569,NA,NA,0
Neoglyphidodon polyacanthus,-31.55,159.07,2014,2,27,7.5,2,-32_159,21.248451550801594,23.568195343017575,21.55651573930956,23.92517791475569,NA,NA,0
Neoglyphidodon polyacanthus,-31.55,159.07,2014,2,27,10,12,-32_159,21.248451550801594,23.568195343017575,21.55651573930956,23.92517791475569,NA,NA,0
Neoglyphidodon polyacanthus,-31.55,159.07,2014,2,27,12.5,10,-32_159,21.248451550801594,23.568195343017575,21.55651573930956,23.92517791475569,NA,NA,0
Neoglyphidodon polyacanthus,-31.55,159.07,2014,2,27,12.5,12,-32_159,21.248451550801594,23.568195343017575,21.55651573930956,23.92517791475569,NA,NA,0
Neoglyphidodon polyacanthus,-31.55,159.07,2014,2,27,10,10,-32_159,21.248451550801594,23.568195343017575,21.55651573930956,23.92517791475569,NA,NA,0
Neoglyphidodon polyacanthus,-31.55,159.07,2014,2,27,12.5,10,-32_159,21.248451550801594,23.568195343017575,21.55651573930956,23.92517791475569,NA,NA,0
Neoglyphidodon polyacanthus,-31.55,159.07,2014,2,27,5,3,-32_159,21.248451550801594,23.568195343017575,21.55651573930956,23.92517791475569,NA,NA,0
Neoglyphidodon polyacanthus,-31.55,159.07,2014,2,27,7.5,4,-32_159,21.248451550801594,23.568195343017575,21.55651573930956,23.92517791475569,NA,NA,0
Neoglyphidodon polyacanthus,-31.55,159.07,2014,2,27,10,6,-32_159,21.248451550801594,23.568195343017575,21.55651573930956,23.92517791475569,NA,NA,0
Neoglyphidodon polyacanthus,-31.56,159.07,2014,2,17,7.5,2,-32_159,21.248451550801594,23.568195343017575,21.55651573930956,23.92517791475569,NA,NA,0
Neoglyphidodon polyacanthus,-31.56,159.07,2014,2,17,10,5,-32_159,21.248451550801594,23.568195343017575,21.55651573930956,23.92517791475569,NA,NA,0
Neoglyphidodon polyacanthus,-31.56,159.07,2014,2,17,12.5,10,-32_159,21.248451550801594,23.568195343017575,21.55651573930956,23.92517791475569,NA,NA,0
Neoglyphidodon polyacanthus,-31.56,159.07,2014,2,17,2.5,1,-32_159,21.248451550801594,23.568195343017575,21.55651573930956,23.92517791475569,NA,NA,0
Neoglyphidodon polyacanthus,-31.56,159.07,2014,2,17,7.5,3,-32_159,21.248451550801594,23.568195343017575,21.55651573930956,23.92517791475569,NA,NA,0
Neoglyphidodon polyacanthus,-31.56,159.07,2014,2,17,10,7,-32_159,21.248451550801594,23.568195343017575,21.55651573930956,23.92517791475569,NA,NA,0
Neoglyphidodon polyacanthus,-31.56,159.07,2014,2,17,10,2,-32_159,21.248451550801594,23.568195343017575,21.55651573930956,23.92517791475569,NA,NA,0
Neoglyphidodon polyacanthus,-31.56,159.07,2014,2,17,12.5,5,-32_159,21.248451550801594,23.568195343017575,21.55651573930956,23.92517791475569,NA,NA,0
Neoglyphidodon polyacanthus,-31.56,159.07,2014,2,17,15,5,-32_159,21.248451550801594,23.568195343017575,21.55651573930956,23.92517791475569,NA,NA,0
Neoglyphidodon polyacanthus,-31.56,159.07,2014,2,17,7.5,1,-32_159,21.248451550801594,23.568195343017575,21.55651573930956,23.92517791475569,NA,NA,0
Neoglyphidodon polyacanthus,-31.57,159.1,2014,2,18,10,10,-32_159,21.248451550801594,23.568195343017575,21.55651573930956,23.92517791475569,2004,Lord Howe Island Marine Park,1
Neoglyphidodon polyacanthus,-31.57,159.1,2014,2,18,10,1,-32_159,21.248451550801594,23.568195343017575,21.55651573930956,23.92517791475569,2004,Lord Howe Island Marine Park,1
Neoglyphidodon polyacanthus,-31.56,159.1,2014,2,18,10,10,-32_159,21.248451550801594,23.568195343017575,21.55651573930956,23.92517791475569,NA,NA,0
Neoglyphidodon polyacanthus,-31.51,159.05,2014,2,27,10,1,-32_159,21.248451550801594,23.568195343017575,21.55651573930956,23.92517791475569,2004,Lord Howe Island Marine Park,1
Neoglyphidodon polyacanthus,-31.51,159.05,2014,2,27,2.5,10,-32_159,21.248451550801594,23.568195343017575,21.55651573930956,23.92517791475569,2004,Lord Howe Island Marine Park,1
Neoglyphidodon polyacanthus,-31.51,159.05,2014,2,27,7.5,10,-32_159,21.248451550801594,23.568195343017575,21.55651573930956,23.92517791475569,2004,Lord Howe Island Marine Park,1
Neoglyphidodon polyacanthus,-31.53,159.05,2014,2,21,7.5,10,-32_159,21.248451550801594,23.568195343017575,21.55651573930956,23.92517791475569,NA,NA,0
Neoglyphidodon polyacanthus,-31.53,159.05,2014,2,21,10,5,-32_159,21.248451550801594,23.568195343017575,21.55651573930956,23.92517791475569,NA,NA,0
Neoglyphidodon polyacanthus,-31.53,159.05,2014,2,21,12.5,5,-32_159,21.248451550801594,23.568195343017575,21.55651573930956,23.92517791475569,NA,NA,0
Neoglyphidodon polyacanthus,-31.53,159.05,2014,2,21,15,10,-32_159,21.248451550801594,23.568195343017575,21.55651573930956,23.92517791475569,NA,NA,0
Neoglyphidodon polyacanthus,-31.53,159.05,2014,2,21,7.5,7,-32_159,21.248451550801594,23.568195343017575,21.55651573930956,23.92517791475569,NA,NA,0
Neoglyphidodon polyacanthus,-31.53,159.05,2014,2,21,10,7,-32_159,21.248451550801594,23.568195343017575,21.55651573930956,23.92517791475569,NA,NA,0
Neoglyphidodon polyacanthus,-31.53,159.05,2014,2,21,12.5,7,-32_159,21.248451550801594,23.568195343017575,21.55651573930956,23.92517791475569,NA,NA,0
Neoglyphidodon polyacanthus,-31.53,159.05,2014,2,21,15,7,-32_159,21.248451550801594,23.568195343017575,21.55651573930956,23.92517791475569,NA,NA,0
Neoglyphidodon polyacanthus,-31.54,159.07,2014,2,24,7.5,4,-32_159,21.248451550801594,23.568195343017575,21.55651573930956,23.92517791475569,2004,Lord Howe Island Marine Park,1
Neoglyphidodon polyacanthus,-31.54,159.07,2014,2,24,10,4,-32_159,21.248451550801594,23.568195343017575,21.55651573930956,23.92517791475569,2004,Lord Howe Island Marine Park,1
Neoglyphidodon polyacanthus,-31.54,159.07,2014,2,24,12.5,4,-32_159,21.248451550801594,23.568195343017575,21.55651573930956,23.92517791475569,2004,Lord Howe Island Marine Park,1
Neoglyphidodon polyacanthus,-31.54,159.07,2014,2,24,15,4,-32_159,21.248451550801594,23.568195343017575,21.55651573930956,23.92517791475569,2004,Lord Howe Island Marine Park,1
Neoglyphidodon polyacanthus,-31.5,159.07,2014,2,18,5,5,-32_159,21.248451550801594,23.568195343017575,21.55651573930956,23.92517791475569,2004,Lord Howe Island Marine Park,1
Neoglyphidodon polyacanthus,-31.5,159.07,2014,2,18,7.5,20,-32_159,21.248451550801594,23.568195343017575,21.55651573930956,23.92517791475569,2004,Lord Howe Island Marine Park,1
Neoglyphidodon polyacanthus,-31.5,159.07,2014,2,18,5,10,-32_159,21.248451550801594,23.568195343017575,21.55651573930956,23.92517791475569,2004,Lord Howe Island Marine Park,1
Neoglyphidodon polyacanthus,-31.5,159.07,2014,2,18,7.5,30,-32_159,21.248451550801594,23.568195343017575,21.55651573930956,23.92517791475569,2004,Lord Howe Island Marine Park,1
Neoglyphidodon polyacanthus,-31.5,159.07,2014,2,19,5,200,-32_159,21.248451550801594,23.568195343017575,21.55651573930956,23.92517791475569,2004,Lord Howe Island Marine Park,1
Neoglyphidodon polyacanthus,-31.52,159.04,2014,2,17,5,1,-32_159,21.248451550801594,23.568195343017575,21.55651573930956,23.92517791475569,2004,Lord Howe Island Marine Park,1
Neoglyphidodon polyacanthus,-31.52,159.04,2014,2,17,7.5,20,-32_159,21.248451550801594,23.568195343017575,21.55651573930956,23.92517791475569,2004,Lord Howe Island Marine Park,1
Neoglyphidodon polyacanthus,-31.52,159.05,2014,2,16,2.5,5,-32_159,21.248451550801594,23.568195343017575,21.55651573930956,23.92517791475569,2004,Lord Howe Island Marine Park,1
Neoglyphidodon polyacanthus,-31.52,159.05,2014,2,16,5,41,-32_159,21.248451550801594,23.568195343017575,21.55651573930956,23.92517791475569,2004,Lord Howe Island Marine Park,1
Neoglyphidodon polyacanthus,-31.52,159.05,2014,2,16,7.5,30,-32_159,21.248451550801594,23.568195343017575,21.55651573930956,23.92517791475569,2004,Lord Howe Island Marine Park,1
Neoglyphidodon polyacanthus,-31.52,159.05,2014,2,16,10,1,-32_159,21.248451550801594,23.568195343017575,21.55651573930956,23.92517791475569,2004,Lord Howe Island Marine Park,1
Neoglyphidodon polyacanthus,-31.52,159.05,2014,2,16,5,50,-32_159,21.248451550801594,23.568195343017575,21.55651573930956,23.92517791475569,2004,Lord Howe Island Marine Park,1
Neoglyphidodon polyacanthus,-31.52,159.05,2014,2,16,7.5,110,-32_159,21.248451550801594,23.568195343017575,21.55651573930956,23.92517791475569,2004,Lord Howe Island Marine Park,1
Neoglyphidodon polyacanthus,-31.51,159.06,2014,2,18,7.5,30,-32_159,21.248451550801594,23.568195343017575,21.55651573930956,23.92517791475569,2004,Lord Howe Island Marine Park,1
Neoglyphidodon polyacanthus,-31.51,159.06,2014,2,18,5,20,-32_159,21.248451550801594,23.568195343017575,21.55651573930956,23.92517791475569,2004,Lord Howe Island Marine Park,1
Neoglyphidodon polyacanthus,-31.52,159.05,2014,2,25,5,20,-32_159,21.248451550801594,23.568195343017575,21.55651573930956,23.92517791475569,2004,Lord Howe Island Marine Park,1
Neoglyphidodon polyacanthus,-31.52,159.04,2014,2,21,12.5,2,-32_159,21.248451550801594,23.568195343017575,21.55651573930956,23.92517791475569,NA,NA,0
Neoglyphidodon polyacanthus,-31.52,159.04,2014,2,21,15,1,-32_159,21.248451550801594,23.568195343017575,21.55651573930956,23.92517791475569,NA,NA,0
Neoglyphidodon polyacanthus,-31.54,159.05,2014,2,27,7.5,2,-32_159,21.248451550801594,23.568195343017575,21.55651573930956,23.92517791475569,2004,Lord Howe Island Marine Park,1
Neoglyphidodon polyacanthus,-31.54,159.05,2014,2,27,10,3,-32_159,21.248451550801594,23.568195343017575,21.55651573930956,23.92517791475569,2004,Lord Howe Island Marine Park,1
Neoglyphidodon polyacanthus,-31.54,159.05,2014,2,27,12.5,3,-32_159,21.248451550801594,23.568195343017575,21.55651573930956,23.92517791475569,2004,Lord Howe Island Marine Park,1
Neoglyphidodon polyacanthus,-31.54,159.05,2014,2,27,7.5,50,-32_159,21.248451550801594,23.568195343017575,21.55651573930956,23.92517791475569,2004,Lord Howe Island Marine Park,1
Neoglyphidodon polyacanthus,-31.54,159.05,2014,2,27,10,8,-32_159,21.248451550801594,23.568195343017575,21.55651573930956,23.92517791475569,2004,Lord Howe Island Marine Park,1
Neoglyphidodon polyacanthus,-31.54,159.05,2014,2,27,7.5,2,-32_159,21.248451550801594,23.568195343017575,21.55651573930956,23.92517791475569,2004,Lord Howe Island Marine Park,1
Neoglyphidodon polyacanthus,-31.54,159.05,2014,2,27,10,3,-32_159,21.248451550801594,23.568195343017575,21.55651573930956,23.92517791475569,2004,Lord Howe Island Marine Park,1
Neoglyphidodon polyacanthus,-31.54,159.05,2014,2,27,12.5,4,-32_159,21.248451550801594,23.568195343017575,21.55651573930956,23.92517791475569,2004,Lord Howe Island Marine Park,1
Neoglyphidodon polyacanthus,-31.54,159.05,2014,2,27,7.5,60,-32_159,21.248451550801594,23.568195343017575,21.55651573930956,23.92517791475569,2004,Lord Howe Island Marine Park,1
Neoglyphidodon polyacanthus,-31.54,159.05,2014,2,27,10,5,-32_159,21.248451550801594,23.568195343017575,21.55651573930956,23.92517791475569,2004,Lord Howe Island Marine Park,1
Neoglyphidodon polyacanthus,-31.52,159.05,2014,2,25,7.5,120,-32_159,21.248451550801594,23.568195343017575,21.55651573930956,23.92517791475569,2004,Lord Howe Island Marine Park,1
Neoglyphidodon polyacanthus,-31.53,159.05,2014,2,17,5,40,-32_159,21.248451550801594,23.568195343017575,21.55651573930956,23.92517791475569,NA,NA,0
Neoglyphidodon polyacanthus,-31.53,159.05,2014,2,17,7.5,40,-32_159,21.248451550801594,23.568195343017575,21.55651573930956,23.92517791475569,NA,NA,0
Neoglyphidodon polyacanthus,-31.53,159.05,2014,2,17,5,20,-32_159,21.248451550801594,23.568195343017575,21.55651573930956,23.92517791475569,NA,NA,0
Neoglyphidodon polyacanthus,-31.53,159.05,2014,2,17,7.5,30,-32_159,21.248451550801594,23.568195343017575,21.55651573930956,23.92517791475569,NA,NA,0
Neoglyphidodon polyacanthus,-31.52,159.07,2014,2,23,7.5,2,-32_159,21.248451550801594,23.568195343017575,21.55651573930956,23.92517791475569,2004,Lord Howe Island Marine Park,1
Neoglyphidodon polyacanthus,-31.55,159.06,2014,2,20,7.5,40,-32_159,21.248451550801594,23.568195343017575,21.55651573930956,23.92517791475569,2004,Lord Howe Island Marine Park,1
Neoglyphidodon polyacanthus,-31.55,159.06,2014,2,20,7.5,80,-32_159,21.248451550801594,23.568195343017575,21.55651573930956,23.92517791475569,2004,Lord Howe Island Marine Park,1
Neoglyphidodon polyacanthus,-31.5,159.06,2014,2,19,2.5,20,-32_159,21.248451550801594,23.568195343017575,21.55651573930956,23.92517791475569,2004,Lord Howe Island Marine Park,1
Neoglyphidodon polyacanthus,-31.5,159.06,2014,2,19,5,50,-32_159,21.248451550801594,23.568195343017575,21.55651573930956,23.92517791475569,2004,Lord Howe Island Marine Park,1
Neoglyphidodon polyacanthus,-31.5,159.06,2014,2,19,5,200,-32_159,21.248451550801594,23.568195343017575,21.55651573930956,23.92517791475569,2004,Lord Howe Island Marine Park,1
Neoglyphidodon polyacanthus,-31.58,159.07,2014,2,21,7.5,5,-32_159,21.248451550801594,23.568195343017575,21.55651573930956,23.92517791475569,NA,NA,0
Neoglyphidodon polyacanthus,-31.58,159.07,2014,2,21,10,2,-32_159,21.248451550801594,23.568195343017575,21.55651573930956,23.92517791475569,NA,NA,0
Neoglyphidodon polyacanthus,-31.58,159.07,2014,2,21,12.5,2,-32_159,21.248451550801594,23.568195343017575,21.55651573930956,23.92517791475569,NA,NA,0
Neoglyphidodon polyacanthus,-31.58,159.07,2014,2,21,10,2,-32_159,21.248451550801594,23.568195343017575,21.55651573930956,23.92517791475569,NA,NA,0
Neoglyphidodon polyacanthus,-31.58,159.07,2014,2,21,12.5,4,-32_159,21.248451550801594,23.568195343017575,21.55651573930956,23.92517791475569,NA,NA,0
Neoglyphidodon polyacanthus,-31.58,159.07,2014,2,21,2.5,3,-32_159,21.248451550801594,23.568195343017575,21.55651573930956,23.92517791475569,NA,NA,0
Neoglyphidodon polyacanthus,-31.58,159.07,2014,2,21,5,2,-32_159,21.248451550801594,23.568195343017575,21.55651573930956,23.92517791475569,NA,NA,0
Neoglyphidodon polyacanthus,-31.57,159.07,2014,2,21,7.5,2,-32_159,21.248451550801594,23.568195343017575,21.55651573930956,23.92517791475569,NA,NA,0
Neoglyphidodon polyacanthus,-31.57,159.07,2014,2,21,10,3,-32_159,21.248451550801594,23.568195343017575,21.55651573930956,23.92517791475569,NA,NA,0
Neoglyphidodon polyacanthus,-31.56,159.07,2014,2,17,10,4,-32_159,21.248451550801594,23.568195343017575,21.55651573930956,23.92517791475569,NA,NA,0
Neoglyphidodon polyacanthus,-31.56,159.07,2014,2,17,12.5,3,-32_159,21.248451550801594,23.568195343017575,21.55651573930956,23.92517791475569,NA,NA,0
Neoglyphidodon polyacanthus,-31.56,159.07,2014,2,17,5,2,-32_159,21.248451550801594,23.568195343017575,21.55651573930956,23.92517791475569,NA,NA,0
Neoglyphidodon polyacanthus,-31.56,159.07,2014,2,17,7.5,4,-32_159,21.248451550801594,23.568195343017575,21.55651573930956,23.92517791475569,NA,NA,0
Neoglyphidodon polyacanthus,-31.56,159.07,2014,2,17,10,1,-32_159,21.248451550801594,23.568195343017575,21.55651573930956,23.92517791475569,NA,NA,0
Neoglyphidodon polyacanthus,-31.56,159.07,2014,2,17,7.5,1,-32_159,21.248451550801594,23.568195343017575,21.55651573930956,23.92517791475569,NA,NA,0
Neoglyphidodon polyacanthus,-31.56,159.07,2014,2,17,10,5,-32_159,21.248451550801594,23.568195343017575,21.55651573930956,23.92517791475569,NA,NA,0
Neoglyphidodon polyacanthus,-31.56,159.07,2014,2,17,12.5,5,-32_159,21.248451550801594,23.568195343017575,21.55651573930956,23.92517791475569,NA,NA,0
Neoglyphidodon polyacanthus,-31.56,159.07,2014,2,17,7.5,2,-32_159,21.248451550801594,23.568195343017575,21.55651573930956,23.92517791475569,NA,NA,0
Neoglyphidodon polyacanthus,-31.56,159.1,2014,2,18,12.5,4,-32_159,21.248451550801594,23.568195343017575,21.55651573930956,23.92517791475569,NA,NA,0
Neoglyphidodon polyacanthus,-31.56,159.1,2014,2,18,2.5,3,-32_159,21.248451550801594,23.568195343017575,21.55651573930956,23.92517791475569,NA,NA,0
Neoglyphidodon polyacanthus,-31.56,159.1,2014,2,18,7.5,2,-32_159,21.248451550801594,23.568195343017575,21.55651573930956,23.92517791475569,NA,NA,0
Neoglyphidodon polyacanthus,-31.56,159.1,2014,2,18,10,2,-32_159,21.248451550801594,23.568195343017575,21.55651573930956,23.92517791475569,NA,NA,0
Neoglyphidodon polyacanthus,-31.52,159.05,2014,2,16,10,10,-32_159,21.248451550801594,23.568195343017575,21.55651573930956,23.92517791475569,2004,Lord Howe Island Marine Park,1
Neoglyphidodon polyacanthus,-31.52,159.05,2014,2,16,12.5,5,-32_159,21.248451550801594,23.568195343017575,21.55651573930956,23.92517791475569,2004,Lord Howe Island Marine Park,1
Neoglyphidodon polyacanthus,-31.52,159.05,2014,2,16,7.5,6,-32_159,21.248451550801594,23.568195343017575,21.55651573930956,23.92517791475569,2004,Lord Howe Island Marine Park,1
Neoglyphidodon polyacanthus,-31.55,159.06,2014,2,27,10,7,-32_159,21.248451550801594,23.568195343017575,21.55651573930956,23.92517791475569,2004,Lord Howe Island Marine Park,1
Neoglyphidodon polyacanthus,-31.55,159.06,2014,2,27,12.5,21,-32_159,21.248451550801594,23.568195343017575,21.55651573930956,23.92517791475569,2004,Lord Howe Island Marine Park,1
Neoglyphidodon polyacanthus,-31.55,159.06,2014,2,27,7.5,5,-32_159,21.248451550801594,23.568195343017575,21.55651573930956,23.92517791475569,2004,Lord Howe Island Marine Park,1
Neoglyphidodon polyacanthus,-31.55,159.06,2014,2,27,10,5,-32_159,21.248451550801594,23.568195343017575,21.55651573930956,23.92517791475569,2004,Lord Howe Island Marine Park,1
Neoglyphidodon polyacanthus,-31.55,159.06,2014,2,27,12.5,8,-32_159,21.248451550801594,23.568195343017575,21.55651573930956,23.92517791475569,2004,Lord Howe Island Marine Park,1
Neoglyphidodon polyacanthus,-31.55,159.06,2014,2,27,10,3,-32_159,21.248451550801594,23.568195343017575,21.55651573930956,23.92517791475569,2004,Lord Howe Island Marine Park,1
Neoglyphidodon polyacanthus,-31.52,159.05,2014,2,16,7.5,16,-32_159,21.248451550801594,23.568195343017575,21.55651573930956,23.92517791475569,2004,Lord Howe Island Marine Park,1
Neoglyphidodon polyacanthus,-31.52,159.05,2014,2,16,10,22,-32_159,21.248451550801594,23.568195343017575,21.55651573930956,23.92517791475569,2004,Lord Howe Island Marine Park,1
Neoglyphidodon polyacanthus,-31.52,159.05,2014,2,16,12.5,17,-32_159,21.248451550801594,23.568195343017575,21.55651573930956,23.92517791475569,2004,Lord Howe Island Marine Park,1
Neoglyphidodon polyacanthus,-31.52,159.05,2014,2,16,15,12,-32_159,21.248451550801594,23.568195343017575,21.55651573930956,23.92517791475569,2004,Lord Howe Island Marine Park,1
Neoglyphidodon polyacanthus,-31.52,159.05,2014,2,16,7.5,28,-32_159,21.248451550801594,23.568195343017575,21.55651573930956,23.92517791475569,2004,Lord Howe Island Marine Park,1
Neoglyphidodon polyacanthus,-31.52,159.05,2014,2,16,10,28,-32_159,21.248451550801594,23.568195343017575,21.55651573930956,23.92517791475569,2004,Lord Howe Island Marine Park,1
Neoglyphidodon polyacanthus,-31.52,159.05,2014,2,16,12.5,16,-32_159,21.248451550801594,23.568195343017575,21.55651573930956,23.92517791475569,2004,Lord Howe Island Marine Park,1
Neoglyphidodon polyacanthus,-31.53,159.06,2014,2,16,7.5,4,-32_159,21.248451550801594,23.568195343017575,21.55651573930956,23.92517791475569,NA,NA,0
Neoglyphidodon polyacanthus,-31.53,159.06,2014,2,16,10,10,-32_159,21.248451550801594,23.568195343017575,21.55651573930956,23.92517791475569,NA,NA,0
Neoglyphidodon polyacanthus,-31.53,159.06,2014,2,16,12.5,5,-32_159,21.248451550801594,23.568195343017575,21.55651573930956,23.92517791475569,NA,NA,0
Neoglyphidodon polyacanthus,-31.53,159.06,2014,2,16,15,3,-32_159,21.248451550801594,23.568195343017575,21.55651573930956,23.92517791475569,NA,NA,0
Neoglyphidodon polyacanthus,-31.53,159.06,2014,2,16,5,2,-32_159,21.248451550801594,23.568195343017575,21.55651573930956,23.92517791475569,NA,NA,0
Neoglyphidodon polyacanthus,-31.53,159.06,2014,2,16,7.5,5,-32_159,21.248451550801594,23.568195343017575,21.55651573930956,23.92517791475569,NA,NA,0
Neoglyphidodon polyacanthus,-31.53,159.06,2014,2,16,10,5,-32_159,21.248451550801594,23.568195343017575,21.55651573930956,23.92517791475569,NA,NA,0
Neoglyphidodon polyacanthus,-31.53,159.06,2014,2,16,12.5,10,-32_159,21.248451550801594,23.568195343017575,21.55651573930956,23.92517791475569,NA,NA,0
Neoglyphidodon polyacanthus,-31.52,159.08,2014,2,19,10,1,-32_159,21.248451550801594,23.568195343017575,21.55651573930956,23.92517791475569,NA,NA,0
Neoglyphidodon polyacanthus,-31.52,159.07,2014,2,23,12.5,1,-32_159,21.248451550801594,23.568195343017575,21.55651573930956,23.92517791475569,2004,Lord Howe Island Marine Park,1
Neoglyphidodon polyacanthus,-31.54,159.07,2014,2,24,7.5,1,-32_159,21.248451550801594,23.568195343017575,21.55651573930956,23.92517791475569,2004,Lord Howe Island Marine Park,1
Neoglyphidodon polyacanthus,-31.54,159.07,2014,2,24,10,14,-32_159,21.248451550801594,23.568195343017575,21.55651573930956,23.92517791475569,2004,Lord Howe Island Marine Park,1
Neoglyphidodon polyacanthus,-31.54,159.07,2014,2,24,12.5,30,-32_159,21.248451550801594,23.568195343017575,21.55651573930956,23.92517791475569,2004,Lord Howe Island Marine Park,1
Neoglyphidodon polyacanthus,-31.54,159.07,2014,2,24,2.5,1,-32_159,21.248451550801594,23.568195343017575,21.55651573930956,23.92517791475569,2004,Lord Howe Island Marine Park,1
Neoglyphidodon polyacanthus,-31.54,159.07,2014,2,24,5,3,-32_159,21.248451550801594,23.568195343017575,21.55651573930956,23.92517791475569,2004,Lord Howe Island Marine Park,1
Neoglyphidodon polyacanthus,-31.54,159.07,2014,2,24,7.5,7,-32_159,21.248451550801594,23.568195343017575,21.55651573930956,23.92517791475569,2004,Lord Howe Island Marine Park,1
Neoglyphidodon polyacanthus,-31.54,159.07,2014,2,24,10,12,-32_159,21.248451550801594,23.568195343017575,21.55651573930956,23.92517791475569,2004,Lord Howe Island Marine Park,1
Neoglyphidodon polyacanthus,-31.55,159.07,2014,2,27,10,3,-32_159,21.248451550801594,23.568195343017575,21.55651573930956,23.92517791475569,NA,NA,0
Neoglyphidodon polyacanthus,-31.55,159.07,2014,2,27,12.5,11,-32_159,21.248451550801594,23.568195343017575,21.55651573930956,23.92517791475569,NA,NA,0
Neoglyphidodon polyacanthus,-31.55,159.07,2014,2,27,5,6,-32_159,21.248451550801594,23.568195343017575,21.55651573930956,23.92517791475569,NA,NA,0
Neoglyphidodon polyacanthus,-31.55,159.07,2014,2,27,7.5,13,-32_159,21.248451550801594,23.568195343017575,21.55651573930956,23.92517791475569,NA,NA,0
Neoglyphidodon polyacanthus,-31.55,159.07,2014,2,27,10,15,-32_159,21.248451550801594,23.568195343017575,21.55651573930956,23.92517791475569,NA,NA,0
Neoglyphidodon polyacanthus,-31.55,159.07,2014,2,27,7.5,5,-32_159,21.248451550801594,23.568195343017575,21.55651573930956,23.92517791475569,NA,NA,0
Neoglyphidodon polyacanthus,-31.55,159.07,2014,2,27,10,5,-32_159,21.248451550801594,23.568195343017575,21.55651573930956,23.92517791475569,NA,NA,0
Neoglyphidodon polyacanthus,-31.52,159.04,2014,2,21,5,4,-32_159,21.248451550801594,23.568195343017575,21.55651573930956,23.92517791475569,NA,NA,0
Neoglyphidodon polyacanthus,-31.52,159.04,2014,2,21,7.5,7,-32_159,21.248451550801594,23.568195343017575,21.55651573930956,23.92517791475569,NA,NA,0
Neoglyphidodon polyacanthus,-31.52,159.04,2014,2,21,10,2,-32_159,21.248451550801594,23.568195343017575,21.55651573930956,23.92517791475569,NA,NA,0
Neoglyphidodon polyacanthus,-31.52,159.04,2014,2,21,5,2,-32_159,21.248451550801594,23.568195343017575,21.55651573930956,23.92517791475569,NA,NA,0
Neoglyphidodon polyacanthus,-31.52,159.04,2014,2,21,7.5,10,-32_159,21.248451550801594,23.568195343017575,21.55651573930956,23.92517791475569,NA,NA,0
Neoglyphidodon polyacanthus,-31.52,159.04,2014,2,21,10,5,-32_159,21.248451550801594,23.568195343017575,21.55651573930956,23.92517791475569,NA,NA,0
Neoglyphidodon polyacanthus,-31.54,159.05,2014,2,27,5,1,-32_159,21.248451550801594,23.568195343017575,21.55651573930956,23.92517791475569,2004,Lord Howe Island Marine Park,1
Neoglyphidodon polyacanthus,-31.54,159.05,2014,2,27,7.5,6,-32_159,21.248451550801594,23.568195343017575,21.55651573930956,23.92517791475569,2004,Lord Howe Island Marine Park,1
Neoglyphidodon polyacanthus,-31.54,159.05,2014,2,27,10,3,-32_159,21.248451550801594,23.568195343017575,21.55651573930956,23.92517791475569,2004,Lord Howe Island Marine Park,1
Neoglyphidodon polyacanthus,-31.54,159.05,2014,2,27,12.5,1,-32_159,21.248451550801594,23.568195343017575,21.55651573930956,23.92517791475569,2004,Lord Howe Island Marine Park,1
Neoglyphidodon polyacanthus,-31.54,159.05,2014,2,27,5,2,-32_159,21.248451550801594,23.568195343017575,21.55651573930956,23.92517791475569,2004,Lord Howe Island Marine Park,1
Neoglyphidodon polyacanthus,-31.54,159.05,2014,2,27,7.5,5,-32_159,21.248451550801594,23.568195343017575,21.55651573930956,23.92517791475569,2004,Lord Howe Island Marine Park,1
Neoglyphidodon polyacanthus,-31.54,159.05,2014,2,27,10,1,-32_159,21.248451550801594,23.568195343017575,21.55651573930956,23.92517791475569,2004,Lord Howe Island Marine Park,1
Neoglyphidodon polyacanthus,-31.53,159.06,2014,2,16,7.5,10,-32_159,21.248451550801594,23.568195343017575,21.55651573930956,23.92517791475569,NA,NA,0
Neoglyphidodon polyacanthus,-31.53,159.06,2014,2,16,10,20,-32_159,21.248451550801594,23.568195343017575,21.55651573930956,23.92517791475569,NA,NA,0
Neoglyphidodon polyacanthus,-31.53,159.06,2014,2,16,12.5,18,-32_159,21.248451550801594,23.568195343017575,21.55651573930956,23.92517791475569,NA,NA,0
Neoglyphidodon polyacanthus,-31.53,159.06,2014,2,16,15,10,-32_159,21.248451550801594,23.568195343017575,21.55651573930956,23.92517791475569,NA,NA,0
Neoglyphidodon polyacanthus,-31.53,159.06,2014,2,16,20,7,-32_159,21.248451550801594,23.568195343017575,21.55651573930956,23.92517791475569,NA,NA,0
Neoglyphidodon polyacanthus,-31.53,159.06,2014,2,16,5,10,-32_159,21.248451550801594,23.568195343017575,21.55651573930956,23.92517791475569,NA,NA,0
Neoglyphidodon polyacanthus,-31.53,159.06,2014,2,16,7.5,2,-32_159,21.248451550801594,23.568195343017575,21.55651573930956,23.92517791475569,NA,NA,0
Neoglyphidodon polyacanthus,-31.53,159.05,2014,2,16,5,10,-32_159,21.248451550801594,23.568195343017575,21.55651573930956,23.92517791475569,NA,NA,0
Neoglyphidodon polyacanthus,-31.53,159.05,2014,2,16,7.5,10,-32_159,21.248451550801594,23.568195343017575,21.55651573930956,23.92517791475569,NA,NA,0
Neoglyphidodon polyacanthus,-31.53,159.05,2014,2,16,10,10,-32_159,21.248451550801594,23.568195343017575,21.55651573930956,23.92517791475569,NA,NA,0
Neoglyphidodon polyacanthus,-31.53,159.05,2014,2,16,12.5,2,-32_159,21.248451550801594,23.568195343017575,21.55651573930956,23.92517791475569,NA,NA,0
Neoglyphidodon polyacanthus,-31.53,159.05,2014,2,16,5,4,-32_159,21.248451550801594,23.568195343017575,21.55651573930956,23.92517791475569,NA,NA,0
Neoglyphidodon polyacanthus,-31.53,159.05,2014,2,16,7.5,6,-32_159,21.248451550801594,23.568195343017575,21.55651573930956,23.92517791475569,NA,NA,0
Neoglyphidodon polyacanthus,-31.53,159.05,2014,2,16,10,5,-32_159,21.248451550801594,23.568195343017575,21.55651573930956,23.92517791475569,NA,NA,0
Neoglyphidodon polyacanthus,-31.53,159.05,2014,2,16,12.5,1,-32_159,21.248451550801594,23.568195343017575,21.55651573930956,23.92517791475569,NA,NA,0
Neoglyphidodon polyacanthus,-31.53,159.05,2014,2,16,2.5,10,-32_159,21.248451550801594,23.568195343017575,21.55651573930956,23.92517791475569,NA,NA,0
Neoglyphidodon polyacanthus,-31.53,159.05,2014,2,16,5,3,-32_159,21.248451550801594,23.568195343017575,21.55651573930956,23.92517791475569,NA,NA,0
Neoglyphidodon polyacanthus,-31.53,159.05,2014,2,16,7.5,2,-32_159,21.248451550801594,23.568195343017575,21.55651573930956,23.92517791475569,NA,NA,0
Neoglyphidodon polyacanthus,-31.53,159.05,2014,2,16,10,1,-32_159,21.248451550801594,23.568195343017575,21.55651573930956,23.92517791475569,NA,NA,0
Neoglyphidodon polyacanthus,-31.53,159.05,2014,2,17,5,1,-32_159,21.248451550801594,23.568195343017575,21.55651573930956,23.92517791475569,NA,NA,0
Neoglyphidodon polyacanthus,-31.52,159.04,2014,2,17,5,1,-32_159,21.248451550801594,23.568195343017575,21.55651573930956,23.92517791475569,2004,Lord Howe Island Marine Park,1
Neoglyphidodon polyacanthus,-31.52,159.04,2014,2,17,7.5,4,-32_159,21.248451550801594,23.568195343017575,21.55651573930956,23.92517791475569,2004,Lord Howe Island Marine Park,1
Neoglyphidodon polyacanthus,-31.52,159.04,2014,2,17,10,1,-32_159,21.248451550801594,23.568195343017575,21.55651573930956,23.92517791475569,2004,Lord Howe Island Marine Park,1
Neoglyphidodon polyacanthus,-31.52,159.04,2014,2,17,2.5,20,-32_159,21.248451550801594,23.568195343017575,21.55651573930956,23.92517791475569,2004,Lord Howe Island Marine Park,1
Neoglyphidodon polyacanthus,-31.52,159.04,2014,2,17,5,2,-32_159,21.248451550801594,23.568195343017575,21.55651573930956,23.92517791475569,2004,Lord Howe Island Marine Park,1
Neoglyphidodon polyacanthus,-31.52,159.04,2014,2,17,7.5,1,-32_159,21.248451550801594,23.568195343017575,21.55651573930956,23.92517791475569,2004,Lord Howe Island Marine Park,1
Neoglyphidodon polyacanthus,-31.51,159.04,2014,2,20,2.5,1,-32_159,21.248451550801594,23.568195343017575,21.55651573930956,23.92517791475569,NA,NA,0
Neoglyphidodon polyacanthus,-31.51,159.04,2014,2,20,5,1,-32_159,21.248451550801594,23.568195343017575,21.55651573930956,23.92517791475569,NA,NA,0
Neoglyphidodon polyacanthus,-31.51,159.07,2014,2,23,5,1,-32_159,21.248451550801594,23.568195343017575,21.55651573930956,23.92517791475569,2004,Lord Howe Island Marine Park,1
Neoglyphidodon polyacanthus,-31.51,159.07,2014,2,23,7.5,2,-32_159,21.248451550801594,23.568195343017575,21.55651573930956,23.92517791475569,2004,Lord Howe Island Marine Park,1
Neoglyphidodon polyacanthus,-31.51,159.07,2014,2,23,10,1,-32_159,21.248451550801594,23.568195343017575,21.55651573930956,23.92517791475569,2004,Lord Howe Island Marine Park,1
Neoglyphidodon polyacanthus,-31.51,159.07,2014,2,23,12.5,1,-32_159,21.248451550801594,23.568195343017575,21.55651573930956,23.92517791475569,2004,Lord Howe Island Marine Park,1
Neoglyphidodon polyacanthus,-31.53,159.05,2014,2,16,5,6,-32_159,21.248451550801594,23.568195343017575,21.55651573930956,23.92517791475569,NA,NA,0
Neoglyphidodon polyacanthus,-31.53,159.05,2014,2,16,7.5,15,-32_159,21.248451550801594,23.568195343017575,21.55651573930956,23.92517791475569,NA,NA,0
Neoglyphidodon polyacanthus,-31.53,159.05,2014,2,16,10,4,-32_159,21.248451550801594,23.568195343017575,21.55651573930956,23.92517791475569,NA,NA,0
Neoglyphidodon polyacanthus,-31.53,159.05,2014,2,17,2.5,1,-32_159,21.248451550801594,23.568195343017575,21.55651573930956,23.92517791475569,NA,NA,0
Neoglyphidodon polyacanthus,-31.53,159.05,2014,2,17,5,4,-32_159,21.248451550801594,23.568195343017575,21.55651573930956,23.92517791475569,NA,NA,0
Neoglyphidodon polyacanthus,-31.53,159.05,2014,2,17,7.5,2,-32_159,21.248451550801594,23.568195343017575,21.55651573930956,23.92517791475569,NA,NA,0
Neoglyphidodon polyacanthus,-31.53,159.05,2014,2,17,10,1,-32_159,21.248451550801594,23.568195343017575,21.55651573930956,23.92517791475569,NA,NA,0
Neoglyphidodon polyacanthus,-31.54,159.06,2014,2,18,2.5,10,-32_159,21.248451550801594,23.568195343017575,21.55651573930956,23.92517791475569,2004,Lord Howe Island Marine Park,1
Neoglyphidodon polyacanthus,-31.54,159.06,2014,2,18,5,15,-32_159,21.248451550801594,23.568195343017575,21.55651573930956,23.92517791475569,2004,Lord Howe Island Marine Park,1
Neoglyphidodon polyacanthus,-31.54,159.06,2014,2,18,7.5,50,-32_159,21.248451550801594,23.568195343017575,21.55651573930956,23.92517791475569,2004,Lord Howe Island Marine Park,1
Neoglyphidodon polyacanthus,-31.54,159.06,2014,2,18,10,50,-32_159,21.248451550801594,23.568195343017575,21.55651573930956,23.92517791475569,2004,Lord Howe Island Marine Park,1
Neoglyphidodon polyacanthus,-31.54,159.06,2014,2,18,12.5,5,-32_159,21.248451550801594,23.568195343017575,21.55651573930956,23.92517791475569,2004,Lord Howe Island Marine Park,1
Neoglyphidodon polyacanthus,-31.54,159.06,2014,2,18,2.5,2,-32_159,21.248451550801594,23.568195343017575,21.55651573930956,23.92517791475569,2004,Lord Howe Island Marine Park,1
Neoglyphidodon polyacanthus,-31.54,159.06,2014,2,18,5,10,-32_159,21.248451550801594,23.568195343017575,21.55651573930956,23.92517791475569,2004,Lord Howe Island Marine Park,1
Neoglyphidodon polyacanthus,-31.54,159.06,2014,2,18,7.5,30,-32_159,21.248451550801594,23.568195343017575,21.55651573930956,23.92517791475569,2004,Lord Howe Island Marine Park,1
Neoglyphidodon polyacanthus,-31.54,159.06,2014,2,18,10,10,-32_159,21.248451550801594,23.568195343017575,21.55651573930956,23.92517791475569,2004,Lord Howe Island Marine Park,1
Neoglyphidodon polyacanthus,-31.51,159.07,2014,2,23,10,1,-32_159,21.248451550801594,23.568195343017575,21.55651573930956,23.92517791475569,2004,Lord Howe Island Marine Park,1
Neoglyphidodon polyacanthus,-31.51,159.07,2014,2,23,12.5,1,-32_159,21.248451550801594,23.568195343017575,21.55651573930956,23.92517791475569,2004,Lord Howe Island Marine Park,1
Neoglyphidodon polyacanthus,-31.52,159.05,2014,2,25,5,2,-32_159,21.248451550801594,23.568195343017575,21.55651573930956,23.92517791475569,2004,Lord Howe Island Marine Park,1
Neoglyphidodon polyacanthus,-31.52,159.05,2014,2,25,7.5,8,-32_159,21.248451550801594,23.568195343017575,21.55651573930956,23.92517791475569,2004,Lord Howe Island Marine Park,1
Neoglyphidodon polyacanthus,-31.52,159.05,2014,2,25,10,10,-32_159,21.248451550801594,23.568195343017575,21.55651573930956,23.92517791475569,2004,Lord Howe Island Marine Park,1
Neoglyphidodon polyacanthus,-31.52,159.05,2014,2,25,12.5,4,-32_159,21.248451550801594,23.568195343017575,21.55651573930956,23.92517791475569,2004,Lord Howe Island Marine Park,1
Neoglyphidodon polyacanthus,-31.52,159.05,2014,2,25,7.5,7,-32_159,21.248451550801594,23.568195343017575,21.55651573930956,23.92517791475569,2004,Lord Howe Island Marine Park,1
Neoglyphidodon polyacanthus,-31.54,159.06,2014,2,18,7.5,15,-32_159,21.248451550801594,23.568195343017575,21.55651573930956,23.92517791475569,2004,Lord Howe Island Marine Park,1
Neoglyphidodon polyacanthus,-31.54,159.06,2014,2,18,10,15,-32_159,21.248451550801594,23.568195343017575,21.55651573930956,23.92517791475569,2004,Lord Howe Island Marine Park,1
Neoglyphidodon polyacanthus,-31.54,159.06,2014,2,18,12.5,15,-32_159,21.248451550801594,23.568195343017575,21.55651573930956,23.92517791475569,2004,Lord Howe Island Marine Park,1
Neoglyphidodon polyacanthus,-31.54,159.06,2014,2,18,15,15,-32_159,21.248451550801594,23.568195343017575,21.55651573930956,23.92517791475569,2004,Lord Howe Island Marine Park,1
Neoglyphidodon polyacanthus,-31.54,159.06,2014,2,18,10,20,-32_159,21.248451550801594,23.568195343017575,21.55651573930956,23.92517791475569,2004,Lord Howe Island Marine Park,1
Neoglyphidodon polyacanthus,-31.54,159.06,2014,2,18,15,20,-32_159,21.248451550801594,23.568195343017575,21.55651573930956,23.92517791475569,2004,Lord Howe Island Marine Park,1
Neoglyphidodon polyacanthus,-31.53,159.05,2014,2,19,7.5,20,-32_159,21.248451550801594,23.568195343017575,21.55651573930956,23.92517791475569,NA,NA,0
Neoglyphidodon polyacanthus,-31.53,159.05,2014,2,19,10,20,-32_159,21.248451550801594,23.568195343017575,21.55651573930956,23.92517791475569,NA,NA,0
Neoglyphidodon polyacanthus,-31.53,159.05,2014,2,19,12.5,20,-32_159,21.248451550801594,23.568195343017575,21.55651573930956,23.92517791475569,NA,NA,0
Neoglyphidodon polyacanthus,-31.53,159.05,2014,2,19,15,15,-32_159,21.248451550801594,23.568195343017575,21.55651573930956,23.92517791475569,NA,NA,0
Neoglyphidodon polyacanthus,-31.53,159.05,2014,2,19,10,10,-32_159,21.248451550801594,23.568195343017575,21.55651573930956,23.92517791475569,NA,NA,0
Neoglyphidodon polyacanthus,-31.53,159.05,2014,2,19,12.5,10,-32_159,21.248451550801594,23.568195343017575,21.55651573930956,23.92517791475569,NA,NA,0
Neoglyphidodon polyacanthus,-31.53,159.05,2014,2,19,15,10,-32_159,21.248451550801594,23.568195343017575,21.55651573930956,23.92517791475569,NA,NA,0
Neoglyphidodon polyacanthus,-31.51,159.05,2014,2,18,2.5,4,-32_159,21.248451550801594,23.568195343017575,21.55651573930956,23.92517791475569,2004,Lord Howe Island Marine Park,1
Neoglyphidodon polyacanthus,-31.51,159.05,2014,2,18,2.5,10,-32_159,21.248451550801594,23.568195343017575,21.55651573930956,23.92517791475569,2004,Lord Howe Island Marine Park,1
Neoglyphidodon polyacanthus,-31.51,159.05,2014,2,18,10,1,-32_159,21.248451550801594,23.568195343017575,21.55651573930956,23.92517791475569,2004,Lord Howe Island Marine Park,1
Neoglyphidodon polyacanthus,-31.55,159.06,2014,2,20,2.5,5,-32_159,21.248451550801594,23.568195343017575,21.55651573930956,23.92517791475569,2004,Lord Howe Island Marine Park,1
Neoglyphidodon polyacanthus,-31.55,159.06,2014,2,20,5,25,-32_159,21.248451550801594,23.568195343017575,21.55651573930956,23.92517791475569,2004,Lord Howe Island Marine Park,1
Neoglyphidodon polyacanthus,-31.55,159.06,2014,2,20,7.5,20,-32_159,21.248451550801594,23.568195343017575,21.55651573930956,23.92517791475569,2004,Lord Howe Island Marine Park,1
Neoglyphidodon polyacanthus,-31.55,159.06,2014,2,20,10,10,-32_159,21.248451550801594,23.568195343017575,21.55651573930956,23.92517791475569,2004,Lord Howe Island Marine Park,1
Neoglyphidodon polyacanthus,-31.55,159.06,2014,2,20,12.5,5,-32_159,21.248451550801594,23.568195343017575,21.55651573930956,23.92517791475569,2004,Lord Howe Island Marine Park,1
Neoglyphidodon polyacanthus,-31.55,159.06,2014,2,20,5,20,-32_159,21.248451550801594,23.568195343017575,21.55651573930956,23.92517791475569,2004,Lord Howe Island Marine Park,1
Neoglyphidodon polyacanthus,-31.55,159.06,2014,2,20,7.5,10,-32_159,21.248451550801594,23.568195343017575,21.55651573930956,23.92517791475569,2004,Lord Howe Island Marine Park,1
Neoglyphidodon polyacanthus,-31.54,159.07,2014,2,24,5,10,-32_159,21.248451550801594,23.568195343017575,21.55651573930956,23.92517791475569,2004,Lord Howe Island Marine Park,1
Neoglyphidodon polyacanthus,-31.54,159.07,2014,2,24,7.5,40,-32_159,21.248451550801594,23.568195343017575,21.55651573930956,23.92517791475569,2004,Lord Howe Island Marine Park,1
Neoglyphidodon polyacanthus,-31.54,159.07,2014,2,24,10,15,-32_159,21.248451550801594,23.568195343017575,21.55651573930956,23.92517791475569,2004,Lord Howe Island Marine Park,1
Neoglyphidodon polyacanthus,-31.54,159.07,2014,2,24,5,20,-32_159,21.248451550801594,23.568195343017575,21.55651573930956,23.92517791475569,2004,Lord Howe Island Marine Park,1
Neoglyphidodon polyacanthus,-31.54,159.07,2014,2,24,7.5,50,-32_159,21.248451550801594,23.568195343017575,21.55651573930956,23.92517791475569,2004,Lord Howe Island Marine Park,1
Neoglyphidodon polyacanthus,-31.54,159.07,2014,2,24,10,7,-32_159,21.248451550801594,23.568195343017575,21.55651573930956,23.92517791475569,2004,Lord Howe Island Marine Park,1
Neoglyphidodon polyacanthus,-31.53,159.05,2014,2,21,2.5,1,-32_159,21.248451550801594,23.568195343017575,21.55651573930956,23.92517791475569,NA,NA,0
Neoglyphidodon polyacanthus,-31.53,159.05,2014,2,21,5,5,-32_159,21.248451550801594,23.568195343017575,21.55651573930956,23.92517791475569,NA,NA,0
Neoglyphidodon polyacanthus,-31.53,159.05,2014,2,21,7.5,10,-32_159,21.248451550801594,23.568195343017575,21.55651573930956,23.92517791475569,NA,NA,0
Neoglyphidodon polyacanthus,-31.53,159.05,2014,2,21,10,12,-32_159,21.248451550801594,23.568195343017575,21.55651573930956,23.92517791475569,NA,NA,0
Neoglyphidodon polyacanthus,-31.53,159.05,2014,2,21,12.5,1,-32_159,21.248451550801594,23.568195343017575,21.55651573930956,23.92517791475569,NA,NA,0
Neoglyphidodon polyacanthus,-31.53,159.05,2014,2,21,5,10,-32_159,21.248451550801594,23.568195343017575,21.55651573930956,23.92517791475569,NA,NA,0
Neoglyphidodon polyacanthus,-31.53,159.05,2014,2,21,7.5,20,-32_159,21.248451550801594,23.568195343017575,21.55651573930956,23.92517791475569,NA,NA,0
Neoglyphidodon polyacanthus,-31.53,159.05,2014,2,21,10,5,-32_159,21.248451550801594,23.568195343017575,21.55651573930956,23.92517791475569,NA,NA,0
Neoglyphidodon polyacanthus,-31.54,159.11,2014,2,19,7.5,2,-32_159,21.248451550801594,23.568195343017575,21.55651573930956,23.92517791475569,NA,NA,0
Neoglyphidodon polyacanthus,-31.54,159.11,2014,2,19,10,2,-32_159,21.248451550801594,23.568195343017575,21.55651573930956,23.92517791475569,NA,NA,0
Neoglyphidodon polyacanthus,-31.52,159.05,2014,2,16,2.5,5,-32_159,21.248451550801594,23.568195343017575,21.55651573930956,23.92517791475569,2004,Lord Howe Island Marine Park,1
Neoglyphidodon polyacanthus,-31.52,159.05,2014,2,16,5,8,-32_159,21.248451550801594,23.568195343017575,21.55651573930956,23.92517791475569,2004,Lord Howe Island Marine Park,1
Neoglyphidodon polyacanthus,-31.52,159.05,2014,2,16,7.5,20,-32_159,21.248451550801594,23.568195343017575,21.55651573930956,23.92517791475569,2004,Lord Howe Island Marine Park,1
Neoglyphidodon polyacanthus,-31.52,159.05,2014,2,16,10,25,-32_159,21.248451550801594,23.568195343017575,21.55651573930956,23.92517791475569,2004,Lord Howe Island Marine Park,1
Neoglyphidodon polyacanthus,-31.52,159.05,2014,2,16,2.5,7,-32_159,21.248451550801594,23.568195343017575,21.55651573930956,23.92517791475569,2004,Lord Howe Island Marine Park,1
Neoglyphidodon polyacanthus,-31.52,159.05,2014,2,16,5,5,-32_159,21.248451550801594,23.568195343017575,21.55651573930956,23.92517791475569,2004,Lord Howe Island Marine Park,1
Neoglyphidodon polyacanthus,-31.52,159.05,2014,2,16,7.5,25,-32_159,21.248451550801594,23.568195343017575,21.55651573930956,23.92517791475569,2004,Lord Howe Island Marine Park,1
Neoglyphidodon polyacanthus,-31.53,159.05,2014,2,19,7.5,5,-32_159,21.248451550801594,23.568195343017575,21.55651573930956,23.92517791475569,NA,NA,0
Neoglyphidodon polyacanthus,-31.53,159.05,2014,2,19,10,7,-32_159,21.248451550801594,23.568195343017575,21.55651573930956,23.92517791475569,NA,NA,0
Neoglyphidodon polyacanthus,-31.53,159.05,2014,2,19,7.5,7,-32_159,21.248451550801594,23.568195343017575,21.55651573930956,23.92517791475569,NA,NA,0
Neoglyphidodon polyacanthus,-31.53,159.05,2014,2,19,10,3,-32_159,21.248451550801594,23.568195343017575,21.55651573930956,23.92517791475569,NA,NA,0
Neoglyphidodon polyacanthus,-31.53,159.05,2014,2,19,12.5,2,-32_159,21.248451550801594,23.568195343017575,21.55651573930956,23.92517791475569,NA,NA,0
Neoglyphidodon polyacanthus,-31.52,159.04,2016,2,15,5,2,-32_159,21.566373189290363,24.46283721923828,21.899912831627415,24.36379255097488,NA,NA,0
Neoglyphidodon polyacanthus,-31.52,159.04,2016,2,15,7.5,2,-32_159,21.566373189290363,24.46283721923828,21.899912831627415,24.36379255097488,NA,NA,0
Neoglyphidodon polyacanthus,-31.52,159.04,2016,2,15,10,1,-32_159,21.566373189290363,24.46283721923828,21.899912831627415,24.36379255097488,NA,NA,0
Neoglyphidodon polyacanthus,-31.52,159.04,2016,2,15,5,20,-32_159,21.566373189290363,24.46283721923828,21.899912831627415,24.36379255097488,2004,Lord Howe Island Marine Park,1
Neoglyphidodon polyacanthus,-31.52,159.04,2016,2,15,7.5,2,-32_159,21.566373189290363,24.46283721923828,21.899912831627415,24.36379255097488,2004,Lord Howe Island Marine Park,1
Neoglyphidodon polyacanthus,-31.52,159.04,2016,2,15,10,2,-32_159,21.566373189290363,24.46283721923828,21.899912831627415,24.36379255097488,2004,Lord Howe Island Marine Park,1
Neoglyphidodon polyacanthus,-31.52,159.04,2016,2,15,12.5,2,-32_159,21.566373189290363,24.46283721923828,21.899912831627415,24.36379255097488,2004,Lord Howe Island Marine Park,1
Neoglyphidodon polyacanthus,-31.52,159.04,2016,2,15,5,2,-32_159,21.566373189290363,24.46283721923828,21.899912831627415,24.36379255097488,2004,Lord Howe Island Marine Park,1
Neoglyphidodon polyacanthus,-31.52,159.04,2016,2,15,7.5,4,-32_159,21.566373189290363,24.46283721923828,21.899912831627415,24.36379255097488,2004,Lord Howe Island Marine Park,1
Neoglyphidodon polyacanthus,-31.52,159.04,2016,2,15,10,3,-32_159,21.566373189290363,24.46283721923828,21.899912831627415,24.36379255097488,2004,Lord Howe Island Marine Park,1
Neoglyphidodon polyacanthus,-31.52,159.04,2016,2,15,5,2,-32_159,21.566373189290363,24.46283721923828,21.899912831627415,24.36379255097488,2004,Lord Howe Island Marine Park,1
Neoglyphidodon polyacanthus,-31.52,159.04,2016,2,15,7.5,2,-32_159,21.566373189290363,24.46283721923828,21.899912831627415,24.36379255097488,2004,Lord Howe Island Marine Park,1
Neoglyphidodon polyacanthus,-31.52,159.04,2016,2,15,10,1,-32_159,21.566373189290363,24.46283721923828,21.899912831627415,24.36379255097488,2004,Lord Howe Island Marine Park,1
Neoglyphidodon polyacanthus,-31.56,159.07,2016,2,16,7.5,2,-32_159,21.566373189290363,24.46283721923828,21.899912831627415,24.36379255097488,NA,NA,0
Neoglyphidodon polyacanthus,-31.56,159.07,2016,2,16,10,4,-32_159,21.566373189290363,24.46283721923828,21.899912831627415,24.36379255097488,NA,NA,0
Neoglyphidodon polyacanthus,-31.56,159.07,2016,2,16,12.5,12,-32_159,21.566373189290363,24.46283721923828,21.899912831627415,24.36379255097488,NA,NA,0
Neoglyphidodon polyacanthus,-31.56,159.07,2016,2,16,15,3,-32_159,21.566373189290363,24.46283721923828,21.899912831627415,24.36379255097488,NA,NA,0
Neoglyphidodon polyacanthus,-31.56,159.07,2016,2,16,10,6,-32_159,21.566373189290363,24.46283721923828,21.899912831627415,24.36379255097488,NA,NA,0
Neoglyphidodon polyacanthus,-31.56,159.07,2016,2,16,12.5,10,-32_159,21.566373189290363,24.46283721923828,21.899912831627415,24.36379255097488,NA,NA,0
Neoglyphidodon polyacanthus,-31.56,159.07,2016,2,16,15,1,-32_159,21.566373189290363,24.46283721923828,21.899912831627415,24.36379255097488,NA,NA,0
Neoglyphidodon polyacanthus,-31.57,159.07,2016,2,16,5,1,-32_159,21.566373189290363,24.46283721923828,21.899912831627415,24.36379255097488,NA,NA,0
Neoglyphidodon polyacanthus,-31.57,159.07,2016,2,16,7.5,4,-32_159,21.566373189290363,24.46283721923828,21.899912831627415,24.36379255097488,NA,NA,0
Neoglyphidodon polyacanthus,-31.57,159.07,2016,2,16,10,4,-32_159,21.566373189290363,24.46283721923828,21.899912831627415,24.36379255097488,NA,NA,0
Neoglyphidodon polyacanthus,-31.57,159.07,2016,2,16,12.5,7,-32_159,21.566373189290363,24.46283721923828,21.899912831627415,24.36379255097488,NA,NA,0
Neoglyphidodon polyacanthus,-31.57,159.07,2016,2,16,7.5,1,-32_159,21.566373189290363,24.46283721923828,21.899912831627415,24.36379255097488,NA,NA,0
Neoglyphidodon polyacanthus,-31.57,159.07,2016,2,16,10,2,-32_159,21.566373189290363,24.46283721923828,21.899912831627415,24.36379255097488,NA,NA,0
Neoglyphidodon polyacanthus,-31.56,159.07,2016,2,16,5,3,-32_159,21.566373189290363,24.46283721923828,21.899912831627415,24.36379255097488,NA,NA,0
Neoglyphidodon polyacanthus,-31.56,159.07,2016,2,16,7.5,6,-32_159,21.566373189290363,24.46283721923828,21.899912831627415,24.36379255097488,NA,NA,0
Neoglyphidodon polyacanthus,-31.56,159.07,2016,2,16,10,6,-32_159,21.566373189290363,24.46283721923828,21.899912831627415,24.36379255097488,NA,NA,0
Neoglyphidodon polyacanthus,-31.56,159.07,2016,2,16,12.5,1,-32_159,21.566373189290363,24.46283721923828,21.899912831627415,24.36379255097488,NA,NA,0
Neoglyphidodon polyacanthus,-31.56,159.07,2016,2,16,5,5,-32_159,21.566373189290363,24.46283721923828,21.899912831627415,24.36379255097488,NA,NA,0
Neoglyphidodon polyacanthus,-31.56,159.07,2016,2,16,7.5,9,-32_159,21.566373189290363,24.46283721923828,21.899912831627415,24.36379255097488,NA,NA,0
Neoglyphidodon polyacanthus,-31.56,159.07,2016,2,16,10,4,-32_159,21.566373189290363,24.46283721923828,21.899912831627415,24.36379255097488,NA,NA,0
Neoglyphidodon polyacanthus,-31.51,159.05,2016,2,17,5,2,-32_159,21.566373189290363,24.46283721923828,21.899912831627415,24.36379255097488,2004,Lord Howe Island Marine Park,1
Neoglyphidodon polyacanthus,-31.51,159.05,2016,2,17,7.5,3,-32_159,21.566373189290363,24.46283721923828,21.899912831627415,24.36379255097488,2004,Lord Howe Island Marine Park,1
Neoglyphidodon polyacanthus,-31.51,159.05,2016,2,17,10,1,-32_159,21.566373189290363,24.46283721923828,21.899912831627415,24.36379255097488,2004,Lord Howe Island Marine Park,1
Neoglyphidodon polyacanthus,-31.51,159.05,2016,2,17,12.5,2,-32_159,21.566373189290363,24.46283721923828,21.899912831627415,24.36379255097488,2004,Lord Howe Island Marine Park,1
Neoglyphidodon polyacanthus,-31.51,159.05,2016,2,17,15,2,-32_159,21.566373189290363,24.46283721923828,21.899912831627415,24.36379255097488,2004,Lord Howe Island Marine Park,1
Neoglyphidodon polyacanthus,-31.51,159.05,2016,2,17,20,1,-32_159,21.566373189290363,24.46283721923828,21.899912831627415,24.36379255097488,2004,Lord Howe Island Marine Park,1
Neoglyphidodon polyacanthus,-31.51,159.05,2016,2,17,10,3,-32_159,21.566373189290363,24.46283721923828,21.899912831627415,24.36379255097488,2004,Lord Howe Island Marine Park,1
Neoglyphidodon polyacanthus,-31.51,159.05,2016,2,17,7.5,1,-32_159,21.566373189290363,24.46283721923828,21.899912831627415,24.36379255097488,2004,Lord Howe Island Marine Park,1
Neoglyphidodon polyacanthus,-31.51,159.04,2016,2,17,7.5,1,-32_159,21.566373189290363,24.46283721923828,21.899912831627415,24.36379255097488,NA,NA,0
Neoglyphidodon polyacanthus,-31.51,159.04,2016,2,17,10,2,-32_159,21.566373189290363,24.46283721923828,21.899912831627415,24.36379255097488,NA,NA,0
Neoglyphidodon polyacanthus,-31.54,159.07,2016,2,18,5,3,-32_159,21.566373189290363,24.46283721923828,21.899912831627415,24.36379255097488,2004,Lord Howe Island Marine Park,1
Neoglyphidodon polyacanthus,-31.54,159.07,2016,2,18,7.5,9,-32_159,21.566373189290363,24.46283721923828,21.899912831627415,24.36379255097488,2004,Lord Howe Island Marine Park,1
Neoglyphidodon polyacanthus,-31.54,159.07,2016,2,18,10,5,-32_159,21.566373189290363,24.46283721923828,21.899912831627415,24.36379255097488,2004,Lord Howe Island Marine Park,1
Neoglyphidodon polyacanthus,-31.54,159.07,2016,2,18,12.5,7,-32_159,21.566373189290363,24.46283721923828,21.899912831627415,24.36379255097488,2004,Lord Howe Island Marine Park,1
Neoglyphidodon polyacanthus,-31.54,159.07,2016,2,18,15,3,-32_159,21.566373189290363,24.46283721923828,21.899912831627415,24.36379255097488,2004,Lord Howe Island Marine Park,1
Neoglyphidodon polyacanthus,-31.54,159.07,2016,2,18,7.5,32,-32_159,21.566373189290363,24.46283721923828,21.899912831627415,24.36379255097488,2004,Lord Howe Island Marine Park,1
Neoglyphidodon polyacanthus,-31.54,159.07,2016,2,18,10,68,-32_159,21.566373189290363,24.46283721923828,21.899912831627415,24.36379255097488,2004,Lord Howe Island Marine Park,1
Neoglyphidodon polyacanthus,-31.54,159.07,2016,2,18,12.5,10,-32_159,21.566373189290363,24.46283721923828,21.899912831627415,24.36379255097488,2004,Lord Howe Island Marine Park,1
Neoglyphidodon polyacanthus,-31.54,159.07,2016,2,18,5,2,-32_159,21.566373189290363,24.46283721923828,21.899912831627415,24.36379255097488,2004,Lord Howe Island Marine Park,1
Neoglyphidodon polyacanthus,-31.54,159.07,2016,2,18,7.5,4,-32_159,21.566373189290363,24.46283721923828,21.899912831627415,24.36379255097488,2004,Lord Howe Island Marine Park,1
Neoglyphidodon polyacanthus,-31.54,159.07,2016,2,18,10,13,-32_159,21.566373189290363,24.46283721923828,21.899912831627415,24.36379255097488,2004,Lord Howe Island Marine Park,1
Neoglyphidodon polyacanthus,-31.54,159.07,2016,2,18,12.5,3,-32_159,21.566373189290363,24.46283721923828,21.899912831627415,24.36379255097488,2004,Lord Howe Island Marine Park,1
Neoglyphidodon polyacanthus,-31.54,159.07,2016,2,18,7.5,2,-32_159,21.566373189290363,24.46283721923828,21.899912831627415,24.36379255097488,2004,Lord Howe Island Marine Park,1
Neoglyphidodon polyacanthus,-31.54,159.07,2016,2,18,10,14,-32_159,21.566373189290363,24.46283721923828,21.899912831627415,24.36379255097488,2004,Lord Howe Island Marine Park,1
Neoglyphidodon polyacanthus,-31.52,159.05,2016,2,19,5,38,-32_159,21.566373189290363,24.46283721923828,21.899912831627415,24.36379255097488,2004,Lord Howe Island Marine Park,1
Neoglyphidodon polyacanthus,-31.52,159.05,2016,2,19,7.5,63,-32_159,21.566373189290363,24.46283721923828,21.899912831627415,24.36379255097488,2004,Lord Howe Island Marine Park,1
Neoglyphidodon polyacanthus,-31.52,159.05,2016,2,19,10,49,-32_159,21.566373189290363,24.46283721923828,21.899912831627415,24.36379255097488,2004,Lord Howe Island Marine Park,1
Neoglyphidodon polyacanthus,-31.52,159.05,2016,2,19,12.5,14,-32_159,21.566373189290363,24.46283721923828,21.899912831627415,24.36379255097488,2004,Lord Howe Island Marine Park,1
Neoglyphidodon polyacanthus,-31.52,159.05,2016,2,19,5,8,-32_159,21.566373189290363,24.46283721923828,21.899912831627415,24.36379255097488,2004,Lord Howe Island Marine Park,1
Neoglyphidodon polyacanthus,-31.52,159.05,2016,2,19,7.5,57,-32_159,21.566373189290363,24.46283721923828,21.899912831627415,24.36379255097488,2004,Lord Howe Island Marine Park,1
Neoglyphidodon polyacanthus,-31.52,159.05,2016,2,19,10,20,-32_159,21.566373189290363,24.46283721923828,21.899912831627415,24.36379255097488,2004,Lord Howe Island Marine Park,1
Neoglyphidodon polyacanthus,-31.52,159.05,2016,2,19,12.5,3,-32_159,21.566373189290363,24.46283721923828,21.899912831627415,24.36379255097488,2004,Lord Howe Island Marine Park,1
Neoglyphidodon polyacanthus,-31.54,159.06,2016,2,19,5,20,-32_159,21.566373189290363,24.46283721923828,21.899912831627415,24.36379255097488,2004,Lord Howe Island Marine Park,1
Neoglyphidodon polyacanthus,-31.54,159.06,2016,2,19,7.5,20,-32_159,21.566373189290363,24.46283721923828,21.899912831627415,24.36379255097488,2004,Lord Howe Island Marine Park,1
Neoglyphidodon polyacanthus,-31.54,159.06,2016,2,19,10,20,-32_159,21.566373189290363,24.46283721923828,21.899912831627415,24.36379255097488,2004,Lord Howe Island Marine Park,1
Neoglyphidodon polyacanthus,-31.53,159.05,2016,2,21,7.5,3,-32_159,21.566373189290363,24.46283721923828,21.899912831627415,24.36379255097488,NA,NA,0
Neoglyphidodon polyacanthus,-31.53,159.05,2016,2,21,10,5,-32_159,21.566373189290363,24.46283721923828,21.899912831627415,24.36379255097488,NA,NA,0
Neoglyphidodon polyacanthus,-31.53,159.05,2016,2,21,12.5,4,-32_159,21.566373189290363,24.46283721923828,21.899912831627415,24.36379255097488,NA,NA,0
Neoglyphidodon polyacanthus,-31.53,159.05,2016,2,21,15,3,-32_159,21.566373189290363,24.46283721923828,21.899912831627415,24.36379255097488,NA,NA,0
Neoglyphidodon polyacanthus,-31.53,159.05,2016,2,21,5,1,-32_159,21.566373189290363,24.46283721923828,21.899912831627415,24.36379255097488,NA,NA,0
Neoglyphidodon polyacanthus,-31.53,159.05,2016,2,21,7.5,5,-32_159,21.566373189290363,24.46283721923828,21.899912831627415,24.36379255097488,NA,NA,0
Neoglyphidodon polyacanthus,-31.53,159.05,2016,2,21,10,3,-32_159,21.566373189290363,24.46283721923828,21.899912831627415,24.36379255097488,NA,NA,0
Neoglyphidodon polyacanthus,-31.53,159.05,2016,2,21,12.5,3,-32_159,21.566373189290363,24.46283721923828,21.899912831627415,24.36379255097488,NA,NA,0
Neoglyphidodon polyacanthus,-31.53,159.05,2016,2,21,15,4,-32_159,21.566373189290363,24.46283721923828,21.899912831627415,24.36379255097488,NA,NA,0
Neoglyphidodon polyacanthus,-31.52,159.04,2016,2,15,5,4,-32_159,21.566373189290363,24.46283721923828,21.899912831627415,24.36379255097488,NA,NA,0
Neoglyphidodon polyacanthus,-31.52,159.04,2016,2,15,7.5,7,-32_159,21.566373189290363,24.46283721923828,21.899912831627415,24.36379255097488,NA,NA,0
Neoglyphidodon polyacanthus,-31.52,159.04,2016,2,15,10,4,-32_159,21.566373189290363,24.46283721923828,21.899912831627415,24.36379255097488,NA,NA,0
Neoglyphidodon polyacanthus,-31.56,159.07,2016,2,16,5,2,-32_159,21.566373189290363,24.46283721923828,21.899912831627415,24.36379255097488,NA,NA,0
Neoglyphidodon polyacanthus,-31.56,159.07,2016,2,16,7.5,10,-32_159,21.566373189290363,24.46283721923828,21.899912831627415,24.36379255097488,NA,NA,0
Neoglyphidodon polyacanthus,-31.56,159.07,2016,2,16,10,5,-32_159,21.566373189290363,24.46283721923828,21.899912831627415,24.36379255097488,NA,NA,0
Neoglyphidodon polyacanthus,-31.57,159.07,2016,2,16,10,5,-32_159,21.566373189290363,24.46283721923828,21.899912831627415,24.36379255097488,NA,NA,0
Neoglyphidodon polyacanthus,-31.57,159.07,2016,2,16,12.5,2,-32_159,21.566373189290363,24.46283721923828,21.899912831627415,24.36379255097488,NA,NA,0
Neoglyphidodon polyacanthus,-31.57,159.07,2016,2,16,5,9,-32_159,21.566373189290363,24.46283721923828,21.899912831627415,24.36379255097488,NA,NA,0
Neoglyphidodon polyacanthus,-31.57,159.07,2016,2,16,7.5,5,-32_159,21.566373189290363,24.46283721923828,21.899912831627415,24.36379255097488,NA,NA,0
Neoglyphidodon polyacanthus,-31.58,159.07,2016,2,16,5,2,-32_159,21.566373189290363,24.46283721923828,21.899912831627415,24.36379255097488,NA,NA,0
Neoglyphidodon polyacanthus,-31.58,159.07,2016,2,16,7.5,2,-32_159,21.566373189290363,24.46283721923828,21.899912831627415,24.36379255097488,NA,NA,0
Neoglyphidodon polyacanthus,-31.58,159.07,2016,2,16,10,2,-32_159,21.566373189290363,24.46283721923828,21.899912831627415,24.36379255097488,NA,NA,0
Neoglyphidodon polyacanthus,-31.58,159.07,2016,2,16,12.5,2,-32_159,21.566373189290363,24.46283721923828,21.899912831627415,24.36379255097488,NA,NA,0
Neoglyphidodon polyacanthus,-31.58,159.07,2016,2,16,7.5,3,-32_159,21.566373189290363,24.46283721923828,21.899912831627415,24.36379255097488,NA,NA,0
Neoglyphidodon polyacanthus,-31.58,159.07,2016,2,16,10,3,-32_159,21.566373189290363,24.46283721923828,21.899912831627415,24.36379255097488,NA,NA,0
Neoglyphidodon polyacanthus,-31.58,159.07,2016,2,16,12.5,1,-32_159,21.566373189290363,24.46283721923828,21.899912831627415,24.36379255097488,NA,NA,0
Neoglyphidodon polyacanthus,-31.53,159.05,2016,2,22,7.5,5,-32_159,21.566373189290363,24.46283721923828,21.899912831627415,24.36379255097488,NA,NA,0
Neoglyphidodon polyacanthus,-31.53,159.05,2016,2,22,10,5,-32_159,21.566373189290363,24.46283721923828,21.899912831627415,24.36379255097488,NA,NA,0
Neoglyphidodon polyacanthus,-31.55,159.06,2016,2,23,7.5,150,-32_159,21.566373189290363,24.46283721923828,21.899912831627415,24.36379255097488,2004,Lord Howe Island Marine Park,1
Neoglyphidodon polyacanthus,-31.55,159.06,2016,2,23,10,102,-32_159,21.566373189290363,24.46283721923828,21.899912831627415,24.36379255097488,2004,Lord Howe Island Marine Park,1
Neoglyphidodon polyacanthus,-31.55,159.07,2016,2,16,10,2,-32_159,21.566373189290363,24.46283721923828,21.899912831627415,24.36379255097488,NA,NA,0
Neoglyphidodon polyacanthus,-31.55,159.07,2016,2,16,12.5,19,-32_159,21.566373189290363,24.46283721923828,21.899912831627415,24.36379255097488,NA,NA,0
Neoglyphidodon polyacanthus,-31.55,159.06,2016,2,23,7.5,10,-32_159,21.566373189290363,24.46283721923828,21.899912831627415,24.36379255097488,2004,Lord Howe Island Marine Park,1
Neoglyphidodon polyacanthus,-31.55,159.06,2016,2,23,10,10,-32_159,21.566373189290363,24.46283721923828,21.899912831627415,24.36379255097488,2004,Lord Howe Island Marine Park,1
Neoglyphidodon polyacanthus,-31.55,159.06,2016,2,23,7.5,45,-32_159,21.566373189290363,24.46283721923828,21.899912831627415,24.36379255097488,2004,Lord Howe Island Marine Park,1
Neoglyphidodon polyacanthus,-31.55,159.06,2016,2,23,10,55,-32_159,21.566373189290363,24.46283721923828,21.899912831627415,24.36379255097488,2004,Lord Howe Island Marine Park,1
Neoglyphidodon polyacanthus,-31.55,159.06,2016,2,23,12.5,15,-32_159,21.566373189290363,24.46283721923828,21.899912831627415,24.36379255097488,2004,Lord Howe Island Marine Park,1
Neoglyphidodon polyacanthus,-31.55,159.06,2016,2,23,10,10,-32_159,21.566373189290363,24.46283721923828,21.899912831627415,24.36379255097488,2004,Lord Howe Island Marine Park,1
Neoglyphidodon polyacanthus,-31.55,159.06,2016,2,23,12.5,10,-32_159,21.566373189290363,24.46283721923828,21.899912831627415,24.36379255097488,2004,Lord Howe Island Marine Park,1
Neoglyphidodon polyacanthus,-31.55,159.06,2016,2,23,15,10,-32_159,21.566373189290363,24.46283721923828,21.899912831627415,24.36379255097488,2004,Lord Howe Island Marine Park,1
Neoglyphidodon polyacanthus,-31.55,159.07,2016,2,16,5,5,-32_159,21.566373189290363,24.46283721923828,21.899912831627415,24.36379255097488,NA,NA,0
Neoglyphidodon polyacanthus,-31.55,159.07,2016,2,16,7.5,3,-32_159,21.566373189290363,24.46283721923828,21.899912831627415,24.36379255097488,NA,NA,0
Neoglyphidodon polyacanthus,-31.55,159.06,2016,2,23,10,8,-32_159,21.566373189290363,24.46283721923828,21.899912831627415,24.36379255097488,2004,Lord Howe Island Marine Park,1
Neoglyphidodon polyacanthus,-31.55,159.06,2016,2,23,12.5,10,-32_159,21.566373189290363,24.46283721923828,21.899912831627415,24.36379255097488,2004,Lord Howe Island Marine Park,1
Neoglyphidodon polyacanthus,-31.55,159.07,2016,2,16,10,4,-32_159,21.566373189290363,24.46283721923828,21.899912831627415,24.36379255097488,NA,NA,0
Neoglyphidodon polyacanthus,-31.55,159.06,2016,2,23,10,5,-32_159,21.566373189290363,24.46283721923828,21.899912831627415,24.36379255097488,2004,Lord Howe Island Marine Park,1
Neoglyphidodon polyacanthus,-31.55,159.06,2016,2,23,12.5,5,-32_159,21.566373189290363,24.46283721923828,21.899912831627415,24.36379255097488,2004,Lord Howe Island Marine Park,1
Neoglyphidodon polyacanthus,-31.52,159.07,2016,2,24,7.5,2,-32_159,21.566373189290363,24.46283721923828,21.899912831627415,24.36379255097488,2004,Lord Howe Island Marine Park,1
Neoglyphidodon polyacanthus,-31.52,159.07,2016,2,24,10,6,-32_159,21.566373189290363,24.46283721923828,21.899912831627415,24.36379255097488,2004,Lord Howe Island Marine Park,1
Neoglyphidodon polyacanthus,-31.52,159.07,2016,2,24,12.5,3,-32_159,21.566373189290363,24.46283721923828,21.899912831627415,24.36379255097488,2004,Lord Howe Island Marine Park,1
Neoglyphidodon polyacanthus,-31.51,159.05,2016,2,17,12.5,1,-32_159,21.566373189290363,24.46283721923828,21.899912831627415,24.36379255097488,2004,Lord Howe Island Marine Park,1
Neoglyphidodon polyacanthus,-31.51,159.05,2016,2,17,15,1,-32_159,21.566373189290363,24.46283721923828,21.899912831627415,24.36379255097488,2004,Lord Howe Island Marine Park,1
Neoglyphidodon polyacanthus,-31.55,159.07,2016,2,16,10,7,-32_159,21.566373189290363,24.46283721923828,21.899912831627415,24.36379255097488,NA,NA,0
Neoglyphidodon polyacanthus,-31.55,159.07,2016,2,16,12.5,15,-32_159,21.566373189290363,24.46283721923828,21.899912831627415,24.36379255097488,NA,NA,0
Neoglyphidodon polyacanthus,-31.51,159.04,2016,2,17,12.5,5,-32_159,21.566373189290363,24.46283721923828,21.899912831627415,24.36379255097488,NA,NA,0
Neoglyphidodon polyacanthus,-31.51,159.04,2016,2,17,15,5,-32_159,21.566373189290363,24.46283721923828,21.899912831627415,24.36379255097488,NA,NA,0
Neoglyphidodon polyacanthus,-31.51,159.04,2016,2,17,20,2,-32_159,21.566373189290363,24.46283721923828,21.899912831627415,24.36379255097488,NA,NA,0
Neoglyphidodon polyacanthus,-31.51,159.04,2016,2,17,12.5,1,-32_159,21.566373189290363,24.46283721923828,21.899912831627415,24.36379255097488,NA,NA,0
Neoglyphidodon polyacanthus,-31.51,159.04,2016,2,17,15,2,-32_159,21.566373189290363,24.46283721923828,21.899912831627415,24.36379255097488,NA,NA,0
Neoglyphidodon polyacanthus,-31.53,159.06,2016,2,18,2.5,5,-32_159,21.566373189290363,24.46283721923828,21.899912831627415,24.36379255097488,NA,NA,0
Neoglyphidodon polyacanthus,-31.53,159.06,2016,2,18,5,3,-32_159,21.566373189290363,24.46283721923828,21.899912831627415,24.36379255097488,NA,NA,0
Neoglyphidodon polyacanthus,-31.53,159.06,2016,2,18,7.5,4,-32_159,21.566373189290363,24.46283721923828,21.899912831627415,24.36379255097488,NA,NA,0
Neoglyphidodon polyacanthus,-31.53,159.06,2016,2,18,10,4,-32_159,21.566373189290363,24.46283721923828,21.899912831627415,24.36379255097488,NA,NA,0
Neoglyphidodon polyacanthus,-31.53,159.06,2016,2,18,12.5,5,-32_159,21.566373189290363,24.46283721923828,21.899912831627415,24.36379255097488,NA,NA,0
Neoglyphidodon polyacanthus,-31.53,159.06,2016,2,18,15,5,-32_159,21.566373189290363,24.46283721923828,21.899912831627415,24.36379255097488,NA,NA,0
Neoglyphidodon polyacanthus,-31.53,159.06,2016,2,18,7.5,5,-32_159,21.566373189290363,24.46283721923828,21.899912831627415,24.36379255097488,NA,NA,0
Neoglyphidodon polyacanthus,-31.53,159.06,2016,2,18,10,5,-32_159,21.566373189290363,24.46283721923828,21.899912831627415,24.36379255097488,NA,NA,0
Neoglyphidodon polyacanthus,-31.53,159.06,2016,2,18,7.5,6,-32_159,21.566373189290363,24.46283721923828,21.899912831627415,24.36379255097488,NA,NA,0
Neoglyphidodon polyacanthus,-31.53,159.06,2016,2,18,10,7,-32_159,21.566373189290363,24.46283721923828,21.899912831627415,24.36379255097488,NA,NA,0
Neoglyphidodon polyacanthus,-31.53,159.06,2016,2,18,12.5,10,-32_159,21.566373189290363,24.46283721923828,21.899912831627415,24.36379255097488,NA,NA,0
Neoglyphidodon polyacanthus,-31.53,159.06,2016,2,18,15,9,-32_159,21.566373189290363,24.46283721923828,21.899912831627415,24.36379255097488,NA,NA,0
Neoglyphidodon polyacanthus,-31.53,159.06,2016,2,18,5,1,-32_159,21.566373189290363,24.46283721923828,21.899912831627415,24.36379255097488,NA,NA,0
Neoglyphidodon polyacanthus,-31.53,159.06,2016,2,18,7.5,2,-32_159,21.566373189290363,24.46283721923828,21.899912831627415,24.36379255097488,NA,NA,0
Neoglyphidodon polyacanthus,-31.53,159.06,2016,2,18,10,10,-32_159,21.566373189290363,24.46283721923828,21.899912831627415,24.36379255097488,NA,NA,0
Neoglyphidodon polyacanthus,-31.55,159.07,2016,2,16,5,10,-32_159,21.566373189290363,24.46283721923828,21.899912831627415,24.36379255097488,NA,NA,0
Neoglyphidodon polyacanthus,-31.55,159.07,2016,2,16,7.5,10,-32_159,21.566373189290363,24.46283721923828,21.899912831627415,24.36379255097488,NA,NA,0
Neoglyphidodon polyacanthus,-31.55,159.07,2016,2,16,10,10,-32_159,21.566373189290363,24.46283721923828,21.899912831627415,24.36379255097488,NA,NA,0
Neoglyphidodon polyacanthus,-31.54,159.07,2016,2,18,12.5,25,-32_159,21.566373189290363,24.46283721923828,21.899912831627415,24.36379255097488,2004,Lord Howe Island Marine Park,1
Neoglyphidodon polyacanthus,-31.54,159.07,2016,2,18,15,25,-32_159,21.566373189290363,24.46283721923828,21.899912831627415,24.36379255097488,2004,Lord Howe Island Marine Park,1
Neoglyphidodon polyacanthus,-31.54,159.07,2016,2,18,12.5,10,-32_159,21.566373189290363,24.46283721923828,21.899912831627415,24.36379255097488,2004,Lord Howe Island Marine Park,1
Neoglyphidodon polyacanthus,-31.54,159.07,2016,2,18,15,15,-32_159,21.566373189290363,24.46283721923828,21.899912831627415,24.36379255097488,2004,Lord Howe Island Marine Park,1
Neoglyphidodon polyacanthus,-31.52,159.05,2016,2,19,2.5,5,-32_159,21.566373189290363,24.46283721923828,21.899912831627415,24.36379255097488,2004,Lord Howe Island Marine Park,1
Neoglyphidodon polyacanthus,-31.52,159.05,2016,2,19,5,5,-32_159,21.566373189290363,24.46283721923828,21.899912831627415,24.36379255097488,2004,Lord Howe Island Marine Park,1
Neoglyphidodon polyacanthus,-31.52,159.05,2016,2,19,7.5,10,-32_159,21.566373189290363,24.46283721923828,21.899912831627415,24.36379255097488,2004,Lord Howe Island Marine Park,1
Neoglyphidodon polyacanthus,-31.52,159.05,2016,2,19,10,15,-32_159,21.566373189290363,24.46283721923828,21.899912831627415,24.36379255097488,2004,Lord Howe Island Marine Park,1
Neoglyphidodon polyacanthus,-31.52,159.05,2016,2,19,12.5,20,-32_159,21.566373189290363,24.46283721923828,21.899912831627415,24.36379255097488,2004,Lord Howe Island Marine Park,1
Neoglyphidodon polyacanthus,-31.52,159.05,2016,2,19,15,15,-32_159,21.566373189290363,24.46283721923828,21.899912831627415,24.36379255097488,2004,Lord Howe Island Marine Park,1
Neoglyphidodon polyacanthus,-31.52,159.05,2016,2,19,10,20,-32_159,21.566373189290363,24.46283721923828,21.899912831627415,24.36379255097488,2004,Lord Howe Island Marine Park,1
Neoglyphidodon polyacanthus,-31.52,159.05,2016,2,19,15,20,-32_159,21.566373189290363,24.46283721923828,21.899912831627415,24.36379255097488,2004,Lord Howe Island Marine Park,1
Neoglyphidodon polyacanthus,-31.54,159.06,2016,2,19,10,30,-32_159,21.566373189290363,24.46283721923828,21.899912831627415,24.36379255097488,2004,Lord Howe Island Marine Park,1
Neoglyphidodon polyacanthus,-31.54,159.06,2016,2,19,12.5,28,-32_159,21.566373189290363,24.46283721923828,21.899912831627415,24.36379255097488,2004,Lord Howe Island Marine Park,1
Neoglyphidodon polyacanthus,-31.54,159.06,2016,2,19,15,10,-32_159,21.566373189290363,24.46283721923828,21.899912831627415,24.36379255097488,2004,Lord Howe Island Marine Park,1
Neoglyphidodon polyacanthus,-31.54,159.06,2016,2,19,10,53,-32_159,21.566373189290363,24.46283721923828,21.899912831627415,24.36379255097488,2004,Lord Howe Island Marine Park,1
Neoglyphidodon polyacanthus,-31.54,159.06,2016,2,19,12.5,34,-32_159,21.566373189290363,24.46283721923828,21.899912831627415,24.36379255097488,2004,Lord Howe Island Marine Park,1
Neoglyphidodon polyacanthus,-31.54,159.06,2016,2,19,15,13,-32_159,21.566373189290363,24.46283721923828,21.899912831627415,24.36379255097488,2004,Lord Howe Island Marine Park,1
Neoglyphidodon polyacanthus,-31.54,159.06,2016,2,19,2.5,1,-32_159,21.566373189290363,24.46283721923828,21.899912831627415,24.36379255097488,2004,Lord Howe Island Marine Park,1
Neoglyphidodon polyacanthus,-31.54,159.06,2016,2,19,5,3,-32_159,21.566373189290363,24.46283721923828,21.899912831627415,24.36379255097488,2004,Lord Howe Island Marine Park,1
Neoglyphidodon polyacanthus,-31.54,159.06,2016,2,19,7.5,15,-32_159,21.566373189290363,24.46283721923828,21.899912831627415,24.36379255097488,2004,Lord Howe Island Marine Park,1
Neoglyphidodon polyacanthus,-31.52,159.05,2016,2,19,2.5,1,-32_159,21.566373189290363,24.46283721923828,21.899912831627415,24.36379255097488,2004,Lord Howe Island Marine Park,1
Neoglyphidodon polyacanthus,-31.52,159.05,2016,2,19,7.5,1,-32_159,21.566373189290363,24.46283721923828,21.899912831627415,24.36379255097488,2004,Lord Howe Island Marine Park,1
Neoglyphidodon polyacanthus,-31.52,159.05,2016,2,19,10,20,-32_159,21.566373189290363,24.46283721923828,21.899912831627415,24.36379255097488,2004,Lord Howe Island Marine Park,1
Neoglyphidodon polyacanthus,-31.52,159.05,2016,2,19,12.5,20,-32_159,21.566373189290363,24.46283721923828,21.899912831627415,24.36379255097488,2004,Lord Howe Island Marine Park,1
Neoglyphidodon polyacanthus,-31.52,159.05,2016,2,19,15,20,-32_159,21.566373189290363,24.46283721923828,21.899912831627415,24.36379255097488,2004,Lord Howe Island Marine Park,1
Neoglyphidodon polyacanthus,-31.52,159.05,2016,2,19,10,15,-32_159,21.566373189290363,24.46283721923828,21.899912831627415,24.36379255097488,2004,Lord Howe Island Marine Park,1
Neoglyphidodon polyacanthus,-31.52,159.05,2016,2,19,12.5,15,-32_159,21.566373189290363,24.46283721923828,21.899912831627415,24.36379255097488,2004,Lord Howe Island Marine Park,1
Neoglyphidodon polyacanthus,-31.5,159.07,2016,2,20,5,3,-32_159,21.566373189290363,24.46283721923828,21.899912831627415,24.36379255097488,2004,Lord Howe Island Marine Park,1
Neoglyphidodon polyacanthus,-31.5,159.07,2016,2,20,7.5,3,-32_159,21.566373189290363,24.46283721923828,21.899912831627415,24.36379255097488,2004,Lord Howe Island Marine Park,1
Neoglyphidodon polyacanthus,-31.5,159.07,2016,2,20,10,4,-32_159,21.566373189290363,24.46283721923828,21.899912831627415,24.36379255097488,2004,Lord Howe Island Marine Park,1
Neoglyphidodon polyacanthus,-31.5,159.07,2016,2,20,7.5,1,-32_159,21.566373189290363,24.46283721923828,21.899912831627415,24.36379255097488,2004,Lord Howe Island Marine Park,1
Neoglyphidodon polyacanthus,-31.53,159.05,2016,2,21,15,50,-32_159,21.566373189290363,24.46283721923828,21.899912831627415,24.36379255097488,NA,NA,0
Neoglyphidodon polyacanthus,-31.53,159.05,2016,2,21,12.5,20,-32_159,21.566373189290363,24.46283721923828,21.899912831627415,24.36379255097488,NA,NA,0
Neoglyphidodon polyacanthus,-31.53,159.05,2016,2,21,15,20,-32_159,21.566373189290363,24.46283721923828,21.899912831627415,24.36379255097488,NA,NA,0
Neoglyphidodon polyacanthus,-31.53,159.05,2016,2,21,12.5,15,-32_159,21.566373189290363,24.46283721923828,21.899912831627415,24.36379255097488,NA,NA,0
Neoglyphidodon polyacanthus,-31.53,159.05,2016,2,21,15,15,-32_159,21.566373189290363,24.46283721923828,21.899912831627415,24.36379255097488,NA,NA,0
Neoglyphidodon polyacanthus,-31.53,159.05,2016,2,21,12.5,17,-32_159,21.566373189290363,24.46283721923828,21.899912831627415,24.36379255097488,NA,NA,0
Neoglyphidodon polyacanthus,-31.53,159.05,2016,2,21,15,18,-32_159,21.566373189290363,24.46283721923828,21.899912831627415,24.36379255097488,NA,NA,0
Neoglyphidodon polyacanthus,-31.53,159.05,2016,2,21,12.5,15,-32_159,21.566373189290363,24.46283721923828,21.899912831627415,24.36379255097488,NA,NA,0
Neoglyphidodon polyacanthus,-31.53,159.05,2016,2,21,15,15,-32_159,21.566373189290363,24.46283721923828,21.899912831627415,24.36379255097488,NA,NA,0
Neoglyphidodon polyacanthus,-31.53,159.05,2016,2,21,12.5,20,-32_159,21.566373189290363,24.46283721923828,21.899912831627415,24.36379255097488,NA,NA,0
Neoglyphidodon polyacanthus,-31.53,159.05,2016,2,21,15,20,-32_159,21.566373189290363,24.46283721923828,21.899912831627415,24.36379255097488,NA,NA,0
Neoglyphidodon polyacanthus,-31.51,159.06,2016,2,17,2.5,1,-32_159,21.566373189290363,24.46283721923828,21.899912831627415,24.36379255097488,2004,Lord Howe Island Marine Park,1
Neoglyphidodon polyacanthus,-31.51,159.06,2016,2,17,5,1,-32_159,21.566373189290363,24.46283721923828,21.899912831627415,24.36379255097488,2004,Lord Howe Island Marine Park,1
Neoglyphidodon polyacanthus,-31.51,159.06,2016,2,17,7.5,2,-32_159,21.566373189290363,24.46283721923828,21.899912831627415,24.36379255097488,2004,Lord Howe Island Marine Park,1
Neoglyphidodon polyacanthus,-31.51,159.06,2016,2,17,10,3,-32_159,21.566373189290363,24.46283721923828,21.899912831627415,24.36379255097488,2004,Lord Howe Island Marine Park,1
Neoglyphidodon polyacanthus,-31.52,159.04,2016,2,23,10,1,-32_159,21.566373189290363,24.46283721923828,21.899912831627415,24.36379255097488,2004,Lord Howe Island Marine Park,1
Neoglyphidodon polyacanthus,-31.52,159.04,2016,2,15,12.5,1,-32_159,21.566373189290363,24.46283721923828,21.899912831627415,24.36379255097488,NA,NA,0
Neoglyphidodon polyacanthus,-31.52,159.04,2016,2,15,15,1,-32_159,21.566373189290363,24.46283721923828,21.899912831627415,24.36379255097488,NA,NA,0
Neoglyphidodon polyacanthus,-31.52,159.04,2016,2,15,5,5,-32_159,21.566373189290363,24.46283721923828,21.899912831627415,24.36379255097488,NA,NA,0
Neoglyphidodon polyacanthus,-31.52,159.04,2016,2,15,7.5,5,-32_159,21.566373189290363,24.46283721923828,21.899912831627415,24.36379255097488,NA,NA,0
Neoglyphidodon polyacanthus,-31.52,159.04,2016,2,15,7.5,7,-32_159,21.566373189290363,24.46283721923828,21.899912831627415,24.36379255097488,2004,Lord Howe Island Marine Park,1
Neoglyphidodon polyacanthus,-31.52,159.04,2016,2,15,10,1,-32_159,21.566373189290363,24.46283721923828,21.899912831627415,24.36379255097488,2004,Lord Howe Island Marine Park,1
Neoglyphidodon polyacanthus,-31.52,159.04,2016,2,15,7.5,5,-32_159,21.566373189290363,24.46283721923828,21.899912831627415,24.36379255097488,2004,Lord Howe Island Marine Park,1
Neoglyphidodon polyacanthus,-31.51,159.06,2016,2,17,5,3,-32_159,21.566373189290363,24.46283721923828,21.899912831627415,24.36379255097488,2004,Lord Howe Island Marine Park,1
Neoglyphidodon polyacanthus,-31.51,159.06,2016,2,17,12.5,1,-32_159,21.566373189290363,24.46283721923828,21.899912831627415,24.36379255097488,2004,Lord Howe Island Marine Park,1
Neoglyphidodon polyacanthus,-31.54,159.05,2016,2,15,7.5,1,-32_159,21.566373189290363,24.46283721923828,21.899912831627415,24.36379255097488,2004,Lord Howe Island Marine Park,1
Neoglyphidodon polyacanthus,-31.54,159.05,2016,2,15,12.5,2,-32_159,21.566373189290363,24.46283721923828,21.899912831627415,24.36379255097488,2004,Lord Howe Island Marine Park,1
Neoglyphidodon polyacanthus,-31.54,159.05,2016,2,15,7.5,2,-32_159,21.566373189290363,24.46283721923828,21.899912831627415,24.36379255097488,2004,Lord Howe Island Marine Park,1
Neoglyphidodon polyacanthus,-31.55,159.06,2016,2,15,5,10,-32_159,21.566373189290363,24.46283721923828,21.899912831627415,24.36379255097488,2004,Lord Howe Island Marine Park,1
Neoglyphidodon polyacanthus,-31.55,159.06,2016,2,15,7.5,15,-32_159,21.566373189290363,24.46283721923828,21.899912831627415,24.36379255097488,2004,Lord Howe Island Marine Park,1
Neoglyphidodon polyacanthus,-31.55,159.06,2016,2,15,10,10,-32_159,21.566373189290363,24.46283721923828,21.899912831627415,24.36379255097488,2004,Lord Howe Island Marine Park,1
Neoglyphidodon polyacanthus,-31.55,159.06,2016,2,15,5,5,-32_159,21.566373189290363,24.46283721923828,21.899912831627415,24.36379255097488,2004,Lord Howe Island Marine Park,1
Neoglyphidodon polyacanthus,-31.55,159.06,2016,2,15,7.5,10,-32_159,21.566373189290363,24.46283721923828,21.899912831627415,24.36379255097488,2004,Lord Howe Island Marine Park,1
Neoglyphidodon polyacanthus,-31.56,159.07,2016,2,16,7.5,7,-32_159,21.566373189290363,24.46283721923828,21.899912831627415,24.36379255097488,NA,NA,0
Neoglyphidodon polyacanthus,-31.56,159.07,2016,2,16,10,6,-32_159,21.566373189290363,24.46283721923828,21.899912831627415,24.36379255097488,NA,NA,0
Neoglyphidodon polyacanthus,-31.56,159.07,2016,2,16,12.5,6,-32_159,21.566373189290363,24.46283721923828,21.899912831627415,24.36379255097488,NA,NA,0
Neoglyphidodon polyacanthus,-31.56,159.07,2016,2,16,7.5,2,-32_159,21.566373189290363,24.46283721923828,21.899912831627415,24.36379255097488,NA,NA,0
Neoglyphidodon polyacanthus,-31.56,159.07,2016,2,16,10,5,-32_159,21.566373189290363,24.46283721923828,21.899912831627415,24.36379255097488,NA,NA,0
Neoglyphidodon polyacanthus,-31.56,159.07,2016,2,16,7.5,3,-32_159,21.566373189290363,24.46283721923828,21.899912831627415,24.36379255097488,NA,NA,0
Neoglyphidodon polyacanthus,-31.56,159.07,2016,2,16,10,3,-32_159,21.566373189290363,24.46283721923828,21.899912831627415,24.36379255097488,NA,NA,0
Neoglyphidodon polyacanthus,-31.56,159.07,2016,2,16,12.5,3,-32_159,21.566373189290363,24.46283721923828,21.899912831627415,24.36379255097488,NA,NA,0
Neoglyphidodon polyacanthus,-31.56,159.07,2016,2,16,15,2,-32_159,21.566373189290363,24.46283721923828,21.899912831627415,24.36379255097488,NA,NA,0
Neoglyphidodon polyacanthus,-31.52,159.08,2016,2,18,7.5,3,-32_159,21.566373189290363,24.46283721923828,21.899912831627415,24.36379255097488,NA,NA,0
Neoglyphidodon polyacanthus,-31.52,159.08,2016,2,18,10,3,-32_159,21.566373189290363,24.46283721923828,21.899912831627415,24.36379255097488,NA,NA,0
Neoglyphidodon polyacanthus,-31.53,159.05,2016,2,21,5,10,-32_159,21.566373189290363,24.46283721923828,21.899912831627415,24.36379255097488,NA,NA,0
Neoglyphidodon polyacanthus,-31.53,159.05,2016,2,21,7.5,10,-32_159,21.566373189290363,24.46283721923828,21.899912831627415,24.36379255097488,NA,NA,0
Neoglyphidodon polyacanthus,-31.53,159.05,2016,2,21,10,10,-32_159,21.566373189290363,24.46283721923828,21.899912831627415,24.36379255097488,NA,NA,0
Neoglyphidodon polyacanthus,-31.53,159.05,2016,2,21,12.5,10,-32_159,21.566373189290363,24.46283721923828,21.899912831627415,24.36379255097488,NA,NA,0
Neoglyphidodon polyacanthus,-31.52,159.08,2016,2,18,12.5,1,-32_159,21.566373189290363,24.46283721923828,21.899912831627415,24.36379255097488,NA,NA,0
Neoglyphidodon polyacanthus,-31.52,159.04,2016,2,23,5,4,-32_159,21.566373189290363,24.46283721923828,21.899912831627415,24.36379255097488,2004,Lord Howe Island Marine Park,1
Neoglyphidodon polyacanthus,-31.52,159.04,2016,2,23,7.5,4,-32_159,21.566373189290363,24.46283721923828,21.899912831627415,24.36379255097488,2004,Lord Howe Island Marine Park,1
Neoglyphidodon polyacanthus,-31.52,159.04,2016,2,23,10,3,-32_159,21.566373189290363,24.46283721923828,21.899912831627415,24.36379255097488,2004,Lord Howe Island Marine Park,1
Neoglyphidodon polyacanthus,-31.52,159.04,2016,2,23,5,3,-32_159,21.566373189290363,24.46283721923828,21.899912831627415,24.36379255097488,2004,Lord Howe Island Marine Park,1
Neoglyphidodon polyacanthus,-31.55,159.06,2016,2,15,10,5,-32_159,21.566373189290363,24.46283721923828,21.899912831627415,24.36379255097488,2004,Lord Howe Island Marine Park,1
Neoglyphidodon polyacanthus,-31.55,159.06,2016,2,15,12.5,10,-32_159,21.566373189290363,24.46283721923828,21.899912831627415,24.36379255097488,2004,Lord Howe Island Marine Park,1
Neoglyphidodon polyacanthus,-31.55,159.06,2016,2,15,15,2,-32_159,21.566373189290363,24.46283721923828,21.899912831627415,24.36379255097488,2004,Lord Howe Island Marine Park,1
Neoglyphidodon polyacanthus,-31.52,159.08,2016,2,18,5,2,-32_159,21.566373189290363,24.46283721923828,21.899912831627415,24.36379255097488,NA,NA,0
Neoglyphidodon polyacanthus,-31.55,159.06,2016,2,15,12.5,5,-32_159,21.566373189290363,24.46283721923828,21.899912831627415,24.36379255097488,2004,Lord Howe Island Marine Park,1
Neoglyphidodon polyacanthus,-31.58,159.07,2016,2,16,12.5,3,-32_159,21.566373189290363,24.46283721923828,21.899912831627415,24.36379255097488,NA,NA,0
Neoglyphidodon polyacanthus,-31.51,159.06,2016,2,17,12.5,2,-32_159,21.566373189290363,24.46283721923828,21.899912831627415,24.36379255097488,2004,Lord Howe Island Marine Park,1
Neoglyphidodon polyacanthus,-31.51,159.06,2016,2,17,15,1,-32_159,21.566373189290363,24.46283721923828,21.899912831627415,24.36379255097488,2004,Lord Howe Island Marine Park,1
Neoglyphidodon polyacanthus,-31.51,159.06,2016,2,17,2.5,1,-32_159,21.566373189290363,24.46283721923828,21.899912831627415,24.36379255097488,2004,Lord Howe Island Marine Park,1
Neoglyphidodon polyacanthus,-31.51,159.06,2016,2,17,7.5,2,-32_159,21.566373189290363,24.46283721923828,21.899912831627415,24.36379255097488,2004,Lord Howe Island Marine Park,1
Neoglyphidodon polyacanthus,-31.51,159.06,2016,2,17,10,1,-32_159,21.566373189290363,24.46283721923828,21.899912831627415,24.36379255097488,2004,Lord Howe Island Marine Park,1
Neoglyphidodon polyacanthus,-31.51,159.06,2016,2,17,12.5,1,-32_159,21.566373189290363,24.46283721923828,21.899912831627415,24.36379255097488,2004,Lord Howe Island Marine Park,1
Neoglyphidodon polyacanthus,-31.51,159.07,2016,2,18,7.5,1,-32_159,21.566373189290363,24.46283721923828,21.899912831627415,24.36379255097488,2004,Lord Howe Island Marine Park,1
Neoglyphidodon polyacanthus,-31.51,159.07,2016,2,18,10,3,-32_159,21.566373189290363,24.46283721923828,21.899912831627415,24.36379255097488,2004,Lord Howe Island Marine Park,1
Neoglyphidodon polyacanthus,-31.51,159.07,2016,2,18,12.5,3,-32_159,21.566373189290363,24.46283721923828,21.899912831627415,24.36379255097488,2004,Lord Howe Island Marine Park,1
Neoglyphidodon polyacanthus,-31.51,159.06,2016,2,17,12.5,4,-32_159,21.566373189290363,24.46283721923828,21.899912831627415,24.36379255097488,2004,Lord Howe Island Marine Park,1
Neoglyphidodon polyacanthus,-31.51,159.06,2016,2,17,5,1,-32_159,21.566373189290363,24.46283721923828,21.899912831627415,24.36379255097488,2004,Lord Howe Island Marine Park,1
Neoglyphidodon polyacanthus,-31.51,159.06,2016,2,17,10,1,-32_159,21.566373189290363,24.46283721923828,21.899912831627415,24.36379255097488,2004,Lord Howe Island Marine Park,1
Neoglyphidodon polyacanthus,-31.51,159.06,2016,2,17,12.5,1,-32_159,21.566373189290363,24.46283721923828,21.899912831627415,24.36379255097488,2004,Lord Howe Island Marine Park,1
Neoglyphidodon polyacanthus,-31.52,159.08,2016,2,18,12.5,5,-32_159,21.566373189290363,24.46283721923828,21.899912831627415,24.36379255097488,NA,NA,0
Neoglyphidodon polyacanthus,-31.51,159.07,2016,2,18,12.5,8,-32_159,21.566373189290363,24.46283721923828,21.899912831627415,24.36379255097488,2004,Lord Howe Island Marine Park,1
Neoglyphidodon polyacanthus,-31.51,159.07,2016,2,18,15,5,-32_159,21.566373189290363,24.46283721923828,21.899912831627415,24.36379255097488,2004,Lord Howe Island Marine Park,1
Neoglyphidodon polyacanthus,-31.51,159.07,2016,2,18,10,2,-32_159,21.566373189290363,24.46283721923828,21.899912831627415,24.36379255097488,2004,Lord Howe Island Marine Park,1
Neoglyphidodon polyacanthus,-31.51,159.07,2016,2,18,12.5,1,-32_159,21.566373189290363,24.46283721923828,21.899912831627415,24.36379255097488,2004,Lord Howe Island Marine Park,1
Neoglyphidodon polyacanthus,-31.52,159.05,2016,2,19,7.5,7,-32_159,21.566373189290363,24.46283721923828,21.899912831627415,24.36379255097488,2004,Lord Howe Island Marine Park,1
Neoglyphidodon polyacanthus,-31.52,159.05,2016,2,19,10,12,-32_159,21.566373189290363,24.46283721923828,21.899912831627415,24.36379255097488,2004,Lord Howe Island Marine Park,1
Neoglyphidodon polyacanthus,-31.52,159.05,2016,2,19,12.5,11,-32_159,21.566373189290363,24.46283721923828,21.899912831627415,24.36379255097488,2004,Lord Howe Island Marine Park,1
Neoglyphidodon polyacanthus,-31.52,159.05,2016,2,19,15,13,-32_159,21.566373189290363,24.46283721923828,21.899912831627415,24.36379255097488,2004,Lord Howe Island Marine Park,1
Neoglyphidodon polyacanthus,-31.52,159.05,2016,2,19,5,1,-32_159,21.566373189290363,24.46283721923828,21.899912831627415,24.36379255097488,2004,Lord Howe Island Marine Park,1
Neoglyphidodon polyacanthus,-31.52,159.05,2016,2,19,7.5,8,-32_159,21.566373189290363,24.46283721923828,21.899912831627415,24.36379255097488,2004,Lord Howe Island Marine Park,1
Neoglyphidodon polyacanthus,-31.52,159.05,2016,2,19,10,13,-32_159,21.566373189290363,24.46283721923828,21.899912831627415,24.36379255097488,2004,Lord Howe Island Marine Park,1
Neoglyphidodon polyacanthus,-31.52,159.05,2016,2,19,12.5,26,-32_159,21.566373189290363,24.46283721923828,21.899912831627415,24.36379255097488,2004,Lord Howe Island Marine Park,1
Neoglyphidodon polyacanthus,-31.51,159.07,2016,2,18,10,5,-32_159,21.566373189290363,24.46283721923828,21.899912831627415,24.36379255097488,2004,Lord Howe Island Marine Park,1
Neoglyphidodon polyacanthus,-31.51,159.07,2016,2,18,12.5,2,-32_159,21.566373189290363,24.46283721923828,21.899912831627415,24.36379255097488,2004,Lord Howe Island Marine Park,1
Neoglyphidodon polyacanthus,-31.75,159.24,2016,2,21,7.5,5,-32_159,21.566373189290363,24.46283721923828,21.899912831627415,24.36379255097488,2004,Lord Howe Island Marine Park,1
Neoglyphidodon polyacanthus,-31.53,159.05,2016,2,22,7.5,5,-32_159,21.566373189290363,24.46283721923828,21.899912831627415,24.36379255097488,NA,NA,0
Neoglyphidodon polyacanthus,-31.53,159.05,2016,2,22,10,21,-32_159,21.566373189290363,24.46283721923828,21.899912831627415,24.36379255097488,NA,NA,0
Neoglyphidodon polyacanthus,-31.53,159.05,2016,2,22,12.5,15,-32_159,21.566373189290363,24.46283721923828,21.899912831627415,24.36379255097488,NA,NA,0
Neoglyphidodon polyacanthus,-31.53,159.05,2016,2,22,10,4,-32_159,21.566373189290363,24.46283721923828,21.899912831627415,24.36379255097488,NA,NA,0
Neoglyphidodon polyacanthus,-31.55,159.06,2016,2,23,10,95,-32_159,21.566373189290363,24.46283721923828,21.899912831627415,24.36379255097488,2004,Lord Howe Island Marine Park,1
Neoglyphidodon polyacanthus,-31.55,159.06,2016,2,23,12.5,40,-32_159,21.566373189290363,24.46283721923828,21.899912831627415,24.36379255097488,2004,Lord Howe Island Marine Park,1
Neoglyphidodon polyacanthus,-31.52,159.05,2016,2,19,7.5,35,-32_159,21.566373189290363,24.46283721923828,21.899912831627415,24.36379255097488,2004,Lord Howe Island Marine Park,1
Neoglyphidodon polyacanthus,-31.52,159.05,2016,2,19,10,2,-32_159,21.566373189290363,24.46283721923828,21.899912831627415,24.36379255097488,2004,Lord Howe Island Marine Park,1
Neoglyphidodon polyacanthus,-31.52,159.05,2016,2,19,5,5,-32_159,21.566373189290363,24.46283721923828,21.899912831627415,24.36379255097488,2004,Lord Howe Island Marine Park,1
Neoglyphidodon polyacanthus,-31.52,159.05,2016,2,19,7.5,10,-32_159,21.566373189290363,24.46283721923828,21.899912831627415,24.36379255097488,2004,Lord Howe Island Marine Park,1
Neoglyphidodon polyacanthus,-31.52,159.05,2016,2,19,10,10,-32_159,21.566373189290363,24.46283721923828,21.899912831627415,24.36379255097488,2004,Lord Howe Island Marine Park,1
Neoglyphidodon polyacanthus,-31.52,159.05,2016,2,19,12.5,3,-32_159,21.566373189290363,24.46283721923828,21.899912831627415,24.36379255097488,2004,Lord Howe Island Marine Park,1
Neoglyphidodon polyacanthus,-31.52,159.05,2016,2,19,7.5,12,-32_159,21.566373189290363,24.46283721923828,21.899912831627415,24.36379255097488,2004,Lord Howe Island Marine Park,1
Neoglyphidodon polyacanthus,-31.52,159.05,2016,2,19,10,12,-32_159,21.566373189290363,24.46283721923828,21.899912831627415,24.36379255097488,2004,Lord Howe Island Marine Park,1
Neoglyphidodon polyacanthus,-31.52,159.05,2016,2,19,5,5,-32_159,21.566373189290363,24.46283721923828,21.899912831627415,24.36379255097488,2004,Lord Howe Island Marine Park,1
Neoglyphidodon polyacanthus,-31.52,159.05,2016,2,19,7.5,10,-32_159,21.566373189290363,24.46283721923828,21.899912831627415,24.36379255097488,2004,Lord Howe Island Marine Park,1
Neoglyphidodon polyacanthus,-31.52,159.05,2016,2,19,10,5,-32_159,21.566373189290363,24.46283721923828,21.899912831627415,24.36379255097488,2004,Lord Howe Island Marine Park,1
Neoglyphidodon polyacanthus,-31.52,159.05,2016,2,19,12.5,2,-32_159,21.566373189290363,24.46283721923828,21.899912831627415,24.36379255097488,2004,Lord Howe Island Marine Park,1
Neoglyphidodon polyacanthus,-31.6,159.08,2016,2,20,7.5,2,-32_159,21.566373189290363,24.46283721923828,21.899912831627415,24.36379255097488,2004,Lord Howe Island Marine Park,1
Neoglyphidodon polyacanthus,-31.6,159.08,2016,2,20,10,3,-32_159,21.566373189290363,24.46283721923828,21.899912831627415,24.36379255097488,2004,Lord Howe Island Marine Park,1
Neoglyphidodon polyacanthus,-31.57,159.1,2016,2,20,10,5,-32_159,21.566373189290363,24.46283721923828,21.899912831627415,24.36379255097488,2004,Lord Howe Island Marine Park,1
Neoglyphidodon polyacanthus,-31.52,159.04,2016,2,23,12.5,5,-32_159,21.566373189290363,24.46283721923828,21.899912831627415,24.36379255097488,2004,Lord Howe Island Marine Park,1
Neoglyphidodon polyacanthus,-31.52,159.04,2016,2,23,15,5,-32_159,21.566373189290363,24.46283721923828,21.899912831627415,24.36379255097488,2004,Lord Howe Island Marine Park,1
Neoglyphidodon polyacanthus,-31.52,159.04,2016,2,23,12.5,3,-32_159,21.566373189290363,24.46283721923828,21.899912831627415,24.36379255097488,2004,Lord Howe Island Marine Park,1
Neoglyphidodon polyacanthus,-31.52,159.04,2016,2,23,15,4,-32_159,21.566373189290363,24.46283721923828,21.899912831627415,24.36379255097488,2004,Lord Howe Island Marine Park,1
Neoglyphidodon polyacanthus,-31.51,159.04,2016,2,17,10,1,-32_159,21.566373189290363,24.46283721923828,21.899912831627415,24.36379255097488,NA,NA,0
Neoglyphidodon polyacanthus,-31.57,159.1,2016,2,20,5,2,-32_159,21.566373189290363,24.46283721923828,21.899912831627415,24.36379255097488,2004,Lord Howe Island Marine Park,1
Neoglyphidodon polyacanthus,-31.57,159.1,2016,2,20,7.5,3,-32_159,21.566373189290363,24.46283721923828,21.899912831627415,24.36379255097488,2004,Lord Howe Island Marine Park,1
Neoglyphidodon polyacanthus,-31.75,159.24,2016,2,21,7.5,1,-32_159,21.566373189290363,24.46283721923828,21.899912831627415,24.36379255097488,2004,Lord Howe Island Marine Park,1
Neoglyphidodon polyacanthus,-31.75,159.24,2016,2,21,10,3,-32_159,21.566373189290363,24.46283721923828,21.899912831627415,24.36379255097488,2004,Lord Howe Island Marine Park,1
Neoglyphidodon polyacanthus,-31.75,159.24,2016,2,21,12.5,2,-32_159,21.566373189290363,24.46283721923828,21.899912831627415,24.36379255097488,2004,Lord Howe Island Marine Park,1
Neoglyphidodon polyacanthus,-31.76,159.24,2016,2,21,7.5,5,-32_159,21.566373189290363,24.46283721923828,21.899912831627415,24.36379255097488,NA,NA,0
Neoglyphidodon polyacanthus,-31.76,159.24,2016,2,21,10,15,-32_159,21.566373189290363,24.46283721923828,21.899912831627415,24.36379255097488,NA,NA,0
Neoglyphidodon polyacanthus,-31.53,159.05,2016,2,22,7.5,2,-32_159,21.566373189290363,24.46283721923828,21.899912831627415,24.36379255097488,NA,NA,0
Neoglyphidodon polyacanthus,-31.53,159.05,2016,2,22,10,3,-32_159,21.566373189290363,24.46283721923828,21.899912831627415,24.36379255097488,NA,NA,0
Neoglyphidodon polyacanthus,-31.52,159.04,2016,2,15,7.5,1,-32_159,21.566373189290363,24.46283721923828,21.899912831627415,24.36379255097488,2004,Lord Howe Island Marine Park,1
Neoglyphidodon polyacanthus,-31.52,159.04,2016,2,15,15,2,-32_159,21.566373189290363,24.46283721923828,21.899912831627415,24.36379255097488,2004,Lord Howe Island Marine Park,1
Neoglyphidodon polyacanthus,-31.52,159.04,2016,2,15,20,2,-32_159,21.566373189290363,24.46283721923828,21.899912831627415,24.36379255097488,2004,Lord Howe Island Marine Park,1
Neoglyphidodon polyacanthus,-31.52,159.04,2016,2,15,2.5,1,-32_159,21.566373189290363,24.46283721923828,21.899912831627415,24.36379255097488,2004,Lord Howe Island Marine Park,1
Neoglyphidodon polyacanthus,-31.51,159.04,2016,2,17,7.5,1,-32_159,21.566373189290363,24.46283721923828,21.899912831627415,24.36379255097488,NA,NA,0
Neoglyphidodon polyacanthus,-31.54,159.07,2016,2,18,7.5,10,-32_159,21.566373189290363,24.46283721923828,21.899912831627415,24.36379255097488,2004,Lord Howe Island Marine Park,1
Neoglyphidodon polyacanthus,-31.54,159.07,2016,2,18,10,10,-32_159,21.566373189290363,24.46283721923828,21.899912831627415,24.36379255097488,2004,Lord Howe Island Marine Park,1
Neoglyphidodon polyacanthus,-31.54,159.07,2016,2,18,12.5,10,-32_159,21.566373189290363,24.46283721923828,21.899912831627415,24.36379255097488,2004,Lord Howe Island Marine Park,1
Neoglyphidodon polyacanthus,-31.54,159.07,2016,2,18,7.5,15,-32_159,21.566373189290363,24.46283721923828,21.899912831627415,24.36379255097488,2004,Lord Howe Island Marine Park,1
Neoglyphidodon polyacanthus,-31.54,159.07,2016,2,18,10,15,-32_159,21.566373189290363,24.46283721923828,21.899912831627415,24.36379255097488,2004,Lord Howe Island Marine Park,1
Neoglyphidodon polyacanthus,-31.52,159.05,2016,2,19,7.5,15,-32_159,21.566373189290363,24.46283721923828,21.899912831627415,24.36379255097488,2004,Lord Howe Island Marine Park,1
Neoglyphidodon polyacanthus,-31.52,159.05,2016,2,19,10,15,-32_159,21.566373189290363,24.46283721923828,21.899912831627415,24.36379255097488,2004,Lord Howe Island Marine Park,1
Neoglyphidodon polyacanthus,-31.52,159.05,2016,2,19,12.5,10,-32_159,21.566373189290363,24.46283721923828,21.899912831627415,24.36379255097488,2004,Lord Howe Island Marine Park,1
Neoglyphidodon polyacanthus,-31.52,159.05,2016,2,19,7.5,20,-32_159,21.566373189290363,24.46283721923828,21.899912831627415,24.36379255097488,2004,Lord Howe Island Marine Park,1
Neoglyphidodon polyacanthus,-31.52,159.05,2016,2,19,12.5,15,-32_159,21.566373189290363,24.46283721923828,21.899912831627415,24.36379255097488,2004,Lord Howe Island Marine Park,1
Neoglyphidodon polyacanthus,-31.55,159.06,2016,2,23,10,30,-32_159,21.566373189290363,24.46283721923828,21.899912831627415,24.36379255097488,2004,Lord Howe Island Marine Park,1
Neoglyphidodon polyacanthus,-31.55,159.06,2016,2,23,12.5,45,-32_159,21.566373189290363,24.46283721923828,21.899912831627415,24.36379255097488,2004,Lord Howe Island Marine Park,1
Neoglyphidodon polyacanthus,-31.52,159.07,2016,2,24,10,10,-32_159,21.566373189290363,24.46283721923828,21.899912831627415,24.36379255097488,2004,Lord Howe Island Marine Park,1
Neoglyphidodon polyacanthus,-31.52,159.07,2016,2,24,12.5,13,-32_159,21.566373189290363,24.46283721923828,21.899912831627415,24.36379255097488,2004,Lord Howe Island Marine Park,1
Neoglyphidodon polyacanthus,-31.52,159.07,2016,2,24,12.5,7,-32_159,21.566373189290363,24.46283721923828,21.899912831627415,24.36379255097488,2004,Lord Howe Island Marine Park,1
Neoglyphidodon polyacanthus,-31.55,159.06,2016,2,15,10,2,-32_159,21.566373189290363,24.46283721923828,21.899912831627415,24.36379255097488,2004,Lord Howe Island Marine Park,1
Neoglyphidodon polyacanthus,-31.55,159.06,2016,2,15,12.5,3,-32_159,21.566373189290363,24.46283721923828,21.899912831627415,24.36379255097488,2004,Lord Howe Island Marine Park,1
Neoglyphidodon polyacanthus,-31.55,159.06,2016,2,15,15,1,-32_159,21.566373189290363,24.46283721923828,21.899912831627415,24.36379255097488,2004,Lord Howe Island Marine Park,1
Neoglyphidodon polyacanthus,-31.58,159.07,2016,2,16,2.5,5,-32_159,21.566373189290363,24.46283721923828,21.899912831627415,24.36379255097488,NA,NA,0
Neoglyphidodon polyacanthus,-31.58,159.07,2016,2,16,5,23,-32_159,21.566373189290363,24.46283721923828,21.899912831627415,24.36379255097488,NA,NA,0
Neoglyphidodon polyacanthus,-31.55,159.07,2016,2,16,10,20,-32_159,21.566373189290363,24.46283721923828,21.899912831627415,24.36379255097488,NA,NA,0
Neoglyphidodon polyacanthus,-31.55,159.07,2016,2,16,5,2,-32_159,21.566373189290363,24.46283721923828,21.899912831627415,24.36379255097488,NA,NA,0
Neoglyphidodon polyacanthus,-31.55,159.07,2016,2,16,7.5,2,-32_159,21.566373189290363,24.46283721923828,21.899912831627415,24.36379255097488,NA,NA,0
Neoglyphidodon polyacanthus,-31.55,159.07,2016,2,16,10,4,-32_159,21.566373189290363,24.46283721923828,21.899912831627415,24.36379255097488,NA,NA,0
Neoglyphidodon polyacanthus,-31.55,159.07,2016,2,16,12.5,1,-32_159,21.566373189290363,24.46283721923828,21.899912831627415,24.36379255097488,NA,NA,0
Neoglyphidodon polyacanthus,-31.52,159.05,2016,2,19,5,10,-32_159,21.566373189290363,24.46283721923828,21.899912831627415,24.36379255097488,2004,Lord Howe Island Marine Park,1
Neoglyphidodon polyacanthus,-31.52,159.05,2016,2,19,7.5,10,-32_159,21.566373189290363,24.46283721923828,21.899912831627415,24.36379255097488,2004,Lord Howe Island Marine Park,1
Neoglyphidodon polyacanthus,-31.52,159.05,2016,2,19,10,10,-32_159,21.566373189290363,24.46283721923828,21.899912831627415,24.36379255097488,2004,Lord Howe Island Marine Park,1
Neoglyphidodon polyacanthus,-31.52,159.05,2016,2,19,5,6,-32_159,21.566373189290363,24.46283721923828,21.899912831627415,24.36379255097488,2004,Lord Howe Island Marine Park,1
Neoglyphidodon polyacanthus,-31.52,159.05,2016,2,19,7.5,7,-32_159,21.566373189290363,24.46283721923828,21.899912831627415,24.36379255097488,2004,Lord Howe Island Marine Park,1
Neoglyphidodon polyacanthus,-31.52,159.05,2016,2,19,10,7,-32_159,21.566373189290363,24.46283721923828,21.899912831627415,24.36379255097488,2004,Lord Howe Island Marine Park,1
Neoglyphidodon polyacanthus,-31.53,159.05,2016,2,21,5,15,-32_159,21.566373189290363,24.46283721923828,21.899912831627415,24.36379255097488,NA,NA,0
Neoglyphidodon polyacanthus,-31.53,159.05,2016,2,21,7.5,15,-32_159,21.566373189290363,24.46283721923828,21.899912831627415,24.36379255097488,NA,NA,0
Neoglyphidodon polyacanthus,-31.53,159.05,2016,2,21,10,10,-32_159,21.566373189290363,24.46283721923828,21.899912831627415,24.36379255097488,NA,NA,0
Neoglyphidodon polyacanthus,-31.53,159.05,2016,2,21,5,10,-32_159,21.566373189290363,24.46283721923828,21.899912831627415,24.36379255097488,NA,NA,0
Neoglyphidodon polyacanthus,-31.53,159.05,2016,2,21,7.5,20,-32_159,21.566373189290363,24.46283721923828,21.899912831627415,24.36379255097488,NA,NA,0
Neoglyphidodon polyacanthus,-31.53,159.05,2016,2,21,10,20,-32_159,21.566373189290363,24.46283721923828,21.899912831627415,24.36379255097488,NA,NA,0
Neoglyphidodon polyacanthus,-31.57,159.07,2016,2,16,5,20,-32_159,21.566373189290363,24.46283721923828,21.899912831627415,24.36379255097488,NA,NA,0
Neoglyphidodon polyacanthus,-31.57,159.07,2016,2,16,7.5,50,-32_159,21.566373189290363,24.46283721923828,21.899912831627415,24.36379255097488,NA,NA,0
Neoglyphidodon polyacanthus,-31.57,159.07,2016,2,16,20,3,-32_159,21.566373189290363,24.46283721923828,21.899912831627415,24.36379255097488,NA,NA,0
Neoglyphidodon polyacanthus,-31.57,159.07,2016,2,16,5,40,-32_159,21.566373189290363,24.46283721923828,21.899912831627415,24.36379255097488,NA,NA,0
Neoglyphidodon polyacanthus,-31.56,159.07,2016,2,16,15,6,-32_159,21.566373189290363,24.46283721923828,21.899912831627415,24.36379255097488,NA,NA,0
Neoglyphidodon polyacanthus,-31.56,159.07,2016,2,16,20,1,-32_159,21.566373189290363,24.46283721923828,21.899912831627415,24.36379255097488,NA,NA,0
Neoglyphidodon polyacanthus,-31.56,159.07,2016,2,16,12.5,5,-32_159,21.566373189290363,24.46283721923828,21.899912831627415,24.36379255097488,NA,NA,0
Neoglyphidodon polyacanthus,-31.56,159.07,2016,2,16,15,7,-32_159,21.566373189290363,24.46283721923828,21.899912831627415,24.36379255097488,NA,NA,0
Neoglyphidodon polyacanthus,-31.56,159.07,2016,2,16,5,20,-32_159,21.566373189290363,24.46283721923828,21.899912831627415,24.36379255097488,NA,NA,0
Neoglyphidodon polyacanthus,-31.56,159.07,2016,2,16,7.5,42,-32_159,21.566373189290363,24.46283721923828,21.899912831627415,24.36379255097488,NA,NA,0
Neoglyphidodon polyacanthus,-31.51,159.04,2016,2,17,12.5,1,-32_159,21.566373189290363,24.46283721923828,21.899912831627415,24.36379255097488,NA,NA,0
Neoglyphidodon polyacanthus,-31.51,159.04,2016,2,17,20,2,-32_159,21.566373189290363,24.46283721923828,21.899912831627415,24.36379255097488,NA,NA,0
Neoglyphidodon polyacanthus,-31.5,159.06,2016,2,20,5,4,-32_159,21.566373189290363,24.46283721923828,21.899912831627415,24.36379255097488,2004,Lord Howe Island Marine Park,1
Neoglyphidodon polyacanthus,-31.5,159.06,2016,2,20,7.5,9,-32_159,21.566373189290363,24.46283721923828,21.899912831627415,24.36379255097488,2004,Lord Howe Island Marine Park,1
Neoglyphidodon polyacanthus,-31.5,159.06,2016,2,20,10,6,-32_159,21.566373189290363,24.46283721923828,21.899912831627415,24.36379255097488,2004,Lord Howe Island Marine Park,1
Neoglyphidodon polyacanthus,-31.54,159.05,2016,2,15,7.5,40,-32_159,21.566373189290363,24.46283721923828,21.899912831627415,24.36379255097488,2004,Lord Howe Island Marine Park,1
Neoglyphidodon polyacanthus,-31.54,159.05,2016,2,15,10,10,-32_159,21.566373189290363,24.46283721923828,21.899912831627415,24.36379255097488,2004,Lord Howe Island Marine Park,1
Neoglyphidodon polyacanthus,-31.54,159.05,2016,2,15,10,2,-32_159,21.566373189290363,24.46283721923828,21.899912831627415,24.36379255097488,2004,Lord Howe Island Marine Park,1
Neoglyphidodon polyacanthus,-31.54,159.05,2016,2,15,12.5,3,-32_159,21.566373189290363,24.46283721923828,21.899912831627415,24.36379255097488,2004,Lord Howe Island Marine Park,1
Neoglyphidodon polyacanthus,-31.54,159.05,2016,2,15,7.5,1,-32_159,21.566373189290363,24.46283721923828,21.899912831627415,24.36379255097488,2004,Lord Howe Island Marine Park,1
Neoglyphidodon polyacanthus,-31.54,159.05,2016,2,15,10,1,-32_159,21.566373189290363,24.46283721923828,21.899912831627415,24.36379255097488,2004,Lord Howe Island Marine Park,1
Neoglyphidodon polyacanthus,-31.55,159.06,2016,2,15,10,10,-32_159,21.566373189290363,24.46283721923828,21.899912831627415,24.36379255097488,2004,Lord Howe Island Marine Park,1
Neoglyphidodon polyacanthus,-31.55,159.06,2016,2,15,7.5,1,-32_159,21.566373189290363,24.46283721923828,21.899912831627415,24.36379255097488,2004,Lord Howe Island Marine Park,1
Neoglyphidodon polyacanthus,-31.55,159.06,2016,2,15,10,4,-32_159,21.566373189290363,24.46283721923828,21.899912831627415,24.36379255097488,2004,Lord Howe Island Marine Park,1
Neoglyphidodon polyacanthus,-31.55,159.06,2016,2,15,12.5,2,-32_159,21.566373189290363,24.46283721923828,21.899912831627415,24.36379255097488,2004,Lord Howe Island Marine Park,1
Neoglyphidodon polyacanthus,-31.55,159.06,2016,2,15,7.5,30,-32_159,21.566373189290363,24.46283721923828,21.899912831627415,24.36379255097488,2004,Lord Howe Island Marine Park,1
Neoglyphidodon polyacanthus,-31.57,159.07,2018,2,11,2.5,1,-32_159,21.317596753438313,24.50479507446289,21.51167456906573,24.00642807143075,NA,NA,0
Neoglyphidodon polyacanthus,-31.57,159.07,2018,2,11,5,6,-32_159,21.317596753438313,24.50479507446289,21.51167456906573,24.00642807143075,NA,NA,0
Neoglyphidodon polyacanthus,-31.57,159.07,2018,2,11,7.5,3,-32_159,21.317596753438313,24.50479507446289,21.51167456906573,24.00642807143075,NA,NA,0
Neoglyphidodon polyacanthus,-31.57,159.07,2018,2,11,5,2,-32_159,21.317596753438313,24.50479507446289,21.51167456906573,24.00642807143075,NA,NA,0
Neoglyphidodon polyacanthus,-31.57,159.07,2018,2,11,7.5,2,-32_159,21.317596753438313,24.50479507446289,21.51167456906573,24.00642807143075,NA,NA,0
Neoglyphidodon polyacanthus,-31.52,159.03,2018,2,12,10,1,-32_159,21.317596753438313,24.50479507446289,21.51167456906573,24.00642807143075,NA,NA,0
Neoglyphidodon polyacanthus,-31.52,159.03,2018,2,12,2.5,1,-32_159,21.317596753438313,24.50479507446289,21.51167456906573,24.00642807143075,NA,NA,0
Neoglyphidodon polyacanthus,-31.52,159.03,2018,2,12,5,2,-32_159,21.317596753438313,24.50479507446289,21.51167456906573,24.00642807143075,NA,NA,0
Neoglyphidodon polyacanthus,-31.52,159.03,2018,2,12,5,2,-32_159,21.317596753438313,24.50479507446289,21.51167456906573,24.00642807143075,NA,NA,0
Neoglyphidodon polyacanthus,-31.52,159.03,2018,2,12,7.5,1,-32_159,21.317596753438313,24.50479507446289,21.51167456906573,24.00642807143075,NA,NA,0
Neoglyphidodon polyacanthus,-31.52,159.05,2018,2,18,7.5,20,-32_159,21.317596753438313,24.50479507446289,21.51167456906573,24.00642807143075,2004,Lord Howe Island Marine Park,1
Neoglyphidodon polyacanthus,-31.52,159.05,2018,2,18,10,40,-32_159,21.317596753438313,24.50479507446289,21.51167456906573,24.00642807143075,2004,Lord Howe Island Marine Park,1
Neoglyphidodon polyacanthus,-31.52,159.05,2018,2,18,12.5,10,-32_159,21.317596753438313,24.50479507446289,21.51167456906573,24.00642807143075,2004,Lord Howe Island Marine Park,1
Neoglyphidodon polyacanthus,-31.52,159.05,2018,2,18,7.5,5,-32_159,21.317596753438313,24.50479507446289,21.51167456906573,24.00642807143075,2004,Lord Howe Island Marine Park,1
Neoglyphidodon polyacanthus,-31.52,159.05,2018,2,18,10,75,-32_159,21.317596753438313,24.50479507446289,21.51167456906573,24.00642807143075,2004,Lord Howe Island Marine Park,1
Neoglyphidodon polyacanthus,-31.51,159.04,2018,2,21,5,1,-32_159,21.317596753438313,24.50479507446289,21.51167456906573,24.00642807143075,NA,NA,0
Neoglyphidodon polyacanthus,-31.51,159.04,2018,2,21,7.5,6,-32_159,21.317596753438313,24.50479507446289,21.51167456906573,24.00642807143075,NA,NA,0
Neoglyphidodon polyacanthus,-31.51,159.04,2018,2,21,10,4,-32_159,21.317596753438313,24.50479507446289,21.51167456906573,24.00642807143075,NA,NA,0
Neoglyphidodon polyacanthus,-31.51,159.04,2018,2,21,12.5,1,-32_159,21.317596753438313,24.50479507446289,21.51167456906573,24.00642807143075,NA,NA,0
Neoglyphidodon polyacanthus,-31.51,159.04,2018,2,21,7.5,3,-32_159,21.317596753438313,24.50479507446289,21.51167456906573,24.00642807143075,NA,NA,0
Neoglyphidodon polyacanthus,-31.51,159.04,2018,2,21,10,1,-32_159,21.317596753438313,24.50479507446289,21.51167456906573,24.00642807143075,NA,NA,0
Neoglyphidodon polyacanthus,-31.55,159.06,2018,2,22,7.5,5,-32_159,21.317596753438313,24.50479507446289,21.51167456906573,24.00642807143075,2004,Lord Howe Island Marine Park,1
Neoglyphidodon polyacanthus,-31.55,159.06,2018,2,22,10,8,-32_159,21.317596753438313,24.50479507446289,21.51167456906573,24.00642807143075,2004,Lord Howe Island Marine Park,1
Neoglyphidodon polyacanthus,-31.55,159.06,2018,2,22,12.5,4,-32_159,21.317596753438313,24.50479507446289,21.51167456906573,24.00642807143075,2004,Lord Howe Island Marine Park,1
Neoglyphidodon polyacanthus,-31.55,159.06,2018,2,22,7.5,10,-32_159,21.317596753438313,24.50479507446289,21.51167456906573,24.00642807143075,2004,Lord Howe Island Marine Park,1
Neoglyphidodon polyacanthus,-31.55,159.06,2018,2,22,10,15,-32_159,21.317596753438313,24.50479507446289,21.51167456906573,24.00642807143075,2004,Lord Howe Island Marine Park,1
Neoglyphidodon polyacanthus,-31.55,159.06,2018,2,22,12.5,10,-32_159,21.317596753438313,24.50479507446289,21.51167456906573,24.00642807143075,2004,Lord Howe Island Marine Park,1
Neoglyphidodon polyacanthus,-31.51,159.07,2018,2,13,2.5,10,-32_159,21.317596753438313,24.50479507446289,21.51167456906573,24.00642807143075,2004,Lord Howe Island Marine Park,1
Neoglyphidodon polyacanthus,-31.51,159.07,2018,2,13,10,7,-32_159,21.317596753438313,24.50479507446289,21.51167456906573,24.00642807143075,2004,Lord Howe Island Marine Park,1
Neoglyphidodon polyacanthus,-31.51,159.07,2018,2,13,10,2,-32_159,21.317596753438313,24.50479507446289,21.51167456906573,24.00642807143075,2004,Lord Howe Island Marine Park,1
Neoglyphidodon polyacanthus,-31.51,159.07,2018,2,13,12.5,3,-32_159,21.317596753438313,24.50479507446289,21.51167456906573,24.00642807143075,2004,Lord Howe Island Marine Park,1
Neoglyphidodon polyacanthus,-31.51,159.07,2018,2,13,15,2,-32_159,21.317596753438313,24.50479507446289,21.51167456906573,24.00642807143075,2004,Lord Howe Island Marine Park,1
Neoglyphidodon polyacanthus,-31.52,159.08,2018,2,13,10,2,-32_159,21.317596753438313,24.50479507446289,21.51167456906573,24.00642807143075,NA,NA,0
Neoglyphidodon polyacanthus,-31.56,159.07,2018,2,12,10,2,-32_159,21.317596753438313,24.50479507446289,21.51167456906573,24.00642807143075,NA,NA,0
Neoglyphidodon polyacanthus,-31.56,159.07,2018,2,12,12.5,1,-32_159,21.317596753438313,24.50479507446289,21.51167456906573,24.00642807143075,NA,NA,0
Neoglyphidodon polyacanthus,-31.56,159.07,2018,2,12,7.5,1,-32_159,21.317596753438313,24.50479507446289,21.51167456906573,24.00642807143075,NA,NA,0
Neoglyphidodon polyacanthus,-31.56,159.07,2018,2,12,10,3,-32_159,21.317596753438313,24.50479507446289,21.51167456906573,24.00642807143075,NA,NA,0
Neoglyphidodon polyacanthus,-31.56,159.07,2018,2,12,12.5,3,-32_159,21.317596753438313,24.50479507446289,21.51167456906573,24.00642807143075,NA,NA,0
Neoglyphidodon polyacanthus,-31.53,159.05,2018,2,12,7.5,6,-32_159,21.317596753438313,24.50479507446289,21.51167456906573,24.00642807143075,NA,NA,0
Neoglyphidodon polyacanthus,-31.53,159.05,2018,2,12,10,5,-32_159,21.317596753438313,24.50479507446289,21.51167456906573,24.00642807143075,NA,NA,0
Neoglyphidodon polyacanthus,-31.53,159.05,2018,2,12,12.5,1,-32_159,21.317596753438313,24.50479507446289,21.51167456906573,24.00642807143075,NA,NA,0
Neoglyphidodon polyacanthus,-31.53,159.05,2018,2,12,7.5,4,-32_159,21.317596753438313,24.50479507446289,21.51167456906573,24.00642807143075,NA,NA,0
Neoglyphidodon polyacanthus,-31.53,159.05,2018,2,12,10,2,-32_159,21.317596753438313,24.50479507446289,21.51167456906573,24.00642807143075,NA,NA,0
Neoglyphidodon polyacanthus,-31.52,159.08,2018,2,13,12.5,2,-32_159,21.317596753438313,24.50479507446289,21.51167456906573,24.00642807143075,NA,NA,0
Neoglyphidodon polyacanthus,-31.52,159.08,2018,2,13,15,1,-32_159,21.317596753438313,24.50479507446289,21.51167456906573,24.00642807143075,NA,NA,0
Neoglyphidodon polyacanthus,-31.6,159.08,2018,2,12,7.5,4,-32_159,21.317596753438313,24.50479507446289,21.51167456906573,24.00642807143075,2004,Lord Howe Island Marine Park,1
Neoglyphidodon polyacanthus,-31.6,159.08,2018,2,12,10,5,-32_159,21.317596753438313,24.50479507446289,21.51167456906573,24.00642807143075,2004,Lord Howe Island Marine Park,1
Neoglyphidodon polyacanthus,-31.6,159.08,2018,2,12,12.5,4,-32_159,21.317596753438313,24.50479507446289,21.51167456906573,24.00642807143075,2004,Lord Howe Island Marine Park,1
Neoglyphidodon polyacanthus,-31.51,159.06,2018,2,13,7.5,1,-32_159,21.317596753438313,24.50479507446289,21.51167456906573,24.00642807143075,2004,Lord Howe Island Marine Park,1
Neoglyphidodon polyacanthus,-31.53,159.05,2018,2,13,7.5,2,-32_159,21.317596753438313,24.50479507446289,21.51167456906573,24.00642807143075,NA,NA,0
Neoglyphidodon polyacanthus,-31.53,159.05,2018,2,13,10,1,-32_159,21.317596753438313,24.50479507446289,21.51167456906573,24.00642807143075,NA,NA,0
Neoglyphidodon polyacanthus,-31.53,159.05,2018,2,13,12.5,1,-32_159,21.317596753438313,24.50479507446289,21.51167456906573,24.00642807143075,NA,NA,0
Neoglyphidodon polyacanthus,-31.53,159.05,2018,2,13,5,1,-32_159,21.317596753438313,24.50479507446289,21.51167456906573,24.00642807143075,NA,NA,0
Neoglyphidodon polyacanthus,-31.53,159.05,2018,2,13,7.5,4,-32_159,21.317596753438313,24.50479507446289,21.51167456906573,24.00642807143075,NA,NA,0
Neoglyphidodon polyacanthus,-31.53,159.05,2018,2,13,10,3,-32_159,21.317596753438313,24.50479507446289,21.51167456906573,24.00642807143075,NA,NA,0
Neoglyphidodon polyacanthus,-31.53,159.05,2018,2,13,12.5,2,-32_159,21.317596753438313,24.50479507446289,21.51167456906573,24.00642807143075,NA,NA,0
Neoglyphidodon polyacanthus,-31.5,159.07,2018,2,14,2.5,1,-32_159,21.317596753438313,24.50479507446289,21.51167456906573,24.00642807143075,2004,Lord Howe Island Marine Park,1
Neoglyphidodon polyacanthus,-31.5,159.07,2018,2,14,5,1,-32_159,21.317596753438313,24.50479507446289,21.51167456906573,24.00642807143075,2004,Lord Howe Island Marine Park,1
Neoglyphidodon polyacanthus,-31.5,159.07,2018,2,14,5,2,-32_159,21.317596753438313,24.50479507446289,21.51167456906573,24.00642807143075,2004,Lord Howe Island Marine Park,1
Neoglyphidodon polyacanthus,-31.5,159.07,2018,2,14,7.5,1,-32_159,21.317596753438313,24.50479507446289,21.51167456906573,24.00642807143075,2004,Lord Howe Island Marine Park,1
Neoglyphidodon polyacanthus,-31.57,159.1,2018,2,12,7.5,1,-32_159,21.317596753438313,24.50479507446289,21.51167456906573,24.00642807143075,2004,Lord Howe Island Marine Park,1
Neoglyphidodon polyacanthus,-31.57,159.1,2018,2,12,12.5,1,-32_159,21.317596753438313,24.50479507446289,21.51167456906573,24.00642807143075,2004,Lord Howe Island Marine Park,1
Neoglyphidodon polyacanthus,-31.57,159.1,2018,2,12,12.5,7,-32_159,21.317596753438313,24.50479507446289,21.51167456906573,24.00642807143075,2004,Lord Howe Island Marine Park,1
Neoglyphidodon polyacanthus,-31.57,159.1,2018,2,12,15,7,-32_159,21.317596753438313,24.50479507446289,21.51167456906573,24.00642807143075,2004,Lord Howe Island Marine Park,1
Neoglyphidodon polyacanthus,-31.56,159.1,2018,2,12,10,1,-32_159,21.317596753438313,24.50479507446289,21.51167456906573,24.00642807143075,NA,NA,0
Neoglyphidodon polyacanthus,-31.56,159.1,2018,2,12,7.5,5,-32_159,21.317596753438313,24.50479507446289,21.51167456906573,24.00642807143075,NA,NA,0
Neoglyphidodon polyacanthus,-31.56,159.1,2018,2,12,10,5,-32_159,21.317596753438313,24.50479507446289,21.51167456906573,24.00642807143075,NA,NA,0
Neoglyphidodon polyacanthus,-31.56,159.1,2018,2,12,12.5,5,-32_159,21.317596753438313,24.50479507446289,21.51167456906573,24.00642807143075,NA,NA,0
Neoglyphidodon polyacanthus,-31.56,159.1,2018,2,12,15,1,-32_159,21.317596753438313,24.50479507446289,21.51167456906573,24.00642807143075,NA,NA,0
Neoglyphidodon polyacanthus,-31.51,159.05,2018,2,14,20,3,-32_159,21.317596753438313,24.50479507446289,21.51167456906573,24.00642807143075,2004,Lord Howe Island Marine Park,1
Neoglyphidodon polyacanthus,-31.51,159.04,2018,2,21,2.5,5,-32_159,21.317596753438313,24.50479507446289,21.51167456906573,24.00642807143075,NA,NA,0
Neoglyphidodon polyacanthus,-31.51,159.04,2018,2,21,5,5,-32_159,21.317596753438313,24.50479507446289,21.51167456906573,24.00642807143075,NA,NA,0
Neoglyphidodon polyacanthus,-31.51,159.04,2018,2,21,7.5,2,-32_159,21.317596753438313,24.50479507446289,21.51167456906573,24.00642807143075,NA,NA,0
Neoglyphidodon polyacanthus,-31.55,159.06,2018,2,15,5,2,-32_159,21.317596753438313,24.50479507446289,21.51167456906573,24.00642807143075,2004,Lord Howe Island Marine Park,1
Neoglyphidodon polyacanthus,-31.55,159.06,2018,2,15,7.5,5,-32_159,21.317596753438313,24.50479507446289,21.51167456906573,24.00642807143075,2004,Lord Howe Island Marine Park,1
Neoglyphidodon polyacanthus,-31.55,159.06,2018,2,15,10,12,-32_159,21.317596753438313,24.50479507446289,21.51167456906573,24.00642807143075,2004,Lord Howe Island Marine Park,1
Neoglyphidodon polyacanthus,-31.55,159.06,2018,2,15,5,1,-32_159,21.317596753438313,24.50479507446289,21.51167456906573,24.00642807143075,2004,Lord Howe Island Marine Park,1
Neoglyphidodon polyacanthus,-31.55,159.06,2018,2,15,7.5,4,-32_159,21.317596753438313,24.50479507446289,21.51167456906573,24.00642807143075,2004,Lord Howe Island Marine Park,1
Neoglyphidodon polyacanthus,-31.55,159.06,2018,2,15,10,6,-32_159,21.317596753438313,24.50479507446289,21.51167456906573,24.00642807143075,2004,Lord Howe Island Marine Park,1
Neoglyphidodon polyacanthus,-31.55,159.07,2018,2,15,5,1,-32_159,21.317596753438313,24.50479507446289,21.51167456906573,24.00642807143075,NA,NA,0
Neoglyphidodon polyacanthus,-31.55,159.07,2018,2,15,7.5,15,-32_159,21.317596753438313,24.50479507446289,21.51167456906573,24.00642807143075,NA,NA,0
Neoglyphidodon polyacanthus,-31.55,159.07,2018,2,15,10,2,-32_159,21.317596753438313,24.50479507446289,21.51167456906573,24.00642807143075,NA,NA,0
Neoglyphidodon polyacanthus,-31.51,159.05,2018,2,14,12.5,1,-32_159,21.317596753438313,24.50479507446289,21.51167456906573,24.00642807143075,2004,Lord Howe Island Marine Park,1
Neoglyphidodon polyacanthus,-31.5,159.07,2018,2,14,10,1,-32_159,21.317596753438313,24.50479507446289,21.51167456906573,24.00642807143075,2004,Lord Howe Island Marine Park,1
Neoglyphidodon polyacanthus,-31.5,159.07,2018,2,14,12.5,2,-32_159,21.317596753438313,24.50479507446289,21.51167456906573,24.00642807143075,2004,Lord Howe Island Marine Park,1
Neoglyphidodon polyacanthus,-31.53,159.05,2018,2,15,5,5,-32_159,21.317596753438313,24.50479507446289,21.51167456906573,24.00642807143075,NA,NA,0
Neoglyphidodon polyacanthus,-31.53,159.05,2018,2,15,7.5,11,-32_159,21.317596753438313,24.50479507446289,21.51167456906573,24.00642807143075,NA,NA,0
Neoglyphidodon polyacanthus,-31.53,159.05,2018,2,15,10,15,-32_159,21.317596753438313,24.50479507446289,21.51167456906573,24.00642807143075,NA,NA,0
Neoglyphidodon polyacanthus,-31.53,159.05,2018,2,15,12.5,20,-32_159,21.317596753438313,24.50479507446289,21.51167456906573,24.00642807143075,NA,NA,0
Neoglyphidodon polyacanthus,-31.55,159.07,2018,2,15,5,10,-32_159,21.317596753438313,24.50479507446289,21.51167456906573,24.00642807143075,NA,NA,0
Neoglyphidodon polyacanthus,-31.55,159.07,2018,2,15,7.5,10,-32_159,21.317596753438313,24.50479507446289,21.51167456906573,24.00642807143075,NA,NA,0
Neoglyphidodon polyacanthus,-31.54,159.06,2018,2,16,5,20,-32_159,21.317596753438313,24.50479507446289,21.51167456906573,24.00642807143075,2004,Lord Howe Island Marine Park,1
Neoglyphidodon polyacanthus,-31.54,159.06,2018,2,16,7.5,40,-32_159,21.317596753438313,24.50479507446289,21.51167456906573,24.00642807143075,2004,Lord Howe Island Marine Park,1
Neoglyphidodon polyacanthus,-31.54,159.06,2018,2,16,10,50,-32_159,21.317596753438313,24.50479507446289,21.51167456906573,24.00642807143075,2004,Lord Howe Island Marine Park,1
Neoglyphidodon polyacanthus,-31.54,159.06,2018,2,16,12.5,2,-32_159,21.317596753438313,24.50479507446289,21.51167456906573,24.00642807143075,2004,Lord Howe Island Marine Park,1
Neoglyphidodon polyacanthus,-31.54,159.06,2018,2,16,5,10,-32_159,21.317596753438313,24.50479507446289,21.51167456906573,24.00642807143075,2004,Lord Howe Island Marine Park,1
Neoglyphidodon polyacanthus,-31.54,159.06,2018,2,16,7.5,50,-32_159,21.317596753438313,24.50479507446289,21.51167456906573,24.00642807143075,2004,Lord Howe Island Marine Park,1
Neoglyphidodon polyacanthus,-31.54,159.06,2018,2,16,12.5,10,-32_159,21.317596753438313,24.50479507446289,21.51167456906573,24.00642807143075,2004,Lord Howe Island Marine Park,1
Neoglyphidodon polyacanthus,-31.54,159.07,2018,2,16,7.5,40,-32_159,21.317596753438313,24.50479507446289,21.51167456906573,24.00642807143075,2004,Lord Howe Island Marine Park,1
Neoglyphidodon polyacanthus,-31.54,159.07,2018,2,16,10,15,-32_159,21.317596753438313,24.50479507446289,21.51167456906573,24.00642807143075,2004,Lord Howe Island Marine Park,1
Neoglyphidodon polyacanthus,-31.51,159.04,2018,2,21,10,6,-32_159,21.317596753438313,24.50479507446289,21.51167456906573,24.00642807143075,NA,NA,0
Neoglyphidodon polyacanthus,-31.51,159.04,2018,2,21,12.5,4,-32_159,21.317596753438313,24.50479507446289,21.51167456906573,24.00642807143075,NA,NA,0
Neoglyphidodon polyacanthus,-31.53,159.05,2018,2,15,10,4,-32_159,21.317596753438313,24.50479507446289,21.51167456906573,24.00642807143075,NA,NA,0
Neoglyphidodon polyacanthus,-31.53,159.05,2018,2,15,12.5,3,-32_159,21.317596753438313,24.50479507446289,21.51167456906573,24.00642807143075,NA,NA,0
Neoglyphidodon polyacanthus,-31.53,159.05,2018,2,15,15,4,-32_159,21.317596753438313,24.50479507446289,21.51167456906573,24.00642807143075,NA,NA,0
Neoglyphidodon polyacanthus,-31.54,159.05,2018,2,15,12.5,5,-32_159,21.317596753438313,24.50479507446289,21.51167456906573,24.00642807143075,2004,Lord Howe Island Marine Park,1
Neoglyphidodon polyacanthus,-31.54,159.05,2018,2,15,7.5,10,-32_159,21.317596753438313,24.50479507446289,21.51167456906573,24.00642807143075,2004,Lord Howe Island Marine Park,1
Neoglyphidodon polyacanthus,-31.54,159.05,2018,2,15,10,5,-32_159,21.317596753438313,24.50479507446289,21.51167456906573,24.00642807143075,2004,Lord Howe Island Marine Park,1
Neoglyphidodon polyacanthus,-31.54,159.05,2018,2,15,15,5,-32_159,21.317596753438313,24.50479507446289,21.51167456906573,24.00642807143075,2004,Lord Howe Island Marine Park,1
Neoglyphidodon polyacanthus,-31.53,159.05,2018,2,12,2.5,3,-32_159,21.317596753438313,24.50479507446289,21.51167456906573,24.00642807143075,NA,NA,0
Neoglyphidodon polyacanthus,-31.53,159.05,2018,2,12,7.5,1,-32_159,21.317596753438313,24.50479507446289,21.51167456906573,24.00642807143075,NA,NA,0
Neoglyphidodon polyacanthus,-31.53,159.05,2018,2,12,10,7,-32_159,21.317596753438313,24.50479507446289,21.51167456906573,24.00642807143075,NA,NA,0
Neoglyphidodon polyacanthus,-31.53,159.05,2018,2,12,12.5,10,-32_159,21.317596753438313,24.50479507446289,21.51167456906573,24.00642807143075,NA,NA,0
Neoglyphidodon polyacanthus,-31.53,159.05,2018,2,12,5,10,-32_159,21.317596753438313,24.50479507446289,21.51167456906573,24.00642807143075,NA,NA,0
Neoglyphidodon polyacanthus,-31.53,159.05,2018,2,12,7.5,10,-32_159,21.317596753438313,24.50479507446289,21.51167456906573,24.00642807143075,NA,NA,0
Neoglyphidodon polyacanthus,-31.53,159.05,2018,2,12,10,5,-32_159,21.317596753438313,24.50479507446289,21.51167456906573,24.00642807143075,NA,NA,0
Neoglyphidodon polyacanthus,-31.56,159.07,2018,2,12,5,1,-32_159,21.317596753438313,24.50479507446289,21.51167456906573,24.00642807143075,NA,NA,0
Neoglyphidodon polyacanthus,-31.56,159.07,2018,2,12,7.5,3,-32_159,21.317596753438313,24.50479507446289,21.51167456906573,24.00642807143075,NA,NA,0
Neoglyphidodon polyacanthus,-31.56,159.07,2018,2,12,10,10,-32_159,21.317596753438313,24.50479507446289,21.51167456906573,24.00642807143075,NA,NA,0
Neoglyphidodon polyacanthus,-31.56,159.07,2018,2,12,7.5,5,-32_159,21.317596753438313,24.50479507446289,21.51167456906573,24.00642807143075,NA,NA,0
Neoglyphidodon polyacanthus,-31.56,159.07,2018,2,12,10,3,-32_159,21.317596753438313,24.50479507446289,21.51167456906573,24.00642807143075,NA,NA,0
Neoglyphidodon polyacanthus,-31.54,159.07,2018,2,16,5,5,-32_159,21.317596753438313,24.50479507446289,21.51167456906573,24.00642807143075,2004,Lord Howe Island Marine Park,1
Neoglyphidodon polyacanthus,-31.54,159.07,2018,2,16,7.5,35,-32_159,21.317596753438313,24.50479507446289,21.51167456906573,24.00642807143075,2004,Lord Howe Island Marine Park,1
Neoglyphidodon polyacanthus,-31.54,159.07,2018,2,16,10,20,-32_159,21.317596753438313,24.50479507446289,21.51167456906573,24.00642807143075,2004,Lord Howe Island Marine Park,1
Neoglyphidodon polyacanthus,-31.56,159.07,2018,2,12,5,3,-32_159,21.317596753438313,24.50479507446289,21.51167456906573,24.00642807143075,NA,NA,0
Neoglyphidodon polyacanthus,-31.56,159.07,2018,2,12,7.5,7,-32_159,21.317596753438313,24.50479507446289,21.51167456906573,24.00642807143075,NA,NA,0
Neoglyphidodon polyacanthus,-31.56,159.07,2018,2,12,10,8,-32_159,21.317596753438313,24.50479507446289,21.51167456906573,24.00642807143075,NA,NA,0
Neoglyphidodon polyacanthus,-31.56,159.07,2018,2,12,12.5,25,-32_159,21.317596753438313,24.50479507446289,21.51167456906573,24.00642807143075,NA,NA,0
Neoglyphidodon polyacanthus,-31.56,159.07,2018,2,12,15,25,-32_159,21.317596753438313,24.50479507446289,21.51167456906573,24.00642807143075,NA,NA,0
Neoglyphidodon polyacanthus,-31.56,159.07,2018,2,12,5,4,-32_159,21.317596753438313,24.50479507446289,21.51167456906573,24.00642807143075,NA,NA,0
Neoglyphidodon polyacanthus,-31.56,159.07,2018,2,12,7.5,7,-32_159,21.317596753438313,24.50479507446289,21.51167456906573,24.00642807143075,NA,NA,0
Neoglyphidodon polyacanthus,-31.56,159.07,2018,2,12,10,8,-32_159,21.317596753438313,24.50479507446289,21.51167456906573,24.00642807143075,NA,NA,0
Neoglyphidodon polyacanthus,-31.53,159.05,2018,2,12,10,20,-32_159,21.317596753438313,24.50479507446289,21.51167456906573,24.00642807143075,NA,NA,0
Neoglyphidodon polyacanthus,-31.54,159.06,2018,2,16,2.5,6,-32_159,21.317596753438313,24.50479507446289,21.51167456906573,24.00642807143075,2004,Lord Howe Island Marine Park,1
Neoglyphidodon polyacanthus,-31.54,159.06,2018,2,16,5,1,-32_159,21.317596753438313,24.50479507446289,21.51167456906573,24.00642807143075,2004,Lord Howe Island Marine Park,1
Neoglyphidodon polyacanthus,-31.54,159.06,2018,2,16,7.5,40,-32_159,21.317596753438313,24.50479507446289,21.51167456906573,24.00642807143075,2004,Lord Howe Island Marine Park,1
Neoglyphidodon polyacanthus,-31.54,159.06,2018,2,16,10,40,-32_159,21.317596753438313,24.50479507446289,21.51167456906573,24.00642807143075,2004,Lord Howe Island Marine Park,1
Neoglyphidodon polyacanthus,-31.54,159.06,2018,2,16,5,28,-32_159,21.317596753438313,24.50479507446289,21.51167456906573,24.00642807143075,2004,Lord Howe Island Marine Park,1
Neoglyphidodon polyacanthus,-31.54,159.06,2018,2,16,7.5,54,-32_159,21.317596753438313,24.50479507446289,21.51167456906573,24.00642807143075,2004,Lord Howe Island Marine Park,1
Neoglyphidodon polyacanthus,-31.54,159.07,2018,2,16,2.5,11,-32_159,21.317596753438313,24.50479507446289,21.51167456906573,24.00642807143075,2004,Lord Howe Island Marine Park,1
Neoglyphidodon polyacanthus,-31.54,159.07,2018,2,16,5,15,-32_159,21.317596753438313,24.50479507446289,21.51167456906573,24.00642807143075,2004,Lord Howe Island Marine Park,1
Neoglyphidodon polyacanthus,-31.54,159.07,2018,2,16,7.5,30,-32_159,21.317596753438313,24.50479507446289,21.51167456906573,24.00642807143075,2004,Lord Howe Island Marine Park,1
Neoglyphidodon polyacanthus,-31.54,159.07,2018,2,16,10,25,-32_159,21.317596753438313,24.50479507446289,21.51167456906573,24.00642807143075,2004,Lord Howe Island Marine Park,1
Neoglyphidodon polyacanthus,-31.54,159.07,2018,2,16,7.5,23,-32_159,21.317596753438313,24.50479507446289,21.51167456906573,24.00642807143075,2004,Lord Howe Island Marine Park,1
Neoglyphidodon polyacanthus,-31.54,159.07,2018,2,16,10,15,-32_159,21.317596753438313,24.50479507446289,21.51167456906573,24.00642807143075,2004,Lord Howe Island Marine Park,1
Neoglyphidodon polyacanthus,-31.51,159.04,2018,2,21,2.5,4,-32_159,21.317596753438313,24.50479507446289,21.51167456906573,24.00642807143075,NA,NA,0
Neoglyphidodon polyacanthus,-31.51,159.04,2018,2,21,12.5,5,-32_159,21.317596753438313,24.50479507446289,21.51167456906573,24.00642807143075,NA,NA,0
Neoglyphidodon polyacanthus,-31.51,159.04,2018,2,21,2.5,2,-32_159,21.317596753438313,24.50479507446289,21.51167456906573,24.00642807143075,NA,NA,0
Neoglyphidodon polyacanthus,-31.51,159.04,2018,2,21,5,2,-32_159,21.317596753438313,24.50479507446289,21.51167456906573,24.00642807143075,NA,NA,0
Neoglyphidodon polyacanthus,-31.51,159.04,2018,2,21,7.5,3,-32_159,21.317596753438313,24.50479507446289,21.51167456906573,24.00642807143075,NA,NA,0
Neoglyphidodon polyacanthus,-31.51,159.04,2018,2,21,10,3,-32_159,21.317596753438313,24.50479507446289,21.51167456906573,24.00642807143075,NA,NA,0
Neoglyphidodon polyacanthus,-31.51,159.04,2018,2,21,12.5,2,-32_159,21.317596753438313,24.50479507446289,21.51167456906573,24.00642807143075,NA,NA,0
Neoglyphidodon polyacanthus,-31.51,159.04,2018,2,21,5,26,-32_159,21.317596753438313,24.50479507446289,21.51167456906573,24.00642807143075,NA,NA,0
Neoglyphidodon polyacanthus,-31.55,159.06,2018,2,22,12.5,25,-32_159,21.317596753438313,24.50479507446289,21.51167456906573,24.00642807143075,2004,Lord Howe Island Marine Park,1
Neoglyphidodon polyacanthus,-31.55,159.06,2018,2,22,15,25,-32_159,21.317596753438313,24.50479507446289,21.51167456906573,24.00642807143075,2004,Lord Howe Island Marine Park,1
Neoglyphidodon polyacanthus,-31.53,159.05,2018,2,11,2.5,2,-32_159,21.317596753438313,24.50479507446289,21.51167456906573,24.00642807143075,NA,NA,0
Neoglyphidodon polyacanthus,-31.53,159.05,2018,2,11,5,1,-32_159,21.317596753438313,24.50479507446289,21.51167456906573,24.00642807143075,NA,NA,0
Neoglyphidodon polyacanthus,-31.53,159.05,2018,2,11,10,1,-32_159,21.317596753438313,24.50479507446289,21.51167456906573,24.00642807143075,NA,NA,0
Neoglyphidodon polyacanthus,-31.53,159.05,2018,2,11,12.5,1,-32_159,21.317596753438313,24.50479507446289,21.51167456906573,24.00642807143075,NA,NA,0
Neoglyphidodon polyacanthus,-31.54,159.07,2008,2,17,10,8,-32_159,20.888954798380535,24.01853370666504,21.15015940291082,23.929654647564067,2004,Lord Howe Island Marine Park,0
Neoglyphidodon polyacanthus,-31.54,159.07,2008,2,17,7.5,5,-32_159,20.888954798380535,24.01853370666504,21.15015940291082,23.929654647564067,2004,Lord Howe Island Marine Park,0
Neoglyphidodon polyacanthus,-31.54,159.07,2008,2,17,10,15,-32_159,20.888954798380535,24.01853370666504,21.15015940291082,23.929654647564067,2004,Lord Howe Island Marine Park,0
Neoglyphidodon polyacanthus,-31.54,159.07,2008,2,17,10,10,-32_159,20.888954798380535,24.01853370666504,21.15015940291082,23.929654647564067,2004,Lord Howe Island Marine Park,0
Neoglyphidodon polyacanthus,-31.54,159.07,2008,2,17,10,12,-32_159,20.888954798380535,24.01853370666504,21.15015940291082,23.929654647564067,2004,Lord Howe Island Marine Park,0
Neoglyphidodon polyacanthus,-31.54,159.07,2008,2,17,5,26,-32_159,20.888954798380535,24.01853370666504,21.15015940291082,23.929654647564067,2004,Lord Howe Island Marine Park,0
Neoglyphidodon polyacanthus,-31.54,159.07,2008,2,17,7.5,45,-32_159,20.888954798380535,24.01853370666504,21.15015940291082,23.929654647564067,2004,Lord Howe Island Marine Park,0
Neoglyphidodon polyacanthus,-31.54,159.07,2008,2,17,10,45,-32_159,20.888954798380535,24.01853370666504,21.15015940291082,23.929654647564067,2004,Lord Howe Island Marine Park,0
Neoglyphidodon polyacanthus,-31.54,159.07,2008,2,17,5,38,-32_159,20.888954798380535,24.01853370666504,21.15015940291082,23.929654647564067,2004,Lord Howe Island Marine Park,0
Neoglyphidodon polyacanthus,-31.54,159.07,2008,2,17,7.5,55,-32_159,20.888954798380535,24.01853370666504,21.15015940291082,23.929654647564067,2004,Lord Howe Island Marine Park,0
Neoglyphidodon polyacanthus,-31.54,159.07,2008,2,17,10,55,-32_159,20.888954798380535,24.01853370666504,21.15015940291082,23.929654647564067,2004,Lord Howe Island Marine Park,0
Neoglyphidodon polyacanthus,-31.54,159.07,2008,2,17,5,25,-32_159,20.888954798380535,24.01853370666504,21.15015940291082,23.929654647564067,2004,Lord Howe Island Marine Park,0
Neoglyphidodon polyacanthus,-31.54,159.07,2008,2,17,7.5,58,-32_159,20.888954798380535,24.01853370666504,21.15015940291082,23.929654647564067,2004,Lord Howe Island Marine Park,0
Neoglyphidodon polyacanthus,-31.54,159.07,2008,2,17,10,56,-32_159,20.888954798380535,24.01853370666504,21.15015940291082,23.929654647564067,2004,Lord Howe Island Marine Park,0
Neoglyphidodon polyacanthus,-31.54,159.07,2008,2,17,12.5,2,-32_159,20.888954798380535,24.01853370666504,21.15015940291082,23.929654647564067,2004,Lord Howe Island Marine Park,0
Neoglyphidodon polyacanthus,-31.54,159.07,2008,2,17,2.5,3,-32_159,20.888954798380535,24.01853370666504,21.15015940291082,23.929654647564067,2004,Lord Howe Island Marine Park,0
Neoglyphidodon polyacanthus,-31.54,159.07,2008,2,17,5,8,-32_159,20.888954798380535,24.01853370666504,21.15015940291082,23.929654647564067,2004,Lord Howe Island Marine Park,0
Neoglyphidodon polyacanthus,-31.54,159.07,2008,2,17,7.5,45,-32_159,20.888954798380535,24.01853370666504,21.15015940291082,23.929654647564067,2004,Lord Howe Island Marine Park,0
Neoglyphidodon polyacanthus,-31.54,159.07,2008,2,17,10,48,-32_159,20.888954798380535,24.01853370666504,21.15015940291082,23.929654647564067,2004,Lord Howe Island Marine Park,0
Neoglyphidodon polyacanthus,-31.52,159.04,2008,3,8,12.5,1,-32_159,20.888954798380535,23.390670776367188,21.15015940291082,23.309031701857045,NA,NA,0
Neoglyphidodon polyacanthus,-31.52,159.04,2008,3,8,12.5,2,-32_159,20.888954798380535,23.390670776367188,21.15015940291082,23.309031701857045,NA,NA,0
Neoglyphidodon polyacanthus,-31.52,159.04,2008,3,10,12.5,1,-32_159,20.888954798380535,23.390670776367188,21.15015940291082,23.309031701857045,2004,Lord Howe Island Marine Park,0
Neoglyphidodon polyacanthus,-31.52,159.04,2008,3,10,10,1,-32_159,20.888954798380535,23.390670776367188,21.15015940291082,23.309031701857045,2004,Lord Howe Island Marine Park,0
Neoglyphidodon polyacanthus,-31.52,159.04,2008,3,10,12.5,1,-32_159,20.888954798380535,23.390670776367188,21.15015940291082,23.309031701857045,2004,Lord Howe Island Marine Park,0
Neoglyphidodon polyacanthus,-31.52,159.04,2008,3,10,5,1,-32_159,20.888954798380535,23.390670776367188,21.15015940291082,23.309031701857045,2004,Lord Howe Island Marine Park,0
Neoglyphidodon polyacanthus,-31.52,159.04,2008,3,10,10,2,-32_159,20.888954798380535,23.390670776367188,21.15015940291082,23.309031701857045,2004,Lord Howe Island Marine Park,0
Neoglyphidodon polyacanthus,-31.55,159.06,2008,2,18,5,2,-32_159,20.888954798380535,24.01853370666504,21.15015940291082,23.929654647564067,2004,Lord Howe Island Marine Park,0
Neoglyphidodon polyacanthus,-31.55,159.06,2008,2,18,10,6,-32_159,20.888954798380535,24.01853370666504,21.15015940291082,23.929654647564067,2004,Lord Howe Island Marine Park,0
Neoglyphidodon polyacanthus,-31.55,159.06,2008,2,18,12.5,1,-32_159,20.888954798380535,24.01853370666504,21.15015940291082,23.929654647564067,2004,Lord Howe Island Marine Park,0
Neoglyphidodon polyacanthus,-31.55,159.07,2008,2,19,7.5,10,-32_159,20.888954798380535,24.01853370666504,21.15015940291082,23.929654647564067,NA,NA,0
Neoglyphidodon polyacanthus,-31.55,159.07,2008,2,19,10,25,-32_159,20.888954798380535,24.01853370666504,21.15015940291082,23.929654647564067,NA,NA,0
Neoglyphidodon polyacanthus,-31.55,159.07,2008,2,19,12.5,1,-32_159,20.888954798380535,24.01853370666504,21.15015940291082,23.929654647564067,NA,NA,0
Neoglyphidodon polyacanthus,-31.55,159.07,2008,2,19,15,1,-32_159,20.888954798380535,24.01853370666504,21.15015940291082,23.929654647564067,NA,NA,0
Neoglyphidodon polyacanthus,-31.55,159.07,2008,2,19,7.5,2,-32_159,20.888954798380535,24.01853370666504,21.15015940291082,23.929654647564067,NA,NA,0
Neoglyphidodon polyacanthus,-31.55,159.07,2008,2,19,10,10,-32_159,20.888954798380535,24.01853370666504,21.15015940291082,23.929654647564067,NA,NA,0
Neoglyphidodon polyacanthus,-31.55,159.07,2008,2,19,7.5,5,-32_159,20.888954798380535,24.01853370666504,21.15015940291082,23.929654647564067,NA,NA,0
Neoglyphidodon polyacanthus,-31.55,159.07,2008,2,19,10,20,-32_159,20.888954798380535,24.01853370666504,21.15015940291082,23.929654647564067,NA,NA,0
Neoglyphidodon polyacanthus,-31.55,159.07,2008,2,19,12.5,10,-32_159,20.888954798380535,24.01853370666504,21.15015940291082,23.929654647564067,NA,NA,0
Neoglyphidodon polyacanthus,-31.55,159.07,2008,2,19,7.5,4,-32_159,20.888954798380535,24.01853370666504,21.15015940291082,23.929654647564067,NA,NA,0
Neoglyphidodon polyacanthus,-31.55,159.07,2008,2,19,10,12,-32_159,20.888954798380535,24.01853370666504,21.15015940291082,23.929654647564067,NA,NA,0
Neoglyphidodon polyacanthus,-31.55,159.07,2008,2,19,5,8,-32_159,20.888954798380535,24.01853370666504,21.15015940291082,23.929654647564067,NA,NA,0
Neoglyphidodon polyacanthus,-31.55,159.07,2008,2,19,7.5,35,-32_159,20.888954798380535,24.01853370666504,21.15015940291082,23.929654647564067,NA,NA,0
Neoglyphidodon polyacanthus,-31.55,159.07,2008,2,19,10,55,-32_159,20.888954798380535,24.01853370666504,21.15015940291082,23.929654647564067,NA,NA,0
Neoglyphidodon polyacanthus,-31.55,159.07,2008,2,19,12.5,8,-32_159,20.888954798380535,24.01853370666504,21.15015940291082,23.929654647564067,NA,NA,0
Neoglyphidodon polyacanthus,-31.55,159.07,2008,2,19,7.5,18,-32_159,20.888954798380535,24.01853370666504,21.15015940291082,23.929654647564067,NA,NA,0
Neoglyphidodon polyacanthus,-31.55,159.07,2008,2,19,10,35,-32_159,20.888954798380535,24.01853370666504,21.15015940291082,23.929654647564067,NA,NA,0
Neoglyphidodon polyacanthus,-31.55,159.07,2008,2,19,12.5,5,-32_159,20.888954798380535,24.01853370666504,21.15015940291082,23.929654647564067,NA,NA,0
Neoglyphidodon polyacanthus,-31.55,159.06,2008,2,18,7.5,1,-32_159,20.888954798380535,24.01853370666504,21.15015940291082,23.929654647564067,2004,Lord Howe Island Marine Park,0
Neoglyphidodon polyacanthus,-31.55,159.06,2008,2,18,10,3,-32_159,20.888954798380535,24.01853370666504,21.15015940291082,23.929654647564067,2004,Lord Howe Island Marine Park,0
Neoglyphidodon polyacanthus,-31.55,159.06,2008,2,18,12.5,2,-32_159,20.888954798380535,24.01853370666504,21.15015940291082,23.929654647564067,2004,Lord Howe Island Marine Park,0
Neoglyphidodon polyacanthus,-31.55,159.06,2008,2,18,7.5,5,-32_159,20.888954798380535,24.01853370666504,21.15015940291082,23.929654647564067,2004,Lord Howe Island Marine Park,0
Neoglyphidodon polyacanthus,-31.55,159.06,2008,2,18,10,15,-32_159,20.888954798380535,24.01853370666504,21.15015940291082,23.929654647564067,2004,Lord Howe Island Marine Park,0
Neoglyphidodon polyacanthus,-31.55,159.06,2008,2,18,12.5,5,-32_159,20.888954798380535,24.01853370666504,21.15015940291082,23.929654647564067,2004,Lord Howe Island Marine Park,0
Neoglyphidodon polyacanthus,-31.55,159.06,2008,2,18,10,20,-32_159,20.888954798380535,24.01853370666504,21.15015940291082,23.929654647564067,2004,Lord Howe Island Marine Park,0
Neoglyphidodon polyacanthus,-31.55,159.06,2008,2,18,12.5,3,-32_159,20.888954798380535,24.01853370666504,21.15015940291082,23.929654647564067,2004,Lord Howe Island Marine Park,0
Neoglyphidodon polyacanthus,-31.55,159.06,2008,2,18,15,3,-32_159,20.888954798380535,24.01853370666504,21.15015940291082,23.929654647564067,2004,Lord Howe Island Marine Park,0
Neoglyphidodon polyacanthus,-31.55,159.06,2008,2,18,2.5,3,-32_159,20.888954798380535,24.01853370666504,21.15015940291082,23.929654647564067,2004,Lord Howe Island Marine Park,0
Neoglyphidodon polyacanthus,-31.55,159.06,2008,2,18,5,8,-32_159,20.888954798380535,24.01853370666504,21.15015940291082,23.929654647564067,2004,Lord Howe Island Marine Park,0
Neoglyphidodon polyacanthus,-31.55,159.06,2008,2,18,7.5,25,-32_159,20.888954798380535,24.01853370666504,21.15015940291082,23.929654647564067,2004,Lord Howe Island Marine Park,0
Neoglyphidodon polyacanthus,-31.55,159.06,2008,2,18,10,10,-32_159,20.888954798380535,24.01853370666504,21.15015940291082,23.929654647564067,2004,Lord Howe Island Marine Park,0
Neoglyphidodon polyacanthus,-31.55,159.06,2008,2,18,5,4,-32_159,20.888954798380535,24.01853370666504,21.15015940291082,23.929654647564067,2004,Lord Howe Island Marine Park,0
Neoglyphidodon polyacanthus,-31.55,159.06,2008,2,18,7.5,12,-32_159,20.888954798380535,24.01853370666504,21.15015940291082,23.929654647564067,2004,Lord Howe Island Marine Park,0
Neoglyphidodon polyacanthus,-31.55,159.06,2008,2,18,10,8,-32_159,20.888954798380535,24.01853370666504,21.15015940291082,23.929654647564067,2004,Lord Howe Island Marine Park,0
Neoglyphidodon polyacanthus,-31.55,159.06,2008,2,18,5,5,-32_159,20.888954798380535,24.01853370666504,21.15015940291082,23.929654647564067,2004,Lord Howe Island Marine Park,0
Neoglyphidodon polyacanthus,-31.55,159.06,2008,2,18,7.5,6,-32_159,20.888954798380535,24.01853370666504,21.15015940291082,23.929654647564067,2004,Lord Howe Island Marine Park,0
Neoglyphidodon polyacanthus,-31.55,159.06,2008,2,18,10,5,-32_159,20.888954798380535,24.01853370666504,21.15015940291082,23.929654647564067,2004,Lord Howe Island Marine Park,0
Neoglyphidodon polyacanthus,-31.55,159.06,2008,2,18,12.5,5,-32_159,20.888954798380535,24.01853370666504,21.15015940291082,23.929654647564067,2004,Lord Howe Island Marine Park,0
Neoglyphidodon polyacanthus,-31.55,159.06,2008,2,18,7.5,4,-32_159,20.888954798380535,24.01853370666504,21.15015940291082,23.929654647564067,2004,Lord Howe Island Marine Park,0
Neoglyphidodon polyacanthus,-31.55,159.06,2008,2,18,10,2,-32_159,20.888954798380535,24.01853370666504,21.15015940291082,23.929654647564067,2004,Lord Howe Island Marine Park,0
Neoglyphidodon polyacanthus,-31.56,159.07,2008,2,18,10,1,-32_159,20.888954798380535,24.01853370666504,21.15015940291082,23.929654647564067,NA,NA,0
Neoglyphidodon polyacanthus,-31.56,159.07,2008,2,19,7.5,12,-32_159,20.888954798380535,24.01853370666504,21.15015940291082,23.929654647564067,NA,NA,0
Neoglyphidodon polyacanthus,-31.56,159.07,2008,2,19,10,35,-32_159,20.888954798380535,24.01853370666504,21.15015940291082,23.929654647564067,NA,NA,0
Neoglyphidodon polyacanthus,-31.56,159.07,2008,2,19,12.5,18,-32_159,20.888954798380535,24.01853370666504,21.15015940291082,23.929654647564067,NA,NA,0
Neoglyphidodon polyacanthus,-31.56,159.07,2008,2,19,5,4,-32_159,20.888954798380535,24.01853370666504,21.15015940291082,23.929654647564067,NA,NA,0
Neoglyphidodon polyacanthus,-31.56,159.07,2008,2,19,7.5,25,-32_159,20.888954798380535,24.01853370666504,21.15015940291082,23.929654647564067,NA,NA,0
Neoglyphidodon polyacanthus,-31.56,159.07,2008,2,19,10,28,-32_159,20.888954798380535,24.01853370666504,21.15015940291082,23.929654647564067,NA,NA,0
Neoglyphidodon polyacanthus,-31.56,159.07,2008,2,19,12.5,5,-32_159,20.888954798380535,24.01853370666504,21.15015940291082,23.929654647564067,NA,NA,0
Neoglyphidodon polyacanthus,-31.55,159.07,2008,2,19,5,6,-32_159,20.888954798380535,24.01853370666504,21.15015940291082,23.929654647564067,NA,NA,0
Neoglyphidodon polyacanthus,-31.55,159.07,2008,2,19,7.5,25,-32_159,20.888954798380535,24.01853370666504,21.15015940291082,23.929654647564067,NA,NA,0
Neoglyphidodon polyacanthus,-31.55,159.07,2008,2,19,10,55,-32_159,20.888954798380535,24.01853370666504,21.15015940291082,23.929654647564067,NA,NA,0
Neoglyphidodon polyacanthus,-31.55,159.07,2008,2,19,12.5,4,-32_159,20.888954798380535,24.01853370666504,21.15015940291082,23.929654647564067,NA,NA,0
Neoglyphidodon polyacanthus,-31.55,159.07,2008,2,19,5,4,-32_159,20.888954798380535,24.01853370666504,21.15015940291082,23.929654647564067,NA,NA,0
Neoglyphidodon polyacanthus,-31.55,159.07,2008,2,19,7.5,8,-32_159,20.888954798380535,24.01853370666504,21.15015940291082,23.929654647564067,NA,NA,0
Neoglyphidodon polyacanthus,-31.55,159.07,2008,2,19,10,16,-32_159,20.888954798380535,24.01853370666504,21.15015940291082,23.929654647564067,NA,NA,0
Neoglyphidodon polyacanthus,-31.55,159.07,2008,2,19,12.5,5,-32_159,20.888954798380535,24.01853370666504,21.15015940291082,23.929654647564067,NA,NA,0
Neoglyphidodon polyacanthus,-31.56,159.07,2008,2,19,10,15,-32_159,20.888954798380535,24.01853370666504,21.15015940291082,23.929654647564067,NA,NA,0
Neoglyphidodon polyacanthus,-31.56,159.07,2008,2,19,12.5,1,-32_159,20.888954798380535,24.01853370666504,21.15015940291082,23.929654647564067,NA,NA,0
Neoglyphidodon polyacanthus,-31.56,159.07,2008,2,19,15,1,-32_159,20.888954798380535,24.01853370666504,21.15015940291082,23.929654647564067,NA,NA,0
Neoglyphidodon polyacanthus,-31.56,159.07,2008,2,19,10,12,-32_159,20.888954798380535,24.01853370666504,21.15015940291082,23.929654647564067,NA,NA,0
Neoglyphidodon polyacanthus,-31.56,159.07,2008,2,19,12.5,5,-32_159,20.888954798380535,24.01853370666504,21.15015940291082,23.929654647564067,NA,NA,0
Neoglyphidodon polyacanthus,-31.58,159.07,2008,2,18,5,1,-32_159,20.888954798380535,24.01853370666504,21.15015940291082,23.929654647564067,NA,NA,0
Neoglyphidodon polyacanthus,-31.58,159.07,2008,2,18,7.5,1,-32_159,20.888954798380535,24.01853370666504,21.15015940291082,23.929654647564067,NA,NA,0
Neoglyphidodon polyacanthus,-31.58,159.07,2008,2,18,5,1,-32_159,20.888954798380535,24.01853370666504,21.15015940291082,23.929654647564067,NA,NA,0
Neoglyphidodon polyacanthus,-31.54,159.05,2008,2,19,7.5,4,-32_159,20.888954798380535,24.01853370666504,21.15015940291082,23.929654647564067,2004,Lord Howe Island Marine Park,0
Neoglyphidodon polyacanthus,-31.54,159.05,2008,2,19,10,14,-32_159,20.888954798380535,24.01853370666504,21.15015940291082,23.929654647564067,2004,Lord Howe Island Marine Park,0
Neoglyphidodon polyacanthus,-31.54,159.05,2008,2,19,12.5,3,-32_159,20.888954798380535,24.01853370666504,21.15015940291082,23.929654647564067,2004,Lord Howe Island Marine Park,0
Neoglyphidodon polyacanthus,-31.58,159.07,2008,2,18,5,1,-32_159,20.888954798380535,24.01853370666504,21.15015940291082,23.929654647564067,NA,NA,0
Neoglyphidodon polyacanthus,-31.58,159.07,2008,2,18,10,1,-32_159,20.888954798380535,24.01853370666504,21.15015940291082,23.929654647564067,NA,NA,0
Neoglyphidodon polyacanthus,-31.57,159.07,2008,2,18,10,1,-32_159,20.888954798380535,24.01853370666504,21.15015940291082,23.929654647564067,NA,NA,0
Neoglyphidodon polyacanthus,-31.54,159.05,2008,2,19,7.5,1,-32_159,20.888954798380535,24.01853370666504,21.15015940291082,23.929654647564067,2004,Lord Howe Island Marine Park,0
Neoglyphidodon polyacanthus,-31.54,159.05,2008,2,19,10,15,-32_159,20.888954798380535,24.01853370666504,21.15015940291082,23.929654647564067,2004,Lord Howe Island Marine Park,0
Neoglyphidodon polyacanthus,-31.57,159.07,2008,2,18,10,1,-32_159,20.888954798380535,24.01853370666504,21.15015940291082,23.929654647564067,NA,NA,0
Neoglyphidodon polyacanthus,-31.57,159.07,2008,2,18,10,2,-32_159,20.888954798380535,24.01853370666504,21.15015940291082,23.929654647564067,NA,NA,0
Neoglyphidodon polyacanthus,-31.56,159.07,2008,2,18,5,2,-32_159,20.888954798380535,24.01853370666504,21.15015940291082,23.929654647564067,NA,NA,0
Neoglyphidodon polyacanthus,-31.56,159.07,2008,2,18,7.5,18,-32_159,20.888954798380535,24.01853370666504,21.15015940291082,23.929654647564067,NA,NA,0
Neoglyphidodon polyacanthus,-31.56,159.07,2008,2,18,10,25,-32_159,20.888954798380535,24.01853370666504,21.15015940291082,23.929654647564067,NA,NA,0
Neoglyphidodon polyacanthus,-31.56,159.07,2008,2,18,12.5,15,-32_159,20.888954798380535,24.01853370666504,21.15015940291082,23.929654647564067,NA,NA,0
Neoglyphidodon polyacanthus,-31.56,159.07,2008,2,18,7.5,10,-32_159,20.888954798380535,24.01853370666504,21.15015940291082,23.929654647564067,NA,NA,0
Neoglyphidodon polyacanthus,-31.56,159.07,2008,2,18,10,14,-32_159,20.888954798380535,24.01853370666504,21.15015940291082,23.929654647564067,NA,NA,0
Neoglyphidodon polyacanthus,-31.56,159.07,2008,2,18,12.5,12,-32_159,20.888954798380535,24.01853370666504,21.15015940291082,23.929654647564067,NA,NA,0
Neoglyphidodon polyacanthus,-31.56,159.07,2008,2,18,10,12,-32_159,20.888954798380535,24.01853370666504,21.15015940291082,23.929654647564067,NA,NA,0
Neoglyphidodon polyacanthus,-31.56,159.07,2008,2,18,12.5,2,-32_159,20.888954798380535,24.01853370666504,21.15015940291082,23.929654647564067,NA,NA,0
Neoglyphidodon polyacanthus,-31.52,159.05,2008,2,17,5,15,-32_159,20.888954798380535,24.01853370666504,21.15015940291082,23.929654647564067,2004,Lord Howe Island Marine Park,0
Neoglyphidodon polyacanthus,-31.52,159.05,2008,2,17,7.5,15,-32_159,20.888954798380535,24.01853370666504,21.15015940291082,23.929654647564067,2004,Lord Howe Island Marine Park,0
Neoglyphidodon polyacanthus,-31.52,159.05,2008,2,17,10,40,-32_159,20.888954798380535,24.01853370666504,21.15015940291082,23.929654647564067,2004,Lord Howe Island Marine Park,0
Neoglyphidodon polyacanthus,-31.52,159.05,2008,2,17,5,45,-32_159,20.888954798380535,24.01853370666504,21.15015940291082,23.929654647564067,2004,Lord Howe Island Marine Park,0
Neoglyphidodon polyacanthus,-31.52,159.05,2008,2,17,7.5,45,-32_159,20.888954798380535,24.01853370666504,21.15015940291082,23.929654647564067,2004,Lord Howe Island Marine Park,0
Neoglyphidodon polyacanthus,-31.52,159.05,2008,2,17,10,120,-32_159,20.888954798380535,24.01853370666504,21.15015940291082,23.929654647564067,2004,Lord Howe Island Marine Park,0
Neoglyphidodon polyacanthus,-31.53,159.05,2008,2,20,2.5,4,-32_159,20.888954798380535,24.01853370666504,21.15015940291082,23.929654647564067,NA,NA,0
Neoglyphidodon polyacanthus,-31.53,159.05,2008,2,20,5,8,-32_159,20.888954798380535,24.01853370666504,21.15015940291082,23.929654647564067,NA,NA,0
Neoglyphidodon polyacanthus,-31.53,159.05,2008,2,20,7.5,11,-32_159,20.888954798380535,24.01853370666504,21.15015940291082,23.929654647564067,NA,NA,0
Neoglyphidodon polyacanthus,-31.53,159.05,2008,2,20,10,17,-32_159,20.888954798380535,24.01853370666504,21.15015940291082,23.929654647564067,NA,NA,0
Neoglyphidodon polyacanthus,-31.54,159.05,2008,2,19,10,1,-32_159,20.888954798380535,24.01853370666504,21.15015940291082,23.929654647564067,2004,Lord Howe Island Marine Park,0
Neoglyphidodon polyacanthus,-31.54,159.05,2008,2,19,12.5,1,-32_159,20.888954798380535,24.01853370666504,21.15015940291082,23.929654647564067,2004,Lord Howe Island Marine Park,0
Neoglyphidodon polyacanthus,-31.54,159.05,2008,2,19,10,2,-32_159,20.888954798380535,24.01853370666504,21.15015940291082,23.929654647564067,2004,Lord Howe Island Marine Park,0
Neoglyphidodon polyacanthus,-31.52,159.04,2008,3,7,5,1,-32_159,20.888954798380535,23.390670776367188,21.15015940291082,23.309031701857045,2004,Lord Howe Island Marine Park,0
Neoglyphidodon polyacanthus,-31.52,159.04,2008,3,7,10,2,-32_159,20.888954798380535,23.390670776367188,21.15015940291082,23.309031701857045,2004,Lord Howe Island Marine Park,0
Neoglyphidodon polyacanthus,-31.52,159.04,2008,3,7,10,1,-32_159,20.888954798380535,23.390670776367188,21.15015940291082,23.309031701857045,2004,Lord Howe Island Marine Park,0
Neoglyphidodon polyacanthus,-31.52,159.04,2008,3,7,12.5,1,-32_159,20.888954798380535,23.390670776367188,21.15015940291082,23.309031701857045,2004,Lord Howe Island Marine Park,0
Neoglyphidodon polyacanthus,-31.52,159.04,2008,3,7,2.5,1,-32_159,20.888954798380535,23.390670776367188,21.15015940291082,23.309031701857045,2004,Lord Howe Island Marine Park,0
Neoglyphidodon polyacanthus,-31.52,159.04,2008,3,7,5,1,-32_159,20.888954798380535,23.390670776367188,21.15015940291082,23.309031701857045,2004,Lord Howe Island Marine Park,0
Neoglyphidodon polyacanthus,-31.52,159.04,2008,3,7,7.5,1,-32_159,20.888954798380535,23.390670776367188,21.15015940291082,23.309031701857045,2004,Lord Howe Island Marine Park,0
Neoglyphidodon polyacanthus,-31.52,159.04,2008,3,7,10,2,-32_159,20.888954798380535,23.390670776367188,21.15015940291082,23.309031701857045,2004,Lord Howe Island Marine Park,0
Neoglyphidodon polyacanthus,-31.52,159.04,2008,3,7,10,1,-32_159,20.888954798380535,23.390670776367188,21.15015940291082,23.309031701857045,2004,Lord Howe Island Marine Park,0
Neoglyphidodon polyacanthus,-31.52,159.05,2008,2,17,5,15,-32_159,20.888954798380535,24.01853370666504,21.15015940291082,23.929654647564067,2004,Lord Howe Island Marine Park,0
Neoglyphidodon polyacanthus,-31.52,159.05,2008,2,17,7.5,15,-32_159,20.888954798380535,24.01853370666504,21.15015940291082,23.929654647564067,2004,Lord Howe Island Marine Park,0
Neoglyphidodon polyacanthus,-31.52,159.05,2008,2,17,10,40,-32_159,20.888954798380535,24.01853370666504,21.15015940291082,23.929654647564067,2004,Lord Howe Island Marine Park,0
Neoglyphidodon polyacanthus,-31.52,159.05,2008,2,17,5,45,-32_159,20.888954798380535,24.01853370666504,21.15015940291082,23.929654647564067,2004,Lord Howe Island Marine Park,0
Neoglyphidodon polyacanthus,-31.52,159.05,2008,2,17,7.5,65,-32_159,20.888954798380535,24.01853370666504,21.15015940291082,23.929654647564067,2004,Lord Howe Island Marine Park,0
Neoglyphidodon polyacanthus,-31.52,159.05,2008,2,17,10,55,-32_159,20.888954798380535,24.01853370666504,21.15015940291082,23.929654647564067,2004,Lord Howe Island Marine Park,0
Neoglyphidodon polyacanthus,-31.52,159.05,2008,2,17,5,15,-32_159,20.888954798380535,24.01853370666504,21.15015940291082,23.929654647564067,2004,Lord Howe Island Marine Park,0
Neoglyphidodon polyacanthus,-31.52,159.05,2008,2,17,7.5,45,-32_159,20.888954798380535,24.01853370666504,21.15015940291082,23.929654647564067,2004,Lord Howe Island Marine Park,0
Neoglyphidodon polyacanthus,-31.52,159.05,2008,2,17,10,75,-32_159,20.888954798380535,24.01853370666504,21.15015940291082,23.929654647564067,2004,Lord Howe Island Marine Park,0
Neoglyphidodon polyacanthus,-31.52,159.05,2008,2,17,2.5,15,-32_159,20.888954798380535,24.01853370666504,21.15015940291082,23.929654647564067,2004,Lord Howe Island Marine Park,0
Neoglyphidodon polyacanthus,-31.52,159.05,2008,2,17,5,25,-32_159,20.888954798380535,24.01853370666504,21.15015940291082,23.929654647564067,2004,Lord Howe Island Marine Park,0
Neoglyphidodon polyacanthus,-31.52,159.05,2008,2,17,7.5,40,-32_159,20.888954798380535,24.01853370666504,21.15015940291082,23.929654647564067,2004,Lord Howe Island Marine Park,0
Neoglyphidodon polyacanthus,-31.52,159.05,2008,2,17,10,56,-32_159,20.888954798380535,24.01853370666504,21.15015940291082,23.929654647564067,2004,Lord Howe Island Marine Park,0
Neoglyphidodon polyacanthus,-31.52,159.05,2008,2,17,12.5,25,-32_159,20.888954798380535,24.01853370666504,21.15015940291082,23.929654647564067,2004,Lord Howe Island Marine Park,0
Neoglyphidodon polyacanthus,-31.52,159.05,2008,2,17,2.5,8,-32_159,20.888954798380535,24.01853370666504,21.15015940291082,23.929654647564067,2004,Lord Howe Island Marine Park,0
Neoglyphidodon polyacanthus,-31.52,159.05,2008,2,17,5,15,-32_159,20.888954798380535,24.01853370666504,21.15015940291082,23.929654647564067,2004,Lord Howe Island Marine Park,0
Neoglyphidodon polyacanthus,-31.52,159.05,2008,2,17,7.5,25,-32_159,20.888954798380535,24.01853370666504,21.15015940291082,23.929654647564067,2004,Lord Howe Island Marine Park,0
Neoglyphidodon polyacanthus,-31.52,159.05,2008,2,17,10,55,-32_159,20.888954798380535,24.01853370666504,21.15015940291082,23.929654647564067,2004,Lord Howe Island Marine Park,0
Neoglyphidodon polyacanthus,-31.52,159.05,2008,2,17,15,5,-32_159,20.888954798380535,24.01853370666504,21.15015940291082,23.929654647564067,2004,Lord Howe Island Marine Park,0
Neoglyphidodon polyacanthus,-31.51,159.04,2008,2,24,5,3,-32_159,20.888954798380535,24.01853370666504,21.15015940291082,23.929654647564067,NA,NA,0
Neoglyphidodon polyacanthus,-31.51,159.04,2008,2,24,7.5,3,-32_159,20.888954798380535,24.01853370666504,21.15015940291082,23.929654647564067,NA,NA,0
Neoglyphidodon polyacanthus,-31.51,159.04,2008,2,24,10,3,-32_159,20.888954798380535,24.01853370666504,21.15015940291082,23.929654647564067,NA,NA,0
Neoglyphidodon polyacanthus,-31.51,159.04,2008,2,24,12.5,1,-32_159,20.888954798380535,24.01853370666504,21.15015940291082,23.929654647564067,NA,NA,0
Neoglyphidodon polyacanthus,-31.51,159.04,2008,2,24,5,2,-32_159,20.888954798380535,24.01853370666504,21.15015940291082,23.929654647564067,NA,NA,0
Neoglyphidodon polyacanthus,-31.51,159.04,2008,2,24,7.5,1,-32_159,20.888954798380535,24.01853370666504,21.15015940291082,23.929654647564067,NA,NA,0
Neoglyphidodon polyacanthus,-31.51,159.04,2008,2,24,5,1,-32_159,20.888954798380535,24.01853370666504,21.15015940291082,23.929654647564067,NA,NA,0
Neoglyphidodon polyacanthus,-31.51,159.04,2008,2,24,7.5,1,-32_159,20.888954798380535,24.01853370666504,21.15015940291082,23.929654647564067,NA,NA,0
Neoglyphidodon polyacanthus,-31.51,159.04,2008,2,24,10,4,-32_159,20.888954798380535,24.01853370666504,21.15015940291082,23.929654647564067,NA,NA,0
Neoglyphidodon polyacanthus,-31.51,159.04,2008,2,24,10,1,-32_159,20.888954798380535,24.01853370666504,21.15015940291082,23.929654647564067,NA,NA,0
Neoglyphidodon polyacanthus,-31.51,159.06,2008,2,24,10,1,-32_159,20.888954798380535,24.01853370666504,21.15015940291082,23.929654647564067,2004,Lord Howe Island Marine Park,0
Neoglyphidodon polyacanthus,-31.51,159.06,2008,2,24,12.5,3,-32_159,20.888954798380535,24.01853370666504,21.15015940291082,23.929654647564067,2004,Lord Howe Island Marine Park,0
Neoglyphidodon polyacanthus,-31.51,159.06,2008,2,24,15,1,-32_159,20.888954798380535,24.01853370666504,21.15015940291082,23.929654647564067,2004,Lord Howe Island Marine Park,0
Neoglyphidodon polyacanthus,-31.53,159.06,2008,2,20,5,5,-32_159,20.888954798380535,24.01853370666504,21.15015940291082,23.929654647564067,NA,NA,0
Neoglyphidodon polyacanthus,-31.53,159.06,2008,2,20,7.5,12,-32_159,20.888954798380535,24.01853370666504,21.15015940291082,23.929654647564067,NA,NA,0
Neoglyphidodon polyacanthus,-31.53,159.06,2008,2,20,10,16,-32_159,20.888954798380535,24.01853370666504,21.15015940291082,23.929654647564067,NA,NA,0
Neoglyphidodon polyacanthus,-31.53,159.06,2008,2,20,12.5,15,-32_159,20.888954798380535,24.01853370666504,21.15015940291082,23.929654647564067,NA,NA,0
Neoglyphidodon polyacanthus,-31.53,159.06,2008,2,20,5,4,-32_159,20.888954798380535,24.01853370666504,21.15015940291082,23.929654647564067,NA,NA,0
Neoglyphidodon polyacanthus,-31.53,159.06,2008,2,20,7.5,16,-32_159,20.888954798380535,24.01853370666504,21.15015940291082,23.929654647564067,NA,NA,0
Neoglyphidodon polyacanthus,-31.53,159.06,2008,2,20,10,25,-32_159,20.888954798380535,24.01853370666504,21.15015940291082,23.929654647564067,NA,NA,0
Neoglyphidodon polyacanthus,-31.53,159.06,2008,2,20,12.5,18,-32_159,20.888954798380535,24.01853370666504,21.15015940291082,23.929654647564067,NA,NA,0
Neoglyphidodon polyacanthus,-31.53,159.06,2008,2,20,5,4,-32_159,20.888954798380535,24.01853370666504,21.15015940291082,23.929654647564067,NA,NA,0
Neoglyphidodon polyacanthus,-31.53,159.06,2008,2,20,7.5,12,-32_159,20.888954798380535,24.01853370666504,21.15015940291082,23.929654647564067,NA,NA,0
Neoglyphidodon polyacanthus,-31.53,159.06,2008,2,20,10,25,-32_159,20.888954798380535,24.01853370666504,21.15015940291082,23.929654647564067,NA,NA,0
Neoglyphidodon polyacanthus,-31.53,159.06,2008,2,20,12.5,14,-32_159,20.888954798380535,24.01853370666504,21.15015940291082,23.929654647564067,NA,NA,0
Neoglyphidodon polyacanthus,-31.53,159.06,2008,2,20,5,3,-32_159,20.888954798380535,24.01853370666504,21.15015940291082,23.929654647564067,NA,NA,0
Neoglyphidodon polyacanthus,-31.53,159.06,2008,2,20,7.5,16,-32_159,20.888954798380535,24.01853370666504,21.15015940291082,23.929654647564067,NA,NA,0
Neoglyphidodon polyacanthus,-31.53,159.06,2008,2,20,10,28,-32_159,20.888954798380535,24.01853370666504,21.15015940291082,23.929654647564067,NA,NA,0
Neoglyphidodon polyacanthus,-31.53,159.06,2008,2,20,12.5,5,-32_159,20.888954798380535,24.01853370666504,21.15015940291082,23.929654647564067,NA,NA,0
Neoglyphidodon polyacanthus,-31.51,159.07,2008,2,14,2.5,1,-32_159,20.888954798380535,24.01853370666504,21.15015940291082,23.929654647564067,2004,Lord Howe Island Marine Park,0
Neoglyphidodon polyacanthus,-31.51,159.07,2008,2,14,5,5,-32_159,20.888954798380535,24.01853370666504,21.15015940291082,23.929654647564067,2004,Lord Howe Island Marine Park,0
Neoglyphidodon polyacanthus,-31.51,159.07,2008,2,14,10,4,-32_159,20.888954798380535,24.01853370666504,21.15015940291082,23.929654647564067,2004,Lord Howe Island Marine Park,0
Neoglyphidodon polyacanthus,-31.51,159.07,2008,2,14,10,2,-32_159,20.888954798380535,24.01853370666504,21.15015940291082,23.929654647564067,2004,Lord Howe Island Marine Park,0
Neoglyphidodon polyacanthus,-31.51,159.07,2008,2,14,5,25,-32_159,20.888954798380535,24.01853370666504,21.15015940291082,23.929654647564067,2004,Lord Howe Island Marine Park,0
Neoglyphidodon polyacanthus,-31.51,159.07,2008,2,14,7.5,8,-32_159,20.888954798380535,24.01853370666504,21.15015940291082,23.929654647564067,2004,Lord Howe Island Marine Park,0
Neoglyphidodon polyacanthus,-31.51,159.07,2008,2,14,5,6,-32_159,20.888954798380535,24.01853370666504,21.15015940291082,23.929654647564067,2004,Lord Howe Island Marine Park,0
Neoglyphidodon polyacanthus,-31.51,159.07,2008,2,14,7.5,5,-32_159,20.888954798380535,24.01853370666504,21.15015940291082,23.929654647564067,2004,Lord Howe Island Marine Park,0
Neoglyphidodon polyacanthus,-31.52,159.08,2008,2,14,7.5,2,-32_159,20.888954798380535,24.01853370666504,21.15015940291082,23.929654647564067,NA,NA,0
Neoglyphidodon polyacanthus,-31.52,159.08,2008,2,14,10,3,-32_159,20.888954798380535,24.01853370666504,21.15015940291082,23.929654647564067,NA,NA,0
Neoglyphidodon polyacanthus,-31.52,159.08,2008,2,14,12.5,2,-32_159,20.888954798380535,24.01853370666504,21.15015940291082,23.929654647564067,NA,NA,0
Neoglyphidodon polyacanthus,-31.52,159.08,2008,2,14,7.5,1,-32_159,20.888954798380535,24.01853370666504,21.15015940291082,23.929654647564067,NA,NA,0
Neoglyphidodon polyacanthus,-31.52,159.08,2008,2,14,12.5,3,-32_159,20.888954798380535,24.01853370666504,21.15015940291082,23.929654647564067,NA,NA,0
Neoglyphidodon polyacanthus,-31.52,159.08,2008,2,14,15,1,-32_159,20.888954798380535,24.01853370666504,21.15015940291082,23.929654647564067,NA,NA,0
Neoglyphidodon polyacanthus,-31.52,159.08,2008,2,14,10,2,-32_159,20.888954798380535,24.01853370666504,21.15015940291082,23.929654647564067,NA,NA,0
Neoglyphidodon polyacanthus,-31.52,159.08,2008,2,14,15,2,-32_159,20.888954798380535,24.01853370666504,21.15015940291082,23.929654647564067,NA,NA,0
Neoglyphidodon polyacanthus,-31.53,159.05,2008,2,20,2.5,4,-32_159,20.888954798380535,24.01853370666504,21.15015940291082,23.929654647564067,NA,NA,0
Neoglyphidodon polyacanthus,-31.53,159.05,2008,2,20,5,12,-32_159,20.888954798380535,24.01853370666504,21.15015940291082,23.929654647564067,NA,NA,0
Neoglyphidodon polyacanthus,-31.53,159.05,2008,2,20,7.5,45,-32_159,20.888954798380535,24.01853370666504,21.15015940291082,23.929654647564067,NA,NA,0
Neoglyphidodon polyacanthus,-31.53,159.05,2008,2,20,10,55,-32_159,20.888954798380535,24.01853370666504,21.15015940291082,23.929654647564067,NA,NA,0
Neoglyphidodon polyacanthus,-31.53,159.05,2008,2,20,5,8,-32_159,20.888954798380535,24.01853370666504,21.15015940291082,23.929654647564067,NA,NA,0
Neoglyphidodon polyacanthus,-31.53,159.05,2008,2,20,7.5,28,-32_159,20.888954798380535,24.01853370666504,21.15015940291082,23.929654647564067,NA,NA,0
Neoglyphidodon polyacanthus,-31.53,159.05,2008,2,20,10,35,-32_159,20.888954798380535,24.01853370666504,21.15015940291082,23.929654647564067,NA,NA,0
Neoglyphidodon polyacanthus,-31.53,159.05,2008,2,20,2.5,8,-32_159,20.888954798380535,24.01853370666504,21.15015940291082,23.929654647564067,NA,NA,0
Neoglyphidodon polyacanthus,-31.53,159.05,2008,2,20,5,12,-32_159,20.888954798380535,24.01853370666504,21.15015940291082,23.929654647564067,NA,NA,0
Neoglyphidodon polyacanthus,-31.53,159.05,2008,2,20,7.5,15,-32_159,20.888954798380535,24.01853370666504,21.15015940291082,23.929654647564067,NA,NA,0
Neoglyphidodon polyacanthus,-31.53,159.05,2008,2,20,10,16,-32_159,20.888954798380535,24.01853370666504,21.15015940291082,23.929654647564067,NA,NA,0
Neoglyphidodon polyacanthus,-31.51,159.06,2008,2,27,5,1,-32_159,20.888954798380535,24.01853370666504,21.15015940291082,23.929654647564067,2004,Lord Howe Island Marine Park,0
Neoglyphidodon polyacanthus,-31.51,159.06,2008,2,27,7.5,1,-32_159,20.888954798380535,24.01853370666504,21.15015940291082,23.929654647564067,2004,Lord Howe Island Marine Park,0
Neoglyphidodon polyacanthus,-31.51,159.06,2008,2,27,10,1,-32_159,20.888954798380535,24.01853370666504,21.15015940291082,23.929654647564067,2004,Lord Howe Island Marine Park,0
Neoglyphidodon polyacanthus,-31.51,159.06,2008,2,27,12.5,2,-32_159,20.888954798380535,24.01853370666504,21.15015940291082,23.929654647564067,2004,Lord Howe Island Marine Park,0
Neoglyphidodon polyacanthus,-31.51,159.06,2008,2,27,10,3,-32_159,20.888954798380535,24.01853370666504,21.15015940291082,23.929654647564067,2004,Lord Howe Island Marine Park,0
Neoglyphidodon polyacanthus,-31.51,159.06,2008,2,27,15,1,-32_159,20.888954798380535,24.01853370666504,21.15015940291082,23.929654647564067,2004,Lord Howe Island Marine Park,0
Neoglyphidodon polyacanthus,-31.52,159.05,2008,2,27,5,3,-32_159,20.888954798380535,24.01853370666504,21.15015940291082,23.929654647564067,2004,Lord Howe Island Marine Park,0
Neoglyphidodon polyacanthus,-31.52,159.05,2008,2,27,7.5,25,-32_159,20.888954798380535,24.01853370666504,21.15015940291082,23.929654647564067,2004,Lord Howe Island Marine Park,0
Neoglyphidodon polyacanthus,-31.52,159.05,2008,2,27,10,10,-32_159,20.888954798380535,24.01853370666504,21.15015940291082,23.929654647564067,2004,Lord Howe Island Marine Park,0
Neoglyphidodon polyacanthus,-31.52,159.05,2008,2,27,2.5,5,-32_159,20.888954798380535,24.01853370666504,21.15015940291082,23.929654647564067,2004,Lord Howe Island Marine Park,0
Neoglyphidodon polyacanthus,-31.52,159.05,2008,2,27,5,11,-32_159,20.888954798380535,24.01853370666504,21.15015940291082,23.929654647564067,2004,Lord Howe Island Marine Park,0
Neoglyphidodon polyacanthus,-31.52,159.05,2008,2,27,7.5,29,-32_159,20.888954798380535,24.01853370666504,21.15015940291082,23.929654647564067,2004,Lord Howe Island Marine Park,0
Neoglyphidodon polyacanthus,-31.52,159.05,2008,2,27,10,30,-32_159,20.888954798380535,24.01853370666504,21.15015940291082,23.929654647564067,2004,Lord Howe Island Marine Park,0
Neoglyphidodon polyacanthus,-31.52,159.05,2008,2,27,7.5,18,-32_159,20.888954798380535,24.01853370666504,21.15015940291082,23.929654647564067,2004,Lord Howe Island Marine Park,0
Neoglyphidodon polyacanthus,-31.52,159.05,2008,2,27,10,10,-32_159,20.888954798380535,24.01853370666504,21.15015940291082,23.929654647564067,2004,Lord Howe Island Marine Park,0
Neoglyphidodon polyacanthus,-31.52,159.05,2008,2,27,2.5,4,-32_159,20.888954798380535,24.01853370666504,21.15015940291082,23.929654647564067,2004,Lord Howe Island Marine Park,0
Neoglyphidodon polyacanthus,-31.52,159.05,2008,2,27,5,15,-32_159,20.888954798380535,24.01853370666504,21.15015940291082,23.929654647564067,2004,Lord Howe Island Marine Park,0
Neoglyphidodon polyacanthus,-31.52,159.05,2008,2,27,10,18,-32_159,20.888954798380535,24.01853370666504,21.15015940291082,23.929654647564067,2004,Lord Howe Island Marine Park,0
Neoglyphidodon polyacanthus,-31.57,159.1,2008,2,23,10,1,-32_159,20.888954798380535,24.01853370666504,21.15015940291082,23.929654647564067,2004,Lord Howe Island Marine Park,0
Neoglyphidodon polyacanthus,-31.57,159.1,2008,2,23,10,3,-32_159,20.888954798380535,24.01853370666504,21.15015940291082,23.929654647564067,2004,Lord Howe Island Marine Park,0
Neoglyphidodon polyacanthus,-31.57,159.1,2008,2,23,12.5,1,-32_159,20.888954798380535,24.01853370666504,21.15015940291082,23.929654647564067,2004,Lord Howe Island Marine Park,0
Neoglyphidodon polyacanthus,-31.57,159.1,2008,2,23,10,1,-32_159,20.888954798380535,24.01853370666504,21.15015940291082,23.929654647564067,2004,Lord Howe Island Marine Park,0
Neoglyphidodon polyacanthus,-31.56,159.1,2008,2,23,5,2,-32_159,20.888954798380535,24.01853370666504,21.15015940291082,23.929654647564067,NA,NA,0
Neoglyphidodon polyacanthus,-31.56,159.1,2008,2,23,7.5,8,-32_159,20.888954798380535,24.01853370666504,21.15015940291082,23.929654647564067,NA,NA,0
Neoglyphidodon polyacanthus,-31.56,159.1,2008,2,23,10,15,-32_159,20.888954798380535,24.01853370666504,21.15015940291082,23.929654647564067,NA,NA,0
Neoglyphidodon polyacanthus,-31.56,159.1,2008,2,23,5,1,-32_159,20.888954798380535,24.01853370666504,21.15015940291082,23.929654647564067,NA,NA,0
Neoglyphidodon polyacanthus,-31.56,159.1,2008,2,23,7.5,4,-32_159,20.888954798380535,24.01853370666504,21.15015940291082,23.929654647564067,NA,NA,0
Neoglyphidodon polyacanthus,-31.56,159.1,2008,2,23,10,8,-32_159,20.888954798380535,24.01853370666504,21.15015940291082,23.929654647564067,NA,NA,0
Neoglyphidodon polyacanthus,-31.56,159.1,2008,2,23,10,2,-32_159,20.888954798380535,24.01853370666504,21.15015940291082,23.929654647564067,NA,NA,0
Neoglyphidodon polyacanthus,-31.56,159.1,2008,2,23,12.5,4,-32_159,20.888954798380535,24.01853370666504,21.15015940291082,23.929654647564067,NA,NA,0
Neoglyphidodon polyacanthus,-31.56,159.1,2008,2,23,5,1,-32_159,20.888954798380535,24.01853370666504,21.15015940291082,23.929654647564067,NA,NA,0
Neoglyphidodon polyacanthus,-31.56,159.1,2008,2,23,7.5,5,-32_159,20.888954798380535,24.01853370666504,21.15015940291082,23.929654647564067,NA,NA,0
Neoglyphidodon polyacanthus,-31.56,159.1,2008,2,23,10,5,-32_159,20.888954798380535,24.01853370666504,21.15015940291082,23.929654647564067,NA,NA,0
Neoglyphidodon polyacanthus,-31.56,159.1,2008,2,23,12.5,5,-32_159,20.888954798380535,24.01853370666504,21.15015940291082,23.929654647564067,NA,NA,0
Neoglyphidodon polyacanthus,-31.52,159.05,2008,2,17,5,65,-32_159,20.888954798380535,24.01853370666504,21.15015940291082,23.929654647564067,2004,Lord Howe Island Marine Park,0
Neoglyphidodon polyacanthus,-31.52,159.05,2008,2,17,7.5,45,-32_159,20.888954798380535,24.01853370666504,21.15015940291082,23.929654647564067,2004,Lord Howe Island Marine Park,0
Neoglyphidodon polyacanthus,-31.52,159.05,2008,2,17,10,65,-32_159,20.888954798380535,24.01853370666504,21.15015940291082,23.929654647564067,2004,Lord Howe Island Marine Park,0
Neoglyphidodon polyacanthus,-31.58,159.07,2016,2,16,2.5,5,-32_159,21.566373189290363,24.46283721923828,21.899912831627415,24.36379255097488,NA,NA,0
Neoglyphidodon polyacanthus,-31.58,159.07,2016,2,16,5,23,-32_159,21.566373189290363,24.46283721923828,21.899912831627415,24.36379255097488,NA,NA,0
Neoglyphidodon polyacanthus,-31.53,159.05,2018,2,11,7.5,2,-32_159,21.317596753438313,24.50479507446289,21.51167456906573,24.00642807143075,NA,NA,0
Neoglyphidodon polyacanthus,-31.53,159.05,2018,2,11,10,2,-32_159,21.317596753438313,24.50479507446289,21.51167456906573,24.00642807143075,NA,NA,0
Neoglyphidodon polyacanthus,-31.53,159.05,2018,2,12,2.5,2,-32_159,21.317596753438313,24.50479507446289,21.51167456906573,24.00642807143075,NA,NA,0
Neoglyphidodon polyacanthus,-31.53,159.05,2018,2,12,5,7,-32_159,21.317596753438313,24.50479507446289,21.51167456906573,24.00642807143075,NA,NA,0
Neoglyphidodon polyacanthus,-31.53,159.05,2018,2,12,7.5,7,-32_159,21.317596753438313,24.50479507446289,21.51167456906573,24.00642807143075,NA,NA,0
Neoglyphidodon polyacanthus,-31.53,159.05,2018,2,12,10,7,-32_159,21.317596753438313,24.50479507446289,21.51167456906573,24.00642807143075,NA,NA,0
Neoglyphidodon polyacanthus,-31.53,159.05,2018,2,12,5,6,-32_159,21.317596753438313,24.50479507446289,21.51167456906573,24.00642807143075,NA,NA,0
Neoglyphidodon polyacanthus,-31.53,159.05,2018,2,12,7.5,6,-32_159,21.317596753438313,24.50479507446289,21.51167456906573,24.00642807143075,NA,NA,0
Neoglyphidodon polyacanthus,-31.5,159.07,2018,2,13,2.5,2,-32_159,21.317596753438313,24.50479507446289,21.51167456906573,24.00642807143075,NA,NA,0
Neoglyphidodon polyacanthus,-31.53,159.05,2018,2,12,12.5,23,-32_159,21.317596753438313,24.50479507446289,21.51167456906573,24.00642807143075,NA,NA,0
Neoglyphidodon polyacanthus,-31.53,159.05,2018,2,12,15,20,-32_159,21.317596753438313,24.50479507446289,21.51167456906573,24.00642807143075,NA,NA,0
Neoglyphidodon polyacanthus,-31.53,159.05,2018,2,12,10,15,-32_159,21.317596753438313,24.50479507446289,21.51167456906573,24.00642807143075,NA,NA,0
Neoglyphidodon polyacanthus,-31.53,159.05,2018,2,12,12.5,20,-32_159,21.317596753438313,24.50479507446289,21.51167456906573,24.00642807143075,NA,NA,0
Neoglyphidodon polyacanthus,-31.53,159.05,2018,2,12,15,15,-32_159,21.317596753438313,24.50479507446289,21.51167456906573,24.00642807143075,NA,NA,0
Neoglyphidodon polyacanthus,-31.51,159.06,2018,2,13,12.5,2,-32_159,21.317596753438313,24.50479507446289,21.51167456906573,24.00642807143075,2004,Lord Howe Island Marine Park,1
Neoglyphidodon polyacanthus,-31.51,159.06,2018,2,13,15,1,-32_159,21.317596753438313,24.50479507446289,21.51167456906573,24.00642807143075,2004,Lord Howe Island Marine Park,1
Neoglyphidodon polyacanthus,-31.51,159.06,2018,2,13,15,2,-32_159,21.317596753438313,24.50479507446289,21.51167456906573,24.00642807143075,2004,Lord Howe Island Marine Park,1
Neoglyphidodon polyacanthus,-31.51,159.06,2018,2,13,7.5,3,-32_159,21.317596753438313,24.50479507446289,21.51167456906573,24.00642807143075,2004,Lord Howe Island Marine Park,1
Neoglyphidodon polyacanthus,-31.51,159.06,2018,2,13,10,5,-32_159,21.317596753438313,24.50479507446289,21.51167456906573,24.00642807143075,2004,Lord Howe Island Marine Park,1
Neoglyphidodon polyacanthus,-31.51,159.06,2018,2,13,7.5,2,-32_159,21.317596753438313,24.50479507446289,21.51167456906573,24.00642807143075,2004,Lord Howe Island Marine Park,1
Neoglyphidodon polyacanthus,-31.51,159.06,2018,2,13,10,3,-32_159,21.317596753438313,24.50479507446289,21.51167456906573,24.00642807143075,2004,Lord Howe Island Marine Park,1
Neoglyphidodon polyacanthus,-31.51,159.06,2018,2,13,2.5,2,-32_159,21.317596753438313,24.50479507446289,21.51167456906573,24.00642807143075,2004,Lord Howe Island Marine Park,1
Neoglyphidodon polyacanthus,-31.51,159.06,2018,2,13,5,3,-32_159,21.317596753438313,24.50479507446289,21.51167456906573,24.00642807143075,2004,Lord Howe Island Marine Park,1
Neoglyphidodon polyacanthus,-31.51,159.06,2018,2,13,7.5,3,-32_159,21.317596753438313,24.50479507446289,21.51167456906573,24.00642807143075,2004,Lord Howe Island Marine Park,1
Neoglyphidodon polyacanthus,-31.51,159.06,2018,2,13,10,2,-32_159,21.317596753438313,24.50479507446289,21.51167456906573,24.00642807143075,2004,Lord Howe Island Marine Park,1
Neoglyphidodon polyacanthus,-31.51,159.06,2018,2,13,12.5,2,-32_159,21.317596753438313,24.50479507446289,21.51167456906573,24.00642807143075,2004,Lord Howe Island Marine Park,1
Neoglyphidodon polyacanthus,-31.51,159.06,2018,2,13,5,2,-32_159,21.317596753438313,24.50479507446289,21.51167456906573,24.00642807143075,2004,Lord Howe Island Marine Park,1
Neoglyphidodon polyacanthus,-31.51,159.06,2018,2,13,7.5,2,-32_159,21.317596753438313,24.50479507446289,21.51167456906573,24.00642807143075,2004,Lord Howe Island Marine Park,1
Neoglyphidodon polyacanthus,-31.51,159.06,2018,2,13,10,1,-32_159,21.317596753438313,24.50479507446289,21.51167456906573,24.00642807143075,2004,Lord Howe Island Marine Park,1
Neoglyphidodon polyacanthus,-31.51,159.06,2018,2,13,12.5,1,-32_159,21.317596753438313,24.50479507446289,21.51167456906573,24.00642807143075,2004,Lord Howe Island Marine Park,1
Neoglyphidodon polyacanthus,-31.52,159.07,2018,2,13,2.5,4,-32_159,21.317596753438313,24.50479507446289,21.51167456906573,24.00642807143075,2004,Lord Howe Island Marine Park,1
Neoglyphidodon polyacanthus,-31.52,159.07,2018,2,13,5,7,-32_159,21.317596753438313,24.50479507446289,21.51167456906573,24.00642807143075,2004,Lord Howe Island Marine Park,1
Neoglyphidodon polyacanthus,-31.52,159.07,2018,2,13,7.5,7,-32_159,21.317596753438313,24.50479507446289,21.51167456906573,24.00642807143075,2004,Lord Howe Island Marine Park,1
Neoglyphidodon polyacanthus,-31.52,159.07,2018,2,13,10,7,-32_159,21.317596753438313,24.50479507446289,21.51167456906573,24.00642807143075,2004,Lord Howe Island Marine Park,1
Neoglyphidodon polyacanthus,-31.52,159.07,2018,2,13,12.5,6,-32_159,21.317596753438313,24.50479507446289,21.51167456906573,24.00642807143075,2004,Lord Howe Island Marine Park,1
Neoglyphidodon polyacanthus,-31.52,159.07,2018,2,13,5,6,-32_159,21.317596753438313,24.50479507446289,21.51167456906573,24.00642807143075,2004,Lord Howe Island Marine Park,1
Neoglyphidodon polyacanthus,-31.52,159.07,2018,2,13,7.5,5,-32_159,21.317596753438313,24.50479507446289,21.51167456906573,24.00642807143075,2004,Lord Howe Island Marine Park,1
Neoglyphidodon polyacanthus,-31.52,159.07,2018,2,13,10,5,-32_159,21.317596753438313,24.50479507446289,21.51167456906573,24.00642807143075,2004,Lord Howe Island Marine Park,1
Neoglyphidodon polyacanthus,-31.52,159.07,2018,2,13,12.5,4,-32_159,21.317596753438313,24.50479507446289,21.51167456906573,24.00642807143075,2004,Lord Howe Island Marine Park,1
Neoglyphidodon polyacanthus,-31.5,159.07,2018,2,14,2.5,1,-32_159,21.317596753438313,24.50479507446289,21.51167456906573,24.00642807143075,2004,Lord Howe Island Marine Park,1
Neoglyphidodon polyacanthus,-31.55,159.06,2018,2,15,2.5,3,-32_159,21.317596753438313,24.50479507446289,21.51167456906573,24.00642807143075,2004,Lord Howe Island Marine Park,1
Neoglyphidodon polyacanthus,-31.55,159.06,2018,2,15,5,8,-32_159,21.317596753438313,24.50479507446289,21.51167456906573,24.00642807143075,2004,Lord Howe Island Marine Park,1
Neoglyphidodon polyacanthus,-31.55,159.06,2018,2,15,7.5,8,-32_159,21.317596753438313,24.50479507446289,21.51167456906573,24.00642807143075,2004,Lord Howe Island Marine Park,1
Neoglyphidodon polyacanthus,-31.55,159.06,2018,2,15,10,7,-32_159,21.317596753438313,24.50479507446289,21.51167456906573,24.00642807143075,2004,Lord Howe Island Marine Park,1
Neoglyphidodon polyacanthus,-31.55,159.06,2018,2,15,12.5,6,-32_159,21.317596753438313,24.50479507446289,21.51167456906573,24.00642807143075,2004,Lord Howe Island Marine Park,1
Neoglyphidodon polyacanthus,-31.55,159.06,2018,2,15,5,2,-32_159,21.317596753438313,24.50479507446289,21.51167456906573,24.00642807143075,2004,Lord Howe Island Marine Park,1
Neoglyphidodon polyacanthus,-31.55,159.06,2018,2,15,7.5,4,-32_159,21.317596753438313,24.50479507446289,21.51167456906573,24.00642807143075,2004,Lord Howe Island Marine Park,1
Neoglyphidodon polyacanthus,-31.55,159.06,2018,2,15,10,4,-32_159,21.317596753438313,24.50479507446289,21.51167456906573,24.00642807143075,2004,Lord Howe Island Marine Park,1
Neoglyphidodon polyacanthus,-31.55,159.07,2018,2,15,2.5,5,-32_159,21.317596753438313,24.50479507446289,21.51167456906573,24.00642807143075,NA,NA,0
Neoglyphidodon polyacanthus,-31.55,159.07,2018,2,15,5,10,-32_159,21.317596753438313,24.50479507446289,21.51167456906573,24.00642807143075,NA,NA,0
Neoglyphidodon polyacanthus,-31.55,159.07,2018,2,15,7.5,10,-32_159,21.317596753438313,24.50479507446289,21.51167456906573,24.00642807143075,NA,NA,0
Neoglyphidodon polyacanthus,-31.55,159.07,2018,2,15,10,15,-32_159,21.317596753438313,24.50479507446289,21.51167456906573,24.00642807143075,NA,NA,0
Neoglyphidodon polyacanthus,-31.55,159.07,2018,2,15,12.5,15,-32_159,21.317596753438313,24.50479507446289,21.51167456906573,24.00642807143075,NA,NA,0
Neoglyphidodon polyacanthus,-31.54,159.07,2018,2,16,5,10,-32_159,21.317596753438313,24.50479507446289,21.51167456906573,24.00642807143075,2004,Lord Howe Island Marine Park,1
Neoglyphidodon polyacanthus,-31.54,159.07,2018,2,16,7.5,10,-32_159,21.317596753438313,24.50479507446289,21.51167456906573,24.00642807143075,2004,Lord Howe Island Marine Park,1
Neoglyphidodon polyacanthus,-31.54,159.07,2018,2,16,10,10,-32_159,21.317596753438313,24.50479507446289,21.51167456906573,24.00642807143075,2004,Lord Howe Island Marine Park,1
Neoglyphidodon polyacanthus,-31.54,159.07,2018,2,16,12.5,10,-32_159,21.317596753438313,24.50479507446289,21.51167456906573,24.00642807143075,2004,Lord Howe Island Marine Park,1
Neoglyphidodon polyacanthus,-31.54,159.07,2018,2,16,15,10,-32_159,21.317596753438313,24.50479507446289,21.51167456906573,24.00642807143075,2004,Lord Howe Island Marine Park,1
Neoglyphidodon polyacanthus,-31.53,159.05,2018,2,13,7.5,1,-32_159,21.317596753438313,24.50479507446289,21.51167456906573,24.00642807143075,NA,NA,0
Neoglyphidodon polyacanthus,-31.53,159.05,2018,2,13,10,2,-32_159,21.317596753438313,24.50479507446289,21.51167456906573,24.00642807143075,NA,NA,0
Neoglyphidodon polyacanthus,-31.53,159.05,2018,2,13,7.5,2,-32_159,21.317596753438313,24.50479507446289,21.51167456906573,24.00642807143075,NA,NA,0
Neoglyphidodon polyacanthus,-31.53,159.05,2018,2,13,10,3,-32_159,21.317596753438313,24.50479507446289,21.51167456906573,24.00642807143075,NA,NA,0
Neoglyphidodon polyacanthus,-31.5,159.06,2018,2,14,10,1,-32_159,21.317596753438313,24.50479507446289,21.51167456906573,24.00642807143075,2004,Lord Howe Island Marine Park,1
Neoglyphidodon polyacanthus,-31.52,159.07,2018,2,13,15,10,-32_159,21.317596753438313,24.50479507446289,21.51167456906573,24.00642807143075,2004,Lord Howe Island Marine Park,1
Neoglyphidodon polyacanthus,-31.52,159.07,2018,2,13,2.5,1,-32_159,21.317596753438313,24.50479507446289,21.51167456906573,24.00642807143075,2004,Lord Howe Island Marine Park,1
Neoglyphidodon polyacanthus,-31.52,159.07,2018,2,13,10,1,-32_159,21.317596753438313,24.50479507446289,21.51167456906573,24.00642807143075,2004,Lord Howe Island Marine Park,1
Neoglyphidodon polyacanthus,-31.52,159.07,2018,2,13,15,7,-32_159,21.317596753438313,24.50479507446289,21.51167456906573,24.00642807143075,2004,Lord Howe Island Marine Park,1
Neoglyphidodon polyacanthus,-31.54,159.07,2018,2,16,2.5,5,-32_159,21.317596753438313,24.50479507446289,21.51167456906573,24.00642807143075,2004,Lord Howe Island Marine Park,1
Neoglyphidodon polyacanthus,-31.54,159.07,2018,2,16,5,6,-32_159,21.317596753438313,24.50479507446289,21.51167456906573,24.00642807143075,2004,Lord Howe Island Marine Park,1
Neoglyphidodon polyacanthus,-31.54,159.07,2018,2,16,10,12,-32_159,21.317596753438313,24.50479507446289,21.51167456906573,24.00642807143075,2004,Lord Howe Island Marine Park,1
Neoglyphidodon polyacanthus,-31.54,159.07,2018,2,16,12.5,7,-32_159,21.317596753438313,24.50479507446289,21.51167456906573,24.00642807143075,2004,Lord Howe Island Marine Park,1
Neoglyphidodon polyacanthus,-31.54,159.07,2018,2,16,15,2,-32_159,21.317596753438313,24.50479507446289,21.51167456906573,24.00642807143075,2004,Lord Howe Island Marine Park,1
Neoglyphidodon polyacanthus,-31.52,159.04,2018,2,17,2.5,5,-32_159,21.317596753438313,24.50479507446289,21.51167456906573,24.00642807143075,2004,Lord Howe Island Marine Park,1
Neoglyphidodon polyacanthus,-31.52,159.04,2018,2,17,5,5,-32_159,21.317596753438313,24.50479507446289,21.51167456906573,24.00642807143075,2004,Lord Howe Island Marine Park,1
Neoglyphidodon polyacanthus,-31.52,159.04,2018,2,17,7.5,3,-32_159,21.317596753438313,24.50479507446289,21.51167456906573,24.00642807143075,2004,Lord Howe Island Marine Park,1
Neoglyphidodon polyacanthus,-31.52,159.04,2018,2,17,10,3,-32_159,21.317596753438313,24.50479507446289,21.51167456906573,24.00642807143075,2004,Lord Howe Island Marine Park,1
Neoglyphidodon polyacanthus,-31.52,159.04,2018,2,17,12.5,4,-32_159,21.317596753438313,24.50479507446289,21.51167456906573,24.00642807143075,2004,Lord Howe Island Marine Park,1
Neoglyphidodon polyacanthus,-31.52,159.04,2018,2,17,5,2,-32_159,21.317596753438313,24.50479507446289,21.51167456906573,24.00642807143075,2004,Lord Howe Island Marine Park,1
Neoglyphidodon polyacanthus,-31.52,159.04,2018,2,17,7.5,2,-32_159,21.317596753438313,24.50479507446289,21.51167456906573,24.00642807143075,2004,Lord Howe Island Marine Park,1
Neoglyphidodon polyacanthus,-31.55,159.07,2018,2,15,5,4,-32_159,21.317596753438313,24.50479507446289,21.51167456906573,24.00642807143075,NA,NA,0
Neoglyphidodon polyacanthus,-31.55,159.07,2018,2,15,10,10,-32_159,21.317596753438313,24.50479507446289,21.51167456906573,24.00642807143075,NA,NA,0
Neoglyphidodon polyacanthus,-31.55,159.07,2018,2,15,12.5,20,-32_159,21.317596753438313,24.50479507446289,21.51167456906573,24.00642807143075,NA,NA,0
Neoglyphidodon polyacanthus,-31.55,159.07,2018,2,15,15,20,-32_159,21.317596753438313,24.50479507446289,21.51167456906573,24.00642807143075,NA,NA,0
Neoglyphidodon polyacanthus,-31.55,159.07,2018,2,15,5,10,-32_159,21.317596753438313,24.50479507446289,21.51167456906573,24.00642807143075,NA,NA,0
Neoglyphidodon polyacanthus,-31.55,159.07,2018,2,15,7.5,5,-32_159,21.317596753438313,24.50479507446289,21.51167456906573,24.00642807143075,NA,NA,0
Neoglyphidodon polyacanthus,-31.55,159.07,2018,2,15,10,35,-32_159,21.317596753438313,24.50479507446289,21.51167456906573,24.00642807143075,NA,NA,0
Neoglyphidodon polyacanthus,-31.55,159.07,2018,2,15,12.5,25,-32_159,21.317596753438313,24.50479507446289,21.51167456906573,24.00642807143075,NA,NA,0
Neoglyphidodon polyacanthus,-31.55,159.07,2018,2,15,15,25,-32_159,21.317596753438313,24.50479507446289,21.51167456906573,24.00642807143075,NA,NA,0
Neoglyphidodon polyacanthus,-31.55,159.06,2018,2,15,12.5,8,-32_159,21.317596753438313,24.50479507446289,21.51167456906573,24.00642807143075,2004,Lord Howe Island Marine Park,1
Neoglyphidodon polyacanthus,-31.55,159.06,2018,2,15,15,8,-32_159,21.317596753438313,24.50479507446289,21.51167456906573,24.00642807143075,2004,Lord Howe Island Marine Park,1
Neoglyphidodon polyacanthus,-31.55,159.06,2018,2,15,12.5,4,-32_159,21.317596753438313,24.50479507446289,21.51167456906573,24.00642807143075,2004,Lord Howe Island Marine Park,1
Neoglyphidodon polyacanthus,-31.55,159.06,2018,2,15,15,4,-32_159,21.317596753438313,24.50479507446289,21.51167456906573,24.00642807143075,2004,Lord Howe Island Marine Park,1
Neoglyphidodon polyacanthus,-31.55,159.06,2018,2,15,5,3,-32_159,21.317596753438313,24.50479507446289,21.51167456906573,24.00642807143075,2004,Lord Howe Island Marine Park,1
Neoglyphidodon polyacanthus,-31.55,159.06,2018,2,15,7.5,5,-32_159,21.317596753438313,24.50479507446289,21.51167456906573,24.00642807143075,2004,Lord Howe Island Marine Park,1
Neoglyphidodon polyacanthus,-31.55,159.06,2018,2,15,10,10,-32_159,21.317596753438313,24.50479507446289,21.51167456906573,24.00642807143075,2004,Lord Howe Island Marine Park,1
Neoglyphidodon polyacanthus,-31.55,159.06,2018,2,15,5,5,-32_159,21.317596753438313,24.50479507446289,21.51167456906573,24.00642807143075,2004,Lord Howe Island Marine Park,1
Neoglyphidodon polyacanthus,-31.55,159.06,2018,2,15,7.5,25,-32_159,21.317596753438313,24.50479507446289,21.51167456906573,24.00642807143075,2004,Lord Howe Island Marine Park,1
Neoglyphidodon polyacanthus,-31.55,159.07,2018,2,15,7.5,5,-32_159,21.317596753438313,24.50479507446289,21.51167456906573,24.00642807143075,NA,NA,0
Neoglyphidodon polyacanthus,-31.55,159.07,2018,2,15,10,2,-32_159,21.317596753438313,24.50479507446289,21.51167456906573,24.00642807143075,NA,NA,0
Neoglyphidodon polyacanthus,-31.52,159.05,2018,2,18,2.5,10,-32_159,21.317596753438313,24.50479507446289,21.51167456906573,24.00642807143075,2004,Lord Howe Island Marine Park,1
Neoglyphidodon polyacanthus,-31.52,159.05,2018,2,18,5,10,-32_159,21.317596753438313,24.50479507446289,21.51167456906573,24.00642807143075,2004,Lord Howe Island Marine Park,1
Neoglyphidodon polyacanthus,-31.52,159.05,2018,2,18,7.5,10,-32_159,21.317596753438313,24.50479507446289,21.51167456906573,24.00642807143075,2004,Lord Howe Island Marine Park,1
Neoglyphidodon polyacanthus,-31.52,159.05,2018,2,18,10,10,-32_159,21.317596753438313,24.50479507446289,21.51167456906573,24.00642807143075,2004,Lord Howe Island Marine Park,1
Neoglyphidodon polyacanthus,-31.52,159.05,2018,2,18,12.5,10,-32_159,21.317596753438313,24.50479507446289,21.51167456906573,24.00642807143075,2004,Lord Howe Island Marine Park,1
Neoglyphidodon polyacanthus,-31.52,159.05,2018,2,18,2.5,9,-32_159,21.317596753438313,24.50479507446289,21.51167456906573,24.00642807143075,2004,Lord Howe Island Marine Park,1
Neoglyphidodon polyacanthus,-31.52,159.05,2018,2,18,5,9,-32_159,21.317596753438313,24.50479507446289,21.51167456906573,24.00642807143075,2004,Lord Howe Island Marine Park,1
Neoglyphidodon polyacanthus,-31.52,159.05,2018,2,18,12.5,9,-32_159,21.317596753438313,24.50479507446289,21.51167456906573,24.00642807143075,2004,Lord Howe Island Marine Park,1
Neoglyphidodon polyacanthus,-31.52,159.05,2018,2,20,2.5,4,-32_159,21.317596753438313,24.50479507446289,21.51167456906573,24.00642807143075,2004,Lord Howe Island Marine Park,1
Neoglyphidodon polyacanthus,-31.52,159.05,2018,2,20,5,7,-32_159,21.317596753438313,24.50479507446289,21.51167456906573,24.00642807143075,2004,Lord Howe Island Marine Park,1
Neoglyphidodon polyacanthus,-31.52,159.05,2018,2,20,7.5,10,-32_159,21.317596753438313,24.50479507446289,21.51167456906573,24.00642807143075,2004,Lord Howe Island Marine Park,1
Neoglyphidodon polyacanthus,-31.52,159.05,2018,2,20,10,10,-32_159,21.317596753438313,24.50479507446289,21.51167456906573,24.00642807143075,2004,Lord Howe Island Marine Park,1
Neoglyphidodon polyacanthus,-31.52,159.05,2018,2,20,12.5,3,-32_159,21.317596753438313,24.50479507446289,21.51167456906573,24.00642807143075,2004,Lord Howe Island Marine Park,1
Neoglyphidodon polyacanthus,-31.52,159.06,2018,2,21,2.5,1,-32_159,21.317596753438313,24.50479507446289,21.51167456906573,24.00642807143075,NA,NA,0
Neoglyphidodon polyacanthus,-31.52,159.06,2018,2,21,5,2,-32_159,21.317596753438313,24.50479507446289,21.51167456906573,24.00642807143075,NA,NA,0
Neoglyphidodon polyacanthus,-31.52,159.06,2018,2,21,7.5,6,-32_159,21.317596753438313,24.50479507446289,21.51167456906573,24.00642807143075,NA,NA,0
Neoglyphidodon polyacanthus,-31.52,159.06,2018,2,21,10,12,-32_159,21.317596753438313,24.50479507446289,21.51167456906573,24.00642807143075,NA,NA,0
Neoglyphidodon polyacanthus,-31.52,159.06,2018,2,21,12.5,8,-32_159,21.317596753438313,24.50479507446289,21.51167456906573,24.00642807143075,NA,NA,0
Neoglyphidodon polyacanthus,-31.52,159.06,2018,2,21,5,12,-32_159,21.317596753438313,24.50479507446289,21.51167456906573,24.00642807143075,NA,NA,0
Neoglyphidodon polyacanthus,-31.52,159.06,2018,2,21,7.5,8,-32_159,21.317596753438313,24.50479507446289,21.51167456906573,24.00642807143075,NA,NA,0
Neoglyphidodon polyacanthus,-31.52,159.06,2018,2,21,10,14,-32_159,21.317596753438313,24.50479507446289,21.51167456906573,24.00642807143075,NA,NA,0
Neoglyphidodon polyacanthus,-31.52,159.06,2018,2,21,12.5,5,-32_159,21.317596753438313,24.50479507446289,21.51167456906573,24.00642807143075,NA,NA,0
Neoglyphidodon polyacanthus,-31.53,159.06,2018,2,20,7.5,12,-32_159,21.317596753438313,24.50479507446289,21.51167456906573,24.00642807143075,NA,NA,0
Neoglyphidodon polyacanthus,-31.53,159.06,2018,2,20,10,25,-32_159,21.317596753438313,24.50479507446289,21.51167456906573,24.00642807143075,NA,NA,0
Neoglyphidodon polyacanthus,-31.53,159.06,2018,2,20,12.5,14,-32_159,21.317596753438313,24.50479507446289,21.51167456906573,24.00642807143075,NA,NA,0
Neoglyphidodon polyacanthus,-31.52,159.04,2018,2,17,5,4,-32_159,21.317596753438313,24.50479507446289,21.51167456906573,24.00642807143075,2004,Lord Howe Island Marine Park,1
Neoglyphidodon polyacanthus,-31.52,159.04,2018,2,17,7.5,8,-32_159,21.317596753438313,24.50479507446289,21.51167456906573,24.00642807143075,2004,Lord Howe Island Marine Park,1
Neoglyphidodon polyacanthus,-31.52,159.04,2018,2,17,5,6,-32_159,21.317596753438313,24.50479507446289,21.51167456906573,24.00642807143075,2004,Lord Howe Island Marine Park,1
Neoglyphidodon polyacanthus,-31.52,159.04,2018,2,17,7.5,12,-32_159,21.317596753438313,24.50479507446289,21.51167456906573,24.00642807143075,2004,Lord Howe Island Marine Park,1
Neoglyphidodon polyacanthus,-31.54,159.06,2018,2,16,10,20,-32_159,21.317596753438313,24.50479507446289,21.51167456906573,24.00642807143075,2004,Lord Howe Island Marine Park,1
Neoglyphidodon polyacanthus,-31.54,159.06,2018,2,16,12.5,40,-32_159,21.317596753438313,24.50479507446289,21.51167456906573,24.00642807143075,2004,Lord Howe Island Marine Park,1
Neoglyphidodon polyacanthus,-31.54,159.06,2018,2,16,15,20,-32_159,21.317596753438313,24.50479507446289,21.51167456906573,24.00642807143075,2004,Lord Howe Island Marine Park,1
Neoglyphidodon polyacanthus,-31.54,159.06,2018,2,16,2.5,10,-32_159,21.317596753438313,24.50479507446289,21.51167456906573,24.00642807143075,2004,Lord Howe Island Marine Park,1
Neoglyphidodon polyacanthus,-31.54,159.06,2018,2,16,5,10,-32_159,21.317596753438313,24.50479507446289,21.51167456906573,24.00642807143075,2004,Lord Howe Island Marine Park,1
Neoglyphidodon polyacanthus,-31.54,159.06,2018,2,16,7.5,12,-32_159,21.317596753438313,24.50479507446289,21.51167456906573,24.00642807143075,2004,Lord Howe Island Marine Park,1
Neoglyphidodon polyacanthus,-31.54,159.06,2018,2,16,10,12,-32_159,21.317596753438313,24.50479507446289,21.51167456906573,24.00642807143075,2004,Lord Howe Island Marine Park,1
Neoglyphidodon polyacanthus,-31.54,159.06,2018,2,16,12.5,14,-32_159,21.317596753438313,24.50479507446289,21.51167456906573,24.00642807143075,2004,Lord Howe Island Marine Park,1
Neoglyphidodon polyacanthus,-31.54,159.06,2018,2,16,15,4,-32_159,21.317596753438313,24.50479507446289,21.51167456906573,24.00642807143075,2004,Lord Howe Island Marine Park,1
Neoglyphidodon polyacanthus,-31.54,159.07,2018,2,16,12.5,25,-32_159,21.317596753438313,24.50479507446289,21.51167456906573,24.00642807143075,2004,Lord Howe Island Marine Park,1
Neoglyphidodon polyacanthus,-31.54,159.07,2018,2,16,15,25,-32_159,21.317596753438313,24.50479507446289,21.51167456906573,24.00642807143075,2004,Lord Howe Island Marine Park,1
Neoglyphidodon polyacanthus,-31.52,159.05,2018,2,20,2.5,3,-32_159,21.317596753438313,24.50479507446289,21.51167456906573,24.00642807143075,2004,Lord Howe Island Marine Park,1
Neoglyphidodon polyacanthus,-31.52,159.05,2018,2,20,7.5,7,-32_159,21.317596753438313,24.50479507446289,21.51167456906573,24.00642807143075,2004,Lord Howe Island Marine Park,1
Neoglyphidodon polyacanthus,-31.51,159.04,2018,2,21,2.5,1,-32_159,21.317596753438313,24.50479507446289,21.51167456906573,24.00642807143075,NA,NA,0
Neoglyphidodon polyacanthus,-31.55,159.06,2018,2,22,10,80,-32_159,21.317596753438313,24.50479507446289,21.51167456906573,24.00642807143075,2004,Lord Howe Island Marine Park,1
Neoglyphidodon polyacanthus,-31.55,159.06,2018,2,22,12.5,80,-32_159,21.317596753438313,24.50479507446289,21.51167456906573,24.00642807143075,2004,Lord Howe Island Marine Park,1
Neoglyphidodon polyacanthus,-31.55,159.06,2018,2,22,15,70,-32_159,21.317596753438313,24.50479507446289,21.51167456906573,24.00642807143075,2004,Lord Howe Island Marine Park,1
Neoglyphidodon polyacanthus,-31.55,159.06,2018,2,22,5,10,-32_159,21.317596753438313,24.50479507446289,21.51167456906573,24.00642807143075,2004,Lord Howe Island Marine Park,1
Neoglyphidodon polyacanthus,-31.55,159.06,2018,2,22,7.5,20,-32_159,21.317596753438313,24.50479507446289,21.51167456906573,24.00642807143075,2004,Lord Howe Island Marine Park,1
Neoglyphidodon polyacanthus,-31.55,159.06,2018,2,22,10,20,-32_159,21.317596753438313,24.50479507446289,21.51167456906573,24.00642807143075,2004,Lord Howe Island Marine Park,1
Neoglyphidodon polyacanthus,-31.55,159.06,2018,2,22,12.5,10,-32_159,21.317596753438313,24.50479507446289,21.51167456906573,24.00642807143075,2004,Lord Howe Island Marine Park,1
Neoglyphidodon polyacanthus,-31.53,159.05,2018,2,11,5,10,-32_159,21.317596753438313,24.50479507446289,21.51167456906573,24.00642807143075,NA,NA,0
Neoglyphidodon polyacanthus,-31.53,159.05,2018,2,11,7.5,10,-32_159,21.317596753438313,24.50479507446289,21.51167456906573,24.00642807143075,NA,NA,0
Neoglyphidodon polyacanthus,-31.53,159.05,2018,2,11,10,10,-32_159,21.317596753438313,24.50479507446289,21.51167456906573,24.00642807143075,NA,NA,0
Neoglyphidodon polyacanthus,-31.53,159.05,2018,2,11,12.5,10,-32_159,21.317596753438313,24.50479507446289,21.51167456906573,24.00642807143075,NA,NA,0
Neoglyphidodon polyacanthus,-31.53,159.05,2018,2,11,15,10,-32_159,21.317596753438313,24.50479507446289,21.51167456906573,24.00642807143075,NA,NA,0
Neoglyphidodon polyacanthus,-31.53,159.05,2018,2,11,5,11,-32_159,21.317596753438313,24.50479507446289,21.51167456906573,24.00642807143075,NA,NA,0
Neoglyphidodon polyacanthus,-31.53,159.05,2018,2,11,7.5,11,-32_159,21.317596753438313,24.50479507446289,21.51167456906573,24.00642807143075,NA,NA,0
Neoglyphidodon polyacanthus,-31.53,159.05,2018,2,11,10,11,-32_159,21.317596753438313,24.50479507446289,21.51167456906573,24.00642807143075,NA,NA,0
Neoglyphidodon polyacanthus,-31.53,159.05,2018,2,11,12.5,11,-32_159,21.317596753438313,24.50479507446289,21.51167456906573,24.00642807143075,NA,NA,0
Neoglyphidodon polyacanthus,-31.53,159.05,2018,2,11,15,11,-32_159,21.317596753438313,24.50479507446289,21.51167456906573,24.00642807143075,NA,NA,0
Neoglyphidodon polyacanthus,-31.54,159.06,2018,2,16,7.5,10,-32_159,21.317596753438313,24.50479507446289,21.51167456906573,24.00642807143075,2004,Lord Howe Island Marine Park,1
Neoglyphidodon polyacanthus,-31.54,159.06,2018,2,16,10,10,-32_159,21.317596753438313,24.50479507446289,21.51167456906573,24.00642807143075,2004,Lord Howe Island Marine Park,1
Neoglyphidodon polyacanthus,-31.54,159.06,2018,2,16,12.5,10,-32_159,21.317596753438313,24.50479507446289,21.51167456906573,24.00642807143075,2004,Lord Howe Island Marine Park,1
Neoglyphidodon polyacanthus,-31.54,159.06,2018,2,16,15,10,-32_159,21.317596753438313,24.50479507446289,21.51167456906573,24.00642807143075,2004,Lord Howe Island Marine Park,1
Neoglyphidodon polyacanthus,-31.54,159.06,2018,2,16,7.5,12,-32_159,21.317596753438313,24.50479507446289,21.51167456906573,24.00642807143075,2004,Lord Howe Island Marine Park,1
Neoglyphidodon polyacanthus,-31.54,159.06,2018,2,16,10,12,-32_159,21.317596753438313,24.50479507446289,21.51167456906573,24.00642807143075,2004,Lord Howe Island Marine Park,1
Neoglyphidodon polyacanthus,-31.54,159.06,2018,2,16,12.5,12,-32_159,21.317596753438313,24.50479507446289,21.51167456906573,24.00642807143075,2004,Lord Howe Island Marine Park,1
Neoglyphidodon polyacanthus,-31.54,159.06,2018,2,16,15,12,-32_159,21.317596753438313,24.50479507446289,21.51167456906573,24.00642807143075,2004,Lord Howe Island Marine Park,1
Neoglyphidodon polyacanthus,-31.52,159.04,2018,2,17,7.5,5,-32_159,21.317596753438313,24.50479507446289,21.51167456906573,24.00642807143075,NA,NA,0
Neoglyphidodon polyacanthus,-31.52,159.04,2018,2,17,10,4,-32_159,21.317596753438313,24.50479507446289,21.51167456906573,24.00642807143075,NA,NA,0
Neoglyphidodon polyacanthus,-31.52,159.04,2018,2,17,12.5,3,-32_159,21.317596753438313,24.50479507446289,21.51167456906573,24.00642807143075,NA,NA,0
Neoglyphidodon polyacanthus,-31.54,159.07,2018,2,16,12.5,30,-32_159,21.317596753438313,24.50479507446289,21.51167456906573,24.00642807143075,2004,Lord Howe Island Marine Park,1
Neoglyphidodon polyacanthus,-31.54,159.07,2018,2,16,15,30,-32_159,21.317596753438313,24.50479507446289,21.51167456906573,24.00642807143075,2004,Lord Howe Island Marine Park,1
Neoglyphidodon polyacanthus,-31.52,159.04,2018,2,17,12.5,6,-32_159,21.317596753438313,24.50479507446289,21.51167456906573,24.00642807143075,2004,Lord Howe Island Marine Park,1
Neoglyphidodon polyacanthus,-31.52,159.04,2018,2,17,5,3,-32_159,21.317596753438313,24.50479507446289,21.51167456906573,24.00642807143075,2004,Lord Howe Island Marine Park,1
Neoglyphidodon polyacanthus,-31.52,159.04,2018,2,17,12.5,3,-32_159,21.317596753438313,24.50479507446289,21.51167456906573,24.00642807143075,2004,Lord Howe Island Marine Park,1
Neoglyphidodon polyacanthus,-31.52,159.05,2018,2,20,2.5,1,-32_159,21.317596753438313,24.50479507446289,21.51167456906573,24.00642807143075,2004,Lord Howe Island Marine Park,1
Neoglyphidodon polyacanthus,-31.52,159.05,2018,2,20,5,2,-32_159,21.317596753438313,24.50479507446289,21.51167456906573,24.00642807143075,2004,Lord Howe Island Marine Park,1
Neoglyphidodon polyacanthus,-31.52,159.05,2018,2,20,7.5,1,-32_159,21.317596753438313,24.50479507446289,21.51167456906573,24.00642807143075,2004,Lord Howe Island Marine Park,1
Neoglyphidodon polyacanthus,-31.52,159.05,2018,2,20,10,20,-32_159,21.317596753438313,24.50479507446289,21.51167456906573,24.00642807143075,2004,Lord Howe Island Marine Park,1
Neoglyphidodon polyacanthus,-31.52,159.05,2018,2,20,12.5,40,-32_159,21.317596753438313,24.50479507446289,21.51167456906573,24.00642807143075,2004,Lord Howe Island Marine Park,1
Neoglyphidodon polyacanthus,-31.56,159.07,2018,2,12,12.5,8,-32_159,21.317596753438313,24.50479507446289,21.51167456906573,24.00642807143075,NA,NA,0
Neoglyphidodon polyacanthus,-31.56,159.07,2018,2,12,15,9,-32_159,21.317596753438313,24.50479507446289,21.51167456906573,24.00642807143075,NA,NA,0
Neoglyphidodon polyacanthus,-31.56,159.1,2018,2,12,5,3,-32_159,21.317596753438313,24.50479507446289,21.51167456906573,24.00642807143075,NA,NA,0
Neoglyphidodon polyacanthus,-31.56,159.1,2018,2,12,7.5,3,-32_159,21.317596753438313,24.50479507446289,21.51167456906573,24.00642807143075,NA,NA,0
Neoglyphidodon polyacanthus,-31.56,159.1,2018,2,12,10,1,-32_159,21.317596753438313,24.50479507446289,21.51167456906573,24.00642807143075,NA,NA,0
Neoglyphidodon polyacanthus,-31.56,159.1,2018,2,12,2.5,1,-32_159,21.317596753438313,24.50479507446289,21.51167456906573,24.00642807143075,NA,NA,0
Neoglyphidodon polyacanthus,-31.56,159.1,2018,2,12,5,2,-32_159,21.317596753438313,24.50479507446289,21.51167456906573,24.00642807143075,NA,NA,0
Neoglyphidodon polyacanthus,-31.56,159.1,2018,2,12,7.5,2,-32_159,21.317596753438313,24.50479507446289,21.51167456906573,24.00642807143075,NA,NA,0
Neoglyphidodon polyacanthus,-31.56,159.1,2018,2,12,10,3,-32_159,21.317596753438313,24.50479507446289,21.51167456906573,24.00642807143075,NA,NA,0
Neoglyphidodon polyacanthus,-31.56,159.1,2018,2,12,12.5,5,-32_159,21.317596753438313,24.50479507446289,21.51167456906573,24.00642807143075,NA,NA,0
Neoglyphidodon polyacanthus,-31.51,159.07,2018,2,13,2.5,1,-32_159,21.317596753438313,24.50479507446289,21.51167456906573,24.00642807143075,2004,Lord Howe Island Marine Park,1
Neoglyphidodon polyacanthus,-31.51,159.07,2018,2,13,7.5,1,-32_159,21.317596753438313,24.50479507446289,21.51167456906573,24.00642807143075,2004,Lord Howe Island Marine Park,1
Neoglyphidodon polyacanthus,-31.51,159.07,2018,2,13,10,1,-32_159,21.317596753438313,24.50479507446289,21.51167456906573,24.00642807143075,2004,Lord Howe Island Marine Park,1
Neoglyphidodon polyacanthus,-31.51,159.07,2018,2,13,12.5,2,-32_159,21.317596753438313,24.50479507446289,21.51167456906573,24.00642807143075,2004,Lord Howe Island Marine Park,1
Neoglyphidodon polyacanthus,-31.52,159.04,2018,2,17,10,10,-32_159,21.317596753438313,24.50479507446289,21.51167456906573,24.00642807143075,NA,NA,0
Neoglyphidodon polyacanthus,-31.52,159.04,2018,2,17,12.5,10,-32_159,21.317596753438313,24.50479507446289,21.51167456906573,24.00642807143075,NA,NA,0
Neoglyphidodon polyacanthus,-31.52,159.04,2018,2,17,15,10,-32_159,21.317596753438313,24.50479507446289,21.51167456906573,24.00642807143075,NA,NA,0
Neoglyphidodon polyacanthus,-31.52,159.05,2018,2,18,7.5,20,-32_159,21.317596753438313,24.50479507446289,21.51167456906573,24.00642807143075,2004,Lord Howe Island Marine Park,1
Neoglyphidodon polyacanthus,-31.52,159.05,2018,2,18,10,20,-32_159,21.317596753438313,24.50479507446289,21.51167456906573,24.00642807143075,2004,Lord Howe Island Marine Park,1
Neoglyphidodon polyacanthus,-31.52,159.05,2018,2,18,12.5,20,-32_159,21.317596753438313,24.50479507446289,21.51167456906573,24.00642807143075,2004,Lord Howe Island Marine Park,1
Neoglyphidodon polyacanthus,-31.52,159.05,2018,2,18,5,30,-32_159,21.317596753438313,24.50479507446289,21.51167456906573,24.00642807143075,2004,Lord Howe Island Marine Park,1
Neoglyphidodon polyacanthus,-31.52,159.05,2018,2,18,7.5,30,-32_159,21.317596753438313,24.50479507446289,21.51167456906573,24.00642807143075,2004,Lord Howe Island Marine Park,1
Neoglyphidodon polyacanthus,-31.52,159.05,2018,2,18,10,30,-32_159,21.317596753438313,24.50479507446289,21.51167456906573,24.00642807143075,2004,Lord Howe Island Marine Park,1
Neoglyphidodon polyacanthus,-31.52,159.05,2018,2,18,12.5,30,-32_159,21.317596753438313,24.50479507446289,21.51167456906573,24.00642807143075,2004,Lord Howe Island Marine Park,1
Neoglyphidodon polyacanthus,-31.53,159.06,2018,2,20,10,10,-32_159,21.317596753438313,24.50479507446289,21.51167456906573,24.00642807143075,NA,NA,0
Neoglyphidodon polyacanthus,-31.53,159.06,2018,2,20,12.5,15,-32_159,21.317596753438313,24.50479507446289,21.51167456906573,24.00642807143075,NA,NA,0
Neoglyphidodon polyacanthus,-31.53,159.06,2018,2,20,15,15,-32_159,21.317596753438313,24.50479507446289,21.51167456906573,24.00642807143075,NA,NA,0
Neoglyphidodon polyacanthus,-31.53,159.06,2018,2,20,10,15,-32_159,21.317596753438313,24.50479507446289,21.51167456906573,24.00642807143075,NA,NA,0
Neoglyphidodon polyacanthus,-31.53,159.06,2018,2,20,12.5,20,-32_159,21.317596753438313,24.50479507446289,21.51167456906573,24.00642807143075,NA,NA,0
Neoglyphidodon polyacanthus,-31.51,159.04,2018,2,21,10,3,-32_159,21.317596753438313,24.50479507446289,21.51167456906573,24.00642807143075,NA,NA,0
Neoglyphidodon polyacanthus,-31.51,159.04,2018,2,21,12.5,4,-32_159,21.317596753438313,24.50479507446289,21.51167456906573,24.00642807143075,NA,NA,0
Neoglyphidodon polyacanthus,-31.51,159.04,2018,2,21,15,3,-32_159,21.317596753438313,24.50479507446289,21.51167456906573,24.00642807143075,NA,NA,0
Neoglyphidodon polyacanthus,-31.51,159.04,2018,2,21,10,2,-32_159,21.317596753438313,24.50479507446289,21.51167456906573,24.00642807143075,NA,NA,0
Neoglyphidodon polyacanthus,-31.51,159.04,2018,2,21,12.5,3,-32_159,21.317596753438313,24.50479507446289,21.51167456906573,24.00642807143075,NA,NA,0
Neoglyphidodon polyacanthus,-31.58,159.07,2018,2,11,2.5,1,-32_159,21.317596753438313,24.50479507446289,21.51167456906573,24.00642807143075,NA,NA,0
Neoglyphidodon polyacanthus,-31.58,159.07,2018,2,11,5,9,-32_159,21.317596753438313,24.50479507446289,21.51167456906573,24.00642807143075,NA,NA,0
Neoglyphidodon polyacanthus,-31.58,159.07,2018,2,11,7.5,1,-32_159,21.317596753438313,24.50479507446289,21.51167456906573,24.00642807143075,NA,NA,0
Neoglyphidodon polyacanthus,-31.58,159.07,2018,2,11,2.5,2,-32_159,21.317596753438313,24.50479507446289,21.51167456906573,24.00642807143075,NA,NA,0
Neoglyphidodon polyacanthus,-31.58,159.07,2018,2,11,5,10,-32_159,21.317596753438313,24.50479507446289,21.51167456906573,24.00642807143075,NA,NA,0
Neoglyphidodon polyacanthus,-31.58,159.07,2018,2,11,7.5,7,-32_159,21.317596753438313,24.50479507446289,21.51167456906573,24.00642807143075,NA,NA,0
Neoglyphidodon polyacanthus,-31.6,159.08,2018,2,12,5,10,-32_159,21.317596753438313,24.50479507446289,21.51167456906573,24.00642807143075,2004,Lord Howe Island Marine Park,1
Neoglyphidodon polyacanthus,-31.6,159.08,2018,2,12,7.5,10,-32_159,21.317596753438313,24.50479507446289,21.51167456906573,24.00642807143075,2004,Lord Howe Island Marine Park,1
Neoglyphidodon polyacanthus,-31.6,159.08,2018,2,12,10,10,-32_159,21.317596753438313,24.50479507446289,21.51167456906573,24.00642807143075,2004,Lord Howe Island Marine Park,1
Neoglyphidodon polyacanthus,-31.6,159.08,2018,2,12,7.5,4,-32_159,21.317596753438313,24.50479507446289,21.51167456906573,24.00642807143075,2004,Lord Howe Island Marine Park,1
Neoglyphidodon polyacanthus,-31.6,159.08,2018,2,12,10,2,-32_159,21.317596753438313,24.50479507446289,21.51167456906573,24.00642807143075,2004,Lord Howe Island Marine Park,1
Neoglyphidodon polyacanthus,-31.57,159.1,2018,2,12,2.5,3,-32_159,21.317596753438313,24.50479507446289,21.51167456906573,24.00642807143075,2004,Lord Howe Island Marine Park,1
Neoglyphidodon polyacanthus,-31.57,159.1,2018,2,12,5,1,-32_159,21.317596753438313,24.50479507446289,21.51167456906573,24.00642807143075,2004,Lord Howe Island Marine Park,1
Neoglyphidodon polyacanthus,-31.57,159.1,2018,2,12,7.5,5,-32_159,21.317596753438313,24.50479507446289,21.51167456906573,24.00642807143075,2004,Lord Howe Island Marine Park,1
Neoglyphidodon polyacanthus,-31.51,159.07,2018,2,13,5,5,-32_159,21.317596753438313,24.50479507446289,21.51167456906573,24.00642807143075,2004,Lord Howe Island Marine Park,1
Neoglyphidodon polyacanthus,-31.51,159.07,2018,2,13,12.5,4,-32_159,21.317596753438313,24.50479507446289,21.51167456906573,24.00642807143075,2004,Lord Howe Island Marine Park,1
Neoglyphidodon polyacanthus,-31.52,159.08,2018,2,13,10,3,-32_159,21.317596753438313,24.50479507446289,21.51167456906573,24.00642807143075,NA,NA,0
Neoglyphidodon polyacanthus,-31.52,159.08,2018,2,13,12.5,1,-32_159,21.317596753438313,24.50479507446289,21.51167456906573,24.00642807143075,NA,NA,0
Neoglyphidodon polyacanthus,-31.52,159.08,2018,2,13,7.5,2,-32_159,21.317596753438313,24.50479507446289,21.51167456906573,24.00642807143075,NA,NA,0
Neoglyphidodon polyacanthus,-31.52,159.08,2018,2,13,10,2,-32_159,21.317596753438313,24.50479507446289,21.51167456906573,24.00642807143075,NA,NA,0
Neoglyphidodon polyacanthus,-31.52,159.08,2018,2,13,12.5,2,-32_159,21.317596753438313,24.50479507446289,21.51167456906573,24.00642807143075,NA,NA,0
Neoglyphidodon polyacanthus,-31.51,159.05,2018,2,14,5,2,-32_159,21.317596753438313,24.50479507446289,21.51167456906573,24.00642807143075,2004,Lord Howe Island Marine Park,1
Neoglyphidodon polyacanthus,-31.51,159.05,2018,2,14,7.5,1,-32_159,21.317596753438313,24.50479507446289,21.51167456906573,24.00642807143075,2004,Lord Howe Island Marine Park,1
Neoglyphidodon polyacanthus,-31.51,159.05,2018,2,14,10,2,-32_159,21.317596753438313,24.50479507446289,21.51167456906573,24.00642807143075,2004,Lord Howe Island Marine Park,1
Neoglyphidodon polyacanthus,-31.52,159.05,2018,2,20,7.5,35,-32_159,21.317596753438313,24.50479507446289,21.51167456906573,24.00642807143075,2004,Lord Howe Island Marine Park,1
Neoglyphidodon polyacanthus,-31.52,159.05,2018,2,20,10,40,-32_159,21.317596753438313,24.50479507446289,21.51167456906573,24.00642807143075,2004,Lord Howe Island Marine Park,1
Neoglyphidodon polyacanthus,-31.52,159.05,2018,2,20,15,35,-32_159,21.317596753438313,24.50479507446289,21.51167456906573,24.00642807143075,2004,Lord Howe Island Marine Park,1
Neoglyphidodon polyacanthus,-31.55,159.06,2018,2,22,12.5,20,-32_159,21.317596753438313,24.50479507446289,21.51167456906573,24.00642807143075,2004,Lord Howe Island Marine Park,1
Neoglyphidodon polyacanthus,-31.55,159.06,2018,2,22,15,20,-32_159,21.317596753438313,24.50479507446289,21.51167456906573,24.00642807143075,2004,Lord Howe Island Marine Park,1
Neoglyphidodon polyacanthus,-31.53,159.05,2018,2,15,10,1,-32_159,21.317596753438313,24.50479507446289,21.51167456906573,24.00642807143075,NA,NA,0
Neoglyphidodon polyacanthus,-31.53,159.05,2018,2,15,12.5,3,-32_159,21.317596753438313,24.50479507446289,21.51167456906573,24.00642807143075,NA,NA,0
Neoglyphidodon polyacanthus,-31.53,159.05,2018,2,15,15,1,-32_159,21.317596753438313,24.50479507446289,21.51167456906573,24.00642807143075,NA,NA,0
Neoglyphidodon polyacanthus,-31.53,159.05,2018,2,15,12.5,2,-32_159,21.317596753438313,24.50479507446289,21.51167456906573,24.00642807143075,NA,NA,0
Neoglyphidodon polyacanthus,-31.54,159.05,2018,2,15,5,1,-32_159,21.317596753438313,24.50479507446289,21.51167456906573,24.00642807143075,2004,Lord Howe Island Marine Park,1
Neoglyphidodon polyacanthus,-31.54,159.05,2018,2,15,10,7,-32_159,21.317596753438313,24.50479507446289,21.51167456906573,24.00642807143075,2004,Lord Howe Island Marine Park,1
Neoglyphidodon polyacanthus,-31.54,159.05,2018,2,15,12.5,3,-32_159,21.317596753438313,24.50479507446289,21.51167456906573,24.00642807143075,2004,Lord Howe Island Marine Park,1
Neoglyphidodon polyacanthus,-31.54,159.05,2018,2,15,15,1,-32_159,21.317596753438313,24.50479507446289,21.51167456906573,24.00642807143075,2004,Lord Howe Island Marine Park,1
Neoglyphidodon polyacanthus,-31.54,159.05,2018,2,15,12.5,2,-32_159,21.317596753438313,24.50479507446289,21.51167456906573,24.00642807143075,2004,Lord Howe Island Marine Park,1
Neoglyphidodon polyacanthus,-31.52,159.05,2018,2,18,5,2,-32_159,21.317596753438313,24.50479507446289,21.51167456906573,24.00642807143075,2004,Lord Howe Island Marine Park,1
Neoglyphidodon polyacanthus,-31.52,159.05,2018,2,18,7.5,24,-32_159,21.317596753438313,24.50479507446289,21.51167456906573,24.00642807143075,2004,Lord Howe Island Marine Park,1
Neoglyphidodon polyacanthus,-31.52,159.05,2018,2,18,10,55,-32_159,21.317596753438313,24.50479507446289,21.51167456906573,24.00642807143075,2004,Lord Howe Island Marine Park,1
Neoglyphidodon polyacanthus,-31.52,159.05,2018,2,18,12.5,40,-32_159,21.317596753438313,24.50479507446289,21.51167456906573,24.00642807143075,2004,Lord Howe Island Marine Park,1
Neoglyphidodon polyacanthus,-31.52,159.05,2018,2,18,5,4,-32_159,21.317596753438313,24.50479507446289,21.51167456906573,24.00642807143075,2004,Lord Howe Island Marine Park,1
Neoglyphidodon polyacanthus,-31.52,159.05,2018,2,18,7.5,5,-32_159,21.317596753438313,24.50479507446289,21.51167456906573,24.00642807143075,2004,Lord Howe Island Marine Park,1
Neoglyphidodon polyacanthus,-31.52,159.05,2018,2,18,10,35,-32_159,21.317596753438313,24.50479507446289,21.51167456906573,24.00642807143075,2004,Lord Howe Island Marine Park,1
Neoglyphidodon polyacanthus,-31.52,159.05,2018,2,18,12.5,35,-32_159,21.317596753438313,24.50479507446289,21.51167456906573,24.00642807143075,2004,Lord Howe Island Marine Park,1
Neoglyphidodon polyacanthus,-31.54,159.11,2018,3,4,10,1,-32_159,21.317596753438313,24.250411987304688,21.51167456906573,24.16048329876315,NA,NA,0
Neoglyphidodon polyacanthus,-31.54,159.05,2020,2,10,10,1,-32_159,21.398178100585938,24.25704574584961,22.009252783450954,24.8582752819719,2004,Lord Howe Island Marine Park,1
Neoglyphidodon polyacanthus,-31.54,159.05,2020,2,10,12.5,7,-32_159,21.398178100585938,24.25704574584961,22.009252783450954,24.8582752819719,2004,Lord Howe Island Marine Park,1
Neoglyphidodon polyacanthus,-31.54,159.05,2020,2,10,15,4,-32_159,21.398178100585938,24.25704574584961,22.009252783450954,24.8582752819719,2004,Lord Howe Island Marine Park,1
Neoglyphidodon polyacanthus,-31.54,159.05,2020,2,10,10,3,-32_159,21.398178100585938,24.25704574584961,22.009252783450954,24.8582752819719,2004,Lord Howe Island Marine Park,1
Neoglyphidodon polyacanthus,-31.54,159.05,2020,2,10,12.5,5,-32_159,21.398178100585938,24.25704574584961,22.009252783450954,24.8582752819719,2004,Lord Howe Island Marine Park,1
Neoglyphidodon polyacanthus,-31.54,159.05,2020,2,10,15,5,-32_159,21.398178100585938,24.25704574584961,22.009252783450954,24.8582752819719,2004,Lord Howe Island Marine Park,1
Neoglyphidodon polyacanthus,-31.53,159.05,2020,2,19,5,1,-32_159,21.398178100585938,24.25704574584961,22.009252783450954,24.8582752819719,NA,NA,0
Neoglyphidodon polyacanthus,-31.53,159.05,2020,2,19,7.5,15,-32_159,21.398178100585938,24.25704574584961,22.009252783450954,24.8582752819719,NA,NA,0
Neoglyphidodon polyacanthus,-31.53,159.05,2020,2,19,10,5,-32_159,21.398178100585938,24.25704574584961,22.009252783450954,24.8582752819719,NA,NA,0
Neoglyphidodon polyacanthus,-31.53,159.05,2020,2,19,12.5,5,-32_159,21.398178100585938,24.25704574584961,22.009252783450954,24.8582752819719,NA,NA,0
Neoglyphidodon polyacanthus,-31.53,159.05,2020,2,19,15,10,-32_159,21.398178100585938,24.25704574584961,22.009252783450954,24.8582752819719,NA,NA,0
Neoglyphidodon polyacanthus,-31.53,159.05,2020,2,19,5,5,-32_159,21.398178100585938,24.25704574584961,22.009252783450954,24.8582752819719,NA,NA,0
Neoglyphidodon polyacanthus,-31.53,159.05,2020,2,19,7.5,10,-32_159,21.398178100585938,24.25704574584961,22.009252783450954,24.8582752819719,NA,NA,0
Neoglyphidodon polyacanthus,-31.53,159.05,2020,2,19,10,10,-32_159,21.398178100585938,24.25704574584961,22.009252783450954,24.8582752819719,NA,NA,0
Neoglyphidodon polyacanthus,-31.53,159.05,2020,2,19,12.5,10,-32_159,21.398178100585938,24.25704574584961,22.009252783450954,24.8582752819719,NA,NA,0
Neoglyphidodon polyacanthus,-31.53,159.05,2020,2,19,12.5,6,-32_159,21.398178100585938,24.25704574584961,22.009252783450954,24.8582752819719,NA,NA,0
Neoglyphidodon polyacanthus,-31.53,159.05,2020,2,19,15,5,-32_159,21.398178100585938,24.25704574584961,22.009252783450954,24.8582752819719,NA,NA,0
Neoglyphidodon polyacanthus,-31.53,159.05,2020,2,19,7.5,2,-32_159,21.398178100585938,24.25704574584961,22.009252783450954,24.8582752819719,NA,NA,0
Neoglyphidodon polyacanthus,-31.53,159.05,2020,2,19,10,10,-32_159,21.398178100585938,24.25704574584961,22.009252783450954,24.8582752819719,NA,NA,0
Neoglyphidodon polyacanthus,-31.53,159.05,2020,2,19,12.5,10,-32_159,21.398178100585938,24.25704574584961,22.009252783450954,24.8582752819719,NA,NA,0
Neoglyphidodon polyacanthus,-31.52,159.08,2020,2,18,2.5,1,-32_159,21.398178100585938,24.25704574584961,22.009252783450954,24.8582752819719,NA,NA,0
Neoglyphidodon polyacanthus,-31.52,159.08,2020,2,18,12.5,12,-32_159,21.398178100585938,24.25704574584961,22.009252783450954,24.8582752819719,NA,NA,0
Neoglyphidodon polyacanthus,-31.52,159.08,2020,2,18,5,1,-32_159,21.398178100585938,24.25704574584961,22.009252783450954,24.8582752819719,NA,NA,0
Neoglyphidodon polyacanthus,-31.52,159.08,2020,2,18,7.5,5,-32_159,21.398178100585938,24.25704574584961,22.009252783450954,24.8582752819719,NA,NA,0
Neoglyphidodon polyacanthus,-31.52,159.08,2020,2,18,10,5,-32_159,21.398178100585938,24.25704574584961,22.009252783450954,24.8582752819719,NA,NA,0
Neoglyphidodon polyacanthus,-31.52,159.08,2020,2,18,12.5,6,-32_159,21.398178100585938,24.25704574584961,22.009252783450954,24.8582752819719,NA,NA,0
Neoglyphidodon polyacanthus,-31.52,159.08,2020,2,18,15,5,-32_159,21.398178100585938,24.25704574584961,22.009252783450954,24.8582752819719,NA,NA,0
Neoglyphidodon polyacanthus,-31.51,159.07,2020,2,18,12.5,2,-32_159,21.398178100585938,24.25704574584961,22.009252783450954,24.8582752819719,2004,Lord Howe Island Marine Park,1
Neoglyphidodon polyacanthus,-31.51,159.07,2020,2,18,15,1,-32_159,21.398178100585938,24.25704574584961,22.009252783450954,24.8582752819719,2004,Lord Howe Island Marine Park,1
Neoglyphidodon polyacanthus,-31.51,159.07,2020,2,18,12.5,4,-32_159,21.398178100585938,24.25704574584961,22.009252783450954,24.8582752819719,2004,Lord Howe Island Marine Park,1
Neoglyphidodon polyacanthus,-31.51,159.04,2020,2,20,2.5,2,-32_159,21.398178100585938,24.25704574584961,22.009252783450954,24.8582752819719,NA,NA,0
Neoglyphidodon polyacanthus,-31.52,159.05,2020,2,9,7.5,2,-32_159,21.398178100585938,24.25704574584961,22.009252783450954,24.8582752819719,2004,Lord Howe Island Marine Park,1
Neoglyphidodon polyacanthus,-31.52,159.05,2020,2,9,10,10,-32_159,21.398178100585938,24.25704574584961,22.009252783450954,24.8582752819719,2004,Lord Howe Island Marine Park,1
Neoglyphidodon polyacanthus,-31.52,159.05,2020,2,9,12.5,5,-32_159,21.398178100585938,24.25704574584961,22.009252783450954,24.8582752819719,2004,Lord Howe Island Marine Park,1
Neoglyphidodon polyacanthus,-31.52,159.05,2020,2,9,5,2,-32_159,21.398178100585938,24.25704574584961,22.009252783450954,24.8582752819719,2004,Lord Howe Island Marine Park,1
Neoglyphidodon polyacanthus,-31.52,159.05,2020,2,9,7.5,6,-32_159,21.398178100585938,24.25704574584961,22.009252783450954,24.8582752819719,2004,Lord Howe Island Marine Park,1
Neoglyphidodon polyacanthus,-31.52,159.05,2020,2,9,10,9,-32_159,21.398178100585938,24.25704574584961,22.009252783450954,24.8582752819719,2004,Lord Howe Island Marine Park,1
Neoglyphidodon polyacanthus,-31.52,159.05,2020,2,9,12.5,6,-32_159,21.398178100585938,24.25704574584961,22.009252783450954,24.8582752819719,2004,Lord Howe Island Marine Park,1
Neoglyphidodon polyacanthus,-31.52,159.03,2020,2,10,10,1,-32_159,21.398178100585938,24.25704574584961,22.009252783450954,24.8582752819719,NA,NA,0
Neoglyphidodon polyacanthus,-31.55,159.06,2020,2,11,7.5,2,-32_159,21.398178100585938,24.25704574584961,22.009252783450954,24.8582752819719,2004,Lord Howe Island Marine Park,1
Neoglyphidodon polyacanthus,-31.55,159.06,2020,2,11,10,3,-32_159,21.398178100585938,24.25704574584961,22.009252783450954,24.8582752819719,2004,Lord Howe Island Marine Park,1
Neoglyphidodon polyacanthus,-31.55,159.06,2020,2,11,12.5,4,-32_159,21.398178100585938,24.25704574584961,22.009252783450954,24.8582752819719,2004,Lord Howe Island Marine Park,1
Neoglyphidodon polyacanthus,-31.55,159.06,2020,2,11,10,2,-32_159,21.398178100585938,24.25704574584961,22.009252783450954,24.8582752819719,2004,Lord Howe Island Marine Park,1
Neoglyphidodon polyacanthus,-31.55,159.06,2020,2,11,12.5,3,-32_159,21.398178100585938,24.25704574584961,22.009252783450954,24.8582752819719,2004,Lord Howe Island Marine Park,1
Neoglyphidodon polyacanthus,-31.52,159.04,2020,2,12,7.5,3,-32_159,21.398178100585938,24.25704574584961,22.009252783450954,24.8582752819719,2004,Lord Howe Island Marine Park,1
Neoglyphidodon polyacanthus,-31.52,159.04,2020,2,12,12.5,3,-32_159,21.398178100585938,24.25704574584961,22.009252783450954,24.8582752819719,2004,Lord Howe Island Marine Park,1
Neoglyphidodon polyacanthus,-31.52,159.04,2020,2,12,12.5,2,-32_159,21.398178100585938,24.25704574584961,22.009252783450954,24.8582752819719,2004,Lord Howe Island Marine Park,1
Neoglyphidodon polyacanthus,-31.55,159.07,2020,2,12,5,3,-32_159,21.398178100585938,24.25704574584961,22.009252783450954,24.8582752819719,NA,NA,0
Neoglyphidodon polyacanthus,-31.55,159.07,2020,2,12,7.5,1,-32_159,21.398178100585938,24.25704574584961,22.009252783450954,24.8582752819719,NA,NA,0
Neoglyphidodon polyacanthus,-31.55,159.07,2020,2,12,10,10,-32_159,21.398178100585938,24.25704574584961,22.009252783450954,24.8582752819719,NA,NA,0
Neoglyphidodon polyacanthus,-31.55,159.07,2020,2,12,12.5,40,-32_159,21.398178100585938,24.25704574584961,22.009252783450954,24.8582752819719,NA,NA,0
Neoglyphidodon polyacanthus,-31.55,159.07,2020,2,12,12.5,20,-32_159,21.398178100585938,24.25704574584961,22.009252783450954,24.8582752819719,NA,NA,0
Neoglyphidodon polyacanthus,-31.55,159.06,2020,2,16,2.5,2,-32_159,21.398178100585938,24.25704574584961,22.009252783450954,24.8582752819719,2004,Lord Howe Island Marine Park,1
Neoglyphidodon polyacanthus,-31.55,159.06,2020,2,16,7.5,10,-32_159,21.398178100585938,24.25704574584961,22.009252783450954,24.8582752819719,2004,Lord Howe Island Marine Park,1
Neoglyphidodon polyacanthus,-31.55,159.06,2020,2,16,10,10,-32_159,21.398178100585938,24.25704574584961,22.009252783450954,24.8582752819719,2004,Lord Howe Island Marine Park,1
Neoglyphidodon polyacanthus,-31.55,159.06,2020,2,16,12.5,5,-32_159,21.398178100585938,24.25704574584961,22.009252783450954,24.8582752819719,2004,Lord Howe Island Marine Park,1
Neoglyphidodon polyacanthus,-31.56,159.07,2020,2,11,12.5,15,-32_159,21.398178100585938,24.25704574584961,22.009252783450954,24.8582752819719,NA,NA,0
Neoglyphidodon polyacanthus,-31.56,159.07,2020,2,11,12.5,15,-32_159,21.398178100585938,24.25704574584961,22.009252783450954,24.8582752819719,NA,NA,0
Neoglyphidodon polyacanthus,-31.56,159.07,2020,2,11,15,10,-32_159,21.398178100585938,24.25704574584961,22.009252783450954,24.8582752819719,NA,NA,0
Neoglyphidodon polyacanthus,-31.56,159.07,2020,2,11,7.5,1,-32_159,21.398178100585938,24.25704574584961,22.009252783450954,24.8582752819719,NA,NA,0
Neoglyphidodon polyacanthus,-31.56,159.07,2020,2,11,10,5,-32_159,21.398178100585938,24.25704574584961,22.009252783450954,24.8582752819719,NA,NA,0
Neoglyphidodon polyacanthus,-31.56,159.07,2020,2,11,12.5,7,-32_159,21.398178100585938,24.25704574584961,22.009252783450954,24.8582752819719,NA,NA,0
Neoglyphidodon polyacanthus,-31.56,159.07,2020,2,11,15,1,-32_159,21.398178100585938,24.25704574584961,22.009252783450954,24.8582752819719,NA,NA,0
Neoglyphidodon polyacanthus,-31.53,159.05,2020,2,12,15,4,-32_159,21.398178100585938,24.25704574584961,22.009252783450954,24.8582752819719,NA,NA,0
Neoglyphidodon polyacanthus,-31.53,159.05,2020,2,12,5,3,-32_159,21.398178100585938,24.25704574584961,22.009252783450954,24.8582752819719,NA,NA,0
Neoglyphidodon polyacanthus,-31.53,159.05,2020,2,12,7.5,2,-32_159,21.398178100585938,24.25704574584961,22.009252783450954,24.8582752819719,NA,NA,0
Neoglyphidodon polyacanthus,-31.53,159.05,2020,2,12,10,7,-32_159,21.398178100585938,24.25704574584961,22.009252783450954,24.8582752819719,NA,NA,0
Neoglyphidodon polyacanthus,-31.53,159.05,2020,2,12,12.5,5,-32_159,21.398178100585938,24.25704574584961,22.009252783450954,24.8582752819719,NA,NA,0
Neoglyphidodon polyacanthus,-31.53,159.05,2020,2,12,12.5,20,-32_159,21.398178100585938,24.25704574584961,22.009252783450954,24.8582752819719,NA,NA,0
Neoglyphidodon polyacanthus,-31.53,159.05,2020,2,12,15,15,-32_159,21.398178100585938,24.25704574584961,22.009252783450954,24.8582752819719,NA,NA,0
Neoglyphidodon polyacanthus,-31.53,159.05,2020,2,12,12.5,5,-32_159,21.398178100585938,24.25704574584961,22.009252783450954,24.8582752819719,NA,NA,0
Neoglyphidodon polyacanthus,-31.53,159.05,2020,2,12,15,3,-32_159,21.398178100585938,24.25704574584961,22.009252783450954,24.8582752819719,NA,NA,0
Neoglyphidodon polyacanthus,-31.6,159.08,2020,2,17,12.5,1,-32_159,21.398178100585938,24.25704574584961,22.009252783450954,24.8582752819719,2004,Lord Howe Island Marine Park,1
Neoglyphidodon polyacanthus,-31.6,159.08,2020,2,17,15,1,-32_159,21.398178100585938,24.25704574584961,22.009252783450954,24.8582752819719,2004,Lord Howe Island Marine Park,1
Neoglyphidodon polyacanthus,-31.54,159.11,2020,2,17,2.5,1,-32_159,21.398178100585938,24.25704574584961,22.009252783450954,24.8582752819719,NA,NA,0
Neoglyphidodon polyacanthus,-31.53,159.05,2020,2,19,2.5,5,-32_159,21.398178100585938,24.25704574584961,22.009252783450954,24.8582752819719,NA,NA,0
Neoglyphidodon polyacanthus,-31.53,159.05,2020,2,19,5,2,-32_159,21.398178100585938,24.25704574584961,22.009252783450954,24.8582752819719,NA,NA,0
Neoglyphidodon polyacanthus,-31.53,159.05,2020,2,19,7.5,11,-32_159,21.398178100585938,24.25704574584961,22.009252783450954,24.8582752819719,NA,NA,0
Neoglyphidodon polyacanthus,-31.53,159.05,2020,2,19,10,16,-32_159,21.398178100585938,24.25704574584961,22.009252783450954,24.8582752819719,NA,NA,0
Neoglyphidodon polyacanthus,-31.53,159.05,2020,2,19,12.5,30,-32_159,21.398178100585938,24.25704574584961,22.009252783450954,24.8582752819719,NA,NA,0
Neoglyphidodon polyacanthus,-31.53,159.05,2020,2,19,15,10,-32_159,21.398178100585938,24.25704574584961,22.009252783450954,24.8582752819719,NA,NA,0
Neoglyphidodon polyacanthus,-31.53,159.05,2020,2,19,10,8,-32_159,21.398178100585938,24.25704574584961,22.009252783450954,24.8582752819719,NA,NA,0
Neoglyphidodon polyacanthus,-31.53,159.05,2020,2,19,12.5,10,-32_159,21.398178100585938,24.25704574584961,22.009252783450954,24.8582752819719,NA,NA,0
Neoglyphidodon polyacanthus,-31.53,159.05,2020,2,19,20,10,-32_159,21.398178100585938,24.25704574584961,22.009252783450954,24.8582752819719,NA,NA,0
Neoglyphidodon polyacanthus,-31.53,159.05,2020,2,19,7.5,10,-32_159,21.398178100585938,24.25704574584961,22.009252783450954,24.8582752819719,NA,NA,0
Neoglyphidodon polyacanthus,-31.53,159.05,2020,2,19,10,25,-32_159,21.398178100585938,24.25704574584961,22.009252783450954,24.8582752819719,NA,NA,0
Neoglyphidodon polyacanthus,-31.53,159.05,2020,2,19,12.5,20,-32_159,21.398178100585938,24.25704574584961,22.009252783450954,24.8582752819719,NA,NA,0
Neoglyphidodon polyacanthus,-31.53,159.05,2020,2,19,15,20,-32_159,21.398178100585938,24.25704574584961,22.009252783450954,24.8582752819719,NA,NA,0
Neoglyphidodon polyacanthus,-31.53,159.05,2020,2,19,5,10,-32_159,21.398178100585938,24.25704574584961,22.009252783450954,24.8582752819719,NA,NA,0
Neoglyphidodon polyacanthus,-31.53,159.05,2020,2,19,10,15,-32_159,21.398178100585938,24.25704574584961,22.009252783450954,24.8582752819719,NA,NA,0
Neoglyphidodon polyacanthus,-31.53,159.05,2020,2,19,12.5,15,-32_159,21.398178100585938,24.25704574584961,22.009252783450954,24.8582752819719,NA,NA,0
Neoglyphidodon polyacanthus,-31.53,159.05,2020,2,19,15,10,-32_159,21.398178100585938,24.25704574584961,22.009252783450954,24.8582752819719,NA,NA,0
Neoglyphidodon polyacanthus,-31.52,159.07,2020,2,21,15,1,-32_159,21.398178100585938,24.25704574584961,22.009252783450954,24.8582752819719,2004,Lord Howe Island Marine Park,1
Neoglyphidodon polyacanthus,-31.53,159.06,2020,2,9,2.5,7,-32_159,21.398178100585938,24.25704574584961,22.009252783450954,24.8582752819719,NA,NA,0
Neoglyphidodon polyacanthus,-31.53,159.06,2020,2,9,5,7,-32_159,21.398178100585938,24.25704574584961,22.009252783450954,24.8582752819719,NA,NA,0
Neoglyphidodon polyacanthus,-31.53,159.06,2020,2,9,7.5,7,-32_159,21.398178100585938,24.25704574584961,22.009252783450954,24.8582752819719,NA,NA,0
Neoglyphidodon polyacanthus,-31.53,159.06,2020,2,9,10,7,-32_159,21.398178100585938,24.25704574584961,22.009252783450954,24.8582752819719,NA,NA,0
Neoglyphidodon polyacanthus,-31.53,159.06,2020,2,9,12.5,7,-32_159,21.398178100585938,24.25704574584961,22.009252783450954,24.8582752819719,NA,NA,0
Neoglyphidodon polyacanthus,-31.53,159.06,2020,2,9,15,7,-32_159,21.398178100585938,24.25704574584961,22.009252783450954,24.8582752819719,NA,NA,0
Neoglyphidodon polyacanthus,-31.53,159.06,2020,2,9,2.5,5,-32_159,21.398178100585938,24.25704574584961,22.009252783450954,24.8582752819719,NA,NA,0
Neoglyphidodon polyacanthus,-31.53,159.06,2020,2,9,5,15,-32_159,21.398178100585938,24.25704574584961,22.009252783450954,24.8582752819719,NA,NA,0
Neoglyphidodon polyacanthus,-31.53,159.06,2020,2,9,7.5,20,-32_159,21.398178100585938,24.25704574584961,22.009252783450954,24.8582752819719,NA,NA,0
Neoglyphidodon polyacanthus,-31.53,159.06,2020,2,9,10,5,-32_159,21.398178100585938,24.25704574584961,22.009252783450954,24.8582752819719,NA,NA,0
Neoglyphidodon polyacanthus,-31.53,159.06,2020,2,9,2.5,5,-32_159,21.398178100585938,24.25704574584961,22.009252783450954,24.8582752819719,NA,NA,0
Neoglyphidodon polyacanthus,-31.53,159.06,2020,2,9,5,5,-32_159,21.398178100585938,24.25704574584961,22.009252783450954,24.8582752819719,NA,NA,0
Neoglyphidodon polyacanthus,-31.53,159.06,2020,2,9,7.5,5,-32_159,21.398178100585938,24.25704574584961,22.009252783450954,24.8582752819719,NA,NA,0
Neoglyphidodon polyacanthus,-31.53,159.06,2020,2,9,10,5,-32_159,21.398178100585938,24.25704574584961,22.009252783450954,24.8582752819719,NA,NA,0
Neoglyphidodon polyacanthus,-31.53,159.06,2020,2,9,12.5,5,-32_159,21.398178100585938,24.25704574584961,22.009252783450954,24.8582752819719,NA,NA,0
Neoglyphidodon polyacanthus,-31.53,159.06,2020,2,9,15,5,-32_159,21.398178100585938,24.25704574584961,22.009252783450954,24.8582752819719,NA,NA,0
Neoglyphidodon polyacanthus,-31.53,159.06,2020,2,9,5,20,-32_159,21.398178100585938,24.25704574584961,22.009252783450954,24.8582752819719,NA,NA,0
Neoglyphidodon polyacanthus,-31.53,159.06,2020,2,9,7.5,20,-32_159,21.398178100585938,24.25704574584961,22.009252783450954,24.8582752819719,NA,NA,0
Neoglyphidodon polyacanthus,-31.53,159.06,2020,2,9,10,10,-32_159,21.398178100585938,24.25704574584961,22.009252783450954,24.8582752819719,NA,NA,0
Neoglyphidodon polyacanthus,-31.55,159.06,2020,2,16,12.5,10,-32_159,21.398178100585938,24.25704574584961,22.009252783450954,24.8582752819719,2004,Lord Howe Island Marine Park,1
Neoglyphidodon polyacanthus,-31.55,159.06,2020,2,16,15,7,-32_159,21.398178100585938,24.25704574584961,22.009252783450954,24.8582752819719,2004,Lord Howe Island Marine Park,1
Neoglyphidodon polyacanthus,-31.5,159.07,2020,2,17,10,1,-32_159,21.398178100585938,24.25704574584961,22.009252783450954,24.8582752819719,2004,Lord Howe Island Marine Park,1
Neoglyphidodon polyacanthus,-31.58,159.07,2020,2,11,5,6,-32_159,21.398178100585938,24.25704574584961,22.009252783450954,24.8582752819719,NA,NA,0
Neoglyphidodon polyacanthus,-31.58,159.07,2020,2,11,7.5,6,-32_159,21.398178100585938,24.25704574584961,22.009252783450954,24.8582752819719,NA,NA,0
Neoglyphidodon polyacanthus,-31.58,159.07,2020,2,11,10,6,-32_159,21.398178100585938,24.25704574584961,22.009252783450954,24.8582752819719,NA,NA,0
Neoglyphidodon polyacanthus,-31.58,159.07,2020,2,11,12.5,6,-32_159,21.398178100585938,24.25704574584961,22.009252783450954,24.8582752819719,NA,NA,0
Neoglyphidodon polyacanthus,-31.58,159.07,2020,2,11,15,6,-32_159,21.398178100585938,24.25704574584961,22.009252783450954,24.8582752819719,NA,NA,0
Neoglyphidodon polyacanthus,-31.55,159.06,2020,2,11,7.5,10,-32_159,21.398178100585938,24.25704574584961,22.009252783450954,24.8582752819719,2004,Lord Howe Island Marine Park,1
Neoglyphidodon polyacanthus,-31.55,159.06,2020,2,11,10,10,-32_159,21.398178100585938,24.25704574584961,22.009252783450954,24.8582752819719,2004,Lord Howe Island Marine Park,1
Neoglyphidodon polyacanthus,-31.55,159.06,2020,2,11,12.5,10,-32_159,21.398178100585938,24.25704574584961,22.009252783450954,24.8582752819719,2004,Lord Howe Island Marine Park,1
Neoglyphidodon polyacanthus,-31.52,159.04,2020,2,12,10,5,-32_159,21.398178100585938,24.25704574584961,22.009252783450954,24.8582752819719,NA,NA,0
Neoglyphidodon polyacanthus,-31.52,159.04,2020,2,12,12.5,5,-32_159,21.398178100585938,24.25704574584961,22.009252783450954,24.8582752819719,NA,NA,0
Neoglyphidodon polyacanthus,-31.52,159.04,2020,2,12,15,5,-32_159,21.398178100585938,24.25704574584961,22.009252783450954,24.8582752819719,NA,NA,0
Neoglyphidodon polyacanthus,-31.52,159.04,2020,2,12,10,4,-32_159,21.398178100585938,24.25704574584961,22.009252783450954,24.8582752819719,NA,NA,0
Neoglyphidodon polyacanthus,-31.52,159.04,2020,2,12,12.5,4,-32_159,21.398178100585938,24.25704574584961,22.009252783450954,24.8582752819719,NA,NA,0
Neoglyphidodon polyacanthus,-31.52,159.04,2020,2,12,15,4,-32_159,21.398178100585938,24.25704574584961,22.009252783450954,24.8582752819719,NA,NA,0
Neoglyphidodon polyacanthus,-31.55,159.07,2020,2,12,5,5,-32_159,21.398178100585938,24.25704574584961,22.009252783450954,24.8582752819719,NA,NA,0
Neoglyphidodon polyacanthus,-31.55,159.07,2020,2,12,7.5,5,-32_159,21.398178100585938,24.25704574584961,22.009252783450954,24.8582752819719,NA,NA,0
Neoglyphidodon polyacanthus,-31.55,159.07,2020,2,12,10,5,-32_159,21.398178100585938,24.25704574584961,22.009252783450954,24.8582752819719,NA,NA,0
Neoglyphidodon polyacanthus,-31.55,159.07,2020,2,12,12.5,5,-32_159,21.398178100585938,24.25704574584961,22.009252783450954,24.8582752819719,NA,NA,0
Neoglyphidodon polyacanthus,-31.57,159.1,2020,2,16,12.5,1,-32_159,21.398178100585938,24.25704574584961,22.009252783450954,24.8582752819719,2004,Lord Howe Island Marine Park,1
Neoglyphidodon polyacanthus,-31.52,159.05,2020,2,19,5,5,-32_159,21.398178100585938,24.25704574584961,22.009252783450954,24.8582752819719,2004,Lord Howe Island Marine Park,1
Neoglyphidodon polyacanthus,-31.52,159.05,2020,2,19,7.5,10,-32_159,21.398178100585938,24.25704574584961,22.009252783450954,24.8582752819719,2004,Lord Howe Island Marine Park,1
Neoglyphidodon polyacanthus,-31.52,159.05,2020,2,19,10,15,-32_159,21.398178100585938,24.25704574584961,22.009252783450954,24.8582752819719,2004,Lord Howe Island Marine Park,1
Neoglyphidodon polyacanthus,-31.52,159.05,2020,2,19,7.5,2,-32_159,21.398178100585938,24.25704574584961,22.009252783450954,24.8582752819719,2004,Lord Howe Island Marine Park,1
Neoglyphidodon polyacanthus,-31.52,159.05,2020,2,19,10,7,-32_159,21.398178100585938,24.25704574584961,22.009252783450954,24.8582752819719,2004,Lord Howe Island Marine Park,1
Neoglyphidodon polyacanthus,-31.52,159.05,2020,2,19,12.5,2,-32_159,21.398178100585938,24.25704574584961,22.009252783450954,24.8582752819719,2004,Lord Howe Island Marine Park,1
Neoglyphidodon polyacanthus,-31.54,159.07,2020,2,19,7.5,5,-32_159,21.398178100585938,24.25704574584961,22.009252783450954,24.8582752819719,2004,Lord Howe Island Marine Park,1
Neoglyphidodon polyacanthus,-31.54,159.07,2020,2,19,10,10,-32_159,21.398178100585938,24.25704574584961,22.009252783450954,24.8582752819719,2004,Lord Howe Island Marine Park,1
Neoglyphidodon polyacanthus,-31.54,159.07,2020,2,19,12.5,5,-32_159,21.398178100585938,24.25704574584961,22.009252783450954,24.8582752819719,2004,Lord Howe Island Marine Park,1
Neoglyphidodon polyacanthus,-31.54,159.07,2020,2,19,12.5,15,-32_159,21.398178100585938,24.25704574584961,22.009252783450954,24.8582752819719,2004,Lord Howe Island Marine Park,1
Neoglyphidodon polyacanthus,-31.51,159.04,2020,2,20,5,2,-32_159,21.398178100585938,24.25704574584961,22.009252783450954,24.8582752819719,NA,NA,0
Neoglyphidodon polyacanthus,-31.51,159.04,2020,2,20,7.5,2,-32_159,21.398178100585938,24.25704574584961,22.009252783450954,24.8582752819719,NA,NA,0
Neoglyphidodon polyacanthus,-31.51,159.04,2020,2,20,10,5,-32_159,21.398178100585938,24.25704574584961,22.009252783450954,24.8582752819719,NA,NA,0
Neoglyphidodon polyacanthus,-31.51,159.04,2020,2,20,12.5,5,-32_159,21.398178100585938,24.25704574584961,22.009252783450954,24.8582752819719,NA,NA,0
Neoglyphidodon polyacanthus,-31.52,159.07,2020,2,21,12.5,1,-32_159,21.398178100585938,24.25704574584961,22.009252783450954,24.8582752819719,2004,Lord Howe Island Marine Park,1
Neoglyphidodon polyacanthus,-31.51,159.06,2020,2,18,10,5,-32_159,21.398178100585938,24.25704574584961,22.009252783450954,24.8582752819719,2004,Lord Howe Island Marine Park,1
Neoglyphidodon polyacanthus,-31.51,159.06,2020,2,18,12.5,4,-32_159,21.398178100585938,24.25704574584961,22.009252783450954,24.8582752819719,2004,Lord Howe Island Marine Park,1
Neoglyphidodon polyacanthus,-31.51,159.06,2020,2,18,15,2,-32_159,21.398178100585938,24.25704574584961,22.009252783450954,24.8582752819719,2004,Lord Howe Island Marine Park,1
Neoglyphidodon polyacanthus,-31.51,159.06,2020,2,18,10,6,-32_159,21.398178100585938,24.25704574584961,22.009252783450954,24.8582752819719,2004,Lord Howe Island Marine Park,1
Neoglyphidodon polyacanthus,-31.51,159.06,2020,2,18,12.5,6,-32_159,21.398178100585938,24.25704574584961,22.009252783450954,24.8582752819719,2004,Lord Howe Island Marine Park,1
Neoglyphidodon polyacanthus,-31.56,159.1,2020,2,16,12.5,3,-32_159,21.398178100585938,24.25704574584961,22.009252783450954,24.8582752819719,NA,NA,0
Neoglyphidodon polyacanthus,-31.56,159.1,2020,2,16,15,3,-32_159,21.398178100585938,24.25704574584961,22.009252783450954,24.8582752819719,NA,NA,0
Neoglyphidodon polyacanthus,-31.55,159.06,2020,2,16,5,10,-32_159,21.398178100585938,24.25704574584961,22.009252783450954,24.8582752819719,2004,Lord Howe Island Marine Park,1
Neoglyphidodon polyacanthus,-31.55,159.06,2020,2,16,7.5,30,-32_159,21.398178100585938,24.25704574584961,22.009252783450954,24.8582752819719,2004,Lord Howe Island Marine Park,1
Neoglyphidodon polyacanthus,-31.55,159.06,2020,2,16,10,30,-32_159,21.398178100585938,24.25704574584961,22.009252783450954,24.8582752819719,2004,Lord Howe Island Marine Park,1
Neoglyphidodon polyacanthus,-31.55,159.06,2020,2,16,12.5,20,-32_159,21.398178100585938,24.25704574584961,22.009252783450954,24.8582752819719,2004,Lord Howe Island Marine Park,1
Neoglyphidodon polyacanthus,-31.55,159.06,2020,2,16,5,15,-32_159,21.398178100585938,24.25704574584961,22.009252783450954,24.8582752819719,2004,Lord Howe Island Marine Park,1
Neoglyphidodon polyacanthus,-31.55,159.06,2020,2,16,7.5,25,-32_159,21.398178100585938,24.25704574584961,22.009252783450954,24.8582752819719,2004,Lord Howe Island Marine Park,1
Neoglyphidodon polyacanthus,-31.55,159.06,2020,2,16,12.5,15,-32_159,21.398178100585938,24.25704574584961,22.009252783450954,24.8582752819719,2004,Lord Howe Island Marine Park,1
Neoglyphidodon polyacanthus,-31.51,159.06,2020,2,18,5,1,-32_159,21.398178100585938,24.25704574584961,22.009252783450954,24.8582752819719,2004,Lord Howe Island Marine Park,1
Neoglyphidodon polyacanthus,-31.51,159.06,2020,2,18,7.5,3,-32_159,21.398178100585938,24.25704574584961,22.009252783450954,24.8582752819719,2004,Lord Howe Island Marine Park,1
Neoglyphidodon polyacanthus,-31.51,159.06,2020,2,18,10,1,-32_159,21.398178100585938,24.25704574584961,22.009252783450954,24.8582752819719,2004,Lord Howe Island Marine Park,1
Neoglyphidodon polyacanthus,-31.51,159.06,2020,2,18,12.5,1,-32_159,21.398178100585938,24.25704574584961,22.009252783450954,24.8582752819719,2004,Lord Howe Island Marine Park,1
Neoglyphidodon polyacanthus,-31.51,159.06,2020,2,18,7.5,2,-32_159,21.398178100585938,24.25704574584961,22.009252783450954,24.8582752819719,2004,Lord Howe Island Marine Park,1
Neoglyphidodon polyacanthus,-31.52,159.05,2020,2,19,5,15,-32_159,21.398178100585938,24.25704574584961,22.009252783450954,24.8582752819719,2004,Lord Howe Island Marine Park,1
Neoglyphidodon polyacanthus,-31.52,159.05,2020,2,19,7.5,15,-32_159,21.398178100585938,24.25704574584961,22.009252783450954,24.8582752819719,2004,Lord Howe Island Marine Park,1
Neoglyphidodon polyacanthus,-31.52,159.05,2020,2,19,10,10,-32_159,21.398178100585938,24.25704574584961,22.009252783450954,24.8582752819719,2004,Lord Howe Island Marine Park,1
Neoglyphidodon polyacanthus,-31.52,159.05,2020,2,19,12.5,2,-32_159,21.398178100585938,24.25704574584961,22.009252783450954,24.8582752819719,2004,Lord Howe Island Marine Park,1
Neoglyphidodon polyacanthus,-31.58,159.07,2020,2,11,2.5,2,-32_159,21.398178100585938,24.25704574584961,22.009252783450954,24.8582752819719,NA,NA,0
Neoglyphidodon polyacanthus,-31.58,159.07,2020,2,11,5,2,-32_159,21.398178100585938,24.25704574584961,22.009252783450954,24.8582752819719,NA,NA,0
Neoglyphidodon polyacanthus,-31.58,159.07,2020,2,11,7.5,2,-32_159,21.398178100585938,24.25704574584961,22.009252783450954,24.8582752819719,NA,NA,0
Neoglyphidodon polyacanthus,-31.58,159.07,2020,2,11,10,2,-32_159,21.398178100585938,24.25704574584961,22.009252783450954,24.8582752819719,NA,NA,0
Neoglyphidodon polyacanthus,-31.58,159.07,2020,2,11,12.5,1,-32_159,21.398178100585938,24.25704574584961,22.009252783450954,24.8582752819719,NA,NA,0
Neoglyphidodon polyacanthus,-31.55,159.06,2020,2,11,5,3,-32_159,21.398178100585938,24.25704574584961,22.009252783450954,24.8582752819719,2004,Lord Howe Island Marine Park,1
Neoglyphidodon polyacanthus,-31.55,159.06,2020,2,11,7.5,7,-32_159,21.398178100585938,24.25704574584961,22.009252783450954,24.8582752819719,2004,Lord Howe Island Marine Park,1
Neoglyphidodon polyacanthus,-31.55,159.06,2020,2,11,10,5,-32_159,21.398178100585938,24.25704574584961,22.009252783450954,24.8582752819719,2004,Lord Howe Island Marine Park,1
Neoglyphidodon polyacanthus,-31.52,159.05,2020,2,19,5,20,-32_159,21.398178100585938,24.25704574584961,22.009252783450954,24.8582752819719,2004,Lord Howe Island Marine Park,1
Neoglyphidodon polyacanthus,-31.52,159.05,2020,2,19,7.5,20,-32_159,21.398178100585938,24.25704574584961,22.009252783450954,24.8582752819719,2004,Lord Howe Island Marine Park,1
Neoglyphidodon polyacanthus,-31.52,159.05,2020,2,19,10,20,-32_159,21.398178100585938,24.25704574584961,22.009252783450954,24.8582752819719,2004,Lord Howe Island Marine Park,1
Neoglyphidodon polyacanthus,-31.52,159.05,2020,2,19,12.5,10,-32_159,21.398178100585938,24.25704574584961,22.009252783450954,24.8582752819719,2004,Lord Howe Island Marine Park,1
Neoglyphidodon polyacanthus,-31.54,159.07,2020,2,19,7.5,20,-32_159,21.398178100585938,24.25704574584961,22.009252783450954,24.8582752819719,2004,Lord Howe Island Marine Park,1
Neoglyphidodon polyacanthus,-31.54,159.07,2020,2,19,10,20,-32_159,21.398178100585938,24.25704574584961,22.009252783450954,24.8582752819719,2004,Lord Howe Island Marine Park,1
Neoglyphidodon polyacanthus,-31.54,159.07,2020,2,19,12.5,10,-32_159,21.398178100585938,24.25704574584961,22.009252783450954,24.8582752819719,2004,Lord Howe Island Marine Park,1
Neoglyphidodon polyacanthus,-31.52,159.05,2020,2,19,2.5,1,-32_159,21.398178100585938,24.25704574584961,22.009252783450954,24.8582752819719,2004,Lord Howe Island Marine Park,1
Neoglyphidodon polyacanthus,-31.52,159.05,2020,2,19,5,10,-32_159,21.398178100585938,24.25704574584961,22.009252783450954,24.8582752819719,2004,Lord Howe Island Marine Park,1
Neoglyphidodon polyacanthus,-31.52,159.05,2020,2,19,10,15,-32_159,21.398178100585938,24.25704574584961,22.009252783450954,24.8582752819719,2004,Lord Howe Island Marine Park,1
Neoglyphidodon polyacanthus,-31.52,159.05,2020,2,19,12.5,5,-32_159,21.398178100585938,24.25704574584961,22.009252783450954,24.8582752819719,2004,Lord Howe Island Marine Park,1
Neoglyphidodon polyacanthus,-31.54,159.07,2020,2,19,5,5,-32_159,21.398178100585938,24.25704574584961,22.009252783450954,24.8582752819719,2004,Lord Howe Island Marine Park,1
Neoglyphidodon polyacanthus,-31.54,159.07,2020,2,19,7.5,20,-32_159,21.398178100585938,24.25704574584961,22.009252783450954,24.8582752819719,2004,Lord Howe Island Marine Park,1
Neoglyphidodon polyacanthus,-31.54,159.07,2020,2,19,10,10,-32_159,21.398178100585938,24.25704574584961,22.009252783450954,24.8582752819719,2004,Lord Howe Island Marine Park,1
Neoglyphidodon polyacanthus,-31.54,159.07,2020,2,19,12.5,10,-32_159,21.398178100585938,24.25704574584961,22.009252783450954,24.8582752819719,2004,Lord Howe Island Marine Park,1
Neoglyphidodon polyacanthus,-31.54,159.07,2020,2,19,5,1,-32_159,21.398178100585938,24.25704574584961,22.009252783450954,24.8582752819719,2004,Lord Howe Island Marine Park,1
Neoglyphidodon polyacanthus,-31.54,159.07,2020,2,19,7.5,15,-32_159,21.398178100585938,24.25704574584961,22.009252783450954,24.8582752819719,2004,Lord Howe Island Marine Park,1
Neoglyphidodon polyacanthus,-31.54,159.07,2020,2,19,10,5,-32_159,21.398178100585938,24.25704574584961,22.009252783450954,24.8582752819719,2004,Lord Howe Island Marine Park,1
Neoglyphidodon polyacanthus,-31.54,159.07,2020,2,19,12.5,5,-32_159,21.398178100585938,24.25704574584961,22.009252783450954,24.8582752819719,2004,Lord Howe Island Marine Park,1
Neoglyphidodon polyacanthus,-31.57,159.1,2020,2,16,12.5,2,-32_159,21.398178100585938,24.25704574584961,22.009252783450954,24.8582752819719,2004,Lord Howe Island Marine Park,1
Neoglyphidodon polyacanthus,-31.57,159.1,2020,2,16,15,2,-32_159,21.398178100585938,24.25704574584961,22.009252783450954,24.8582752819719,2004,Lord Howe Island Marine Park,1
Neoglyphidodon polyacanthus,-31.56,159.1,2020,2,16,7.5,1,-32_159,21.398178100585938,24.25704574584961,22.009252783450954,24.8582752819719,NA,NA,0
Neoglyphidodon polyacanthus,-31.56,159.1,2020,2,16,10,1,-32_159,21.398178100585938,24.25704574584961,22.009252783450954,24.8582752819719,NA,NA,0
Neoglyphidodon polyacanthus,-31.56,159.1,2020,2,16,12.5,2,-32_159,21.398178100585938,24.25704574584961,22.009252783450954,24.8582752819719,NA,NA,0
Neoglyphidodon polyacanthus,-31.54,159.11,2020,2,17,2.5,3,-32_159,21.398178100585938,24.25704574584961,22.009252783450954,24.8582752819719,NA,NA,0
Neoglyphidodon polyacanthus,-31.54,159.11,2020,2,17,5,1,-32_159,21.398178100585938,24.25704574584961,22.009252783450954,24.8582752819719,NA,NA,0
Neoglyphidodon polyacanthus,-31.52,159.08,2020,2,18,5,2,-32_159,21.398178100585938,24.25704574584961,22.009252783450954,24.8582752819719,NA,NA,0
Neoglyphidodon polyacanthus,-31.52,159.08,2020,2,18,7.5,5,-32_159,21.398178100585938,24.25704574584961,22.009252783450954,24.8582752819719,NA,NA,0
Neoglyphidodon polyacanthus,-31.52,159.08,2020,2,18,10,10,-32_159,21.398178100585938,24.25704574584961,22.009252783450954,24.8582752819719,NA,NA,0
Neoglyphidodon polyacanthus,-31.52,159.08,2020,2,18,12.5,5,-32_159,21.398178100585938,24.25704574584961,22.009252783450954,24.8582752819719,NA,NA,0
Neoglyphidodon polyacanthus,-31.52,159.08,2020,2,18,5,5,-32_159,21.398178100585938,24.25704574584961,22.009252783450954,24.8582752819719,NA,NA,0
Neoglyphidodon polyacanthus,-31.52,159.08,2020,2,18,12.5,8,-32_159,21.398178100585938,24.25704574584961,22.009252783450954,24.8582752819719,NA,NA,0
Neoglyphidodon polyacanthus,-31.54,159.05,2020,2,10,7.5,1,-32_159,21.398178100585938,24.25704574584961,22.009252783450954,24.8582752819719,2004,Lord Howe Island Marine Park,1
Neoglyphidodon polyacanthus,-31.54,159.05,2020,2,10,15,2,-32_159,21.398178100585938,24.25704574584961,22.009252783450954,24.8582752819719,2004,Lord Howe Island Marine Park,1
Neoglyphidodon polyacanthus,-31.54,159.05,2020,2,10,5,1,-32_159,21.398178100585938,24.25704574584961,22.009252783450954,24.8582752819719,2004,Lord Howe Island Marine Park,1
Neoglyphidodon polyacanthus,-31.54,159.05,2020,2,10,10,3,-32_159,21.398178100585938,24.25704574584961,22.009252783450954,24.8582752819719,2004,Lord Howe Island Marine Park,1
Neoglyphidodon polyacanthus,-31.57,159.07,2020,2,10,5,1,-32_159,21.398178100585938,24.25704574584961,22.009252783450954,24.8582752819719,NA,NA,0
Neoglyphidodon polyacanthus,-31.56,159.07,2020,2,11,10,1,-32_159,21.398178100585938,24.25704574584961,22.009252783450954,24.8582752819719,NA,NA,0
Neoglyphidodon polyacanthus,-31.56,159.07,2020,2,11,12.5,3,-32_159,21.398178100585938,24.25704574584961,22.009252783450954,24.8582752819719,NA,NA,0
Neoglyphidodon polyacanthus,-31.56,159.07,2020,2,11,7.5,40,-32_159,21.398178100585938,24.25704574584961,22.009252783450954,24.8582752819719,NA,NA,0
Neoglyphidodon polyacanthus,-31.56,159.07,2020,2,11,10,50,-32_159,21.398178100585938,24.25704574584961,22.009252783450954,24.8582752819719,NA,NA,0
Neoglyphidodon polyacanthus,-31.56,159.07,2020,2,11,7.5,2,-32_159,21.398178100585938,24.25704574584961,22.009252783450954,24.8582752819719,NA,NA,0
Neoglyphidodon polyacanthus,-31.56,159.07,2020,2,11,10,10,-32_159,21.398178100585938,24.25704574584961,22.009252783450954,24.8582752819719,NA,NA,0
Neoglyphidodon polyacanthus,-31.56,159.07,2020,2,11,12.5,5,-32_159,21.398178100585938,24.25704574584961,22.009252783450954,24.8582752819719,NA,NA,0
Neoglyphidodon polyacanthus,-31.56,159.07,2020,2,11,15,2,-32_159,21.398178100585938,24.25704574584961,22.009252783450954,24.8582752819719,NA,NA,0
Neoglyphidodon polyacanthus,-31.56,159.07,2020,2,11,7.5,10,-32_159,21.398178100585938,24.25704574584961,22.009252783450954,24.8582752819719,NA,NA,0
Neoglyphidodon polyacanthus,-31.56,159.07,2020,2,11,10,2,-32_159,21.398178100585938,24.25704574584961,22.009252783450954,24.8582752819719,NA,NA,0
Neoglyphidodon polyacanthus,-31.58,159.07,2020,2,11,2.5,3,-32_159,21.398178100585938,24.25704574584961,22.009252783450954,24.8582752819719,NA,NA,0
Neoglyphidodon polyacanthus,-31.58,159.07,2020,2,11,5,3,-32_159,21.398178100585938,24.25704574584961,22.009252783450954,24.8582752819719,NA,NA,0
Neoglyphidodon polyacanthus,-31.51,159.04,2020,2,20,2.5,2,-32_159,21.398178100585938,24.25704574584961,22.009252783450954,24.8582752819719,NA,NA,0
Neoglyphidodon polyacanthus,-31.52,159.04,2020,2,12,12.5,1,-32_159,21.398178100585938,24.25704574584961,22.009252783450954,24.8582752819719,NA,NA,0
Neoglyphidodon polyacanthus,-31.55,159.07,2020,2,12,5,6,-32_159,21.398178100585938,24.25704574584961,22.009252783450954,24.8582752819719,NA,NA,0
Neoglyphidodon polyacanthus,-31.55,159.07,2020,2,12,7.5,8,-32_159,21.398178100585938,24.25704574584961,22.009252783450954,24.8582752819719,NA,NA,0
Neoglyphidodon polyacanthus,-31.55,159.07,2020,2,12,10,6,-32_159,21.398178100585938,24.25704574584961,22.009252783450954,24.8582752819719,NA,NA,0
Neoglyphidodon polyacanthus,-31.55,159.07,2020,2,12,12.5,4,-32_159,21.398178100585938,24.25704574584961,22.009252783450954,24.8582752819719,NA,NA,0
Neoglyphidodon polyacanthus,-31.55,159.07,2020,2,12,5,4,-32_159,21.398178100585938,24.25704574584961,22.009252783450954,24.8582752819719,NA,NA,0
Neoglyphidodon polyacanthus,-31.55,159.07,2020,2,12,7.5,5,-32_159,21.398178100585938,24.25704574584961,22.009252783450954,24.8582752819719,NA,NA,0
Neoglyphidodon polyacanthus,-31.55,159.07,2020,2,12,10,7,-32_159,21.398178100585938,24.25704574584961,22.009252783450954,24.8582752819719,NA,NA,0
Neoglyphidodon polyacanthus,-31.55,159.07,2020,2,12,12.5,8,-32_159,21.398178100585938,24.25704574584961,22.009252783450954,24.8582752819719,NA,NA,0
Neoglyphidodon polyacanthus,-31.52,159.05,2020,2,9,5,2,-32_159,21.398178100585938,24.25704574584961,22.009252783450954,24.8582752819719,2004,Lord Howe Island Marine Park,1
Neoglyphidodon polyacanthus,-31.52,159.05,2020,2,9,7.5,2,-32_159,21.398178100585938,24.25704574584961,22.009252783450954,24.8582752819719,2004,Lord Howe Island Marine Park,1
Neoglyphidodon polyacanthus,-31.52,159.05,2020,2,9,10,3,-32_159,21.398178100585938,24.25704574584961,22.009252783450954,24.8582752819719,2004,Lord Howe Island Marine Park,1
Neoglyphidodon polyacanthus,-31.52,159.05,2020,2,9,12.5,3,-32_159,21.398178100585938,24.25704574584961,22.009252783450954,24.8582752819719,2004,Lord Howe Island Marine Park,1
Neoglyphidodon polyacanthus,-31.52,159.05,2020,2,9,15,3,-32_159,21.398178100585938,24.25704574584961,22.009252783450954,24.8582752819719,2004,Lord Howe Island Marine Park,1
Neoglyphidodon polyacanthus,-31.52,159.05,2020,2,9,5,8,-32_159,21.398178100585938,24.25704574584961,22.009252783450954,24.8582752819719,2004,Lord Howe Island Marine Park,1
Neoglyphidodon polyacanthus,-31.52,159.05,2020,2,9,7.5,15,-32_159,21.398178100585938,24.25704574584961,22.009252783450954,24.8582752819719,2004,Lord Howe Island Marine Park,1
Neoglyphidodon polyacanthus,-31.52,159.05,2020,2,9,10,15,-32_159,21.398178100585938,24.25704574584961,22.009252783450954,24.8582752819719,2004,Lord Howe Island Marine Park,1
Neoglyphidodon polyacanthus,-31.52,159.04,2020,2,12,12.5,5,-32_159,21.398178100585938,24.25704574584961,22.009252783450954,24.8582752819719,2004,Lord Howe Island Marine Park,1
Neoglyphidodon polyacanthus,-31.52,159.04,2020,2,12,15,5,-32_159,21.398178100585938,24.25704574584961,22.009252783450954,24.8582752819719,2004,Lord Howe Island Marine Park,1
Neoglyphidodon polyacanthus,-31.52,159.04,2020,2,12,12.5,20,-32_159,21.398178100585938,24.25704574584961,22.009252783450954,24.8582752819719,2004,Lord Howe Island Marine Park,1
Neoglyphidodon polyacanthus,-31.58,159.07,2020,2,11,5,4,-32_159,21.398178100585938,24.25704574584961,22.009252783450954,24.8582752819719,NA,NA,0
Neoglyphidodon polyacanthus,-31.58,159.07,2020,2,11,7.5,6,-32_159,21.398178100585938,24.25704574584961,22.009252783450954,24.8582752819719,NA,NA,0
Neoglyphidodon polyacanthus,-31.58,159.07,2020,2,11,10,1,-32_159,21.398178100585938,24.25704574584961,22.009252783450954,24.8582752819719,NA,NA,0
Neoglyphidodon polyacanthus,-31.58,159.07,2020,2,11,2.5,1,-32_159,21.398178100585938,24.25704574584961,22.009252783450954,24.8582752819719,NA,NA,0
Neoglyphidodon polyacanthus,-31.58,159.07,2020,2,11,5,10,-32_159,21.398178100585938,24.25704574584961,22.009252783450954,24.8582752819719,NA,NA,0
Neoglyphidodon polyacanthus,-31.58,159.07,2020,2,11,7.5,10,-32_159,21.398178100585938,24.25704574584961,22.009252783450954,24.8582752819719,NA,NA,0
Neoglyphidodon polyacanthus,-31.58,159.07,2020,2,11,10,10,-32_159,21.398178100585938,24.25704574584961,22.009252783450954,24.8582752819719,NA,NA,0
Neoglyphidodon polyacanthus,-31.58,159.07,2020,2,11,12.5,5,-32_159,21.398178100585938,24.25704574584961,22.009252783450954,24.8582752819719,NA,NA,0
Neoglyphidodon polyacanthus,-31.55,159.06,2020,2,11,7.5,2,-32_159,21.398178100585938,24.25704574584961,22.009252783450954,24.8582752819719,2004,Lord Howe Island Marine Park,1
Neoglyphidodon polyacanthus,-31.55,159.06,2020,2,11,10,6,-32_159,21.398178100585938,24.25704574584961,22.009252783450954,24.8582752819719,2004,Lord Howe Island Marine Park,1
Neoglyphidodon polyacanthus,-31.55,159.06,2020,2,11,12.5,2,-32_159,21.398178100585938,24.25704574584961,22.009252783450954,24.8582752819719,2004,Lord Howe Island Marine Park,1
Neoglyphidodon polyacanthus,-31.55,159.06,2020,2,11,7.5,10,-32_159,21.398178100585938,24.25704574584961,22.009252783450954,24.8582752819719,2004,Lord Howe Island Marine Park,1
Neoglyphidodon polyacanthus,-31.55,159.06,2020,2,11,10,5,-32_159,21.398178100585938,24.25704574584961,22.009252783450954,24.8582752819719,2004,Lord Howe Island Marine Park,1
Neoglyphidodon polyacanthus,-31.52,159.04,2020,2,12,10,2,-32_159,21.398178100585938,24.25704574584961,22.009252783450954,24.8582752819719,2004,Lord Howe Island Marine Park,1
Neoglyphidodon polyacanthus,-31.52,159.04,2020,2,12,10,3,-32_159,21.398178100585938,24.25704574584961,22.009252783450954,24.8582752819719,2004,Lord Howe Island Marine Park,1
Neoglyphidodon polyacanthus,-31.52,159.04,2020,2,12,7.5,1,-32_159,21.398178100585938,24.25704574584961,22.009252783450954,24.8582752819719,2004,Lord Howe Island Marine Park,1
Neoglyphidodon polyacanthus,-31.55,159.07,2020,2,12,7.5,6,-32_159,21.398178100585938,24.25704574584961,22.009252783450954,24.8582752819719,NA,NA,0
Neoglyphidodon polyacanthus,-31.55,159.07,2020,2,12,10,5,-32_159,21.398178100585938,24.25704574584961,22.009252783450954,24.8582752819719,NA,NA,0
Neoglyphidodon polyacanthus,-31.55,159.07,2020,2,12,12.5,2,-32_159,21.398178100585938,24.25704574584961,22.009252783450954,24.8582752819719,NA,NA,0
Neoglyphidodon polyacanthus,-31.55,159.07,2020,2,12,5,4,-32_159,21.398178100585938,24.25704574584961,22.009252783450954,24.8582752819719,NA,NA,0
Neoglyphidodon polyacanthus,-31.55,159.07,2020,2,12,7.5,10,-32_159,21.398178100585938,24.25704574584961,22.009252783450954,24.8582752819719,NA,NA,0
Neoglyphidodon polyacanthus,-31.55,159.07,2020,2,12,10,10,-32_159,21.398178100585938,24.25704574584961,22.009252783450954,24.8582752819719,NA,NA,0
Neoglyphidodon polyacanthus,-31.55,159.07,2020,2,12,12.5,10,-32_159,21.398178100585938,24.25704574584961,22.009252783450954,24.8582752819719,NA,NA,0
Neoglyphidodon polyacanthus,-31.54,159.06,2020,2,16,5,5,-32_159,21.398178100585938,24.25704574584961,22.009252783450954,24.8582752819719,2004,Lord Howe Island Marine Park,1
Neoglyphidodon polyacanthus,-31.54,159.06,2020,2,16,7.5,15,-32_159,21.398178100585938,24.25704574584961,22.009252783450954,24.8582752819719,2004,Lord Howe Island Marine Park,1
Neoglyphidodon polyacanthus,-31.54,159.06,2020,2,16,10,30,-32_159,21.398178100585938,24.25704574584961,22.009252783450954,24.8582752819719,2004,Lord Howe Island Marine Park,1
Neoglyphidodon polyacanthus,-31.54,159.06,2020,2,16,12.5,2,-32_159,21.398178100585938,24.25704574584961,22.009252783450954,24.8582752819719,2004,Lord Howe Island Marine Park,1
Neoglyphidodon polyacanthus,-31.54,159.06,2020,2,16,5,3,-32_159,21.398178100585938,24.25704574584961,22.009252783450954,24.8582752819719,2004,Lord Howe Island Marine Park,1
Neoglyphidodon polyacanthus,-31.54,159.06,2020,2,16,7.5,12,-32_159,21.398178100585938,24.25704574584961,22.009252783450954,24.8582752819719,2004,Lord Howe Island Marine Park,1
Neoglyphidodon polyacanthus,-31.54,159.06,2020,2,16,10,20,-32_159,21.398178100585938,24.25704574584961,22.009252783450954,24.8582752819719,2004,Lord Howe Island Marine Park,1
Neoglyphidodon polyacanthus,-31.54,159.06,2020,2,16,12.5,10,-32_159,21.398178100585938,24.25704574584961,22.009252783450954,24.8582752819719,2004,Lord Howe Island Marine Park,1
Neoglyphidodon polyacanthus,-31.54,159.06,2020,2,16,2.5,5,-32_159,21.398178100585938,24.25704574584961,22.009252783450954,24.8582752819719,2004,Lord Howe Island Marine Park,1
Neoglyphidodon polyacanthus,-31.54,159.06,2020,2,16,5,9,-32_159,21.398178100585938,24.25704574584961,22.009252783450954,24.8582752819719,2004,Lord Howe Island Marine Park,1
Neoglyphidodon polyacanthus,-31.54,159.06,2020,2,16,7.5,9,-32_159,21.398178100585938,24.25704574584961,22.009252783450954,24.8582752819719,2004,Lord Howe Island Marine Park,1
Neoglyphidodon polyacanthus,-31.54,159.06,2020,2,16,10,12,-32_159,21.398178100585938,24.25704574584961,22.009252783450954,24.8582752819719,2004,Lord Howe Island Marine Park,1
Neoglyphidodon polyacanthus,-31.54,159.06,2020,2,16,12.5,9,-32_159,21.398178100585938,24.25704574584961,22.009252783450954,24.8582752819719,2004,Lord Howe Island Marine Park,1
Neoglyphidodon polyacanthus,-31.54,159.06,2020,2,16,5,4,-32_159,21.398178100585938,24.25704574584961,22.009252783450954,24.8582752819719,2004,Lord Howe Island Marine Park,1
Neoglyphidodon polyacanthus,-31.54,159.06,2020,2,16,7.5,4,-32_159,21.398178100585938,24.25704574584961,22.009252783450954,24.8582752819719,2004,Lord Howe Island Marine Park,1
Neoglyphidodon polyacanthus,-31.54,159.06,2020,2,16,10,4,-32_159,21.398178100585938,24.25704574584961,22.009252783450954,24.8582752819719,2004,Lord Howe Island Marine Park,1
Neoglyphidodon polyacanthus,-31.54,159.06,2020,2,16,12.5,3,-32_159,21.398178100585938,24.25704574584961,22.009252783450954,24.8582752819719,2004,Lord Howe Island Marine Park,1
Neoglyphidodon polyacanthus,-31.55,159.06,2020,2,16,2.5,5,-32_159,21.398178100585938,24.25704574584961,22.009252783450954,24.8582752819719,2004,Lord Howe Island Marine Park,1
Neoglyphidodon polyacanthus,-31.55,159.06,2020,2,16,5,5,-32_159,21.398178100585938,24.25704574584961,22.009252783450954,24.8582752819719,2004,Lord Howe Island Marine Park,1
Neoglyphidodon polyacanthus,-31.55,159.06,2020,2,16,7.5,5,-32_159,21.398178100585938,24.25704574584961,22.009252783450954,24.8582752819719,2004,Lord Howe Island Marine Park,1
Neoglyphidodon polyacanthus,-31.55,159.06,2020,2,16,10,5,-32_159,21.398178100585938,24.25704574584961,22.009252783450954,24.8582752819719,2004,Lord Howe Island Marine Park,1
Neoglyphidodon polyacanthus,-31.55,159.06,2020,2,16,12.5,7,-32_159,21.398178100585938,24.25704574584961,22.009252783450954,24.8582752819719,2004,Lord Howe Island Marine Park,1
Neoglyphidodon polyacanthus,-31.55,159.06,2020,2,16,5,8,-32_159,21.398178100585938,24.25704574584961,22.009252783450954,24.8582752819719,2004,Lord Howe Island Marine Park,1
Neoglyphidodon polyacanthus,-31.55,159.06,2020,2,16,7.5,8,-32_159,21.398178100585938,24.25704574584961,22.009252783450954,24.8582752819719,2004,Lord Howe Island Marine Park,1
Neoglyphidodon polyacanthus,-31.55,159.06,2020,2,16,10,8,-32_159,21.398178100585938,24.25704574584961,22.009252783450954,24.8582752819719,2004,Lord Howe Island Marine Park,1
Neoglyphidodon polyacanthus,-31.55,159.06,2020,2,16,12.5,8,-32_159,21.398178100585938,24.25704574584961,22.009252783450954,24.8582752819719,2004,Lord Howe Island Marine Park,1
Neoglyphidodon polyacanthus,-31.52,159.05,2020,2,19,2.5,10,-32_159,21.398178100585938,24.25704574584961,22.009252783450954,24.8582752819719,2004,Lord Howe Island Marine Park,1
Neoglyphidodon polyacanthus,-31.52,159.05,2020,2,19,5,15,-32_159,21.398178100585938,24.25704574584961,22.009252783450954,24.8582752819719,2004,Lord Howe Island Marine Park,1
Neoglyphidodon polyacanthus,-31.52,159.05,2020,2,19,7.5,15,-32_159,21.398178100585938,24.25704574584961,22.009252783450954,24.8582752819719,2004,Lord Howe Island Marine Park,1
Neoglyphidodon polyacanthus,-31.52,159.05,2020,2,19,10,20,-32_159,21.398178100585938,24.25704574584961,22.009252783450954,24.8582752819719,2004,Lord Howe Island Marine Park,1
Neoglyphidodon polyacanthus,-31.52,159.05,2020,2,19,12.5,20,-32_159,21.398178100585938,24.25704574584961,22.009252783450954,24.8582752819719,2004,Lord Howe Island Marine Park,1
Neoglyphidodon polyacanthus,-31.52,159.05,2020,2,19,2.5,7,-32_159,21.398178100585938,24.25704574584961,22.009252783450954,24.8582752819719,2004,Lord Howe Island Marine Park,1
Neoglyphidodon polyacanthus,-31.52,159.05,2020,2,19,5,12,-32_159,21.398178100585938,24.25704574584961,22.009252783450954,24.8582752819719,2004,Lord Howe Island Marine Park,1
Neoglyphidodon polyacanthus,-31.52,159.05,2020,2,19,7.5,12,-32_159,21.398178100585938,24.25704574584961,22.009252783450954,24.8582752819719,2004,Lord Howe Island Marine Park,1
Neoglyphidodon polyacanthus,-31.52,159.05,2020,2,19,10,15,-32_159,21.398178100585938,24.25704574584961,22.009252783450954,24.8582752819719,2004,Lord Howe Island Marine Park,1
Neoglyphidodon polyacanthus,-31.52,159.05,2020,2,19,12.5,15,-32_159,21.398178100585938,24.25704574584961,22.009252783450954,24.8582752819719,2004,Lord Howe Island Marine Park,1
Neoglyphidodon polyacanthus,-31.54,159.07,2020,2,19,5,6,-32_159,21.398178100585938,24.25704574584961,22.009252783450954,24.8582752819719,2004,Lord Howe Island Marine Park,1
Neoglyphidodon polyacanthus,-31.54,159.07,2020,2,19,7.5,6,-32_159,21.398178100585938,24.25704574584961,22.009252783450954,24.8582752819719,2004,Lord Howe Island Marine Park,1
Neoglyphidodon polyacanthus,-31.54,159.07,2020,2,19,10,12,-32_159,21.398178100585938,24.25704574584961,22.009252783450954,24.8582752819719,2004,Lord Howe Island Marine Park,1
Neoglyphidodon polyacanthus,-31.54,159.07,2020,2,19,12.5,12,-32_159,21.398178100585938,24.25704574584961,22.009252783450954,24.8582752819719,2004,Lord Howe Island Marine Park,1
Neoglyphidodon polyacanthus,-31.54,159.07,2020,2,19,5,5,-32_159,21.398178100585938,24.25704574584961,22.009252783450954,24.8582752819719,2004,Lord Howe Island Marine Park,1
Neoglyphidodon polyacanthus,-31.54,159.07,2020,2,19,7.5,5,-32_159,21.398178100585938,24.25704574584961,22.009252783450954,24.8582752819719,2004,Lord Howe Island Marine Park,1
Neoglyphidodon polyacanthus,-31.54,159.07,2020,2,19,10,15,-32_159,21.398178100585938,24.25704574584961,22.009252783450954,24.8582752819719,2004,Lord Howe Island Marine Park,1
Neoglyphidodon polyacanthus,-31.54,159.07,2020,2,19,12.5,15,-32_159,21.398178100585938,24.25704574584961,22.009252783450954,24.8582752819719,2004,Lord Howe Island Marine Park,1
Neoglyphidodon polyacanthus,-31.52,159.07,2020,2,21,12.5,3,-32_159,21.398178100585938,24.25704574584961,22.009252783450954,24.8582752819719,2004,Lord Howe Island Marine Park,1
Neoglyphidodon polyacanthus,-31.54,159.07,2022,3,14,10,30,-32_159,21.215414365132652,23.80377960205078,21.07836398403277,23.532257449242376,2004,Lord Howe Island Marine Park,1
Neoglyphidodon polyacanthus,-31.54,159.07,2022,3,14,12.5,50,-32_159,21.215414365132652,23.80377960205078,21.07836398403277,23.532257449242376,2004,Lord Howe Island Marine Park,1
Neoglyphidodon polyacanthus,-31.54,159.07,2022,3,14,12.5,60,-32_159,21.215414365132652,23.80377960205078,21.07836398403277,23.532257449242376,2004,Lord Howe Island Marine Park,1
Neoglyphidodon polyacanthus,-31.54,159.07,2022,3,14,15,15,-32_159,21.215414365132652,23.80377960205078,21.07836398403277,23.532257449242376,2004,Lord Howe Island Marine Park,1
Neoglyphidodon polyacanthus,-31.51,159.04,2022,3,15,5,1,-32_159,21.215414365132652,23.80377960205078,21.07836398403277,23.532257449242376,NA,NA,0
Neoglyphidodon polyacanthus,-31.56,159.07,2022,3,17,7.5,1,-32_159,21.215414365132652,23.80377960205078,21.07836398403277,23.532257449242376,NA,NA,0
Neoglyphidodon polyacanthus,-31.56,159.07,2022,3,17,10,2,-32_159,21.215414365132652,23.80377960205078,21.07836398403277,23.532257449242376,NA,NA,0
Neoglyphidodon polyacanthus,-31.56,159.07,2022,3,17,12.5,1,-32_159,21.215414365132652,23.80377960205078,21.07836398403277,23.532257449242376,NA,NA,0
Neoglyphidodon polyacanthus,-31.55,159.06,2022,3,19,5,12,-32_159,21.215414365132652,23.80377960205078,21.07836398403277,23.532257449242376,2004,Lord Howe Island Marine Park,1
Neoglyphidodon polyacanthus,-31.55,159.06,2022,3,19,7.5,13,-32_159,21.215414365132652,23.80377960205078,21.07836398403277,23.532257449242376,2004,Lord Howe Island Marine Park,1
Neoglyphidodon polyacanthus,-31.55,159.06,2022,3,19,10,13,-32_159,21.215414365132652,23.80377960205078,21.07836398403277,23.532257449242376,2004,Lord Howe Island Marine Park,1
Neoglyphidodon polyacanthus,-31.55,159.06,2022,3,19,12.5,12,-32_159,21.215414365132652,23.80377960205078,21.07836398403277,23.532257449242376,2004,Lord Howe Island Marine Park,1
Neoglyphidodon polyacanthus,-31.56,159.07,2022,3,17,10,1,-32_159,21.215414365132652,23.80377960205078,21.07836398403277,23.532257449242376,NA,NA,0
Neoglyphidodon polyacanthus,-31.56,159.07,2022,3,17,12.5,2,-32_159,21.215414365132652,23.80377960205078,21.07836398403277,23.532257449242376,NA,NA,0
Neoglyphidodon polyacanthus,-31.54,159.06,2022,3,14,5,2,-32_159,21.215414365132652,23.80377960205078,21.07836398403277,23.532257449242376,2004,Lord Howe Island Marine Park,1
Neoglyphidodon polyacanthus,-31.54,159.06,2022,3,14,7.5,5,-32_159,21.215414365132652,23.80377960205078,21.07836398403277,23.532257449242376,2004,Lord Howe Island Marine Park,1
Neoglyphidodon polyacanthus,-31.54,159.06,2022,3,14,10,9,-32_159,21.215414365132652,23.80377960205078,21.07836398403277,23.532257449242376,2004,Lord Howe Island Marine Park,1
Neoglyphidodon polyacanthus,-31.54,159.06,2022,3,14,12.5,1,-32_159,21.215414365132652,23.80377960205078,21.07836398403277,23.532257449242376,2004,Lord Howe Island Marine Park,1
Neoglyphidodon polyacanthus,-31.54,159.06,2022,3,14,7.5,10,-32_159,21.215414365132652,23.80377960205078,21.07836398403277,23.532257449242376,2004,Lord Howe Island Marine Park,1
Neoglyphidodon polyacanthus,-31.54,159.06,2022,3,14,10,10,-32_159,21.215414365132652,23.80377960205078,21.07836398403277,23.532257449242376,2004,Lord Howe Island Marine Park,1
Neoglyphidodon polyacanthus,-31.52,159.04,2022,3,18,5,1,-32_159,21.215414365132652,23.80377960205078,21.07836398403277,23.532257449242376,NA,NA,0
Neoglyphidodon polyacanthus,-31.52,159.04,2022,3,18,12.5,3,-32_159,21.215414365132652,23.80377960205078,21.07836398403277,23.532257449242376,NA,NA,0
Neoglyphidodon polyacanthus,-31.52,159.04,2022,3,18,15,2,-32_159,21.215414365132652,23.80377960205078,21.07836398403277,23.532257449242376,NA,NA,0
Neoglyphidodon polyacanthus,-31.51,159.04,2022,3,15,2.5,2,-32_159,21.215414365132652,23.80377960205078,21.07836398403277,23.532257449242376,NA,NA,0
Neoglyphidodon polyacanthus,-31.51,159.04,2022,3,15,5,6,-32_159,21.215414365132652,23.80377960205078,21.07836398403277,23.532257449242376,NA,NA,0
Neoglyphidodon polyacanthus,-31.51,159.04,2022,3,15,7.5,7,-32_159,21.215414365132652,23.80377960205078,21.07836398403277,23.532257449242376,NA,NA,0
Neoglyphidodon polyacanthus,-31.51,159.04,2022,3,15,10,3,-32_159,21.215414365132652,23.80377960205078,21.07836398403277,23.532257449242376,NA,NA,0
Neoglyphidodon polyacanthus,-31.51,159.04,2022,3,15,5,1,-32_159,21.215414365132652,23.80377960205078,21.07836398403277,23.532257449242376,NA,NA,0
Neoglyphidodon polyacanthus,-31.51,159.04,2022,3,15,7.5,2,-32_159,21.215414365132652,23.80377960205078,21.07836398403277,23.532257449242376,NA,NA,0
Neoglyphidodon polyacanthus,-31.54,159.05,2022,3,17,5,1,-32_159,21.215414365132652,23.80377960205078,21.07836398403277,23.532257449242376,2004,Lord Howe Island Marine Park,1
Neoglyphidodon polyacanthus,-31.54,159.05,2022,3,17,7.5,4,-32_159,21.215414365132652,23.80377960205078,21.07836398403277,23.532257449242376,2004,Lord Howe Island Marine Park,1
Neoglyphidodon polyacanthus,-31.54,159.05,2022,3,17,10,1,-32_159,21.215414365132652,23.80377960205078,21.07836398403277,23.532257449242376,2004,Lord Howe Island Marine Park,1
Neoglyphidodon polyacanthus,-31.54,159.05,2022,3,17,7.5,2,-32_159,21.215414365132652,23.80377960205078,21.07836398403277,23.532257449242376,2004,Lord Howe Island Marine Park,1
Neoglyphidodon polyacanthus,-31.54,159.05,2022,3,17,10,7,-32_159,21.215414365132652,23.80377960205078,21.07836398403277,23.532257449242376,2004,Lord Howe Island Marine Park,1
Neoglyphidodon polyacanthus,-31.52,159.04,2022,3,24,5,1,-32_159,21.215414365132652,23.80377960205078,21.07836398403277,23.532257449242376,2004,Lord Howe Island Marine Park,1
Neoglyphidodon polyacanthus,-31.52,159.04,2022,3,24,7.5,1,-32_159,21.215414365132652,23.80377960205078,21.07836398403277,23.532257449242376,2004,Lord Howe Island Marine Park,1
Neoglyphidodon polyacanthus,-31.52,159.07,2022,3,13,7.5,1,-32_159,21.215414365132652,23.80377960205078,21.07836398403277,23.532257449242376,2004,Lord Howe Island Marine Park,1
Neoglyphidodon polyacanthus,-31.52,159.07,2022,3,13,10,1,-32_159,21.215414365132652,23.80377960205078,21.07836398403277,23.532257449242376,2004,Lord Howe Island Marine Park,1
Neoglyphidodon polyacanthus,-31.55,159.07,2022,3,17,7.5,20,-32_159,21.215414365132652,23.80377960205078,21.07836398403277,23.532257449242376,NA,NA,0
Neoglyphidodon polyacanthus,-31.55,159.07,2022,3,17,10,20,-32_159,21.215414365132652,23.80377960205078,21.07836398403277,23.532257449242376,NA,NA,0
Neoglyphidodon polyacanthus,-31.55,159.07,2022,3,17,12.5,10,-32_159,21.215414365132652,23.80377960205078,21.07836398403277,23.532257449242376,NA,NA,0
Neoglyphidodon polyacanthus,-31.53,159.06,2022,3,13,2.5,3,-32_159,21.215414365132652,23.80377960205078,21.07836398403277,23.532257449242376,NA,NA,0
Neoglyphidodon polyacanthus,-31.53,159.06,2022,3,13,5,12,-32_159,21.215414365132652,23.80377960205078,21.07836398403277,23.532257449242376,NA,NA,0
Neoglyphidodon polyacanthus,-31.53,159.06,2022,3,13,7.5,8,-32_159,21.215414365132652,23.80377960205078,21.07836398403277,23.532257449242376,NA,NA,0
Neoglyphidodon polyacanthus,-31.53,159.06,2022,3,13,10,2,-32_159,21.215414365132652,23.80377960205078,21.07836398403277,23.532257449242376,NA,NA,0
Neoglyphidodon polyacanthus,-31.55,159.07,2022,3,17,7.5,10,-32_159,21.215414365132652,23.80377960205078,21.07836398403277,23.532257449242376,NA,NA,0
Neoglyphidodon polyacanthus,-31.55,159.07,2022,3,17,10,10,-32_159,21.215414365132652,23.80377960205078,21.07836398403277,23.532257449242376,NA,NA,0
Neoglyphidodon polyacanthus,-31.51,159.07,2022,3,19,7.5,2,-32_159,21.215414365132652,23.80377960205078,21.07836398403277,23.532257449242376,2004,Lord Howe Island Marine Park,1
Neoglyphidodon polyacanthus,-31.51,159.07,2022,3,19,10,5,-32_159,21.215414365132652,23.80377960205078,21.07836398403277,23.532257449242376,2004,Lord Howe Island Marine Park,1
Neoglyphidodon polyacanthus,-31.51,159.07,2022,3,19,12.5,10,-32_159,21.215414365132652,23.80377960205078,21.07836398403277,23.532257449242376,2004,Lord Howe Island Marine Park,1
Neoglyphidodon polyacanthus,-31.51,159.07,2022,3,19,7.5,4,-32_159,21.215414365132652,23.80377960205078,21.07836398403277,23.532257449242376,2004,Lord Howe Island Marine Park,1
Neoglyphidodon polyacanthus,-31.51,159.07,2022,3,19,10,10,-32_159,21.215414365132652,23.80377960205078,21.07836398403277,23.532257449242376,2004,Lord Howe Island Marine Park,1
Neoglyphidodon polyacanthus,-31.51,159.07,2022,3,19,12.5,5,-32_159,21.215414365132652,23.80377960205078,21.07836398403277,23.532257449242376,2004,Lord Howe Island Marine Park,1
Neoglyphidodon polyacanthus,-31.54,159.06,2022,3,14,2.5,12,-32_159,21.215414365132652,23.80377960205078,21.07836398403277,23.532257449242376,2004,Lord Howe Island Marine Park,1
Neoglyphidodon polyacanthus,-31.54,159.06,2022,3,14,5,12,-32_159,21.215414365132652,23.80377960205078,21.07836398403277,23.532257449242376,2004,Lord Howe Island Marine Park,1
Neoglyphidodon polyacanthus,-31.54,159.06,2022,3,14,7.5,12,-32_159,21.215414365132652,23.80377960205078,21.07836398403277,23.532257449242376,2004,Lord Howe Island Marine Park,1
Neoglyphidodon polyacanthus,-31.54,159.06,2022,3,14,10,12,-32_159,21.215414365132652,23.80377960205078,21.07836398403277,23.532257449242376,2004,Lord Howe Island Marine Park,1
Neoglyphidodon polyacanthus,-31.54,159.06,2022,3,14,12.5,12,-32_159,21.215414365132652,23.80377960205078,21.07836398403277,23.532257449242376,2004,Lord Howe Island Marine Park,1
Neoglyphidodon polyacanthus,-31.54,159.06,2022,3,14,15,12,-32_159,21.215414365132652,23.80377960205078,21.07836398403277,23.532257449242376,2004,Lord Howe Island Marine Park,1
Neoglyphidodon polyacanthus,-31.51,159.06,2022,3,15,2.5,1,-32_159,21.215414365132652,23.80377960205078,21.07836398403277,23.532257449242376,2004,Lord Howe Island Marine Park,1
Neoglyphidodon polyacanthus,-31.51,159.06,2022,3,15,7.5,4,-32_159,21.215414365132652,23.80377960205078,21.07836398403277,23.532257449242376,2004,Lord Howe Island Marine Park,1
Neoglyphidodon polyacanthus,-31.51,159.06,2022,3,15,10,2,-32_159,21.215414365132652,23.80377960205078,21.07836398403277,23.532257449242376,2004,Lord Howe Island Marine Park,1
Neoglyphidodon polyacanthus,-31.53,159.06,2022,3,13,2.5,2,-32_159,21.215414365132652,23.80377960205078,21.07836398403277,23.532257449242376,NA,NA,0
Neoglyphidodon polyacanthus,-31.53,159.06,2022,3,13,5,17,-32_159,21.215414365132652,23.80377960205078,21.07836398403277,23.532257449242376,NA,NA,0
Neoglyphidodon polyacanthus,-31.53,159.06,2022,3,13,7.5,12,-32_159,21.215414365132652,23.80377960205078,21.07836398403277,23.532257449242376,NA,NA,0
Neoglyphidodon polyacanthus,-31.53,159.06,2022,3,13,10,5,-32_159,21.215414365132652,23.80377960205078,21.07836398403277,23.532257449242376,NA,NA,0
Neoglyphidodon polyacanthus,-31.56,159.07,2022,3,17,10,1,-32_159,21.215414365132652,23.80377960205078,21.07836398403277,23.532257449242376,NA,NA,0
Neoglyphidodon polyacanthus,-31.56,159.07,2022,3,17,12.5,3,-32_159,21.215414365132652,23.80377960205078,21.07836398403277,23.532257449242376,NA,NA,0
Neoglyphidodon polyacanthus,-31.56,159.07,2022,3,17,15,3,-32_159,21.215414365132652,23.80377960205078,21.07836398403277,23.532257449242376,NA,NA,0
Neoglyphidodon polyacanthus,-31.56,159.07,2022,3,17,12.5,11,-32_159,21.215414365132652,23.80377960205078,21.07836398403277,23.532257449242376,NA,NA,0
Neoglyphidodon polyacanthus,-31.56,159.07,2022,3,17,15,18,-32_159,21.215414365132652,23.80377960205078,21.07836398403277,23.532257449242376,NA,NA,0
Neoglyphidodon polyacanthus,-31.55,159.06,2022,3,18,10,12,-32_159,21.215414365132652,23.80377960205078,21.07836398403277,23.532257449242376,2004,Lord Howe Island Marine Park,1
Neoglyphidodon polyacanthus,-31.55,159.06,2022,3,18,12.5,11,-32_159,21.215414365132652,23.80377960205078,21.07836398403277,23.532257449242376,2004,Lord Howe Island Marine Park,1
Neoglyphidodon polyacanthus,-31.52,159.05,2022,3,16,2.5,6,-32_159,21.215414365132652,23.80377960205078,21.07836398403277,23.532257449242376,2004,Lord Howe Island Marine Park,1
Neoglyphidodon polyacanthus,-31.52,159.05,2022,3,16,5,4,-32_159,21.215414365132652,23.80377960205078,21.07836398403277,23.532257449242376,2004,Lord Howe Island Marine Park,1
Neoglyphidodon polyacanthus,-31.52,159.05,2022,3,16,7.5,15,-32_159,21.215414365132652,23.80377960205078,21.07836398403277,23.532257449242376,2004,Lord Howe Island Marine Park,1
Neoglyphidodon polyacanthus,-31.52,159.05,2022,3,16,10,14,-32_159,21.215414365132652,23.80377960205078,21.07836398403277,23.532257449242376,2004,Lord Howe Island Marine Park,1
Neoglyphidodon polyacanthus,-31.52,159.05,2022,3,16,5,6,-32_159,21.215414365132652,23.80377960205078,21.07836398403277,23.532257449242376,2004,Lord Howe Island Marine Park,1
Neoglyphidodon polyacanthus,-31.52,159.05,2022,3,16,7.5,11,-32_159,21.215414365132652,23.80377960205078,21.07836398403277,23.532257449242376,2004,Lord Howe Island Marine Park,1
Neoglyphidodon polyacanthus,-31.52,159.05,2022,3,16,10,7,-32_159,21.215414365132652,23.80377960205078,21.07836398403277,23.532257449242376,2004,Lord Howe Island Marine Park,1
Neoglyphidodon polyacanthus,-31.52,159.05,2022,3,16,12.5,7,-32_159,21.215414365132652,23.80377960205078,21.07836398403277,23.532257449242376,2004,Lord Howe Island Marine Park,1
Neoglyphidodon polyacanthus,-31.55,159.06,2022,3,18,10,2,-32_159,21.215414365132652,23.80377960205078,21.07836398403277,23.532257449242376,2004,Lord Howe Island Marine Park,1
Neoglyphidodon polyacanthus,-31.55,159.06,2022,3,18,12.5,15,-32_159,21.215414365132652,23.80377960205078,21.07836398403277,23.532257449242376,2004,Lord Howe Island Marine Park,1
Neoglyphidodon polyacanthus,-31.52,159.04,2022,3,24,10,3,-32_159,21.215414365132652,23.80377960205078,21.07836398403277,23.532257449242376,2004,Lord Howe Island Marine Park,1
Neoglyphidodon polyacanthus,-31.52,159.04,2022,3,24,12.5,2,-32_159,21.215414365132652,23.80377960205078,21.07836398403277,23.532257449242376,2004,Lord Howe Island Marine Park,1
Neoglyphidodon polyacanthus,-31.52,159.04,2022,3,24,7.5,5,-32_159,21.215414365132652,23.80377960205078,21.07836398403277,23.532257449242376,2004,Lord Howe Island Marine Park,1
Neoglyphidodon polyacanthus,-31.52,159.04,2022,3,24,10,5,-32_159,21.215414365132652,23.80377960205078,21.07836398403277,23.532257449242376,2004,Lord Howe Island Marine Park,1
Neoglyphidodon polyacanthus,-31.52,159.04,2022,3,24,12.5,5,-32_159,21.215414365132652,23.80377960205078,21.07836398403277,23.532257449242376,2004,Lord Howe Island Marine Park,1
Neoglyphidodon polyacanthus,-31.56,159.07,2022,3,17,7.5,15,-32_159,21.215414365132652,23.80377960205078,21.07836398403277,23.532257449242376,NA,NA,0
Neoglyphidodon polyacanthus,-31.56,159.07,2022,3,17,10,15,-32_159,21.215414365132652,23.80377960205078,21.07836398403277,23.532257449242376,NA,NA,0
Neoglyphidodon polyacanthus,-31.56,159.07,2022,3,17,12.5,15,-32_159,21.215414365132652,23.80377960205078,21.07836398403277,23.532257449242376,NA,NA,0
Neoglyphidodon polyacanthus,-31.56,159.07,2022,3,17,7.5,5,-32_159,21.215414365132652,23.80377960205078,21.07836398403277,23.532257449242376,NA,NA,0
Neoglyphidodon polyacanthus,-31.56,159.07,2022,3,17,10,10,-32_159,21.215414365132652,23.80377960205078,21.07836398403277,23.532257449242376,NA,NA,0
Neoglyphidodon polyacanthus,-31.56,159.07,2022,3,17,12.5,5,-32_159,21.215414365132652,23.80377960205078,21.07836398403277,23.532257449242376,NA,NA,0
Neoglyphidodon polyacanthus,-31.53,159.05,2022,3,18,12.5,22,-32_159,21.215414365132652,23.80377960205078,21.07836398403277,23.532257449242376,NA,NA,0
Neoglyphidodon polyacanthus,-31.53,159.05,2022,3,18,15,8,-32_159,21.215414365132652,23.80377960205078,21.07836398403277,23.532257449242376,NA,NA,0
Neoglyphidodon polyacanthus,-31.55,159.06,2022,3,19,5,15,-32_159,21.215414365132652,23.80377960205078,21.07836398403277,23.532257449242376,2004,Lord Howe Island Marine Park,1
Neoglyphidodon polyacanthus,-31.55,159.06,2022,3,19,7.5,15,-32_159,21.215414365132652,23.80377960205078,21.07836398403277,23.532257449242376,2004,Lord Howe Island Marine Park,1
Neoglyphidodon polyacanthus,-31.55,159.06,2022,3,19,10,15,-32_159,21.215414365132652,23.80377960205078,21.07836398403277,23.532257449242376,2004,Lord Howe Island Marine Park,1
Neoglyphidodon polyacanthus,-31.55,159.06,2022,3,19,12.5,15,-32_159,21.215414365132652,23.80377960205078,21.07836398403277,23.532257449242376,2004,Lord Howe Island Marine Park,1
Neoglyphidodon polyacanthus,-31.54,159.07,2022,3,14,7.5,10,-32_159,21.215414365132652,23.80377960205078,21.07836398403277,23.532257449242376,2004,Lord Howe Island Marine Park,1
Neoglyphidodon polyacanthus,-31.54,159.07,2022,3,14,10,15,-32_159,21.215414365132652,23.80377960205078,21.07836398403277,23.532257449242376,2004,Lord Howe Island Marine Park,1
Neoglyphidodon polyacanthus,-31.54,159.07,2022,3,14,12.5,15,-32_159,21.215414365132652,23.80377960205078,21.07836398403277,23.532257449242376,2004,Lord Howe Island Marine Park,1
Neoglyphidodon polyacanthus,-31.54,159.07,2022,3,14,7.5,20,-32_159,21.215414365132652,23.80377960205078,21.07836398403277,23.532257449242376,2004,Lord Howe Island Marine Park,1
Neoglyphidodon polyacanthus,-31.54,159.07,2022,3,14,10,20,-32_159,21.215414365132652,23.80377960205078,21.07836398403277,23.532257449242376,2004,Lord Howe Island Marine Park,1
Neoglyphidodon polyacanthus,-31.54,159.07,2022,3,14,12.5,20,-32_159,21.215414365132652,23.80377960205078,21.07836398403277,23.532257449242376,2004,Lord Howe Island Marine Park,1
Neoglyphidodon polyacanthus,-31.52,159.08,2022,3,19,10,2,-32_159,21.215414365132652,23.80377960205078,21.07836398403277,23.532257449242376,NA,NA,0
Neoglyphidodon polyacanthus,-31.52,159.08,2022,3,19,12.5,1,-32_159,21.215414365132652,23.80377960205078,21.07836398403277,23.532257449242376,NA,NA,0
Neoglyphidodon polyacanthus,-31.52,159.08,2022,3,19,12.5,2,-32_159,21.215414365132652,23.80377960205078,21.07836398403277,23.532257449242376,NA,NA,0
Neoglyphidodon polyacanthus,-31.5,159.07,2022,3,22,10,5,-32_159,21.215414365132652,23.80377960205078,21.07836398403277,23.532257449242376,2004,Lord Howe Island Marine Park,1
Neoglyphidodon polyacanthus,-31.5,159.07,2022,3,22,12.5,5,-32_159,21.215414365132652,23.80377960205078,21.07836398403277,23.532257449242376,2004,Lord Howe Island Marine Park,1
Neoglyphidodon polyacanthus,-31.51,159.06,2022,3,15,15,1,-32_159,21.215414365132652,23.80377960205078,21.07836398403277,23.532257449242376,2004,Lord Howe Island Marine Park,1
Neoglyphidodon polyacanthus,-31.51,159.06,2022,3,15,10,1,-32_159,21.215414365132652,23.80377960205078,21.07836398403277,23.532257449242376,2004,Lord Howe Island Marine Park,1
Neoglyphidodon polyacanthus,-31.51,159.06,2022,3,15,12.5,1,-32_159,21.215414365132652,23.80377960205078,21.07836398403277,23.532257449242376,2004,Lord Howe Island Marine Park,1
Neoglyphidodon polyacanthus,-31.51,159.06,2022,3,15,15,3,-32_159,21.215414365132652,23.80377960205078,21.07836398403277,23.532257449242376,2004,Lord Howe Island Marine Park,1
Neoglyphidodon polyacanthus,-31.51,159.05,2022,3,15,12.5,1,-32_159,21.215414365132652,23.80377960205078,21.07836398403277,23.532257449242376,2004,Lord Howe Island Marine Park,1
Neoglyphidodon polyacanthus,-31.52,159.05,2022,3,16,15,4,-32_159,21.215414365132652,23.80377960205078,21.07836398403277,23.532257449242376,2004,Lord Howe Island Marine Park,1
Neoglyphidodon polyacanthus,-31.55,159.07,2022,3,17,5,2,-32_159,21.215414365132652,23.80377960205078,21.07836398403277,23.532257449242376,NA,NA,0
Neoglyphidodon polyacanthus,-31.55,159.07,2022,3,17,7.5,4,-32_159,21.215414365132652,23.80377960205078,21.07836398403277,23.532257449242376,NA,NA,0
Neoglyphidodon polyacanthus,-31.55,159.07,2022,3,17,10,4,-32_159,21.215414365132652,23.80377960205078,21.07836398403277,23.532257449242376,NA,NA,0
Neoglyphidodon polyacanthus,-31.55,159.07,2022,3,17,12.5,4,-32_159,21.215414365132652,23.80377960205078,21.07836398403277,23.532257449242376,NA,NA,0
Neoglyphidodon polyacanthus,-31.52,159.04,2022,3,24,10,3,-32_159,21.215414365132652,23.80377960205078,21.07836398403277,23.532257449242376,2004,Lord Howe Island Marine Park,1
Neoglyphidodon polyacanthus,-31.52,159.04,2022,3,24,12.5,3,-32_159,21.215414365132652,23.80377960205078,21.07836398403277,23.532257449242376,2004,Lord Howe Island Marine Park,1
Neoglyphidodon polyacanthus,-31.52,159.04,2022,3,24,5,4,-32_159,21.215414365132652,23.80377960205078,21.07836398403277,23.532257449242376,2004,Lord Howe Island Marine Park,1
Neoglyphidodon polyacanthus,-31.52,159.04,2022,3,24,7.5,3,-32_159,21.215414365132652,23.80377960205078,21.07836398403277,23.532257449242376,2004,Lord Howe Island Marine Park,1
Neoglyphidodon polyacanthus,-31.52,159.04,2022,3,24,10,2,-32_159,21.215414365132652,23.80377960205078,21.07836398403277,23.532257449242376,2004,Lord Howe Island Marine Park,1
Neoglyphidodon polyacanthus,-31.52,159.04,2022,3,24,12.5,2,-32_159,21.215414365132652,23.80377960205078,21.07836398403277,23.532257449242376,2004,Lord Howe Island Marine Park,1
Neoglyphidodon polyacanthus,-31.52,159.05,2022,3,14,10,5,-32_159,21.215414365132652,23.80377960205078,21.07836398403277,23.532257449242376,2004,Lord Howe Island Marine Park,1
Neoglyphidodon polyacanthus,-31.52,159.05,2022,3,14,12.5,15,-32_159,21.215414365132652,23.80377960205078,21.07836398403277,23.532257449242376,2004,Lord Howe Island Marine Park,1
Neoglyphidodon polyacanthus,-31.52,159.05,2022,3,14,10,15,-32_159,21.215414365132652,23.80377960205078,21.07836398403277,23.532257449242376,2004,Lord Howe Island Marine Park,1
Neoglyphidodon polyacanthus,-31.52,159.05,2022,3,14,12.5,20,-32_159,21.215414365132652,23.80377960205078,21.07836398403277,23.532257449242376,2004,Lord Howe Island Marine Park,1
Neoglyphidodon polyacanthus,-31.52,159.05,2022,3,14,5,4,-32_159,21.215414365132652,23.80377960205078,21.07836398403277,23.532257449242376,2004,Lord Howe Island Marine Park,1
Neoglyphidodon polyacanthus,-31.52,159.05,2022,3,14,7.5,3,-32_159,21.215414365132652,23.80377960205078,21.07836398403277,23.532257449242376,2004,Lord Howe Island Marine Park,1
Neoglyphidodon polyacanthus,-31.52,159.05,2022,3,14,10,1,-32_159,21.215414365132652,23.80377960205078,21.07836398403277,23.532257449242376,2004,Lord Howe Island Marine Park,1
Neoglyphidodon polyacanthus,-31.52,159.05,2022,3,14,5,7,-32_159,21.215414365132652,23.80377960205078,21.07836398403277,23.532257449242376,2004,Lord Howe Island Marine Park,1
Neoglyphidodon polyacanthus,-31.52,159.05,2022,3,14,7.5,14,-32_159,21.215414365132652,23.80377960205078,21.07836398403277,23.532257449242376,2004,Lord Howe Island Marine Park,1
Neoglyphidodon polyacanthus,-31.5,159.07,2022,3,22,12.5,10,-32_159,21.215414365132652,23.80377960205078,21.07836398403277,23.532257449242376,2004,Lord Howe Island Marine Park,1
Neoglyphidodon polyacanthus,-31.5,159.07,2022,3,22,15,20,-32_159,21.215414365132652,23.80377960205078,21.07836398403277,23.532257449242376,2004,Lord Howe Island Marine Park,1
Neoglyphidodon polyacanthus,-31.55,159.06,2022,3,18,10,1,-32_159,21.215414365132652,23.80377960205078,21.07836398403277,23.532257449242376,2004,Lord Howe Island Marine Park,1
Neoglyphidodon polyacanthus,-31.55,159.06,2022,3,18,12.5,4,-32_159,21.215414365132652,23.80377960205078,21.07836398403277,23.532257449242376,2004,Lord Howe Island Marine Park,1
Neoglyphidodon polyacanthus,-31.56,159.07,2022,3,17,7.5,10,-32_159,21.215414365132652,23.80377960205078,21.07836398403277,23.532257449242376,NA,NA,0
Neoglyphidodon polyacanthus,-31.56,159.07,2022,3,17,10,15,-32_159,21.215414365132652,23.80377960205078,21.07836398403277,23.532257449242376,NA,NA,0
Neoglyphidodon polyacanthus,-31.55,159.06,2022,3,18,15,1,-32_159,21.215414365132652,23.80377960205078,21.07836398403277,23.532257449242376,2004,Lord Howe Island Marine Park,1
Neoglyphidodon polyacanthus,-31.56,159.07,2022,3,17,12.5,15,-32_159,21.215414365132652,23.80377960205078,21.07836398403277,23.532257449242376,NA,NA,0
Neoglyphidodon polyacanthus,-31.52,159.05,2022,3,14,5,8,-32_159,21.215414365132652,23.80377960205078,21.07836398403277,23.532257449242376,2004,Lord Howe Island Marine Park,1
Neoglyphidodon polyacanthus,-31.5,159.06,2022,3,21,10,1,-32_159,21.215414365132652,23.80377960205078,21.07836398403277,23.532257449242376,2004,Lord Howe Island Marine Park,1
Neoglyphidodon polyacanthus,-31.5,159.06,2022,3,21,12.5,1,-32_159,21.215414365132652,23.80377960205078,21.07836398403277,23.532257449242376,2004,Lord Howe Island Marine Park,1
Neoglyphidodon polyacanthus,-31.52,159.05,2022,3,14,7.5,13,-32_159,21.215414365132652,23.80377960205078,21.07836398403277,23.532257449242376,2004,Lord Howe Island Marine Park,1
Neoglyphidodon polyacanthus,-31.52,159.05,2022,3,14,2.5,12,-32_159,21.215414365132652,23.80377960205078,21.07836398403277,23.532257449242376,2004,Lord Howe Island Marine Park,1
Neoglyphidodon polyacanthus,-31.52,159.05,2022,3,14,5,14,-32_159,21.215414365132652,23.80377960205078,21.07836398403277,23.532257449242376,2004,Lord Howe Island Marine Park,1
Neoglyphidodon polyacanthus,-31.52,159.05,2022,3,14,7.5,15,-32_159,21.215414365132652,23.80377960205078,21.07836398403277,23.532257449242376,2004,Lord Howe Island Marine Park,1
Neoglyphidodon polyacanthus,-31.52,159.05,2022,3,14,5,5,-32_159,21.215414365132652,23.80377960205078,21.07836398403277,23.532257449242376,2004,Lord Howe Island Marine Park,1
Neoglyphidodon polyacanthus,-31.52,159.05,2022,3,14,7.5,15,-32_159,21.215414365132652,23.80377960205078,21.07836398403277,23.532257449242376,2004,Lord Howe Island Marine Park,1
Neoglyphidodon polyacanthus,-31.52,159.05,2022,3,14,10,15,-32_159,21.215414365132652,23.80377960205078,21.07836398403277,23.532257449242376,2004,Lord Howe Island Marine Park,1
Neoglyphidodon polyacanthus,-31.52,159.05,2022,3,14,12.5,15,-32_159,21.215414365132652,23.80377960205078,21.07836398403277,23.532257449242376,2004,Lord Howe Island Marine Park,1
Neoglyphidodon polyacanthus,-31.52,159.05,2022,3,14,5,10,-32_159,21.215414365132652,23.80377960205078,21.07836398403277,23.532257449242376,2004,Lord Howe Island Marine Park,1
Neoglyphidodon polyacanthus,-31.52,159.05,2022,3,14,7.5,10,-32_159,21.215414365132652,23.80377960205078,21.07836398403277,23.532257449242376,2004,Lord Howe Island Marine Park,1
Neoglyphidodon polyacanthus,-31.52,159.05,2022,3,14,10,10,-32_159,21.215414365132652,23.80377960205078,21.07836398403277,23.532257449242376,2004,Lord Howe Island Marine Park,1
Neoglyphidodon polyacanthus,-31.52,159.05,2022,3,14,12.5,10,-32_159,21.215414365132652,23.80377960205078,21.07836398403277,23.532257449242376,2004,Lord Howe Island Marine Park,1
Neoglyphidodon polyacanthus,-31.58,159.07,2022,3,25,10,2,-32_159,21.215414365132652,23.80377960205078,21.07836398403277,23.532257449242376,NA,NA,0
Neoglyphidodon polyacanthus,-31.58,159.07,2022,3,25,15,2,-32_159,21.215414365132652,23.80377960205078,21.07836398403277,23.532257449242376,NA,NA,0
Neoglyphidodon polyacanthus,-31.58,159.07,2022,3,25,2.5,5,-32_159,21.215414365132652,23.80377960205078,21.07836398403277,23.532257449242376,NA,NA,0
Neoglyphidodon polyacanthus,-31.58,159.07,2022,3,25,10,7,-32_159,21.215414365132652,23.80377960205078,21.07836398403277,23.532257449242376,NA,NA,0
Neoglyphidodon polyacanthus,-31.58,159.07,2022,3,25,12.5,5,-32_159,21.215414365132652,23.80377960205078,21.07836398403277,23.532257449242376,NA,NA,0
Neoglyphidodon polyacanthus,-31.58,159.07,2022,3,25,15,3,-32_159,21.215414365132652,23.80377960205078,21.07836398403277,23.532257449242376,NA,NA,0
Neoglyphidodon polyacanthus,-31.58,159.07,2022,3,25,20,1,-32_159,21.215414365132652,23.80377960205078,21.07836398403277,23.532257449242376,NA,NA,0
Neoglyphidodon polyacanthus,-31.55,159.06,2022,3,19,5,8,-32_159,21.215414365132652,23.80377960205078,21.07836398403277,23.532257449242376,2004,Lord Howe Island Marine Park,1
Neoglyphidodon polyacanthus,-31.55,159.06,2022,3,19,7.5,8,-32_159,21.215414365132652,23.80377960205078,21.07836398403277,23.532257449242376,2004,Lord Howe Island Marine Park,1
Neoglyphidodon polyacanthus,-31.55,159.06,2022,3,19,10,14,-32_159,21.215414365132652,23.80377960205078,21.07836398403277,23.532257449242376,2004,Lord Howe Island Marine Park,1
Neoglyphidodon polyacanthus,-31.55,159.06,2022,3,19,12.5,12,-32_159,21.215414365132652,23.80377960205078,21.07836398403277,23.532257449242376,2004,Lord Howe Island Marine Park,1
Neoglyphidodon polyacanthus,-31.55,159.06,2022,3,19,5,3,-32_159,21.215414365132652,23.80377960205078,21.07836398403277,23.532257449242376,2004,Lord Howe Island Marine Park,1
Neoglyphidodon polyacanthus,-31.55,159.06,2022,3,19,7.5,4,-32_159,21.215414365132652,23.80377960205078,21.07836398403277,23.532257449242376,2004,Lord Howe Island Marine Park,1
Neoglyphidodon polyacanthus,-31.55,159.06,2022,3,19,10,5,-32_159,21.215414365132652,23.80377960205078,21.07836398403277,23.532257449242376,2004,Lord Howe Island Marine Park,1
Neoglyphidodon polyacanthus,-31.55,159.06,2022,3,19,12.5,5,-32_159,21.215414365132652,23.80377960205078,21.07836398403277,23.532257449242376,2004,Lord Howe Island Marine Park,1
Neoglyphidodon polyacanthus,-31.55,159.07,2022,3,17,10,2,-32_159,21.215414365132652,23.80377960205078,21.07836398403277,23.532257449242376,NA,NA,0
Neoglyphidodon polyacanthus,-31.55,159.07,2022,3,17,12.5,2,-32_159,21.215414365132652,23.80377960205078,21.07836398403277,23.532257449242376,NA,NA,0
Neoglyphidodon polyacanthus,-31.55,159.07,2022,3,17,7.5,3,-32_159,21.215414365132652,23.80377960205078,21.07836398403277,23.532257449242376,NA,NA,0
Neoglyphidodon polyacanthus,-31.55,159.07,2022,3,17,10,3,-32_159,21.215414365132652,23.80377960205078,21.07836398403277,23.532257449242376,NA,NA,0
Neoglyphidodon polyacanthus,-31.55,159.07,2022,3,17,12.5,3,-32_159,21.215414365132652,23.80377960205078,21.07836398403277,23.532257449242376,NA,NA,0
Neoglyphidodon polyacanthus,-31.55,159.07,2022,3,17,10,8,-32_159,21.215414365132652,23.80377960205078,21.07836398403277,23.532257449242376,NA,NA,0
Neoglyphidodon polyacanthus,-31.55,159.07,2022,3,17,12.5,5,-32_159,21.215414365132652,23.80377960205078,21.07836398403277,23.532257449242376,NA,NA,0
Neoglyphidodon polyacanthus,-31.55,159.07,2022,3,17,7.5,2,-32_159,21.215414365132652,23.80377960205078,21.07836398403277,23.532257449242376,NA,NA,0
Neoglyphidodon polyacanthus,-31.55,159.07,2022,3,17,10,10,-32_159,21.215414365132652,23.80377960205078,21.07836398403277,23.532257449242376,NA,NA,0
Neoglyphidodon polyacanthus,-31.57,159.07,2022,3,17,2.5,4,-32_159,21.215414365132652,23.80377960205078,21.07836398403277,23.532257449242376,NA,NA,0
Neoglyphidodon polyacanthus,-31.57,159.07,2022,3,17,5,2,-32_159,21.215414365132652,23.80377960205078,21.07836398403277,23.532257449242376,NA,NA,0
Neoglyphidodon polyacanthus,-31.57,159.07,2022,3,17,2.5,2,-32_159,21.215414365132652,23.80377960205078,21.07836398403277,23.532257449242376,NA,NA,0
Neoglyphidodon polyacanthus,-31.52,159.05,2022,3,16,7.5,5,-32_159,21.215414365132652,23.80377960205078,21.07836398403277,23.532257449242376,2004,Lord Howe Island Marine Park,1
Neoglyphidodon polyacanthus,-31.52,159.05,2022,3,16,10,10,-32_159,21.215414365132652,23.80377960205078,21.07836398403277,23.532257449242376,2004,Lord Howe Island Marine Park,1
Neoglyphidodon polyacanthus,-31.52,159.05,2022,3,16,12.5,5,-32_159,21.215414365132652,23.80377960205078,21.07836398403277,23.532257449242376,2004,Lord Howe Island Marine Park,1
Neoglyphidodon polyacanthus,-31.52,159.05,2022,3,16,5,20,-32_159,21.215414365132652,23.80377960205078,21.07836398403277,23.532257449242376,2004,Lord Howe Island Marine Park,1
Neoglyphidodon polyacanthus,-31.52,159.05,2022,3,16,7.5,25,-32_159,21.215414365132652,23.80377960205078,21.07836398403277,23.532257449242376,2004,Lord Howe Island Marine Park,1
Neoglyphidodon polyacanthus,-31.52,159.05,2022,3,16,10,5,-32_159,21.215414365132652,23.80377960205078,21.07836398403277,23.532257449242376,2004,Lord Howe Island Marine Park,1
Neoglyphidodon polyacanthus,-31.52,159.05,2022,3,16,12.5,2,-32_159,21.215414365132652,23.80377960205078,21.07836398403277,23.532257449242376,2004,Lord Howe Island Marine Park,1
Neoglyphidodon polyacanthus,-31.5,159.07,2022,3,22,10,5,-32_159,21.215414365132652,23.80377960205078,21.07836398403277,23.532257449242376,2004,Lord Howe Island Marine Park,1
Neoglyphidodon polyacanthus,-31.5,159.07,2022,3,22,12.5,5,-32_159,21.215414365132652,23.80377960205078,21.07836398403277,23.532257449242376,2004,Lord Howe Island Marine Park,1
Neoglyphidodon polyacanthus,-31.5,159.07,2022,3,22,10,10,-32_159,21.215414365132652,23.80377960205078,21.07836398403277,23.532257449242376,2004,Lord Howe Island Marine Park,1
Neoglyphidodon polyacanthus,-31.5,159.07,2022,3,22,12.5,10,-32_159,21.215414365132652,23.80377960205078,21.07836398403277,23.532257449242376,2004,Lord Howe Island Marine Park,1
Neoglyphidodon polyacanthus,-31.76,159.24,2022,3,23,10,5,-32_159,21.215414365132652,23.80377960205078,21.07836398403277,23.532257449242376,NA,NA,0
Neoglyphidodon polyacanthus,-31.76,159.24,2022,3,23,12.5,7,-32_159,21.215414365132652,23.80377960205078,21.07836398403277,23.532257449242376,NA,NA,0
Neoglyphidodon polyacanthus,-31.76,159.24,2022,3,23,5,1,-32_159,21.215414365132652,23.80377960205078,21.07836398403277,23.532257449242376,NA,NA,0
Neoglyphidodon polyacanthus,-31.55,159.07,2022,3,17,5,4,-32_159,21.215414365132652,23.80377960205078,21.07836398403277,23.532257449242376,NA,NA,0
Neoglyphidodon polyacanthus,-31.55,159.07,2022,3,17,7.5,8,-32_159,21.215414365132652,23.80377960205078,21.07836398403277,23.532257449242376,NA,NA,0
Neoglyphidodon polyacanthus,-31.55,159.07,2022,3,17,10,8,-32_159,21.215414365132652,23.80377960205078,21.07836398403277,23.532257449242376,NA,NA,0
Neoglyphidodon polyacanthus,-31.55,159.07,2022,3,17,12.5,8,-32_159,21.215414365132652,23.80377960205078,21.07836398403277,23.532257449242376,NA,NA,0
Neoglyphidodon polyacanthus,-31.55,159.06,2022,3,19,10,10,-32_159,21.215414365132652,23.80377960205078,21.07836398403277,23.532257449242376,2004,Lord Howe Island Marine Park,1
Neoglyphidodon polyacanthus,-31.55,159.06,2022,3,19,12.5,10,-32_159,21.215414365132652,23.80377960205078,21.07836398403277,23.532257449242376,2004,Lord Howe Island Marine Park,1
Neoglyphidodon polyacanthus,-31.55,159.07,2022,3,17,10,2,-32_159,21.215414365132652,23.80377960205078,21.07836398403277,23.532257449242376,NA,NA,0
Neoglyphidodon polyacanthus,-31.55,159.07,2022,3,17,12.5,7,-32_159,21.215414365132652,23.80377960205078,21.07836398403277,23.532257449242376,NA,NA,0
Neoglyphidodon polyacanthus,-31.55,159.07,2022,3,17,15,3,-32_159,21.215414365132652,23.80377960205078,21.07836398403277,23.532257449242376,NA,NA,0
Neoglyphidodon polyacanthus,-31.55,159.07,2022,3,17,10,3,-32_159,21.215414365132652,23.80377960205078,21.07836398403277,23.532257449242376,NA,NA,0
Neoglyphidodon polyacanthus,-31.55,159.07,2022,3,17,12.5,13,-32_159,21.215414365132652,23.80377960205078,21.07836398403277,23.532257449242376,NA,NA,0
Neoglyphidodon polyacanthus,-31.55,159.07,2022,3,17,15,7,-32_159,21.215414365132652,23.80377960205078,21.07836398403277,23.532257449242376,NA,NA,0
Neoglyphidodon polyacanthus,-31.6,159.08,2022,3,24,12.5,1,-32_159,21.215414365132652,23.80377960205078,21.07836398403277,23.532257449242376,2004,Lord Howe Island Marine Park,1
Neoglyphidodon polyacanthus,-31.6,159.08,2022,3,24,15,1,-32_159,21.215414365132652,23.80377960205078,21.07836398403277,23.532257449242376,2004,Lord Howe Island Marine Park,1
Neoglyphidodon polyacanthus,-31.52,159.08,2022,3,19,10,4,-32_159,21.215414365132652,23.80377960205078,21.07836398403277,23.532257449242376,NA,NA,0
Neoglyphidodon polyacanthus,-31.52,159.08,2022,3,19,12.5,1,-32_159,21.215414365132652,23.80377960205078,21.07836398403277,23.532257449242376,NA,NA,0
Neoglyphidodon polyacanthus,-31.56,159.07,2022,3,17,7.5,5,-32_159,21.215414365132652,23.80377960205078,21.07836398403277,23.532257449242376,NA,NA,0
Neoglyphidodon polyacanthus,-31.56,159.07,2022,3,17,10,6,-32_159,21.215414365132652,23.80377960205078,21.07836398403277,23.532257449242376,NA,NA,0
Neoglyphidodon polyacanthus,-31.56,159.07,2022,3,17,12.5,5,-32_159,21.215414365132652,23.80377960205078,21.07836398403277,23.532257449242376,NA,NA,0
Neoglyphidodon polyacanthus,-31.56,159.1,2022,3,21,10,1,-32_159,21.215414365132652,23.80377960205078,21.07836398403277,23.532257449242376,NA,NA,0
Neoglyphidodon polyacanthus,-31.56,159.1,2022,3,21,12.5,2,-32_159,21.215414365132652,23.80377960205078,21.07836398403277,23.532257449242376,NA,NA,0
Neoglyphidodon polyacanthus,-31.56,159.1,2022,3,21,7.5,1,-32_159,21.215414365132652,23.80377960205078,21.07836398403277,23.532257449242376,NA,NA,0
Neoglyphidodon polyacanthus,-31.56,159.1,2022,3,21,10,12,-32_159,21.215414365132652,23.80377960205078,21.07836398403277,23.532257449242376,NA,NA,0
Neoglyphidodon polyacanthus,-31.52,159.07,2022,3,13,7.5,2,-32_159,21.215414365132652,23.80377960205078,21.07836398403277,23.532257449242376,2004,Lord Howe Island Marine Park,1
Neoglyphidodon polyacanthus,-31.52,159.07,2022,3,13,10,1,-32_159,21.215414365132652,23.80377960205078,21.07836398403277,23.532257449242376,2004,Lord Howe Island Marine Park,1
Neoglyphidodon polyacanthus,-31.5,159.07,2022,3,16,20,1,-32_159,21.215414365132652,23.80377960205078,21.07836398403277,23.532257449242376,NA,NA,0
Neoglyphidodon polyacanthus,-31.51,159.05,2022,3,15,10,1,-32_159,21.215414365132652,23.80377960205078,21.07836398403277,23.532257449242376,2004,Lord Howe Island Marine Park,1
Neoglyphidodon polyacanthus,-31.51,159.05,2022,3,15,12.5,1,-32_159,21.215414365132652,23.80377960205078,21.07836398403277,23.532257449242376,2004,Lord Howe Island Marine Park,1
Neoglyphidodon polyacanthus,-31.54,159.07,2022,3,14,7.5,5,-32_159,21.215414365132652,23.80377960205078,21.07836398403277,23.532257449242376,2004,Lord Howe Island Marine Park,1
Neoglyphidodon polyacanthus,-31.54,159.07,2022,3,14,10,15,-32_159,21.215414365132652,23.80377960205078,21.07836398403277,23.532257449242376,2004,Lord Howe Island Marine Park,1
Neoglyphidodon polyacanthus,-31.54,159.07,2022,3,14,12.5,15,-32_159,21.215414365132652,23.80377960205078,21.07836398403277,23.532257449242376,2004,Lord Howe Island Marine Park,1
Neoglyphidodon polyacanthus,-31.57,159.07,2022,3,17,2.5,7,-32_159,21.215414365132652,23.80377960205078,21.07836398403277,23.532257449242376,NA,NA,0
Neoglyphidodon polyacanthus,-31.5,159.06,2022,3,21,12.5,2,-32_159,21.215414365132652,23.80377960205078,21.07836398403277,23.532257449242376,2004,Lord Howe Island Marine Park,1
Neoglyphidodon polyacanthus,-31.53,159.05,2022,3,18,5,5,-32_159,21.215414365132652,23.80377960205078,21.07836398403277,23.532257449242376,NA,NA,0
Neoglyphidodon polyacanthus,-31.53,159.05,2022,3,18,7.5,5,-32_159,21.215414365132652,23.80377960205078,21.07836398403277,23.532257449242376,NA,NA,0
Neoglyphidodon polyacanthus,-31.53,159.05,2022,3,18,10,7,-32_159,21.215414365132652,23.80377960205078,21.07836398403277,23.532257449242376,NA,NA,0
Neoglyphidodon polyacanthus,-31.53,159.05,2022,3,18,12.5,10,-32_159,21.215414365132652,23.80377960205078,21.07836398403277,23.532257449242376,NA,NA,0
Neoglyphidodon polyacanthus,-31.53,159.05,2022,3,18,15,5,-32_159,21.215414365132652,23.80377960205078,21.07836398403277,23.532257449242376,NA,NA,0
Neoglyphidodon polyacanthus,-31.53,159.05,2022,3,18,5,3,-32_159,21.215414365132652,23.80377960205078,21.07836398403277,23.532257449242376,NA,NA,0
Neoglyphidodon polyacanthus,-31.53,159.05,2022,3,18,7.5,2,-32_159,21.215414365132652,23.80377960205078,21.07836398403277,23.532257449242376,NA,NA,0
Neoglyphidodon polyacanthus,-31.53,159.05,2022,3,18,10,2,-32_159,21.215414365132652,23.80377960205078,21.07836398403277,23.532257449242376,NA,NA,0
Neoglyphidodon polyacanthus,-31.53,159.05,2022,3,18,12.5,2,-32_159,21.215414365132652,23.80377960205078,21.07836398403277,23.532257449242376,NA,NA,0
Neoglyphidodon polyacanthus,-31.53,159.05,2022,3,18,15,1,-32_159,21.215414365132652,23.80377960205078,21.07836398403277,23.532257449242376,NA,NA,0
Neoglyphidodon polyacanthus,-31.54,159.07,2022,3,14,5,3,-32_159,21.215414365132652,23.80377960205078,21.07836398403277,23.532257449242376,2004,Lord Howe Island Marine Park,1
Neoglyphidodon polyacanthus,-31.54,159.07,2022,3,14,7.5,2,-32_159,21.215414365132652,23.80377960205078,21.07836398403277,23.532257449242376,2004,Lord Howe Island Marine Park,1
Neoglyphidodon polyacanthus,-31.51,159.06,2022,3,15,10,11,-32_159,21.215414365132652,23.80377960205078,21.07836398403277,23.532257449242376,2004,Lord Howe Island Marine Park,1
Neoglyphidodon polyacanthus,-31.51,159.06,2022,3,15,12.5,9,-32_159,21.215414365132652,23.80377960205078,21.07836398403277,23.532257449242376,2004,Lord Howe Island Marine Park,1
Neoglyphidodon polyacanthus,-31.51,159.06,2022,3,15,10,3,-32_159,21.215414365132652,23.80377960205078,21.07836398403277,23.532257449242376,2004,Lord Howe Island Marine Park,1
Neoglyphidodon polyacanthus,-31.51,159.06,2022,3,15,12.5,6,-32_159,21.215414365132652,23.80377960205078,21.07836398403277,23.532257449242376,2004,Lord Howe Island Marine Park,1
Neoglyphidodon polyacanthus,-31.75,159.24,2022,3,23,12.5,3,-32_159,21.215414365132652,23.80377960205078,21.07836398403277,23.532257449242376,2004,Lord Howe Island Marine Park,1
Neoglyphidodon polyacanthus,-31.53,159.06,2022,3,13,2.5,6,-32_159,21.215414365132652,23.80377960205078,21.07836398403277,23.532257449242376,NA,NA,0
Neoglyphidodon polyacanthus,-31.53,159.06,2022,3,13,5,6,-32_159,21.215414365132652,23.80377960205078,21.07836398403277,23.532257449242376,NA,NA,0
Neoglyphidodon polyacanthus,-31.53,159.06,2022,3,13,7.5,6,-32_159,21.215414365132652,23.80377960205078,21.07836398403277,23.532257449242376,NA,NA,0
Neoglyphidodon polyacanthus,-31.53,159.06,2022,3,13,10,6,-32_159,21.215414365132652,23.80377960205078,21.07836398403277,23.532257449242376,NA,NA,0
Neoglyphidodon polyacanthus,-31.53,159.06,2022,3,13,12.5,6,-32_159,21.215414365132652,23.80377960205078,21.07836398403277,23.532257449242376,NA,NA,0
Neoglyphidodon polyacanthus,-31.53,159.06,2022,3,13,10,3,-32_159,21.215414365132652,23.80377960205078,21.07836398403277,23.532257449242376,NA,NA,0
Neoglyphidodon polyacanthus,-31.53,159.06,2022,3,13,12.5,9,-32_159,21.215414365132652,23.80377960205078,21.07836398403277,23.532257449242376,NA,NA,0
Neoglyphidodon polyacanthus,-31.53,159.06,2022,3,13,15,2,-32_159,21.215414365132652,23.80377960205078,21.07836398403277,23.532257449242376,NA,NA,0
Neoglyphidodon polyacanthus,-31.54,159.07,2022,3,14,2.5,1,-32_159,21.215414365132652,23.80377960205078,21.07836398403277,23.532257449242376,2004,Lord Howe Island Marine Park,1
Neoglyphidodon polyacanthus,-31.54,159.07,2022,3,14,5,3,-32_159,21.215414365132652,23.80377960205078,21.07836398403277,23.532257449242376,2004,Lord Howe Island Marine Park,1
Neoglyphidodon polyacanthus,-31.54,159.07,2022,3,14,7.5,8,-32_159,21.215414365132652,23.80377960205078,21.07836398403277,23.532257449242376,2004,Lord Howe Island Marine Park,1
Neoglyphidodon polyacanthus,-31.55,159.06,2022,3,18,5,4,-32_159,21.215414365132652,23.80377960205078,21.07836398403277,23.532257449242376,2004,Lord Howe Island Marine Park,1
Neoglyphidodon polyacanthus,-31.55,159.06,2022,3,18,7.5,5,-32_159,21.215414365132652,23.80377960205078,21.07836398403277,23.532257449242376,2004,Lord Howe Island Marine Park,1
Neoglyphidodon polyacanthus,-31.55,159.06,2022,3,18,10,5,-32_159,21.215414365132652,23.80377960205078,21.07836398403277,23.532257449242376,2004,Lord Howe Island Marine Park,1
Neoglyphidodon polyacanthus,-31.55,159.06,2022,3,18,12.5,4,-32_159,21.215414365132652,23.80377960205078,21.07836398403277,23.532257449242376,2004,Lord Howe Island Marine Park,1
Neoglyphidodon polyacanthus,-31.55,159.06,2022,3,18,5,3,-32_159,21.215414365132652,23.80377960205078,21.07836398403277,23.532257449242376,2004,Lord Howe Island Marine Park,1
Neoglyphidodon polyacanthus,-31.55,159.06,2022,3,18,7.5,3,-32_159,21.215414365132652,23.80377960205078,21.07836398403277,23.532257449242376,2004,Lord Howe Island Marine Park,1
Neoglyphidodon polyacanthus,-31.55,159.06,2022,3,18,10,4,-32_159,21.215414365132652,23.80377960205078,21.07836398403277,23.532257449242376,2004,Lord Howe Island Marine Park,1
Neoglyphidodon polyacanthus,-31.55,159.06,2022,3,19,10,20,-32_159,21.215414365132652,23.80377960205078,21.07836398403277,23.532257449242376,2004,Lord Howe Island Marine Park,1
Neoglyphidodon polyacanthus,-31.55,159.06,2022,3,19,12.5,10,-32_159,21.215414365132652,23.80377960205078,21.07836398403277,23.532257449242376,2004,Lord Howe Island Marine Park,1
Neoglyphidodon polyacanthus,-31.54,159.07,2022,3,14,5,4,-32_159,21.215414365132652,23.80377960205078,21.07836398403277,23.532257449242376,2004,Lord Howe Island Marine Park,1
Neoglyphidodon polyacanthus,-31.54,159.07,2022,3,14,7.5,13,-32_159,21.215414365132652,23.80377960205078,21.07836398403277,23.532257449242376,2004,Lord Howe Island Marine Park,1
Neoglyphidodon polyacanthus,-31.54,159.07,2022,3,14,10,8,-32_159,21.215414365132652,23.80377960205078,21.07836398403277,23.532257449242376,2004,Lord Howe Island Marine Park,1
Neoglyphidodon polyacanthus,-31.52,159.03,2022,3,24,12.5,1,-32_159,21.215414365132652,23.80377960205078,21.07836398403277,23.532257449242376,NA,NA,0
Neoglyphidodon polyacanthus,-31.52,159.03,2022,3,24,15,1,-32_159,21.215414365132652,23.80377960205078,21.07836398403277,23.532257449242376,NA,NA,0
Neoglyphidodon polyacanthus,-31.55,159.06,2022,3,19,10,10,-32_159,21.215414365132652,23.80377960205078,21.07836398403277,23.532257449242376,2004,Lord Howe Island Marine Park,1
Neoglyphidodon polyacanthus,-31.55,159.06,2022,3,19,12.5,5,-32_159,21.215414365132652,23.80377960205078,21.07836398403277,23.532257449242376,2004,Lord Howe Island Marine Park,1
Neoglyphidodon polyacanthus,-31.57,159.1,2022,3,24,10,4,-32_159,21.215414365132652,23.80377960205078,21.07836398403277,23.532257449242376,2004,Lord Howe Island Marine Park,1
Neoglyphidodon polyacanthus,-31.57,159.1,2022,3,24,5,1,-32_159,21.215414365132652,23.80377960205078,21.07836398403277,23.532257449242376,2004,Lord Howe Island Marine Park,1
Neoglyphidodon polyacanthus,-31.57,159.1,2022,3,24,7.5,2,-32_159,21.215414365132652,23.80377960205078,21.07836398403277,23.532257449242376,2004,Lord Howe Island Marine Park,1
Neoglyphidodon polyacanthus,-31.57,159.1,2022,3,24,10,2,-32_159,21.215414365132652,23.80377960205078,21.07836398403277,23.532257449242376,2004,Lord Howe Island Marine Park,1
Neoglyphidodon polyacanthus,-31.56,159.1,2022,3,21,10,2,-32_159,21.215414365132652,23.80377960205078,21.07836398403277,23.532257449242376,NA,NA,0
Neoglyphidodon polyacanthus,-31.56,159.1,2022,3,21,10,5,-32_159,21.215414365132652,23.80377960205078,21.07836398403277,23.532257449242376,NA,NA,0
Neoglyphidodon polyacanthus,-31.56,159.1,2022,3,21,12.5,5,-32_159,21.215414365132652,23.80377960205078,21.07836398403277,23.532257449242376,NA,NA,0
Neoglyphidodon polyacanthus,-31.58,159.07,2022,3,25,12.5,3,-32_159,21.215414365132652,23.80377960205078,21.07836398403277,23.532257449242376,NA,NA,0
Neoglyphidodon polyacanthus,-31.58,159.07,2022,3,25,15,5,-32_159,21.215414365132652,23.80377960205078,21.07836398403277,23.532257449242376,NA,NA,0
Neoglyphidodon polyacanthus,-31.58,159.07,2022,3,25,12.5,2,-32_159,21.215414365132652,23.80377960205078,21.07836398403277,23.532257449242376,NA,NA,0
Neoglyphidodon polyacanthus,-31.56,159.07,2022,3,17,12.5,2,-32_159,21.215414365132652,23.80377960205078,21.07836398403277,23.532257449242376,NA,NA,0
Neoglyphidodon polyacanthus,-31.56,159.07,2022,3,17,15,1,-32_159,21.215414365132652,23.80377960205078,21.07836398403277,23.532257449242376,NA,NA,0
Neoglyphidodon polyacanthus,-31.51,159.07,2022,3,19,10,3,-32_159,21.215414365132652,23.80377960205078,21.07836398403277,23.532257449242376,2004,Lord Howe Island Marine Park,1
Neoglyphidodon polyacanthus,-31.51,159.07,2022,3,19,7.5,5,-32_159,21.215414365132652,23.80377960205078,21.07836398403277,23.532257449242376,2004,Lord Howe Island Marine Park,1
Neoglyphidodon polyacanthus,-31.54,159.11,2022,3,24,7.5,1,-32_159,21.215414365132652,23.80377960205078,21.07836398403277,23.532257449242376,NA,NA,0
Neoglyphidodon polyacanthus,-31.54,159.11,2022,3,24,10,1,-32_159,21.215414365132652,23.80377960205078,21.07836398403277,23.532257449242376,NA,NA,0
Neoglyphidodon polyacanthus,-31.55,159.06,2022,3,18,5,12,-32_159,21.215414365132652,23.80377960205078,21.07836398403277,23.532257449242376,2004,Lord Howe Island Marine Park,1
Neoglyphidodon polyacanthus,-31.55,159.06,2022,3,18,7.5,13,-32_159,21.215414365132652,23.80377960205078,21.07836398403277,23.532257449242376,2004,Lord Howe Island Marine Park,1
Neoglyphidodon polyacanthus,-31.55,159.06,2022,3,18,10,13,-32_159,21.215414365132652,23.80377960205078,21.07836398403277,23.532257449242376,2004,Lord Howe Island Marine Park,1
Neoglyphidodon polyacanthus,-31.55,159.06,2022,3,18,12.5,12,-32_159,21.215414365132652,23.80377960205078,21.07836398403277,23.532257449242376,2004,Lord Howe Island Marine Park,1
Neoglyphidodon polyacanthus,-31.55,159.06,2022,3,18,5,20,-32_159,21.215414365132652,23.80377960205078,21.07836398403277,23.532257449242376,2004,Lord Howe Island Marine Park,1
Neoglyphidodon polyacanthus,-31.55,159.06,2022,3,18,7.5,20,-32_159,21.215414365132652,23.80377960205078,21.07836398403277,23.532257449242376,2004,Lord Howe Island Marine Park,1
Neoglyphidodon polyacanthus,-31.55,159.06,2022,3,18,10,20,-32_159,21.215414365132652,23.80377960205078,21.07836398403277,23.532257449242376,2004,Lord Howe Island Marine Park,1
Neoglyphidodon polyacanthus,-31.55,159.06,2022,3,18,12.5,20,-32_159,21.215414365132652,23.80377960205078,21.07836398403277,23.532257449242376,2004,Lord Howe Island Marine Park,1
Neoglyphidodon polyacanthus,-31.55,159.06,2022,3,19,10,6,-32_159,21.215414365132652,23.80377960205078,21.07836398403277,23.532257449242376,2004,Lord Howe Island Marine Park,1
Neoglyphidodon polyacanthus,-31.55,159.06,2022,3,19,12.5,6,-32_159,21.215414365132652,23.80377960205078,21.07836398403277,23.532257449242376,2004,Lord Howe Island Marine Park,1
Neoglyphidodon polyacanthus,-31.52,159.07,2022,3,13,12.5,6,-32_159,21.215414365132652,23.80377960205078,21.07836398403277,23.532257449242376,2004,Lord Howe Island Marine Park,1
Neoglyphidodon polyacanthus,-31.52,159.07,2022,3,13,15,6,-32_159,21.215414365132652,23.80377960205078,21.07836398403277,23.532257449242376,2004,Lord Howe Island Marine Park,1
Neoglyphidodon polyacanthus,-31.52,159.07,2022,3,13,12.5,5,-32_159,21.215414365132652,23.80377960205078,21.07836398403277,23.532257449242376,2004,Lord Howe Island Marine Park,1
Neoglyphidodon polyacanthus,-31.52,159.07,2022,3,13,15,5,-32_159,21.215414365132652,23.80377960205078,21.07836398403277,23.532257449242376,2004,Lord Howe Island Marine Park,1
Neoglyphidodon polyacanthus,-31.5,159.07,2022,3,16,5,1,-32_159,21.215414365132652,23.80377960205078,21.07836398403277,23.532257449242376,NA,NA,0
Neoglyphidodon polyacanthus,-31.5,159.07,2022,3,16,7.5,2,-32_159,21.215414365132652,23.80377960205078,21.07836398403277,23.532257449242376,NA,NA,0
Neoglyphidodon polyacanthus,-31.5,159.07,2022,3,16,10,1,-32_159,21.215414365132652,23.80377960205078,21.07836398403277,23.532257449242376,NA,NA,0
Neoglyphidodon polyacanthus,-31.51,159.06,2022,3,15,5,3,-32_159,21.215414365132652,23.80377960205078,21.07836398403277,23.532257449242376,2004,Lord Howe Island Marine Park,1
Neoglyphidodon polyacanthus,-31.51,159.06,2022,3,15,7.5,3,-32_159,21.215414365132652,23.80377960205078,21.07836398403277,23.532257449242376,2004,Lord Howe Island Marine Park,1
Neoglyphidodon polyacanthus,-31.51,159.06,2022,3,15,10,5,-32_159,21.215414365132652,23.80377960205078,21.07836398403277,23.532257449242376,2004,Lord Howe Island Marine Park,1
Neoglyphidodon polyacanthus,-31.51,159.06,2022,3,15,12.5,3,-32_159,21.215414365132652,23.80377960205078,21.07836398403277,23.532257449242376,2004,Lord Howe Island Marine Park,1
Neoglyphidodon polyacanthus,-31.52,159.04,2022,3,24,5,13,-32_159,21.215414365132652,23.80377960205078,21.07836398403277,23.532257449242376,2004,Lord Howe Island Marine Park,1
Neoglyphidodon polyacanthus,-31.52,159.04,2022,3,24,7.5,3,-32_159,21.215414365132652,23.80377960205078,21.07836398403277,23.532257449242376,2004,Lord Howe Island Marine Park,1
Neoglyphidodon polyacanthus,-31.52,159.04,2022,3,24,5,10,-32_159,21.215414365132652,23.80377960205078,21.07836398403277,23.532257449242376,2004,Lord Howe Island Marine Park,1
Neoglyphidodon polyacanthus,-31.52,159.04,2022,3,24,7.5,1,-32_159,21.215414365132652,23.80377960205078,21.07836398403277,23.532257449242376,2004,Lord Howe Island Marine Park,1
Neoglyphidodon polyacanthus,-31.54,159.05,2022,3,17,7.5,1,-32_159,21.215414365132652,23.80377960205078,21.07836398403277,23.532257449242376,2004,Lord Howe Island Marine Park,1
Neoglyphidodon polyacanthus,-31.54,159.05,2022,3,17,10,3,-32_159,21.215414365132652,23.80377960205078,21.07836398403277,23.532257449242376,2004,Lord Howe Island Marine Park,1
Neoglyphidodon polyacanthus,-31.54,159.05,2022,3,17,12.5,5,-32_159,21.215414365132652,23.80377960205078,21.07836398403277,23.532257449242376,2004,Lord Howe Island Marine Park,1
Neoglyphidodon polyacanthus,-31.54,159.05,2022,3,17,15,5,-32_159,21.215414365132652,23.80377960205078,21.07836398403277,23.532257449242376,2004,Lord Howe Island Marine Park,1
Neoglyphidodon polyacanthus,-31.54,159.05,2022,3,17,10,4,-32_159,21.215414365132652,23.80377960205078,21.07836398403277,23.532257449242376,2004,Lord Howe Island Marine Park,1
Neoglyphidodon polyacanthus,-31.54,159.05,2022,3,17,15,1,-32_159,21.215414365132652,23.80377960205078,21.07836398403277,23.532257449242376,2004,Lord Howe Island Marine Park,1
Neoglyphidodon polyacanthus,-31.53,159.05,2022,5,5,7.5,3,-32_159,21.215414365132652,21.956493377685547,21.07836398403277,21.707257547686176,NA,NA,0
Neoglyphidodon polyacanthus,-31.53,159.05,2022,5,5,10,2,-32_159,21.215414365132652,21.956493377685547,21.07836398403277,21.707257547686176,NA,NA,0
Neoglyphidodon polyacanthus,-31.53,159.05,2022,5,5,5,4,-32_159,21.215414365132652,21.956493377685547,21.07836398403277,21.707257547686176,NA,NA,0
Neoglyphidodon polyacanthus,-31.53,159.05,2022,5,5,7.5,5,-32_159,21.215414365132652,21.956493377685547,21.07836398403277,21.707257547686176,NA,NA,0
Neoglyphidodon polyacanthus,-31.53,159.05,2022,5,5,10,2,-32_159,21.215414365132652,21.956493377685547,21.07836398403277,21.707257547686176,NA,NA,0
Neoglyphidodon polyacanthus,-31.53,159.05,2022,5,5,2.5,4,-32_159,21.215414365132652,21.956493377685547,21.07836398403277,21.707257547686176,NA,NA,0
Neoglyphidodon polyacanthus,-31.53,159.05,2022,5,5,5,20,-32_159,21.215414365132652,21.956493377685547,21.07836398403277,21.707257547686176,NA,NA,0
Neoglyphidodon polyacanthus,-31.53,159.05,2022,5,5,7.5,50,-32_159,21.215414365132652,21.956493377685547,21.07836398403277,21.707257547686176,NA,NA,0
Neoglyphidodon polyacanthus,-31.53,159.05,2022,5,5,10,40,-32_159,21.215414365132652,21.956493377685547,21.07836398403277,21.707257547686176,NA,NA,0
Neoglyphidodon polyacanthus,-31.53,159.05,2022,5,5,12.5,20,-32_159,21.215414365132652,21.956493377685547,21.07836398403277,21.707257547686176,NA,NA,0
Neoglyphidodon polyacanthus,-31.53,159.05,2022,5,5,2.5,2,-32_159,21.215414365132652,21.956493377685547,21.07836398403277,21.707257547686176,NA,NA,0
Neoglyphidodon polyacanthus,-31.53,159.05,2022,5,5,5,34,-32_159,21.215414365132652,21.956493377685547,21.07836398403277,21.707257547686176,NA,NA,0
Neoglyphidodon polyacanthus,-31.53,159.05,2022,5,5,7.5,60,-32_159,21.215414365132652,21.956493377685547,21.07836398403277,21.707257547686176,NA,NA,0
Neoglyphidodon polyacanthus,-31.53,159.05,2022,5,5,10,21,-32_159,21.215414365132652,21.956493377685547,21.07836398403277,21.707257547686176,NA,NA,0
Neoglyphidodon polyacanthus,-31.53,159.05,2022,5,5,5,5,-32_159,21.215414365132652,21.956493377685547,21.07836398403277,21.707257547686176,NA,NA,0
Neoglyphidodon polyacanthus,-31.53,159.05,2022,5,5,7.5,5,-32_159,21.215414365132652,21.956493377685547,21.07836398403277,21.707257547686176,NA,NA,0
Neoglyphidodon polyacanthus,-31.53,159.05,2022,5,5,10,10,-32_159,21.215414365132652,21.956493377685547,21.07836398403277,21.707257547686176,NA,NA,0
Neoglyphidodon polyacanthus,-31.53,159.05,2022,5,5,12.5,15,-32_159,21.215414365132652,21.956493377685547,21.07836398403277,21.707257547686176,NA,NA,0
Neoglyphidodon polyacanthus,-31.53,159.05,2022,5,5,5,1,-32_159,21.215414365132652,21.956493377685547,21.07836398403277,21.707257547686176,NA,NA,0
Neoglyphidodon polyacanthus,-31.53,159.05,2022,5,5,7.5,10,-32_159,21.215414365132652,21.956493377685547,21.07836398403277,21.707257547686176,NA,NA,0
Neoglyphidodon polyacanthus,-31.53,159.05,2022,5,5,10,25,-32_159,21.215414365132652,21.956493377685547,21.07836398403277,21.707257547686176,NA,NA,0
Neoglyphidodon polyacanthus,-31.53,159.05,2022,5,5,5,5,-32_159,21.215414365132652,21.956493377685547,21.07836398403277,21.707257547686176,NA,NA,0
Neoglyphidodon polyacanthus,-31.53,159.05,2022,5,5,7.5,2,-32_159,21.215414365132652,21.956493377685547,21.07836398403277,21.707257547686176,NA,NA,0
Neoglyphidodon polyacanthus,-31.52,159.05,2024,3,17,7.5,11,-32_159,22.001205444335938,24.75673484802246,22.556345841528355,25.54290263883529,2004,Lord Howe Island Marine Park,1
Neoglyphidodon polyacanthus,-31.52,159.05,2024,3,17,10,17,-32_159,22.001205444335938,24.75673484802246,22.556345841528355,25.54290263883529,2004,Lord Howe Island Marine Park,1
Neoglyphidodon polyacanthus,-31.57,159.1,2024,3,25,12.5,1,-32_159,22.001205444335938,24.75673484802246,22.556345841528355,25.54290263883529,2004,Lord Howe Island Marine Park,1
Neoglyphidodon polyacanthus,-31.51,159.06,2024,3,21,5,2,-32_159,22.001205444335938,24.75673484802246,22.556345841528355,25.54290263883529,2004,Lord Howe Island Marine Park,1
Neoglyphidodon polyacanthus,-31.51,159.06,2024,3,21,7.5,7,-32_159,22.001205444335938,24.75673484802246,22.556345841528355,25.54290263883529,2004,Lord Howe Island Marine Park,1
Neoglyphidodon polyacanthus,-31.51,159.06,2024,3,21,10,3,-32_159,22.001205444335938,24.75673484802246,22.556345841528355,25.54290263883529,2004,Lord Howe Island Marine Park,1
Neoglyphidodon polyacanthus,-31.51,159.06,2024,3,21,12.5,3,-32_159,22.001205444335938,24.75673484802246,22.556345841528355,25.54290263883529,2004,Lord Howe Island Marine Park,1
Neoglyphidodon polyacanthus,-31.51,159.06,2024,3,21,7.5,2,-32_159,22.001205444335938,24.75673484802246,22.556345841528355,25.54290263883529,2004,Lord Howe Island Marine Park,1
Neoglyphidodon polyacanthus,-31.54,159.07,2024,3,17,5,1,-32_159,22.001205444335938,24.75673484802246,22.556345841528355,25.54290263883529,2004,Lord Howe Island Marine Park,1
Neoglyphidodon polyacanthus,-31.54,159.07,2024,3,17,7.5,13,-32_159,22.001205444335938,24.75673484802246,22.556345841528355,25.54290263883529,2004,Lord Howe Island Marine Park,1
Neoglyphidodon polyacanthus,-31.54,159.07,2024,3,17,10,35,-32_159,22.001205444335938,24.75673484802246,22.556345841528355,25.54290263883529,2004,Lord Howe Island Marine Park,1
Neoglyphidodon polyacanthus,-31.54,159.07,2024,3,17,12.5,3,-32_159,22.001205444335938,24.75673484802246,22.556345841528355,25.54290263883529,2004,Lord Howe Island Marine Park,1
Neoglyphidodon polyacanthus,-31.52,159.05,2024,3,17,5,1,-32_159,22.001205444335938,24.75673484802246,22.556345841528355,25.54290263883529,2004,Lord Howe Island Marine Park,1
Neoglyphidodon polyacanthus,-31.52,159.05,2024,3,17,7.5,3,-32_159,22.001205444335938,24.75673484802246,22.556345841528355,25.54290263883529,2004,Lord Howe Island Marine Park,1
Neoglyphidodon polyacanthus,-31.52,159.05,2024,3,17,10,2,-32_159,22.001205444335938,24.75673484802246,22.556345841528355,25.54290263883529,2004,Lord Howe Island Marine Park,1
Neoglyphidodon polyacanthus,-31.52,159.08,2024,3,22,7.5,2,-32_159,22.001205444335938,24.75673484802246,22.556345841528355,25.54290263883529,NA,NA,0
Neoglyphidodon polyacanthus,-31.52,159.08,2024,3,22,10,2,-32_159,22.001205444335938,24.75673484802246,22.556345841528355,25.54290263883529,NA,NA,0
Neoglyphidodon polyacanthus,-31.52,159.08,2024,3,22,10,1,-32_159,22.001205444335938,24.75673484802246,22.556345841528355,25.54290263883529,NA,NA,0
Neoglyphidodon polyacanthus,-31.52,159.08,2024,3,22,12.5,6,-32_159,22.001205444335938,24.75673484802246,22.556345841528355,25.54290263883529,NA,NA,0
Neoglyphidodon polyacanthus,-31.52,159.05,2024,3,19,5,32,-32_159,22.001205444335938,24.75673484802246,22.556345841528355,25.54290263883529,2004,Lord Howe Island Marine Park,1
Neoglyphidodon polyacanthus,-31.52,159.05,2024,3,19,7.5,35,-32_159,22.001205444335938,24.75673484802246,22.556345841528355,25.54290263883529,2004,Lord Howe Island Marine Park,1
Neoglyphidodon polyacanthus,-31.52,159.05,2024,3,19,10,37,-32_159,22.001205444335938,24.75673484802246,22.556345841528355,25.54290263883529,2004,Lord Howe Island Marine Park,1
Neoglyphidodon polyacanthus,-31.52,159.05,2024,3,19,5,21,-32_159,22.001205444335938,24.75673484802246,22.556345841528355,25.54290263883529,2004,Lord Howe Island Marine Park,1
Neoglyphidodon polyacanthus,-31.52,159.05,2024,3,19,7.5,40,-32_159,22.001205444335938,24.75673484802246,22.556345841528355,25.54290263883529,2004,Lord Howe Island Marine Park,1
Neoglyphidodon polyacanthus,-31.52,159.05,2024,3,19,7.5,10,-32_159,22.001205444335938,24.75673484802246,22.556345841528355,25.54290263883529,2004,Lord Howe Island Marine Park,1
Neoglyphidodon polyacanthus,-31.52,159.05,2024,3,19,10,15,-32_159,22.001205444335938,24.75673484802246,22.556345841528355,25.54290263883529,2004,Lord Howe Island Marine Park,1
Neoglyphidodon polyacanthus,-31.52,159.05,2024,3,19,12.5,15,-32_159,22.001205444335938,24.75673484802246,22.556345841528355,25.54290263883529,2004,Lord Howe Island Marine Park,1
Neoglyphidodon polyacanthus,-31.52,159.05,2024,3,19,7.5,20,-32_159,22.001205444335938,24.75673484802246,22.556345841528355,25.54290263883529,2004,Lord Howe Island Marine Park,1
Neoglyphidodon polyacanthus,-31.52,159.05,2024,3,19,10,30,-32_159,22.001205444335938,24.75673484802246,22.556345841528355,25.54290263883529,2004,Lord Howe Island Marine Park,1
Neoglyphidodon polyacanthus,-31.52,159.05,2024,3,19,12.5,30,-32_159,22.001205444335938,24.75673484802246,22.556345841528355,25.54290263883529,2004,Lord Howe Island Marine Park,1
Neoglyphidodon polyacanthus,-31.54,159.07,2024,3,17,5,3,-32_159,22.001205444335938,24.75673484802246,22.556345841528355,25.54290263883529,2004,Lord Howe Island Marine Park,1
Neoglyphidodon polyacanthus,-31.54,159.07,2024,3,17,7.5,3,-32_159,22.001205444335938,24.75673484802246,22.556345841528355,25.54290263883529,2004,Lord Howe Island Marine Park,1
Neoglyphidodon polyacanthus,-31.54,159.07,2024,3,17,10,12,-32_159,22.001205444335938,24.75673484802246,22.556345841528355,25.54290263883529,2004,Lord Howe Island Marine Park,1
Neoglyphidodon polyacanthus,-31.54,159.07,2024,3,17,12.5,12,-32_159,22.001205444335938,24.75673484802246,22.556345841528355,25.54290263883529,2004,Lord Howe Island Marine Park,1
Neoglyphidodon polyacanthus,-31.56,159.1,2024,3,22,5,1,-32_159,22.001205444335938,24.75673484802246,22.556345841528355,25.54290263883529,NA,NA,0
Neoglyphidodon polyacanthus,-31.56,159.1,2024,3,22,10,3,-32_159,22.001205444335938,24.75673484802246,22.556345841528355,25.54290263883529,NA,NA,0
Neoglyphidodon polyacanthus,-31.56,159.1,2024,3,22,12.5,2,-32_159,22.001205444335938,24.75673484802246,22.556345841528355,25.54290263883529,NA,NA,0
Neoglyphidodon polyacanthus,-31.55,159.06,2024,3,19,10,8,-32_159,22.001205444335938,24.75673484802246,22.556345841528355,25.54290263883529,2004,Lord Howe Island Marine Park,1
Neoglyphidodon polyacanthus,-31.55,159.06,2024,3,19,12.5,7,-32_159,22.001205444335938,24.75673484802246,22.556345841528355,25.54290263883529,2004,Lord Howe Island Marine Park,1
Neoglyphidodon polyacanthus,-31.55,159.06,2024,3,19,5,20,-32_159,22.001205444335938,24.75673484802246,22.556345841528355,25.54290263883529,2004,Lord Howe Island Marine Park,1
Neoglyphidodon polyacanthus,-31.55,159.06,2024,3,19,7.5,22,-32_159,22.001205444335938,24.75673484802246,22.556345841528355,25.54290263883529,2004,Lord Howe Island Marine Park,1
Neoglyphidodon polyacanthus,-31.52,159.05,2024,3,19,7.5,5,-32_159,22.001205444335938,24.75673484802246,22.556345841528355,25.54290263883529,2004,Lord Howe Island Marine Park,1
Neoglyphidodon polyacanthus,-31.52,159.05,2024,3,19,10,40,-32_159,22.001205444335938,24.75673484802246,22.556345841528355,25.54290263883529,2004,Lord Howe Island Marine Park,1
Neoglyphidodon polyacanthus,-31.55,159.06,2024,3,19,5,4,-32_159,22.001205444335938,24.75673484802246,22.556345841528355,25.54290263883529,2004,Lord Howe Island Marine Park,1
Neoglyphidodon polyacanthus,-31.55,159.06,2024,3,19,7.5,14,-32_159,22.001205444335938,24.75673484802246,22.556345841528355,25.54290263883529,2004,Lord Howe Island Marine Park,1
Neoglyphidodon polyacanthus,-31.55,159.06,2024,3,19,10,10,-32_159,22.001205444335938,24.75673484802246,22.556345841528355,25.54290263883529,2004,Lord Howe Island Marine Park,1
Neoglyphidodon polyacanthus,-31.55,159.06,2024,3,19,12.5,4,-32_159,22.001205444335938,24.75673484802246,22.556345841528355,25.54290263883529,2004,Lord Howe Island Marine Park,1
Neoglyphidodon polyacanthus,-31.55,159.06,2024,3,19,5,2,-32_159,22.001205444335938,24.75673484802246,22.556345841528355,25.54290263883529,2004,Lord Howe Island Marine Park,1
Neoglyphidodon polyacanthus,-31.55,159.06,2024,3,19,7.5,7,-32_159,22.001205444335938,24.75673484802246,22.556345841528355,25.54290263883529,2004,Lord Howe Island Marine Park,1
Neoglyphidodon polyacanthus,-31.55,159.06,2024,3,19,10,2,-32_159,22.001205444335938,24.75673484802246,22.556345841528355,25.54290263883529,2004,Lord Howe Island Marine Park,1
Neoglyphidodon polyacanthus,-31.55,159.06,2024,3,19,12.5,3,-32_159,22.001205444335938,24.75673484802246,22.556345841528355,25.54290263883529,2004,Lord Howe Island Marine Park,1
Neoglyphidodon polyacanthus,-31.51,159.07,2024,3,26,5,1,-32_159,22.001205444335938,24.75673484802246,22.556345841528355,25.54290263883529,2004,Lord Howe Island Marine Park,1
Neoglyphidodon polyacanthus,-31.51,159.07,2024,3,26,7.5,1,-32_159,22.001205444335938,24.75673484802246,22.556345841528355,25.54290263883529,2004,Lord Howe Island Marine Park,1
Neoglyphidodon polyacanthus,-31.51,159.07,2024,3,26,10,5,-32_159,22.001205444335938,24.75673484802246,22.556345841528355,25.54290263883529,2004,Lord Howe Island Marine Park,1
Neoglyphidodon polyacanthus,-31.51,159.07,2024,3,26,10,2,-32_159,22.001205444335938,24.75673484802246,22.556345841528355,25.54290263883529,2004,Lord Howe Island Marine Park,1
Neoglyphidodon polyacanthus,-31.51,159.07,2024,3,26,12.5,3,-32_159,22.001205444335938,24.75673484802246,22.556345841528355,25.54290263883529,2004,Lord Howe Island Marine Park,1
Neoglyphidodon polyacanthus,-31.55,159.06,2024,3,20,5,15,-32_159,22.001205444335938,24.75673484802246,22.556345841528355,25.54290263883529,2004,Lord Howe Island Marine Park,1
Neoglyphidodon polyacanthus,-31.55,159.06,2024,3,20,7.5,25,-32_159,22.001205444335938,24.75673484802246,22.556345841528355,25.54290263883529,2004,Lord Howe Island Marine Park,1
Neoglyphidodon polyacanthus,-31.55,159.06,2024,3,20,10,35,-32_159,22.001205444335938,24.75673484802246,22.556345841528355,25.54290263883529,2004,Lord Howe Island Marine Park,1
Neoglyphidodon polyacanthus,-31.55,159.06,2024,3,20,12.5,3,-32_159,22.001205444335938,24.75673484802246,22.556345841528355,25.54290263883529,2004,Lord Howe Island Marine Park,1
Neoglyphidodon polyacanthus,-31.55,159.06,2024,3,20,5,2,-32_159,22.001205444335938,24.75673484802246,22.556345841528355,25.54290263883529,2004,Lord Howe Island Marine Park,1
Neoglyphidodon polyacanthus,-31.55,159.06,2024,3,20,7.5,12,-32_159,22.001205444335938,24.75673484802246,22.556345841528355,25.54290263883529,2004,Lord Howe Island Marine Park,1
Neoglyphidodon polyacanthus,-31.55,159.06,2024,3,20,10,14,-32_159,22.001205444335938,24.75673484802246,22.556345841528355,25.54290263883529,2004,Lord Howe Island Marine Park,1
Neoglyphidodon polyacanthus,-31.56,159.07,2024,3,25,7.5,1,-32_159,22.001205444335938,24.75673484802246,22.556345841528355,25.54290263883529,NA,NA,0
Neoglyphidodon polyacanthus,-31.56,159.07,2024,3,25,10,8,-32_159,22.001205444335938,24.75673484802246,22.556345841528355,25.54290263883529,NA,NA,0
Neoglyphidodon polyacanthus,-31.56,159.07,2024,3,25,12.5,8,-32_159,22.001205444335938,24.75673484802246,22.556345841528355,25.54290263883529,NA,NA,0
Neoglyphidodon polyacanthus,-31.56,159.07,2024,3,25,7.5,4,-32_159,22.001205444335938,24.75673484802246,22.556345841528355,25.54290263883529,NA,NA,0
Neoglyphidodon polyacanthus,-31.56,159.07,2024,3,25,10,6,-32_159,22.001205444335938,24.75673484802246,22.556345841528355,25.54290263883529,NA,NA,0
Neoglyphidodon polyacanthus,-31.56,159.07,2024,3,25,12.5,2,-32_159,22.001205444335938,24.75673484802246,22.556345841528355,25.54290263883529,NA,NA,0
Neoglyphidodon polyacanthus,-31.54,159.06,2024,3,17,5,1,-32_159,22.001205444335938,24.75673484802246,22.556345841528355,25.54290263883529,2004,Lord Howe Island Marine Park,1
Neoglyphidodon polyacanthus,-31.54,159.06,2024,3,17,7.5,22,-32_159,22.001205444335938,24.75673484802246,22.556345841528355,25.54290263883529,2004,Lord Howe Island Marine Park,1
Neoglyphidodon polyacanthus,-31.54,159.06,2024,3,17,10,22,-32_159,22.001205444335938,24.75673484802246,22.556345841528355,25.54290263883529,2004,Lord Howe Island Marine Park,1
Neoglyphidodon polyacanthus,-31.54,159.06,2024,3,17,12.5,10,-32_159,22.001205444335938,24.75673484802246,22.556345841528355,25.54290263883529,2004,Lord Howe Island Marine Park,1
Neoglyphidodon polyacanthus,-31.54,159.06,2024,3,17,5,25,-32_159,22.001205444335938,24.75673484802246,22.556345841528355,25.54290263883529,2004,Lord Howe Island Marine Park,1
Neoglyphidodon polyacanthus,-31.54,159.06,2024,3,17,7.5,50,-32_159,22.001205444335938,24.75673484802246,22.556345841528355,25.54290263883529,2004,Lord Howe Island Marine Park,1
Neoglyphidodon polyacanthus,-31.54,159.06,2024,3,17,10,50,-32_159,22.001205444335938,24.75673484802246,22.556345841528355,25.54290263883529,2004,Lord Howe Island Marine Park,1
Neoglyphidodon polyacanthus,-31.54,159.06,2024,3,17,12.5,50,-32_159,22.001205444335938,24.75673484802246,22.556345841528355,25.54290263883529,2004,Lord Howe Island Marine Park,1
Neoglyphidodon polyacanthus,-31.56,159.07,2024,3,25,7.5,6,-32_159,22.001205444335938,24.75673484802246,22.556345841528355,25.54290263883529,NA,NA,0
Neoglyphidodon polyacanthus,-31.56,159.07,2024,3,25,10,2,-32_159,22.001205444335938,24.75673484802246,22.556345841528355,25.54290263883529,NA,NA,0
Neoglyphidodon polyacanthus,-31.56,159.07,2024,3,25,7.5,3,-32_159,22.001205444335938,24.75673484802246,22.556345841528355,25.54290263883529,NA,NA,0
Neoglyphidodon polyacanthus,-31.58,159.07,2024,3,19,7.5,4,-32_159,22.001205444335938,24.75673484802246,22.556345841528355,25.54290263883529,NA,NA,0
Neoglyphidodon polyacanthus,-31.58,159.07,2024,3,19,10,2,-32_159,22.001205444335938,24.75673484802246,22.556345841528355,25.54290263883529,NA,NA,0
Neoglyphidodon polyacanthus,-31.58,159.07,2024,3,19,12.5,2,-32_159,22.001205444335938,24.75673484802246,22.556345841528355,25.54290263883529,NA,NA,0
Neoglyphidodon polyacanthus,-31.58,159.07,2024,3,19,5,4,-32_159,22.001205444335938,24.75673484802246,22.556345841528355,25.54290263883529,NA,NA,0
Neoglyphidodon polyacanthus,-31.58,159.07,2024,3,19,7.5,3,-32_159,22.001205444335938,24.75673484802246,22.556345841528355,25.54290263883529,NA,NA,0
Neoglyphidodon polyacanthus,-31.58,159.07,2024,3,19,10,1,-32_159,22.001205444335938,24.75673484802246,22.556345841528355,25.54290263883529,NA,NA,0
Neoglyphidodon polyacanthus,-31.5,159.07,2024,3,26,7.5,1,-32_159,22.001205444335938,24.75673484802246,22.556345841528355,25.54290263883529,2004,Lord Howe Island Marine Park,1
Neoglyphidodon polyacanthus,-31.53,159.05,2024,3,20,7.5,5,-32_159,22.001205444335938,24.75673484802246,22.556345841528355,25.54290263883529,NA,NA,0
Neoglyphidodon polyacanthus,-31.53,159.05,2024,3,20,10,5,-32_159,22.001205444335938,24.75673484802246,22.556345841528355,25.54290263883529,NA,NA,0
Neoglyphidodon polyacanthus,-31.53,159.05,2024,3,20,12.5,2,-32_159,22.001205444335938,24.75673484802246,22.556345841528355,25.54290263883529,NA,NA,0
Neoglyphidodon polyacanthus,-31.53,159.05,2024,3,20,7.5,1,-32_159,22.001205444335938,24.75673484802246,22.556345841528355,25.54290263883529,NA,NA,0
Neoglyphidodon polyacanthus,-31.53,159.05,2024,3,20,10,2,-32_159,22.001205444335938,24.75673484802246,22.556345841528355,25.54290263883529,NA,NA,0
Neoglyphidodon polyacanthus,-31.53,159.06,2024,3,17,5,10,-32_159,22.001205444335938,24.75673484802246,22.556345841528355,25.54290263883529,NA,NA,0
Neoglyphidodon polyacanthus,-31.53,159.06,2024,3,17,7.5,14,-32_159,22.001205444335938,24.75673484802246,22.556345841528355,25.54290263883529,NA,NA,0
Neoglyphidodon polyacanthus,-31.53,159.06,2024,3,17,10,9,-32_159,22.001205444335938,24.75673484802246,22.556345841528355,25.54290263883529,NA,NA,0
Neoglyphidodon polyacanthus,-31.53,159.06,2024,3,17,12.5,1,-32_159,22.001205444335938,24.75673484802246,22.556345841528355,25.54290263883529,NA,NA,0
Neoglyphidodon polyacanthus,-31.53,159.06,2024,3,17,5,6,-32_159,22.001205444335938,24.75673484802246,22.556345841528355,25.54290263883529,NA,NA,0
Neoglyphidodon polyacanthus,-31.54,159.07,2024,3,17,5,13,-32_159,22.001205444335938,24.75673484802246,22.556345841528355,25.54290263883529,2004,Lord Howe Island Marine Park,1
Neoglyphidodon polyacanthus,-31.54,159.07,2024,3,17,7.5,35,-32_159,22.001205444335938,24.75673484802246,22.556345841528355,25.54290263883529,2004,Lord Howe Island Marine Park,1
Neoglyphidodon polyacanthus,-31.54,159.07,2024,3,17,10,2,-32_159,22.001205444335938,24.75673484802246,22.556345841528355,25.54290263883529,2004,Lord Howe Island Marine Park,1
Neoglyphidodon polyacanthus,-31.54,159.07,2024,3,17,7.5,6,-32_159,22.001205444335938,24.75673484802246,22.556345841528355,25.54290263883529,2004,Lord Howe Island Marine Park,1
Neoglyphidodon polyacanthus,-31.54,159.07,2024,3,17,10,5,-32_159,22.001205444335938,24.75673484802246,22.556345841528355,25.54290263883529,2004,Lord Howe Island Marine Park,1
Neoglyphidodon polyacanthus,-31.54,159.07,2024,3,17,12.5,4,-32_159,22.001205444335938,24.75673484802246,22.556345841528355,25.54290263883529,2004,Lord Howe Island Marine Park,1
Neoglyphidodon polyacanthus,-31.52,159.07,2024,3,23,7.5,1,-32_159,22.001205444335938,24.75673484802246,22.556345841528355,25.54290263883529,2004,Lord Howe Island Marine Park,1
Neoglyphidodon polyacanthus,-31.52,159.07,2024,3,23,10,3,-32_159,22.001205444335938,24.75673484802246,22.556345841528355,25.54290263883529,2004,Lord Howe Island Marine Park,1
Neoglyphidodon polyacanthus,-31.52,159.07,2024,3,23,12.5,1,-32_159,22.001205444335938,24.75673484802246,22.556345841528355,25.54290263883529,2004,Lord Howe Island Marine Park,1
Neoglyphidodon polyacanthus,-31.56,159.07,2024,3,25,10,5,-32_159,22.001205444335938,24.75673484802246,22.556345841528355,25.54290263883529,NA,NA,0
Neoglyphidodon polyacanthus,-31.56,159.07,2024,3,25,10,2,-32_159,22.001205444335938,24.75673484802246,22.556345841528355,25.54290263883529,NA,NA,0
Neoglyphidodon polyacanthus,-31.56,159.07,2024,3,25,12.5,7,-32_159,22.001205444335938,24.75673484802246,22.556345841528355,25.54290263883529,NA,NA,0
Neoglyphidodon polyacanthus,-31.58,159.07,2024,3,19,5,10,-32_159,22.001205444335938,24.75673484802246,22.556345841528355,25.54290263883529,NA,NA,0
Neoglyphidodon polyacanthus,-31.58,159.07,2024,3,19,7.5,10,-32_159,22.001205444335938,24.75673484802246,22.556345841528355,25.54290263883529,NA,NA,0
Neoglyphidodon polyacanthus,-31.58,159.07,2024,3,19,5,5,-32_159,22.001205444335938,24.75673484802246,22.556345841528355,25.54290263883529,NA,NA,0
Neoglyphidodon polyacanthus,-31.58,159.07,2024,3,19,7.5,5,-32_159,22.001205444335938,24.75673484802246,22.556345841528355,25.54290263883529,NA,NA,0
Neoglyphidodon polyacanthus,-31.55,159.07,2024,3,18,5,1,-32_159,22.001205444335938,24.75673484802246,22.556345841528355,25.54290263883529,NA,NA,0
Neoglyphidodon polyacanthus,-31.55,159.07,2024,3,18,7.5,3,-32_159,22.001205444335938,24.75673484802246,22.556345841528355,25.54290263883529,NA,NA,0
Neoglyphidodon polyacanthus,-31.55,159.07,2024,3,18,10,2,-32_159,22.001205444335938,24.75673484802246,22.556345841528355,25.54290263883529,NA,NA,0
Neoglyphidodon polyacanthus,-31.55,159.07,2024,3,18,10,4,-32_159,22.001205444335938,24.75673484802246,22.556345841528355,25.54290263883529,NA,NA,0
Neoglyphidodon polyacanthus,-31.55,159.07,2024,3,18,5,2,-32_159,22.001205444335938,24.75673484802246,22.556345841528355,25.54290263883529,NA,NA,0
Neoglyphidodon polyacanthus,-31.55,159.07,2024,3,18,10,10,-32_159,22.001205444335938,24.75673484802246,22.556345841528355,25.54290263883529,NA,NA,0
Neoglyphidodon polyacanthus,-31.55,159.07,2024,3,18,12.5,5,-32_159,22.001205444335938,24.75673484802246,22.556345841528355,25.54290263883529,NA,NA,0
Neoglyphidodon polyacanthus,-31.53,159.05,2024,3,20,10,15,-32_159,22.001205444335938,24.75673484802246,22.556345841528355,25.54290263883529,NA,NA,0
Neoglyphidodon polyacanthus,-31.52,159.05,2024,3,19,5,2,-32_159,22.001205444335938,24.75673484802246,22.556345841528355,25.54290263883529,2004,Lord Howe Island Marine Park,1
Neoglyphidodon polyacanthus,-31.52,159.05,2024,3,19,7.5,25,-32_159,22.001205444335938,24.75673484802246,22.556345841528355,25.54290263883529,2004,Lord Howe Island Marine Park,1
Neoglyphidodon polyacanthus,-31.52,159.05,2024,3,19,10,3,-32_159,22.001205444335938,24.75673484802246,22.556345841528355,25.54290263883529,2004,Lord Howe Island Marine Park,1
Neoglyphidodon polyacanthus,-31.52,159.05,2024,3,19,12.5,1,-32_159,22.001205444335938,24.75673484802246,22.556345841528355,25.54290263883529,2004,Lord Howe Island Marine Park,1
Neoglyphidodon polyacanthus,-31.52,159.05,2024,3,19,5,24,-32_159,22.001205444335938,24.75673484802246,22.556345841528355,25.54290263883529,2004,Lord Howe Island Marine Park,1
Neoglyphidodon polyacanthus,-31.52,159.05,2024,3,19,7.5,16,-32_159,22.001205444335938,24.75673484802246,22.556345841528355,25.54290263883529,2004,Lord Howe Island Marine Park,1
Neoglyphidodon polyacanthus,-31.52,159.04,2024,3,20,7.5,2,-32_159,22.001205444335938,24.75673484802246,22.556345841528355,25.54290263883529,NA,NA,0
Neoglyphidodon polyacanthus,-31.52,159.04,2024,3,20,10,4,-32_159,22.001205444335938,24.75673484802246,22.556345841528355,25.54290263883529,NA,NA,0
Neoglyphidodon polyacanthus,-31.52,159.04,2024,3,20,5,1,-32_159,22.001205444335938,24.75673484802246,22.556345841528355,25.54290263883529,NA,NA,0
Neoglyphidodon polyacanthus,-31.52,159.04,2024,3,20,10,2,-32_159,22.001205444335938,24.75673484802246,22.556345841528355,25.54290263883529,NA,NA,0
Neoglyphidodon polyacanthus,-31.56,159.07,2024,3,25,5,5,-32_159,22.001205444335938,24.75673484802246,22.556345841528355,25.54290263883529,NA,NA,0
Neoglyphidodon polyacanthus,-31.56,159.07,2024,3,25,7.5,10,-32_159,22.001205444335938,24.75673484802246,22.556345841528355,25.54290263883529,NA,NA,0
Neoglyphidodon polyacanthus,-31.56,159.07,2024,3,25,10,4,-32_159,22.001205444335938,24.75673484802246,22.556345841528355,25.54290263883529,NA,NA,0
Neoglyphidodon polyacanthus,-31.56,159.07,2024,3,25,5,8,-32_159,22.001205444335938,24.75673484802246,22.556345841528355,25.54290263883529,NA,NA,0
Neoglyphidodon polyacanthus,-31.56,159.07,2024,3,25,7.5,12,-32_159,22.001205444335938,24.75673484802246,22.556345841528355,25.54290263883529,NA,NA,0
Neoglyphidodon polyacanthus,-31.56,159.07,2024,3,25,10,7,-32_159,22.001205444335938,24.75673484802246,22.556345841528355,25.54290263883529,NA,NA,0
Neoglyphidodon polyacanthus,-31.56,159.07,2024,3,25,12.5,2,-32_159,22.001205444335938,24.75673484802246,22.556345841528355,25.54290263883529,NA,NA,0
Neoglyphidodon polyacanthus,-31.6,159.08,2024,3,25,7.5,1,-32_159,22.001205444335938,24.75673484802246,22.556345841528355,25.54290263883529,2004,Lord Howe Island Marine Park,1
Neoglyphidodon polyacanthus,-31.6,159.08,2024,3,25,10,3,-32_159,22.001205444335938,24.75673484802246,22.556345841528355,25.54290263883529,2004,Lord Howe Island Marine Park,1
Neoglyphidodon polyacanthus,-31.52,159.07,2024,3,23,10,9,-32_159,22.001205444335938,24.75673484802246,22.556345841528355,25.54290263883529,2004,Lord Howe Island Marine Park,1
Neoglyphidodon polyacanthus,-31.52,159.07,2024,3,23,5,1,-32_159,22.001205444335938,24.75673484802246,22.556345841528355,25.54290263883529,2004,Lord Howe Island Marine Park,1
Neoglyphidodon polyacanthus,-31.55,159.07,2024,3,18,7.5,3,-32_159,22.001205444335938,24.75673484802246,22.556345841528355,25.54290263883529,NA,NA,0
Neoglyphidodon polyacanthus,-31.55,159.07,2024,3,18,10,20,-32_159,22.001205444335938,24.75673484802246,22.556345841528355,25.54290263883529,NA,NA,0
Neoglyphidodon polyacanthus,-31.53,159.05,2024,3,20,5,4,-32_159,22.001205444335938,24.75673484802246,22.556345841528355,25.54290263883529,NA,NA,0
Neoglyphidodon polyacanthus,-31.53,159.05,2024,3,20,7.5,23,-32_159,22.001205444335938,24.75673484802246,22.556345841528355,25.54290263883529,NA,NA,0
Neoglyphidodon polyacanthus,-31.53,159.05,2024,3,20,5,25,-32_159,22.001205444335938,24.75673484802246,22.556345841528355,25.54290263883529,NA,NA,0
Neoglyphidodon polyacanthus,-31.53,159.05,2024,3,20,7.5,21,-32_159,22.001205444335938,24.75673484802246,22.556345841528355,25.54290263883529,NA,NA,0
Neoglyphidodon polyacanthus,-31.52,159.07,2024,3,23,10,2,-32_159,22.001205444335938,24.75673484802246,22.556345841528355,25.54290263883529,2004,Lord Howe Island Marine Park,1
Neoglyphidodon polyacanthus,-31.52,159.07,2024,3,23,12.5,3,-32_159,22.001205444335938,24.75673484802246,22.556345841528355,25.54290263883529,2004,Lord Howe Island Marine Park,1
Neoglyphidodon polyacanthus,-31.57,159.1,2024,3,25,5,2,-32_159,22.001205444335938,24.75673484802246,22.556345841528355,25.54290263883529,2004,Lord Howe Island Marine Park,1
Neoglyphidodon polyacanthus,-31.57,159.1,2024,3,25,7.5,14,-32_159,22.001205444335938,24.75673484802246,22.556345841528355,25.54290263883529,2004,Lord Howe Island Marine Park,1
Neoglyphidodon polyacanthus,-31.52,159.03,2024,3,28,5,5,-32_159,22.001205444335938,24.75673484802246,22.556345841528355,25.54290263883529,NA,NA,0
Neoglyphidodon polyacanthus,-31.56,159.1,2024,3,22,7.5,3,-32_159,22.001205444335938,24.75673484802246,22.556345841528355,25.54290263883529,NA,NA,0
Neoglyphidodon polyacanthus,-31.56,159.1,2024,3,22,10,3,-32_159,22.001205444335938,24.75673484802246,22.556345841528355,25.54290263883529,NA,NA,0
Neoglyphidodon polyacanthus,-31.56,159.1,2024,3,22,10,10,-32_159,22.001205444335938,24.75673484802246,22.556345841528355,25.54290263883529,NA,NA,0
Neoglyphidodon polyacanthus,-31.56,159.1,2024,3,22,12.5,5,-32_159,22.001205444335938,24.75673484802246,22.556345841528355,25.54290263883529,NA,NA,0
Neoglyphidodon polyacanthus,-31.5,159.06,2024,3,21,10,10,-32_159,22.001205444335938,24.75673484802246,22.556345841528355,25.54290263883529,2004,Lord Howe Island Marine Park,1
Neoglyphidodon polyacanthus,-31.55,159.06,2024,3,20,7.5,13,-32_159,22.001205444335938,24.75673484802246,22.556345841528355,25.54290263883529,2004,Lord Howe Island Marine Park,1
Neoglyphidodon polyacanthus,-31.55,159.06,2024,3,20,10,6,-32_159,22.001205444335938,24.75673484802246,22.556345841528355,25.54290263883529,2004,Lord Howe Island Marine Park,1
Neoglyphidodon polyacanthus,-31.55,159.06,2024,3,20,12.5,5,-32_159,22.001205444335938,24.75673484802246,22.556345841528355,25.54290263883529,2004,Lord Howe Island Marine Park,1
Neoglyphidodon polyacanthus,-31.55,159.06,2024,3,20,5,4,-32_159,22.001205444335938,24.75673484802246,22.556345841528355,25.54290263883529,2004,Lord Howe Island Marine Park,1
Neoglyphidodon polyacanthus,-31.55,159.06,2024,3,20,7.5,3,-32_159,22.001205444335938,24.75673484802246,22.556345841528355,25.54290263883529,2004,Lord Howe Island Marine Park,1
Neoglyphidodon polyacanthus,-31.55,159.06,2024,3,20,10,10,-32_159,22.001205444335938,24.75673484802246,22.556345841528355,25.54290263883529,2004,Lord Howe Island Marine Park,1
Neoglyphidodon polyacanthus,-31.55,159.06,2024,3,20,12.5,4,-32_159,22.001205444335938,24.75673484802246,22.556345841528355,25.54290263883529,2004,Lord Howe Island Marine Park,1
Neoglyphidodon polyacanthus,-31.55,159.06,2024,3,20,15,3,-32_159,22.001205444335938,24.75673484802246,22.556345841528355,25.54290263883529,2004,Lord Howe Island Marine Park,1
Neoglyphidodon polyacanthus,-31.55,159.07,2024,3,18,5,2,-32_159,22.001205444335938,24.75673484802246,22.556345841528355,25.54290263883529,NA,NA,0
Neoglyphidodon polyacanthus,-31.55,159.07,2024,3,18,7.5,4,-32_159,22.001205444335938,24.75673484802246,22.556345841528355,25.54290263883529,NA,NA,0
Neoglyphidodon polyacanthus,-31.55,159.07,2024,3,18,10,1,-32_159,22.001205444335938,24.75673484802246,22.556345841528355,25.54290263883529,NA,NA,0
Neoglyphidodon polyacanthus,-31.55,159.07,2024,3,18,12.5,5,-32_159,22.001205444335938,24.75673484802246,22.556345841528355,25.54290263883529,NA,NA,0
Neoglyphidodon polyacanthus,-31.55,159.07,2024,3,18,5,3,-32_159,22.001205444335938,24.75673484802246,22.556345841528355,25.54290263883529,NA,NA,0
Neoglyphidodon polyacanthus,-31.55,159.07,2024,3,18,7.5,5,-32_159,22.001205444335938,24.75673484802246,22.556345841528355,25.54290263883529,NA,NA,0
Neoglyphidodon polyacanthus,-31.51,159.07,2024,3,26,7.5,2,-32_159,22.001205444335938,24.75673484802246,22.556345841528355,25.54290263883529,2004,Lord Howe Island Marine Park,1
Neoglyphidodon polyacanthus,-31.51,159.07,2024,3,26,10,3,-32_159,22.001205444335938,24.75673484802246,22.556345841528355,25.54290263883529,2004,Lord Howe Island Marine Park,1
Neoglyphidodon polyacanthus,-31.51,159.07,2024,3,26,12.5,7,-32_159,22.001205444335938,24.75673484802246,22.556345841528355,25.54290263883529,2004,Lord Howe Island Marine Park,1
Neoglyphidodon polyacanthus,-31.55,159.07,2024,3,18,7.5,16,-32_159,22.001205444335938,24.75673484802246,22.556345841528355,25.54290263883529,NA,NA,0
Neoglyphidodon polyacanthus,-31.55,159.07,2024,3,18,10,16,-32_159,22.001205444335938,24.75673484802246,22.556345841528355,25.54290263883529,NA,NA,0
Neoglyphidodon polyacanthus,-31.55,159.07,2024,3,18,12.5,16,-32_159,22.001205444335938,24.75673484802246,22.556345841528355,25.54290263883529,NA,NA,0
Neoglyphidodon polyacanthus,-31.55,159.07,2024,3,18,7.5,10,-32_159,22.001205444335938,24.75673484802246,22.556345841528355,25.54290263883529,NA,NA,0
Neoglyphidodon polyacanthus,-31.55,159.07,2024,3,18,10,12,-32_159,22.001205444335938,24.75673484802246,22.556345841528355,25.54290263883529,NA,NA,0
Neoglyphidodon polyacanthus,-31.55,159.07,2024,3,18,12.5,12,-32_159,22.001205444335938,24.75673484802246,22.556345841528355,25.54290263883529,NA,NA,0
Neoglyphidodon polyacanthus,-31.58,159.07,2024,3,19,10,1,-32_159,22.001205444335938,24.75673484802246,22.556345841528355,25.54290263883529,NA,NA,0
Neoglyphidodon polyacanthus,-31.58,159.07,2024,3,19,12.5,4,-32_159,22.001205444335938,24.75673484802246,22.556345841528355,25.54290263883529,NA,NA,0
Neoglyphidodon polyacanthus,-31.53,159.05,2024,3,20,7.5,60,-32_159,22.001205444335938,24.75673484802246,22.556345841528355,25.54290263883529,NA,NA,0
Neoglyphidodon polyacanthus,-31.53,159.05,2024,3,20,10,6,-32_159,22.001205444335938,24.75673484802246,22.556345841528355,25.54290263883529,NA,NA,0
Neoglyphidodon polyacanthus,-31.5,159.07,2024,3,28,5,1,-32_159,22.001205444335938,24.75673484802246,22.556345841528355,25.54290263883529,NA,NA,0
Neoglyphidodon polyacanthus,-31.5,159.07,2024,3,28,7.5,3,-32_159,22.001205444335938,24.75673484802246,22.556345841528355,25.54290263883529,NA,NA,0
Neoglyphidodon polyacanthus,-31.5,159.07,2024,3,28,10,2,-32_159,22.001205444335938,24.75673484802246,22.556345841528355,25.54290263883529,NA,NA,0
Neoglyphidodon polyacanthus,-31.54,159.07,2024,3,17,7.5,12,-32_159,22.001205444335938,24.75673484802246,22.556345841528355,25.54290263883529,2004,Lord Howe Island Marine Park,1
Neoglyphidodon polyacanthus,-31.54,159.07,2024,3,17,10,14,-32_159,22.001205444335938,24.75673484802246,22.556345841528355,25.54290263883529,2004,Lord Howe Island Marine Park,1
Neoglyphidodon polyacanthus,-31.51,159.07,2024,3,26,7.5,5,-32_159,22.001205444335938,24.75673484802246,22.556345841528355,25.54290263883529,2004,Lord Howe Island Marine Park,1
Neoglyphidodon polyacanthus,-31.52,159.08,2024,3,22,7.5,5,-32_159,22.001205444335938,24.75673484802246,22.556345841528355,25.54290263883529,NA,NA,0
Neoglyphidodon polyacanthus,-31.52,159.08,2024,3,22,10,10,-32_159,22.001205444335938,24.75673484802246,22.556345841528355,25.54290263883529,NA,NA,0
Neoglyphidodon polyacanthus,-31.52,159.08,2024,3,22,12.5,6,-32_159,22.001205444335938,24.75673484802246,22.556345841528355,25.54290263883529,NA,NA,0
Neoglyphidodon polyacanthus,-31.52,159.08,2024,3,22,10,5,-32_159,22.001205444335938,24.75673484802246,22.556345841528355,25.54290263883529,NA,NA,0
Neoglyphidodon polyacanthus,-31.52,159.08,2024,3,22,12.5,10,-32_159,22.001205444335938,24.75673484802246,22.556345841528355,25.54290263883529,NA,NA,0
Neoglyphidodon polyacanthus,-31.53,159.05,2024,3,20,7.5,35,-32_159,22.001205444335938,24.75673484802246,22.556345841528355,25.54290263883529,NA,NA,0
Neoglyphidodon polyacanthus,-31.53,159.05,2024,3,20,10,70,-32_159,22.001205444335938,24.75673484802246,22.556345841528355,25.54290263883529,NA,NA,0
Neoglyphidodon polyacanthus,-31.53,159.05,2024,3,20,12.5,30,-32_159,22.001205444335938,24.75673484802246,22.556345841528355,25.54290263883529,NA,NA,0
Neoglyphidodon polyacanthus,-31.5,159.07,2024,3,26,5,3,-32_159,22.001205444335938,24.75673484802246,22.556345841528355,25.54290263883529,2004,Lord Howe Island Marine Park,1
Neoglyphidodon polyacanthus,-31.5,159.07,2024,3,26,7.5,10,-32_159,22.001205444335938,24.75673484802246,22.556345841528355,25.54290263883529,2004,Lord Howe Island Marine Park,1
Neoglyphidodon polyacanthus,-31.5,159.07,2024,3,26,10,2,-32_159,22.001205444335938,24.75673484802246,22.556345841528355,25.54290263883529,2004,Lord Howe Island Marine Park,1
Neoglyphidodon polyacanthus,-31.52,159.04,2024,3,20,7.5,1,-32_159,22.001205444335938,24.75673484802246,22.556345841528355,25.54290263883529,2004,Lord Howe Island Marine Park,1
Neoglyphidodon polyacanthus,-31.53,159.05,2024,3,20,7.5,2,-32_159,22.001205444335938,24.75673484802246,22.556345841528355,25.54290263883529,NA,NA,0
Neoglyphidodon polyacanthus,-31.53,159.05,2024,3,20,10,2,-32_159,22.001205444335938,24.75673484802246,22.556345841528355,25.54290263883529,NA,NA,0
Neoglyphidodon polyacanthus,-31.55,159.06,2024,3,19,5,20,-32_159,22.001205444335938,24.75673484802246,22.556345841528355,25.54290263883529,2004,Lord Howe Island Marine Park,1
Neoglyphidodon polyacanthus,-31.55,159.06,2024,3,19,7.5,30,-32_159,22.001205444335938,24.75673484802246,22.556345841528355,25.54290263883529,2004,Lord Howe Island Marine Park,1
Neoglyphidodon polyacanthus,-31.55,159.06,2024,3,19,10,30,-32_159,22.001205444335938,24.75673484802246,22.556345841528355,25.54290263883529,2004,Lord Howe Island Marine Park,1
Neoglyphidodon polyacanthus,-31.55,159.06,2024,3,19,12.5,20,-32_159,22.001205444335938,24.75673484802246,22.556345841528355,25.54290263883529,2004,Lord Howe Island Marine Park,1
Neoglyphidodon polyacanthus,-31.55,159.06,2024,3,19,5,2,-32_159,22.001205444335938,24.75673484802246,22.556345841528355,25.54290263883529,2004,Lord Howe Island Marine Park,1
Neoglyphidodon polyacanthus,-31.55,159.06,2024,3,19,7.5,5,-32_159,22.001205444335938,24.75673484802246,22.556345841528355,25.54290263883529,2004,Lord Howe Island Marine Park,1
Neoglyphidodon polyacanthus,-31.55,159.06,2024,3,19,10,10,-32_159,22.001205444335938,24.75673484802246,22.556345841528355,25.54290263883529,2004,Lord Howe Island Marine Park,1
Neoglyphidodon polyacanthus,-31.55,159.06,2024,3,19,12.5,5,-32_159,22.001205444335938,24.75673484802246,22.556345841528355,25.54290263883529,2004,Lord Howe Island Marine Park,1
Neoglyphidodon polyacanthus,-31.51,159.06,2024,3,21,12.5,1,-32_159,22.001205444335938,24.75673484802246,22.556345841528355,25.54290263883529,2004,Lord Howe Island Marine Park,1
Neoglyphidodon polyacanthus,-31.53,159.05,2024,3,20,12.5,3,-32_159,22.001205444335938,24.75673484802246,22.556345841528355,25.54290263883529,NA,NA,0
Neoglyphidodon polyacanthus,-31.53,159.05,2024,3,20,5,3,-32_159,22.001205444335938,24.75673484802246,22.556345841528355,25.54290263883529,NA,NA,0
Neoglyphidodon polyacanthus,-31.53,159.05,2024,3,20,7.5,10,-32_159,22.001205444335938,24.75673484802246,22.556345841528355,25.54290263883529,NA,NA,0
Neoglyphidodon polyacanthus,-31.53,159.05,2024,3,20,10,10,-32_159,22.001205444335938,24.75673484802246,22.556345841528355,25.54290263883529,NA,NA,0
Neoglyphidodon polyacanthus,-31.58,159.07,2024,3,19,5,2,-32_159,22.001205444335938,24.75673484802246,22.556345841528355,25.54290263883529,NA,NA,0
Neoglyphidodon polyacanthus,-31.58,159.07,2024,3,19,5,1,-32_159,22.001205444335938,24.75673484802246,22.556345841528355,25.54290263883529,NA,NA,0
Neoglyphidodon polyacanthus,-31.58,159.07,2024,3,19,7.5,4,-32_159,22.001205444335938,24.75673484802246,22.556345841528355,25.54290263883529,NA,NA,0
Neoglyphidodon polyacanthus,-31.58,159.07,2024,3,19,10,3,-32_159,22.001205444335938,24.75673484802246,22.556345841528355,25.54290263883529,NA,NA,0
Neoglyphidodon polyacanthus,-31.5,159.07,2024,3,26,5,11,-32_159,22.001205444335938,24.75673484802246,22.556345841528355,25.54290263883529,2004,Lord Howe Island Marine Park,1
Neoglyphidodon polyacanthus,-31.5,159.07,2024,3,26,7.5,15,-32_159,22.001205444335938,24.75673484802246,22.556345841528355,25.54290263883529,2004,Lord Howe Island Marine Park,1
Neoglyphidodon polyacanthus,-31.55,159.06,2024,3,19,7.5,30,-32_159,22.001205444335938,24.75673484802246,22.556345841528355,25.54290263883529,2004,Lord Howe Island Marine Park,1
Neoglyphidodon polyacanthus,-31.55,159.06,2024,3,19,10,15,-32_159,22.001205444335938,24.75673484802246,22.556345841528355,25.54290263883529,2004,Lord Howe Island Marine Park,1
Neoglyphidodon polyacanthus,-31.55,159.06,2024,3,19,12.5,5,-32_159,22.001205444335938,24.75673484802246,22.556345841528355,25.54290263883529,2004,Lord Howe Island Marine Park,1
Neoglyphidodon polyacanthus,-31.51,159.05,2024,3,21,7.5,2,-32_159,22.001205444335938,24.75673484802246,22.556345841528355,25.54290263883529,2004,Lord Howe Island Marine Park,1
Neoglyphidodon polyacanthus,-31.51,159.05,2024,3,21,10,2,-32_159,22.001205444335938,24.75673484802246,22.556345841528355,25.54290263883529,2004,Lord Howe Island Marine Park,1
Neoglyphidodon polyacanthus,-31.51,159.05,2024,3,21,12.5,1,-32_159,22.001205444335938,24.75673484802246,22.556345841528355,25.54290263883529,2004,Lord Howe Island Marine Park,1
Neoglyphidodon polyacanthus,-31.52,159.05,2024,3,17,5,15,-32_159,22.001205444335938,24.75673484802246,22.556345841528355,25.54290263883529,2004,Lord Howe Island Marine Park,1
Neoglyphidodon polyacanthus,-31.52,159.05,2024,3,17,7.5,16,-32_159,22.001205444335938,24.75673484802246,22.556345841528355,25.54290263883529,2004,Lord Howe Island Marine Park,1
Neoglyphidodon polyacanthus,-31.52,159.05,2024,3,17,10,35,-32_159,22.001205444335938,24.75673484802246,22.556345841528355,25.54290263883529,2004,Lord Howe Island Marine Park,1
Neoglyphidodon polyacanthus,-31.52,159.05,2024,3,17,12.5,2,-32_159,22.001205444335938,24.75673484802246,22.556345841528355,25.54290263883529,2004,Lord Howe Island Marine Park,1
Neoglyphidodon polyacanthus,-31.52,159.05,2024,3,17,7.5,11,-32_159,22.001205444335938,24.75673484802246,22.556345841528355,25.54290263883529,2004,Lord Howe Island Marine Park,1
Neoglyphidodon polyacanthus,-31.52,159.05,2024,3,17,10,18,-32_159,22.001205444335938,24.75673484802246,22.556345841528355,25.54290263883529,2004,Lord Howe Island Marine Park,1
Neoglyphidodon polyacanthus,-31.52,159.05,2024,3,17,12.5,8,-32_159,22.001205444335938,24.75673484802246,22.556345841528355,25.54290263883529,2004,Lord Howe Island Marine Park,1
Neoglyphidodon polyacanthus,-31.54,159.07,2024,3,17,5,10,-32_159,22.001205444335938,24.75673484802246,22.556345841528355,25.54290263883529,2004,Lord Howe Island Marine Park,1
Neoglyphidodon polyacanthus,-31.54,159.07,2024,3,17,7.5,10,-32_159,22.001205444335938,24.75673484802246,22.556345841528355,25.54290263883529,2004,Lord Howe Island Marine Park,1
Neoglyphidodon polyacanthus,-31.54,159.07,2024,3,17,10,35,-32_159,22.001205444335938,24.75673484802246,22.556345841528355,25.54290263883529,2004,Lord Howe Island Marine Park,1
Neoglyphidodon polyacanthus,-31.54,159.07,2024,3,17,12.5,35,-32_159,22.001205444335938,24.75673484802246,22.556345841528355,25.54290263883529,2004,Lord Howe Island Marine Park,1
Neoglyphidodon polyacanthus,-31.51,159.04,2024,3,18,5,3,-32_159,22.001205444335938,24.75673484802246,22.556345841528355,25.54290263883529,NA,NA,0
Neoglyphidodon polyacanthus,-31.51,159.04,2024,3,18,7.5,17,-32_159,22.001205444335938,24.75673484802246,22.556345841528355,25.54290263883529,NA,NA,0
Neoglyphidodon polyacanthus,-31.75,159.24,2024,3,24,10,1,-32_159,22.001205444335938,24.75673484802246,22.556345841528355,25.54290263883529,2004,Lord Howe Island Marine Park,1
Neoglyphidodon polyacanthus,-31.75,159.24,2024,3,24,5,10,-32_159,22.001205444335938,24.75673484802246,22.556345841528355,25.54290263883529,2004,Lord Howe Island Marine Park,1
Neoglyphidodon polyacanthus,-31.75,159.24,2024,3,24,7.5,8,-32_159,22.001205444335938,24.75673484802246,22.556345841528355,25.54290263883529,2004,Lord Howe Island Marine Park,1
Neoglyphidodon polyacanthus,-31.53,159.06,2024,3,17,5,8,-32_159,22.001205444335938,24.75673484802246,22.556345841528355,25.54290263883529,NA,NA,0
Neoglyphidodon polyacanthus,-31.53,159.06,2024,3,17,7.5,15,-32_159,22.001205444335938,24.75673484802246,22.556345841528355,25.54290263883529,NA,NA,0
Neoglyphidodon polyacanthus,-31.53,159.06,2024,3,17,10,12,-32_159,22.001205444335938,24.75673484802246,22.556345841528355,25.54290263883529,NA,NA,0
Neoglyphidodon polyacanthus,-31.53,159.06,2024,3,17,12.5,1,-32_159,22.001205444335938,24.75673484802246,22.556345841528355,25.54290263883529,NA,NA,0
Neoglyphidodon polyacanthus,-31.53,159.06,2024,3,17,7.5,3,-32_159,22.001205444335938,24.75673484802246,22.556345841528355,25.54290263883529,NA,NA,0
Neoglyphidodon polyacanthus,-31.53,159.06,2024,3,17,10,4,-32_159,22.001205444335938,24.75673484802246,22.556345841528355,25.54290263883529,NA,NA,0
Neoglyphidodon polyacanthus,-31.53,159.05,2024,3,20,5,2,-32_159,22.001205444335938,24.75673484802246,22.556345841528355,25.54290263883529,NA,NA,0
Neoglyphidodon polyacanthus,-31.53,159.05,2024,3,20,7.5,3,-32_159,22.001205444335938,24.75673484802246,22.556345841528355,25.54290263883529,NA,NA,0
Neoglyphidodon polyacanthus,-31.53,159.05,2024,3,20,10,3,-32_159,22.001205444335938,24.75673484802246,22.556345841528355,25.54290263883529,NA,NA,0
Neoglyphidodon polyacanthus,-31.53,159.05,2024,3,20,12.5,1,-32_159,22.001205444335938,24.75673484802246,22.556345841528355,25.54290263883529,NA,NA,0
Neoglyphidodon polyacanthus,-31.54,159.07,2024,3,17,5,5,-32_159,22.001205444335938,24.75673484802246,22.556345841528355,25.54290263883529,2004,Lord Howe Island Marine Park,1
Neoglyphidodon polyacanthus,-31.54,159.07,2024,3,17,7.5,24,-32_159,22.001205444335938,24.75673484802246,22.556345841528355,25.54290263883529,2004,Lord Howe Island Marine Park,1
Neoglyphidodon polyacanthus,-31.54,159.07,2024,3,17,10,12,-32_159,22.001205444335938,24.75673484802246,22.556345841528355,25.54290263883529,2004,Lord Howe Island Marine Park,1
Neoglyphidodon polyacanthus,-31.54,159.07,2024,3,17,12.5,18,-32_159,22.001205444335938,24.75673484802246,22.556345841528355,25.54290263883529,2004,Lord Howe Island Marine Park,1
Neoglyphidodon polyacanthus,-31.54,159.07,2024,3,17,7.5,1,-32_159,22.001205444335938,24.75673484802246,22.556345841528355,25.54290263883529,2004,Lord Howe Island Marine Park,1
Neoglyphidodon polyacanthus,-31.54,159.07,2024,3,17,10,3,-32_159,22.001205444335938,24.75673484802246,22.556345841528355,25.54290263883529,2004,Lord Howe Island Marine Park,1
Neoglyphidodon polyacanthus,-31.52,159.04,2024,3,20,7.5,3,-32_159,22.001205444335938,24.75673484802246,22.556345841528355,25.54290263883529,2004,Lord Howe Island Marine Park,1
Neoglyphidodon polyacanthus,-31.52,159.04,2024,3,20,10,10,-32_159,22.001205444335938,24.75673484802246,22.556345841528355,25.54290263883529,2004,Lord Howe Island Marine Park,1
Neoglyphidodon polyacanthus,-31.52,159.04,2024,3,20,10,1,-32_159,22.001205444335938,24.75673484802246,22.556345841528355,25.54290263883529,2004,Lord Howe Island Marine Park,1
Neoglyphidodon polyacanthus,-31.52,159.04,2024,3,20,12.5,2,-32_159,22.001205444335938,24.75673484802246,22.556345841528355,25.54290263883529,2004,Lord Howe Island Marine Park,1
Neoglyphidodon polyacanthus,-31.51,159.04,2024,3,18,7.5,1,-32_159,22.001205444335938,24.75673484802246,22.556345841528355,25.54290263883529,NA,NA,0
Neoglyphidodon polyacanthus,-31.51,159.04,2024,3,18,10,2,-32_159,22.001205444335938,24.75673484802246,22.556345841528355,25.54290263883529,NA,NA,0
Neoglyphidodon polyacanthus,-31.51,159.04,2024,3,18,10,1,-32_159,22.001205444335938,24.75673484802246,22.556345841528355,25.54290263883529,NA,NA,0
Neoglyphidodon polyacanthus,-31.51,159.04,2024,3,18,12.5,2,-32_159,22.001205444335938,24.75673484802246,22.556345841528355,25.54290263883529,NA,NA,0
Neoglyphidodon polyacanthus,-31.54,159.06,2024,3,17,7.5,4,-32_159,22.001205444335938,24.75673484802246,22.556345841528355,25.54290263883529,2004,Lord Howe Island Marine Park,1
Neoglyphidodon polyacanthus,-31.54,159.06,2024,3,17,10,13,-32_159,22.001205444335938,24.75673484802246,22.556345841528355,25.54290263883529,2004,Lord Howe Island Marine Park,1
Neoglyphidodon polyacanthus,-31.54,159.06,2024,3,17,12.5,29,-32_159,22.001205444335938,24.75673484802246,22.556345841528355,25.54290263883529,2004,Lord Howe Island Marine Park,1
Neoglyphidodon polyacanthus,-31.54,159.06,2024,3,17,15,2,-32_159,22.001205444335938,24.75673484802246,22.556345841528355,25.54290263883529,2004,Lord Howe Island Marine Park,1
Neoglyphidodon polyacanthus,-31.54,159.06,2024,3,17,5,4,-32_159,22.001205444335938,24.75673484802246,22.556345841528355,25.54290263883529,2004,Lord Howe Island Marine Park,1
Neoglyphidodon polyacanthus,-31.54,159.06,2024,3,17,7.5,29,-32_159,22.001205444335938,24.75673484802246,22.556345841528355,25.54290263883529,2004,Lord Howe Island Marine Park,1
Neoglyphidodon polyacanthus,-31.54,159.06,2024,3,17,10,45,-32_159,22.001205444335938,24.75673484802246,22.556345841528355,25.54290263883529,2004,Lord Howe Island Marine Park,1
Neoglyphidodon polyacanthus,-31.54,159.06,2024,3,17,12.5,15,-32_159,22.001205444335938,24.75673484802246,22.556345841528355,25.54290263883529,2004,Lord Howe Island Marine Park,1
Neoglyphidodon polyacanthus,-31.53,159.05,2024,3,20,10,2,-32_159,22.001205444335938,24.75673484802246,22.556345841528355,25.54290263883529,NA,NA,0
Neoglyphidodon polyacanthus,-31.53,159.05,2024,3,20,5,2,-32_159,22.001205444335938,24.75673484802246,22.556345841528355,25.54290263883529,NA,NA,0
Neoglyphidodon polyacanthus,-31.53,159.05,2024,3,20,7.5,2,-32_159,22.001205444335938,24.75673484802246,22.556345841528355,25.54290263883529,NA,NA,0
Neoglyphidodon polyacanthus,-31.76,159.24,2024,3,24,5,5,-32_159,22.001205444335938,24.75673484802246,22.556345841528355,25.54290263883529,NA,NA,0
Neoglyphidodon polyacanthus,-31.76,159.24,2024,3,24,7.5,2,-32_159,22.001205444335938,24.75673484802246,22.556345841528355,25.54290263883529,NA,NA,0
Neoglyphidodon polyacanthus,-31.56,159.07,2024,3,25,5,5,-32_159,22.001205444335938,24.75673484802246,22.556345841528355,25.54290263883529,NA,NA,0
Neoglyphidodon polyacanthus,-31.56,159.07,2024,3,25,7.5,5,-32_159,22.001205444335938,24.75673484802246,22.556345841528355,25.54290263883529,NA,NA,0
Neoglyphidodon polyacanthus,-31.56,159.07,2024,3,25,10,10,-32_159,22.001205444335938,24.75673484802246,22.556345841528355,25.54290263883529,NA,NA,0
Neoglyphidodon polyacanthus,-31.56,159.07,2024,3,25,12.5,10,-32_159,22.001205444335938,24.75673484802246,22.556345841528355,25.54290263883529,NA,NA,0
Neoglyphidodon polyacanthus,-31.56,159.07,2024,3,25,7.5,3,-32_159,22.001205444335938,24.75673484802246,22.556345841528355,25.54290263883529,NA,NA,0
Neoglyphidodon polyacanthus,-31.56,159.07,2024,3,25,10,8,-32_159,22.001205444335938,24.75673484802246,22.556345841528355,25.54290263883529,NA,NA,0
Neoglyphidodon polyacanthus,-31.56,159.07,2024,3,25,12.5,8,-32_159,22.001205444335938,24.75673484802246,22.556345841528355,25.54290263883529,NA,NA,0
Neoglyphidodon polyacanthus,-31.51,159.07,2024,3,26,7.5,1,-32_159,22.001205444335938,24.75673484802246,22.556345841528355,25.54290263883529,2004,Lord Howe Island Marine Park,1
Neoglyphidodon polyacanthus,-31.51,159.07,2024,3,26,10,2,-32_159,22.001205444335938,24.75673484802246,22.556345841528355,25.54290263883529,2004,Lord Howe Island Marine Park,1
Neoglyphidodon polyacanthus,-31.51,159.07,2024,3,26,7.5,8,-32_159,22.001205444335938,24.75673484802246,22.556345841528355,25.54290263883529,2004,Lord Howe Island Marine Park,1
