species,latitude,longitude,year,month,day,size_class,total,location,sst_year_met,sst_month_met,sst_mean_annual,sst_month_noaa,year_of_protection,rls_mpa,MPA
Ostorhinchus limenus,-33.84,151.28,2009,12,13,7.5,5,-34_151,20.488441785176597,21.631641387939453,20.580270093114816,21.47491884231567,NA,NA,0
Ostorhinchus limenus,-33.84,151.28,2009,12,13,10,28,-34_151,20.488441785176597,21.631641387939453,20.580270093114816,21.47491884231567,NA,NA,0
Ostorhinchus limenus,-33.84,151.28,2009,12,13,12.5,2,-34_151,20.488441785176597,21.631641387939453,20.580270093114816,21.47491884231567,NA,NA,0
Ostorhinchus limenus,-33.84,151.28,2009,12,13,10,11,-34_151,20.488441785176597,21.631641387939453,20.580270093114816,21.47491884231567,NA,NA,0
Ostorhinchus limenus,-33.84,151.28,2009,12,13,12.5,23,-34_151,20.488441785176597,21.631641387939453,20.580270093114816,21.47491884231567,NA,NA,0
Ostorhinchus limenus,-33.84,151.28,2009,8,2,10,2,-34_151,20.488441785176597,18.304466247558594,20.580270093114816,17.557902828339607,NA,NA,0
Ostorhinchus limenus,-33.84,151.28,2009,8,2,10,3,-34_151,20.488441785176597,18.304466247558594,20.580270093114816,17.557902828339607,NA,NA,0
Ostorhinchus limenus,-33.84,151.28,2009,8,2,5,1,-34_151,20.488441785176597,18.304466247558594,20.580270093114816,17.557902828339607,NA,NA,0
Ostorhinchus limenus,-33.84,151.28,2009,8,2,7.5,1,-34_151,20.488441785176597,18.304466247558594,20.580270093114816,17.557902828339607,NA,NA,0
Ostorhinchus limenus,-33.84,151.28,2009,8,2,10,4,-34_151,20.488441785176597,18.304466247558594,20.580270093114816,17.557902828339607,NA,NA,0
Ostorhinchus limenus,-33.84,151.28,2009,8,2,12.5,3,-34_151,20.488441785176597,18.304466247558594,20.580270093114816,17.557902828339607,NA,NA,0
Ostorhinchus limenus,-33.84,151.28,2009,8,2,10,2,-34_151,20.488441785176597,18.304466247558594,20.580270093114816,17.557902828339607,NA,NA,0
Ostorhinchus limenus,-33.84,151.28,2009,12,13,7.5,8,-34_151,20.488441785176597,21.631641387939453,20.580270093114816,21.47491884231567,NA,NA,0
Ostorhinchus limenus,-33.84,151.28,2009,12,13,7.5,1,-34_151,20.488441785176597,21.631641387939453,20.580270093114816,21.47491884231567,NA,NA,0
Ostorhinchus limenus,-33.84,151.28,2009,12,13,10,1,-34_151,20.488441785176597,21.631641387939453,20.580270093114816,21.47491884231567,NA,NA,0
Ostorhinchus limenus,-33.84,151.28,2009,12,13,12.5,48,-34_151,20.488441785176597,21.631641387939453,20.580270093114816,21.47491884231567,NA,NA,0
Ostorhinchus limenus,-35.13,150.75,2008,5,23,10,1,-35_151,19.43103837966919,19.03557014465332,19.40620510758396,18.734945789460212,NA,NA,0
Ostorhinchus limenus,-35.13,150.75,2008,5,23,12.5,1,-35_151,19.43103837966919,19.03557014465332,19.40620510758396,18.734945789460212,NA,NA,0
Ostorhinchus limenus,-33.83,151.26,2010,2,20,7.5,3,-34_151,20.932119687398277,24.227298736572266,20.773523899719034,24.04741014753069,NA,NA,0
Ostorhinchus limenus,-33.83,151.26,2010,2,20,10,1,-34_151,20.932119687398277,24.227298736572266,20.773523899719034,24.04741014753069,NA,NA,0
Ostorhinchus limenus,-35.1,150.7,2010,3,26,10,1,-35_151,20.288724263509113,22.983264923095703,20.43436043554655,23.292150046235772,2002,Jervis Bay Marine Park,0
Ostorhinchus limenus,-33.83,151.27,2009,8,3,5,1,-34_151,20.488441785176597,18.304466247558594,20.580270093114816,17.557902828339607,NA,NA,0
Ostorhinchus limenus,-33.83,151.27,2009,8,3,7.5,11,-34_151,20.488441785176597,18.304466247558594,20.580270093114816,17.557902828339607,NA,NA,0
Ostorhinchus limenus,-33.83,151.27,2009,8,3,7.5,4,-34_151,20.488441785176597,18.304466247558594,20.580270093114816,17.557902828339607,NA,NA,0
Ostorhinchus limenus,-33.83,151.27,2009,8,3,12.5,25,-34_151,20.488441785176597,18.304466247558594,20.580270093114816,17.557902828339607,NA,NA,0
Ostorhinchus limenus,-33.83,151.27,2009,8,3,12.5,37,-34_151,20.488441785176597,18.304466247558594,20.580270093114816,17.557902828339607,NA,NA,0
Ostorhinchus limenus,-33.83,151.27,2009,8,3,7.5,1,-34_151,20.488441785176597,18.304466247558594,20.580270093114816,17.557902828339607,NA,NA,0
Ostorhinchus limenus,-33.83,151.27,2009,8,3,12.5,2,-34_151,20.488441785176597,18.304466247558594,20.580270093114816,17.557902828339607,NA,NA,0
Ostorhinchus limenus,-33.83,151.27,2009,8,3,10,1,-34_151,20.488441785176597,18.304466247558594,20.580270093114816,17.557902828339607,NA,NA,0
Ostorhinchus limenus,-33.83,151.27,2009,8,3,10,3,-34_151,20.488441785176597,18.304466247558594,20.580270093114816,17.557902828339607,NA,NA,0
Ostorhinchus limenus,-33.83,151.27,2009,8,3,12.5,3,-34_151,20.488441785176597,18.304466247558594,20.580270093114816,17.557902828339607,NA,NA,0
Ostorhinchus limenus,-33.83,151.27,2009,8,3,12.5,2,-34_151,20.488441785176597,18.304466247558594,20.580270093114816,17.557902828339607,NA,NA,0
Ostorhinchus limenus,-33.83,151.27,2009,8,3,15,2,-34_151,20.488441785176597,18.304466247558594,20.580270093114816,17.557902828339607,NA,NA,0
Ostorhinchus limenus,-33.81,151.27,2010,2,20,15,1,-34_151,20.932119687398277,24.227298736572266,20.773523899719034,24.04741014753069,NA,NA,0
Ostorhinchus limenus,-35.13,150.75,2010,6,24,5,2,-35_151,20.288724263509113,19.2506046295166,20.43436043554655,19.307443979051374,NA,NA,0
Ostorhinchus limenus,-35.13,150.75,2010,6,24,7.5,4,-35_151,20.288724263509113,19.2506046295166,20.43436043554655,19.307443979051374,NA,NA,0
Ostorhinchus limenus,-33.83,151.26,2010,2,20,10,7,-34_151,20.932119687398277,24.227298736572266,20.773523899719034,24.04741014753069,NA,NA,0
Ostorhinchus limenus,-33.83,151.26,2010,2,20,12.5,4,-34_151,20.932119687398277,24.227298736572266,20.773523899719034,24.04741014753069,NA,NA,0
Ostorhinchus limenus,-33.83,151.26,2010,2,20,7.5,2,-34_151,20.932119687398277,24.227298736572266,20.773523899719034,24.04741014753069,NA,NA,0
Ostorhinchus limenus,-33.83,151.26,2010,2,20,10,6,-34_151,20.932119687398277,24.227298736572266,20.773523899719034,24.04741014753069,NA,NA,0
Ostorhinchus limenus,-33.83,151.26,2010,2,20,12.5,9,-34_151,20.932119687398277,24.227298736572266,20.773523899719034,24.04741014753069,NA,NA,0
Ostorhinchus limenus,-33.83,151.26,2010,2,20,15,12,-34_151,20.932119687398277,24.227298736572266,20.773523899719034,24.04741014753069,NA,NA,0
Ostorhinchus limenus,-33.83,151.26,2010,2,20,20,10,-34_151,20.932119687398277,24.227298736572266,20.773523899719034,24.04741014753069,NA,NA,0
Ostorhinchus limenus,-33.81,151.27,2009,12,11,10,8,-34_151,20.488441785176597,21.631641387939453,20.580270093114816,21.47491884231567,NA,NA,0
Ostorhinchus limenus,-33.81,151.27,2009,12,11,12.5,13,-34_151,20.488441785176597,21.631641387939453,20.580270093114816,21.47491884231567,NA,NA,0
Ostorhinchus limenus,-33.81,151.27,2009,12,11,15,15,-34_151,20.488441785176597,21.631641387939453,20.580270093114816,21.47491884231567,NA,NA,0
Ostorhinchus limenus,-33.83,151.26,2010,2,20,7.5,12,-34_151,20.932119687398277,24.227298736572266,20.773523899719034,24.04741014753069,NA,NA,0
Ostorhinchus limenus,-33.83,151.26,2010,2,20,10,14,-34_151,20.932119687398277,24.227298736572266,20.773523899719034,24.04741014753069,NA,NA,0
Ostorhinchus limenus,-33.83,151.26,2010,2,20,12.5,1,-34_151,20.932119687398277,24.227298736572266,20.773523899719034,24.04741014753069,NA,NA,0
Ostorhinchus limenus,-33.81,151.27,2009,12,11,12.5,2,-34_151,20.488441785176597,21.631641387939453,20.580270093114816,21.47491884231567,NA,NA,0
Ostorhinchus limenus,-33.81,151.27,2009,12,11,15,4,-34_151,20.488441785176597,21.631641387939453,20.580270093114816,21.47491884231567,NA,NA,0
Ostorhinchus limenus,-33.81,151.27,2009,12,11,10,2,-34_151,20.488441785176597,21.631641387939453,20.580270093114816,21.47491884231567,NA,NA,0
Ostorhinchus limenus,-33.81,151.27,2009,12,11,12.5,3,-34_151,20.488441785176597,21.631641387939453,20.580270093114816,21.47491884231567,NA,NA,0
Ostorhinchus limenus,-33.81,151.27,2009,12,11,10,7,-34_151,20.488441785176597,21.631641387939453,20.580270093114816,21.47491884231567,NA,NA,0
Ostorhinchus limenus,-33.81,151.27,2009,12,11,12.5,6,-34_151,20.488441785176597,21.631641387939453,20.580270093114816,21.47491884231567,NA,NA,0
Ostorhinchus limenus,-33.82,151.29,2009,12,12,12.5,2,-34_151,20.488441785176597,21.631641387939453,20.580270093114816,21.47491884231567,NA,NA,0
Ostorhinchus limenus,-33.82,151.29,2009,12,12,15,2,-34_151,20.488441785176597,21.631641387939453,20.580270093114816,21.47491884231567,NA,NA,0
Ostorhinchus limenus,-33.82,151.29,2009,12,12,7.5,2,-34_151,20.488441785176597,21.631641387939453,20.580270093114816,21.47491884231567,NA,NA,0
Ostorhinchus limenus,-33.82,151.29,2009,12,12,10,2,-34_151,20.488441785176597,21.631641387939453,20.580270093114816,21.47491884231567,NA,NA,0
Ostorhinchus limenus,-33.86,151.26,2009,8,2,10,12,-34_151,20.488441785176597,18.304466247558594,20.580270093114816,17.557902828339607,NA,NA,0
Ostorhinchus limenus,-33.86,151.26,2009,8,2,7.5,1,-34_151,20.488441785176597,18.304466247558594,20.580270093114816,17.557902828339607,NA,NA,0
Ostorhinchus limenus,-33.86,151.26,2009,8,2,12.5,1,-34_151,20.488441785176597,18.304466247558594,20.580270093114816,17.557902828339607,NA,NA,0
Ostorhinchus limenus,-33.86,151.26,2009,8,2,15,2,-34_151,20.488441785176597,18.304466247558594,20.580270093114816,17.557902828339607,NA,NA,0
Ostorhinchus limenus,-33.86,151.26,2009,8,2,7.5,1,-34_151,20.488441785176597,18.304466247558594,20.580270093114816,17.557902828339607,NA,NA,0
Ostorhinchus limenus,-33.86,151.26,2009,8,2,10,4,-34_151,20.488441785176597,18.304466247558594,20.580270093114816,17.557902828339607,NA,NA,0
Ostorhinchus limenus,-33.82,151.26,2009,12,12,5,1,-34_151,20.488441785176597,21.631641387939453,20.580270093114816,21.47491884231567,NA,NA,0
Ostorhinchus limenus,-33.82,151.26,2009,12,12,7.5,1,-34_151,20.488441785176597,21.631641387939453,20.580270093114816,21.47491884231567,NA,NA,0
Ostorhinchus limenus,-33.82,151.26,2009,12,12,10,1,-34_151,20.488441785176597,21.631641387939453,20.580270093114816,21.47491884231567,NA,NA,0
Ostorhinchus limenus,-33.82,151.26,2009,12,12,12.5,5,-34_151,20.488441785176597,21.631641387939453,20.580270093114816,21.47491884231567,NA,NA,0
Ostorhinchus limenus,-33.82,151.26,2009,12,12,5,1,-34_151,20.488441785176597,21.631641387939453,20.580270093114816,21.47491884231567,NA,NA,0
Ostorhinchus limenus,-33.82,151.26,2009,12,12,7.5,6,-34_151,20.488441785176597,21.631641387939453,20.580270093114816,21.47491884231567,NA,NA,0
Ostorhinchus limenus,-33.82,151.26,2009,12,12,10,5,-34_151,20.488441785176597,21.631641387939453,20.580270093114816,21.47491884231567,NA,NA,0
Ostorhinchus limenus,-33.82,151.26,2009,12,12,12.5,4,-34_151,20.488441785176597,21.631641387939453,20.580270093114816,21.47491884231567,NA,NA,0
Ostorhinchus limenus,-33.82,151.26,2009,12,12,10,1,-34_151,20.488441785176597,21.631641387939453,20.580270093114816,21.47491884231567,NA,NA,0
Ostorhinchus limenus,-33.82,151.26,2009,12,12,15,1,-34_151,20.488441785176597,21.631641387939453,20.580270093114816,21.47491884231567,NA,NA,0
Ostorhinchus limenus,-33.82,151.26,2009,12,12,10,2,-34_151,20.488441785176597,21.631641387939453,20.580270093114816,21.47491884231567,NA,NA,0
Ostorhinchus limenus,-33.82,151.26,2009,12,12,7.5,1,-34_151,20.488441785176597,21.631641387939453,20.580270093114816,21.47491884231567,NA,NA,0
Ostorhinchus limenus,-33.82,151.26,2009,12,12,10,1,-34_151,20.488441785176597,21.631641387939453,20.580270093114816,21.47491884231567,NA,NA,0
Ostorhinchus limenus,-33.82,151.26,2009,12,12,10,1,-34_151,20.488441785176597,21.631641387939453,20.580270093114816,21.47491884231567,NA,NA,0
Ostorhinchus limenus,-33.82,151.26,2009,12,12,15,2,-34_151,20.488441785176597,21.631641387939453,20.580270093114816,21.47491884231567,NA,NA,0
Ostorhinchus limenus,-33.82,151.26,2009,12,12,10,4,-34_151,20.488441785176597,21.631641387939453,20.580270093114816,21.47491884231567,NA,NA,0
Ostorhinchus limenus,-33.82,151.26,2009,12,12,12.5,5,-34_151,20.488441785176597,21.631641387939453,20.580270093114816,21.47491884231567,NA,NA,0
Ostorhinchus limenus,-33.82,151.26,2009,12,12,15,5,-34_151,20.488441785176597,21.631641387939453,20.580270093114816,21.47491884231567,NA,NA,0
Ostorhinchus limenus,-33.82,151.26,2009,12,12,7.5,8,-34_151,20.488441785176597,21.631641387939453,20.580270093114816,21.47491884231567,NA,NA,0
Ostorhinchus limenus,-33.82,151.26,2009,12,12,10,1,-34_151,20.488441785176597,21.631641387939453,20.580270093114816,21.47491884231567,NA,NA,0
Ostorhinchus limenus,-33.82,151.26,2009,12,12,12.5,2,-34_151,20.488441785176597,21.631641387939453,20.580270093114816,21.47491884231567,NA,NA,0
Ostorhinchus limenus,-33.82,151.26,2009,12,12,7.5,5,-34_151,20.488441785176597,21.631641387939453,20.580270093114816,21.47491884231567,NA,NA,0
Ostorhinchus limenus,-33.82,151.26,2009,12,12,10,2,-34_151,20.488441785176597,21.631641387939453,20.580270093114816,21.47491884231567,NA,NA,0
Ostorhinchus limenus,-33.82,151.29,2010,2,21,10,3,-34_151,20.932119687398277,24.227298736572266,20.773523899719034,24.04741014753069,NA,NA,0
Ostorhinchus limenus,-33.82,151.29,2010,2,21,10,3,-34_151,20.932119687398277,24.227298736572266,20.773523899719034,24.04741014753069,NA,NA,0
Ostorhinchus limenus,-33.82,151.29,2010,2,21,7.5,1,-34_151,20.932119687398277,24.227298736572266,20.773523899719034,24.04741014753069,NA,NA,0
Ostorhinchus limenus,-33.82,151.29,2010,2,21,12.5,1,-34_151,20.932119687398277,24.227298736572266,20.773523899719034,24.04741014753069,NA,NA,0
Ostorhinchus limenus,-33.82,151.29,2009,12,12,12.5,12,-34_151,20.488441785176597,21.631641387939453,20.580270093114816,21.47491884231567,NA,NA,0
Ostorhinchus limenus,-33.82,151.29,2009,12,12,12.5,2,-34_151,20.488441785176597,21.631641387939453,20.580270093114816,21.47491884231567,NA,NA,0
Ostorhinchus limenus,-33.82,151.29,2009,12,12,15,2,-34_151,20.488441785176597,21.631641387939453,20.580270093114816,21.47491884231567,NA,NA,0
Ostorhinchus limenus,-33.82,151.29,2009,12,12,10,1,-34_151,20.488441785176597,21.631641387939453,20.580270093114816,21.47491884231567,NA,NA,0
Ostorhinchus limenus,-33.82,151.29,2009,12,12,12.5,1,-34_151,20.488441785176597,21.631641387939453,20.580270093114816,21.47491884231567,NA,NA,0
Ostorhinchus limenus,-33.84,151.25,2009,9,12,10,94,-34_151,20.488441785176597,18.62691116333008,20.580270093114816,17.885749578475952,NA,NA,0
Ostorhinchus limenus,-33.84,151.25,2009,9,12,12.5,67,-34_151,20.488441785176597,18.62691116333008,20.580270093114816,17.885749578475952,NA,NA,0
Ostorhinchus limenus,-34,151.24,2009,7,31,12.5,1,-34_151,20.488441785176597,18.03689193725586,20.580270093114816,18.446128676014563,NA,NA,0
Ostorhinchus limenus,-34,151.24,2009,7,31,10,1,-34_151,20.488441785176597,18.03689193725586,20.580270093114816,18.446128676014563,NA,NA,0
Ostorhinchus limenus,-33.85,151.27,2009,12,13,15,2,-34_151,20.488441785176597,21.631641387939453,20.580270093114816,21.47491884231567,NA,NA,0
Ostorhinchus limenus,-33.85,151.27,2009,12,13,7.5,10,-34_151,20.488441785176597,21.631641387939453,20.580270093114816,21.47491884231567,NA,NA,0
Ostorhinchus limenus,-33.85,151.27,2009,12,13,10,18,-34_151,20.488441785176597,21.631641387939453,20.580270093114816,21.47491884231567,NA,NA,0
Ostorhinchus limenus,-33.85,151.27,2009,12,13,15,3,-34_151,20.488441785176597,21.631641387939453,20.580270093114816,21.47491884231567,NA,NA,0
Ostorhinchus limenus,-33.85,151.27,2009,12,13,20,2,-34_151,20.488441785176597,21.631641387939453,20.580270093114816,21.47491884231567,NA,NA,0
Ostorhinchus limenus,-33.85,151.27,2009,12,13,12.5,9,-34_151,20.488441785176597,21.631641387939453,20.580270093114816,21.47491884231567,NA,NA,0
Ostorhinchus limenus,-33.85,151.27,2009,12,13,15,24,-34_151,20.488441785176597,21.631641387939453,20.580270093114816,21.47491884231567,NA,NA,0
Ostorhinchus limenus,-34,151.24,2009,7,31,12.5,1,-34_151,20.488441785176597,18.03689193725586,20.580270093114816,18.446128676014563,NA,NA,0
Ostorhinchus limenus,-33.84,151.28,2009,8,1,10,1,-34_151,20.488441785176597,18.304466247558594,20.580270093114816,17.557902828339607,NA,NA,0
Ostorhinchus limenus,-33.84,151.28,2009,12,13,10,5,-34_151,20.488441785176597,21.631641387939453,20.580270093114816,21.47491884231567,NA,NA,0
Ostorhinchus limenus,-33.84,151.28,2009,12,13,10,1,-34_151,20.488441785176597,21.631641387939453,20.580270093114816,21.47491884231567,NA,NA,0
Ostorhinchus limenus,-33.84,151.28,2009,12,13,12.5,7,-34_151,20.488441785176597,21.631641387939453,20.580270093114816,21.47491884231567,NA,NA,0
Ostorhinchus limenus,-33.84,151.28,2009,12,13,15,3,-34_151,20.488441785176597,21.631641387939453,20.580270093114816,21.47491884231567,NA,NA,0
Ostorhinchus limenus,-33.84,151.28,2009,12,13,5,2,-34_151,20.488441785176597,21.631641387939453,20.580270093114816,21.47491884231567,NA,NA,0
Ostorhinchus limenus,-33.84,151.28,2009,12,13,7.5,1,-34_151,20.488441785176597,21.631641387939453,20.580270093114816,21.47491884231567,NA,NA,0
Ostorhinchus limenus,-33.84,151.28,2009,12,13,10,5,-34_151,20.488441785176597,21.631641387939453,20.580270093114816,21.47491884231567,NA,NA,0
Ostorhinchus limenus,-33.84,151.28,2009,12,13,12.5,8,-34_151,20.488441785176597,21.631641387939453,20.580270093114816,21.47491884231567,NA,NA,0
Ostorhinchus limenus,-33.84,151.28,2009,12,13,7.5,2,-34_151,20.488441785176597,21.631641387939453,20.580270093114816,21.47491884231567,NA,NA,0
Ostorhinchus limenus,-33.84,151.28,2009,12,13,12.5,2,-34_151,20.488441785176597,21.631641387939453,20.580270093114816,21.47491884231567,NA,NA,0
Ostorhinchus limenus,-33.83,151.28,2010,2,21,10,1,-34_151,20.932119687398277,24.227298736572266,20.773523899719034,24.04741014753069,NA,NA,0
Ostorhinchus limenus,-33.83,151.28,2010,2,21,12.5,2,-34_151,20.932119687398277,24.227298736572266,20.773523899719034,24.04741014753069,NA,NA,0
Ostorhinchus limenus,-33.83,151.28,2010,2,21,7.5,2,-34_151,20.932119687398277,24.227298736572266,20.773523899719034,24.04741014753069,NA,NA,0
Ostorhinchus limenus,-33.83,151.28,2010,2,21,10,51,-34_151,20.932119687398277,24.227298736572266,20.773523899719034,24.04741014753069,NA,NA,0
Ostorhinchus limenus,-33.83,151.28,2010,2,21,12.5,20,-34_151,20.932119687398277,24.227298736572266,20.773523899719034,24.04741014753069,NA,NA,0
Ostorhinchus limenus,-33.84,151.25,2009,9,12,5,11,-34_151,20.488441785176597,18.62691116333008,20.580270093114816,17.885749578475952,NA,NA,0
Ostorhinchus limenus,-33.84,151.25,2009,9,12,7.5,20,-34_151,20.488441785176597,18.62691116333008,20.580270093114816,17.885749578475952,NA,NA,0
Ostorhinchus limenus,-33.84,151.25,2009,9,12,10,7,-34_151,20.488441785176597,18.62691116333008,20.580270093114816,17.885749578475952,NA,NA,0
Ostorhinchus limenus,-33.84,151.25,2009,9,12,10,4,-34_151,20.488441785176597,18.62691116333008,20.580270093114816,17.885749578475952,NA,NA,0
Ostorhinchus limenus,-34,151.24,2009,7,31,15,1,-34_151,20.488441785176597,18.03689193725586,20.580270093114816,18.446128676014563,NA,NA,0
Ostorhinchus limenus,-34,151.24,2009,7,31,7.5,4,-34_151,20.488441785176597,18.03689193725586,20.580270093114816,18.446128676014563,NA,NA,0
Ostorhinchus limenus,-34,151.24,2009,7,31,7.5,1,-34_151,20.488441785176597,18.03689193725586,20.580270093114816,18.446128676014563,NA,NA,0
Ostorhinchus limenus,-33.82,151.29,2009,3,27,7.5,1,-34_151,20.488441785176597,23.1658992767334,20.580270093114816,23.29459628751201,NA,NA,0
Ostorhinchus limenus,-33.82,151.29,2009,3,27,7.5,2,-34_151,20.488441785176597,23.1658992767334,20.580270093114816,23.29459628751201,NA,NA,0
Ostorhinchus limenus,-33.82,151.29,2009,3,27,5,5,-34_151,20.488441785176597,23.1658992767334,20.580270093114816,23.29459628751201,NA,NA,0
Ostorhinchus limenus,-33.82,151.29,2009,3,27,7.5,17,-34_151,20.488441785176597,23.1658992767334,20.580270093114816,23.29459628751201,NA,NA,0
Ostorhinchus limenus,-33.82,151.29,2009,3,27,5,2,-34_151,20.488441785176597,23.1658992767334,20.580270093114816,23.29459628751201,NA,NA,0
Ostorhinchus limenus,-33.82,151.29,2009,3,27,7.5,1,-34_151,20.488441785176597,23.1658992767334,20.580270093114816,23.29459628751201,NA,NA,0
Ostorhinchus limenus,-33.82,151.29,2009,3,27,12.5,3,-34_151,20.488441785176597,23.1658992767334,20.580270093114816,23.29459628751201,NA,NA,0
Ostorhinchus limenus,-33.81,151.28,2009,3,27,12.5,6,-34_151,20.488441785176597,23.1658992767334,20.580270093114816,23.29459628751201,NA,NA,0
Ostorhinchus limenus,-33.81,151.28,2009,3,27,12.5,23,-34_151,20.488441785176597,23.1658992767334,20.580270093114816,23.29459628751201,NA,NA,0
Ostorhinchus limenus,-33.81,151.28,2009,3,27,7.5,1,-34_151,20.488441785176597,23.1658992767334,20.580270093114816,23.29459628751201,NA,NA,0
Ostorhinchus limenus,-33.8,151.29,2010,5,1,2.5,100,-34_151,20.932119687398277,21.54056167602539,20.773523899719034,23.08870918520035,2002,Cabbage Tree Bay Aquatic Reserve,0
Ostorhinchus limenus,-33.8,151.29,2010,5,1,5,150,-34_151,20.932119687398277,21.54056167602539,20.773523899719034,23.08870918520035,2002,Cabbage Tree Bay Aquatic Reserve,0
Ostorhinchus limenus,-33.8,151.29,2010,5,1,7.5,10,-34_151,20.932119687398277,21.54056167602539,20.773523899719034,23.08870918520035,2002,Cabbage Tree Bay Aquatic Reserve,0
Ostorhinchus limenus,-33.8,151.29,2010,5,1,7.5,53,-34_151,20.932119687398277,21.54056167602539,20.773523899719034,23.08870918520035,2002,Cabbage Tree Bay Aquatic Reserve,0
Ostorhinchus limenus,-33.8,151.29,2010,5,1,10,5,-34_151,20.932119687398277,21.54056167602539,20.773523899719034,23.08870918520035,2002,Cabbage Tree Bay Aquatic Reserve,0
Ostorhinchus limenus,-33.8,151.29,2010,5,1,12.5,7,-34_151,20.932119687398277,21.54056167602539,20.773523899719034,23.08870918520035,2002,Cabbage Tree Bay Aquatic Reserve,0
Ostorhinchus limenus,-33.83,151.28,2010,2,21,12.5,12,-34_151,20.932119687398277,24.227298736572266,20.773523899719034,24.04741014753069,NA,NA,0
Ostorhinchus limenus,-33.83,151.28,2010,2,21,7.5,3,-34_151,20.932119687398277,24.227298736572266,20.773523899719034,24.04741014753069,NA,NA,0
Ostorhinchus limenus,-33.83,151.28,2010,2,21,10,7,-34_151,20.932119687398277,24.227298736572266,20.773523899719034,24.04741014753069,NA,NA,0
Ostorhinchus limenus,-33.83,151.28,2010,2,21,12.5,6,-34_151,20.932119687398277,24.227298736572266,20.773523899719034,24.04741014753069,NA,NA,0
Ostorhinchus limenus,-32.69,152.22,2009,5,9,12.5,2,-33_152,21.148912747701008,20.721540451049805,20.95820614353018,22.08618232768069,NA,NA,0
Ostorhinchus limenus,-32.69,152.22,2009,5,9,12.5,1,-33_152,21.148912747701008,20.721540451049805,20.95820614353018,22.08618232768069,NA,NA,0
Ostorhinchus limenus,-33.84,151.25,2009,3,28,7.5,23,-34_151,20.488441785176597,23.1658992767334,20.580270093114816,23.29459628751201,NA,NA,0
Ostorhinchus limenus,-33.84,151.25,2009,3,28,5,1,-34_151,20.488441785176597,23.1658992767334,20.580270093114816,23.29459628751201,NA,NA,0
Ostorhinchus limenus,-33.84,151.25,2009,3,28,7.5,13,-34_151,20.488441785176597,23.1658992767334,20.580270093114816,23.29459628751201,NA,NA,0
Ostorhinchus limenus,-33.84,151.25,2009,3,28,5,20,-34_151,20.488441785176597,23.1658992767334,20.580270093114816,23.29459628751201,NA,NA,0
Ostorhinchus limenus,-33.84,151.25,2009,3,28,7.5,5,-34_151,20.488441785176597,23.1658992767334,20.580270093114816,23.29459628751201,NA,NA,0
Ostorhinchus limenus,-33.84,151.25,2009,3,28,12.5,20,-34_151,20.488441785176597,23.1658992767334,20.580270093114816,23.29459628751201,NA,NA,0
Ostorhinchus limenus,-33.84,151.25,2009,3,28,15,21,-34_151,20.488441785176597,23.1658992767334,20.580270093114816,23.29459628751201,NA,NA,0
Ostorhinchus limenus,-33.84,151.25,2009,3,28,7.5,1,-34_151,20.488441785176597,23.1658992767334,20.580270093114816,23.29459628751201,NA,NA,0
Ostorhinchus limenus,-33.84,151.25,2009,3,28,12.5,30,-34_151,20.488441785176597,23.1658992767334,20.580270093114816,23.29459628751201,NA,NA,0
Ostorhinchus limenus,-33.84,151.25,2009,3,28,15,20,-34_151,20.488441785176597,23.1658992767334,20.580270093114816,23.29459628751201,NA,NA,0
Ostorhinchus limenus,-32.69,152.22,2009,5,9,7.5,4,-33_152,21.148912747701008,20.721540451049805,20.95820614353018,22.08618232768069,NA,NA,0
Ostorhinchus limenus,-32.69,152.22,2009,5,9,10,5,-33_152,21.148912747701008,20.721540451049805,20.95820614353018,22.08618232768069,NA,NA,0
Ostorhinchus limenus,-32.69,152.22,2009,11,21,7.5,1,-33_152,21.148912747701008,21.234846115112305,20.95820614353018,21.01616621547275,NA,NA,0
Ostorhinchus limenus,-32.69,152.22,2009,11,21,10,2,-33_152,21.148912747701008,21.234846115112305,20.95820614353018,21.01616621547275,NA,NA,0
Ostorhinchus limenus,-32.69,152.22,2009,11,21,5,2,-33_152,21.148912747701008,21.234846115112305,20.95820614353018,21.01616621547275,NA,NA,0
Ostorhinchus limenus,-32.69,152.22,2010,4,24,10,1,-33_152,21.71309455235799,23.75311279296875,21.233464664610445,23.756860531700983,NA,NA,0
Ostorhinchus limenus,-33.81,151.31,2009,8,2,7.5,1,-34_151,20.488441785176597,18.304466247558594,20.580270093114816,17.557902828339607,NA,NA,0
Ostorhinchus limenus,-33.99,151.23,2009,12,10,12.5,1,-34_151,20.488441785176597,21.631641387939453,20.580270093114816,21.47491884231567,NA,NA,0
Ostorhinchus limenus,-33.99,151.23,2009,12,10,12.5,5,-34_151,20.488441785176597,21.631641387939453,20.580270093114816,21.47491884231567,NA,NA,0
Ostorhinchus limenus,-33.99,151.23,2009,12,10,15,3,-34_151,20.488441785176597,21.631641387939453,20.580270093114816,21.47491884231567,NA,NA,0
Ostorhinchus limenus,-33.8,151.29,2010,5,1,2.5,40,-34_151,20.932119687398277,21.54056167602539,20.773523899719034,23.08870918520035,2002,Cabbage Tree Bay Aquatic Reserve,0
Ostorhinchus limenus,-33.8,151.29,2010,5,1,5,5,-34_151,20.932119687398277,21.54056167602539,20.773523899719034,23.08870918520035,2002,Cabbage Tree Bay Aquatic Reserve,0
Ostorhinchus limenus,-33.8,151.29,2010,5,1,7.5,2,-34_151,20.932119687398277,21.54056167602539,20.773523899719034,23.08870918520035,2002,Cabbage Tree Bay Aquatic Reserve,0
Ostorhinchus limenus,-33.8,151.29,2010,5,1,10,1,-34_151,20.932119687398277,21.54056167602539,20.773523899719034,23.08870918520035,2002,Cabbage Tree Bay Aquatic Reserve,0
Ostorhinchus limenus,-33.8,151.28,2009,3,29,7.5,18,-34_151,20.488441785176597,23.1658992767334,20.580270093114816,23.29459628751201,NA,NA,0
Ostorhinchus limenus,-33.8,151.28,2009,3,29,10,20,-34_151,20.488441785176597,23.1658992767334,20.580270093114816,23.29459628751201,NA,NA,0
Ostorhinchus limenus,-33.8,151.28,2009,3,29,5,2,-34_151,20.488441785176597,23.1658992767334,20.580270093114816,23.29459628751201,NA,NA,0
Ostorhinchus limenus,-33.8,151.28,2009,3,29,7.5,2,-34_151,20.488441785176597,23.1658992767334,20.580270093114816,23.29459628751201,NA,NA,0
Ostorhinchus limenus,-33.8,151.28,2009,3,29,10,2,-34_151,20.488441785176597,23.1658992767334,20.580270093114816,23.29459628751201,NA,NA,0
Ostorhinchus limenus,-32.6,152.32,2009,5,10,7.5,1,-33_152,21.148912747701008,20.721540451049805,20.95820614353018,22.08618232768069,NA,NA,0
Ostorhinchus limenus,-33.8,151.27,2009,3,29,10,14,-34_151,20.488441785176597,23.1658992767334,20.580270093114816,23.29459628751201,NA,NA,0
Ostorhinchus limenus,-33.8,151.27,2009,3,29,10,10,-34_151,20.488441785176597,23.1658992767334,20.580270093114816,23.29459628751201,NA,NA,0
Ostorhinchus limenus,-33.8,151.27,2009,3,29,5,1,-34_151,20.488441785176597,23.1658992767334,20.580270093114816,23.29459628751201,NA,NA,0
Ostorhinchus limenus,-33.8,151.27,2009,3,29,7.5,6,-34_151,20.488441785176597,23.1658992767334,20.580270093114816,23.29459628751201,NA,NA,0
Ostorhinchus limenus,-33.8,151.27,2009,3,29,10,2,-34_151,20.488441785176597,23.1658992767334,20.580270093114816,23.29459628751201,NA,NA,0
Ostorhinchus limenus,-33.8,151.29,2010,5,1,7.5,19,-34_151,20.932119687398277,21.54056167602539,20.773523899719034,23.08870918520035,2002,Cabbage Tree Bay Aquatic Reserve,0
Ostorhinchus limenus,-33.8,151.29,2010,5,1,10,15,-34_151,20.932119687398277,21.54056167602539,20.773523899719034,23.08870918520035,2002,Cabbage Tree Bay Aquatic Reserve,0
Ostorhinchus limenus,-33.8,151.28,2009,3,29,5,12,-34_151,20.488441785176597,23.1658992767334,20.580270093114816,23.29459628751201,NA,NA,0
Ostorhinchus limenus,-33.8,151.28,2009,3,29,7.5,12,-34_151,20.488441785176597,23.1658992767334,20.580270093114816,23.29459628751201,NA,NA,0
Ostorhinchus limenus,-33.8,151.28,2009,3,29,10,8,-34_151,20.488441785176597,23.1658992767334,20.580270093114816,23.29459628751201,NA,NA,0
Ostorhinchus limenus,-34.07,151.13,2010,5,2,2.5,10,-34_151,20.932119687398277,21.54056167602539,20.773523899719034,23.08870918520035,1982,Shiprock Aquatic Reserve,1
Ostorhinchus limenus,-34.07,151.13,2010,5,2,5,19,-34_151,20.932119687398277,21.54056167602539,20.773523899719034,23.08870918520035,1982,Shiprock Aquatic Reserve,1
Ostorhinchus limenus,-34.07,151.13,2010,5,2,7.5,13,-34_151,20.932119687398277,21.54056167602539,20.773523899719034,23.08870918520035,1982,Shiprock Aquatic Reserve,1
Ostorhinchus limenus,-34.07,151.13,2010,5,2,10,5,-34_151,20.932119687398277,21.54056167602539,20.773523899719034,23.08870918520035,1982,Shiprock Aquatic Reserve,1
Ostorhinchus limenus,-34.07,151.13,2010,5,2,12.5,27,-34_151,20.932119687398277,21.54056167602539,20.773523899719034,23.08870918520035,1982,Shiprock Aquatic Reserve,1
Ostorhinchus limenus,-34.07,151.13,2010,5,2,7.5,14,-34_151,20.932119687398277,21.54056167602539,20.773523899719034,23.08870918520035,1982,Shiprock Aquatic Reserve,1
Ostorhinchus limenus,-34.07,151.13,2010,5,2,10,15,-34_151,20.932119687398277,21.54056167602539,20.773523899719034,23.08870918520035,1982,Shiprock Aquatic Reserve,1
Ostorhinchus limenus,-34.07,151.13,2010,5,2,12.5,16,-34_151,20.932119687398277,21.54056167602539,20.773523899719034,23.08870918520035,1982,Shiprock Aquatic Reserve,1
Ostorhinchus limenus,-32.74,152.19,2009,5,9,12.5,1,-33_152,21.148912747701008,20.721540451049805,20.95820614353018,22.08618232768069,NA,NA,0
Ostorhinchus limenus,-33.8,151.27,2009,3,29,5,4,-34_151,20.488441785176597,23.1658992767334,20.580270093114816,23.29459628751201,NA,NA,0
Ostorhinchus limenus,-33.8,151.27,2009,3,29,7.5,25,-34_151,20.488441785176597,23.1658992767334,20.580270093114816,23.29459628751201,NA,NA,0
Ostorhinchus limenus,-33.8,151.27,2009,3,29,10,9,-34_151,20.488441785176597,23.1658992767334,20.580270093114816,23.29459628751201,NA,NA,0
Ostorhinchus limenus,-34.07,151.11,2010,5,2,5,70,-34_151,20.932119687398277,21.54056167602539,20.773523899719034,23.08870918520035,NA,NA,0
Ostorhinchus limenus,-34.07,151.11,2010,5,2,7.5,20,-34_151,20.932119687398277,21.54056167602539,20.773523899719034,23.08870918520035,NA,NA,0
Ostorhinchus limenus,-34.07,151.11,2010,5,2,7.5,60,-34_151,20.932119687398277,21.54056167602539,20.773523899719034,23.08870918520035,NA,NA,0
Ostorhinchus limenus,-32.71,152.16,2009,5,11,7.5,3,-33_152,21.148912747701008,20.721540451049805,20.95820614353018,22.08618232768069,1983,Fly Point-Halifax Park,1
Ostorhinchus limenus,-32.71,152.16,2009,5,11,12.5,2,-33_152,21.148912747701008,20.721540451049805,20.95820614353018,22.08618232768069,1983,Fly Point-Halifax Park,1
Ostorhinchus limenus,-32.71,152.16,2009,5,11,5,5,-33_152,21.148912747701008,20.721540451049805,20.95820614353018,22.08618232768069,1983,Fly Point-Halifax Park,1
Ostorhinchus limenus,-32.71,152.16,2009,5,11,7.5,7,-33_152,21.148912747701008,20.721540451049805,20.95820614353018,22.08618232768069,1983,Fly Point-Halifax Park,1
Ostorhinchus limenus,-32.71,152.16,2009,5,11,12.5,5,-33_152,21.148912747701008,20.721540451049805,20.95820614353018,22.08618232768069,1983,Fly Point-Halifax Park,1
Ostorhinchus limenus,-33.82,151.29,2009,3,30,10,2,-34_151,20.488441785176597,23.1658992767334,20.580270093114816,23.29459628751201,NA,NA,0
Ostorhinchus limenus,-32.71,152.16,2009,5,11,10,4,-33_152,21.148912747701008,20.721540451049805,20.95820614353018,22.08618232768069,1983,Fly Point-Halifax Park,1
Ostorhinchus limenus,-32.71,152.16,2009,5,11,12.5,3,-33_152,21.148912747701008,20.721540451049805,20.95820614353018,22.08618232768069,1983,Fly Point-Halifax Park,1
Ostorhinchus limenus,-33.84,151.25,2009,3,28,5,1,-34_151,20.488441785176597,23.1658992767334,20.580270093114816,23.29459628751201,NA,NA,0
Ostorhinchus limenus,-33.84,151.25,2009,3,28,7.5,7,-34_151,20.488441785176597,23.1658992767334,20.580270093114816,23.29459628751201,NA,NA,0
Ostorhinchus limenus,-33.84,151.25,2009,3,28,10,6,-34_151,20.488441785176597,23.1658992767334,20.580270093114816,23.29459628751201,NA,NA,0
Ostorhinchus limenus,-33.84,151.25,2009,3,28,12.5,8,-34_151,20.488441785176597,23.1658992767334,20.580270093114816,23.29459628751201,NA,NA,0
Ostorhinchus limenus,-32.71,152.16,2009,9,9,7.5,1,-33_152,21.148912747701008,19.250011444091797,20.95820614353018,18.54611071480645,1983,Fly Point-Halifax Park,1
Ostorhinchus limenus,-32.71,152.16,2009,10,18,7.5,3,-33_152,21.148912747701008,20.110031127929688,20.95820614353018,19.533924343765424,1983,Fly Point-Halifax Park,1
Ostorhinchus limenus,-32.71,152.16,2009,10,18,10,2,-33_152,21.148912747701008,20.110031127929688,20.95820614353018,19.533924343765424,1983,Fly Point-Halifax Park,1
Ostorhinchus limenus,-32.71,152.16,2009,10,18,5,2,-33_152,21.148912747701008,20.110031127929688,20.95820614353018,19.533924343765424,1983,Fly Point-Halifax Park,1
Ostorhinchus limenus,-32.71,152.16,2009,10,18,7.5,1,-33_152,21.148912747701008,20.110031127929688,20.95820614353018,19.533924343765424,1983,Fly Point-Halifax Park,1
Ostorhinchus limenus,-32.71,152.16,2010,2,20,7.5,2,-33_152,21.71309455235799,24.95189094543457,21.233464664610445,23.99877924010867,1983,Fly Point-Halifax Park,1
Ostorhinchus limenus,-32.71,152.16,2010,2,20,5,1,-33_152,21.71309455235799,24.95189094543457,21.233464664610445,23.99877924010867,1983,Fly Point-Halifax Park,1
Ostorhinchus limenus,-32.71,152.16,2010,6,19,5,2,-33_152,21.71309455235799,20.412281036376953,21.233464664610445,20.638221799002753,1983,Fly Point-Halifax Park,1
Ostorhinchus limenus,-32.71,152.16,2010,6,19,7.5,4,-33_152,21.71309455235799,20.412281036376953,21.233464664610445,20.638221799002753,1983,Fly Point-Halifax Park,1
Ostorhinchus limenus,-32.71,152.16,2010,6,19,5,4,-33_152,21.71309455235799,20.412281036376953,21.233464664610445,20.638221799002753,1983,Fly Point-Halifax Park,1
Ostorhinchus limenus,-32.71,152.16,2010,6,19,7.5,2,-33_152,21.71309455235799,20.412281036376953,21.233464664610445,20.638221799002753,1983,Fly Point-Halifax Park,1
Ostorhinchus limenus,-32.71,152.15,2009,5,10,10,5,-33_152,21.148912747701008,20.721540451049805,20.95820614353018,22.08618232768069,1983,Fly Point-Halifax Park,1
Ostorhinchus limenus,-32.71,152.15,2009,5,10,12.5,3,-33_152,21.148912747701008,20.721540451049805,20.95820614353018,22.08618232768069,1983,Fly Point-Halifax Park,1
Ostorhinchus limenus,-32.71,152.15,2009,5,10,15,6,-33_152,21.148912747701008,20.721540451049805,20.95820614353018,22.08618232768069,1983,Fly Point-Halifax Park,1
Ostorhinchus limenus,-32.71,152.15,2009,5,11,7.5,2,-33_152,21.148912747701008,20.721540451049805,20.95820614353018,22.08618232768069,1983,Fly Point-Halifax Park,1
Ostorhinchus limenus,-32.71,152.15,2009,5,11,10,1,-33_152,21.148912747701008,20.721540451049805,20.95820614353018,22.08618232768069,1983,Fly Point-Halifax Park,1
Ostorhinchus limenus,-32.71,152.15,2009,5,11,10,2,-33_152,21.148912747701008,20.721540451049805,20.95820614353018,22.08618232768069,1983,Fly Point-Halifax Park,1
Ostorhinchus limenus,-32.71,152.15,2009,8,15,5,5,-33_152,21.148912747701008,19.017101287841797,20.95820614353018,18.049354435295182,1983,Fly Point-Halifax Park,1
Ostorhinchus limenus,-32.71,152.15,2009,8,15,7.5,5,-33_152,21.148912747701008,19.017101287841797,20.95820614353018,18.049354435295182,1983,Fly Point-Halifax Park,1
Ostorhinchus limenus,-32.71,152.15,2009,10,5,10,2,-33_152,21.148912747701008,20.110031127929688,20.95820614353018,19.533924343765424,1983,Fly Point-Halifax Park,1
Ostorhinchus limenus,-32.71,152.15,2010,1,5,10,1,-33_152,21.71309455235799,23.890216827392575,21.233464664610445,23.48766078743883,1983,Fly Point-Halifax Park,1
Ostorhinchus limenus,-32.71,152.15,2010,4,15,5,2,-33_152,21.71309455235799,23.75311279296875,21.233464664610445,23.756860531700983,1983,Fly Point-Halifax Park,1
Ostorhinchus limenus,-32.71,152.15,2010,4,15,7.5,1,-33_152,21.71309455235799,23.75311279296875,21.233464664610445,23.756860531700983,1983,Fly Point-Halifax Park,1
Ostorhinchus limenus,-32.71,152.16,2009,8,9,5,1,-33_152,21.148912747701008,19.017101287841797,20.95820614353018,18.049354435295182,1983,Fly Point-Halifax Park,1
Ostorhinchus limenus,-32.71,152.16,2009,9,6,10,2,-33_152,21.148912747701008,19.250011444091797,20.95820614353018,18.54611071480645,1983,Fly Point-Halifax Park,1
Ostorhinchus limenus,-33.84,151.25,2009,3,28,10,10,-34_151,20.488441785176597,23.1658992767334,20.580270093114816,23.29459628751201,NA,NA,0
Ostorhinchus limenus,-33.84,151.25,2009,3,28,7.5,4,-34_151,20.488441785176597,23.1658992767334,20.580270093114816,23.29459628751201,NA,NA,0
Ostorhinchus limenus,-33.8,151.27,2009,3,29,2.5,25,-34_151,20.488441785176597,23.1658992767334,20.580270093114816,23.29459628751201,NA,NA,0
Ostorhinchus limenus,-33.8,151.27,2009,3,29,10,3,-34_151,20.488441785176597,23.1658992767334,20.580270093114816,23.29459628751201,NA,NA,0
Ostorhinchus limenus,-33.8,151.27,2009,3,29,12.5,2,-34_151,20.488441785176597,23.1658992767334,20.580270093114816,23.29459628751201,NA,NA,0
Ostorhinchus limenus,-33.8,151.27,2009,3,29,15,1,-34_151,20.488441785176597,23.1658992767334,20.580270093114816,23.29459628751201,NA,NA,0
Ostorhinchus limenus,-33.8,151.27,2009,3,29,7.5,50,-34_151,20.488441785176597,23.1658992767334,20.580270093114816,23.29459628751201,NA,NA,0
Ostorhinchus limenus,-32.71,152.15,2009,5,10,7.5,1,-33_152,21.148912747701008,20.721540451049805,20.95820614353018,22.08618232768069,1983,Fly Point-Halifax Park,1
Ostorhinchus limenus,-32.71,152.16,2010,6,5,5,2,-33_152,21.71309455235799,20.412281036376953,21.233464664610445,20.638221799002753,1983,Fly Point-Halifax Park,1
Ostorhinchus limenus,-32.71,152.15,2009,5,10,10,3,-33_152,21.148912747701008,20.721540451049805,20.95820614353018,22.08618232768069,1983,Fly Point-Halifax Park,1
Ostorhinchus limenus,-33.8,151.27,2009,3,29,12.5,2,-34_151,20.488441785176597,23.1658992767334,20.580270093114816,23.29459628751201,NA,NA,0
Ostorhinchus limenus,-33.8,151.27,2009,3,29,5,10,-34_151,20.488441785176597,23.1658992767334,20.580270093114816,23.29459628751201,NA,NA,0
Ostorhinchus limenus,-33.8,151.27,2009,3,29,7.5,30,-34_151,20.488441785176597,23.1658992767334,20.580270093114816,23.29459628751201,NA,NA,0
Ostorhinchus limenus,-33.8,151.27,2009,3,29,10,10,-34_151,20.488441785176597,23.1658992767334,20.580270093114816,23.29459628751201,NA,NA,0
Ostorhinchus limenus,-33.81,151.28,2009,12,13,7.5,6,-34_151,20.488441785176597,21.631641387939453,20.580270093114816,21.47491884231567,NA,NA,0
Ostorhinchus limenus,-33.81,151.28,2009,12,13,10,4,-34_151,20.488441785176597,21.631641387939453,20.580270093114816,21.47491884231567,NA,NA,0
Ostorhinchus limenus,-33.81,151.28,2009,12,13,7.5,4,-34_151,20.488441785176597,21.631641387939453,20.580270093114816,21.47491884231567,NA,NA,0
Ostorhinchus limenus,-33.81,151.28,2009,12,13,10,4,-34_151,20.488441785176597,21.631641387939453,20.580270093114816,21.47491884231567,NA,NA,0
Ostorhinchus limenus,-33.84,151.28,2009,8,2,5,1,-34_151,20.488441785176597,18.304466247558594,20.580270093114816,17.557902828339607,NA,NA,0
Ostorhinchus limenus,-33.84,151.28,2009,8,2,7.5,5,-34_151,20.488441785176597,18.304466247558594,20.580270093114816,17.557902828339607,NA,NA,0
Ostorhinchus limenus,-33.84,151.28,2009,8,2,10,11,-34_151,20.488441785176597,18.304466247558594,20.580270093114816,17.557902828339607,NA,NA,0
Ostorhinchus limenus,-33.84,151.28,2009,8,2,7.5,6,-34_151,20.488441785176597,18.304466247558594,20.580270093114816,17.557902828339607,NA,NA,0
Ostorhinchus limenus,-33.84,151.28,2009,8,2,10,8,-34_151,20.488441785176597,18.304466247558594,20.580270093114816,17.557902828339607,NA,NA,0
Ostorhinchus limenus,-33.84,151.28,2009,8,2,7.5,1,-34_151,20.488441785176597,18.304466247558594,20.580270093114816,17.557902828339607,NA,NA,0
Ostorhinchus limenus,-33.84,151.28,2009,8,2,10,10,-34_151,20.488441785176597,18.304466247558594,20.580270093114816,17.557902828339607,NA,NA,0
Ostorhinchus limenus,-33.84,151.28,2009,8,2,10,10,-34_151,20.488441785176597,18.304466247558594,20.580270093114816,17.557902828339607,NA,NA,0
Ostorhinchus limenus,-33.84,151.28,2009,8,2,7.5,2,-34_151,20.488441785176597,18.304466247558594,20.580270093114816,17.557902828339607,NA,NA,0
Ostorhinchus limenus,-33.84,151.28,2009,8,2,10,20,-34_151,20.488441785176597,18.304466247558594,20.580270093114816,17.557902828339607,NA,NA,0
Ostorhinchus limenus,-33.84,151.28,2009,8,2,5,1,-34_151,20.488441785176597,18.304466247558594,20.580270093114816,17.557902828339607,NA,NA,0
Ostorhinchus limenus,-33.84,151.28,2009,8,2,7.5,20,-34_151,20.488441785176597,18.304466247558594,20.580270093114816,17.557902828339607,NA,NA,0
Ostorhinchus limenus,-33.84,151.28,2009,8,2,10,12,-34_151,20.488441785176597,18.304466247558594,20.580270093114816,17.557902828339607,NA,NA,0
Ostorhinchus limenus,-32.71,152.15,2010,5,27,5,2,-33_152,21.71309455235799,22.11063003540039,21.233464664610445,22.73542957921182,1983,Fly Point-Halifax Park,1
Ostorhinchus limenus,-32.71,152.15,2009,8,15,10,2,-33_152,21.148912747701008,19.017101287841797,20.95820614353018,18.049354435295182,1983,Fly Point-Halifax Park,1
Ostorhinchus limenus,-32.71,152.16,2009,5,10,7.5,1,-33_152,21.148912747701008,20.721540451049805,20.95820614353018,22.08618232768069,1983,Fly Point-Halifax Park,1
Ostorhinchus limenus,-35.02,150.76,2010,3,29,7.5,1,-35_151,20.288724263509113,22.983264923095703,20.43436043554655,23.292150046235772,2002,Jervis Bay Marine Park,0
Ostorhinchus limenus,-35.02,150.76,2010,3,29,10,2,-35_151,20.288724263509113,22.983264923095703,20.43436043554655,23.292150046235772,2002,Jervis Bay Marine Park,0
Ostorhinchus limenus,-35.12,150.75,2010,3,27,12.5,1,-35_151,20.288724263509113,22.983264923095703,20.43436043554655,23.292150046235772,NA,NA,0
Ostorhinchus limenus,-35.12,150.75,2010,3,27,12.5,2,-35_151,20.288724263509113,22.983264923095703,20.43436043554655,23.292150046235772,NA,NA,0
Ostorhinchus limenus,-35.12,150.75,2010,3,27,12.5,3,-35_151,20.288724263509113,22.983264923095703,20.43436043554655,23.292150046235772,NA,NA,0
Ostorhinchus limenus,-35.13,150.73,2010,3,27,15,1,-35_151,20.288724263509113,22.983264923095703,20.43436043554655,23.292150046235772,NA,NA,0
Ostorhinchus limenus,-35.13,150.73,2010,3,27,7.5,1,-35_151,20.288724263509113,22.983264923095703,20.43436043554655,23.292150046235772,NA,NA,0
Ostorhinchus limenus,-35.13,150.73,2010,3,27,7.5,3,-35_151,20.288724263509113,22.983264923095703,20.43436043554655,23.292150046235772,NA,NA,0
Ostorhinchus limenus,-35.13,150.73,2010,3,27,10,3,-35_151,20.288724263509113,22.983264923095703,20.43436043554655,23.292150046235772,NA,NA,0
Ostorhinchus limenus,-35.13,150.73,2010,3,27,12.5,1,-35_151,20.288724263509113,22.983264923095703,20.43436043554655,23.292150046235772,NA,NA,0
Ostorhinchus limenus,-35.13,150.73,2010,3,27,10,1,-35_151,20.288724263509113,22.983264923095703,20.43436043554655,23.292150046235772,NA,NA,0
Ostorhinchus limenus,-35.13,150.73,2010,3,27,7.5,1,-35_151,20.288724263509113,22.983264923095703,20.43436043554655,23.292150046235772,NA,NA,0
Ostorhinchus limenus,-35.02,150.76,2010,3,29,12.5,2,-35_151,20.288724263509113,22.983264923095703,20.43436043554655,23.292150046235772,2002,Jervis Bay Marine Park,0
Ostorhinchus limenus,-35.13,150.73,2010,3,27,10,2,-35_151,20.288724263509113,22.983264923095703,20.43436043554655,23.292150046235772,NA,NA,0
Ostorhinchus limenus,-35.08,150.8,2010,3,28,12.5,2,-35_151,20.288724263509113,22.983264923095703,20.43436043554655,23.292150046235772,2002,Jervis Bay Marine Park,0
Ostorhinchus limenus,-35.02,150.76,2010,3,29,12.5,1,-35_151,20.288724263509113,22.983264923095703,20.43436043554655,23.292150046235772,2002,Jervis Bay Marine Park,0
Ostorhinchus limenus,-35.02,150.76,2010,3,29,7.5,3,-35_151,20.288724263509113,22.983264923095703,20.43436043554655,23.292150046235772,2002,Jervis Bay Marine Park,0
Ostorhinchus limenus,-35.11,150.77,2010,3,27,12.5,1,-35_151,20.288724263509113,22.983264923095703,20.43436043554655,23.292150046235772,2002,Booderee National Park,0
Ostorhinchus limenus,-35.12,150.71,2010,3,27,12.5,1,-35_151,20.288724263509113,22.983264923095703,20.43436043554655,23.292150046235772,NA,NA,0
Ostorhinchus limenus,-35.12,150.71,2010,3,27,15,2,-35_151,20.288724263509113,22.983264923095703,20.43436043554655,23.292150046235772,NA,NA,0
Ostorhinchus limenus,-35.12,150.71,2010,3,27,15,1,-35_151,20.288724263509113,22.983264923095703,20.43436043554655,23.292150046235772,NA,NA,0
Ostorhinchus limenus,-35.08,150.8,2008,6,8,10,1,-35_151,19.43103837966919,18.623075485229492,19.40620510758396,18.877443970574273,2002,Jervis Bay Marine Park,0
Ostorhinchus limenus,-32.71,152.16,2009,5,9,5,1,-33_152,21.148912747701008,20.721540451049805,20.95820614353018,22.08618232768069,1983,Fly Point-Halifax Park,1
Ostorhinchus limenus,-32.71,152.16,2009,5,9,7.5,1,-33_152,21.148912747701008,20.721540451049805,20.95820614353018,22.08618232768069,1983,Fly Point-Halifax Park,1
Ostorhinchus limenus,-32.71,152.16,2009,5,9,12.5,1,-33_152,21.148912747701008,20.721540451049805,20.95820614353018,22.08618232768069,1983,Fly Point-Halifax Park,1
Ostorhinchus limenus,-32.71,152.16,2009,5,9,12.5,2,-33_152,21.148912747701008,20.721540451049805,20.95820614353018,22.08618232768069,1983,Fly Point-Halifax Park,1
Ostorhinchus limenus,-32.71,152.16,2009,5,9,10,3,-33_152,21.148912747701008,20.721540451049805,20.95820614353018,22.08618232768069,1983,Fly Point-Halifax Park,1
Ostorhinchus limenus,-33.99,151.23,2009,12,10,5,2,-34_151,20.488441785176597,21.631641387939453,20.580270093114816,21.47491884231567,NA,NA,0
Ostorhinchus limenus,-33.99,151.23,2009,12,10,10,1,-34_151,20.488441785176597,21.631641387939453,20.580270093114816,21.47491884231567,NA,NA,0
Ostorhinchus limenus,-33.99,151.23,2009,12,10,12.5,3,-34_151,20.488441785176597,21.631641387939453,20.580270093114816,21.47491884231567,NA,NA,0
Ostorhinchus limenus,-33.99,151.23,2009,12,10,12.5,4,-34_151,20.488441785176597,21.631641387939453,20.580270093114816,21.47491884231567,NA,NA,0
Ostorhinchus limenus,-35.12,150.71,2010,3,27,12.5,1,-35_151,20.288724263509113,22.983264923095703,20.43436043554655,23.292150046235772,NA,NA,0
Ostorhinchus limenus,-35.12,150.71,2010,3,27,12.5,1,-35_151,20.288724263509113,22.983264923095703,20.43436043554655,23.292150046235772,NA,NA,0
Ostorhinchus limenus,-35.12,150.71,2010,3,27,10,1,-35_151,20.288724263509113,22.983264923095703,20.43436043554655,23.292150046235772,NA,NA,0
Ostorhinchus limenus,-35.12,150.75,2010,3,27,15,1,-35_151,20.288724263509113,22.983264923095703,20.43436043554655,23.292150046235772,NA,NA,0
Ostorhinchus limenus,-35.11,150.77,2010,3,27,15,1,-35_151,20.288724263509113,22.983264923095703,20.43436043554655,23.292150046235772,NA,NA,0
Ostorhinchus limenus,-35.11,150.77,2008,2,4,7.5,3,-35_151,19.43103837966919,22.321590423583984,19.40620510758396,22.67701089793238,NA,NA,0
Ostorhinchus limenus,-35.11,150.77,2008,2,4,10,1,-35_151,19.43103837966919,22.321590423583984,19.40620510758396,22.67701089793238,NA,NA,0
Ostorhinchus limenus,-35.11,150.77,2008,2,4,7.5,4,-35_151,19.43103837966919,22.321590423583984,19.40620510758396,22.67701089793238,NA,NA,0
Ostorhinchus limenus,-35.11,150.77,2008,2,18,2.5,2,-35_151,19.43103837966919,22.321590423583984,19.40620510758396,22.67701089793238,NA,NA,0
Ostorhinchus limenus,-35.11,150.77,2008,2,18,5,1,-35_151,19.43103837966919,22.321590423583984,19.40620510758396,22.67701089793238,NA,NA,0
Ostorhinchus limenus,-35.05,150.84,2008,5,8,7.5,1,-35_151,19.43103837966919,19.03557014465332,19.40620510758396,18.734945789460212,NA,NA,0
Ostorhinchus limenus,-35.05,150.84,2008,5,8,10,1,-35_151,19.43103837966919,19.03557014465332,19.40620510758396,18.734945789460212,NA,NA,0
Ostorhinchus limenus,-33.82,151.27,2009,12,11,7.5,1,-34_151,20.488441785176597,21.631641387939453,20.580270093114816,21.47491884231567,NA,NA,0
Ostorhinchus limenus,-33.82,151.27,2009,12,11,10,31,-34_151,20.488441785176597,21.631641387939453,20.580270093114816,21.47491884231567,NA,NA,0
Ostorhinchus limenus,-33.82,151.27,2009,12,11,12.5,2,-34_151,20.488441785176597,21.631641387939453,20.580270093114816,21.47491884231567,NA,NA,0
Ostorhinchus limenus,-33.82,151.27,2009,12,11,10,4,-34_151,20.488441785176597,21.631641387939453,20.580270093114816,21.47491884231567,NA,NA,0
Ostorhinchus limenus,-33.82,151.27,2009,12,11,12.5,22,-34_151,20.488441785176597,21.631641387939453,20.580270093114816,21.47491884231567,NA,NA,0
Ostorhinchus limenus,-33.8,151.3,2010,4,18,5,5,-34_151,20.932119687398277,22.96302604675293,20.773523899719034,22.82108276685079,2002,Cabbage Tree Bay Aquatic Reserve,0
Ostorhinchus limenus,-33.8,151.3,2010,4,18,7.5,17,-34_151,20.932119687398277,22.96302604675293,20.773523899719034,22.82108276685079,2002,Cabbage Tree Bay Aquatic Reserve,0
Ostorhinchus limenus,-33.8,151.3,2010,4,18,10,4,-34_151,20.932119687398277,22.96302604675293,20.773523899719034,22.82108276685079,2002,Cabbage Tree Bay Aquatic Reserve,0
Ostorhinchus limenus,-33.8,151.3,2010,4,18,15,5,-34_151,20.932119687398277,22.96302604675293,20.773523899719034,22.82108276685079,2002,Cabbage Tree Bay Aquatic Reserve,0
Ostorhinchus limenus,-33.8,151.3,2010,4,18,5,19,-34_151,20.932119687398277,22.96302604675293,20.773523899719034,22.82108276685079,2002,Cabbage Tree Bay Aquatic Reserve,0
Ostorhinchus limenus,-33.8,151.3,2010,4,18,7.5,2,-34_151,20.932119687398277,22.96302604675293,20.773523899719034,22.82108276685079,2002,Cabbage Tree Bay Aquatic Reserve,0
Ostorhinchus limenus,-33.8,151.3,2010,4,18,10,2,-34_151,20.932119687398277,22.96302604675293,20.773523899719034,22.82108276685079,2002,Cabbage Tree Bay Aquatic Reserve,0
Ostorhinchus limenus,-33.8,151.3,2010,4,18,12.5,3,-34_151,20.932119687398277,22.96302604675293,20.773523899719034,22.82108276685079,2002,Cabbage Tree Bay Aquatic Reserve,0
Ostorhinchus limenus,-33.8,151.3,2010,4,18,5,75,-34_151,20.932119687398277,22.96302604675293,20.773523899719034,22.82108276685079,2002,Cabbage Tree Bay Aquatic Reserve,0
Ostorhinchus limenus,-33.8,151.3,2010,4,18,7.5,15,-34_151,20.932119687398277,22.96302604675293,20.773523899719034,22.82108276685079,2002,Cabbage Tree Bay Aquatic Reserve,0
Ostorhinchus limenus,-33.8,151.3,2010,4,18,10,14,-34_151,20.932119687398277,22.96302604675293,20.773523899719034,22.82108276685079,2002,Cabbage Tree Bay Aquatic Reserve,0
Ostorhinchus limenus,-33.8,151.3,2010,4,18,15,4,-34_151,20.932119687398277,22.96302604675293,20.773523899719034,22.82108276685079,2002,Cabbage Tree Bay Aquatic Reserve,0
Ostorhinchus limenus,-33.82,151.27,2009,12,11,15,6,-34_151,20.488441785176597,21.631641387939453,20.580270093114816,21.47491884231567,NA,NA,0
Ostorhinchus limenus,-33.82,151.27,2009,12,11,15,8,-34_151,20.488441785176597,21.631641387939453,20.580270093114816,21.47491884231567,NA,NA,0
Ostorhinchus limenus,-33.82,151.27,2009,12,11,7.5,1,-34_151,20.488441785176597,21.631641387939453,20.580270093114816,21.47491884231567,NA,NA,0
Ostorhinchus limenus,-33.82,151.27,2009,12,11,10,4,-34_151,20.488441785176597,21.631641387939453,20.580270093114816,21.47491884231567,NA,NA,0
Ostorhinchus limenus,-33.82,151.27,2009,12,11,10,1,-34_151,20.488441785176597,21.631641387939453,20.580270093114816,21.47491884231567,NA,NA,0
Ostorhinchus limenus,-33.82,151.27,2009,12,11,12.5,3,-34_151,20.488441785176597,21.631641387939453,20.580270093114816,21.47491884231567,NA,NA,0
Ostorhinchus limenus,-33.82,151.27,2009,12,11,15,2,-34_151,20.488441785176597,21.631641387939453,20.580270093114816,21.47491884231567,NA,NA,0
Ostorhinchus limenus,-33.8,151.3,2010,4,18,7.5,6,-34_151,20.932119687398277,22.96302604675293,20.773523899719034,22.82108276685079,2002,Cabbage Tree Bay Aquatic Reserve,0
Ostorhinchus limenus,-33.8,151.3,2010,4,18,10,2,-34_151,20.932119687398277,22.96302604675293,20.773523899719034,22.82108276685079,2002,Cabbage Tree Bay Aquatic Reserve,0
Ostorhinchus limenus,-33.8,151.3,2010,4,18,12.5,3,-34_151,20.932119687398277,22.96302604675293,20.773523899719034,22.82108276685079,2002,Cabbage Tree Bay Aquatic Reserve,0
Ostorhinchus limenus,-33.8,151.3,2010,4,26,7.5,1,-34_151,20.932119687398277,22.96302604675293,20.773523899719034,22.82108276685079,2002,Cabbage Tree Bay Aquatic Reserve,0
Ostorhinchus limenus,-33.8,151.3,2010,4,26,10,1,-34_151,20.932119687398277,22.96302604675293,20.773523899719034,22.82108276685079,2002,Cabbage Tree Bay Aquatic Reserve,0
Ostorhinchus limenus,-33.8,151.3,2009,5,16,7.5,6,-34_151,20.488441785176597,20.27542304992676,20.580270093114816,21.80475756429857,2002,Cabbage Tree Bay Aquatic Reserve,0
Ostorhinchus limenus,-33.8,151.3,2009,5,16,10,7,-34_151,20.488441785176597,20.27542304992676,20.580270093114816,21.80475756429857,2002,Cabbage Tree Bay Aquatic Reserve,0
Ostorhinchus limenus,-33.8,151.3,2009,5,16,12.5,2,-34_151,20.488441785176597,20.27542304992676,20.580270093114816,21.80475756429857,2002,Cabbage Tree Bay Aquatic Reserve,0
Ostorhinchus limenus,-33.8,151.3,2009,5,16,7.5,5,-34_151,20.488441785176597,20.27542304992676,20.580270093114816,21.80475756429857,2002,Cabbage Tree Bay Aquatic Reserve,0
Ostorhinchus limenus,-33.8,151.3,2009,5,16,12.5,3,-34_151,20.488441785176597,20.27542304992676,20.580270093114816,21.80475756429857,2002,Cabbage Tree Bay Aquatic Reserve,0
Ostorhinchus limenus,-33.8,151.3,2010,4,18,5,20,-34_151,20.932119687398277,22.96302604675293,20.773523899719034,22.82108276685079,2002,Cabbage Tree Bay Aquatic Reserve,0
Ostorhinchus limenus,-33.8,151.3,2010,4,18,7.5,2,-34_151,20.932119687398277,22.96302604675293,20.773523899719034,22.82108276685079,2002,Cabbage Tree Bay Aquatic Reserve,0
Ostorhinchus limenus,-33.8,151.3,2010,4,18,10,2,-34_151,20.932119687398277,22.96302604675293,20.773523899719034,22.82108276685079,2002,Cabbage Tree Bay Aquatic Reserve,0
Ostorhinchus limenus,-33.8,151.3,2010,4,18,5,1,-34_151,20.932119687398277,22.96302604675293,20.773523899719034,22.82108276685079,2002,Cabbage Tree Bay Aquatic Reserve,0
Ostorhinchus limenus,-33.8,151.3,2010,4,18,7.5,7,-34_151,20.932119687398277,22.96302604675293,20.773523899719034,22.82108276685079,2002,Cabbage Tree Bay Aquatic Reserve,0
Ostorhinchus limenus,-33.8,151.3,2010,4,18,10,5,-34_151,20.932119687398277,22.96302604675293,20.773523899719034,22.82108276685079,2002,Cabbage Tree Bay Aquatic Reserve,0
Ostorhinchus limenus,-33.8,151.3,2010,4,18,12.5,4,-34_151,20.932119687398277,22.96302604675293,20.773523899719034,22.82108276685079,2002,Cabbage Tree Bay Aquatic Reserve,0
Ostorhinchus limenus,-33.8,151.3,2010,4,18,2.5,1,-34_151,20.932119687398277,22.96302604675293,20.773523899719034,22.82108276685079,2002,Cabbage Tree Bay Aquatic Reserve,0
Ostorhinchus limenus,-33.8,151.3,2010,4,18,5,37,-34_151,20.932119687398277,22.96302604675293,20.773523899719034,22.82108276685079,2002,Cabbage Tree Bay Aquatic Reserve,0
Ostorhinchus limenus,-33.8,151.3,2010,4,18,5,22,-34_151,20.932119687398277,22.96302604675293,20.773523899719034,22.82108276685079,2002,Cabbage Tree Bay Aquatic Reserve,0
Ostorhinchus limenus,-33.8,151.3,2010,4,18,10,1,-34_151,20.932119687398277,22.96302604675293,20.773523899719034,22.82108276685079,2002,Cabbage Tree Bay Aquatic Reserve,0
Ostorhinchus limenus,-33.8,151.3,2010,4,18,12.5,4,-34_151,20.932119687398277,22.96302604675293,20.773523899719034,22.82108276685079,2002,Cabbage Tree Bay Aquatic Reserve,0
Ostorhinchus limenus,-33.8,151.3,2010,4,18,15,3,-34_151,20.932119687398277,22.96302604675293,20.773523899719034,22.82108276685079,2002,Cabbage Tree Bay Aquatic Reserve,0
Ostorhinchus limenus,-33.85,151.22,2010,2,21,10,1,-34_151,20.932119687398277,24.227298736572266,20.773523899719034,24.04741014753069,NA,NA,0
Ostorhinchus limenus,-33.85,151.22,2010,2,21,12.5,1,-34_151,20.932119687398277,24.227298736572266,20.773523899719034,24.04741014753069,NA,NA,0
Ostorhinchus limenus,-33.85,151.22,2010,2,21,2.5,6,-34_151,20.932119687398277,24.227298736572266,20.773523899719034,24.04741014753069,NA,NA,0
Ostorhinchus limenus,-33.85,151.22,2010,2,21,5,5,-34_151,20.932119687398277,24.227298736572266,20.773523899719034,24.04741014753069,NA,NA,0
Ostorhinchus limenus,-33.85,151.22,2010,2,21,7.5,11,-34_151,20.932119687398277,24.227298736572266,20.773523899719034,24.04741014753069,NA,NA,0
Ostorhinchus limenus,-33.85,151.22,2010,2,21,10,11,-34_151,20.932119687398277,24.227298736572266,20.773523899719034,24.04741014753069,NA,NA,0
Ostorhinchus limenus,-33.85,151.22,2010,2,21,10,1,-34_151,20.932119687398277,24.227298736572266,20.773523899719034,24.04741014753069,NA,NA,0
Ostorhinchus limenus,-33.85,151.22,2010,2,21,2.5,6,-34_151,20.932119687398277,24.227298736572266,20.773523899719034,24.04741014753069,NA,NA,0
Ostorhinchus limenus,-33.85,151.22,2010,2,21,7.5,6,-34_151,20.932119687398277,24.227298736572266,20.773523899719034,24.04741014753069,NA,NA,0
Ostorhinchus limenus,-33.85,151.22,2010,2,21,10,5,-34_151,20.932119687398277,24.227298736572266,20.773523899719034,24.04741014753069,NA,NA,0
Ostorhinchus limenus,-33.84,151.26,2010,2,24,5,2,-34_151,20.932119687398277,24.227298736572266,20.773523899719034,24.04741014753069,NA,NA,0
Ostorhinchus limenus,-33.84,151.26,2010,2,24,7.5,3,-34_151,20.932119687398277,24.227298736572266,20.773523899719034,24.04741014753069,NA,NA,0
Ostorhinchus limenus,-33.84,151.26,2010,2,24,5,2,-34_151,20.932119687398277,24.227298736572266,20.773523899719034,24.04741014753069,NA,NA,0
Ostorhinchus limenus,-33.84,151.26,2010,2,24,7.5,4,-34_151,20.932119687398277,24.227298736572266,20.773523899719034,24.04741014753069,NA,NA,0
Ostorhinchus limenus,-33.84,151.25,2010,2,24,10,15,-34_151,20.932119687398277,24.227298736572266,20.773523899719034,24.04741014753069,NA,NA,0
Ostorhinchus limenus,-33.84,151.25,2010,2,24,2.5,2,-34_151,20.932119687398277,24.227298736572266,20.773523899719034,24.04741014753069,NA,NA,0
Ostorhinchus limenus,-33.84,151.25,2010,2,24,5,3,-34_151,20.932119687398277,24.227298736572266,20.773523899719034,24.04741014753069,NA,NA,0
Ostorhinchus limenus,-33.84,151.25,2010,2,24,7.5,8,-34_151,20.932119687398277,24.227298736572266,20.773523899719034,24.04741014753069,NA,NA,0
Ostorhinchus limenus,-33.84,151.25,2010,2,24,2.5,15,-34_151,20.932119687398277,24.227298736572266,20.773523899719034,24.04741014753069,NA,NA,0
Ostorhinchus limenus,-33.84,151.25,2010,2,24,5,21,-34_151,20.932119687398277,24.227298736572266,20.773523899719034,24.04741014753069,NA,NA,0
Ostorhinchus limenus,-33.84,151.25,2010,2,24,7.5,22,-34_151,20.932119687398277,24.227298736572266,20.773523899719034,24.04741014753069,NA,NA,0
Ostorhinchus limenus,-33.84,151.25,2010,2,24,10,28,-34_151,20.932119687398277,24.227298736572266,20.773523899719034,24.04741014753069,NA,NA,0
Ostorhinchus limenus,-33.84,151.25,2010,2,24,10,35,-34_151,20.932119687398277,24.227298736572266,20.773523899719034,24.04741014753069,NA,NA,0
Ostorhinchus limenus,-33.86,151.22,2010,2,21,2.5,2,-34_151,20.932119687398277,24.227298736572266,20.773523899719034,24.04741014753069,NA,NA,0
Ostorhinchus limenus,-33.86,151.22,2010,2,21,7.5,4,-34_151,20.932119687398277,24.227298736572266,20.773523899719034,24.04741014753069,NA,NA,0
Ostorhinchus limenus,-33.86,151.22,2010,2,21,2.5,4,-34_151,20.932119687398277,24.227298736572266,20.773523899719034,24.04741014753069,NA,NA,0
Ostorhinchus limenus,-33.86,151.22,2010,2,21,10,1,-34_151,20.932119687398277,24.227298736572266,20.773523899719034,24.04741014753069,NA,NA,0
Ostorhinchus limenus,-33.86,151.24,2010,2,21,5,7,-34_151,20.932119687398277,24.227298736572266,20.773523899719034,24.04741014753069,NA,NA,0
Ostorhinchus limenus,-33.86,151.24,2010,2,21,7.5,44,-34_151,20.932119687398277,24.227298736572266,20.773523899719034,24.04741014753069,NA,NA,0
Ostorhinchus limenus,-33.86,151.24,2010,2,21,10,50,-34_151,20.932119687398277,24.227298736572266,20.773523899719034,24.04741014753069,NA,NA,0
Ostorhinchus limenus,-33.86,151.24,2010,2,21,5,15,-34_151,20.932119687398277,24.227298736572266,20.773523899719034,24.04741014753069,NA,NA,0
Ostorhinchus limenus,-33.86,151.24,2010,2,21,7.5,45,-34_151,20.932119687398277,24.227298736572266,20.773523899719034,24.04741014753069,NA,NA,0
Ostorhinchus limenus,-33.86,151.24,2010,2,21,10,6,-34_151,20.932119687398277,24.227298736572266,20.773523899719034,24.04741014753069,NA,NA,0
Ostorhinchus limenus,-33.86,151.24,2010,2,21,5,2,-34_151,20.932119687398277,24.227298736572266,20.773523899719034,24.04741014753069,NA,NA,0
Ostorhinchus limenus,-33.86,151.24,2010,2,21,7.5,22,-34_151,20.932119687398277,24.227298736572266,20.773523899719034,24.04741014753069,NA,NA,0
Ostorhinchus limenus,-33.85,151.25,2010,2,21,5,8,-34_151,20.932119687398277,24.227298736572266,20.773523899719034,24.04741014753069,NA,NA,0
Ostorhinchus limenus,-33.85,151.25,2010,2,21,7.5,15,-34_151,20.932119687398277,24.227298736572266,20.773523899719034,24.04741014753069,NA,NA,0
Ostorhinchus limenus,-33.85,151.25,2010,2,21,10,4,-34_151,20.932119687398277,24.227298736572266,20.773523899719034,24.04741014753069,NA,NA,0
Ostorhinchus limenus,-33.85,151.25,2010,2,21,5,4,-34_151,20.932119687398277,24.227298736572266,20.773523899719034,24.04741014753069,NA,NA,0
Ostorhinchus limenus,-33.85,151.25,2010,2,21,7.5,12,-34_151,20.932119687398277,24.227298736572266,20.773523899719034,24.04741014753069,NA,NA,0
Ostorhinchus limenus,-33.85,151.25,2010,2,21,10,6,-34_151,20.932119687398277,24.227298736572266,20.773523899719034,24.04741014753069,NA,NA,0
Ostorhinchus limenus,-33.85,151.25,2010,2,21,7.5,3,-34_151,20.932119687398277,24.227298736572266,20.773523899719034,24.04741014753069,NA,NA,0
Ostorhinchus limenus,-33.82,151.27,2009,12,11,10,9,-34_151,20.488441785176597,21.631641387939453,20.580270093114816,21.47491884231567,NA,NA,0
Ostorhinchus limenus,-33.09,151.67,2009,5,9,12.5,1,-33_152,21.148912747701008,20.721540451049805,20.95820614353018,22.08618232768069,NA,NA,0
Ostorhinchus limenus,-33.09,151.67,2010,1,16,10,2,-33_152,21.71309455235799,23.890216827392575,21.233464664610445,23.48766078743883,NA,NA,0
Ostorhinchus limenus,-33.09,151.67,2010,1,16,12.5,2,-33_152,21.71309455235799,23.890216827392575,21.233464664610445,23.48766078743883,NA,NA,0
Ostorhinchus limenus,-33.09,151.67,2010,5,8,12.5,2,-33_152,21.71309455235799,22.11063003540039,21.233464664610445,22.73542957921182,NA,NA,0
Ostorhinchus limenus,-33.09,151.67,2010,5,8,5,4,-33_152,21.71309455235799,22.11063003540039,21.233464664610445,22.73542957921182,NA,NA,0
Ostorhinchus limenus,-33.09,151.67,2010,5,8,7.5,4,-33_152,21.71309455235799,22.11063003540039,21.233464664610445,22.73542957921182,NA,NA,0
Ostorhinchus limenus,-32.72,152.14,2010,6,13,5,2,-33_152,21.71309455235799,20.412281036376953,21.233464664610445,20.638221799002753,NA,NA,0
Ostorhinchus limenus,-35.08,150.77,2008,2,19,7.5,2,-35_151,19.43103837966919,22.321590423583984,19.40620510758396,22.67701089793238,2002,Jervis Bay Marine Park,0
Ostorhinchus limenus,-35.13,150.77,2008,2,21,7.5,1,-35_151,19.43103837966919,22.321590423583984,19.40620510758396,22.67701089793238,NA,NA,0
Ostorhinchus limenus,-35.13,150.77,2008,2,21,10,1,-35_151,19.43103837966919,22.321590423583984,19.40620510758396,22.67701089793238,NA,NA,0
Ostorhinchus limenus,-35.13,150.77,2008,2,21,7.5,3,-35_151,19.43103837966919,22.321590423583984,19.40620510758396,22.67701089793238,NA,NA,0
Ostorhinchus limenus,-35.13,150.77,2008,2,21,10,1,-35_151,19.43103837966919,22.321590423583984,19.40620510758396,22.67701089793238,NA,NA,0
Ostorhinchus limenus,-35.13,150.77,2008,2,21,7.5,4,-35_151,19.43103837966919,22.321590423583984,19.40620510758396,22.67701089793238,NA,NA,0
Ostorhinchus limenus,-35.13,150.77,2008,2,21,10,1,-35_151,19.43103837966919,22.321590423583984,19.40620510758396,22.67701089793238,NA,NA,0
Ostorhinchus limenus,-35.13,150.74,2008,2,18,5,2,-35_151,19.43103837966919,22.321590423583984,19.40620510758396,22.67701089793238,NA,NA,0
Ostorhinchus limenus,-35.13,150.74,2008,2,18,7.5,1,-35_151,19.43103837966919,22.321590423583984,19.40620510758396,22.67701089793238,NA,NA,0
Ostorhinchus limenus,-35.13,150.74,2008,2,18,10,4,-35_151,19.43103837966919,22.321590423583984,19.40620510758396,22.67701089793238,NA,NA,0
Ostorhinchus limenus,-35.13,150.74,2010,3,27,12.5,1,-35_151,20.288724263509113,22.983264923095703,20.43436043554655,23.292150046235772,NA,NA,0
Ostorhinchus limenus,-35.13,150.74,2010,3,27,5,27,-35_151,20.288724263509113,22.983264923095703,20.43436043554655,23.292150046235772,NA,NA,0
Ostorhinchus limenus,-35.12,150.76,2008,2,21,5,2,-35_151,19.43103837966919,22.321590423583984,19.40620510758396,22.67701089793238,2002,Booderee National Park,0
Ostorhinchus limenus,-35.12,150.76,2008,2,21,10,2,-35_151,19.43103837966919,22.321590423583984,19.40620510758396,22.67701089793238,2002,Booderee National Park,0
Ostorhinchus limenus,-33.86,151.27,2010,2,22,5,4,-34_151,20.932119687398277,24.227298736572266,20.773523899719034,24.04741014753069,NA,NA,0
Ostorhinchus limenus,-33.85,151.19,2010,2,22,2.5,6,-34_151,20.932119687398277,24.227298736572266,20.773523899719034,24.04741014753069,NA,NA,0
Ostorhinchus limenus,-33.85,151.19,2010,2,22,5,8,-34_151,20.932119687398277,24.227298736572266,20.773523899719034,24.04741014753069,NA,NA,0
Ostorhinchus limenus,-33.85,151.19,2010,2,22,7.5,15,-34_151,20.932119687398277,24.227298736572266,20.773523899719034,24.04741014753069,NA,NA,0
Ostorhinchus limenus,-33.85,151.19,2010,2,22,2.5,4,-34_151,20.932119687398277,24.227298736572266,20.773523899719034,24.04741014753069,NA,NA,0
Ostorhinchus limenus,-33.85,151.19,2010,2,22,5,14,-34_151,20.932119687398277,24.227298736572266,20.773523899719034,24.04741014753069,NA,NA,0
Ostorhinchus limenus,-33.86,151.26,2010,2,23,2.5,7,-34_151,20.932119687398277,24.227298736572266,20.773523899719034,24.04741014753069,NA,NA,0
Ostorhinchus limenus,-33.86,151.26,2010,2,23,5,7,-34_151,20.932119687398277,24.227298736572266,20.773523899719034,24.04741014753069,NA,NA,0
Ostorhinchus limenus,-33.86,151.26,2010,2,23,7.5,8,-34_151,20.932119687398277,24.227298736572266,20.773523899719034,24.04741014753069,NA,NA,0
Ostorhinchus limenus,-33.86,151.26,2010,2,23,10,30,-34_151,20.932119687398277,24.227298736572266,20.773523899719034,24.04741014753069,NA,NA,0
Ostorhinchus limenus,-33.86,151.26,2010,2,23,12.5,40,-34_151,20.932119687398277,24.227298736572266,20.773523899719034,24.04741014753069,NA,NA,0
Ostorhinchus limenus,-33.85,151.26,2010,2,23,5,2,-34_151,20.932119687398277,24.227298736572266,20.773523899719034,24.04741014753069,NA,NA,0
Ostorhinchus limenus,-33.85,151.26,2010,2,23,10,3,-34_151,20.932119687398277,24.227298736572266,20.773523899719034,24.04741014753069,NA,NA,0
Ostorhinchus limenus,-33.85,151.26,2010,2,23,7.5,8,-34_151,20.932119687398277,24.227298736572266,20.773523899719034,24.04741014753069,NA,NA,0
Ostorhinchus limenus,-33.85,151.26,2010,2,23,10,2,-34_151,20.932119687398277,24.227298736572266,20.773523899719034,24.04741014753069,NA,NA,0
Ostorhinchus limenus,-33.85,151.26,2010,2,23,12.5,8,-34_151,20.932119687398277,24.227298736572266,20.773523899719034,24.04741014753069,NA,NA,0
Ostorhinchus limenus,-33.85,151.26,2010,2,23,7.5,3,-34_151,20.932119687398277,24.227298736572266,20.773523899719034,24.04741014753069,NA,NA,0
Ostorhinchus limenus,-32.72,152.14,2009,5,8,10,1,-33_152,21.148912747701008,20.721540451049805,20.95820614353018,22.08618232768069,NA,NA,0
Ostorhinchus limenus,-32.71,152.18,2010,4,8,7.5,3,-33_152,21.71309455235799,23.75311279296875,21.233464664610445,23.756860531700983,NA,NA,0
Ostorhinchus limenus,-32.71,152.18,2010,4,8,10,3,-33_152,21.71309455235799,23.75311279296875,21.233464664610445,23.756860531700983,NA,NA,0
Ostorhinchus limenus,-32.71,152.18,2010,4,8,12.5,1,-33_152,21.71309455235799,23.75311279296875,21.233464664610445,23.756860531700983,NA,NA,0
Ostorhinchus limenus,-32.71,152.18,2010,4,8,10,1,-33_152,21.71309455235799,23.75311279296875,21.233464664610445,23.756860531700983,NA,NA,0
Ostorhinchus limenus,-32.72,152.14,2009,11,29,7.5,1,-33_152,21.148912747701008,21.234846115112305,20.95820614353018,21.01616621547275,NA,NA,0
Ostorhinchus limenus,-32.72,152.14,2010,5,13,7.5,1,-33_152,21.71309455235799,22.11063003540039,21.233464664610445,22.73542957921182,NA,NA,0
Ostorhinchus limenus,-32.71,152.16,2010,6,12,7.5,30,-33_152,21.71309455235799,20.412281036376953,21.233464664610445,20.638221799002753,1983,Fly Point-Halifax Park,1
Ostorhinchus limenus,-32.71,152.16,2010,6,12,12.5,4,-33_152,21.71309455235799,20.412281036376953,21.233464664610445,20.638221799002753,1983,Fly Point-Halifax Park,1
Ostorhinchus limenus,-32.71,152.16,2010,6,12,5,4,-33_152,21.71309455235799,20.412281036376953,21.233464664610445,20.638221799002753,1983,Fly Point-Halifax Park,1
Ostorhinchus limenus,-32.71,152.16,2010,6,12,7.5,4,-33_152,21.71309455235799,20.412281036376953,21.233464664610445,20.638221799002753,1983,Fly Point-Halifax Park,1
Ostorhinchus limenus,-32.75,152.17,2009,6,6,7.5,1,-33_152,21.148912747701008,19.543521881103516,20.95820614353018,20.194027339087594,NA,NA,0
Ostorhinchus limenus,-32.75,152.17,2009,6,14,10,1,-33_152,21.148912747701008,19.543521881103516,20.95820614353018,20.194027339087594,NA,NA,0
Ostorhinchus limenus,-32.75,152.17,2009,9,9,7.5,1,-33_152,21.148912747701008,19.250011444091797,20.95820614353018,18.54611071480645,NA,NA,0
Ostorhinchus limenus,-32.75,152.17,2010,2,14,7.5,2,-33_152,21.71309455235799,24.95189094543457,21.233464664610445,23.99877924010867,NA,NA,0
Ostorhinchus limenus,-34.07,151.16,2009,8,1,10,1,-34_151,20.488441785176597,18.304466247558594,20.580270093114816,17.557902828339607,NA,NA,0
Ostorhinchus limenus,-32.71,152.16,2010,10,15,5,2,-33_152,21.71309455235799,20.132946014404297,21.233464664610445,19.39545654994185,1983,Fly Point-Halifax Park,1
Ostorhinchus limenus,-32.71,152.16,2010,9,26,5,1,-33_152,21.71309455235799,18.550230026245117,21.233464664610445,18.28508290714688,1983,Fly Point-Halifax Park,1
Ostorhinchus limenus,-32.71,152.16,2010,10,9,7.5,1,-33_152,21.71309455235799,20.132946014404297,21.233464664610445,19.39545654994185,1983,Fly Point-Halifax Park,1
Ostorhinchus limenus,-32.71,152.16,2010,10,9,5,4,-33_152,21.71309455235799,20.132946014404297,21.233464664610445,19.39545654994185,1983,Fly Point-Halifax Park,1
Ostorhinchus limenus,-32.71,152.16,2010,11,28,5,1,-33_152,21.71309455235799,21.164127349853516,21.233464664610445,20.180860641267564,1983,Fly Point-Halifax Park,1
Ostorhinchus limenus,-32.71,152.16,2010,11,28,7.5,1,-33_152,21.71309455235799,21.164127349853516,21.233464664610445,20.180860641267564,1983,Fly Point-Halifax Park,1
Ostorhinchus limenus,-32.69,152.22,2010,11,21,5,3,-33_152,21.71309455235799,21.164127349853516,21.233464664610445,20.180860641267564,NA,NA,0
Ostorhinchus limenus,-32.71,152.16,2010,10,30,2.5,2,-33_152,21.71309455235799,20.132946014404297,21.233464664610445,19.39545654994185,1983,Fly Point-Halifax Park,1
Ostorhinchus limenus,-32.71,152.16,2011,1,24,5,2,-33_152,21.399254004160564,24.38715362548828,21.19576238272011,23.810456450267505,1983,Fly Point-Halifax Park,1
Ostorhinchus limenus,-32.71,152.16,2011,1,24,7.5,3,-33_152,21.399254004160564,24.38715362548828,21.19576238272011,23.810456450267505,1983,Fly Point-Halifax Park,1
Ostorhinchus limenus,-32.71,152.16,2011,1,24,10,1,-33_152,21.399254004160564,24.38715362548828,21.19576238272011,23.810456450267505,1983,Fly Point-Halifax Park,1
Ostorhinchus limenus,-32.69,152.22,2011,1,25,5,3,-33_152,21.399254004160564,24.38715362548828,21.19576238272011,23.810456450267505,NA,NA,0
Ostorhinchus limenus,-32.69,152.22,2011,1,25,7.5,4,-33_152,21.399254004160564,24.38715362548828,21.19576238272011,23.810456450267505,NA,NA,0
Ostorhinchus limenus,-32.69,152.22,2011,1,25,10,2,-33_152,21.399254004160564,24.38715362548828,21.19576238272011,23.810456450267505,NA,NA,0
Ostorhinchus limenus,-32.71,152.16,2011,1,23,7.5,1,-33_152,21.399254004160564,24.38715362548828,21.19576238272011,23.810456450267505,1983,Fly Point-Halifax Park,1
Ostorhinchus limenus,-32.71,152.16,2011,1,23,10,3,-33_152,21.399254004160564,24.38715362548828,21.19576238272011,23.810456450267505,1983,Fly Point-Halifax Park,1
Ostorhinchus limenus,-32.72,152.15,2011,1,29,7.5,3,-33_152,21.399254004160564,24.38715362548828,21.19576238272011,23.810456450267505,NA,NA,0
Ostorhinchus limenus,-32.74,152.19,2011,1,22,5,1,-33_152,21.399254004160564,24.38715362548828,21.19576238272011,23.810456450267505,NA,NA,0
Ostorhinchus limenus,-32.74,152.19,2011,1,22,7.5,2,-33_152,21.399254004160564,24.38715362548828,21.19576238272011,23.810456450267505,NA,NA,0
Ostorhinchus limenus,-32.74,152.19,2011,1,22,10,1,-33_152,21.399254004160564,24.38715362548828,21.19576238272011,23.810456450267505,NA,NA,0
Ostorhinchus limenus,-32.74,152.19,2011,1,22,5,2,-33_152,21.399254004160564,24.38715362548828,21.19576238272011,23.810456450267505,NA,NA,0
Ostorhinchus limenus,-32.74,152.2,2011,1,22,7.5,2,-33_152,21.399254004160564,24.38715362548828,21.19576238272011,23.810456450267505,NA,NA,0
Ostorhinchus limenus,-32.71,152.16,2011,1,2,5,3,-33_152,21.399254004160564,24.38715362548828,21.19576238272011,23.810456450267505,1983,Fly Point-Halifax Park,1
Ostorhinchus limenus,-32.69,152.22,2011,1,25,5,2,-33_152,21.399254004160564,24.38715362548828,21.19576238272011,23.810456450267505,NA,NA,0
Ostorhinchus limenus,-32.71,152.16,2011,1,31,5,1,-33_152,21.399254004160564,24.38715362548828,21.19576238272011,23.810456450267505,1983,Fly Point-Halifax Park,1
Ostorhinchus limenus,-32.71,152.16,2011,2,1,5,1,-33_152,21.399254004160564,24.478046417236328,21.19576238272011,23.549344658851624,1983,Fly Point-Halifax Park,1
Ostorhinchus limenus,-35.07,150.77,2011,4,17,10,1,-35_151,20.16364081700643,22.31734085083008,20.277484727943488,23.11599941253662,2002,Jervis Bay Marine Park,0
Ostorhinchus limenus,-35.07,150.77,2011,4,17,5,1,-35_151,20.16364081700643,22.31734085083008,20.277484727943488,23.11599941253662,2002,Jervis Bay Marine Park,0
Ostorhinchus limenus,-35.07,150.77,2011,4,17,7.5,4,-35_151,20.16364081700643,22.31734085083008,20.277484727943488,23.11599941253662,2002,Jervis Bay Marine Park,0
Ostorhinchus limenus,-35.07,150.77,2011,4,17,7.5,1,-35_151,20.16364081700643,22.31734085083008,20.277484727943488,23.11599941253662,2002,Jervis Bay Marine Park,0
Ostorhinchus limenus,-35.07,150.77,2011,4,17,2.5,200,-35_151,20.16364081700643,22.31734085083008,20.277484727943488,23.11599941253662,2002,Jervis Bay Marine Park,0
Ostorhinchus limenus,-35.07,150.77,2011,4,17,7.5,1,-35_151,20.16364081700643,22.31734085083008,20.277484727943488,23.11599941253662,2002,Jervis Bay Marine Park,0
Ostorhinchus limenus,-35.13,150.74,2011,4,15,2.5,5,-35_151,20.16364081700643,22.31734085083008,20.277484727943488,23.11599941253662,NA,NA,0
Ostorhinchus limenus,-35.13,150.74,2011,4,15,10,1,-35_151,20.16364081700643,22.31734085083008,20.277484727943488,23.11599941253662,NA,NA,0
Ostorhinchus limenus,-35.13,150.74,2011,4,15,12.5,1,-35_151,20.16364081700643,22.31734085083008,20.277484727943488,23.11599941253662,NA,NA,0
Ostorhinchus limenus,-35.13,150.74,2011,4,15,10,3,-35_151,20.16364081700643,22.31734085083008,20.277484727943488,23.11599941253662,NA,NA,0
Ostorhinchus limenus,-35.13,150.74,2011,4,15,7.5,1,-35_151,20.16364081700643,22.31734085083008,20.277484727943488,23.11599941253662,NA,NA,0
Ostorhinchus limenus,-35.13,150.74,2011,4,15,12.5,1,-35_151,20.16364081700643,22.31734085083008,20.277484727943488,23.11599941253662,NA,NA,0
Ostorhinchus limenus,-35.13,150.74,2011,4,15,10,13,-35_151,20.16364081700643,22.31734085083008,20.277484727943488,23.11599941253662,NA,NA,0
Ostorhinchus limenus,-35.13,150.74,2011,4,15,12.5,2,-35_151,20.16364081700643,22.31734085083008,20.277484727943488,23.11599941253662,NA,NA,0
Ostorhinchus limenus,-35.13,150.74,2011,4,15,5,10,-35_151,20.16364081700643,22.31734085083008,20.277484727943488,23.11599941253662,NA,NA,0
Ostorhinchus limenus,-35.13,150.74,2011,4,15,7.5,21,-35_151,20.16364081700643,22.31734085083008,20.277484727943488,23.11599941253662,NA,NA,0
Ostorhinchus limenus,-35.13,150.74,2011,4,15,10,1,-35_151,20.16364081700643,22.31734085083008,20.277484727943488,23.11599941253662,NA,NA,0
Ostorhinchus limenus,-35.13,150.74,2011,4,15,7.5,10,-35_151,20.16364081700643,22.31734085083008,20.277484727943488,23.11599941253662,NA,NA,0
Ostorhinchus limenus,-35.13,150.74,2011,4,15,5,1,-35_151,20.16364081700643,22.31734085083008,20.277484727943488,23.11599941253662,NA,NA,0
Ostorhinchus limenus,-35.13,150.74,2011,4,15,7.5,2,-35_151,20.16364081700643,22.31734085083008,20.277484727943488,23.11599941253662,NA,NA,0
Ostorhinchus limenus,-35.13,150.74,2011,4,15,5,4,-35_151,20.16364081700643,22.31734085083008,20.277484727943488,23.11599941253662,NA,NA,0
Ostorhinchus limenus,-35.13,150.74,2011,4,15,7.5,1,-35_151,20.16364081700643,22.31734085083008,20.277484727943488,23.11599941253662,NA,NA,0
Ostorhinchus limenus,-35.13,150.75,2011,4,16,5,21,-35_151,20.16364081700643,22.31734085083008,20.277484727943488,23.11599941253662,NA,NA,0
Ostorhinchus limenus,-35.13,150.75,2011,4,16,7.5,5,-35_151,20.16364081700643,22.31734085083008,20.277484727943488,23.11599941253662,NA,NA,0
Ostorhinchus limenus,-35.13,150.75,2011,4,16,10,3,-35_151,20.16364081700643,22.31734085083008,20.277484727943488,23.11599941253662,NA,NA,0
Ostorhinchus limenus,-35.13,150.75,2011,4,16,7.5,3,-35_151,20.16364081700643,22.31734085083008,20.277484727943488,23.11599941253662,NA,NA,0
Ostorhinchus limenus,-35.13,150.75,2011,4,16,10,4,-35_151,20.16364081700643,22.31734085083008,20.277484727943488,23.11599941253662,NA,NA,0
Ostorhinchus limenus,-35.13,150.75,2011,4,16,12.5,3,-35_151,20.16364081700643,22.31734085083008,20.277484727943488,23.11599941253662,NA,NA,0
Ostorhinchus limenus,-35.13,150.75,2011,4,16,15,2,-35_151,20.16364081700643,22.31734085083008,20.277484727943488,23.11599941253662,NA,NA,0
Ostorhinchus limenus,-35.13,150.75,2011,4,16,7.5,12,-35_151,20.16364081700643,22.31734085083008,20.277484727943488,23.11599941253662,NA,NA,0
Ostorhinchus limenus,-35.13,150.75,2011,4,16,7.5,10,-35_151,20.16364081700643,22.31734085083008,20.277484727943488,23.11599941253662,NA,NA,0
Ostorhinchus limenus,-35.13,150.75,2011,4,16,10,10,-35_151,20.16364081700643,22.31734085083008,20.277484727943488,23.11599941253662,NA,NA,0
Ostorhinchus limenus,-35.13,150.75,2011,4,16,10,2,-35_151,20.16364081700643,22.31734085083008,20.277484727943488,23.11599941253662,NA,NA,0
Ostorhinchus limenus,-33.85,151.25,2010,2,21,5,2,-34_151,20.932119687398277,24.227298736572266,20.773523899719034,24.04741014753069,NA,NA,0
Ostorhinchus limenus,-33.85,151.25,2010,2,21,12.5,2,-34_151,20.932119687398277,24.227298736572266,20.773523899719034,24.04741014753069,NA,NA,0
Ostorhinchus limenus,-33.86,151.26,2010,2,22,5,23,-34_151,20.932119687398277,24.227298736572266,20.773523899719034,24.04741014753069,NA,NA,0
Ostorhinchus limenus,-33.86,151.26,2010,2,22,2.5,5,-34_151,20.932119687398277,24.227298736572266,20.773523899719034,24.04741014753069,NA,NA,0
Ostorhinchus limenus,-33.86,151.26,2010,2,22,5,8,-34_151,20.932119687398277,24.227298736572266,20.773523899719034,24.04741014753069,NA,NA,0
Ostorhinchus limenus,-33.86,151.26,2010,2,22,7.5,8,-34_151,20.932119687398277,24.227298736572266,20.773523899719034,24.04741014753069,NA,NA,0
Ostorhinchus limenus,-33.86,151.26,2010,2,22,10,4,-34_151,20.932119687398277,24.227298736572266,20.773523899719034,24.04741014753069,NA,NA,0
Ostorhinchus limenus,-33.86,151.26,2010,2,22,5,1,-34_151,20.932119687398277,24.227298736572266,20.773523899719034,24.04741014753069,NA,NA,0
Ostorhinchus limenus,-33.86,151.26,2010,2,22,7.5,6,-34_151,20.932119687398277,24.227298736572266,20.773523899719034,24.04741014753069,NA,NA,0
Ostorhinchus limenus,-33.86,151.26,2010,2,22,2.5,12,-34_151,20.932119687398277,24.227298736572266,20.773523899719034,24.04741014753069,NA,NA,0
Ostorhinchus limenus,-33.86,151.26,2010,2,22,5,8,-34_151,20.932119687398277,24.227298736572266,20.773523899719034,24.04741014753069,NA,NA,0
Ostorhinchus limenus,-33.86,151.26,2010,2,22,7.5,16,-34_151,20.932119687398277,24.227298736572266,20.773523899719034,24.04741014753069,NA,NA,0
Ostorhinchus limenus,-33.86,151.26,2010,2,22,10,9,-34_151,20.932119687398277,24.227298736572266,20.773523899719034,24.04741014753069,NA,NA,0
Ostorhinchus limenus,-32.71,152.18,2011,3,14,5,5,-33_152,21.399254004160564,23.949668884277344,21.19576238272011,24.001047893237043,NA,NA,0
Ostorhinchus limenus,-32.71,152.18,2011,3,14,7.5,4,-33_152,21.399254004160564,23.949668884277344,21.19576238272011,24.001047893237043,NA,NA,0
Ostorhinchus limenus,-32.71,152.18,2011,3,14,7.5,1,-33_152,21.399254004160564,23.949668884277344,21.19576238272011,24.001047893237043,NA,NA,0
Ostorhinchus limenus,-35.12,150.75,2011,4,16,7.5,8,-35_151,20.16364081700643,22.31734085083008,20.277484727943488,23.11599941253662,NA,NA,0
Ostorhinchus limenus,-35.12,150.75,2011,4,16,10,2,-35_151,20.16364081700643,22.31734085083008,20.277484727943488,23.11599941253662,NA,NA,0
Ostorhinchus limenus,-35.12,150.75,2011,4,16,12.5,4,-35_151,20.16364081700643,22.31734085083008,20.277484727943488,23.11599941253662,NA,NA,0
Ostorhinchus limenus,-35.13,150.73,2011,4,15,10,4,-35_151,20.16364081700643,22.31734085083008,20.277484727943488,23.11599941253662,NA,NA,0
Ostorhinchus limenus,-35.13,150.73,2011,4,15,7.5,3,-35_151,20.16364081700643,22.31734085083008,20.277484727943488,23.11599941253662,NA,NA,0
Ostorhinchus limenus,-35.13,150.73,2011,4,15,10,6,-35_151,20.16364081700643,22.31734085083008,20.277484727943488,23.11599941253662,NA,NA,0
Ostorhinchus limenus,-35.13,150.73,2011,4,15,7.5,2,-35_151,20.16364081700643,22.31734085083008,20.277484727943488,23.11599941253662,NA,NA,0
Ostorhinchus limenus,-35.13,150.73,2011,4,15,10,1,-35_151,20.16364081700643,22.31734085083008,20.277484727943488,23.11599941253662,NA,NA,0
Ostorhinchus limenus,-35.13,150.73,2011,4,15,12.5,1,-35_151,20.16364081700643,22.31734085083008,20.277484727943488,23.11599941253662,NA,NA,0
Ostorhinchus limenus,-35.08,150.8,2011,4,18,7.5,1,-35_151,20.16364081700643,22.31734085083008,20.277484727943488,23.11599941253662,2002,Jervis Bay Marine Park,0
Ostorhinchus limenus,-33.82,151.29,2011,3,28,12.5,2,-34_151,20.72282870610555,23.22764015197754,20.846456927244198,23.384273667489328,NA,NA,0
Ostorhinchus limenus,-35.06,150.77,2011,4,17,10,1,-35_151,20.16364081700643,22.31734085083008,20.277484727943488,23.11599941253662,2002,Jervis Bay Marine Park,0
Ostorhinchus limenus,-33.82,151.29,2011,3,28,10,3,-34_151,20.72282870610555,23.22764015197754,20.846456927244198,23.384273667489328,NA,NA,0
Ostorhinchus limenus,-33.82,151.29,2011,3,28,12.5,14,-34_151,20.72282870610555,23.22764015197754,20.846456927244198,23.384273667489328,NA,NA,0
Ostorhinchus limenus,-33.83,151.28,2011,3,28,10,2,-34_151,20.72282870610555,23.22764015197754,20.846456927244198,23.384273667489328,NA,NA,0
Ostorhinchus limenus,-33.83,151.28,2011,3,28,12.5,5,-34_151,20.72282870610555,23.22764015197754,20.846456927244198,23.384273667489328,NA,NA,0
Ostorhinchus limenus,-33.83,151.28,2011,3,28,5,3,-34_151,20.72282870610555,23.22764015197754,20.846456927244198,23.384273667489328,NA,NA,0
Ostorhinchus limenus,-33.83,151.28,2011,3,28,7.5,1,-34_151,20.72282870610555,23.22764015197754,20.846456927244198,23.384273667489328,NA,NA,0
Ostorhinchus limenus,-33.83,151.28,2011,3,28,10,4,-34_151,20.72282870610555,23.22764015197754,20.846456927244198,23.384273667489328,NA,NA,0
Ostorhinchus limenus,-33.83,151.28,2011,3,28,12.5,17,-34_151,20.72282870610555,23.22764015197754,20.846456927244198,23.384273667489328,NA,NA,0
Ostorhinchus limenus,-33.83,151.28,2011,3,28,7.5,1,-34_151,20.72282870610555,23.22764015197754,20.846456927244198,23.384273667489328,NA,NA,0
Ostorhinchus limenus,-33.83,151.28,2011,3,28,12.5,2,-34_151,20.72282870610555,23.22764015197754,20.846456927244198,23.384273667489328,NA,NA,0
Ostorhinchus limenus,-33.83,151.28,2011,3,28,15,31,-34_151,20.72282870610555,23.22764015197754,20.846456927244198,23.384273667489328,NA,NA,0
Ostorhinchus limenus,-33.83,151.28,2011,3,28,5,20,-34_151,20.72282870610555,23.22764015197754,20.846456927244198,23.384273667489328,NA,NA,0
Ostorhinchus limenus,-33.83,151.28,2011,3,28,10,25,-34_151,20.72282870610555,23.22764015197754,20.846456927244198,23.384273667489328,NA,NA,0
Ostorhinchus limenus,-33.83,151.28,2011,3,28,12.5,1,-34_151,20.72282870610555,23.22764015197754,20.846456927244198,23.384273667489328,NA,NA,0
Ostorhinchus limenus,-33.83,151.28,2011,3,28,5,70,-34_151,20.72282870610555,23.22764015197754,20.846456927244198,23.384273667489328,NA,NA,0
Ostorhinchus limenus,-33.83,151.28,2011,3,28,10,7,-34_151,20.72282870610555,23.22764015197754,20.846456927244198,23.384273667489328,NA,NA,0
Ostorhinchus limenus,-33.83,151.28,2011,3,28,12.5,8,-34_151,20.72282870610555,23.22764015197754,20.846456927244198,23.384273667489328,NA,NA,0
Ostorhinchus limenus,-33.83,151.28,2011,3,28,12.5,3,-34_151,20.72282870610555,23.22764015197754,20.846456927244198,23.384273667489328,NA,NA,0
Ostorhinchus limenus,-33.84,151.28,2011,3,26,7.5,4,-34_151,20.72282870610555,23.22764015197754,20.846456927244198,23.384273667489328,NA,NA,0
Ostorhinchus limenus,-33.84,151.28,2011,3,26,10,34,-34_151,20.72282870610555,23.22764015197754,20.846456927244198,23.384273667489328,NA,NA,0
Ostorhinchus limenus,-33.84,151.28,2011,3,26,12.5,28,-34_151,20.72282870610555,23.22764015197754,20.846456927244198,23.384273667489328,NA,NA,0
Ostorhinchus limenus,-33.84,151.28,2011,3,26,7.5,20,-34_151,20.72282870610555,23.22764015197754,20.846456927244198,23.384273667489328,NA,NA,0
Ostorhinchus limenus,-33.84,151.28,2011,3,26,10,40,-34_151,20.72282870610555,23.22764015197754,20.846456927244198,23.384273667489328,NA,NA,0
Ostorhinchus limenus,-33.84,151.28,2011,3,26,12.5,20,-34_151,20.72282870610555,23.22764015197754,20.846456927244198,23.384273667489328,NA,NA,0
Ostorhinchus limenus,-33.99,151.23,2011,3,25,5,1,-34_151,20.72282870610555,23.22764015197754,20.846456927244198,23.384273667489328,NA,NA,0
Ostorhinchus limenus,-33.99,151.23,2011,3,25,5,5,-34_151,20.72282870610555,23.22764015197754,20.846456927244198,23.384273667489328,NA,NA,0
Ostorhinchus limenus,-33.99,151.23,2011,3,25,7.5,4,-34_151,20.72282870610555,23.22764015197754,20.846456927244198,23.384273667489328,NA,NA,0
Ostorhinchus limenus,-33.8,151.29,2011,3,28,5,40,-34_151,20.72282870610555,23.22764015197754,20.846456927244198,23.384273667489328,2002,Cabbage Tree Bay Aquatic Reserve,0
Ostorhinchus limenus,-33.8,151.29,2011,3,28,7.5,6,-34_151,20.72282870610555,23.22764015197754,20.846456927244198,23.384273667489328,2002,Cabbage Tree Bay Aquatic Reserve,0
Ostorhinchus limenus,-33.8,151.29,2011,3,28,10,10,-34_151,20.72282870610555,23.22764015197754,20.846456927244198,23.384273667489328,2002,Cabbage Tree Bay Aquatic Reserve,0
Ostorhinchus limenus,-33.8,151.29,2011,3,28,12.5,5,-34_151,20.72282870610555,23.22764015197754,20.846456927244198,23.384273667489328,2002,Cabbage Tree Bay Aquatic Reserve,0
Ostorhinchus limenus,-33.8,151.29,2011,3,28,2.5,40,-34_151,20.72282870610555,23.22764015197754,20.846456927244198,23.384273667489328,2002,Cabbage Tree Bay Aquatic Reserve,0
Ostorhinchus limenus,-33.8,151.29,2011,3,28,5,20,-34_151,20.72282870610555,23.22764015197754,20.846456927244198,23.384273667489328,2002,Cabbage Tree Bay Aquatic Reserve,0
Ostorhinchus limenus,-33.8,151.29,2011,3,28,7.5,43,-34_151,20.72282870610555,23.22764015197754,20.846456927244198,23.384273667489328,2002,Cabbage Tree Bay Aquatic Reserve,0
Ostorhinchus limenus,-33.81,151.31,2011,3,25,12.5,2,-34_151,20.72282870610555,23.22764015197754,20.846456927244198,23.384273667489328,NA,NA,0
Ostorhinchus limenus,-33.81,151.31,2011,3,25,2.5,30,-34_151,20.72282870610555,23.22764015197754,20.846456927244198,23.384273667489328,NA,NA,0
Ostorhinchus limenus,-33.81,151.31,2011,3,25,5,31,-34_151,20.72282870610555,23.22764015197754,20.846456927244198,23.384273667489328,NA,NA,0
Ostorhinchus limenus,-33.81,151.31,2011,3,25,10,2,-34_151,20.72282870610555,23.22764015197754,20.846456927244198,23.384273667489328,NA,NA,0
Ostorhinchus limenus,-33.81,151.31,2011,3,25,7.5,2,-34_151,20.72282870610555,23.22764015197754,20.846456927244198,23.384273667489328,NA,NA,0
Ostorhinchus limenus,-33.81,151.31,2011,3,25,10,1,-34_151,20.72282870610555,23.22764015197754,20.846456927244198,23.384273667489328,NA,NA,0
Ostorhinchus limenus,-33.81,151.31,2011,3,25,7.5,2,-34_151,20.72282870610555,23.22764015197754,20.846456927244198,23.384273667489328,NA,NA,0
Ostorhinchus limenus,-33.8,151.29,2011,3,28,5,2,-34_151,20.72282870610555,23.22764015197754,20.846456927244198,23.384273667489328,2002,Cabbage Tree Bay Aquatic Reserve,0
Ostorhinchus limenus,-33.8,151.29,2011,3,28,7.5,3,-34_151,20.72282870610555,23.22764015197754,20.846456927244198,23.384273667489328,2002,Cabbage Tree Bay Aquatic Reserve,0
Ostorhinchus limenus,-33.8,151.29,2011,3,28,7.5,2,-34_151,20.72282870610555,23.22764015197754,20.846456927244198,23.384273667489328,2002,Cabbage Tree Bay Aquatic Reserve,0
Ostorhinchus limenus,-32.71,152.15,2011,8,7,7.5,2,-33_152,21.399254004160564,19.14668083190918,21.19576238272011,18.670214596615043,1983,Fly Point-Halifax Park,1
Ostorhinchus limenus,-32.71,152.15,2011,8,7,10,1,-33_152,21.399254004160564,19.14668083190918,21.19576238272011,18.670214596615043,1983,Fly Point-Halifax Park,1
Ostorhinchus limenus,-32.71,152.15,2011,8,7,2.5,2,-33_152,21.399254004160564,19.14668083190918,21.19576238272011,18.670214596615043,1983,Fly Point-Halifax Park,1
Ostorhinchus limenus,-32.71,152.15,2011,8,7,5,17,-33_152,21.399254004160564,19.14668083190918,21.19576238272011,18.670214596615043,1983,Fly Point-Halifax Park,1
Ostorhinchus limenus,-32.71,152.15,2011,8,7,7.5,4,-33_152,21.399254004160564,19.14668083190918,21.19576238272011,18.670214596615043,1983,Fly Point-Halifax Park,1
Ostorhinchus limenus,-32.71,152.16,2011,7,30,5,1,-33_152,21.399254004160564,18.694730758666992,21.19576238272011,19.82029527746221,1983,Fly Point-Halifax Park,1
Ostorhinchus limenus,-32.71,152.16,2011,7,30,7.5,1,-33_152,21.399254004160564,18.694730758666992,21.19576238272011,19.82029527746221,1983,Fly Point-Halifax Park,1
Ostorhinchus limenus,-32.71,152.16,2011,7,31,5,1,-33_152,21.399254004160564,18.694730758666992,21.19576238272011,19.82029527746221,1983,Fly Point-Halifax Park,1
Ostorhinchus limenus,-32.71,152.16,2011,7,31,7.5,1,-33_152,21.399254004160564,18.694730758666992,21.19576238272011,19.82029527746221,1983,Fly Point-Halifax Park,1
Ostorhinchus limenus,-32.71,152.16,2011,7,31,5,9,-33_152,21.399254004160564,18.694730758666992,21.19576238272011,19.82029527746221,1983,Fly Point-Halifax Park,1
Ostorhinchus limenus,-32.71,152.16,2011,7,31,7.5,3,-33_152,21.399254004160564,18.694730758666992,21.19576238272011,19.82029527746221,1983,Fly Point-Halifax Park,1
Ostorhinchus limenus,-32.74,152.19,2011,4,23,7.5,1,-33_152,21.399254004160564,23.327369689941406,21.19576238272011,22.999416155285303,NA,NA,0
Ostorhinchus limenus,-32.71,152.16,2011,4,2,5,2,-33_152,21.399254004160564,23.327369689941406,21.19576238272011,22.999416155285303,1983,Fly Point-Halifax Park,1
Ostorhinchus limenus,-33.84,151.28,2011,3,26,2.5,26,-34_151,20.72282870610555,23.22764015197754,20.846456927244198,23.384273667489328,NA,NA,0
Ostorhinchus limenus,-33.84,151.28,2011,3,26,5,2,-34_151,20.72282870610555,23.22764015197754,20.846456927244198,23.384273667489328,NA,NA,0
Ostorhinchus limenus,-33.84,151.28,2011,3,26,10,10,-34_151,20.72282870610555,23.22764015197754,20.846456927244198,23.384273667489328,NA,NA,0
Ostorhinchus limenus,-33.84,151.28,2011,3,26,12.5,14,-34_151,20.72282870610555,23.22764015197754,20.846456927244198,23.384273667489328,NA,NA,0
Ostorhinchus limenus,-33.84,151.28,2011,3,26,2.5,8,-34_151,20.72282870610555,23.22764015197754,20.846456927244198,23.384273667489328,NA,NA,0
Ostorhinchus limenus,-33.84,151.28,2011,3,26,5,12,-34_151,20.72282870610555,23.22764015197754,20.846456927244198,23.384273667489328,NA,NA,0
Ostorhinchus limenus,-33.84,151.28,2011,3,26,7.5,2,-34_151,20.72282870610555,23.22764015197754,20.846456927244198,23.384273667489328,NA,NA,0
Ostorhinchus limenus,-33.84,151.28,2011,3,26,10,16,-34_151,20.72282870610555,23.22764015197754,20.846456927244198,23.384273667489328,NA,NA,0
Ostorhinchus limenus,-33.84,151.28,2011,3,26,12.5,28,-34_151,20.72282870610555,23.22764015197754,20.846456927244198,23.384273667489328,NA,NA,0
Ostorhinchus limenus,-33.84,151.28,2011,3,26,15,3,-34_151,20.72282870610555,23.22764015197754,20.846456927244198,23.384273667489328,NA,NA,0
Ostorhinchus limenus,-33.83,151.27,2011,3,27,12.5,12,-34_151,20.72282870610555,23.22764015197754,20.846456927244198,23.384273667489328,NA,NA,0
Ostorhinchus limenus,-33.83,151.27,2011,3,27,15,2,-34_151,20.72282870610555,23.22764015197754,20.846456927244198,23.384273667489328,NA,NA,0
Ostorhinchus limenus,-33.83,151.27,2011,3,27,7.5,10,-34_151,20.72282870610555,23.22764015197754,20.846456927244198,23.384273667489328,NA,NA,0
Ostorhinchus limenus,-33.83,151.27,2011,3,27,10,28,-34_151,20.72282870610555,23.22764015197754,20.846456927244198,23.384273667489328,NA,NA,0
Ostorhinchus limenus,-33.83,151.27,2011,3,27,12.5,23,-34_151,20.72282870610555,23.22764015197754,20.846456927244198,23.384273667489328,NA,NA,0
Ostorhinchus limenus,-33.83,151.27,2011,3,27,15,10,-34_151,20.72282870610555,23.22764015197754,20.846456927244198,23.384273667489328,NA,NA,0
Ostorhinchus limenus,-32.74,152.19,2011,4,23,7.5,1,-33_152,21.399254004160564,23.327369689941406,21.19576238272011,22.999416155285303,NA,NA,0
Ostorhinchus limenus,-33.84,151.28,2011,3,26,7.5,23,-34_151,20.72282870610555,23.22764015197754,20.846456927244198,23.384273667489328,NA,NA,0
Ostorhinchus limenus,-33.84,151.28,2011,3,26,10,1,-34_151,20.72282870610555,23.22764015197754,20.846456927244198,23.384273667489328,NA,NA,0
Ostorhinchus limenus,-33.84,151.28,2011,3,26,2.5,60,-34_151,20.72282870610555,23.22764015197754,20.846456927244198,23.384273667489328,NA,NA,0
Ostorhinchus limenus,-33.84,151.28,2011,3,26,5,20,-34_151,20.72282870610555,23.22764015197754,20.846456927244198,23.384273667489328,NA,NA,0
Ostorhinchus limenus,-33.84,151.28,2011,3,26,7.5,45,-34_151,20.72282870610555,23.22764015197754,20.846456927244198,23.384273667489328,NA,NA,0
Ostorhinchus limenus,-33.84,151.28,2011,3,26,2.5,5,-34_151,20.72282870610555,23.22764015197754,20.846456927244198,23.384273667489328,NA,NA,0
Ostorhinchus limenus,-33.84,151.28,2011,3,26,5,5,-34_151,20.72282870610555,23.22764015197754,20.846456927244198,23.384273667489328,NA,NA,0
Ostorhinchus limenus,-32.71,152.16,2011,4,4,7.5,1,-33_152,21.399254004160564,23.327369689941406,21.19576238272011,22.999416155285303,1983,Fly Point-Halifax Park,1
Ostorhinchus limenus,-32.71,152.16,2011,4,4,10,1,-33_152,21.399254004160564,23.327369689941406,21.19576238272011,22.999416155285303,1983,Fly Point-Halifax Park,1
Ostorhinchus limenus,-33.84,151.28,2011,3,26,5,2,-34_151,20.72282870610555,23.22764015197754,20.846456927244198,23.384273667489328,NA,NA,0
Ostorhinchus limenus,-33.84,151.28,2011,3,26,7.5,32,-34_151,20.72282870610555,23.22764015197754,20.846456927244198,23.384273667489328,NA,NA,0
Ostorhinchus limenus,-33.82,151.27,2011,3,27,12.5,9,-34_151,20.72282870610555,23.22764015197754,20.846456927244198,23.384273667489328,NA,NA,0
Ostorhinchus limenus,-33.82,151.27,2011,3,27,10,4,-34_151,20.72282870610555,23.22764015197754,20.846456927244198,23.384273667489328,NA,NA,0
Ostorhinchus limenus,-33.82,151.27,2011,3,27,12.5,5,-34_151,20.72282870610555,23.22764015197754,20.846456927244198,23.384273667489328,NA,NA,0
Ostorhinchus limenus,-33.82,151.27,2011,3,27,5,3,-34_151,20.72282870610555,23.22764015197754,20.846456927244198,23.384273667489328,NA,NA,0
Ostorhinchus limenus,-33.82,151.27,2011,3,27,7.5,1,-34_151,20.72282870610555,23.22764015197754,20.846456927244198,23.384273667489328,NA,NA,0
Ostorhinchus limenus,-33.82,151.27,2011,3,27,12.5,33,-34_151,20.72282870610555,23.22764015197754,20.846456927244198,23.384273667489328,NA,NA,0
Ostorhinchus limenus,-33.82,151.27,2011,3,27,10,20,-34_151,20.72282870610555,23.22764015197754,20.846456927244198,23.384273667489328,NA,NA,0
Ostorhinchus limenus,-33.82,151.27,2011,3,27,12.5,21,-34_151,20.72282870610555,23.22764015197754,20.846456927244198,23.384273667489328,NA,NA,0
Ostorhinchus limenus,-33.82,151.27,2011,3,27,15,18,-34_151,20.72282870610555,23.22764015197754,20.846456927244198,23.384273667489328,NA,NA,0
Ostorhinchus limenus,-33.82,151.27,2011,3,27,20,18,-34_151,20.72282870610555,23.22764015197754,20.846456927244198,23.384273667489328,NA,NA,0
Ostorhinchus limenus,-33.8,151.3,2011,3,26,7.5,18,-34_151,20.72282870610555,23.22764015197754,20.846456927244198,23.384273667489328,2002,Cabbage Tree Bay Aquatic Reserve,0
Ostorhinchus limenus,-33.8,151.3,2011,3,26,10,16,-34_151,20.72282870610555,23.22764015197754,20.846456927244198,23.384273667489328,2002,Cabbage Tree Bay Aquatic Reserve,0
Ostorhinchus limenus,-33.8,151.3,2011,3,26,12.5,4,-34_151,20.72282870610555,23.22764015197754,20.846456927244198,23.384273667489328,2002,Cabbage Tree Bay Aquatic Reserve,0
Ostorhinchus limenus,-33.8,151.3,2011,3,26,7.5,3,-34_151,20.72282870610555,23.22764015197754,20.846456927244198,23.384273667489328,2002,Cabbage Tree Bay Aquatic Reserve,0
Ostorhinchus limenus,-33.8,151.3,2011,3,26,5,53,-34_151,20.72282870610555,23.22764015197754,20.846456927244198,23.384273667489328,2002,Cabbage Tree Bay Aquatic Reserve,0
Ostorhinchus limenus,-33.8,151.3,2011,3,26,10,6,-34_151,20.72282870610555,23.22764015197754,20.846456927244198,23.384273667489328,2002,Cabbage Tree Bay Aquatic Reserve,0
Ostorhinchus limenus,-33.8,151.3,2011,3,26,12.5,29,-34_151,20.72282870610555,23.22764015197754,20.846456927244198,23.384273667489328,2002,Cabbage Tree Bay Aquatic Reserve,0
Ostorhinchus limenus,-33.8,151.3,2011,3,26,15,24,-34_151,20.72282870610555,23.22764015197754,20.846456927244198,23.384273667489328,2002,Cabbage Tree Bay Aquatic Reserve,0
Ostorhinchus limenus,-33.8,151.3,2011,3,26,20,1,-34_151,20.72282870610555,23.22764015197754,20.846456927244198,23.384273667489328,2002,Cabbage Tree Bay Aquatic Reserve,0
Ostorhinchus limenus,-33.8,151.3,2011,3,26,5,38,-34_151,20.72282870610555,23.22764015197754,20.846456927244198,23.384273667489328,2002,Cabbage Tree Bay Aquatic Reserve,0
Ostorhinchus limenus,-33.8,151.3,2011,3,26,7.5,4,-34_151,20.72282870610555,23.22764015197754,20.846456927244198,23.384273667489328,2002,Cabbage Tree Bay Aquatic Reserve,0
Ostorhinchus limenus,-33.8,151.3,2011,3,26,10,1,-34_151,20.72282870610555,23.22764015197754,20.846456927244198,23.384273667489328,2002,Cabbage Tree Bay Aquatic Reserve,0
Ostorhinchus limenus,-33.8,151.3,2011,3,26,10,10,-34_151,20.72282870610555,23.22764015197754,20.846456927244198,23.384273667489328,2002,Cabbage Tree Bay Aquatic Reserve,0
Ostorhinchus limenus,-33.8,151.3,2011,3,26,12.5,30,-34_151,20.72282870610555,23.22764015197754,20.846456927244198,23.384273667489328,2002,Cabbage Tree Bay Aquatic Reserve,0
Ostorhinchus limenus,-33.8,151.3,2011,3,26,15,15,-34_151,20.72282870610555,23.22764015197754,20.846456927244198,23.384273667489328,2002,Cabbage Tree Bay Aquatic Reserve,0
Ostorhinchus limenus,-33.83,151.27,2011,3,27,5,25,-34_151,20.72282870610555,23.22764015197754,20.846456927244198,23.384273667489328,NA,NA,0
Ostorhinchus limenus,-33.83,151.27,2011,3,27,10,7,-34_151,20.72282870610555,23.22764015197754,20.846456927244198,23.384273667489328,NA,NA,0
Ostorhinchus limenus,-33.83,151.27,2011,3,27,12.5,11,-34_151,20.72282870610555,23.22764015197754,20.846456927244198,23.384273667489328,NA,NA,0
Ostorhinchus limenus,-33.83,151.27,2011,3,27,7.5,2,-34_151,20.72282870610555,23.22764015197754,20.846456927244198,23.384273667489328,NA,NA,0
Ostorhinchus limenus,-33.83,151.27,2011,3,27,10,22,-34_151,20.72282870610555,23.22764015197754,20.846456927244198,23.384273667489328,NA,NA,0
Ostorhinchus limenus,-33.83,151.27,2011,3,27,12.5,55,-34_151,20.72282870610555,23.22764015197754,20.846456927244198,23.384273667489328,NA,NA,0
Ostorhinchus limenus,-33.83,151.27,2011,3,27,2.5,20,-34_151,20.72282870610555,23.22764015197754,20.846456927244198,23.384273667489328,NA,NA,0
Ostorhinchus limenus,-33.83,151.27,2011,3,27,5,30,-34_151,20.72282870610555,23.22764015197754,20.846456927244198,23.384273667489328,NA,NA,0
Ostorhinchus limenus,-33.83,151.27,2011,3,27,10,20,-34_151,20.72282870610555,23.22764015197754,20.846456927244198,23.384273667489328,NA,NA,0
Ostorhinchus limenus,-33.83,151.27,2011,3,27,12.5,40,-34_151,20.72282870610555,23.22764015197754,20.846456927244198,23.384273667489328,NA,NA,0
Ostorhinchus limenus,-33.83,151.27,2011,3,27,15,2,-34_151,20.72282870610555,23.22764015197754,20.846456927244198,23.384273667489328,NA,NA,0
Ostorhinchus limenus,-33.83,151.27,2011,3,27,5,3,-34_151,20.72282870610555,23.22764015197754,20.846456927244198,23.384273667489328,NA,NA,0
Ostorhinchus limenus,-33.83,151.27,2011,3,27,7.5,10,-34_151,20.72282870610555,23.22764015197754,20.846456927244198,23.384273667489328,NA,NA,0
Ostorhinchus limenus,-33.83,151.27,2011,3,27,10,25,-34_151,20.72282870610555,23.22764015197754,20.846456927244198,23.384273667489328,NA,NA,0
Ostorhinchus limenus,-33.83,151.27,2011,3,27,12.5,16,-34_151,20.72282870610555,23.22764015197754,20.846456927244198,23.384273667489328,NA,NA,0
Ostorhinchus limenus,-33.8,151.3,2011,3,26,5,3,-34_151,20.72282870610555,23.22764015197754,20.846456927244198,23.384273667489328,2002,Cabbage Tree Bay Aquatic Reserve,0
Ostorhinchus limenus,-33.8,151.3,2011,3,26,12.5,20,-34_151,20.72282870610555,23.22764015197754,20.846456927244198,23.384273667489328,2002,Cabbage Tree Bay Aquatic Reserve,0
Ostorhinchus limenus,-33.8,151.3,2011,3,26,10,8,-34_151,20.72282870610555,23.22764015197754,20.846456927244198,23.384273667489328,2002,Cabbage Tree Bay Aquatic Reserve,0
Ostorhinchus limenus,-33.85,151.27,2011,5,14,5,82,-34_151,20.72282870610555,20.282573699951172,20.846456927244198,21.05967693944131,NA,NA,0
Ostorhinchus limenus,-33.85,151.27,2011,5,14,7.5,187,-34_151,20.72282870610555,20.282573699951172,20.846456927244198,21.05967693944131,NA,NA,0
Ostorhinchus limenus,-33.85,151.27,2011,5,14,10,44,-34_151,20.72282870610555,20.282573699951172,20.846456927244198,21.05967693944131,NA,NA,0
Ostorhinchus limenus,-33.85,151.27,2011,5,14,12.5,26,-34_151,20.72282870610555,20.282573699951172,20.846456927244198,21.05967693944131,NA,NA,0
Ostorhinchus limenus,-32.72,152.14,2011,7,3,5,4,-33_152,21.399254004160564,18.694730758666992,21.19576238272011,19.82029527746221,NA,NA,0
Ostorhinchus limenus,-32.72,152.14,2011,7,3,7.5,2,-33_152,21.399254004160564,18.694730758666992,21.19576238272011,19.82029527746221,NA,NA,0
Ostorhinchus limenus,-32.72,152.14,2011,7,3,10,1,-33_152,21.399254004160564,18.694730758666992,21.19576238272011,19.82029527746221,NA,NA,0
Ostorhinchus limenus,-32.72,152.14,2011,7,3,5,5,-33_152,21.399254004160564,18.694730758666992,21.19576238272011,19.82029527746221,NA,NA,0
Ostorhinchus limenus,-32.72,152.14,2011,7,3,5,6,-33_152,21.399254004160564,18.694730758666992,21.19576238272011,19.82029527746221,NA,NA,0
Ostorhinchus limenus,-32.72,152.14,2011,7,3,7.5,2,-33_152,21.399254004160564,18.694730758666992,21.19576238272011,19.82029527746221,NA,NA,0
Ostorhinchus limenus,-33.97,151.26,2011,3,25,5,1,-34_151,20.72282870610555,23.22764015197754,20.846456927244198,23.384273667489328,NA,NA,0
Ostorhinchus limenus,-33.97,151.26,2011,3,25,7.5,1,-34_151,20.72282870610555,23.22764015197754,20.846456927244198,23.384273667489328,NA,NA,0
Ostorhinchus limenus,-33.97,151.26,2011,3,25,5,2,-34_151,20.72282870610555,23.22764015197754,20.846456927244198,23.384273667489328,NA,NA,0
Ostorhinchus limenus,-33.97,151.26,2011,3,25,5,1,-34_151,20.72282870610555,23.22764015197754,20.846456927244198,23.384273667489328,NA,NA,0
Ostorhinchus limenus,-33.97,151.26,2011,3,25,7.5,1,-34_151,20.72282870610555,23.22764015197754,20.846456927244198,23.384273667489328,NA,NA,0
Ostorhinchus limenus,-33.97,151.26,2011,3,25,5,3,-34_151,20.72282870610555,23.22764015197754,20.846456927244198,23.384273667489328,NA,NA,0
Ostorhinchus limenus,-33.97,151.26,2011,3,25,7.5,2,-34_151,20.72282870610555,23.22764015197754,20.846456927244198,23.384273667489328,NA,NA,0
Ostorhinchus limenus,-33.83,151.27,2011,3,27,10,40,-34_151,20.72282870610555,23.22764015197754,20.846456927244198,23.384273667489328,NA,NA,0
Ostorhinchus limenus,-33.83,151.27,2011,3,27,12.5,10,-34_151,20.72282870610555,23.22764015197754,20.846456927244198,23.384273667489328,NA,NA,0
Ostorhinchus limenus,-33.82,151.29,2011,3,28,12.5,1,-34_151,20.72282870610555,23.22764015197754,20.846456927244198,23.384273667489328,NA,NA,0
Ostorhinchus limenus,-33.82,151.29,2011,3,28,10,100,-34_151,20.72282870610555,23.22764015197754,20.846456927244198,23.384273667489328,NA,NA,0
Ostorhinchus limenus,-33.82,151.29,2011,3,28,12.5,100,-34_151,20.72282870610555,23.22764015197754,20.846456927244198,23.384273667489328,NA,NA,0
Ostorhinchus limenus,-33.82,151.29,2011,3,28,7.5,1,-34_151,20.72282870610555,23.22764015197754,20.846456927244198,23.384273667489328,NA,NA,0
Ostorhinchus limenus,-33.82,151.29,2011,3,28,10,2,-34_151,20.72282870610555,23.22764015197754,20.846456927244198,23.384273667489328,NA,NA,0
Ostorhinchus limenus,-33.82,151.29,2011,3,28,12.5,12,-34_151,20.72282870610555,23.22764015197754,20.846456927244198,23.384273667489328,NA,NA,0
Ostorhinchus limenus,-33.82,151.29,2011,3,28,15,10,-34_151,20.72282870610555,23.22764015197754,20.846456927244198,23.384273667489328,NA,NA,0
Ostorhinchus limenus,-33.82,151.29,2011,3,28,5,12,-34_151,20.72282870610555,23.22764015197754,20.846456927244198,23.384273667489328,NA,NA,0
Ostorhinchus limenus,-33.82,151.29,2011,3,28,12.5,8,-34_151,20.72282870610555,23.22764015197754,20.846456927244198,23.384273667489328,NA,NA,0
Ostorhinchus limenus,-33.82,151.29,2011,3,28,12.5,2,-34_151,20.72282870610555,23.22764015197754,20.846456927244198,23.384273667489328,NA,NA,0
Ostorhinchus limenus,-35.12,150.75,2011,4,16,15,1,-35_151,20.16364081700643,22.31734085083008,20.277484727943488,23.11599941253662,NA,NA,0
Ostorhinchus limenus,-35.12,150.75,2011,4,16,5,10,-35_151,20.16364081700643,22.31734085083008,20.277484727943488,23.11599941253662,NA,NA,0
Ostorhinchus limenus,-35.12,150.75,2011,4,16,12.5,1,-35_151,20.16364081700643,22.31734085083008,20.277484727943488,23.11599941253662,NA,NA,0
Ostorhinchus limenus,-35.12,150.75,2011,4,16,15,4,-35_151,20.16364081700643,22.31734085083008,20.277484727943488,23.11599941253662,NA,NA,0
Ostorhinchus limenus,-32.69,152.22,2011,2,28,5,1,-33_152,21.399254004160564,24.478046417236328,21.19576238272011,23.549344658851624,NA,NA,0
Ostorhinchus limenus,-33.84,151.28,2012,3,18,5,2,-34_151,20.258487860361736,22.889015197753903,20.38584178047,22.01508023661952,NA,NA,0
Ostorhinchus limenus,-33.84,151.28,2012,3,18,7.5,3,-34_151,20.258487860361736,22.889015197753903,20.38584178047,22.01508023661952,NA,NA,0
Ostorhinchus limenus,-33.84,151.28,2012,3,18,2.5,10,-34_151,20.258487860361736,22.889015197753903,20.38584178047,22.01508023661952,NA,NA,0
Ostorhinchus limenus,-33.84,151.28,2012,3,18,5,60,-34_151,20.258487860361736,22.889015197753903,20.38584178047,22.01508023661952,NA,NA,0
Ostorhinchus limenus,-33.84,151.28,2012,3,18,7.5,90,-34_151,20.258487860361736,22.889015197753903,20.38584178047,22.01508023661952,NA,NA,0
Ostorhinchus limenus,-33.84,151.28,2012,3,18,10,20,-34_151,20.258487860361736,22.889015197753903,20.38584178047,22.01508023661952,NA,NA,0
Ostorhinchus limenus,-33.84,151.28,2012,3,18,5,3,-34_151,20.258487860361736,22.889015197753903,20.38584178047,22.01508023661952,NA,NA,0
Ostorhinchus limenus,-33.84,151.28,2012,3,18,7.5,2,-34_151,20.258487860361736,22.889015197753903,20.38584178047,22.01508023661952,NA,NA,0
Ostorhinchus limenus,-33.84,151.28,2012,3,18,2.5,1,-34_151,20.258487860361736,22.889015197753903,20.38584178047,22.01508023661952,NA,NA,0
Ostorhinchus limenus,-33.84,151.28,2012,3,18,5,20,-34_151,20.258487860361736,22.889015197753903,20.38584178047,22.01508023661952,NA,NA,0
Ostorhinchus limenus,-33.84,151.28,2012,3,18,7.5,55,-34_151,20.258487860361736,22.889015197753903,20.38584178047,22.01508023661952,NA,NA,0
Ostorhinchus limenus,-33.84,151.28,2012,3,18,10,20,-34_151,20.258487860361736,22.889015197753903,20.38584178047,22.01508023661952,NA,NA,0
Ostorhinchus limenus,-33.83,151.28,2012,3,18,10,8,-34_151,20.258487860361736,22.889015197753903,20.38584178047,22.01508023661952,NA,NA,0
Ostorhinchus limenus,-33.83,151.28,2012,3,18,12.5,7,-34_151,20.258487860361736,22.889015197753903,20.38584178047,22.01508023661952,NA,NA,0
Ostorhinchus limenus,-33.83,151.28,2012,3,18,7.5,2,-34_151,20.258487860361736,22.889015197753903,20.38584178047,22.01508023661952,NA,NA,0
Ostorhinchus limenus,-33.83,151.28,2012,3,18,10,1,-34_151,20.258487860361736,22.889015197753903,20.38584178047,22.01508023661952,NA,NA,0
Ostorhinchus limenus,-33.83,151.28,2012,3,18,10,3,-34_151,20.258487860361736,22.889015197753903,20.38584178047,22.01508023661952,NA,NA,0
Ostorhinchus limenus,-33.83,151.28,2012,3,18,12.5,2,-34_151,20.258487860361736,22.889015197753903,20.38584178047,22.01508023661952,NA,NA,0
Ostorhinchus limenus,-33.83,151.28,2012,3,18,10,1,-34_151,20.258487860361736,22.889015197753903,20.38584178047,22.01508023661952,NA,NA,0
Ostorhinchus limenus,-33.83,151.28,2012,3,18,12.5,2,-34_151,20.258487860361736,22.889015197753903,20.38584178047,22.01508023661952,NA,NA,0
Ostorhinchus limenus,-33.83,151.28,2012,3,18,7.5,4,-34_151,20.258487860361736,22.889015197753903,20.38584178047,22.01508023661952,NA,NA,0
Ostorhinchus limenus,-33.83,151.28,2012,3,18,2.5,1,-34_151,20.258487860361736,22.889015197753903,20.38584178047,22.01508023661952,NA,NA,0
Ostorhinchus limenus,-33.83,151.28,2012,3,18,7.5,30,-34_151,20.258487860361736,22.889015197753903,20.38584178047,22.01508023661952,NA,NA,0
Ostorhinchus limenus,-33.83,151.28,2012,3,18,10,21,-34_151,20.258487860361736,22.889015197753903,20.38584178047,22.01508023661952,NA,NA,0
Ostorhinchus limenus,-33.83,151.28,2012,3,18,12.5,22,-34_151,20.258487860361736,22.889015197753903,20.38584178047,22.01508023661952,NA,NA,0
Ostorhinchus limenus,-33.83,151.28,2012,3,18,15,29,-34_151,20.258487860361736,22.889015197753903,20.38584178047,22.01508023661952,NA,NA,0
Ostorhinchus limenus,-33.83,151.28,2012,3,18,12.5,24,-34_151,20.258487860361736,22.889015197753903,20.38584178047,22.01508023661952,NA,NA,0
Ostorhinchus limenus,-33.83,151.28,2012,3,18,15,15,-34_151,20.258487860361736,22.889015197753903,20.38584178047,22.01508023661952,NA,NA,0
Ostorhinchus limenus,-33.82,151.29,2012,3,18,10,6,-34_151,20.258487860361736,22.889015197753903,20.38584178047,22.01508023661952,NA,NA,0
Ostorhinchus limenus,-33.82,151.29,2012,3,18,12.5,3,-34_151,20.258487860361736,22.889015197753903,20.38584178047,22.01508023661952,NA,NA,0
Ostorhinchus limenus,-33.82,151.29,2012,3,18,5,2,-34_151,20.258487860361736,22.889015197753903,20.38584178047,22.01508023661952,NA,NA,0
Ostorhinchus limenus,-33.82,151.29,2012,3,18,7.5,14,-34_151,20.258487860361736,22.889015197753903,20.38584178047,22.01508023661952,NA,NA,0
Ostorhinchus limenus,-33.82,151.29,2012,3,18,10,14,-34_151,20.258487860361736,22.889015197753903,20.38584178047,22.01508023661952,NA,NA,0
Ostorhinchus limenus,-33.82,151.29,2012,3,18,12.5,1,-34_151,20.258487860361736,22.889015197753903,20.38584178047,22.01508023661952,NA,NA,0
Ostorhinchus limenus,-33.82,151.29,2012,3,18,10,1,-34_151,20.258487860361736,22.889015197753903,20.38584178047,22.01508023661952,NA,NA,0
Ostorhinchus limenus,-33.82,151.29,2012,3,18,12.5,2,-34_151,20.258487860361736,22.889015197753903,20.38584178047,22.01508023661952,NA,NA,0
Ostorhinchus limenus,-33.82,151.29,2012,3,18,10,10,-34_151,20.258487860361736,22.889015197753903,20.38584178047,22.01508023661952,NA,NA,0
Ostorhinchus limenus,-33.82,151.29,2012,3,18,10,3,-34_151,20.258487860361736,22.889015197753903,20.38584178047,22.01508023661952,NA,NA,0
Ostorhinchus limenus,-33.82,151.29,2012,3,18,12.5,2,-34_151,20.258487860361736,22.889015197753903,20.38584178047,22.01508023661952,NA,NA,0
Ostorhinchus limenus,-33.82,151.29,2012,3,18,5,3,-34_151,20.258487860361736,22.889015197753903,20.38584178047,22.01508023661952,NA,NA,0
Ostorhinchus limenus,-33.82,151.29,2012,3,18,10,2,-34_151,20.258487860361736,22.889015197753903,20.38584178047,22.01508023661952,NA,NA,0
Ostorhinchus limenus,-33.82,151.29,2012,3,18,12.5,6,-34_151,20.258487860361736,22.889015197753903,20.38584178047,22.01508023661952,NA,NA,0
Ostorhinchus limenus,-33.82,151.29,2012,3,18,15,2,-34_151,20.258487860361736,22.889015197753903,20.38584178047,22.01508023661952,NA,NA,0
Ostorhinchus limenus,-33.82,151.29,2012,3,18,12.5,4,-34_151,20.258487860361736,22.889015197753903,20.38584178047,22.01508023661952,NA,NA,0
Ostorhinchus limenus,-33.82,151.29,2012,3,18,15,6,-34_151,20.258487860361736,22.889015197753903,20.38584178047,22.01508023661952,NA,NA,0
Ostorhinchus limenus,-33.84,151.28,2012,3,19,7.5,2,-34_151,20.258487860361736,22.889015197753903,20.38584178047,22.01508023661952,NA,NA,0
Ostorhinchus limenus,-33.84,151.28,2012,3,19,10,51,-34_151,20.258487860361736,22.889015197753903,20.38584178047,22.01508023661952,NA,NA,0
Ostorhinchus limenus,-33.84,151.28,2012,3,19,7.5,2,-34_151,20.258487860361736,22.889015197753903,20.38584178047,22.01508023661952,NA,NA,0
Ostorhinchus limenus,-33.84,151.28,2012,3,19,10,4,-34_151,20.258487860361736,22.889015197753903,20.38584178047,22.01508023661952,NA,NA,0
Ostorhinchus limenus,-33.84,151.28,2012,3,19,12.5,5,-34_151,20.258487860361736,22.889015197753903,20.38584178047,22.01508023661952,NA,NA,0
Ostorhinchus limenus,-33.84,151.28,2012,3,19,5,2,-34_151,20.258487860361736,22.889015197753903,20.38584178047,22.01508023661952,NA,NA,0
Ostorhinchus limenus,-33.84,151.28,2012,3,19,7.5,25,-34_151,20.258487860361736,22.889015197753903,20.38584178047,22.01508023661952,NA,NA,0
Ostorhinchus limenus,-33.84,151.28,2012,3,19,10,50,-34_151,20.258487860361736,22.889015197753903,20.38584178047,22.01508023661952,NA,NA,0
Ostorhinchus limenus,-33.84,151.28,2012,3,19,12.5,30,-34_151,20.258487860361736,22.889015197753903,20.38584178047,22.01508023661952,NA,NA,0
Ostorhinchus limenus,-33.84,151.28,2012,3,19,10,28,-34_151,20.258487860361736,22.889015197753903,20.38584178047,22.01508023661952,NA,NA,0
Ostorhinchus limenus,-33.84,151.28,2012,3,19,12.5,14,-34_151,20.258487860361736,22.889015197753903,20.38584178047,22.01508023661952,NA,NA,0
Ostorhinchus limenus,-33.84,151.28,2012,3,19,5,5,-34_151,20.258487860361736,22.889015197753903,20.38584178047,22.01508023661952,NA,NA,0
Ostorhinchus limenus,-33.84,151.28,2012,3,19,7.5,8,-34_151,20.258487860361736,22.889015197753903,20.38584178047,22.01508023661952,NA,NA,0
Ostorhinchus limenus,-33.84,151.28,2012,3,19,10,18,-34_151,20.258487860361736,22.889015197753903,20.38584178047,22.01508023661952,NA,NA,0
Ostorhinchus limenus,-33.84,151.28,2012,3,19,12.5,20,-34_151,20.258487860361736,22.889015197753903,20.38584178047,22.01508023661952,NA,NA,0
Ostorhinchus limenus,-33.8,151.3,2012,3,19,10,6,-34_151,20.258487860361736,22.889015197753903,20.38584178047,22.01508023661952,2002,Cabbage Tree Bay Aquatic Reserve,1
Ostorhinchus limenus,-33.8,151.3,2012,3,19,12.5,27,-34_151,20.258487860361736,22.889015197753903,20.38584178047,22.01508023661952,2002,Cabbage Tree Bay Aquatic Reserve,1
Ostorhinchus limenus,-33.8,151.3,2012,3,19,15,10,-34_151,20.258487860361736,22.889015197753903,20.38584178047,22.01508023661952,2002,Cabbage Tree Bay Aquatic Reserve,1
Ostorhinchus limenus,-33.8,151.3,2012,3,19,5,20,-34_151,20.258487860361736,22.889015197753903,20.38584178047,22.01508023661952,2002,Cabbage Tree Bay Aquatic Reserve,1
Ostorhinchus limenus,-33.8,151.3,2012,3,19,7.5,115,-34_151,20.258487860361736,22.889015197753903,20.38584178047,22.01508023661952,2002,Cabbage Tree Bay Aquatic Reserve,1
Ostorhinchus limenus,-33.8,151.3,2012,3,19,10,3,-34_151,20.258487860361736,22.889015197753903,20.38584178047,22.01508023661952,2002,Cabbage Tree Bay Aquatic Reserve,1
Ostorhinchus limenus,-33.8,151.3,2012,3,19,12.5,37,-34_151,20.258487860361736,22.889015197753903,20.38584178047,22.01508023661952,2002,Cabbage Tree Bay Aquatic Reserve,1
Ostorhinchus limenus,-33.8,151.3,2012,3,19,15,5,-34_151,20.258487860361736,22.889015197753903,20.38584178047,22.01508023661952,2002,Cabbage Tree Bay Aquatic Reserve,1
Ostorhinchus limenus,-33.97,151.26,2012,3,16,7.5,2,-34_151,20.258487860361736,22.889015197753903,20.38584178047,22.01508023661952,NA,NA,0
Ostorhinchus limenus,-33.97,151.26,2012,3,16,10,3,-34_151,20.258487860361736,22.889015197753903,20.38584178047,22.01508023661952,NA,NA,0
Ostorhinchus limenus,-33.83,151.26,2012,3,17,7.5,2,-34_151,20.258487860361736,22.889015197753903,20.38584178047,22.01508023661952,NA,NA,0
Ostorhinchus limenus,-33.83,151.26,2012,3,17,10,8,-34_151,20.258487860361736,22.889015197753903,20.38584178047,22.01508023661952,NA,NA,0
Ostorhinchus limenus,-33.83,151.26,2012,3,17,12.5,13,-34_151,20.258487860361736,22.889015197753903,20.38584178047,22.01508023661952,NA,NA,0
Ostorhinchus limenus,-33.83,151.26,2012,3,17,15,8,-34_151,20.258487860361736,22.889015197753903,20.38584178047,22.01508023661952,NA,NA,0
Ostorhinchus limenus,-33.83,151.26,2012,3,17,7.5,21,-34_151,20.258487860361736,22.889015197753903,20.38584178047,22.01508023661952,NA,NA,0
Ostorhinchus limenus,-33.83,151.26,2012,3,17,10,3,-34_151,20.258487860361736,22.889015197753903,20.38584178047,22.01508023661952,NA,NA,0
Ostorhinchus limenus,-33.83,151.26,2012,3,17,10,23,-34_151,20.258487860361736,22.889015197753903,20.38584178047,22.01508023661952,NA,NA,0
Ostorhinchus limenus,-33.83,151.26,2012,3,17,12.5,7,-34_151,20.258487860361736,22.889015197753903,20.38584178047,22.01508023661952,NA,NA,0
Ostorhinchus limenus,-33.83,151.26,2012,3,17,15,2,-34_151,20.258487860361736,22.889015197753903,20.38584178047,22.01508023661952,NA,NA,0
Ostorhinchus limenus,-33.83,151.26,2012,3,17,10,6,-34_151,20.258487860361736,22.889015197753903,20.38584178047,22.01508023661952,NA,NA,0
Ostorhinchus limenus,-33.83,151.26,2012,3,17,12.5,14,-34_151,20.258487860361736,22.889015197753903,20.38584178047,22.01508023661952,NA,NA,0
Ostorhinchus limenus,-33.83,151.26,2012,3,17,15,4,-34_151,20.258487860361736,22.889015197753903,20.38584178047,22.01508023661952,NA,NA,0
Ostorhinchus limenus,-33.83,151.27,2012,3,17,5,4,-34_151,20.258487860361736,22.889015197753903,20.38584178047,22.01508023661952,NA,NA,0
Ostorhinchus limenus,-33.83,151.27,2012,3,17,7.5,21,-34_151,20.258487860361736,22.889015197753903,20.38584178047,22.01508023661952,NA,NA,0
Ostorhinchus limenus,-33.83,151.27,2012,3,17,10,23,-34_151,20.258487860361736,22.889015197753903,20.38584178047,22.01508023661952,NA,NA,0
Ostorhinchus limenus,-33.83,151.27,2012,3,17,7.5,43,-34_151,20.258487860361736,22.889015197753903,20.38584178047,22.01508023661952,NA,NA,0
Ostorhinchus limenus,-33.83,151.27,2012,3,17,10,26,-34_151,20.258487860361736,22.889015197753903,20.38584178047,22.01508023661952,NA,NA,0
Ostorhinchus limenus,-33.83,151.27,2012,3,17,5,8,-34_151,20.258487860361736,22.889015197753903,20.38584178047,22.01508023661952,NA,NA,0
Ostorhinchus limenus,-33.83,151.27,2012,3,17,7.5,42,-34_151,20.258487860361736,22.889015197753903,20.38584178047,22.01508023661952,NA,NA,0
Ostorhinchus limenus,-33.83,151.27,2012,3,17,10,6,-34_151,20.258487860361736,22.889015197753903,20.38584178047,22.01508023661952,NA,NA,0
Ostorhinchus limenus,-33.83,151.27,2012,3,17,7.5,50,-34_151,20.258487860361736,22.889015197753903,20.38584178047,22.01508023661952,NA,NA,0
Ostorhinchus limenus,-33.83,151.27,2012,3,17,10,15,-34_151,20.258487860361736,22.889015197753903,20.38584178047,22.01508023661952,NA,NA,0
Ostorhinchus limenus,-33.82,151.27,2012,3,17,7.5,2,-34_151,20.258487860361736,22.889015197753903,20.38584178047,22.01508023661952,NA,NA,0
Ostorhinchus limenus,-33.82,151.27,2012,3,17,10,6,-34_151,20.258487860361736,22.889015197753903,20.38584178047,22.01508023661952,NA,NA,0
Ostorhinchus limenus,-33.82,151.27,2012,3,17,12.5,2,-34_151,20.258487860361736,22.889015197753903,20.38584178047,22.01508023661952,NA,NA,0
Ostorhinchus limenus,-33.82,151.27,2012,3,17,10,30,-34_151,20.258487860361736,22.889015197753903,20.38584178047,22.01508023661952,NA,NA,0
Ostorhinchus limenus,-33.82,151.27,2012,3,17,7.5,11,-34_151,20.258487860361736,22.889015197753903,20.38584178047,22.01508023661952,NA,NA,0
Ostorhinchus limenus,-33.82,151.27,2012,3,17,12.5,9,-34_151,20.258487860361736,22.889015197753903,20.38584178047,22.01508023661952,NA,NA,0
Ostorhinchus limenus,-33.82,151.27,2012,3,17,15,2,-34_151,20.258487860361736,22.889015197753903,20.38584178047,22.01508023661952,NA,NA,0
Ostorhinchus limenus,-33.82,151.27,2012,3,17,20,1,-34_151,20.258487860361736,22.889015197753903,20.38584178047,22.01508023661952,NA,NA,0
Ostorhinchus limenus,-33.82,151.27,2012,3,17,12.5,2,-34_151,20.258487860361736,22.889015197753903,20.38584178047,22.01508023661952,NA,NA,0
Ostorhinchus limenus,-33.82,151.27,2012,3,17,15,4,-34_151,20.258487860361736,22.889015197753903,20.38584178047,22.01508023661952,NA,NA,0
Ostorhinchus limenus,-33.82,151.27,2012,3,17,7.5,12,-34_151,20.258487860361736,22.889015197753903,20.38584178047,22.01508023661952,NA,NA,0
Ostorhinchus limenus,-33.82,151.27,2012,3,17,10,19,-34_151,20.258487860361736,22.889015197753903,20.38584178047,22.01508023661952,NA,NA,0
Ostorhinchus limenus,-33.82,151.27,2012,3,17,7.5,6,-34_151,20.258487860361736,22.889015197753903,20.38584178047,22.01508023661952,NA,NA,0
Ostorhinchus limenus,-33.82,151.27,2012,3,17,10,10,-34_151,20.258487860361736,22.889015197753903,20.38584178047,22.01508023661952,NA,NA,0
Ostorhinchus limenus,-33.82,151.27,2012,3,17,12.5,1,-34_151,20.258487860361736,22.889015197753903,20.38584178047,22.01508023661952,NA,NA,0
Ostorhinchus limenus,-33.82,151.27,2012,3,17,15,1,-34_151,20.258487860361736,22.889015197753903,20.38584178047,22.01508023661952,NA,NA,0
Ostorhinchus limenus,-33.82,151.27,2012,3,17,7.5,60,-34_151,20.258487860361736,22.889015197753903,20.38584178047,22.01508023661952,NA,NA,0
Ostorhinchus limenus,-33.8,151.29,2012,3,17,5,25,-34_151,20.258487860361736,22.889015197753903,20.38584178047,22.01508023661952,2002,Cabbage Tree Bay Aquatic Reserve,1
Ostorhinchus limenus,-33.8,151.29,2012,3,17,7.5,25,-34_151,20.258487860361736,22.889015197753903,20.38584178047,22.01508023661952,2002,Cabbage Tree Bay Aquatic Reserve,1
Ostorhinchus limenus,-33.8,151.29,2012,3,17,2.5,50,-34_151,20.258487860361736,22.889015197753903,20.38584178047,22.01508023661952,2002,Cabbage Tree Bay Aquatic Reserve,1
Ostorhinchus limenus,-33.8,151.29,2012,3,17,5,40,-34_151,20.258487860361736,22.889015197753903,20.38584178047,22.01508023661952,2002,Cabbage Tree Bay Aquatic Reserve,1
Ostorhinchus limenus,-33.8,151.29,2012,3,17,7.5,10,-34_151,20.258487860361736,22.889015197753903,20.38584178047,22.01508023661952,2002,Cabbage Tree Bay Aquatic Reserve,1
Ostorhinchus limenus,-33.8,151.29,2012,3,17,10,10,-34_151,20.258487860361736,22.889015197753903,20.38584178047,22.01508023661952,2002,Cabbage Tree Bay Aquatic Reserve,1
Ostorhinchus limenus,-33.8,151.29,2012,3,17,5,5,-34_151,20.258487860361736,22.889015197753903,20.38584178047,22.01508023661952,2002,Cabbage Tree Bay Aquatic Reserve,1
Ostorhinchus limenus,-33.8,151.29,2012,3,17,7.5,5,-34_151,20.258487860361736,22.889015197753903,20.38584178047,22.01508023661952,2002,Cabbage Tree Bay Aquatic Reserve,1
Ostorhinchus limenus,-33.8,151.29,2012,3,17,2.5,45,-34_151,20.258487860361736,22.889015197753903,20.38584178047,22.01508023661952,2002,Cabbage Tree Bay Aquatic Reserve,1
Ostorhinchus limenus,-33.8,151.29,2012,3,17,5,30,-34_151,20.258487860361736,22.889015197753903,20.38584178047,22.01508023661952,2002,Cabbage Tree Bay Aquatic Reserve,1
Ostorhinchus limenus,-33.8,151.29,2012,3,17,7.5,15,-34_151,20.258487860361736,22.889015197753903,20.38584178047,22.01508023661952,2002,Cabbage Tree Bay Aquatic Reserve,1
Ostorhinchus limenus,-35.12,150.71,2003,5,5,12.5,1,-35_151,19.67031701405843,19.886886596679688,20.059936153369872,20.705698526033792,NA,NA,0
Ostorhinchus limenus,-35.12,150.71,2003,5,5,7.5,1,-35_151,19.67031701405843,19.886886596679688,20.059936153369872,20.705698526033792,NA,NA,0
Ostorhinchus limenus,-35.07,150.77,2000,5,12,12.5,1,-35_151,19.86149024963379,19.47962188720703,20.225888499204668,19.893870569044545,2002,Jervis Bay Marine Park,0
Ostorhinchus limenus,-35.07,150.77,2003,4,30,12.5,1,-35_151,19.67031701405843,21.371448516845703,20.059936153369872,22.25355500115289,2002,Jervis Bay Marine Park,0
Ostorhinchus limenus,-35.07,150.77,2003,4,30,10,1,-35_151,19.67031701405843,21.371448516845703,20.059936153369872,22.25355500115289,2002,Jervis Bay Marine Park,0
Ostorhinchus limenus,-35.07,150.77,2003,4,30,12.5,2,-35_151,19.67031701405843,21.371448516845703,20.059936153369872,22.25355500115289,2002,Jervis Bay Marine Park,0
Ostorhinchus limenus,-35.07,150.77,2003,4,30,15,1,-35_151,19.67031701405843,21.371448516845703,20.059936153369872,22.25355500115289,2002,Jervis Bay Marine Park,0
Ostorhinchus limenus,-35.07,150.77,2003,4,30,5,1,-35_151,19.67031701405843,21.371448516845703,20.059936153369872,22.25355500115289,2002,Jervis Bay Marine Park,0
Ostorhinchus limenus,-35.07,150.77,2003,4,30,7.5,2,-35_151,19.67031701405843,21.371448516845703,20.059936153369872,22.25355500115289,2002,Jervis Bay Marine Park,0
Ostorhinchus limenus,-35.07,150.77,2003,4,30,10,3,-35_151,19.67031701405843,21.371448516845703,20.059936153369872,22.25355500115289,2002,Jervis Bay Marine Park,0
Ostorhinchus limenus,-35.07,150.77,2003,4,30,7.5,3,-35_151,19.67031701405843,21.371448516845703,20.059936153369872,22.25355500115289,2002,Jervis Bay Marine Park,0
Ostorhinchus limenus,-35.07,150.77,2003,4,30,10,1,-35_151,19.67031701405843,21.371448516845703,20.059936153369872,22.25355500115289,2002,Jervis Bay Marine Park,0
Ostorhinchus limenus,-35.07,150.77,2003,4,30,7.5,2,-35_151,19.67031701405843,21.371448516845703,20.059936153369872,22.25355500115289,2002,Jervis Bay Marine Park,0
Ostorhinchus limenus,-35.07,150.77,2004,5,25,7.5,4,-35_151,19.537256399790447,19.329307556152344,19.870283113122944,20.739031760923325,2002,Jervis Bay Marine Park,0
Ostorhinchus limenus,-35.07,150.77,2004,5,25,10,1,-35_151,19.537256399790447,19.329307556152344,19.870283113122944,20.739031760923325,2002,Jervis Bay Marine Park,0
Ostorhinchus limenus,-35.07,150.77,2004,5,25,7.5,6,-35_151,19.537256399790447,19.329307556152344,19.870283113122944,20.739031760923325,2002,Jervis Bay Marine Park,0
Ostorhinchus limenus,-35.07,150.77,2004,5,25,7.5,1,-35_151,19.537256399790447,19.329307556152344,19.870283113122944,20.739031760923325,2002,Jervis Bay Marine Park,0
Ostorhinchus limenus,-35.07,150.77,2004,5,25,10,1,-35_151,19.537256399790447,19.329307556152344,19.870283113122944,20.739031760923325,2002,Jervis Bay Marine Park,0
Ostorhinchus limenus,-35.06,150.77,2004,5,25,7.5,3,-35_151,19.537256399790447,19.329307556152344,19.870283113122944,20.739031760923325,2002,Jervis Bay Marine Park,0
Ostorhinchus limenus,-35.06,150.77,2004,5,25,10,1,-35_151,19.537256399790447,19.329307556152344,19.870283113122944,20.739031760923325,2002,Jervis Bay Marine Park,0
Ostorhinchus limenus,-35.06,150.77,2003,5,3,5,1,-35_151,19.67031701405843,19.886886596679688,20.059936153369872,20.705698526033792,2002,Jervis Bay Marine Park,0
Ostorhinchus limenus,-35.06,150.77,2003,5,3,7.5,1,-35_151,19.67031701405843,19.886886596679688,20.059936153369872,20.705698526033792,2002,Jervis Bay Marine Park,0
Ostorhinchus limenus,-35.06,150.77,2003,5,3,7.5,2,-35_151,19.67031701405843,19.886886596679688,20.059936153369872,20.705698526033792,2002,Jervis Bay Marine Park,0
Ostorhinchus limenus,-35.06,150.77,2003,5,3,7.5,1,-35_151,19.67031701405843,19.886886596679688,20.059936153369872,20.705698526033792,2002,Jervis Bay Marine Park,0
Ostorhinchus limenus,-35.06,150.78,2003,5,2,10,3,-35_151,19.67031701405843,19.886886596679688,20.059936153369872,20.705698526033792,NA,NA,0
Ostorhinchus limenus,-35.06,150.78,2003,5,2,12.5,2,-35_151,19.67031701405843,19.886886596679688,20.059936153369872,20.705698526033792,NA,NA,0
Ostorhinchus limenus,-35.06,150.78,2003,5,2,10,11,-35_151,19.67031701405843,19.886886596679688,20.059936153369872,20.705698526033792,NA,NA,0
Ostorhinchus limenus,-35.06,150.78,2003,5,2,12.5,4,-35_151,19.67031701405843,19.886886596679688,20.059936153369872,20.705698526033792,NA,NA,0
Ostorhinchus limenus,-35.06,150.78,2003,5,2,15,2,-35_151,19.67031701405843,19.886886596679688,20.059936153369872,20.705698526033792,NA,NA,0
Ostorhinchus limenus,-35.06,150.78,2003,5,2,12.5,1,-35_151,19.67031701405843,19.886886596679688,20.059936153369872,20.705698526033792,NA,NA,0
Ostorhinchus limenus,-35.06,150.78,2004,5,25,7.5,1,-35_151,19.537256399790447,19.329307556152344,19.870283113122944,20.739031760923325,NA,NA,0
Ostorhinchus limenus,-35.06,150.78,2004,5,25,10,3,-35_151,19.537256399790447,19.329307556152344,19.870283113122944,20.739031760923325,NA,NA,0
Ostorhinchus limenus,-35.06,150.78,2000,5,13,5,1,-35_151,19.86149024963379,19.47962188720703,20.225888499204668,19.893870569044545,NA,NA,0
Ostorhinchus limenus,-35.06,150.78,2000,5,13,12.5,1,-35_151,19.86149024963379,19.47962188720703,20.225888499204668,19.893870569044545,NA,NA,0
Ostorhinchus limenus,-35.06,150.78,2004,5,25,12.5,2,-35_151,19.537256399790447,19.329307556152344,19.870283113122944,20.739031760923325,NA,NA,0
Ostorhinchus limenus,-35.06,150.78,2004,5,25,10,2,-35_151,19.537256399790447,19.329307556152344,19.870283113122944,20.739031760923325,NA,NA,0
Ostorhinchus limenus,-35.06,150.78,2004,5,25,12.5,1,-35_151,19.537256399790447,19.329307556152344,19.870283113122944,20.739031760923325,NA,NA,0
Ostorhinchus limenus,-35.06,150.78,2004,5,25,12.5,1,-35_151,19.537256399790447,19.329307556152344,19.870283113122944,20.739031760923325,NA,NA,0
Ostorhinchus limenus,-35.06,150.78,2000,5,13,5,3,-35_151,19.86149024963379,19.47962188720703,20.225888499204668,19.893870569044545,NA,NA,0
Ostorhinchus limenus,-35.06,150.78,2000,5,13,10,1,-35_151,19.86149024963379,19.47962188720703,20.225888499204668,19.893870569044545,NA,NA,0
Ostorhinchus limenus,-35.07,150.7,2003,5,1,7.5,1,-35_151,19.67031701405843,19.886886596679688,20.059936153369872,20.705698526033792,NA,NA,0
Ostorhinchus limenus,-35.1,150.7,2000,5,10,15,6,-35_151,19.86149024963379,19.47962188720703,20.225888499204668,19.893870569044545,2002,Jervis Bay Marine Park,0
Ostorhinchus limenus,-35.09,150.69,2000,5,8,5,7,-35_151,19.86149024963379,19.47962188720703,20.225888499204668,19.893870569044545,2002,Jervis Bay Marine Park,0
Ostorhinchus limenus,-35.09,150.69,2000,5,8,5,13,-35_151,19.86149024963379,19.47962188720703,20.225888499204668,19.893870569044545,2002,Jervis Bay Marine Park,0
Ostorhinchus limenus,-35.09,150.69,2003,5,9,7.5,1,-35_151,19.67031701405843,19.886886596679688,20.059936153369872,20.705698526033792,2002,Jervis Bay Marine Park,0
Ostorhinchus limenus,-35.09,150.69,2003,5,9,5,1,-35_151,19.67031701405843,19.886886596679688,20.059936153369872,20.705698526033792,2002,Jervis Bay Marine Park,0
Ostorhinchus limenus,-35.1,150.7,2003,5,10,12.5,1,-35_151,19.67031701405843,19.886886596679688,20.059936153369872,20.705698526033792,2002,Jervis Bay Marine Park,0
Ostorhinchus limenus,-35.1,150.7,2003,5,10,7.5,2,-35_151,19.67031701405843,19.886886596679688,20.059936153369872,20.705698526033792,2002,Jervis Bay Marine Park,0
Ostorhinchus limenus,-35.1,150.7,2003,5,10,10,2,-35_151,19.67031701405843,19.886886596679688,20.059936153369872,20.705698526033792,2002,Jervis Bay Marine Park,0
Ostorhinchus limenus,-35.1,150.7,2003,5,10,7.5,2,-35_151,19.67031701405843,19.886886596679688,20.059936153369872,20.705698526033792,2002,Jervis Bay Marine Park,0
Ostorhinchus limenus,-35.07,150.77,2004,5,25,7.5,2,-35_151,19.537256399790447,19.329307556152344,19.870283113122944,20.739031760923325,2002,Jervis Bay Marine Park,0
Ostorhinchus limenus,-35.07,150.77,2004,5,25,10,2,-35_151,19.537256399790447,19.329307556152344,19.870283113122944,20.739031760923325,2002,Jervis Bay Marine Park,0
Ostorhinchus limenus,-35.1,150.7,2003,5,10,10,1,-35_151,19.67031701405843,19.886886596679688,20.059936153369872,20.705698526033792,2002,Jervis Bay Marine Park,0
Ostorhinchus limenus,-35.1,150.7,2003,5,10,12.5,1,-35_151,19.67031701405843,19.886886596679688,20.059936153369872,20.705698526033792,2002,Jervis Bay Marine Park,0
Ostorhinchus limenus,-35.1,150.7,2004,5,27,7.5,2,-35_151,19.537256399790447,19.329307556152344,19.870283113122944,20.739031760923325,2002,Jervis Bay Marine Park,0
Ostorhinchus limenus,-35.1,150.7,2004,5,27,12.5,1,-35_151,19.537256399790447,19.329307556152344,19.870283113122944,20.739031760923325,2002,Jervis Bay Marine Park,0
Ostorhinchus limenus,-35.1,150.7,2004,5,27,10,1,-35_151,19.537256399790447,19.329307556152344,19.870283113122944,20.739031760923325,2002,Jervis Bay Marine Park,0
Ostorhinchus limenus,-35.1,150.7,2004,5,27,15,1,-35_151,19.537256399790447,19.329307556152344,19.870283113122944,20.739031760923325,2002,Jervis Bay Marine Park,0
Ostorhinchus limenus,-35.07,150.77,2003,4,30,7.5,2,-35_151,19.67031701405843,21.371448516845703,20.059936153369872,22.25355500115289,2002,Jervis Bay Marine Park,0
Ostorhinchus limenus,-35.02,150.76,2000,5,9,10,1,-35_151,19.86149024963379,19.47962188720703,20.225888499204668,19.893870569044545,2002,Jervis Bay Marine Park,0
Ostorhinchus limenus,-35.02,150.76,2000,5,9,12.5,1,-35_151,19.86149024963379,19.47962188720703,20.225888499204668,19.893870569044545,2002,Jervis Bay Marine Park,0
Ostorhinchus limenus,-35.02,150.76,2000,5,9,10,2,-35_151,19.86149024963379,19.47962188720703,20.225888499204668,19.893870569044545,2002,Jervis Bay Marine Park,0
Ostorhinchus limenus,-35.02,150.76,2000,5,9,12.5,1,-35_151,19.86149024963379,19.47962188720703,20.225888499204668,19.893870569044545,2002,Jervis Bay Marine Park,0
Ostorhinchus limenus,-35.03,150.78,2003,5,9,10,2,-35_151,19.67031701405843,19.886886596679688,20.059936153369872,20.705698526033792,2002,Jervis Bay Marine Park,0
Ostorhinchus limenus,-35.03,150.78,2003,5,9,12.5,2,-35_151,19.67031701405843,19.886886596679688,20.059936153369872,20.705698526033792,2002,Jervis Bay Marine Park,0
Ostorhinchus limenus,-35.03,150.78,2003,5,9,10,1,-35_151,19.67031701405843,19.886886596679688,20.059936153369872,20.705698526033792,2002,Jervis Bay Marine Park,0
Ostorhinchus limenus,-35.03,150.78,2003,5,9,7.5,1,-35_151,19.67031701405843,19.886886596679688,20.059936153369872,20.705698526033792,2002,Jervis Bay Marine Park,0
Ostorhinchus limenus,-35.03,150.78,2003,5,9,10,3,-35_151,19.67031701405843,19.886886596679688,20.059936153369872,20.705698526033792,2002,Jervis Bay Marine Park,0
Ostorhinchus limenus,-35.03,150.78,2003,5,9,10,1,-35_151,19.67031701405843,19.886886596679688,20.059936153369872,20.705698526033792,2002,Jervis Bay Marine Park,0
Ostorhinchus limenus,-35.03,150.78,2003,5,9,5,2,-35_151,19.67031701405843,19.886886596679688,20.059936153369872,20.705698526033792,2002,Jervis Bay Marine Park,0
Ostorhinchus limenus,-35.03,150.78,2003,5,9,7.5,2,-35_151,19.67031701405843,19.886886596679688,20.059936153369872,20.705698526033792,2002,Jervis Bay Marine Park,0
Ostorhinchus limenus,-35.03,150.78,2003,5,9,7.5,1,-35_151,19.67031701405843,19.886886596679688,20.059936153369872,20.705698526033792,2002,Jervis Bay Marine Park,0
Ostorhinchus limenus,-35.03,150.78,2003,5,9,5,1,-35_151,19.67031701405843,19.886886596679688,20.059936153369872,20.705698526033792,2002,Jervis Bay Marine Park,0
Ostorhinchus limenus,-35.03,150.78,2003,5,9,7.5,2,-35_151,19.67031701405843,19.886886596679688,20.059936153369872,20.705698526033792,2002,Jervis Bay Marine Park,0
Ostorhinchus limenus,-35.03,150.78,2004,5,30,7.5,1,-35_151,19.537256399790447,19.329307556152344,19.870283113122944,20.739031760923325,2002,Jervis Bay Marine Park,0
Ostorhinchus limenus,-35.03,150.78,2004,5,30,10,4,-35_151,19.537256399790447,19.329307556152344,19.870283113122944,20.739031760923325,2002,Jervis Bay Marine Park,0
Ostorhinchus limenus,-35.03,150.78,2004,5,30,10,2,-35_151,19.537256399790447,19.329307556152344,19.870283113122944,20.739031760923325,2002,Jervis Bay Marine Park,0
Ostorhinchus limenus,-35.03,150.78,2004,5,30,10,4,-35_151,19.537256399790447,19.329307556152344,19.870283113122944,20.739031760923325,2002,Jervis Bay Marine Park,0
Ostorhinchus limenus,-35.03,150.78,2004,5,30,10,2,-35_151,19.537256399790447,19.329307556152344,19.870283113122944,20.739031760923325,2002,Jervis Bay Marine Park,0
Ostorhinchus limenus,-35.03,150.78,2004,5,30,10,1,-35_151,19.537256399790447,19.329307556152344,19.870283113122944,20.739031760923325,2002,Jervis Bay Marine Park,0
Ostorhinchus limenus,-35.03,150.78,2004,5,30,12.5,2,-35_151,19.537256399790447,19.329307556152344,19.870283113122944,20.739031760923325,2002,Jervis Bay Marine Park,0
Ostorhinchus limenus,-35.02,150.76,2003,5,3,12.5,5,-35_151,19.67031701405843,19.886886596679688,20.059936153369872,20.705698526033792,2002,Jervis Bay Marine Park,0
Ostorhinchus limenus,-35.02,150.76,2003,5,3,12.5,1,-35_151,19.67031701405843,19.886886596679688,20.059936153369872,20.705698526033792,2002,Jervis Bay Marine Park,0
Ostorhinchus limenus,-35.02,150.76,2003,5,3,10,3,-35_151,19.67031701405843,19.886886596679688,20.059936153369872,20.705698526033792,2002,Jervis Bay Marine Park,0
Ostorhinchus limenus,-35.02,150.76,2003,5,3,10,4,-35_151,19.67031701405843,19.886886596679688,20.059936153369872,20.705698526033792,2002,Jervis Bay Marine Park,0
Ostorhinchus limenus,-35.02,150.76,2003,5,3,12.5,2,-35_151,19.67031701405843,19.886886596679688,20.059936153369872,20.705698526033792,2002,Jervis Bay Marine Park,0
Ostorhinchus limenus,-35.02,150.76,2003,5,3,7.5,1,-35_151,19.67031701405843,19.886886596679688,20.059936153369872,20.705698526033792,2002,Jervis Bay Marine Park,0
Ostorhinchus limenus,-35.02,150.76,2003,5,3,7.5,3,-35_151,19.67031701405843,19.886886596679688,20.059936153369872,20.705698526033792,2002,Jervis Bay Marine Park,0
Ostorhinchus limenus,-35.02,150.76,2003,5,3,10,2,-35_151,19.67031701405843,19.886886596679688,20.059936153369872,20.705698526033792,2002,Jervis Bay Marine Park,0
Ostorhinchus limenus,-35.02,150.76,2003,5,3,7.5,1,-35_151,19.67031701405843,19.886886596679688,20.059936153369872,20.705698526033792,2002,Jervis Bay Marine Park,0
Ostorhinchus limenus,-35.02,150.76,2004,6,2,10,8,-35_151,19.537256399790447,17.086624145507813,19.870283113122944,18.180110698276096,2002,Jervis Bay Marine Park,0
Ostorhinchus limenus,-35.02,150.76,2004,6,2,12.5,1,-35_151,19.537256399790447,17.086624145507813,19.870283113122944,18.180110698276096,2002,Jervis Bay Marine Park,0
Ostorhinchus limenus,-35.02,150.76,2004,6,2,7.5,2,-35_151,19.537256399790447,17.086624145507813,19.870283113122944,18.180110698276096,2002,Jervis Bay Marine Park,0
Ostorhinchus limenus,-35.02,150.76,2004,6,2,10,1,-35_151,19.537256399790447,17.086624145507813,19.870283113122944,18.180110698276096,2002,Jervis Bay Marine Park,0
Ostorhinchus limenus,-35.02,150.76,2004,6,2,10,3,-35_151,19.537256399790447,17.086624145507813,19.870283113122944,18.180110698276096,2002,Jervis Bay Marine Park,0
Ostorhinchus limenus,-35.03,150.78,2000,5,9,12.5,1,-35_151,19.86149024963379,19.47962188720703,20.225888499204668,19.893870569044545,2002,Jervis Bay Marine Park,0
Ostorhinchus limenus,-35.03,150.78,2000,5,9,12.5,1,-35_151,19.86149024963379,19.47962188720703,20.225888499204668,19.893870569044545,2002,Jervis Bay Marine Park,0
Ostorhinchus limenus,-35.12,150.75,2000,5,13,12.5,2,-35_151,19.86149024963379,19.47962188720703,20.225888499204668,19.893870569044545,NA,NA,0
Ostorhinchus limenus,-35.12,150.75,2003,5,7,12.5,8,-35_151,19.67031701405843,19.886886596679688,20.059936153369872,20.705698526033792,NA,NA,0
Ostorhinchus limenus,-35.12,150.75,2003,5,7,12.5,3,-35_151,19.67031701405843,19.886886596679688,20.059936153369872,20.705698526033792,NA,NA,0
Ostorhinchus limenus,-35.12,150.75,2003,5,7,12.5,1,-35_151,19.67031701405843,19.886886596679688,20.059936153369872,20.705698526033792,NA,NA,0
Ostorhinchus limenus,-35.12,150.75,2003,5,7,12.5,3,-35_151,19.67031701405843,19.886886596679688,20.059936153369872,20.705698526033792,NA,NA,0
Ostorhinchus limenus,-35.12,150.75,2003,5,7,7.5,3,-35_151,19.67031701405843,19.886886596679688,20.059936153369872,20.705698526033792,NA,NA,0
Ostorhinchus limenus,-35.12,150.75,2003,5,7,7.5,1,-35_151,19.67031701405843,19.886886596679688,20.059936153369872,20.705698526033792,NA,NA,0
Ostorhinchus limenus,-35.12,150.75,2003,5,7,7.5,4,-35_151,19.67031701405843,19.886886596679688,20.059936153369872,20.705698526033792,NA,NA,0
Ostorhinchus limenus,-35.12,150.75,2004,6,3,10,2,-35_151,19.537256399790447,17.086624145507813,19.870283113122944,18.180110698276096,NA,NA,0
Ostorhinchus limenus,-35.12,150.75,2004,6,3,10,1,-35_151,19.537256399790447,17.086624145507813,19.870283113122944,18.180110698276096,NA,NA,0
Ostorhinchus limenus,-35.12,150.75,2004,6,3,10,3,-35_151,19.537256399790447,17.086624145507813,19.870283113122944,18.180110698276096,NA,NA,0
Ostorhinchus limenus,-35.12,150.75,2004,6,3,12.5,1,-35_151,19.537256399790447,17.086624145507813,19.870283113122944,18.180110698276096,NA,NA,0
Ostorhinchus limenus,-35.13,150.73,2003,5,5,10,7,-35_151,19.67031701405843,19.886886596679688,20.059936153369872,20.705698526033792,NA,NA,0
Ostorhinchus limenus,-35.13,150.73,2003,5,5,12.5,1,-35_151,19.67031701405843,19.886886596679688,20.059936153369872,20.705698526033792,NA,NA,0
Ostorhinchus limenus,-35.13,150.73,2003,5,5,10,3,-35_151,19.67031701405843,19.886886596679688,20.059936153369872,20.705698526033792,NA,NA,0
Ostorhinchus limenus,-35.13,150.73,2003,5,5,12.5,2,-35_151,19.67031701405843,19.886886596679688,20.059936153369872,20.705698526033792,NA,NA,0
Ostorhinchus limenus,-35.13,150.73,2003,5,5,7.5,2,-35_151,19.67031701405843,19.886886596679688,20.059936153369872,20.705698526033792,NA,NA,0
Ostorhinchus limenus,-35.13,150.73,2003,5,5,7.5,5,-35_151,19.67031701405843,19.886886596679688,20.059936153369872,20.705698526033792,NA,NA,0
Ostorhinchus limenus,-35.13,150.73,2004,5,27,10,7,-35_151,19.537256399790447,19.329307556152344,19.870283113122944,20.739031760923325,NA,NA,0
Ostorhinchus limenus,-35.13,150.73,2004,5,27,12.5,1,-35_151,19.537256399790447,19.329307556152344,19.870283113122944,20.739031760923325,NA,NA,0
Ostorhinchus limenus,-35.13,150.73,2004,5,27,7.5,3,-35_151,19.537256399790447,19.329307556152344,19.870283113122944,20.739031760923325,NA,NA,0
Ostorhinchus limenus,-35.13,150.73,2004,5,27,10,1,-35_151,19.537256399790447,19.329307556152344,19.870283113122944,20.739031760923325,NA,NA,0
Ostorhinchus limenus,-35.13,150.73,2004,5,27,7.5,2,-35_151,19.537256399790447,19.329307556152344,19.870283113122944,20.739031760923325,NA,NA,0
Ostorhinchus limenus,-35.13,150.73,2004,5,27,10,1,-35_151,19.537256399790447,19.329307556152344,19.870283113122944,20.739031760923325,NA,NA,0
Ostorhinchus limenus,-35.13,150.73,2004,5,27,7.5,1,-35_151,19.537256399790447,19.329307556152344,19.870283113122944,20.739031760923325,NA,NA,0
Ostorhinchus limenus,-35.13,150.73,2004,5,27,10,3,-35_151,19.537256399790447,19.329307556152344,19.870283113122944,20.739031760923325,NA,NA,0
Ostorhinchus limenus,-35.13,150.73,2004,5,27,12.5,1,-35_151,19.537256399790447,19.329307556152344,19.870283113122944,20.739031760923325,NA,NA,0
Ostorhinchus limenus,-35.13,150.73,2004,5,27,12.5,1,-35_151,19.537256399790447,19.329307556152344,19.870283113122944,20.739031760923325,NA,NA,0
Ostorhinchus limenus,-35.13,150.73,2004,5,27,12.5,1,-35_151,19.537256399790447,19.329307556152344,19.870283113122944,20.739031760923325,NA,NA,0
Ostorhinchus limenus,-35.13,150.73,2004,5,27,15,1,-35_151,19.537256399790447,19.329307556152344,19.870283113122944,20.739031760923325,NA,NA,0
Ostorhinchus limenus,-35.13,150.73,2000,5,10,12.5,1,-35_151,19.86149024963379,19.47962188720703,20.225888499204668,19.893870569044545,NA,NA,0
Ostorhinchus limenus,-35.13,150.73,2000,5,10,15,1,-35_151,19.86149024963379,19.47962188720703,20.225888499204668,19.893870569044545,NA,NA,0
Ostorhinchus limenus,-35.01,150.73,2000,5,14,12.5,1,-35_151,19.86149024963379,19.47962188720703,20.225888499204668,19.893870569044545,NA,NA,0
Ostorhinchus limenus,-35.04,150.68,2000,5,14,12.5,1,-35_151,19.86149024963379,19.47962188720703,20.225888499204668,19.893870569044545,2002,Jervis Bay Marine Park,0
Ostorhinchus limenus,-35.12,150.76,2003,5,6,10,1,-35_151,19.67031701405843,19.886886596679688,20.059936153369872,20.705698526033792,2002,Booderee National Park,0
Ostorhinchus limenus,-35.12,150.76,2003,5,6,12.5,1,-35_151,19.67031701405843,19.886886596679688,20.059936153369872,20.705698526033792,2002,Booderee National Park,0
Ostorhinchus limenus,-35.12,150.76,2003,5,6,10,3,-35_151,19.67031701405843,19.886886596679688,20.059936153369872,20.705698526033792,2002,Booderee National Park,0
Ostorhinchus limenus,-35.01,150.73,2003,5,3,7.5,1,-35_151,19.67031701405843,19.886886596679688,20.059936153369872,20.705698526033792,NA,NA,0
Ostorhinchus limenus,-35.01,150.73,2003,5,3,10,2,-35_151,19.67031701405843,19.886886596679688,20.059936153369872,20.705698526033792,NA,NA,0
Ostorhinchus limenus,-35.04,150.83,2000,5,17,7.5,2,-35_151,19.86149024963379,19.47962188720703,20.225888499204668,19.893870569044545,NA,NA,0
Ostorhinchus limenus,-35.04,150.83,2000,5,17,7.5,1,-35_151,19.86149024963379,19.47962188720703,20.225888499204668,19.893870569044545,NA,NA,0
Ostorhinchus limenus,-35.01,150.72,2004,5,29,10,2,-35_151,19.537256399790447,19.329307556152344,19.870283113122944,20.739031760923325,NA,NA,0
Ostorhinchus limenus,-35.13,150.75,2004,5,23,7.5,2,-35_151,19.537256399790447,19.329307556152344,19.870283113122944,20.739031760923325,NA,NA,0
Ostorhinchus limenus,-35.13,150.75,2004,5,23,10,4,-35_151,19.537256399790447,19.329307556152344,19.870283113122944,20.739031760923325,NA,NA,0
Ostorhinchus limenus,-35.13,150.75,2004,5,23,5,2,-35_151,19.537256399790447,19.329307556152344,19.870283113122944,20.739031760923325,NA,NA,0
Ostorhinchus limenus,-35.13,150.75,2004,5,23,10,1,-35_151,19.537256399790447,19.329307556152344,19.870283113122944,20.739031760923325,NA,NA,0
Ostorhinchus limenus,-35.13,150.75,2004,5,23,12.5,4,-35_151,19.537256399790447,19.329307556152344,19.870283113122944,20.739031760923325,NA,NA,0
Ostorhinchus limenus,-35.13,150.75,2004,5,23,7.5,3,-35_151,19.537256399790447,19.329307556152344,19.870283113122944,20.739031760923325,NA,NA,0
Ostorhinchus limenus,-35.13,150.75,2004,5,23,12.5,1,-35_151,19.537256399790447,19.329307556152344,19.870283113122944,20.739031760923325,NA,NA,0
Ostorhinchus limenus,-35.01,150.72,2003,5,3,7.5,2,-35_151,19.67031701405843,19.886886596679688,20.059936153369872,20.705698526033792,NA,NA,0
Ostorhinchus limenus,-35.13,150.74,2004,5,28,10,1,-35_151,19.537256399790447,19.329307556152344,19.870283113122944,20.739031760923325,NA,NA,0
Ostorhinchus limenus,-35.06,150.77,2008,5,23,10,1,-35_151,19.43103837966919,19.03557014465332,19.40620510758396,18.734945789460212,2002,Jervis Bay Marine Park,0
Ostorhinchus limenus,-35.13,150.74,2004,5,28,7.5,1,-35_151,19.537256399790447,19.329307556152344,19.870283113122944,20.739031760923325,NA,NA,0
Ostorhinchus limenus,-35.12,150.71,2008,5,21,10,1,-35_151,19.43103837966919,19.03557014465332,19.40620510758396,18.734945789460212,NA,NA,0
Ostorhinchus limenus,-35.02,150.76,2008,5,16,7.5,1,-35_151,19.43103837966919,19.03557014465332,19.40620510758396,18.734945789460212,2002,Jervis Bay Marine Park,0
Ostorhinchus limenus,-35.13,150.75,2004,5,23,5,2,-35_151,19.537256399790447,19.329307556152344,19.870283113122944,20.739031760923325,NA,NA,0
Ostorhinchus limenus,-35.13,150.75,2004,5,23,7.5,1,-35_151,19.537256399790447,19.329307556152344,19.870283113122944,20.739031760923325,NA,NA,0
Ostorhinchus limenus,-35.13,150.75,2004,5,23,10,1,-35_151,19.537256399790447,19.329307556152344,19.870283113122944,20.739031760923325,NA,NA,0
Ostorhinchus limenus,-35.12,150.75,2008,5,21,10,1,-35_151,19.43103837966919,19.03557014465332,19.40620510758396,18.734945789460212,NA,NA,0
Ostorhinchus limenus,-35.09,150.8,2008,5,16,7.5,1,-35_151,19.43103837966919,19.03557014465332,19.40620510758396,18.734945789460212,NA,NA,0
Ostorhinchus limenus,-35.12,150.75,2008,5,21,10,1,-35_151,19.43103837966919,19.03557014465332,19.40620510758396,18.734945789460212,NA,NA,0
Ostorhinchus limenus,-35.12,150.75,2008,5,21,12.5,1,-35_151,19.43103837966919,19.03557014465332,19.40620510758396,18.734945789460212,NA,NA,0
Ostorhinchus limenus,-35.12,150.75,2008,5,21,7.5,1,-35_151,19.43103837966919,19.03557014465332,19.40620510758396,18.734945789460212,NA,NA,0
Ostorhinchus limenus,-35.12,150.75,2008,5,21,10,2,-35_151,19.43103837966919,19.03557014465332,19.40620510758396,18.734945789460212,NA,NA,0
Ostorhinchus limenus,-35.13,150.73,2008,5,21,12.5,2,-35_151,19.43103837966919,19.03557014465332,19.40620510758396,18.734945789460212,NA,NA,0
Ostorhinchus limenus,-35.13,150.75,2004,5,23,7.5,4,-35_151,19.537256399790447,19.329307556152344,19.870283113122944,20.739031760923325,NA,NA,0
Ostorhinchus limenus,-35.13,150.75,2004,5,23,10,2,-35_151,19.537256399790447,19.329307556152344,19.870283113122944,20.739031760923325,NA,NA,0
Ostorhinchus limenus,-35.13,150.73,2008,5,21,10,1,-35_151,19.43103837966919,19.03557014465332,19.40620510758396,18.734945789460212,NA,NA,0
Ostorhinchus limenus,-35.13,150.73,2008,5,21,10,1,-35_151,19.43103837966919,19.03557014465332,19.40620510758396,18.734945789460212,NA,NA,0
Ostorhinchus limenus,-35.13,150.73,2008,5,21,12.5,1,-35_151,19.43103837966919,19.03557014465332,19.40620510758396,18.734945789460212,NA,NA,0
Ostorhinchus limenus,-35.13,150.73,2008,5,21,12.5,1,-35_151,19.43103837966919,19.03557014465332,19.40620510758396,18.734945789460212,NA,NA,0
Ostorhinchus limenus,-35.13,150.73,2008,5,21,7.5,1,-35_151,19.43103837966919,19.03557014465332,19.40620510758396,18.734945789460212,NA,NA,0
Ostorhinchus limenus,-33.81,151.27,2009,12,11,10,7,-34_151,20.488441785176597,21.631641387939453,20.580270093114816,21.47491884231567,NA,NA,0
Ostorhinchus limenus,-33.81,151.27,2009,12,11,12.5,7,-34_151,20.488441785176597,21.631641387939453,20.580270093114816,21.47491884231567,NA,NA,0
Ostorhinchus limenus,-33.81,151.27,2009,12,11,15,3,-34_151,20.488441785176597,21.631641387939453,20.580270093114816,21.47491884231567,NA,NA,0
Ostorhinchus limenus,-33.84,151.28,2009,8,1,15,5,-34_151,20.488441785176597,18.304466247558594,20.580270093114816,17.557902828339607,NA,NA,0
Ostorhinchus limenus,-33.84,151.28,2009,8,1,12.5,20,-34_151,20.488441785176597,18.304466247558594,20.580270093114816,17.557902828339607,NA,NA,0
Ostorhinchus limenus,-32.71,152.16,2011,10,1,7.5,1,-33_152,21.399254004160564,19.700183868408203,21.19576238272011,19.680671589348904,1983,Fly Point-Halifax Park,1
Ostorhinchus limenus,-33.8,151.3,2011,11,27,10,12,-34_151,20.72282870610555,20.450035095214844,20.846456927244198,19.886332845687868,2002,Cabbage Tree Bay Aquatic Reserve,0
Ostorhinchus limenus,-33.8,151.3,2011,11,27,12.5,3,-34_151,20.72282870610555,20.450035095214844,20.846456927244198,19.886332845687868,2002,Cabbage Tree Bay Aquatic Reserve,0
Ostorhinchus limenus,-33.8,151.3,2011,11,27,15,4,-34_151,20.72282870610555,20.450035095214844,20.846456927244198,19.886332845687868,2002,Cabbage Tree Bay Aquatic Reserve,0
Ostorhinchus limenus,-33.8,151.3,2011,11,27,7.5,1,-34_151,20.72282870610555,20.450035095214844,20.846456927244198,19.886332845687868,2002,Cabbage Tree Bay Aquatic Reserve,0
Ostorhinchus limenus,-32.72,152.14,2011,7,3,5,27,-33_152,21.399254004160564,18.694730758666992,21.19576238272011,19.82029527746221,NA,NA,0
Ostorhinchus limenus,-32.72,152.14,2011,7,3,7.5,1,-33_152,21.399254004160564,18.694730758666992,21.19576238272011,19.82029527746221,NA,NA,0
Ostorhinchus limenus,-32.72,152.14,2011,7,3,5,41,-33_152,21.399254004160564,18.694730758666992,21.19576238272011,19.82029527746221,NA,NA,0
Ostorhinchus limenus,-32.72,152.14,2011,7,3,7.5,7,-33_152,21.399254004160564,18.694730758666992,21.19576238272011,19.82029527746221,NA,NA,0
Ostorhinchus limenus,-32.71,152.16,2011,8,28,7.5,1,-33_152,21.399254004160564,19.14668083190918,21.19576238272011,18.670214596615043,1983,Fly Point-Halifax Park,1
Ostorhinchus limenus,-32.71,152.16,2011,8,28,10,1,-33_152,21.399254004160564,19.14668083190918,21.19576238272011,18.670214596615043,1983,Fly Point-Halifax Park,1
Ostorhinchus limenus,-32.71,152.16,2011,8,28,12.5,1,-33_152,21.399254004160564,19.14668083190918,21.19576238272011,18.670214596615043,1983,Fly Point-Halifax Park,1
Ostorhinchus limenus,-32.72,152.15,2011,10,30,5,1,-33_152,21.399254004160564,19.700183868408203,21.19576238272011,19.680671589348904,NA,NA,0
Ostorhinchus limenus,-32.72,152.15,2011,10,30,7.5,1,-33_152,21.399254004160564,19.700183868408203,21.19576238272011,19.680671589348904,NA,NA,0
Ostorhinchus limenus,-32.72,152.15,2011,10,30,10,2,-33_152,21.399254004160564,19.700183868408203,21.19576238272011,19.680671589348904,NA,NA,0
Ostorhinchus limenus,-32.72,152.15,2011,10,30,12.5,3,-33_152,21.399254004160564,19.700183868408203,21.19576238272011,19.680671589348904,NA,NA,0
Ostorhinchus limenus,-32.72,152.15,2011,10,30,5,1,-33_152,21.399254004160564,19.700183868408203,21.19576238272011,19.680671589348904,NA,NA,0
Ostorhinchus limenus,-32.71,152.15,2009,5,8,10,1,-33_152,21.148912747701008,20.721540451049805,20.95820614353018,22.08618232768069,1983,Fly Point-Halifax Park,1
Ostorhinchus limenus,-33.8,151.27,2011,11,25,5,2,-34_151,20.72282870610555,20.450035095214844,20.846456927244198,19.886332845687868,NA,NA,0
Ostorhinchus limenus,-33.8,151.27,2011,11,25,7.5,21,-34_151,20.72282870610555,20.450035095214844,20.846456927244198,19.886332845687868,NA,NA,0
Ostorhinchus limenus,-33.8,151.27,2011,11,25,10,20,-34_151,20.72282870610555,20.450035095214844,20.846456927244198,19.886332845687868,NA,NA,0
Ostorhinchus limenus,-33.8,151.27,2011,11,25,2.5,10,-34_151,20.72282870610555,20.450035095214844,20.846456927244198,19.886332845687868,NA,NA,0
Ostorhinchus limenus,-33.8,151.27,2011,11,25,5,52,-34_151,20.72282870610555,20.450035095214844,20.846456927244198,19.886332845687868,NA,NA,0
Ostorhinchus limenus,-33.8,151.27,2011,11,25,7.5,50,-34_151,20.72282870610555,20.450035095214844,20.846456927244198,19.886332845687868,NA,NA,0
Ostorhinchus limenus,-33.84,151.25,2011,11,26,5,2,-34_151,20.72282870610555,20.450035095214844,20.846456927244198,19.886332845687868,NA,NA,0
Ostorhinchus limenus,-33.84,151.25,2011,11,26,7.5,2,-34_151,20.72282870610555,20.450035095214844,20.846456927244198,19.886332845687868,NA,NA,0
Ostorhinchus limenus,-33.8,151.3,2011,11,27,5,7,-34_151,20.72282870610555,20.450035095214844,20.846456927244198,19.886332845687868,2002,Cabbage Tree Bay Aquatic Reserve,0
Ostorhinchus limenus,-33.8,151.3,2011,11,27,7.5,2,-34_151,20.72282870610555,20.450035095214844,20.846456927244198,19.886332845687868,2002,Cabbage Tree Bay Aquatic Reserve,0
Ostorhinchus limenus,-33.8,151.3,2011,11,27,5,18,-34_151,20.72282870610555,20.450035095214844,20.846456927244198,19.886332845687868,2002,Cabbage Tree Bay Aquatic Reserve,0
Ostorhinchus limenus,-33.8,151.3,2011,11,27,7.5,3,-34_151,20.72282870610555,20.450035095214844,20.846456927244198,19.886332845687868,2002,Cabbage Tree Bay Aquatic Reserve,0
Ostorhinchus limenus,-32.72,152.15,2011,12,23,5,4,-33_152,21.399254004160564,21.92483901977539,21.19576238272011,20.95446187706404,NA,NA,0
Ostorhinchus limenus,-32.72,152.15,2011,12,23,7.5,1,-33_152,21.399254004160564,21.92483901977539,21.19576238272011,20.95446187706404,NA,NA,0
Ostorhinchus limenus,-32.71,152.16,2012,5,12,7.5,5,-33_152,20.998074054718018,21.269546508789063,20.861195442622325,21.74844032205561,1983,Fly Point-Halifax Park,1
Ostorhinchus limenus,-32.71,152.15,2012,5,13,5,1,-33_152,20.998074054718018,21.269546508789063,20.861195442622325,21.74844032205561,1983,Fly Point-Halifax Park,1
Ostorhinchus limenus,-32.71,152.15,2012,5,13,7.5,10,-33_152,20.998074054718018,21.269546508789063,20.861195442622325,21.74844032205561,1983,Fly Point-Halifax Park,1
Ostorhinchus limenus,-32.71,152.15,2012,5,13,10,10,-33_152,20.998074054718018,21.269546508789063,20.861195442622325,21.74844032205561,1983,Fly Point-Halifax Park,1
Ostorhinchus limenus,-32.71,152.15,2012,5,13,5,2,-33_152,20.998074054718018,21.269546508789063,20.861195442622325,21.74844032205561,1983,Fly Point-Halifax Park,1
Ostorhinchus limenus,-32.71,152.15,2012,5,13,7.5,2,-33_152,20.998074054718018,21.269546508789063,20.861195442622325,21.74844032205561,1983,Fly Point-Halifax Park,1
Ostorhinchus limenus,-32.71,152.16,2012,5,11,5,10,-33_152,20.998074054718018,21.269546508789063,20.861195442622325,21.74844032205561,1983,Fly Point-Halifax Park,1
Ostorhinchus limenus,-32.71,152.16,2012,5,11,7.5,18,-33_152,20.998074054718018,21.269546508789063,20.861195442622325,21.74844032205561,1983,Fly Point-Halifax Park,1
Ostorhinchus limenus,-32.71,152.16,2012,5,11,10,15,-33_152,20.998074054718018,21.269546508789063,20.861195442622325,21.74844032205561,1983,Fly Point-Halifax Park,1
Ostorhinchus limenus,-32.71,152.16,2012,5,11,5,15,-33_152,20.998074054718018,21.269546508789063,20.861195442622325,21.74844032205561,1983,Fly Point-Halifax Park,1
Ostorhinchus limenus,-32.71,152.16,2012,5,11,7.5,15,-33_152,20.998074054718018,21.269546508789063,20.861195442622325,21.74844032205561,1983,Fly Point-Halifax Park,1
Ostorhinchus limenus,-32.71,152.16,2012,5,11,10,2,-33_152,20.998074054718018,21.269546508789063,20.861195442622325,21.74844032205561,1983,Fly Point-Halifax Park,1
Ostorhinchus limenus,-32.69,152.22,2011,10,9,5,5,-33_152,21.399254004160564,19.700183868408203,21.19576238272011,19.680671589348904,NA,NA,0
Ostorhinchus limenus,-32.69,152.22,2011,10,9,7.5,4,-33_152,21.399254004160564,19.700183868408203,21.19576238272011,19.680671589348904,NA,NA,0
Ostorhinchus limenus,-32.72,152.15,2012,2,25,15,1,-33_152,20.998074054718018,23.87634658813477,20.861195442622325,23.453160428452765,NA,NA,0
Ostorhinchus limenus,-32.72,152.15,2012,2,25,5,1,-33_152,20.998074054718018,23.87634658813477,20.861195442622325,23.453160428452765,NA,NA,0
Ostorhinchus limenus,-32.71,152.18,2012,10,28,5,7,-33_152,20.998074054718018,19.59974479675293,20.861195442622325,18.931397391903783,NA,NA,0
Ostorhinchus limenus,-32.71,152.18,2012,10,28,7.5,6,-33_152,20.998074054718018,19.59974479675293,20.861195442622325,18.931397391903783,NA,NA,0
Ostorhinchus limenus,-32.71,152.18,2012,10,28,10,1,-33_152,20.998074054718018,19.59974479675293,20.861195442622325,18.931397391903783,NA,NA,0
Ostorhinchus limenus,-32.71,152.18,2012,10,28,5,1,-33_152,20.998074054718018,19.59974479675293,20.861195442622325,18.931397391903783,NA,NA,0
Ostorhinchus limenus,-32.72,152.14,2012,12,7,7.5,3,-33_152,20.998074054718018,22.58501625061035,20.861195442622325,21.37559094993017,NA,NA,0
Ostorhinchus limenus,-32.72,152.15,2013,1,13,7.5,1,-33_152,21.45964765548706,23.560760498046875,21.34589705349317,22.678547915591988,NA,NA,0
Ostorhinchus limenus,-33.84,151.25,2012,10,27,7.5,1,-34_151,20.258487860361736,18.809253692626953,20.38584178047,18.310322069352672,NA,NA,0
Ostorhinchus limenus,-33.84,151.25,2012,10,27,5,1,-34_151,20.258487860361736,18.809253692626953,20.38584178047,18.310322069352672,NA,NA,0
Ostorhinchus limenus,-32.69,152.22,2012,6,2,5,2,-33_152,20.998074054718018,19.626041412353516,20.861195442622325,19.13897172080146,NA,NA,0
Ostorhinchus limenus,-32.69,152.22,2012,6,2,7.5,3,-33_152,20.998074054718018,19.626041412353516,20.861195442622325,19.13897172080146,NA,NA,0
Ostorhinchus limenus,-32.69,152.22,2012,6,2,2.5,50,-33_152,20.998074054718018,19.626041412353516,20.861195442622325,19.13897172080146,NA,NA,0
Ostorhinchus limenus,-32.69,152.22,2012,6,2,5,25,-33_152,20.998074054718018,19.626041412353516,20.861195442622325,19.13897172080146,NA,NA,0
Ostorhinchus limenus,-32.69,152.22,2012,6,2,7.5,4,-33_152,20.998074054718018,19.626041412353516,20.861195442622325,19.13897172080146,NA,NA,0
Ostorhinchus limenus,-32.69,152.22,2012,6,2,10,2,-33_152,20.998074054718018,19.626041412353516,20.861195442622325,19.13897172080146,NA,NA,0
Ostorhinchus limenus,-32.69,152.22,2012,6,2,5,3,-33_152,20.998074054718018,19.626041412353516,20.861195442622325,19.13897172080146,NA,NA,0
Ostorhinchus limenus,-32.69,152.22,2012,6,2,7.5,3,-33_152,20.998074054718018,19.626041412353516,20.861195442622325,19.13897172080146,NA,NA,0
Ostorhinchus limenus,-32.69,152.22,2012,6,2,5,2,-33_152,20.998074054718018,19.626041412353516,20.861195442622325,19.13897172080146,NA,NA,0
Ostorhinchus limenus,-32.69,152.22,2012,6,2,7.5,2,-33_152,20.998074054718018,19.626041412353516,20.861195442622325,19.13897172080146,NA,NA,0
Ostorhinchus limenus,-32.71,152.16,2012,6,23,5,2,-33_152,20.998074054718018,19.626041412353516,20.861195442622325,19.13897172080146,1983,Fly Point-Halifax Park,1
Ostorhinchus limenus,-32.71,152.16,2012,6,23,7.5,2,-33_152,20.998074054718018,19.626041412353516,20.861195442622325,19.13897172080146,1983,Fly Point-Halifax Park,1
Ostorhinchus limenus,-32.71,152.16,2012,6,23,10,1,-33_152,20.998074054718018,19.626041412353516,20.861195442622325,19.13897172080146,1983,Fly Point-Halifax Park,1
Ostorhinchus limenus,-32.71,152.16,2012,6,23,5,1,-33_152,20.998074054718018,19.626041412353516,20.861195442622325,19.13897172080146,1983,Fly Point-Halifax Park,1
Ostorhinchus limenus,-32.74,152.19,2012,6,24,7.5,1,-33_152,20.998074054718018,19.626041412353516,20.861195442622325,19.13897172080146,NA,NA,0
Ostorhinchus limenus,-32.74,152.19,2012,6,24,7.5,1,-33_152,20.998074054718018,19.626041412353516,20.861195442622325,19.13897172080146,NA,NA,0
Ostorhinchus limenus,-32.74,152.19,2012,6,24,10,1,-33_152,20.998074054718018,19.626041412353516,20.861195442622325,19.13897172080146,NA,NA,0
Ostorhinchus limenus,-32.71,152.16,2012,9,29,5,4,-33_152,20.998074054718018,18.13119888305664,20.861195442622325,17.827277427249484,1983,Fly Point-Halifax Park,1
Ostorhinchus limenus,-32.71,152.16,2012,7,20,7.5,1,-33_152,20.998074054718018,18.60243797302246,20.861195442622325,19.1733597734923,1983,Fly Point-Halifax Park,1
Ostorhinchus limenus,-32.71,152.16,2012,7,20,5,5,-33_152,20.998074054718018,18.60243797302246,20.861195442622325,19.1733597734923,1983,Fly Point-Halifax Park,1
Ostorhinchus limenus,-32.71,152.15,2012,7,21,7.5,12,-33_152,20.998074054718018,18.60243797302246,20.861195442622325,19.1733597734923,1983,Fly Point-Halifax Park,1
Ostorhinchus limenus,-32.71,152.15,2012,7,21,10,30,-33_152,20.998074054718018,18.60243797302246,20.861195442622325,19.1733597734923,1983,Fly Point-Halifax Park,1
Ostorhinchus limenus,-32.71,152.15,2012,7,21,5,20,-33_152,20.998074054718018,18.60243797302246,20.861195442622325,19.1733597734923,1983,Fly Point-Halifax Park,1
Ostorhinchus limenus,-32.71,152.15,2012,7,21,7.5,100,-33_152,20.998074054718018,18.60243797302246,20.861195442622325,19.1733597734923,1983,Fly Point-Halifax Park,1
Ostorhinchus limenus,-32.72,152.15,2011,12,23,5,2,-33_152,21.399254004160564,21.92483901977539,21.19576238272011,20.95446187706404,NA,NA,0
Ostorhinchus limenus,-32.69,152.22,2011,10,9,7.5,2,-33_152,21.399254004160564,19.700183868408203,21.19576238272011,19.680671589348904,NA,NA,0
Ostorhinchus limenus,-32.71,152.15,2011,11,4,5,1,-33_152,21.399254004160564,21.103883743286133,21.19576238272011,20.1717494752672,1983,Fly Point-Halifax Park,1
Ostorhinchus limenus,-32.71,152.15,2011,11,4,2.5,1,-33_152,21.399254004160564,21.103883743286133,21.19576238272011,20.1717494752672,1983,Fly Point-Halifax Park,1
Ostorhinchus limenus,-32.71,152.18,2011,9,9,5,7,-33_152,21.399254004160564,19.027263641357425,21.19576238272011,18.64269406000773,NA,NA,0
Ostorhinchus limenus,-32.71,152.18,2011,9,9,7.5,5,-33_152,21.399254004160564,19.027263641357425,21.19576238272011,18.64269406000773,NA,NA,0
Ostorhinchus limenus,-32.71,152.18,2011,9,9,7.5,1,-33_152,21.399254004160564,19.027263641357425,21.19576238272011,18.64269406000773,NA,NA,0
Ostorhinchus limenus,-32.74,152.19,2011,9,17,7.5,1,-33_152,21.399254004160564,19.027263641357425,21.19576238272011,18.64269406000773,NA,NA,0
Ostorhinchus limenus,-32.74,152.19,2011,9,17,5,1,-33_152,21.399254004160564,19.027263641357425,21.19576238272011,18.64269406000773,NA,NA,0
Ostorhinchus limenus,-32.71,152.16,2011,6,5,5,1,-33_152,21.399254004160564,19.886619567871097,21.19576238272011,20.698555082745024,1983,Fly Point-Halifax Park,1
Ostorhinchus limenus,-32.71,152.16,2011,10,1,7.5,1,-33_152,21.399254004160564,19.700183868408203,21.19576238272011,19.680671589348904,1983,Fly Point-Halifax Park,1
Ostorhinchus limenus,-32.71,152.16,2011,6,5,5,3,-33_152,21.399254004160564,19.886619567871097,21.19576238272011,20.698555082745024,1983,Fly Point-Halifax Park,1
Ostorhinchus limenus,-32.71,152.16,2011,6,5,7.5,1,-33_152,21.399254004160564,19.886619567871097,21.19576238272011,20.698555082745024,1983,Fly Point-Halifax Park,1
Ostorhinchus limenus,-32.71,152.16,2011,6,6,7.5,1,-33_152,21.399254004160564,19.886619567871097,21.19576238272011,20.698555082745024,1983,Fly Point-Halifax Park,1
Ostorhinchus limenus,-32.71,152.16,2011,6,6,7.5,2,-33_152,21.399254004160564,19.886619567871097,21.19576238272011,20.698555082745024,1983,Fly Point-Halifax Park,1
Ostorhinchus limenus,-32.71,152.16,2011,12,9,5,1,-33_152,21.399254004160564,21.92483901977539,21.19576238272011,20.95446187706404,1983,Fly Point-Halifax Park,1
Ostorhinchus limenus,-32.71,152.16,2011,12,9,7.5,1,-33_152,21.399254004160564,21.92483901977539,21.19576238272011,20.95446187706404,1983,Fly Point-Halifax Park,1
Ostorhinchus limenus,-32.71,152.16,2011,10,1,5,1,-33_152,21.399254004160564,19.700183868408203,21.19576238272011,19.680671589348904,1983,Fly Point-Halifax Park,1
Ostorhinchus limenus,-32.71,152.16,2011,12,9,2.5,1,-33_152,21.399254004160564,21.92483901977539,21.19576238272011,20.95446187706404,1983,Fly Point-Halifax Park,1
Ostorhinchus limenus,-32.71,152.16,2011,12,9,5,4,-33_152,21.399254004160564,21.92483901977539,21.19576238272011,20.95446187706404,1983,Fly Point-Halifax Park,1
Ostorhinchus limenus,-32.71,152.16,2011,12,10,5,2,-33_152,21.399254004160564,21.92483901977539,21.19576238272011,20.95446187706404,1983,Fly Point-Halifax Park,1
Ostorhinchus limenus,-32.71,152.16,2011,12,10,7.5,1,-33_152,21.399254004160564,21.92483901977539,21.19576238272011,20.95446187706404,1983,Fly Point-Halifax Park,1
Ostorhinchus limenus,-32.71,152.16,2011,8,28,5,7,-33_152,21.399254004160564,19.14668083190918,21.19576238272011,18.670214596615043,1983,Fly Point-Halifax Park,1
Ostorhinchus limenus,-32.71,152.16,2011,8,28,7.5,5,-33_152,21.399254004160564,19.14668083190918,21.19576238272011,18.670214596615043,1983,Fly Point-Halifax Park,1
Ostorhinchus limenus,-32.71,152.16,2011,8,28,10,10,-33_152,21.399254004160564,19.14668083190918,21.19576238272011,18.670214596615043,1983,Fly Point-Halifax Park,1
Ostorhinchus limenus,-32.71,152.16,2011,10,3,7.5,2,-33_152,21.399254004160564,19.700183868408203,21.19576238272011,19.680671589348904,1983,Fly Point-Halifax Park,1
Ostorhinchus limenus,-32.71,152.16,2011,8,28,2.5,10,-33_152,21.399254004160564,19.14668083190918,21.19576238272011,18.670214596615043,1983,Fly Point-Halifax Park,1
Ostorhinchus limenus,-32.71,152.16,2011,8,28,5,12,-33_152,21.399254004160564,19.14668083190918,21.19576238272011,18.670214596615043,1983,Fly Point-Halifax Park,1
Ostorhinchus limenus,-32.71,152.16,2011,8,28,7.5,2,-33_152,21.399254004160564,19.14668083190918,21.19576238272011,18.670214596615043,1983,Fly Point-Halifax Park,1
Ostorhinchus limenus,-32.71,152.16,2011,10,3,5,5,-33_152,21.399254004160564,19.700183868408203,21.19576238272011,19.680671589348904,1983,Fly Point-Halifax Park,1
Ostorhinchus limenus,-32.72,152.14,2012,1,21,2.5,2,-33_152,20.998074054718018,23.26630401611328,20.861195442622325,23.77376296443324,NA,NA,0
Ostorhinchus limenus,-32.72,152.14,2012,1,21,5,2,-33_152,20.998074054718018,23.26630401611328,20.861195442622325,23.77376296443324,NA,NA,0
Ostorhinchus limenus,-32.71,152.16,2012,4,29,5,5,-33_152,20.998074054718018,22.913747787475582,20.861195442622325,23.682916185590955,1983,Fly Point-Halifax Park,1
Ostorhinchus limenus,-32.71,152.16,2012,4,29,7.5,3,-33_152,20.998074054718018,22.913747787475582,20.861195442622325,23.682916185590955,1983,Fly Point-Halifax Park,1
Ostorhinchus limenus,-32.71,152.16,2012,1,28,5,2,-33_152,20.998074054718018,23.26630401611328,20.861195442622325,23.77376296443324,1983,Fly Point-Halifax Park,1
Ostorhinchus limenus,-32.71,152.16,2012,1,28,7.5,1,-33_152,20.998074054718018,23.26630401611328,20.861195442622325,23.77376296443324,1983,Fly Point-Halifax Park,1
Ostorhinchus limenus,-32.71,152.16,2012,4,9,5,1,-33_152,20.998074054718018,22.913747787475582,20.861195442622325,23.682916185590955,1983,Fly Point-Halifax Park,1
Ostorhinchus limenus,-32.71,152.16,2012,4,9,7.5,1,-33_152,20.998074054718018,22.913747787475582,20.861195442622325,23.682916185590955,1983,Fly Point-Halifax Park,1
Ostorhinchus limenus,-32.71,152.16,2012,3,9,5,1,-33_152,20.998074054718018,23.597801208496097,20.861195442622325,22.894058647976127,1983,Fly Point-Halifax Park,1
Ostorhinchus limenus,-32.71,152.16,2012,3,9,7.5,1,-33_152,20.998074054718018,23.597801208496097,20.861195442622325,22.894058647976127,1983,Fly Point-Halifax Park,1
Ostorhinchus limenus,-32.71,152.16,2012,3,9,10,2,-33_152,20.998074054718018,23.597801208496097,20.861195442622325,22.894058647976127,1983,Fly Point-Halifax Park,1
Ostorhinchus limenus,-32.72,152.13,2012,1,8,5,2,-33_152,20.998074054718018,23.26630401611328,20.861195442622325,23.77376296443324,NA,NA,0
Ostorhinchus limenus,-32.72,152.13,2012,1,8,7.5,5,-33_152,20.998074054718018,23.26630401611328,20.861195442622325,23.77376296443324,NA,NA,0
Ostorhinchus limenus,-32.72,152.13,2012,1,8,5,5,-33_152,20.998074054718018,23.26630401611328,20.861195442622325,23.77376296443324,NA,NA,0
Ostorhinchus limenus,-32.72,152.13,2012,1,8,7.5,20,-33_152,20.998074054718018,23.26630401611328,20.861195442622325,23.77376296443324,NA,NA,0
Ostorhinchus limenus,-32.72,152.13,2012,1,8,10,5,-33_152,20.998074054718018,23.26630401611328,20.861195442622325,23.77376296443324,NA,NA,0
Ostorhinchus limenus,-32.71,152.16,2012,3,25,5,3,-33_152,20.998074054718018,23.597801208496097,20.861195442622325,22.894058647976127,1983,Fly Point-Halifax Park,1
Ostorhinchus limenus,-32.71,152.16,2012,3,25,7.5,1,-33_152,20.998074054718018,23.597801208496097,20.861195442622325,22.894058647976127,1983,Fly Point-Halifax Park,1
Ostorhinchus limenus,-32.74,152.19,2012,2,12,5,1,-33_152,20.998074054718018,23.87634658813477,20.861195442622325,23.453160428452765,NA,NA,0
Ostorhinchus limenus,-32.74,152.19,2012,2,12,7.5,1,-33_152,20.998074054718018,23.87634658813477,20.861195442622325,23.453160428452765,NA,NA,0
Ostorhinchus limenus,-32.71,152.16,2012,1,26,5,1,-33_152,20.998074054718018,23.26630401611328,20.861195442622325,23.77376296443324,1983,Fly Point-Halifax Park,1
Ostorhinchus limenus,-32.71,152.16,2012,1,26,7.5,2,-33_152,20.998074054718018,23.26630401611328,20.861195442622325,23.77376296443324,1983,Fly Point-Halifax Park,1
Ostorhinchus limenus,-32.71,152.16,2012,3,9,5,4,-33_152,20.998074054718018,23.597801208496097,20.861195442622325,22.894058647976127,1983,Fly Point-Halifax Park,1
Ostorhinchus limenus,-32.71,152.15,2012,3,11,2.5,8,-33_152,20.998074054718018,23.597801208496097,20.861195442622325,22.894058647976127,1983,Fly Point-Halifax Park,1
Ostorhinchus limenus,-32.71,152.15,2012,3,11,2.5,5,-33_152,20.998074054718018,23.597801208496097,20.861195442622325,22.894058647976127,1983,Fly Point-Halifax Park,1
Ostorhinchus limenus,-32.71,152.15,2012,3,11,5,10,-33_152,20.998074054718018,23.597801208496097,20.861195442622325,22.894058647976127,1983,Fly Point-Halifax Park,1
Ostorhinchus limenus,-32.71,152.16,2012,8,24,5,2,-33_152,20.998074054718018,17.718364715576172,20.861195442622325,18.177687762885967,1983,Fly Point-Halifax Park,1
Ostorhinchus limenus,-32.71,152.16,2012,8,24,7.5,3,-33_152,20.998074054718018,17.718364715576172,20.861195442622325,18.177687762885967,1983,Fly Point-Halifax Park,1
Ostorhinchus limenus,-32.71,152.16,2012,8,24,5,1,-33_152,20.998074054718018,17.718364715576172,20.861195442622325,18.177687762885967,1983,Fly Point-Halifax Park,1
Ostorhinchus limenus,-32.71,152.16,2012,8,24,10,5,-33_152,20.998074054718018,17.718364715576172,20.861195442622325,18.177687762885967,1983,Fly Point-Halifax Park,1
Ostorhinchus limenus,-32.71,152.16,2012,8,24,12.5,2,-33_152,20.998074054718018,17.718364715576172,20.861195442622325,18.177687762885967,1983,Fly Point-Halifax Park,1
Ostorhinchus limenus,-33.8,151.27,2012,4,1,15,2,-34_151,20.258487860361736,22.312620162963867,20.38584178047,23.099582799275716,NA,NA,0
Ostorhinchus limenus,-33.8,151.27,2012,4,1,12.5,4,-34_151,20.258487860361736,22.312620162963867,20.38584178047,23.099582799275716,NA,NA,0
Ostorhinchus limenus,-32.72,152.15,2013,4,20,7.5,1,-33_152,21.45964765548706,23.543062210083008,21.34589705349317,23.738610543145075,NA,NA,0
Ostorhinchus limenus,-32.72,152.15,2013,4,20,5,1,-33_152,21.45964765548706,23.543062210083008,21.34589705349317,23.738610543145075,NA,NA,0
Ostorhinchus limenus,-32.69,152.22,2013,2,17,7.5,1,-33_152,21.45964765548706,24.129709243774418,21.34589705349317,23.636249468440106,NA,NA,0
Ostorhinchus limenus,-32.69,152.22,2013,2,17,10,2,-33_152,21.45964765548706,24.129709243774418,21.34589705349317,23.636249468440106,NA,NA,0
Ostorhinchus limenus,-32.69,152.22,2013,2,17,5,1,-33_152,21.45964765548706,24.129709243774418,21.34589705349317,23.636249468440106,NA,NA,0
Ostorhinchus limenus,-32.69,152.22,2013,2,17,7.5,2,-33_152,21.45964765548706,24.129709243774418,21.34589705349317,23.636249468440106,NA,NA,0
Ostorhinchus limenus,-32.74,152.19,2013,3,8,5,2,-33_152,21.45964765548706,23.891956329345703,21.34589705349317,23.22792960751441,NA,NA,0
Ostorhinchus limenus,-32.74,152.19,2013,3,8,10,2,-33_152,21.45964765548706,23.891956329345703,21.34589705349317,23.22792960751441,NA,NA,0
Ostorhinchus limenus,-32.71,152.15,2013,3,15,5,3,-33_152,21.45964765548706,23.891956329345703,21.34589705349317,23.22792960751441,1983,Fly Point-Halifax Park,1
Ostorhinchus limenus,-32.71,152.15,2013,3,15,7.5,4,-33_152,21.45964765548706,23.891956329345703,21.34589705349317,23.22792960751441,1983,Fly Point-Halifax Park,1
Ostorhinchus limenus,-33.8,151.3,2013,4,26,10,2,-34_151,20.80088106791178,23.188495635986328,21.054720012252293,22.840749518076574,2002,Cabbage Tree Bay Aquatic Reserve,1
Ostorhinchus limenus,-33.8,151.3,2013,4,26,12.5,1,-34_151,20.80088106791178,23.188495635986328,21.054720012252293,22.840749518076574,2002,Cabbage Tree Bay Aquatic Reserve,1
Ostorhinchus limenus,-33.8,151.3,2013,4,26,10,1,-34_151,20.80088106791178,23.188495635986328,21.054720012252293,22.840749518076574,2002,Cabbage Tree Bay Aquatic Reserve,1
Ostorhinchus limenus,-33.8,151.3,2013,4,26,12.5,3,-34_151,20.80088106791178,23.188495635986328,21.054720012252293,22.840749518076574,2002,Cabbage Tree Bay Aquatic Reserve,1
Ostorhinchus limenus,-32.71,152.18,2013,4,19,5,2,-33_152,21.45964765548706,23.543062210083008,21.34589705349317,23.738610543145075,NA,NA,0
Ostorhinchus limenus,-32.71,152.18,2013,4,19,7.5,5,-33_152,21.45964765548706,23.543062210083008,21.34589705349317,23.738610543145075,NA,NA,0
Ostorhinchus limenus,-32.71,152.18,2013,4,19,7.5,4,-33_152,21.45964765548706,23.543062210083008,21.34589705349317,23.738610543145075,NA,NA,0
Ostorhinchus limenus,-32.71,152.15,2013,4,19,7.5,2,-33_152,21.45964765548706,23.543062210083008,21.34589705349317,23.738610543145075,1983,Fly Point-Halifax Park,1
Ostorhinchus limenus,-32.71,152.15,2013,4,19,7.5,1,-33_152,21.45964765548706,23.543062210083008,21.34589705349317,23.738610543145075,1983,Fly Point-Halifax Park,1
Ostorhinchus limenus,-32.71,152.15,2013,4,19,12.5,2,-33_152,21.45964765548706,23.543062210083008,21.34589705349317,23.738610543145075,1983,Fly Point-Halifax Park,1
Ostorhinchus limenus,-32.69,152.22,2013,4,22,2.5,2,-33_152,21.45964765548706,23.543062210083008,21.34589705349317,23.738610543145075,NA,NA,0
Ostorhinchus limenus,-32.69,152.22,2013,4,22,5,2,-33_152,21.45964765548706,23.543062210083008,21.34589705349317,23.738610543145075,NA,NA,0
Ostorhinchus limenus,-32.69,152.22,2013,4,22,12.5,1,-33_152,21.45964765548706,23.543062210083008,21.34589705349317,23.738610543145075,NA,NA,0
Ostorhinchus limenus,-32.72,152.14,2013,4,19,10,1,-33_152,21.45964765548706,23.543062210083008,21.34589705349317,23.738610543145075,NA,NA,0
Ostorhinchus limenus,-32.72,152.13,2013,4,20,12.5,10,-33_152,21.45964765548706,23.543062210083008,21.34589705349317,23.738610543145075,NA,NA,0
Ostorhinchus limenus,-32.71,152.16,2013,4,20,10,2,-33_152,21.45964765548706,23.543062210083008,21.34589705349317,23.738610543145075,1983,Fly Point-Halifax Park,1
Ostorhinchus limenus,-32.71,152.16,2013,4,20,7.5,1,-33_152,21.45964765548706,23.543062210083008,21.34589705349317,23.738610543145075,1983,Fly Point-Halifax Park,1
Ostorhinchus limenus,-32.72,152.13,2013,4,20,7.5,1,-33_152,21.45964765548706,23.543062210083008,21.34589705349317,23.738610543145075,NA,NA,0
Ostorhinchus limenus,-32.72,152.13,2013,4,20,2.5,5,-33_152,21.45964765548706,23.543062210083008,21.34589705349317,23.738610543145075,NA,NA,0
Ostorhinchus limenus,-32.72,152.13,2013,4,20,5,5,-33_152,21.45964765548706,23.543062210083008,21.34589705349317,23.738610543145075,NA,NA,0
Ostorhinchus limenus,-32.72,152.13,2013,4,20,7.5,15,-33_152,21.45964765548706,23.543062210083008,21.34589705349317,23.738610543145075,NA,NA,0
Ostorhinchus limenus,-32.72,152.13,2013,4,20,10,13,-33_152,21.45964765548706,23.543062210083008,21.34589705349317,23.738610543145075,NA,NA,0
Ostorhinchus limenus,-32.69,152.22,2013,4,22,10,2,-33_152,21.45964765548706,23.543062210083008,21.34589705349317,23.738610543145075,NA,NA,0
Ostorhinchus limenus,-32.71,152.18,2013,4,19,12.5,2,-33_152,21.45964765548706,23.543062210083008,21.34589705349317,23.738610543145075,NA,NA,0
Ostorhinchus limenus,-32.72,152.14,2013,4,18,2.5,5,-33_152,21.45964765548706,23.543062210083008,21.34589705349317,23.738610543145075,NA,NA,0
Ostorhinchus limenus,-32.72,152.14,2013,4,18,5,1,-33_152,21.45964765548706,23.543062210083008,21.34589705349317,23.738610543145075,NA,NA,0
Ostorhinchus limenus,-32.72,152.14,2013,4,18,7.5,1,-33_152,21.45964765548706,23.543062210083008,21.34589705349317,23.738610543145075,NA,NA,0
Ostorhinchus limenus,-32.71,152.18,2013,4,19,7.5,1,-33_152,21.45964765548706,23.543062210083008,21.34589705349317,23.738610543145075,NA,NA,0
Ostorhinchus limenus,-32.71,152.18,2013,4,19,10,2,-33_152,21.45964765548706,23.543062210083008,21.34589705349317,23.738610543145075,NA,NA,0
Ostorhinchus limenus,-32.71,152.18,2013,4,19,7.5,3,-33_152,21.45964765548706,23.543062210083008,21.34589705349317,23.738610543145075,NA,NA,0
Ostorhinchus limenus,-32.79,152.11,2013,7,6,5,1,-33_152,21.45964765548706,18.89624786376953,21.34589705349317,19.133198445843114,NA,NA,0
Ostorhinchus limenus,-32.79,152.11,2013,7,6,5,1,-33_152,21.45964765548706,18.89624786376953,21.34589705349317,19.133198445843114,NA,NA,0
Ostorhinchus limenus,-32.61,152.31,2013,5,26,10,1,-33_152,21.45964765548706,21.668472290039063,21.34589705349317,22.31215003228957,NA,NA,0
Ostorhinchus limenus,-32.71,152.18,2013,4,19,12.5,1,-33_152,21.45964765548706,23.543062210083008,21.34589705349317,23.738610543145075,NA,NA,0
Ostorhinchus limenus,-32.71,152.15,2013,4,19,12.5,1,-33_152,21.45964765548706,23.543062210083008,21.34589705349317,23.738610543145075,1983,Fly Point-Halifax Park,1
Ostorhinchus limenus,-32.71,152.16,2013,4,20,10,1,-33_152,21.45964765548706,23.543062210083008,21.34589705349317,23.738610543145075,1983,Fly Point-Halifax Park,1
Ostorhinchus limenus,-32.71,152.16,2013,4,20,12.5,4,-33_152,21.45964765548706,23.543062210083008,21.34589705349317,23.738610543145075,1983,Fly Point-Halifax Park,1
Ostorhinchus limenus,-33.84,151.28,2013,6,1,10,10,-34_151,20.80088106791178,18.28081512451172,21.054720012252293,19.250082969665527,NA,NA,0
Ostorhinchus limenus,-33.84,151.28,2013,6,1,12.5,25,-34_151,20.80088106791178,18.28081512451172,21.054720012252293,19.250082969665527,NA,NA,0
Ostorhinchus limenus,-33.84,151.28,2013,6,1,15,55,-34_151,20.80088106791178,18.28081512451172,21.054720012252293,19.250082969665527,NA,NA,0
Ostorhinchus limenus,-33.84,151.28,2013,6,1,20,15,-34_151,20.80088106791178,18.28081512451172,21.054720012252293,19.250082969665527,NA,NA,0
Ostorhinchus limenus,-32.72,152.15,2013,1,13,7.5,1,-33_152,21.45964765548706,23.560760498046875,21.34589705349317,22.678547915591988,NA,NA,0
Ostorhinchus limenus,-32.72,152.15,2013,1,13,10,2,-33_152,21.45964765548706,23.560760498046875,21.34589705349317,22.678547915591988,NA,NA,0
Ostorhinchus limenus,-32.72,152.15,2013,1,13,12.5,1,-33_152,21.45964765548706,23.560760498046875,21.34589705349317,22.678547915591988,NA,NA,0
Ostorhinchus limenus,-32.72,152.15,2013,1,13,7.5,4,-33_152,21.45964765548706,23.560760498046875,21.34589705349317,22.678547915591988,NA,NA,0
Ostorhinchus limenus,-32.71,152.16,2013,1,19,5,1,-33_152,21.45964765548706,23.560760498046875,21.34589705349317,22.678547915591988,1983,Fly Point-Halifax Park,1
Ostorhinchus limenus,-32.71,152.16,2013,1,19,7.5,3,-33_152,21.45964765548706,23.560760498046875,21.34589705349317,22.678547915591988,1983,Fly Point-Halifax Park,1
Ostorhinchus limenus,-32.71,152.16,2013,4,20,7.5,1,-33_152,21.45964765548706,23.543062210083008,21.34589705349317,23.738610543145075,1983,Fly Point-Halifax Park,1
Ostorhinchus limenus,-32.71,152.16,2013,4,20,12.5,3,-33_152,21.45964765548706,23.543062210083008,21.34589705349317,23.738610543145075,1983,Fly Point-Halifax Park,1
Ostorhinchus limenus,-33.8,151.29,2013,5,20,10,1,-34_151,20.80088106791178,21.134912490844727,21.054720012252293,21.92435439940422,2002,Cabbage Tree Bay Aquatic Reserve,1
Ostorhinchus limenus,-32.71,152.15,2013,4,20,5,3,-33_152,21.45964765548706,23.543062210083008,21.34589705349317,23.738610543145075,1983,Fly Point-Halifax Park,1
Ostorhinchus limenus,-32.71,152.15,2013,4,20,7.5,5,-33_152,21.45964765548706,23.543062210083008,21.34589705349317,23.738610543145075,1983,Fly Point-Halifax Park,1
Ostorhinchus limenus,-32.71,152.15,2013,4,20,10,7,-33_152,21.45964765548706,23.543062210083008,21.34589705349317,23.738610543145075,1983,Fly Point-Halifax Park,1
Ostorhinchus limenus,-32.71,152.18,2013,4,19,7.5,2,-33_152,21.45964765548706,23.543062210083008,21.34589705349317,23.738610543145075,NA,NA,0
Ostorhinchus limenus,-32.71,152.15,2013,4,19,2.5,2,-33_152,21.45964765548706,23.543062210083008,21.34589705349317,23.738610543145075,1983,Fly Point-Halifax Park,1
Ostorhinchus limenus,-32.71,152.15,2013,4,19,10,5,-33_152,21.45964765548706,23.543062210083008,21.34589705349317,23.738610543145075,1983,Fly Point-Halifax Park,1
Ostorhinchus limenus,-32.71,152.15,2013,4,19,12.5,1,-33_152,21.45964765548706,23.543062210083008,21.34589705349317,23.738610543145075,1983,Fly Point-Halifax Park,1
Ostorhinchus limenus,-32.74,152.19,2013,5,11,10,1,-33_152,21.45964765548706,21.668472290039063,21.34589705349317,22.31215003228957,NA,NA,0
Ostorhinchus limenus,-32.74,152.19,2013,5,11,12.5,1,-33_152,21.45964765548706,21.668472290039063,21.34589705349317,22.31215003228957,NA,NA,0
Ostorhinchus limenus,-32.74,152.19,2013,5,11,20,1,-33_152,21.45964765548706,21.668472290039063,21.34589705349317,22.31215003228957,NA,NA,0
Ostorhinchus limenus,-32.74,152.19,2013,5,11,5,3,-33_152,21.45964765548706,21.668472290039063,21.34589705349317,22.31215003228957,NA,NA,0
Ostorhinchus limenus,-32.71,152.16,2013,6,15,5,4,-33_152,21.45964765548706,19.30000686645508,21.34589705349317,19.50158282915751,1983,Fly Point-Halifax Park,1
Ostorhinchus limenus,-32.72,152.14,2013,6,16,2.5,9,-33_152,21.45964765548706,19.30000686645508,21.34589705349317,19.50158282915751,NA,NA,0
Ostorhinchus limenus,-32.72,152.14,2013,6,16,5,1,-33_152,21.45964765548706,19.30000686645508,21.34589705349317,19.50158282915751,NA,NA,0
Ostorhinchus limenus,-33.83,151.26,2014,5,24,10,2,-34_151,20.82452170054118,21.748912811279297,20.786031686481426,22.462257585217877,NA,NA,0
Ostorhinchus limenus,-33.8,151.28,2014,4,9,7.5,1,-34_151,20.82452170054118,23.294639587402344,20.786031686481426,23.608249568939208,NA,NA,0
Ostorhinchus limenus,-33.8,151.28,2014,4,9,10,2,-34_151,20.82452170054118,23.294639587402344,20.786031686481426,23.608249568939208,NA,NA,0
Ostorhinchus limenus,-33.8,151.28,2014,4,9,10,3,-34_151,20.82452170054118,23.294639587402344,20.786031686481426,23.608249568939208,NA,NA,0
Ostorhinchus limenus,-33.8,151.28,2014,4,9,12.5,3,-34_151,20.82452170054118,23.294639587402344,20.786031686481426,23.608249568939208,NA,NA,0
Ostorhinchus limenus,-32.71,152.15,2013,4,19,7.5,6,-33_152,21.45964765548706,23.543062210083008,21.34589705349317,23.738610543145075,1983,Fly Point-Halifax Park,1
Ostorhinchus limenus,-32.71,152.16,2013,1,19,5,1,-33_152,21.45964765548706,23.560760498046875,21.34589705349317,22.678547915591988,1983,Fly Point-Halifax Park,1
Ostorhinchus limenus,-32.71,152.16,2013,1,19,7.5,2,-33_152,21.45964765548706,23.560760498046875,21.34589705349317,22.678547915591988,1983,Fly Point-Halifax Park,1
Ostorhinchus limenus,-32.71,152.16,2013,1,19,5,2,-33_152,21.45964765548706,23.560760498046875,21.34589705349317,22.678547915591988,1983,Fly Point-Halifax Park,1
Ostorhinchus limenus,-32.71,152.16,2013,1,19,7.5,10,-33_152,21.45964765548706,23.560760498046875,21.34589705349317,22.678547915591988,1983,Fly Point-Halifax Park,1
Ostorhinchus limenus,-32.71,152.16,2013,1,19,10,3,-33_152,21.45964765548706,23.560760498046875,21.34589705349317,22.678547915591988,1983,Fly Point-Halifax Park,1
Ostorhinchus limenus,-32.74,152.19,2013,2,15,7.5,1,-33_152,21.45964765548706,24.129709243774418,21.34589705349317,23.636249468440106,NA,NA,0
Ostorhinchus limenus,-32.79,152.11,2013,8,24,5,5,-33_152,21.45964765548706,18.758403778076172,21.34589705349317,19.24405869104529,NA,NA,0
Ostorhinchus limenus,-32.69,152.22,2013,8,31,5,1,-33_152,21.45964765548706,18.758403778076172,21.34589705349317,19.24405869104529,NA,NA,0
Ostorhinchus limenus,-32.74,152.19,2013,9,1,2.5,2,-33_152,21.45964765548706,19.87598419189453,21.34589705349317,20.359721766577827,NA,NA,0
Ostorhinchus limenus,-32.74,152.19,2013,9,1,5,3,-33_152,21.45964765548706,19.87598419189453,21.34589705349317,20.359721766577827,NA,NA,0
Ostorhinchus limenus,-32.74,152.19,2013,9,1,7.5,1,-33_152,21.45964765548706,19.87598419189453,21.34589705349317,20.359721766577827,NA,NA,0
Ostorhinchus limenus,-32.74,152.19,2013,9,1,5,1,-33_152,21.45964765548706,19.87598419189453,21.34589705349317,20.359721766577827,NA,NA,0
Ostorhinchus limenus,-33.83,151.26,2013,4,10,2.5,18,-34_151,20.80088106791178,23.188495635986328,21.054720012252293,22.840749518076574,NA,NA,0
Ostorhinchus limenus,-33.83,151.26,2013,4,10,5,7,-34_151,20.80088106791178,23.188495635986328,21.054720012252293,22.840749518076574,NA,NA,0
Ostorhinchus limenus,-33.83,151.26,2013,4,10,7.5,5,-34_151,20.80088106791178,23.188495635986328,21.054720012252293,22.840749518076574,NA,NA,0
Ostorhinchus limenus,-33.82,151.29,2013,4,10,2.5,2,-34_151,20.80088106791178,23.188495635986328,21.054720012252293,22.840749518076574,NA,NA,0
Ostorhinchus limenus,-33.82,151.29,2013,4,10,5,4,-34_151,20.80088106791178,23.188495635986328,21.054720012252293,22.840749518076574,NA,NA,0
Ostorhinchus limenus,-33.82,151.29,2013,4,10,10,1,-34_151,20.80088106791178,23.188495635986328,21.054720012252293,22.840749518076574,NA,NA,0
Ostorhinchus limenus,-33.82,151.29,2013,4,10,7.5,1,-34_151,20.80088106791178,23.188495635986328,21.054720012252293,22.840749518076574,NA,NA,0
Ostorhinchus limenus,-33.82,151.29,2013,4,10,10,2,-34_151,20.80088106791178,23.188495635986328,21.054720012252293,22.840749518076574,NA,NA,0
Ostorhinchus limenus,-32.69,152.23,2015,1,18,5,5,-33_152,21.731586456298828,24.396873474121097,21.574384755366165,23.822391925319547,2007,Port Stephens Great Lake Marine Park,0
Ostorhinchus limenus,-33.99,151.23,2015,3,17,10,2,-34_151,21.010322252909344,23.785842895507813,21.160145131914785,23.37540268128918,NA,NA,0
Ostorhinchus limenus,-34.07,151.13,2015,3,21,5,30,-34_151,21.010322252909344,23.785842895507813,21.160145131914785,23.37540268128918,1982,Shiprock Aquatic Reserve,1
Ostorhinchus limenus,-34.07,151.13,2015,3,21,7.5,20,-34_151,21.010322252909344,23.785842895507813,21.160145131914785,23.37540268128918,1982,Shiprock Aquatic Reserve,1
Ostorhinchus limenus,-34.07,151.13,2015,3,21,10,2,-34_151,21.010322252909344,23.785842895507813,21.160145131914785,23.37540268128918,1982,Shiprock Aquatic Reserve,1
Ostorhinchus limenus,-34.07,151.13,2015,3,21,12.5,5,-34_151,21.010322252909344,23.785842895507813,21.160145131914785,23.37540268128918,1982,Shiprock Aquatic Reserve,1
Ostorhinchus limenus,-34.07,151.13,2015,3,21,15,2,-34_151,21.010322252909344,23.785842895507813,21.160145131914785,23.37540268128918,1982,Shiprock Aquatic Reserve,1
Ostorhinchus limenus,-34.07,151.13,2015,3,21,5,6,-34_151,21.010322252909344,23.785842895507813,21.160145131914785,23.37540268128918,1982,Shiprock Aquatic Reserve,1
Ostorhinchus limenus,-34.07,151.13,2015,3,21,7.5,30,-34_151,21.010322252909344,23.785842895507813,21.160145131914785,23.37540268128918,1982,Shiprock Aquatic Reserve,1
Ostorhinchus limenus,-34.07,151.13,2015,3,21,10,13,-34_151,21.010322252909344,23.785842895507813,21.160145131914785,23.37540268128918,1982,Shiprock Aquatic Reserve,1
Ostorhinchus limenus,-34.07,151.11,2015,3,21,10,3,-34_151,21.010322252909344,23.785842895507813,21.160145131914785,23.37540268128918,NA,NA,0
Ostorhinchus limenus,-34.07,151.11,2015,3,21,12.5,5,-34_151,21.010322252909344,23.785842895507813,21.160145131914785,23.37540268128918,NA,NA,0
Ostorhinchus limenus,-34.07,151.11,2015,3,21,15,3,-34_151,21.010322252909344,23.785842895507813,21.160145131914785,23.37540268128918,NA,NA,0
Ostorhinchus limenus,-34.07,151.11,2015,3,21,5,7,-34_151,21.010322252909344,23.785842895507813,21.160145131914785,23.37540268128918,NA,NA,0
Ostorhinchus limenus,-34.07,151.11,2015,3,21,7.5,8,-34_151,21.010322252909344,23.785842895507813,21.160145131914785,23.37540268128918,NA,NA,0
Ostorhinchus limenus,-34.07,151.11,2015,3,21,10,5,-34_151,21.010322252909344,23.785842895507813,21.160145131914785,23.37540268128918,NA,NA,0
Ostorhinchus limenus,-33.82,151.27,2013,4,10,5,1,-34_151,20.80088106791178,23.188495635986328,21.054720012252293,22.840749518076574,NA,NA,0
Ostorhinchus limenus,-33.82,151.27,2013,4,10,7.5,1,-34_151,20.80088106791178,23.188495635986328,21.054720012252293,22.840749518076574,NA,NA,0
Ostorhinchus limenus,-33.82,151.27,2013,4,10,10,2,-34_151,20.80088106791178,23.188495635986328,21.054720012252293,22.840749518076574,NA,NA,0
Ostorhinchus limenus,-33.83,151.27,2015,3,21,5,1,-34_151,21.010322252909344,23.785842895507813,21.160145131914785,23.37540268128918,NA,NA,0
Ostorhinchus limenus,-33.83,151.27,2015,3,21,7.5,11,-34_151,21.010322252909344,23.785842895507813,21.160145131914785,23.37540268128918,NA,NA,0
Ostorhinchus limenus,-33.83,151.27,2015,3,21,10,20,-34_151,21.010322252909344,23.785842895507813,21.160145131914785,23.37540268128918,NA,NA,0
Ostorhinchus limenus,-33.83,151.27,2015,3,21,12.5,2,-34_151,21.010322252909344,23.785842895507813,21.160145131914785,23.37540268128918,NA,NA,0
Ostorhinchus limenus,-33.83,151.27,2015,3,21,7.5,8,-34_151,21.010322252909344,23.785842895507813,21.160145131914785,23.37540268128918,NA,NA,0
Ostorhinchus limenus,-33.83,151.27,2015,3,21,10,10,-34_151,21.010322252909344,23.785842895507813,21.160145131914785,23.37540268128918,NA,NA,0
Ostorhinchus limenus,-33.83,151.27,2015,3,21,12.5,4,-34_151,21.010322252909344,23.785842895507813,21.160145131914785,23.37540268128918,NA,NA,0
Ostorhinchus limenus,-33.83,151.28,2015,3,21,5,5,-34_151,21.010322252909344,23.785842895507813,21.160145131914785,23.37540268128918,NA,NA,0
Ostorhinchus limenus,-33.83,151.28,2015,3,21,7.5,10,-34_151,21.010322252909344,23.785842895507813,21.160145131914785,23.37540268128918,NA,NA,0
Ostorhinchus limenus,-33.83,151.28,2015,3,21,10,30,-34_151,21.010322252909344,23.785842895507813,21.160145131914785,23.37540268128918,NA,NA,0
Ostorhinchus limenus,-33.83,151.28,2015,3,21,5,3,-34_151,21.010322252909344,23.785842895507813,21.160145131914785,23.37540268128918,NA,NA,0
Ostorhinchus limenus,-33.83,151.28,2015,3,21,7.5,2,-34_151,21.010322252909344,23.785842895507813,21.160145131914785,23.37540268128918,NA,NA,0
Ostorhinchus limenus,-33.83,151.28,2015,3,21,10,1,-34_151,21.010322252909344,23.785842895507813,21.160145131914785,23.37540268128918,NA,NA,0
Ostorhinchus limenus,-33.83,151.28,2015,3,21,12.5,1,-34_151,21.010322252909344,23.785842895507813,21.160145131914785,23.37540268128918,NA,NA,0
Ostorhinchus limenus,-33.82,151.29,2015,3,22,2.5,2,-34_151,21.010322252909344,23.785842895507813,21.160145131914785,23.37540268128918,NA,NA,0
Ostorhinchus limenus,-33.82,151.29,2015,3,22,5,1,-34_151,21.010322252909344,23.785842895507813,21.160145131914785,23.37540268128918,NA,NA,0
Ostorhinchus limenus,-33.82,151.29,2015,3,22,7.5,2,-34_151,21.010322252909344,23.785842895507813,21.160145131914785,23.37540268128918,NA,NA,0
Ostorhinchus limenus,-33.82,151.29,2015,3,22,10,5,-34_151,21.010322252909344,23.785842895507813,21.160145131914785,23.37540268128918,NA,NA,0
Ostorhinchus limenus,-33.82,151.29,2015,3,22,12.5,2,-34_151,21.010322252909344,23.785842895507813,21.160145131914785,23.37540268128918,NA,NA,0
Ostorhinchus limenus,-33.82,151.29,2015,3,22,12.5,4,-34_151,21.010322252909344,23.785842895507813,21.160145131914785,23.37540268128918,NA,NA,0
Ostorhinchus limenus,-33.8,151.27,2015,3,22,2.5,8,-34_151,21.010322252909344,23.785842895507813,21.160145131914785,23.37540268128918,NA,NA,0
Ostorhinchus limenus,-33.8,151.27,2015,3,22,5,1,-34_151,21.010322252909344,23.785842895507813,21.160145131914785,23.37540268128918,NA,NA,0
Ostorhinchus limenus,-33.8,151.27,2015,3,22,5,5,-34_151,21.010322252909344,23.785842895507813,21.160145131914785,23.37540268128918,NA,NA,0
Ostorhinchus limenus,-33.8,151.27,2015,3,22,10,3,-34_151,21.010322252909344,23.785842895507813,21.160145131914785,23.37540268128918,NA,NA,0
Ostorhinchus limenus,-33.82,151.27,2015,3,23,7.5,2,-34_151,21.010322252909344,23.785842895507813,21.160145131914785,23.37540268128918,NA,NA,0
Ostorhinchus limenus,-33.82,151.27,2015,3,23,10,3,-34_151,21.010322252909344,23.785842895507813,21.160145131914785,23.37540268128918,NA,NA,0
Ostorhinchus limenus,-33.81,151.27,2015,3,23,7.5,3,-34_151,21.010322252909344,23.785842895507813,21.160145131914785,23.37540268128918,NA,NA,0
Ostorhinchus limenus,-33.81,151.27,2015,3,23,10,5,-34_151,21.010322252909344,23.785842895507813,21.160145131914785,23.37540268128918,NA,NA,0
Ostorhinchus limenus,-33.81,151.27,2015,3,23,15,2,-34_151,21.010322252909344,23.785842895507813,21.160145131914785,23.37540268128918,NA,NA,0
Ostorhinchus limenus,-33.81,151.27,2015,3,23,5,2,-34_151,21.010322252909344,23.785842895507813,21.160145131914785,23.37540268128918,NA,NA,0
Ostorhinchus limenus,-33.81,151.27,2015,3,23,12.5,5,-34_151,21.010322252909344,23.785842895507813,21.160145131914785,23.37540268128918,NA,NA,0
Ostorhinchus limenus,-33.82,151.29,2015,3,23,7.5,1,-34_151,21.010322252909344,23.785842895507813,21.160145131914785,23.37540268128918,NA,NA,0
Ostorhinchus limenus,-33.85,151.27,2015,3,22,2.5,1,-34_151,21.010322252909344,23.785842895507813,21.160145131914785,23.37540268128918,NA,NA,0
Ostorhinchus limenus,-33.83,151.26,2013,4,10,5,1,-34_151,20.80088106791178,23.188495635986328,21.054720012252293,22.840749518076574,NA,NA,0
Ostorhinchus limenus,-33.83,151.26,2013,4,10,7.5,3,-34_151,20.80088106791178,23.188495635986328,21.054720012252293,22.840749518076574,NA,NA,0
Ostorhinchus limenus,-33.85,151.27,2015,3,22,5,3,-34_151,21.010322252909344,23.785842895507813,21.160145131914785,23.37540268128918,NA,NA,0
Ostorhinchus limenus,-33.85,151.27,2015,3,22,7.5,9,-34_151,21.010322252909344,23.785842895507813,21.160145131914785,23.37540268128918,NA,NA,0
Ostorhinchus limenus,-33.85,151.27,2015,3,22,10,11,-34_151,21.010322252909344,23.785842895507813,21.160145131914785,23.37540268128918,NA,NA,0
Ostorhinchus limenus,-33.85,151.27,2015,3,22,12.5,15,-34_151,21.010322252909344,23.785842895507813,21.160145131914785,23.37540268128918,NA,NA,0
Ostorhinchus limenus,-33.85,151.27,2015,3,22,15,10,-34_151,21.010322252909344,23.785842895507813,21.160145131914785,23.37540268128918,NA,NA,0
Ostorhinchus limenus,-33.85,151.27,2015,3,22,20,5,-34_151,21.010322252909344,23.785842895507813,21.160145131914785,23.37540268128918,NA,NA,0
Ostorhinchus limenus,-33.85,151.27,2015,3,22,7.5,3,-34_151,21.010322252909344,23.785842895507813,21.160145131914785,23.37540268128918,NA,NA,0
Ostorhinchus limenus,-33.85,151.27,2015,3,22,10,1,-34_151,21.010322252909344,23.785842895507813,21.160145131914785,23.37540268128918,NA,NA,0
Ostorhinchus limenus,-33.83,151.27,2015,3,21,15,3,-34_151,21.010322252909344,23.785842895507813,21.160145131914785,23.37540268128918,NA,NA,0
Ostorhinchus limenus,-33.81,151.27,2015,3,23,10,1,-34_151,21.010322252909344,23.785842895507813,21.160145131914785,23.37540268128918,NA,NA,0
Ostorhinchus limenus,-32.71,152.15,2015,3,20,10,2,-33_152,21.731586456298828,24.244062423706055,21.574384755366165,23.632902637604744,1983,Fly Point-Halifax Park,1
Ostorhinchus limenus,-32.71,152.16,2015,2,20,12.5,1,-33_152,21.731586456298828,25.0125732421875,21.574384755366165,24.294880429903667,1983,Fly Point-Halifax Park,1
Ostorhinchus limenus,-32.71,152.16,2015,2,20,15,1,-33_152,21.731586456298828,25.0125732421875,21.574384755366165,24.294880429903667,1983,Fly Point-Halifax Park,1
Ostorhinchus limenus,-32.71,152.16,2015,2,20,5,2,-33_152,21.731586456298828,25.0125732421875,21.574384755366165,24.294880429903667,1983,Fly Point-Halifax Park,1
Ostorhinchus limenus,-32.71,152.16,2015,2,20,7.5,1,-33_152,21.731586456298828,25.0125732421875,21.574384755366165,24.294880429903667,1983,Fly Point-Halifax Park,1
Ostorhinchus limenus,-32.71,152.15,2015,5,23,7.5,2,-33_152,21.731586456298828,21.282039642333984,21.574384755366165,22.028655405967463,1983,Fly Point-Halifax Park,1
Ostorhinchus limenus,-32.71,152.15,2015,5,23,10,1,-33_152,21.731586456298828,21.282039642333984,21.574384755366165,22.028655405967463,1983,Fly Point-Halifax Park,1
Ostorhinchus limenus,-32.72,152.14,2015,8,21,5,1,-33_152,21.731586456298828,18.89118194580078,21.574384755366165,19.02212321373724,NA,NA,0
Ostorhinchus limenus,-32.71,152.16,2015,8,22,5,2,-33_152,21.731586456298828,18.89118194580078,21.574384755366165,19.02212321373724,1983,Fly Point-Halifax Park,1
Ostorhinchus limenus,-32.71,152.16,2015,8,23,12.5,2,-33_152,21.731586456298828,18.89118194580078,21.574384755366165,19.02212321373724,1983,Fly Point-Halifax Park,1
Ostorhinchus limenus,-32.71,152.16,2015,8,23,5,2,-33_152,21.731586456298828,18.89118194580078,21.574384755366165,19.02212321373724,1983,Fly Point-Halifax Park,1
Ostorhinchus limenus,-32.71,152.16,2015,8,23,7.5,3,-33_152,21.731586456298828,18.89118194580078,21.574384755366165,19.02212321373724,1983,Fly Point-Halifax Park,1
Ostorhinchus limenus,-32.71,152.16,2015,8,23,10,1,-33_152,21.731586456298828,18.89118194580078,21.574384755366165,19.02212321373724,1983,Fly Point-Halifax Park,1
Ostorhinchus limenus,-32.71,152.16,2015,8,23,7.5,1,-33_152,21.731586456298828,18.89118194580078,21.574384755366165,19.02212321373724,1983,Fly Point-Halifax Park,1
Ostorhinchus limenus,-32.72,152.14,2015,8,21,10,1,-33_152,21.731586456298828,18.89118194580078,21.574384755366165,19.02212321373724,NA,NA,0
Ostorhinchus limenus,-32.72,152.14,2015,8,21,2.5,6,-33_152,21.731586456298828,18.89118194580078,21.574384755366165,19.02212321373724,NA,NA,0
Ostorhinchus limenus,-32.71,152.16,2015,2,1,5,1,-33_152,21.731586456298828,25.0125732421875,21.574384755366165,24.294880429903667,1983,Fly Point-Halifax Park,1
Ostorhinchus limenus,-32.71,152.16,2015,2,1,7.5,5,-33_152,21.731586456298828,25.0125732421875,21.574384755366165,24.294880429903667,1983,Fly Point-Halifax Park,1
Ostorhinchus limenus,-32.71,152.16,2015,2,1,10,4,-33_152,21.731586456298828,25.0125732421875,21.574384755366165,24.294880429903667,1983,Fly Point-Halifax Park,1
Ostorhinchus limenus,-32.71,152.16,2015,2,1,5,6,-33_152,21.731586456298828,25.0125732421875,21.574384755366165,24.294880429903667,1983,Fly Point-Halifax Park,1
Ostorhinchus limenus,-32.71,152.16,2015,2,20,5,2,-33_152,21.731586456298828,25.0125732421875,21.574384755366165,24.294880429903667,1983,Fly Point-Halifax Park,1
Ostorhinchus limenus,-32.71,152.16,2015,2,20,7.5,7,-33_152,21.731586456298828,25.0125732421875,21.574384755366165,24.294880429903667,1983,Fly Point-Halifax Park,1
Ostorhinchus limenus,-32.71,152.16,2015,2,20,10,5,-33_152,21.731586456298828,25.0125732421875,21.574384755366165,24.294880429903667,1983,Fly Point-Halifax Park,1
Ostorhinchus limenus,-32.71,152.16,2015,2,20,5,3,-33_152,21.731586456298828,25.0125732421875,21.574384755366165,24.294880429903667,1983,Fly Point-Halifax Park,1
Ostorhinchus limenus,-32.71,152.16,2015,2,20,7.5,10,-33_152,21.731586456298828,25.0125732421875,21.574384755366165,24.294880429903667,1983,Fly Point-Halifax Park,1
Ostorhinchus limenus,-32.74,152.19,2015,3,9,7.5,2,-33_152,21.731586456298828,24.244062423706055,21.574384755366165,23.632902637604744,NA,NA,0
Ostorhinchus limenus,-32.74,152.19,2015,3,9,5,1,-33_152,21.731586456298828,24.244062423706055,21.574384755366165,23.632902637604744,NA,NA,0
Ostorhinchus limenus,-32.71,152.16,2015,5,23,7.5,2,-33_152,21.731586456298828,21.282039642333984,21.574384755366165,22.028655405967463,1983,Fly Point-Halifax Park,1
Ostorhinchus limenus,-32.71,152.16,2015,5,23,10,1,-33_152,21.731586456298828,21.282039642333984,21.574384755366165,22.028655405967463,1983,Fly Point-Halifax Park,1
Ostorhinchus limenus,-32.71,152.16,2015,5,23,5,1,-33_152,21.731586456298828,21.282039642333984,21.574384755366165,22.028655405967463,1983,Fly Point-Halifax Park,1
Ostorhinchus limenus,-32.71,152.16,2015,5,23,5,1,-33_152,21.731586456298828,21.282039642333984,21.574384755366165,22.028655405967463,1983,Fly Point-Halifax Park,1
Ostorhinchus limenus,-32.71,152.15,2013,9,20,5,2,-33_152,21.45964765548706,19.87598419189453,21.34589705349317,20.359721766577827,1983,Fly Point-Halifax Park,1
Ostorhinchus limenus,-32.71,152.15,2013,9,20,7.5,15,-33_152,21.45964765548706,19.87598419189453,21.34589705349317,20.359721766577827,1983,Fly Point-Halifax Park,1
Ostorhinchus limenus,-32.71,152.16,2013,9,29,2.5,5,-33_152,21.45964765548706,19.87598419189453,21.34589705349317,20.359721766577827,1983,Fly Point-Halifax Park,1
Ostorhinchus limenus,-32.71,152.16,2013,9,29,5,5,-33_152,21.45964765548706,19.87598419189453,21.34589705349317,20.359721766577827,1983,Fly Point-Halifax Park,1
Ostorhinchus limenus,-32.71,152.16,2013,10,19,5,2,-33_152,21.45964765548706,20.412094116210938,21.34589705349317,20.045779074392012,1983,Fly Point-Halifax Park,1
Ostorhinchus limenus,-32.71,152.16,2013,10,19,7.5,2,-33_152,21.45964765548706,20.412094116210938,21.34589705349317,20.045779074392012,1983,Fly Point-Halifax Park,1
Ostorhinchus limenus,-32.71,152.16,2013,10,19,5,5,-33_152,21.45964765548706,20.412094116210938,21.34589705349317,20.045779074392012,1983,Fly Point-Halifax Park,1
Ostorhinchus limenus,-32.71,152.16,2013,10,19,7.5,1,-33_152,21.45964765548706,20.412094116210938,21.34589705349317,20.045779074392012,1983,Fly Point-Halifax Park,1
Ostorhinchus limenus,-32.71,152.18,2013,10,24,5,1,-33_152,21.45964765548706,20.412094116210938,21.34589705349317,20.045779074392012,NA,NA,0
Ostorhinchus limenus,-32.71,152.18,2013,10,24,5,2,-33_152,21.45964765548706,20.412094116210938,21.34589705349317,20.045779074392012,NA,NA,0
Ostorhinchus limenus,-33.8,151.3,2014,2,8,12.5,1,-34_151,20.82452170054118,22.827573776245117,20.786031686481426,22.27812455381666,2002,Cabbage Tree Bay Aquatic Reserve,1
Ostorhinchus limenus,-33.8,151.3,2014,2,8,7.5,5,-34_151,20.82452170054118,22.827573776245117,20.786031686481426,22.27812455381666,2002,Cabbage Tree Bay Aquatic Reserve,1
Ostorhinchus limenus,-33.8,151.3,2014,2,8,10,5,-34_151,20.82452170054118,22.827573776245117,20.786031686481426,22.27812455381666,2002,Cabbage Tree Bay Aquatic Reserve,1
Ostorhinchus limenus,-32.74,152.2,2015,11,20,5,1,-33_152,21.731586456298828,21.705795288085938,21.574384755366165,21.484166198306617,NA,NA,0
Ostorhinchus limenus,-32.74,152.2,2015,11,20,7.5,1,-33_152,21.731586456298828,21.705795288085938,21.574384755366165,21.484166198306617,NA,NA,0
Ostorhinchus limenus,-32.72,152.14,2015,12,24,5,1,-33_152,21.731586456298828,22.960285186767575,21.574384755366165,21.524838216843143,NA,NA,0
Ostorhinchus limenus,-32.72,152.14,2015,12,24,7.5,1,-33_152,21.731586456298828,22.960285186767575,21.574384755366165,21.524838216843143,NA,NA,0
Ostorhinchus limenus,-32.71,152.15,2013,9,20,7.5,2,-33_152,21.45964765548706,19.87598419189453,21.34589705349317,20.359721766577827,1983,Fly Point-Halifax Park,1
Ostorhinchus limenus,-32.71,152.15,2013,9,20,10,1,-33_152,21.45964765548706,19.87598419189453,21.34589705349317,20.359721766577827,1983,Fly Point-Halifax Park,1
Ostorhinchus limenus,-33.8,151.3,2014,5,24,7.5,1,-34_151,20.82452170054118,21.748912811279297,20.786031686481426,22.462257585217877,2002,Cabbage Tree Bay Aquatic Reserve,1
Ostorhinchus limenus,-33.8,151.29,2014,11,28,10,2,-34_151,20.82452170054118,20.251184463500977,20.786031686481426,20.388916126887004,2002,Cabbage Tree Bay Aquatic Reserve,1
Ostorhinchus limenus,-33.83,151.28,2014,5,24,10,10,-34_151,20.82452170054118,21.748912811279297,20.786031686481426,22.462257585217877,NA,NA,0
Ostorhinchus limenus,-33.83,151.28,2014,5,24,10,25,-34_151,20.82452170054118,21.748912811279297,20.786031686481426,22.462257585217877,NA,NA,0
Ostorhinchus limenus,-33.83,151.26,2014,5,24,12.5,3,-34_151,20.82452170054118,21.748912811279297,20.786031686481426,22.462257585217877,NA,NA,0
Ostorhinchus limenus,-33.83,151.27,2014,2,1,10,5,-34_151,20.82452170054118,22.827573776245117,20.786031686481426,22.27812455381666,NA,NA,0
Ostorhinchus limenus,-33.83,151.27,2014,2,1,12.5,5,-34_151,20.82452170054118,22.827573776245117,20.786031686481426,22.27812455381666,NA,NA,0
Ostorhinchus limenus,-33.83,151.27,2014,2,1,15,5,-34_151,20.82452170054118,22.827573776245117,20.786031686481426,22.27812455381666,NA,NA,0
Ostorhinchus limenus,-33.82,151.27,2014,2,1,10,1,-34_151,20.82452170054118,22.827573776245117,20.786031686481426,22.27812455381666,NA,NA,0
Ostorhinchus limenus,-33.82,151.27,2014,2,1,12.5,11,-34_151,20.82452170054118,22.827573776245117,20.786031686481426,22.27812455381666,NA,NA,0
Ostorhinchus limenus,-33.82,151.27,2014,2,1,15,12,-34_151,20.82452170054118,22.827573776245117,20.786031686481426,22.27812455381666,NA,NA,0
Ostorhinchus limenus,-33.82,151.29,2014,5,24,15,5,-34_151,20.82452170054118,21.748912811279297,20.786031686481426,22.462257585217877,NA,NA,0
Ostorhinchus limenus,-33.8,151.28,2014,4,9,5,1,-34_151,20.82452170054118,23.294639587402344,20.786031686481426,23.608249568939208,NA,NA,0
Ostorhinchus limenus,-33.8,151.28,2014,4,9,7.5,1,-34_151,20.82452170054118,23.294639587402344,20.786031686481426,23.608249568939208,NA,NA,0
Ostorhinchus limenus,-33.8,151.27,2014,1,18,12.5,1,-34_151,20.82452170054118,22.53306579589844,20.786031686481426,22.367660722424908,NA,NA,0
Ostorhinchus limenus,-33.8,151.27,2014,11,5,7.5,5,-34_151,20.82452170054118,20.251184463500977,20.786031686481426,20.388916126887004,NA,NA,0
Ostorhinchus limenus,-33.8,151.27,2014,11,5,7.5,1,-34_151,20.82452170054118,20.251184463500977,20.786031686481426,20.388916126887004,NA,NA,0
Ostorhinchus limenus,-33.8,151.27,2014,11,5,10,1,-34_151,20.82452170054118,20.251184463500977,20.786031686481426,20.388916126887004,NA,NA,0
Ostorhinchus limenus,-33.8,151.27,2014,11,5,12.5,2,-34_151,20.82452170054118,20.251184463500977,20.786031686481426,20.388916126887004,NA,NA,0
Ostorhinchus limenus,-33.99,151.23,2016,1,30,7.5,1,-34_151,21.222479343414307,23.381845474243164,21.6484481195513,23.70637043060795,NA,NA,0
Ostorhinchus limenus,-33.99,151.23,2016,1,30,15,2,-34_151,21.222479343414307,23.381845474243164,21.6484481195513,23.70637043060795,NA,NA,0
Ostorhinchus limenus,-32.71,152.15,2016,4,24,7.5,1,-33_152,21.81423552831014,23.78778839111328,21.811778390656066,23.117805004119873,1983,Fly Point-Halifax Park,1
Ostorhinchus limenus,-32.71,152.15,2016,4,25,2.5,3,-33_152,21.81423552831014,23.78778839111328,21.811778390656066,23.117805004119873,1983,Fly Point-Halifax Park,1
Ostorhinchus limenus,-32.71,152.15,2016,4,25,5,2,-33_152,21.81423552831014,23.78778839111328,21.811778390656066,23.117805004119873,1983,Fly Point-Halifax Park,1
Ostorhinchus limenus,-32.71,152.15,2016,4,25,7.5,3,-33_152,21.81423552831014,23.78778839111328,21.811778390656066,23.117805004119873,1983,Fly Point-Halifax Park,1
Ostorhinchus limenus,-32.71,152.16,2016,4,23,10,4,-33_152,21.81423552831014,23.78778839111328,21.811778390656066,23.117805004119873,1983,Fly Point-Halifax Park,1
Ostorhinchus limenus,-32.71,152.16,2016,4,23,7.5,2,-33_152,21.81423552831014,23.78778839111328,21.811778390656066,23.117805004119873,1983,Fly Point-Halifax Park,1
Ostorhinchus limenus,-32.71,152.16,2016,4,24,12.5,2,-33_152,21.81423552831014,23.78778839111328,21.811778390656066,23.117805004119873,1983,Fly Point-Halifax Park,1
Ostorhinchus limenus,-32.71,152.16,2016,4,24,7.5,3,-33_152,21.81423552831014,23.78778839111328,21.811778390656066,23.117805004119873,1983,Fly Point-Halifax Park,1
Ostorhinchus limenus,-32.71,152.16,2016,4,24,10,1,-33_152,21.81423552831014,23.78778839111328,21.811778390656066,23.117805004119873,1983,Fly Point-Halifax Park,1
Ostorhinchus limenus,-32.71,152.16,2016,4,24,5,1,-33_152,21.81423552831014,23.78778839111328,21.811778390656066,23.117805004119873,1983,Fly Point-Halifax Park,1
Ostorhinchus limenus,-32.71,152.15,2016,4,25,10,3,-33_152,21.81423552831014,23.78778839111328,21.811778390656066,23.117805004119873,1983,Fly Point-Halifax Park,1
Ostorhinchus limenus,-32.71,152.16,2016,4,23,7.5,2,-33_152,21.81423552831014,23.78778839111328,21.811778390656066,23.117805004119873,1983,Fly Point-Halifax Park,1
Ostorhinchus limenus,-32.71,152.16,2016,4,23,10,5,-33_152,21.81423552831014,23.78778839111328,21.811778390656066,23.117805004119873,1983,Fly Point-Halifax Park,1
Ostorhinchus limenus,-32.71,152.15,2016,4,24,10,1,-33_152,21.81423552831014,23.78778839111328,21.811778390656066,23.117805004119873,1983,Fly Point-Halifax Park,1
Ostorhinchus limenus,-32.72,152.15,2016,4,25,7.5,3,-33_152,21.81423552831014,23.78778839111328,21.811778390656066,23.117805004119873,NA,NA,0
Ostorhinchus limenus,-32.71,152.16,2016,4,23,5,2,-33_152,21.81423552831014,23.78778839111328,21.811778390656066,23.117805004119873,1983,Fly Point-Halifax Park,1
Ostorhinchus limenus,-32.71,152.16,2016,4,23,7.5,3,-33_152,21.81423552831014,23.78778839111328,21.811778390656066,23.117805004119873,1983,Fly Point-Halifax Park,1
Ostorhinchus limenus,-32.71,152.16,2016,4,23,10,1,-33_152,21.81423552831014,23.78778839111328,21.811778390656066,23.117805004119873,1983,Fly Point-Halifax Park,1
Ostorhinchus limenus,-32.71,152.15,2016,4,24,7.5,3,-33_152,21.81423552831014,23.78778839111328,21.811778390656066,23.117805004119873,1983,Fly Point-Halifax Park,1
Ostorhinchus limenus,-32.71,152.15,2016,4,24,10,4,-33_152,21.81423552831014,23.78778839111328,21.811778390656066,23.117805004119873,1983,Fly Point-Halifax Park,1
Ostorhinchus limenus,-32.69,152.22,2016,4,10,2.5,20,-33_152,21.81423552831014,23.78778839111328,21.811778390656066,23.117805004119873,NA,NA,0
Ostorhinchus limenus,-32.69,152.22,2016,4,10,7.5,1,-33_152,21.81423552831014,23.78778839111328,21.811778390656066,23.117805004119873,NA,NA,0
Ostorhinchus limenus,-32.69,152.22,2016,4,10,10,2,-33_152,21.81423552831014,23.78778839111328,21.811778390656066,23.117805004119873,NA,NA,0
Ostorhinchus limenus,-32.69,152.22,2016,4,10,7.5,5,-33_152,21.81423552831014,23.78778839111328,21.811778390656066,23.117805004119873,NA,NA,0
Ostorhinchus limenus,-32.69,152.22,2016,4,10,10,2,-33_152,21.81423552831014,23.78778839111328,21.811778390656066,23.117805004119873,NA,NA,0
Ostorhinchus limenus,-32.69,152.22,2016,4,10,7.5,3,-33_152,21.81423552831014,23.78778839111328,21.811778390656066,23.117805004119873,NA,NA,0
Ostorhinchus limenus,-32.74,152.19,2016,4,16,7.5,1,-33_152,21.81423552831014,23.78778839111328,21.811778390656066,23.117805004119873,NA,NA,0
Ostorhinchus limenus,-32.62,152.33,2016,4,22,10,1,-33_152,21.81423552831014,23.78778839111328,21.811778390656066,23.117805004119873,2007,Port Stephens Great Lake Marine Park,0
Ostorhinchus limenus,-32.72,152.14,2016,4,23,7.5,2,-33_152,21.81423552831014,23.78778839111328,21.811778390656066,23.117805004119873,NA,NA,0
Ostorhinchus limenus,-32.72,152.14,2016,4,23,7.5,1,-33_152,21.81423552831014,23.78778839111328,21.811778390656066,23.117805004119873,NA,NA,0
Ostorhinchus limenus,-32.71,152.16,2016,4,24,7.5,2,-33_152,21.81423552831014,23.78778839111328,21.811778390656066,23.117805004119873,1983,Fly Point-Halifax Park,1
Ostorhinchus limenus,-32.71,152.16,2016,4,24,5,1,-33_152,21.81423552831014,23.78778839111328,21.811778390656066,23.117805004119873,1983,Fly Point-Halifax Park,1
Ostorhinchus limenus,-32.71,152.16,2016,4,24,7.5,1,-33_152,21.81423552831014,23.78778839111328,21.811778390656066,23.117805004119873,1983,Fly Point-Halifax Park,1
Ostorhinchus limenus,-32.72,152.15,2016,4,25,7.5,1,-33_152,21.81423552831014,23.78778839111328,21.811778390656066,23.117805004119873,NA,NA,0
Ostorhinchus limenus,-32.72,152.15,2016,4,25,10,2,-33_152,21.81423552831014,23.78778839111328,21.811778390656066,23.117805004119873,NA,NA,0
Ostorhinchus limenus,-32.72,152.15,2016,4,25,12.5,1,-33_152,21.81423552831014,23.78778839111328,21.811778390656066,23.117805004119873,NA,NA,0
Ostorhinchus limenus,-32.72,152.15,2016,4,25,15,1,-33_152,21.81423552831014,23.78778839111328,21.811778390656066,23.117805004119873,NA,NA,0
Ostorhinchus limenus,-32.72,152.15,2016,4,25,7.5,3,-33_152,21.81423552831014,23.78778839111328,21.811778390656066,23.117805004119873,NA,NA,0
Ostorhinchus limenus,-32.69,152.22,2016,4,10,7.5,5,-33_152,21.81423552831014,23.78778839111328,21.811778390656066,23.117805004119873,NA,NA,0
Ostorhinchus limenus,-32.72,152.15,2016,4,25,5,3,-33_152,21.81423552831014,23.78778839111328,21.811778390656066,23.117805004119873,NA,NA,0
Ostorhinchus limenus,-32.72,152.15,2016,4,25,5,10,-33_152,21.81423552831014,23.78778839111328,21.811778390656066,23.117805004119873,NA,NA,0
Ostorhinchus limenus,-32.71,152.15,2016,4,25,7.5,1,-33_152,21.81423552831014,23.78778839111328,21.811778390656066,23.117805004119873,1983,Fly Point-Halifax Park,1
Ostorhinchus limenus,-32.71,152.15,2016,4,25,10,2,-33_152,21.81423552831014,23.78778839111328,21.811778390656066,23.117805004119873,1983,Fly Point-Halifax Park,1
Ostorhinchus limenus,-32.71,152.15,2016,4,25,12.5,1,-33_152,21.81423552831014,23.78778839111328,21.811778390656066,23.117805004119873,1983,Fly Point-Halifax Park,1
Ostorhinchus limenus,-32.71,152.15,2016,4,25,12.5,2,-33_152,21.81423552831014,23.78778839111328,21.811778390656066,23.117805004119873,1983,Fly Point-Halifax Park,1
Ostorhinchus limenus,-32.71,152.16,2016,7,31,2.5,1,-33_152,21.81423552831014,19.54322624206543,21.811778390656066,20.103601706925257,1983,Fly Point-Halifax Park,1
Ostorhinchus limenus,-32.71,152.16,2016,7,31,5,4,-33_152,21.81423552831014,19.54322624206543,21.811778390656066,20.103601706925257,1983,Fly Point-Halifax Park,1
Ostorhinchus limenus,-32.71,152.16,2016,7,31,7.5,12,-33_152,21.81423552831014,19.54322624206543,21.811778390656066,20.103601706925257,1983,Fly Point-Halifax Park,1
Ostorhinchus limenus,-32.71,152.16,2016,7,31,10,10,-33_152,21.81423552831014,19.54322624206543,21.811778390656066,20.103601706925257,1983,Fly Point-Halifax Park,1
Ostorhinchus limenus,-32.71,152.16,2016,7,31,5,10,-33_152,21.81423552831014,19.54322624206543,21.811778390656066,20.103601706925257,1983,Fly Point-Halifax Park,1
Ostorhinchus limenus,-32.71,152.16,2016,7,31,7.5,10,-33_152,21.81423552831014,19.54322624206543,21.811778390656066,20.103601706925257,1983,Fly Point-Halifax Park,1
Ostorhinchus limenus,-32.74,152.19,2016,8,1,10,1,-33_152,21.81423552831014,18.692283630371097,21.811778390656066,19.28180061360841,NA,NA,0
Ostorhinchus limenus,-32.71,152.16,2016,1,23,10,2,-33_152,21.81423552831014,23.944259643554688,21.811778390656066,23.800456446986043,1983,Fly Point-Halifax Park,1
Ostorhinchus limenus,-32.71,152.16,2016,1,23,12.5,1,-33_152,21.81423552831014,23.944259643554688,21.811778390656066,23.800456446986043,1983,Fly Point-Halifax Park,1
Ostorhinchus limenus,-32.71,152.16,2016,1,23,7.5,3,-33_152,21.81423552831014,23.944259643554688,21.811778390656066,23.800456446986043,1983,Fly Point-Halifax Park,1
Ostorhinchus limenus,-32.71,152.16,2016,2,7,15,1,-33_152,21.81423552831014,24.85015106201172,21.811778390656066,24.71689601328181,1983,Fly Point-Halifax Park,1
Ostorhinchus limenus,-32.71,152.16,2016,2,7,7.5,1,-33_152,21.81423552831014,24.85015106201172,21.811778390656066,24.71689601328181,1983,Fly Point-Halifax Park,1
Ostorhinchus limenus,-32.71,152.16,2016,3,25,12.5,2,-33_152,21.81423552831014,25.02045440673828,21.811778390656066,24.510429577160902,1983,Fly Point-Halifax Park,1
Ostorhinchus limenus,-32.71,152.16,2016,3,25,15,1,-33_152,21.81423552831014,25.02045440673828,21.811778390656066,24.510429577160902,1983,Fly Point-Halifax Park,1
Ostorhinchus limenus,-32.71,152.16,2016,1,23,5,2,-33_152,21.81423552831014,23.944259643554688,21.811778390656066,23.800456446986043,1983,Fly Point-Halifax Park,1
Ostorhinchus limenus,-32.72,152.15,2016,1,25,7.5,2,-33_152,21.81423552831014,23.944259643554688,21.811778390656066,23.800456446986043,NA,NA,0
Ostorhinchus limenus,-32.72,152.15,2016,1,25,10,2,-33_152,21.81423552831014,23.944259643554688,21.811778390656066,23.800456446986043,NA,NA,0
Ostorhinchus limenus,-32.72,152.15,2016,1,25,7.5,5,-33_152,21.81423552831014,23.944259643554688,21.811778390656066,23.800456446986043,NA,NA,0
Ostorhinchus limenus,-32.75,152.17,2016,2,2,7.5,1,-33_152,21.81423552831014,24.85015106201172,21.811778390656066,24.71689601328181,NA,NA,0
Ostorhinchus limenus,-32.71,152.16,2016,2,2,7.5,1,-33_152,21.81423552831014,24.85015106201172,21.811778390656066,24.71689601328181,1983,Fly Point-Halifax Park,1
Ostorhinchus limenus,-32.71,152.16,2016,2,2,5,2,-33_152,21.81423552831014,24.85015106201172,21.811778390656066,24.71689601328181,1983,Fly Point-Halifax Park,1
Ostorhinchus limenus,-32.71,152.16,2016,2,2,7.5,3,-33_152,21.81423552831014,24.85015106201172,21.811778390656066,24.71689601328181,1983,Fly Point-Halifax Park,1
Ostorhinchus limenus,-32.69,152.22,2016,8,29,5,20,-33_152,21.81423552831014,18.692283630371097,21.811778390656066,19.28180061360841,NA,NA,0
Ostorhinchus limenus,-32.69,152.22,2016,8,29,7.5,16,-33_152,21.81423552831014,18.692283630371097,21.811778390656066,19.28180061360841,NA,NA,0
Ostorhinchus limenus,-32.69,152.22,2016,8,29,10,3,-33_152,21.81423552831014,18.692283630371097,21.811778390656066,19.28180061360841,NA,NA,0
Ostorhinchus limenus,-32.69,152.22,2016,8,29,7.5,3,-33_152,21.81423552831014,18.692283630371097,21.811778390656066,19.28180061360841,NA,NA,0
Ostorhinchus limenus,-32.69,152.22,2016,8,29,10,1,-33_152,21.81423552831014,18.692283630371097,21.811778390656066,19.28180061360841,NA,NA,0
Ostorhinchus limenus,-33.8,151.3,2015,3,30,2.5,40,-34_151,21.010322252909344,23.785842895507813,21.160145131914785,23.37540268128918,2002,Cabbage Tree Bay Aquatic Reserve,1
Ostorhinchus limenus,-33.8,151.3,2015,3,30,5,5,-34_151,21.010322252909344,23.785842895507813,21.160145131914785,23.37540268128918,2002,Cabbage Tree Bay Aquatic Reserve,1
Ostorhinchus limenus,-33.8,151.3,2015,3,30,7.5,5,-34_151,21.010322252909344,23.785842895507813,21.160145131914785,23.37540268128918,2002,Cabbage Tree Bay Aquatic Reserve,1
Ostorhinchus limenus,-33.8,151.3,2015,3,30,10,5,-34_151,21.010322252909344,23.785842895507813,21.160145131914785,23.37540268128918,2002,Cabbage Tree Bay Aquatic Reserve,1
Ostorhinchus limenus,-33.8,151.3,2015,4,1,5,10,-34_151,21.010322252909344,22.303985595703125,21.160145131914785,21.261166270573938,2002,Cabbage Tree Bay Aquatic Reserve,1
Ostorhinchus limenus,-33.8,151.3,2015,4,1,10,1,-34_151,21.010322252909344,22.303985595703125,21.160145131914785,21.261166270573938,2002,Cabbage Tree Bay Aquatic Reserve,1
Ostorhinchus limenus,-33.8,151.3,2015,4,1,12.5,1,-34_151,21.010322252909344,22.303985595703125,21.160145131914785,21.261166270573938,2002,Cabbage Tree Bay Aquatic Reserve,1
Ostorhinchus limenus,-33.8,151.3,2015,4,1,10,2,-34_151,21.010322252909344,22.303985595703125,21.160145131914785,21.261166270573938,2002,Cabbage Tree Bay Aquatic Reserve,1
Ostorhinchus limenus,-33.8,151.28,2015,4,8,10,1,-34_151,21.010322252909344,22.303985595703125,21.160145131914785,21.261166270573938,NA,NA,0
Ostorhinchus limenus,-32.71,152.16,2016,3,25,7.5,2,-33_152,21.81423552831014,25.02045440673828,21.811778390656066,24.510429577160902,1983,Fly Point-Halifax Park,1
Ostorhinchus limenus,-32.71,152.16,2016,3,25,5,1,-33_152,21.81423552831014,25.02045440673828,21.811778390656066,24.510429577160902,1983,Fly Point-Halifax Park,1
Ostorhinchus limenus,-32.71,152.16,2016,3,29,5,2,-33_152,21.81423552831014,25.02045440673828,21.811778390656066,24.510429577160902,1983,Fly Point-Halifax Park,1
Ostorhinchus limenus,-33.99,151.23,2015,1,17,7.5,1,-34_151,21.010322252909344,23.462162017822266,21.160145131914785,23.013144646921464,NA,NA,0
Ostorhinchus limenus,-33.8,151.3,2015,1,18,10,9,-34_151,21.010322252909344,23.462162017822266,21.160145131914785,23.013144646921464,2002,Cabbage Tree Bay Aquatic Reserve,1
Ostorhinchus limenus,-33.8,151.3,2015,1,18,12.5,3,-34_151,21.010322252909344,23.462162017822266,21.160145131914785,23.013144646921464,2002,Cabbage Tree Bay Aquatic Reserve,1
Ostorhinchus limenus,-33.8,151.3,2015,1,18,10,30,-34_151,21.010322252909344,23.462162017822266,21.160145131914785,23.013144646921464,2002,Cabbage Tree Bay Aquatic Reserve,1
Ostorhinchus limenus,-33.8,151.3,2015,1,18,12.5,25,-34_151,21.010322252909344,23.462162017822266,21.160145131914785,23.013144646921464,2002,Cabbage Tree Bay Aquatic Reserve,1
Ostorhinchus limenus,-33.8,151.3,2015,1,18,10,2,-34_151,21.010322252909344,23.462162017822266,21.160145131914785,23.013144646921464,2002,Cabbage Tree Bay Aquatic Reserve,1
Ostorhinchus limenus,-33.8,151.3,2015,1,18,10,10,-34_151,21.010322252909344,23.462162017822266,21.160145131914785,23.013144646921464,2002,Cabbage Tree Bay Aquatic Reserve,1
Ostorhinchus limenus,-33.8,151.3,2015,1,18,12.5,4,-34_151,21.010322252909344,23.462162017822266,21.160145131914785,23.013144646921464,2002,Cabbage Tree Bay Aquatic Reserve,1
Ostorhinchus limenus,-33.99,151.23,2015,1,17,12.5,2,-34_151,21.010322252909344,23.462162017822266,21.160145131914785,23.013144646921464,NA,NA,0
Ostorhinchus limenus,-33.8,151.3,2015,1,18,7.5,2,-34_151,21.010322252909344,23.462162017822266,21.160145131914785,23.013144646921464,2002,Cabbage Tree Bay Aquatic Reserve,1
Ostorhinchus limenus,-33.8,151.3,2015,1,18,10,2,-34_151,21.010322252909344,23.462162017822266,21.160145131914785,23.013144646921464,2002,Cabbage Tree Bay Aquatic Reserve,1
Ostorhinchus limenus,-33.8,151.3,2015,1,18,7.5,3,-34_151,21.010322252909344,23.462162017822266,21.160145131914785,23.013144646921464,2002,Cabbage Tree Bay Aquatic Reserve,1
Ostorhinchus limenus,-33.8,151.3,2015,1,18,10,2,-34_151,21.010322252909344,23.462162017822266,21.160145131914785,23.013144646921464,2002,Cabbage Tree Bay Aquatic Reserve,1
Ostorhinchus limenus,-33.84,151.28,2015,11,28,5,1,-34_151,21.010322252909344,21.230804443359375,21.160145131914785,21.15599954922994,NA,NA,0
Ostorhinchus limenus,-33.84,151.28,2015,11,28,7.5,2,-34_151,21.010322252909344,21.230804443359375,21.160145131914785,21.15599954922994,NA,NA,0
Ostorhinchus limenus,-33.84,151.28,2015,11,28,5,2,-34_151,21.010322252909344,21.230804443359375,21.160145131914785,21.15599954922994,NA,NA,0
Ostorhinchus limenus,-33.84,151.28,2015,11,28,7.5,3,-34_151,21.010322252909344,21.230804443359375,21.160145131914785,21.15599954922994,NA,NA,0
Ostorhinchus limenus,-33.84,151.28,2015,11,28,7.5,2,-34_151,21.010322252909344,21.230804443359375,21.160145131914785,21.15599954922994,NA,NA,0
Ostorhinchus limenus,-33.84,151.28,2015,11,28,10,2,-34_151,21.010322252909344,21.230804443359375,21.160145131914785,21.15599954922994,NA,NA,0
Ostorhinchus limenus,-33.84,151.28,2015,11,28,7.5,11,-34_151,21.010322252909344,21.230804443359375,21.160145131914785,21.15599954922994,NA,NA,0
Ostorhinchus limenus,-33.84,151.28,2015,11,28,10,11,-34_151,21.010322252909344,21.230804443359375,21.160145131914785,21.15599954922994,NA,NA,0
Ostorhinchus limenus,-33.84,151.28,2015,11,28,7.5,1,-34_151,21.010322252909344,21.230804443359375,21.160145131914785,21.15599954922994,NA,NA,0
Ostorhinchus limenus,-33.84,151.28,2015,11,28,10,2,-34_151,21.010322252909344,21.230804443359375,21.160145131914785,21.15599954922994,NA,NA,0
Ostorhinchus limenus,-33.84,151.28,2015,11,28,7.5,2,-34_151,21.010322252909344,21.230804443359375,21.160145131914785,21.15599954922994,NA,NA,0
Ostorhinchus limenus,-33.84,151.28,2015,11,28,10,3,-34_151,21.010322252909344,21.230804443359375,21.160145131914785,21.15599954922994,NA,NA,0
Ostorhinchus limenus,-32.74,152.19,2015,10,2,7.5,2,-33_152,21.731586456298828,21.29254150390625,21.574384755366165,20.85666624704997,NA,NA,0
Ostorhinchus limenus,-32.74,152.19,2015,10,2,5,3,-33_152,21.731586456298828,21.29254150390625,21.574384755366165,20.85666624704997,NA,NA,0
Ostorhinchus limenus,-32.74,152.19,2015,10,2,7.5,4,-33_152,21.731586456298828,21.29254150390625,21.574384755366165,20.85666624704997,NA,NA,0
Ostorhinchus limenus,-32.74,152.19,2015,10,2,10,1,-33_152,21.731586456298828,21.29254150390625,21.574384755366165,20.85666624704997,NA,NA,0
Ostorhinchus limenus,-32.69,152.22,2015,10,6,5,2,-33_152,21.731586456298828,21.29254150390625,21.574384755366165,20.85666624704997,NA,NA,0
Ostorhinchus limenus,-32.69,152.22,2015,10,6,7.5,5,-33_152,21.731586456298828,21.29254150390625,21.574384755366165,20.85666624704997,NA,NA,0
Ostorhinchus limenus,-32.69,152.22,2015,10,6,10,2,-33_152,21.731586456298828,21.29254150390625,21.574384755366165,20.85666624704997,NA,NA,0
Ostorhinchus limenus,-32.69,152.22,2015,10,6,5,10,-33_152,21.731586456298828,21.29254150390625,21.574384755366165,20.85666624704997,NA,NA,0
Ostorhinchus limenus,-32.69,152.22,2015,10,6,7.5,2,-33_152,21.731586456298828,21.29254150390625,21.574384755366165,20.85666624704997,NA,NA,0
Ostorhinchus limenus,-32.69,152.22,2015,10,6,5,3,-33_152,21.731586456298828,21.29254150390625,21.574384755366165,20.85666624704997,NA,NA,0
Ostorhinchus limenus,-32.69,152.22,2015,10,6,7.5,2,-33_152,21.731586456298828,21.29254150390625,21.574384755366165,20.85666624704997,NA,NA,0
Ostorhinchus limenus,-32.71,152.16,2017,1,29,5,1,-33_152,21.88280153274536,24.26653289794922,21.674367571668547,23.74881669013731,1983,Fly Point-Halifax Park,1
Ostorhinchus limenus,-32.71,152.16,2017,1,29,7.5,10,-33_152,21.88280153274536,24.26653289794922,21.674367571668547,23.74881669013731,1983,Fly Point-Halifax Park,1
Ostorhinchus limenus,-32.71,152.16,2017,1,29,5,115,-33_152,21.88280153274536,24.26653289794922,21.674367571668547,23.74881669013731,1983,Fly Point-Halifax Park,1
Ostorhinchus limenus,-33.84,151.28,2016,8,21,5,2,-34_151,21.222479343414307,17.98968505859375,21.6484481195513,19.41435437048635,NA,NA,0
Ostorhinchus limenus,-33.84,151.28,2016,8,21,7.5,2,-34_151,21.222479343414307,17.98968505859375,21.6484481195513,19.41435437048635,NA,NA,0
Ostorhinchus limenus,-33.84,151.28,2016,8,21,10,3,-34_151,21.222479343414307,17.98968505859375,21.6484481195513,19.41435437048635,NA,NA,0
Ostorhinchus limenus,-33.84,151.28,2016,8,21,5,3,-34_151,21.222479343414307,17.98968505859375,21.6484481195513,19.41435437048635,NA,NA,0
Ostorhinchus limenus,-33.84,151.28,2016,8,21,7.5,5,-34_151,21.222479343414307,17.98968505859375,21.6484481195513,19.41435437048635,NA,NA,0
Ostorhinchus limenus,-33.84,151.28,2016,8,21,10,5,-34_151,21.222479343414307,17.98968505859375,21.6484481195513,19.41435437048635,NA,NA,0
Ostorhinchus limenus,-33.84,151.28,2016,8,21,7.5,2,-34_151,21.222479343414307,17.98968505859375,21.6484481195513,19.41435437048635,NA,NA,0
Ostorhinchus limenus,-33.8,151.3,2016,3,25,5,6,-34_151,21.222479343414307,24.496776580810547,21.6484481195513,25.09911226457165,2002,Cabbage Tree Bay Aquatic Reserve,1
Ostorhinchus limenus,-33.8,151.3,2016,3,25,7.5,6,-34_151,21.222479343414307,24.496776580810547,21.6484481195513,25.09911226457165,2002,Cabbage Tree Bay Aquatic Reserve,1
Ostorhinchus limenus,-33.8,151.3,2016,3,25,10,6,-34_151,21.222479343414307,24.496776580810547,21.6484481195513,25.09911226457165,2002,Cabbage Tree Bay Aquatic Reserve,1
Ostorhinchus limenus,-33.8,151.3,2016,3,25,12.5,6,-34_151,21.222479343414307,24.496776580810547,21.6484481195513,25.09911226457165,2002,Cabbage Tree Bay Aquatic Reserve,1
Ostorhinchus limenus,-33.8,151.3,2016,3,25,15,6,-34_151,21.222479343414307,24.496776580810547,21.6484481195513,25.09911226457165,2002,Cabbage Tree Bay Aquatic Reserve,1
Ostorhinchus limenus,-33.8,151.3,2016,3,25,7.5,7,-34_151,21.222479343414307,24.496776580810547,21.6484481195513,25.09911226457165,2002,Cabbage Tree Bay Aquatic Reserve,1
Ostorhinchus limenus,-33.8,151.3,2016,3,25,10,7,-34_151,21.222479343414307,24.496776580810547,21.6484481195513,25.09911226457165,2002,Cabbage Tree Bay Aquatic Reserve,1
Ostorhinchus limenus,-33.83,151.28,2016,3,26,7.5,1,-34_151,21.222479343414307,24.496776580810547,21.6484481195513,25.09911226457165,NA,NA,0
Ostorhinchus limenus,-33.83,151.28,2016,3,26,10,1,-34_151,21.222479343414307,24.496776580810547,21.6484481195513,25.09911226457165,NA,NA,0
Ostorhinchus limenus,-33.83,151.26,2016,3,26,10,4,-34_151,21.222479343414307,24.496776580810547,21.6484481195513,25.09911226457165,NA,NA,0
Ostorhinchus limenus,-33.83,151.26,2016,3,26,12.5,3,-34_151,21.222479343414307,24.496776580810547,21.6484481195513,25.09911226457165,NA,NA,0
Ostorhinchus limenus,-33.83,151.26,2016,3,26,12.5,1,-34_151,21.222479343414307,24.496776580810547,21.6484481195513,25.09911226457165,NA,NA,0
Ostorhinchus limenus,-33.83,151.26,2016,3,26,15,1,-34_151,21.222479343414307,24.496776580810547,21.6484481195513,25.09911226457165,NA,NA,0
Ostorhinchus limenus,-33.84,151.28,2016,3,19,12.5,1,-34_151,21.222479343414307,24.496776580810547,21.6484481195513,25.09911226457165,NA,NA,0
Ostorhinchus limenus,-33.84,151.28,2016,3,19,15,6,-34_151,21.222479343414307,24.496776580810547,21.6484481195513,25.09911226457165,NA,NA,0
Ostorhinchus limenus,-33.84,151.28,2016,3,19,20,2,-34_151,21.222479343414307,24.496776580810547,21.6484481195513,25.09911226457165,NA,NA,0
Ostorhinchus limenus,-33.83,151.28,2016,3,26,12.5,4,-34_151,21.222479343414307,24.496776580810547,21.6484481195513,25.09911226457165,NA,NA,0
Ostorhinchus limenus,-33.83,151.28,2016,3,26,15,16,-34_151,21.222479343414307,24.496776580810547,21.6484481195513,25.09911226457165,NA,NA,0
Ostorhinchus limenus,-33.83,151.28,2016,3,26,10,3,-34_151,21.222479343414307,24.496776580810547,21.6484481195513,25.09911226457165,NA,NA,0
Ostorhinchus limenus,-33.83,151.26,2016,3,26,15,5,-34_151,21.222479343414307,24.496776580810547,21.6484481195513,25.09911226457165,NA,NA,0
Ostorhinchus limenus,-33.83,151.26,2016,3,26,20,1,-34_151,21.222479343414307,24.496776580810547,21.6484481195513,25.09911226457165,NA,NA,0
Ostorhinchus limenus,-33.83,151.26,2016,3,26,7.5,1,-34_151,21.222479343414307,24.496776580810547,21.6484481195513,25.09911226457165,NA,NA,0
Ostorhinchus limenus,-33.83,151.26,2016,3,26,10,1,-34_151,21.222479343414307,24.496776580810547,21.6484481195513,25.09911226457165,NA,NA,0
Ostorhinchus limenus,-33.8,151.28,2016,4,12,10,2,-34_151,21.222479343414307,23.299644470214844,21.6484481195513,22.44533284505208,NA,NA,0
Ostorhinchus limenus,-33.8,151.28,2016,4,12,12.5,2,-34_151,21.222479343414307,23.299644470214844,21.6484481195513,22.44533284505208,NA,NA,0
Ostorhinchus limenus,-33.97,151.26,2016,4,19,5,1,-34_151,21.222479343414307,23.299644470214844,21.6484481195513,22.44533284505208,NA,NA,0
Ostorhinchus limenus,-35.11,150.77,2016,4,3,7.5,1,-35_151,20.669610341389973,22.880043029785156,21.274100916582,22.28422171274821,NA,NA,0
Ostorhinchus limenus,-35.11,150.77,2016,4,3,12.5,1,-35_151,20.669610341389973,22.880043029785156,21.274100916582,22.28422171274821,NA,NA,0
Ostorhinchus limenus,-35.08,150.79,2016,4,2,10,5,-35_151,20.669610341389973,22.880043029785156,21.274100916582,22.28422171274821,2002,Jervis Bay Marine Park,1
Ostorhinchus limenus,-35.08,150.79,2016,4,2,12.5,5,-35_151,20.669610341389973,22.880043029785156,21.274100916582,22.28422171274821,2002,Jervis Bay Marine Park,1
Ostorhinchus limenus,-33.83,151.27,2016,3,26,7.5,5,-34_151,21.222479343414307,24.496776580810547,21.6484481195513,25.09911226457165,NA,NA,0
Ostorhinchus limenus,-33.83,151.27,2016,3,26,10,5,-34_151,21.222479343414307,24.496776580810547,21.6484481195513,25.09911226457165,NA,NA,0
Ostorhinchus limenus,-33.83,151.27,2016,3,26,12.5,10,-34_151,21.222479343414307,24.496776580810547,21.6484481195513,25.09911226457165,NA,NA,0
Ostorhinchus limenus,-35.12,150.71,2016,4,4,12.5,1,-35_151,20.669610341389973,22.880043029785156,21.274100916582,22.28422171274821,NA,NA,0
Ostorhinchus limenus,-35.12,150.71,2016,4,4,15,1,-35_151,20.669610341389973,22.880043029785156,21.274100916582,22.28422171274821,NA,NA,0
Ostorhinchus limenus,-35.13,150.73,2016,4,3,12.5,1,-35_151,20.669610341389973,22.880043029785156,21.274100916582,22.28422171274821,NA,NA,0
Ostorhinchus limenus,-35.13,150.73,2016,4,3,15,1,-35_151,20.669610341389973,22.880043029785156,21.274100916582,22.28422171274821,NA,NA,0
Ostorhinchus limenus,-35.13,150.73,2016,4,3,12.5,8,-35_151,20.669610341389973,22.880043029785156,21.274100916582,22.28422171274821,NA,NA,0
Ostorhinchus limenus,-35.13,150.73,2016,4,3,15,2,-35_151,20.669610341389973,22.880043029785156,21.274100916582,22.28422171274821,NA,NA,0
Ostorhinchus limenus,-35.13,150.73,2016,4,3,12.5,1,-35_151,20.669610341389973,22.880043029785156,21.274100916582,22.28422171274821,NA,NA,0
Ostorhinchus limenus,-35.12,150.71,2016,4,4,10,1,-35_151,20.669610341389973,22.880043029785156,21.274100916582,22.28422171274821,NA,NA,0
Ostorhinchus limenus,-33.83,151.27,2016,3,26,12.5,1,-34_151,21.222479343414307,24.496776580810547,21.6484481195513,25.09911226457165,NA,NA,0
Ostorhinchus limenus,-33.81,151.31,2016,3,27,12.5,1,-34_151,21.222479343414307,24.496776580810547,21.6484481195513,25.09911226457165,NA,NA,0
Ostorhinchus limenus,-33.81,151.31,2016,3,27,15,2,-34_151,21.222479343414307,24.496776580810547,21.6484481195513,25.09911226457165,NA,NA,0
Ostorhinchus limenus,-33.84,151.28,2016,3,19,10,10,-34_151,21.222479343414307,24.496776580810547,21.6484481195513,25.09911226457165,NA,NA,0
Ostorhinchus limenus,-33.84,151.28,2016,3,19,12.5,30,-34_151,21.222479343414307,24.496776580810547,21.6484481195513,25.09911226457165,NA,NA,0
Ostorhinchus limenus,-33.84,151.28,2016,3,19,10,15,-34_151,21.222479343414307,24.496776580810547,21.6484481195513,25.09911226457165,NA,NA,0
Ostorhinchus limenus,-33.84,151.28,2016,3,19,12.5,31,-34_151,21.222479343414307,24.496776580810547,21.6484481195513,25.09911226457165,NA,NA,0
Ostorhinchus limenus,-33.84,151.28,2016,3,19,7.5,1,-34_151,21.222479343414307,24.496776580810547,21.6484481195513,25.09911226457165,NA,NA,0
Ostorhinchus limenus,-33.84,151.28,2016,3,19,10,2,-34_151,21.222479343414307,24.496776580810547,21.6484481195513,25.09911226457165,NA,NA,0
Ostorhinchus limenus,-33.84,151.28,2016,3,19,12.5,2,-34_151,21.222479343414307,24.496776580810547,21.6484481195513,25.09911226457165,NA,NA,0
Ostorhinchus limenus,-33.8,151.29,2016,3,25,10,10,-34_151,21.222479343414307,24.496776580810547,21.6484481195513,25.09911226457165,2002,Cabbage Tree Bay Aquatic Reserve,1
Ostorhinchus limenus,-33.8,151.29,2016,3,25,12.5,10,-34_151,21.222479343414307,24.496776580810547,21.6484481195513,25.09911226457165,2002,Cabbage Tree Bay Aquatic Reserve,1
Ostorhinchus limenus,-33.8,151.29,2016,3,25,15,10,-34_151,21.222479343414307,24.496776580810547,21.6484481195513,25.09911226457165,2002,Cabbage Tree Bay Aquatic Reserve,1
Ostorhinchus limenus,-33.8,151.29,2016,3,25,7.5,8,-34_151,21.222479343414307,24.496776580810547,21.6484481195513,25.09911226457165,2002,Cabbage Tree Bay Aquatic Reserve,1
Ostorhinchus limenus,-33.8,151.29,2016,3,25,10,8,-34_151,21.222479343414307,24.496776580810547,21.6484481195513,25.09911226457165,2002,Cabbage Tree Bay Aquatic Reserve,1
Ostorhinchus limenus,-33.8,151.29,2016,3,25,12.5,8,-34_151,21.222479343414307,24.496776580810547,21.6484481195513,25.09911226457165,2002,Cabbage Tree Bay Aquatic Reserve,1
Ostorhinchus limenus,-33.8,151.29,2016,3,25,15,8,-34_151,21.222479343414307,24.496776580810547,21.6484481195513,25.09911226457165,2002,Cabbage Tree Bay Aquatic Reserve,1
Ostorhinchus limenus,-35.12,150.71,2016,4,4,12.5,2,-35_151,20.669610341389973,22.880043029785156,21.274100916582,22.28422171274821,NA,NA,0
Ostorhinchus limenus,-35.07,150.69,2016,4,3,12.5,1,-35_151,20.669610341389973,22.880043029785156,21.274100916582,22.28422171274821,NA,NA,0
Ostorhinchus limenus,-35.13,150.73,2016,4,3,7.5,1,-35_151,20.669610341389973,22.880043029785156,21.274100916582,22.28422171274821,NA,NA,0
Ostorhinchus limenus,-35.13,150.73,2016,4,3,10,1,-35_151,20.669610341389973,22.880043029785156,21.274100916582,22.28422171274821,NA,NA,0
Ostorhinchus limenus,-35.13,150.73,2016,4,3,10,3,-35_151,20.669610341389973,22.880043029785156,21.274100916582,22.28422171274821,NA,NA,0
Ostorhinchus limenus,-35.13,150.73,2016,4,3,7.5,5,-35_151,20.669610341389973,22.880043029785156,21.274100916582,22.28422171274821,NA,NA,0
Ostorhinchus limenus,-35.13,150.73,2016,4,3,10,2,-35_151,20.669610341389973,22.880043029785156,21.274100916582,22.28422171274821,NA,NA,0
Ostorhinchus limenus,-35.13,150.73,2016,4,3,15,5,-35_151,20.669610341389973,22.880043029785156,21.274100916582,22.28422171274821,NA,NA,0
Ostorhinchus limenus,-35.13,150.73,2016,4,3,10,3,-35_151,20.669610341389973,22.880043029785156,21.274100916582,22.28422171274821,NA,NA,0
Ostorhinchus limenus,-35.13,150.73,2016,4,3,12.5,3,-35_151,20.669610341389973,22.880043029785156,21.274100916582,22.28422171274821,NA,NA,0
Ostorhinchus limenus,-35.13,150.73,2016,4,3,20,2,-35_151,20.669610341389973,22.880043029785156,21.274100916582,22.28422171274821,NA,NA,0
Ostorhinchus limenus,-35.13,150.73,2016,4,3,7.5,2,-35_151,20.669610341389973,22.880043029785156,21.274100916582,22.28422171274821,NA,NA,0
Ostorhinchus limenus,-35.13,150.73,2016,4,3,10,5,-35_151,20.669610341389973,22.880043029785156,21.274100916582,22.28422171274821,NA,NA,0
Ostorhinchus limenus,-35.13,150.73,2016,4,3,12.5,5,-35_151,20.669610341389973,22.880043029785156,21.274100916582,22.28422171274821,NA,NA,0
Ostorhinchus limenus,-35.11,150.77,2016,4,3,10,1,-35_151,20.669610341389973,22.880043029785156,21.274100916582,22.28422171274821,2002,Booderee National Park,1
Ostorhinchus limenus,-35.11,150.77,2016,4,3,12.5,1,-35_151,20.669610341389973,22.880043029785156,21.274100916582,22.28422171274821,2002,Booderee National Park,1
Ostorhinchus limenus,-35.11,150.77,2016,4,3,15,1,-35_151,20.669610341389973,22.880043029785156,21.274100916582,22.28422171274821,2002,Booderee National Park,1
Ostorhinchus limenus,-35.11,150.77,2016,4,3,10,1,-35_151,20.669610341389973,22.880043029785156,21.274100916582,22.28422171274821,2002,Booderee National Park,1
Ostorhinchus limenus,-32.71,152.18,2016,10,12,7.5,1,-33_152,21.81423552831014,19.682849884033203,21.811778390656066,20.475644767925303,NA,NA,0
Ostorhinchus limenus,-32.74,152.19,2016,12,4,5,3,-33_152,21.81423552831014,22.539392471313477,21.811778390656066,21.61354793528075,NA,NA,0
Ostorhinchus limenus,-32.74,152.19,2016,12,4,7.5,5,-33_152,21.81423552831014,22.539392471313477,21.811778390656066,21.61354793528075,NA,NA,0
Ostorhinchus limenus,-32.74,152.19,2016,12,4,10,2,-33_152,21.81423552831014,22.539392471313477,21.811778390656066,21.61354793528075,NA,NA,0
Ostorhinchus limenus,-33.8,151.3,2013,2,8,7.5,3,-34_151,20.80088106791178,23.550617218017575,21.054720012252293,23.478392345564707,2002,Cabbage Tree Bay Aquatic Reserve,1
Ostorhinchus limenus,-33.8,151.3,2013,2,8,10,5,-34_151,20.80088106791178,23.550617218017575,21.054720012252293,23.478392345564707,2002,Cabbage Tree Bay Aquatic Reserve,1
Ostorhinchus limenus,-33.8,151.3,2013,2,8,12.5,4,-34_151,20.80088106791178,23.550617218017575,21.054720012252293,23.478392345564707,2002,Cabbage Tree Bay Aquatic Reserve,1
Ostorhinchus limenus,-33.8,151.3,2013,2,8,20,2,-34_151,20.80088106791178,23.550617218017575,21.054720012252293,23.478392345564707,2002,Cabbage Tree Bay Aquatic Reserve,1
Ostorhinchus limenus,-33.8,151.29,2013,2,8,10,3,-34_151,20.80088106791178,23.550617218017575,21.054720012252293,23.478392345564707,2002,Cabbage Tree Bay Aquatic Reserve,1
Ostorhinchus limenus,-33.8,151.29,2013,2,8,12.5,1,-34_151,20.80088106791178,23.550617218017575,21.054720012252293,23.478392345564707,2002,Cabbage Tree Bay Aquatic Reserve,1
Ostorhinchus limenus,-33.8,151.29,2013,2,8,15,1,-34_151,20.80088106791178,23.550617218017575,21.054720012252293,23.478392345564707,2002,Cabbage Tree Bay Aquatic Reserve,1
Ostorhinchus limenus,-33.8,151.3,2013,2,8,7.5,6,-34_151,20.80088106791178,23.550617218017575,21.054720012252293,23.478392345564707,2002,Cabbage Tree Bay Aquatic Reserve,1
Ostorhinchus limenus,-33.8,151.3,2013,2,8,10,6,-34_151,20.80088106791178,23.550617218017575,21.054720012252293,23.478392345564707,2002,Cabbage Tree Bay Aquatic Reserve,1
Ostorhinchus limenus,-33.8,151.3,2013,2,8,12.5,1,-34_151,20.80088106791178,23.550617218017575,21.054720012252293,23.478392345564707,2002,Cabbage Tree Bay Aquatic Reserve,1
Ostorhinchus limenus,-33.8,151.3,2013,2,8,20,2,-34_151,20.80088106791178,23.550617218017575,21.054720012252293,23.478392345564707,2002,Cabbage Tree Bay Aquatic Reserve,1
Ostorhinchus limenus,-33.83,151.27,2014,2,1,10,1,-34_151,20.82452170054118,22.827573776245117,20.786031686481426,22.27812455381666,NA,NA,0
Ostorhinchus limenus,-33.84,151.28,2014,4,12,10,5,-34_151,20.82452170054118,23.294639587402344,20.786031686481426,23.608249568939208,NA,NA,0
Ostorhinchus limenus,-33.8,151.29,2016,12,22,10,3,-34_151,21.222479343414307,22.054065704345703,21.6484481195513,21.74467683607532,2002,Cabbage Tree Bay Aquatic Reserve,1
Ostorhinchus limenus,-33.8,151.29,2016,12,22,12.5,3,-34_151,21.222479343414307,22.054065704345703,21.6484481195513,21.74467683607532,2002,Cabbage Tree Bay Aquatic Reserve,1
Ostorhinchus limenus,-33.8,151.29,2016,12,22,10,2,-34_151,21.222479343414307,22.054065704345703,21.6484481195513,21.74467683607532,2002,Cabbage Tree Bay Aquatic Reserve,1
Ostorhinchus limenus,-33.8,151.29,2016,12,22,12.5,12,-34_151,21.222479343414307,22.054065704345703,21.6484481195513,21.74467683607532,2002,Cabbage Tree Bay Aquatic Reserve,1
Ostorhinchus limenus,-32.71,152.15,2017,3,31,7.5,2,-33_152,21.88280153274536,24.98389434814453,21.674367571668547,24.600617731771163,1983,Fly Point-Halifax Park,1
Ostorhinchus limenus,-32.72,152.15,2017,4,14,7.5,2,-33_152,21.88280153274536,23.31084251403809,21.674367571668547,23.3536105632782,NA,NA,0
Ostorhinchus limenus,-32.72,152.15,2017,4,14,7.5,1,-33_152,21.88280153274536,23.31084251403809,21.674367571668547,23.3536105632782,NA,NA,0
Ostorhinchus limenus,-32.72,152.15,2017,4,14,10,1,-33_152,21.88280153274536,23.31084251403809,21.674367571668547,23.3536105632782,NA,NA,0
Ostorhinchus limenus,-32.6,152.32,2017,4,25,7.5,1,-33_152,21.88280153274536,23.31084251403809,21.674367571668547,23.3536105632782,NA,NA,0
Ostorhinchus limenus,-32.71,152.16,2017,4,15,7.5,1,-33_152,21.88280153274536,23.31084251403809,21.674367571668547,23.3536105632782,1983,Fly Point-Halifax Park,1
Ostorhinchus limenus,-32.71,152.16,2017,4,15,10,1,-33_152,21.88280153274536,23.31084251403809,21.674367571668547,23.3536105632782,1983,Fly Point-Halifax Park,1
Ostorhinchus limenus,-32.63,152.32,2017,4,25,7.5,2,-33_152,21.88280153274536,23.31084251403809,21.674367571668547,23.3536105632782,2007,Port Stephens Great Lake Marine Park,1
Ostorhinchus limenus,-32.71,152.16,2017,4,15,7.5,2,-33_152,21.88280153274536,23.31084251403809,21.674367571668547,23.3536105632782,1983,Fly Point-Halifax Park,1
Ostorhinchus limenus,-32.74,152.19,2017,4,17,7.5,2,-33_152,21.88280153274536,23.31084251403809,21.674367571668547,23.3536105632782,NA,NA,0
Ostorhinchus limenus,-32.74,152.19,2017,4,17,10,2,-33_152,21.88280153274536,23.31084251403809,21.674367571668547,23.3536105632782,NA,NA,0
Ostorhinchus limenus,-32.74,152.19,2017,4,17,7.5,5,-33_152,21.88280153274536,23.31084251403809,21.674367571668547,23.3536105632782,NA,NA,0
Ostorhinchus limenus,-32.74,152.19,2017,4,17,10,4,-33_152,21.88280153274536,23.31084251403809,21.674367571668547,23.3536105632782,NA,NA,0
Ostorhinchus limenus,-32.74,152.19,2017,4,17,7.5,1,-33_152,21.88280153274536,23.31084251403809,21.674367571668547,23.3536105632782,NA,NA,0
Ostorhinchus limenus,-32.71,152.15,2017,3,31,5,2,-33_152,21.88280153274536,24.98389434814453,21.674367571668547,24.600617731771163,1983,Fly Point-Halifax Park,1
Ostorhinchus limenus,-32.71,152.15,2017,3,31,5,1,-33_152,21.88280153274536,24.98389434814453,21.674367571668547,24.600617731771163,1983,Fly Point-Halifax Park,1
Ostorhinchus limenus,-32.72,152.14,2017,4,29,7.5,1,-33_152,21.88280153274536,23.31084251403809,21.674367571668547,23.3536105632782,NA,NA,0
Ostorhinchus limenus,-32.72,152.14,2017,4,29,10,3,-33_152,21.88280153274536,23.31084251403809,21.674367571668547,23.3536105632782,NA,NA,0
Ostorhinchus limenus,-32.69,152.22,2017,4,29,12.5,2,-33_152,21.88280153274536,23.31084251403809,21.674367571668547,23.3536105632782,NA,NA,0
Ostorhinchus limenus,-32.69,152.22,2017,4,29,15,3,-33_152,21.88280153274536,23.31084251403809,21.674367571668547,23.3536105632782,NA,NA,0
Ostorhinchus limenus,-32.71,152.16,2017,4,30,7.5,2,-33_152,21.88280153274536,23.31084251403809,21.674367571668547,23.3536105632782,1983,Fly Point-Halifax Park,1
Ostorhinchus limenus,-32.71,152.16,2017,4,30,10,2,-33_152,21.88280153274536,23.31084251403809,21.674367571668547,23.3536105632782,1983,Fly Point-Halifax Park,1
Ostorhinchus limenus,-32.71,152.16,2017,4,30,12.5,1,-33_152,21.88280153274536,23.31084251403809,21.674367571668547,23.3536105632782,1983,Fly Point-Halifax Park,1
Ostorhinchus limenus,-32.71,152.15,2017,4,28,7.5,1,-33_152,21.88280153274536,23.31084251403809,21.674367571668547,23.3536105632782,1983,Fly Point-Halifax Park,1
Ostorhinchus limenus,-32.71,152.15,2017,4,28,2.5,30,-33_152,21.88280153274536,23.31084251403809,21.674367571668547,23.3536105632782,1983,Fly Point-Halifax Park,1
Ostorhinchus limenus,-32.71,152.15,2017,4,28,5,25,-33_152,21.88280153274536,23.31084251403809,21.674367571668547,23.3536105632782,1983,Fly Point-Halifax Park,1
Ostorhinchus limenus,-32.71,152.15,2017,4,28,7.5,15,-33_152,21.88280153274536,23.31084251403809,21.674367571668547,23.3536105632782,1983,Fly Point-Halifax Park,1
Ostorhinchus limenus,-32.71,152.16,2017,4,30,5,1,-33_152,21.88280153274536,23.31084251403809,21.674367571668547,23.3536105632782,1983,Fly Point-Halifax Park,1
Ostorhinchus limenus,-32.69,152.22,2017,4,29,2.5,10,-33_152,21.88280153274536,23.31084251403809,21.674367571668547,23.3536105632782,NA,NA,0
Ostorhinchus limenus,-32.69,152.22,2017,4,29,5,5,-33_152,21.88280153274536,23.31084251403809,21.674367571668547,23.3536105632782,NA,NA,0
Ostorhinchus limenus,-32.69,152.22,2017,4,29,7.5,6,-33_152,21.88280153274536,23.31084251403809,21.674367571668547,23.3536105632782,NA,NA,0
Ostorhinchus limenus,-32.69,152.22,2017,4,29,10,13,-33_152,21.88280153274536,23.31084251403809,21.674367571668547,23.3536105632782,NA,NA,0
Ostorhinchus limenus,-32.69,152.22,2017,4,29,12.5,2,-33_152,21.88280153274536,23.31084251403809,21.674367571668547,23.3536105632782,NA,NA,0
Ostorhinchus limenus,-32.69,152.22,2017,4,29,5,1,-33_152,21.88280153274536,23.31084251403809,21.674367571668547,23.3536105632782,NA,NA,0
Ostorhinchus limenus,-32.69,152.22,2017,4,29,10,1,-33_152,21.88280153274536,23.31084251403809,21.674367571668547,23.3536105632782,NA,NA,0
Ostorhinchus limenus,-32.71,152.16,2017,4,30,5,3,-33_152,21.88280153274536,23.31084251403809,21.674367571668547,23.3536105632782,1983,Fly Point-Halifax Park,1
Ostorhinchus limenus,-32.71,152.16,2017,4,30,7.5,3,-33_152,21.88280153274536,23.31084251403809,21.674367571668547,23.3536105632782,1983,Fly Point-Halifax Park,1
Ostorhinchus limenus,-32.71,152.16,2017,4,30,7.5,2,-33_152,21.88280153274536,23.31084251403809,21.674367571668547,23.3536105632782,1983,Fly Point-Halifax Park,1
Ostorhinchus limenus,-32.71,152.16,2017,4,30,7.5,4,-33_152,21.88280153274536,23.31084251403809,21.674367571668547,23.3536105632782,1983,Fly Point-Halifax Park,1
Ostorhinchus limenus,-32.71,152.16,2017,4,30,10,1,-33_152,21.88280153274536,23.31084251403809,21.674367571668547,23.3536105632782,1983,Fly Point-Halifax Park,1
Ostorhinchus limenus,-32.71,152.16,2017,4,30,5,2,-33_152,21.88280153274536,23.31084251403809,21.674367571668547,23.3536105632782,1983,Fly Point-Halifax Park,1
Ostorhinchus limenus,-32.71,152.16,2017,4,30,7.5,5,-33_152,21.88280153274536,23.31084251403809,21.674367571668547,23.3536105632782,1983,Fly Point-Halifax Park,1
Ostorhinchus limenus,-32.72,152.14,2017,4,29,2.5,1,-33_152,21.88280153274536,23.31084251403809,21.674367571668547,23.3536105632782,NA,NA,0
Ostorhinchus limenus,-32.72,152.14,2017,4,29,7.5,1,-33_152,21.88280153274536,23.31084251403809,21.674367571668547,23.3536105632782,NA,NA,0
Ostorhinchus limenus,-32.69,152.22,2017,4,29,7.5,1,-33_152,21.88280153274536,23.31084251403809,21.674367571668547,23.3536105632782,NA,NA,0
Ostorhinchus limenus,-32.69,152.22,2017,4,29,7.5,4,-33_152,21.88280153274536,23.31084251403809,21.674367571668547,23.3536105632782,NA,NA,0
Ostorhinchus limenus,-32.71,152.16,2016,10,9,10,2,-33_152,21.81423552831014,19.682849884033203,21.811778390656066,20.475644767925303,1983,Fly Point-Halifax Park,1
Ostorhinchus limenus,-32.71,152.16,2016,10,9,5,2,-33_152,21.81423552831014,19.682849884033203,21.811778390656066,20.475644767925303,1983,Fly Point-Halifax Park,1
Ostorhinchus limenus,-32.71,152.16,2016,10,9,7.5,4,-33_152,21.81423552831014,19.682849884033203,21.811778390656066,20.475644767925303,1983,Fly Point-Halifax Park,1
Ostorhinchus limenus,-32.71,152.15,2016,10,7,5,1,-33_152,21.81423552831014,19.682849884033203,21.811778390656066,20.475644767925303,1983,Fly Point-Halifax Park,1
Ostorhinchus limenus,-32.71,152.15,2016,10,7,7.5,2,-33_152,21.81423552831014,19.682849884033203,21.811778390656066,20.475644767925303,1983,Fly Point-Halifax Park,1
Ostorhinchus limenus,-32.71,152.15,2016,10,7,5,35,-33_152,21.81423552831014,19.682849884033203,21.811778390656066,20.475644767925303,1983,Fly Point-Halifax Park,1
Ostorhinchus limenus,-32.71,152.15,2016,10,7,7.5,35,-33_152,21.81423552831014,19.682849884033203,21.811778390656066,20.475644767925303,1983,Fly Point-Halifax Park,1
Ostorhinchus limenus,-32.71,152.15,2016,10,7,10,5,-33_152,21.81423552831014,19.682849884033203,21.811778390656066,20.475644767925303,1983,Fly Point-Halifax Park,1
Ostorhinchus limenus,-32.74,152.19,2017,7,16,7.5,1,-33_152,21.88280153274536,19.421714782714844,21.674367571668547,20.002607114853397,NA,NA,0
Ostorhinchus limenus,-32.71,152.16,2017,7,30,2.5,5,-33_152,21.88280153274536,19.421714782714844,21.674367571668547,20.002607114853397,1983,Fly Point-Halifax Park,1
Ostorhinchus limenus,-32.71,152.16,2017,7,30,5,25,-33_152,21.88280153274536,19.421714782714844,21.674367571668547,20.002607114853397,1983,Fly Point-Halifax Park,1
Ostorhinchus limenus,-32.71,152.16,2017,7,30,7.5,7,-33_152,21.88280153274536,19.421714782714844,21.674367571668547,20.002607114853397,1983,Fly Point-Halifax Park,1
Ostorhinchus limenus,-32.71,152.16,2017,7,30,5,10,-33_152,21.88280153274536,19.421714782714844,21.674367571668547,20.002607114853397,1983,Fly Point-Halifax Park,1
Ostorhinchus limenus,-32.71,152.16,2017,7,30,7.5,10,-33_152,21.88280153274536,19.421714782714844,21.674367571668547,20.002607114853397,1983,Fly Point-Halifax Park,1
Ostorhinchus limenus,-32.71,152.16,2017,7,30,10,10,-33_152,21.88280153274536,19.421714782714844,21.674367571668547,20.002607114853397,1983,Fly Point-Halifax Park,1
Ostorhinchus limenus,-32.72,152.14,2017,1,29,7.5,2,-33_152,21.88280153274536,24.26653289794922,21.674367571668547,23.74881669013731,NA,NA,0
Ostorhinchus limenus,-32.72,152.14,2017,1,29,10,3,-33_152,21.88280153274536,24.26653289794922,21.674367571668547,23.74881669013731,NA,NA,0
Ostorhinchus limenus,-32.71,152.16,2017,7,30,5,1,-33_152,21.88280153274536,19.421714782714844,21.674367571668547,20.002607114853397,1983,Fly Point-Halifax Park,1
Ostorhinchus limenus,-32.71,152.16,2017,8,13,12.5,1,-33_152,21.88280153274536,19.456056594848633,21.674367571668547,19.463440418243408,1983,Fly Point-Halifax Park,1
Ostorhinchus limenus,-33.8,151.29,2016,12,22,7.5,1,-34_151,21.222479343414307,22.054065704345703,21.6484481195513,21.74467683607532,2002,Cabbage Tree Bay Aquatic Reserve,1
Ostorhinchus limenus,-33.8,151.29,2016,12,22,12.5,1,-34_151,21.222479343414307,22.054065704345703,21.6484481195513,21.74467683607532,2002,Cabbage Tree Bay Aquatic Reserve,1
Ostorhinchus limenus,-33.8,151.29,2016,12,22,7.5,4,-34_151,21.222479343414307,22.054065704345703,21.6484481195513,21.74467683607532,2002,Cabbage Tree Bay Aquatic Reserve,1
Ostorhinchus limenus,-33.8,151.29,2016,12,22,10,12,-34_151,21.222479343414307,22.054065704345703,21.6484481195513,21.74467683607532,2002,Cabbage Tree Bay Aquatic Reserve,1
Ostorhinchus limenus,-32.72,152.14,2017,8,12,5,10,-33_152,21.88280153274536,19.456056594848633,21.674367571668547,19.463440418243408,NA,NA,0
Ostorhinchus limenus,-32.72,152.14,2017,8,12,2.5,2,-33_152,21.88280153274536,19.456056594848633,21.674367571668547,19.463440418243408,NA,NA,0
Ostorhinchus limenus,-32.71,152.16,2017,8,13,5,4,-33_152,21.88280153274536,19.456056594848633,21.674367571668547,19.463440418243408,1983,Fly Point-Halifax Park,1
Ostorhinchus limenus,-32.71,152.16,2017,8,13,7.5,5,-33_152,21.88280153274536,19.456056594848633,21.674367571668547,19.463440418243408,1983,Fly Point-Halifax Park,1
Ostorhinchus limenus,-32.71,152.16,2017,8,13,10,1,-33_152,21.88280153274536,19.456056594848633,21.674367571668547,19.463440418243408,1983,Fly Point-Halifax Park,1
Ostorhinchus limenus,-32.71,152.16,2016,10,9,7.5,2,-33_152,21.81423552831014,19.682849884033203,21.811778390656066,20.475644767925303,1983,Fly Point-Halifax Park,1
Ostorhinchus limenus,-32.71,152.16,2016,10,9,10,1,-33_152,21.81423552831014,19.682849884033203,21.811778390656066,20.475644767925303,1983,Fly Point-Halifax Park,1
Ostorhinchus limenus,-32.71,152.16,2016,10,9,7.5,8,-33_152,21.81423552831014,19.682849884033203,21.811778390656066,20.475644767925303,1983,Fly Point-Halifax Park,1
Ostorhinchus limenus,-32.69,152.22,2017,9,3,7.5,13,-33_152,21.88280153274536,19.29019546508789,21.674367571668547,19.416805118984648,NA,NA,0
Ostorhinchus limenus,-32.69,152.22,2017,9,3,10,2,-33_152,21.88280153274536,19.29019546508789,21.674367571668547,19.416805118984648,NA,NA,0
Ostorhinchus limenus,-32.69,152.22,2017,9,3,5,10,-33_152,21.88280153274536,19.29019546508789,21.674367571668547,19.416805118984648,NA,NA,0
Ostorhinchus limenus,-32.69,152.22,2017,9,3,7.5,7,-33_152,21.88280153274536,19.29019546508789,21.674367571668547,19.416805118984648,NA,NA,0
Ostorhinchus limenus,-32.69,152.22,2017,9,3,10,5,-33_152,21.88280153274536,19.29019546508789,21.674367571668547,19.416805118984648,NA,NA,0
Ostorhinchus limenus,-32.74,152.19,2017,9,29,7.5,3,-33_152,21.88280153274536,19.29019546508789,21.674367571668547,19.416805118984648,NA,NA,0
Ostorhinchus limenus,-32.74,152.19,2017,9,29,7.5,2,-33_152,21.88280153274536,19.29019546508789,21.674367571668547,19.416805118984648,NA,NA,0
Ostorhinchus limenus,-32.74,152.19,2017,9,29,7.5,1,-33_152,21.88280153274536,19.29019546508789,21.674367571668547,19.416805118984648,NA,NA,0
Ostorhinchus limenus,-32.72,152.14,2017,10,2,5,5,-33_152,21.88280153274536,20.88638687133789,21.674367571668547,20.07908558589156,NA,NA,0
Ostorhinchus limenus,-32.72,152.14,2017,10,2,7.5,3,-33_152,21.88280153274536,20.88638687133789,21.674367571668547,20.07908558589156,NA,NA,0
Ostorhinchus limenus,-32.72,152.14,2017,10,2,7.5,2,-33_152,21.88280153274536,20.88638687133789,21.674367571668547,20.07908558589156,NA,NA,0
Ostorhinchus limenus,-32.71,152.16,2017,10,8,7.5,7,-33_152,21.88280153274536,20.88638687133789,21.674367571668547,20.07908558589156,1983,Fly Point-Halifax Park,1
Ostorhinchus limenus,-32.71,152.16,2017,10,8,10,2,-33_152,21.88280153274536,20.88638687133789,21.674367571668547,20.07908558589156,1983,Fly Point-Halifax Park,1
Ostorhinchus limenus,-32.71,152.16,2017,10,8,7.5,2,-33_152,21.88280153274536,20.88638687133789,21.674367571668547,20.07908558589156,1983,Fly Point-Halifax Park,1
Ostorhinchus limenus,-32.71,152.16,2017,10,8,10,1,-33_152,21.88280153274536,20.88638687133789,21.674367571668547,20.07908558589156,1983,Fly Point-Halifax Park,1
Ostorhinchus limenus,-33.82,151.29,2017,3,25,10,4,-34_151,21.212825298309326,24.231016159057617,21.403940033579996,24.16338659101917,NA,NA,0
Ostorhinchus limenus,-32.71,152.16,2017,10,8,12.5,1,-33_152,21.88280153274536,20.88638687133789,21.674367571668547,20.07908558589156,1983,Fly Point-Halifax Park,1
Ostorhinchus limenus,-33.99,151.23,2017,3,30,12.5,4,-34_151,21.212825298309326,24.231016159057617,21.403940033579996,24.16338659101917,NA,NA,0
Ostorhinchus limenus,-33.99,151.23,2017,3,30,15,1,-34_151,21.212825298309326,24.231016159057617,21.403940033579996,24.16338659101917,NA,NA,0
Ostorhinchus limenus,-33.99,151.23,2017,3,30,12.5,3,-34_151,21.212825298309326,24.231016159057617,21.403940033579996,24.16338659101917,NA,NA,0
Ostorhinchus limenus,-33.84,151.28,2017,3,21,7.5,2,-34_151,21.212825298309326,24.231016159057617,21.403940033579996,24.16338659101917,NA,NA,0
Ostorhinchus limenus,-33.84,151.28,2017,3,21,10,3,-34_151,21.212825298309326,24.231016159057617,21.403940033579996,24.16338659101917,NA,NA,0
Ostorhinchus limenus,-33.84,151.28,2017,3,21,12.5,2,-34_151,21.212825298309326,24.231016159057617,21.403940033579996,24.16338659101917,NA,NA,0
Ostorhinchus limenus,-33.84,151.28,2017,3,21,2.5,2,-34_151,21.212825298309326,24.231016159057617,21.403940033579996,24.16338659101917,NA,NA,0
Ostorhinchus limenus,-33.84,151.28,2017,3,21,5,2,-34_151,21.212825298309326,24.231016159057617,21.403940033579996,24.16338659101917,NA,NA,0
Ostorhinchus limenus,-33.84,151.28,2017,3,21,10,4,-34_151,21.212825298309326,24.231016159057617,21.403940033579996,24.16338659101917,NA,NA,0
Ostorhinchus limenus,-33.84,151.28,2017,3,21,12.5,5,-34_151,21.212825298309326,24.231016159057617,21.403940033579996,24.16338659101917,NA,NA,0
Ostorhinchus limenus,-33.84,151.28,2017,3,21,15,1,-34_151,21.212825298309326,24.231016159057617,21.403940033579996,24.16338659101917,NA,NA,0
Ostorhinchus limenus,-33.84,151.28,2017,3,21,5,1,-34_151,21.212825298309326,24.231016159057617,21.403940033579996,24.16338659101917,NA,NA,0
Ostorhinchus limenus,-34.07,151.13,2017,4,13,7.5,7,-34_151,21.212825298309326,22.832447052001953,21.403940033579996,23.191832796732584,1982,Shiprock Aquatic Reserve,1
Ostorhinchus limenus,-34.07,151.13,2017,4,13,10,7,-34_151,21.212825298309326,22.832447052001953,21.403940033579996,23.191832796732584,1982,Shiprock Aquatic Reserve,1
Ostorhinchus limenus,-34.07,151.13,2017,4,13,12.5,7,-34_151,21.212825298309326,22.832447052001953,21.403940033579996,23.191832796732584,1982,Shiprock Aquatic Reserve,1
Ostorhinchus limenus,-34.07,151.13,2017,4,13,7.5,2,-34_151,21.212825298309326,22.832447052001953,21.403940033579996,23.191832796732584,1982,Shiprock Aquatic Reserve,1
Ostorhinchus limenus,-34.07,151.13,2017,4,13,10,5,-34_151,21.212825298309326,22.832447052001953,21.403940033579996,23.191832796732584,1982,Shiprock Aquatic Reserve,1
Ostorhinchus limenus,-33.8,151.28,2017,3,20,12.5,1,-34_151,21.212825298309326,24.231016159057617,21.403940033579996,24.16338659101917,NA,NA,0
Ostorhinchus limenus,-33.8,151.27,2017,3,20,10,2,-34_151,21.212825298309326,24.231016159057617,21.403940033579996,24.16338659101917,NA,NA,0
Ostorhinchus limenus,-33.8,151.27,2017,3,20,12.5,4,-34_151,21.212825298309326,24.231016159057617,21.403940033579996,24.16338659101917,NA,NA,0
Ostorhinchus limenus,-33.8,151.3,2017,3,23,12.5,1,-34_151,21.212825298309326,24.231016159057617,21.403940033579996,24.16338659101917,2002,Cabbage Tree Bay Aquatic Reserve,1
Ostorhinchus limenus,-33.82,151.29,2017,3,25,10,3,-34_151,21.212825298309326,24.231016159057617,21.403940033579996,24.16338659101917,NA,NA,0
Ostorhinchus limenus,-33.82,151.29,2017,3,25,12.5,9,-34_151,21.212825298309326,24.231016159057617,21.403940033579996,24.16338659101917,NA,NA,0
Ostorhinchus limenus,-34,151.23,2015,3,13,7.5,2,-34_151,21.010322252909344,23.785842895507813,21.160145131914785,23.37540268128918,NA,NA,0
Ostorhinchus limenus,-34,151.23,2015,3,13,10,2,-34_151,21.010322252909344,23.785842895507813,21.160145131914785,23.37540268128918,NA,NA,0
Ostorhinchus limenus,-33.8,151.3,2015,10,10,7.5,3,-34_151,21.010322252909344,20.581783294677734,21.160145131914785,20.89298334429341,2002,Cabbage Tree Bay Aquatic Reserve,1
Ostorhinchus limenus,-33.8,151.3,2015,10,10,10,2,-34_151,21.010322252909344,20.581783294677734,21.160145131914785,20.89298334429341,2002,Cabbage Tree Bay Aquatic Reserve,1
Ostorhinchus limenus,-33.53,151.39,2015,6,8,5,1,-34_151,21.010322252909344,18.896404266357425,21.160145131914785,20.38041623433431,NA,NA,0
Ostorhinchus limenus,-34,151.23,2016,5,1,5,1,-34_151,21.222479343414307,21.65503692626953,21.6484481195513,21.413709194429455,NA,NA,0
Ostorhinchus limenus,-34,151.23,2016,5,1,2.5,5,-34_151,21.222479343414307,21.65503692626953,21.6484481195513,21.413709194429455,NA,NA,0
Ostorhinchus limenus,-34,151.23,2016,5,1,5,20,-34_151,21.222479343414307,21.65503692626953,21.6484481195513,21.413709194429455,NA,NA,0
Ostorhinchus limenus,-34,151.23,2016,5,1,7.5,20,-34_151,21.222479343414307,21.65503692626953,21.6484481195513,21.413709194429455,NA,NA,0
Ostorhinchus limenus,-34,151.23,2016,5,1,10,5,-34_151,21.222479343414307,21.65503692626953,21.6484481195513,21.413709194429455,NA,NA,0
Ostorhinchus limenus,-34,151.23,2016,5,1,15,1,-34_151,21.222479343414307,21.65503692626953,21.6484481195513,21.413709194429455,NA,NA,0
Ostorhinchus limenus,-32.71,152.15,2017,10,21,5,3,-33_152,21.88280153274536,20.88638687133789,21.674367571668547,20.07908558589156,1983,Fly Point-Halifax Park,1
Ostorhinchus limenus,-32.71,152.15,2017,10,21,7.5,12,-33_152,21.88280153274536,20.88638687133789,21.674367571668547,20.07908558589156,1983,Fly Point-Halifax Park,1
Ostorhinchus limenus,-32.71,152.15,2017,10,21,10,2,-33_152,21.88280153274536,20.88638687133789,21.674367571668547,20.07908558589156,1983,Fly Point-Halifax Park,1
Ostorhinchus limenus,-33.8,151.29,2017,3,23,12.5,7,-34_151,21.212825298309326,24.231016159057617,21.403940033579996,24.16338659101917,2002,Cabbage Tree Bay Aquatic Reserve,1
Ostorhinchus limenus,-33.8,151.29,2017,3,23,15,8,-34_151,21.212825298309326,24.231016159057617,21.403940033579996,24.16338659101917,2002,Cabbage Tree Bay Aquatic Reserve,1
Ostorhinchus limenus,-33.8,151.29,2017,3,23,12.5,10,-34_151,21.212825298309326,24.231016159057617,21.403940033579996,24.16338659101917,2002,Cabbage Tree Bay Aquatic Reserve,1
Ostorhinchus limenus,-33.8,151.29,2017,3,23,15,10,-34_151,21.212825298309326,24.231016159057617,21.403940033579996,24.16338659101917,2002,Cabbage Tree Bay Aquatic Reserve,1
Ostorhinchus limenus,-33.8,151.29,2017,4,1,5,10,-34_151,21.212825298309326,22.832447052001953,21.403940033579996,23.191832796732584,2002,Cabbage Tree Bay Aquatic Reserve,1
Ostorhinchus limenus,-33.8,151.29,2017,4,1,10,12,-34_151,21.212825298309326,22.832447052001953,21.403940033579996,23.191832796732584,2002,Cabbage Tree Bay Aquatic Reserve,1
Ostorhinchus limenus,-33.8,151.29,2017,4,1,12.5,1,-34_151,21.212825298309326,22.832447052001953,21.403940033579996,23.191832796732584,2002,Cabbage Tree Bay Aquatic Reserve,1
Ostorhinchus limenus,-33.8,151.29,2017,4,1,7.5,15,-34_151,21.212825298309326,22.832447052001953,21.403940033579996,23.191832796732584,2002,Cabbage Tree Bay Aquatic Reserve,1
Ostorhinchus limenus,-33.8,151.29,2017,4,1,10,3,-34_151,21.212825298309326,22.832447052001953,21.403940033579996,23.191832796732584,2002,Cabbage Tree Bay Aquatic Reserve,1
Ostorhinchus limenus,-33.81,151.31,2017,4,15,12.5,2,-34_151,21.212825298309326,22.832447052001953,21.403940033579996,23.191832796732584,NA,NA,0
Ostorhinchus limenus,-33.83,151.27,2017,4,15,7.5,1,-34_151,21.212825298309326,22.832447052001953,21.403940033579996,23.191832796732584,NA,NA,0
Ostorhinchus limenus,-33.83,151.27,2017,4,15,10,5,-34_151,21.212825298309326,22.832447052001953,21.403940033579996,23.191832796732584,NA,NA,0
Ostorhinchus limenus,-33.83,151.27,2017,4,15,12.5,8,-34_151,21.212825298309326,22.832447052001953,21.403940033579996,23.191832796732584,NA,NA,0
Ostorhinchus limenus,-33.83,151.27,2017,4,15,15,3,-34_151,21.212825298309326,22.832447052001953,21.403940033579996,23.191832796732584,NA,NA,0
Ostorhinchus limenus,-33.83,151.27,2017,4,15,7.5,7,-34_151,21.212825298309326,22.832447052001953,21.403940033579996,23.191832796732584,NA,NA,0
Ostorhinchus limenus,-33.83,151.27,2017,4,15,10,7,-34_151,21.212825298309326,22.832447052001953,21.403940033579996,23.191832796732584,NA,NA,0
Ostorhinchus limenus,-33.83,151.27,2017,4,15,12.5,7,-34_151,21.212825298309326,22.832447052001953,21.403940033579996,23.191832796732584,NA,NA,0
Ostorhinchus limenus,-33.99,151.23,2017,4,19,15,1,-34_151,21.212825298309326,22.832447052001953,21.403940033579996,23.191832796732584,NA,NA,0
Ostorhinchus limenus,-33.81,151.31,2017,4,15,10,1,-34_151,21.212825298309326,22.832447052001953,21.403940033579996,23.191832796732584,NA,NA,0
Ostorhinchus limenus,-33.83,151.27,2017,4,15,5,10,-34_151,21.212825298309326,22.832447052001953,21.403940033579996,23.191832796732584,NA,NA,0
Ostorhinchus limenus,-33.83,151.27,2017,4,15,7.5,11,-34_151,21.212825298309326,22.832447052001953,21.403940033579996,23.191832796732584,NA,NA,0
Ostorhinchus limenus,-33.83,151.27,2017,4,15,10,13,-34_151,21.212825298309326,22.832447052001953,21.403940033579996,23.191832796732584,NA,NA,0
Ostorhinchus limenus,-33.83,151.27,2017,4,15,12.5,10,-34_151,21.212825298309326,22.832447052001953,21.403940033579996,23.191832796732584,NA,NA,0
Ostorhinchus limenus,-33.83,151.27,2017,4,15,10,2,-34_151,21.212825298309326,22.832447052001953,21.403940033579996,23.191832796732584,NA,NA,0
Ostorhinchus limenus,-33.8,151.3,2017,4,1,10,7,-34_151,21.212825298309326,22.832447052001953,21.403940033579996,23.191832796732584,2002,Cabbage Tree Bay Aquatic Reserve,1
Ostorhinchus limenus,-33.8,151.3,2017,4,1,12.5,7,-34_151,21.212825298309326,22.832447052001953,21.403940033579996,23.191832796732584,2002,Cabbage Tree Bay Aquatic Reserve,1
Ostorhinchus limenus,-33.8,151.3,2017,4,1,15,7,-34_151,21.212825298309326,22.832447052001953,21.403940033579996,23.191832796732584,2002,Cabbage Tree Bay Aquatic Reserve,1
Ostorhinchus limenus,-33.8,151.3,2017,4,1,7.5,5,-34_151,21.212825298309326,22.832447052001953,21.403940033579996,23.191832796732584,2002,Cabbage Tree Bay Aquatic Reserve,1
Ostorhinchus limenus,-33.8,151.3,2017,4,1,10,15,-34_151,21.212825298309326,22.832447052001953,21.403940033579996,23.191832796732584,2002,Cabbage Tree Bay Aquatic Reserve,1
Ostorhinchus limenus,-33.8,151.3,2017,4,1,15,10,-34_151,21.212825298309326,22.832447052001953,21.403940033579996,23.191832796732584,2002,Cabbage Tree Bay Aquatic Reserve,1
Ostorhinchus limenus,-33.8,151.3,2017,4,1,10,25,-34_151,21.212825298309326,22.832447052001953,21.403940033579996,23.191832796732584,2002,Cabbage Tree Bay Aquatic Reserve,1
Ostorhinchus limenus,-34,151.23,2017,4,21,12.5,2,-34_151,21.212825298309326,22.832447052001953,21.403940033579996,23.191832796732584,NA,NA,0
Ostorhinchus limenus,-34,151.23,2017,4,21,15,1,-34_151,21.212825298309326,22.832447052001953,21.403940033579996,23.191832796732584,NA,NA,0
Ostorhinchus limenus,-34,151.23,2017,4,21,7.5,1,-34_151,21.212825298309326,22.832447052001953,21.403940033579996,23.191832796732584,NA,NA,0
Ostorhinchus limenus,-34,151.23,2017,4,21,10,3,-34_151,21.212825298309326,22.832447052001953,21.403940033579996,23.191832796732584,NA,NA,0
Ostorhinchus limenus,-34,151.23,2017,4,21,10,1,-34_151,21.212825298309326,22.832447052001953,21.403940033579996,23.191832796732584,NA,NA,0
Ostorhinchus limenus,-34,151.23,2017,4,21,12.5,1,-34_151,21.212825298309326,22.832447052001953,21.403940033579996,23.191832796732584,NA,NA,0
Ostorhinchus limenus,-34,151.23,2017,4,21,15,1,-34_151,21.212825298309326,22.832447052001953,21.403940033579996,23.191832796732584,NA,NA,0
Ostorhinchus limenus,-33.84,151.28,2016,8,21,7.5,1,-34_151,21.222479343414307,17.98968505859375,21.6484481195513,19.41435437048635,NA,NA,0
Ostorhinchus limenus,-33.84,151.28,2016,8,21,15,1,-34_151,21.222479343414307,17.98968505859375,21.6484481195513,19.41435437048635,NA,NA,0
Ostorhinchus limenus,-33.8,151.3,2016,12,6,7.5,5,-34_151,21.222479343414307,22.054065704345703,21.6484481195513,21.74467683607532,2002,Cabbage Tree Bay Aquatic Reserve,1
Ostorhinchus limenus,-33.8,151.3,2016,12,6,10,5,-34_151,21.222479343414307,22.054065704345703,21.6484481195513,21.74467683607532,2002,Cabbage Tree Bay Aquatic Reserve,1
Ostorhinchus limenus,-33.8,151.3,2016,12,6,12.5,5,-34_151,21.222479343414307,22.054065704345703,21.6484481195513,21.74467683607532,2002,Cabbage Tree Bay Aquatic Reserve,1
Ostorhinchus limenus,-33.8,151.3,2016,12,6,10,2,-34_151,21.222479343414307,22.054065704345703,21.6484481195513,21.74467683607532,2002,Cabbage Tree Bay Aquatic Reserve,1
Ostorhinchus limenus,-33.8,151.3,2016,12,6,12.5,1,-34_151,21.222479343414307,22.054065704345703,21.6484481195513,21.74467683607532,2002,Cabbage Tree Bay Aquatic Reserve,1
Ostorhinchus limenus,-33.58,151.33,2017,4,7,7.5,1,-34_151,21.212825298309326,22.832447052001953,21.403940033579996,23.191832796732584,NA,NA,0
Ostorhinchus limenus,-33.58,151.33,2017,4,7,12.5,1,-34_151,21.212825298309326,22.832447052001953,21.403940033579996,23.191832796732584,NA,NA,0
Ostorhinchus limenus,-34,151.25,2017,4,9,10,1,-34_151,21.212825298309326,22.832447052001953,21.403940033579996,23.191832796732584,NA,NA,0
Ostorhinchus limenus,-32.71,152.15,2017,10,21,5,3,-33_152,21.88280153274536,20.88638687133789,21.674367571668547,20.07908558589156,1983,Fly Point-Halifax Park,1
Ostorhinchus limenus,-32.71,152.15,2017,10,21,5,1,-33_152,21.88280153274536,20.88638687133789,21.674367571668547,20.07908558589156,1983,Fly Point-Halifax Park,1
Ostorhinchus limenus,-32.71,152.15,2017,10,21,7.5,1,-33_152,21.88280153274536,20.88638687133789,21.674367571668547,20.07908558589156,1983,Fly Point-Halifax Park,1
Ostorhinchus limenus,-34,151.25,2017,4,9,10,2,-34_151,21.212825298309326,22.832447052001953,21.403940033579996,23.191832796732584,NA,NA,0
Ostorhinchus limenus,-34,151.25,2017,4,9,12.5,1,-34_151,21.212825298309326,22.832447052001953,21.403940033579996,23.191832796732584,NA,NA,0
Ostorhinchus limenus,-33.8,151.3,2016,2,6,7.5,11,-34_151,21.222479343414307,24.56042861938477,21.6484481195513,24.464482373204724,2002,Cabbage Tree Bay Aquatic Reserve,1
Ostorhinchus limenus,-33.8,151.3,2016,2,6,10,11,-34_151,21.222479343414307,24.56042861938477,21.6484481195513,24.464482373204724,2002,Cabbage Tree Bay Aquatic Reserve,1
Ostorhinchus limenus,-33.8,151.3,2016,2,6,7.5,10,-34_151,21.222479343414307,24.56042861938477,21.6484481195513,24.464482373204724,2002,Cabbage Tree Bay Aquatic Reserve,1
Ostorhinchus limenus,-33.8,151.3,2016,2,6,10,10,-34_151,21.222479343414307,24.56042861938477,21.6484481195513,24.464482373204724,2002,Cabbage Tree Bay Aquatic Reserve,1
Ostorhinchus limenus,-33.8,151.3,2016,2,6,12.5,10,-34_151,21.222479343414307,24.56042861938477,21.6484481195513,24.464482373204724,2002,Cabbage Tree Bay Aquatic Reserve,1
Ostorhinchus limenus,-33.99,151.23,2016,1,30,10,1,-34_151,21.222479343414307,23.381845474243164,21.6484481195513,23.70637043060795,NA,NA,0
Ostorhinchus limenus,-33.82,151.3,2018,4,2,12.5,1,-34_151,20.616589228312176,22.327646255493164,20.38137288106385,22.58066619237264,NA,NA,0
Ostorhinchus limenus,-33.82,151.27,2018,4,28,5,5,-34_151,20.616589228312176,22.327646255493164,20.38137288106385,22.58066619237264,NA,NA,0
Ostorhinchus limenus,-33.82,151.27,2018,4,28,10,2,-34_151,20.616589228312176,22.327646255493164,20.38137288106385,22.58066619237264,NA,NA,0
Ostorhinchus limenus,-32.71,152.15,2016,6,26,7.5,1,-33_152,21.81423552831014,21.07072639465332,21.811778390656066,21.400971788830223,1983,Fly Point-Halifax Park,1
Ostorhinchus limenus,-32.71,152.15,2016,6,26,5,7,-33_152,21.81423552831014,21.07072639465332,21.811778390656066,21.400971788830223,1983,Fly Point-Halifax Park,1
Ostorhinchus limenus,-32.71,152.15,2016,6,26,7.5,3,-33_152,21.81423552831014,21.07072639465332,21.811778390656066,21.400971788830223,1983,Fly Point-Halifax Park,1
Ostorhinchus limenus,-33.84,151.28,2017,12,5,10,4,-34_151,21.212825298309326,22.303253173828125,21.403940033579996,21.79475758152623,NA,NA,0
Ostorhinchus limenus,-33.84,151.28,2017,12,5,12.5,5,-34_151,21.212825298309326,22.303253173828125,21.403940033579996,21.79475758152623,NA,NA,0
Ostorhinchus limenus,-33.84,151.28,2017,12,5,15,4,-34_151,21.212825298309326,22.303253173828125,21.403940033579996,21.79475758152623,NA,NA,0
Ostorhinchus limenus,-33.84,151.28,2017,12,5,10,8,-34_151,21.212825298309326,22.303253173828125,21.403940033579996,21.79475758152623,NA,NA,0
Ostorhinchus limenus,-33.84,151.28,2017,12,5,12.5,10,-34_151,21.212825298309326,22.303253173828125,21.403940033579996,21.79475758152623,NA,NA,0
Ostorhinchus limenus,-33.84,151.28,2017,12,5,15,8,-34_151,21.212825298309326,22.303253173828125,21.403940033579996,21.79475758152623,NA,NA,0
Ostorhinchus limenus,-33.84,151.28,2017,12,6,15,2,-34_151,21.212825298309326,22.303253173828125,21.403940033579996,21.79475758152623,NA,NA,0
Ostorhinchus limenus,-33.84,151.28,2017,12,6,12.5,2,-34_151,21.212825298309326,22.303253173828125,21.403940033579996,21.79475758152623,NA,NA,0
Ostorhinchus limenus,-33.84,151.28,2017,12,7,12.5,2,-34_151,21.212825298309326,22.303253173828125,21.403940033579996,21.79475758152623,NA,NA,0
Ostorhinchus limenus,-33.82,151.27,2018,4,28,7.5,1,-34_151,20.616589228312176,22.327646255493164,20.38137288106385,22.58066619237264,NA,NA,0
Ostorhinchus limenus,-33.82,151.27,2018,4,28,10,5,-34_151,20.616589228312176,22.327646255493164,20.38137288106385,22.58066619237264,NA,NA,0
Ostorhinchus limenus,-33.82,151.27,2018,4,28,10,3,-34_151,20.616589228312176,22.327646255493164,20.38137288106385,22.58066619237264,NA,NA,0
Ostorhinchus limenus,-33.82,151.27,2018,4,28,15,1,-34_151,20.616589228312176,22.327646255493164,20.38137288106385,22.58066619237264,NA,NA,0
Ostorhinchus limenus,-32.71,152.15,2017,8,27,5,2,-33_152,21.88280153274536,19.456056594848633,21.674367571668547,19.463440418243408,1983,Fly Point-Halifax Park,1
Ostorhinchus limenus,-33.82,151.29,2014,12,7,10,1,-34_151,20.82452170054118,22.184375762939453,20.786031686481426,21.52741898259809,NA,NA,0
Ostorhinchus limenus,-33.8,151.28,2014,11,5,10,1,-34_151,20.82452170054118,20.251184463500977,20.786031686481426,20.388916126887004,NA,NA,0
Ostorhinchus limenus,-33.8,151.28,2014,11,5,12.5,1,-34_151,20.82452170054118,20.251184463500977,20.786031686481426,20.388916126887004,NA,NA,0
Ostorhinchus limenus,-33.8,151.28,2014,11,5,15,2,-34_151,20.82452170054118,20.251184463500977,20.786031686481426,20.388916126887004,NA,NA,0
Ostorhinchus limenus,-33.8,151.28,2014,11,5,7.5,2,-34_151,20.82452170054118,20.251184463500977,20.786031686481426,20.388916126887004,NA,NA,0
Ostorhinchus limenus,-33.8,151.28,2014,11,5,10,3,-34_151,20.82452170054118,20.251184463500977,20.786031686481426,20.388916126887004,NA,NA,0
Ostorhinchus limenus,-33.8,151.3,2014,10,8,10,3,-34_151,20.82452170054118,19.49410057067871,20.786031686481426,19.56854792564146,2002,Cabbage Tree Bay Aquatic Reserve,1
Ostorhinchus limenus,-33.8,151.3,2014,10,8,12.5,4,-34_151,20.82452170054118,19.49410057067871,20.786031686481426,19.56854792564146,2002,Cabbage Tree Bay Aquatic Reserve,1
Ostorhinchus limenus,-33.8,151.3,2014,10,8,10,7,-34_151,20.82452170054118,19.49410057067871,20.786031686481426,19.56854792564146,2002,Cabbage Tree Bay Aquatic Reserve,1
Ostorhinchus limenus,-33.8,151.3,2014,10,8,12.5,7,-34_151,20.82452170054118,19.49410057067871,20.786031686481426,19.56854792564146,2002,Cabbage Tree Bay Aquatic Reserve,1
Ostorhinchus limenus,-33.84,151.28,2014,4,12,7.5,1,-34_151,20.82452170054118,23.294639587402344,20.786031686481426,23.608249568939208,NA,NA,0
Ostorhinchus limenus,-33.95,151.26,2018,3,17,12.5,2,-34_151,20.616589228312176,23.609176635742188,20.38137288106385,24.080563960536832,NA,NA,0
Ostorhinchus limenus,-32.71,152.16,2018,10,13,7.5,1,-33_152,21.402117252349854,20.460947036743164,20.990371204530405,20.0220694849568,1983,Fly Point-Halifax Park,1
Ostorhinchus limenus,-32.71,152.16,2018,8,5,10,2,-33_152,21.402117252349854,17.94134521484375,20.990371204530405,17.520725398935298,1983,Fly Point-Halifax Park,1
Ostorhinchus limenus,-32.71,152.16,2018,8,5,5,4,-33_152,21.402117252349854,17.94134521484375,20.990371204530405,17.520725398935298,1983,Fly Point-Halifax Park,1
Ostorhinchus limenus,-32.71,152.16,2018,8,5,7.5,1,-33_152,21.402117252349854,17.94134521484375,20.990371204530405,17.520725398935298,1983,Fly Point-Halifax Park,1
Ostorhinchus limenus,-32.71,152.16,2018,10,13,10,1,-33_152,21.402117252349854,20.460947036743164,20.990371204530405,20.0220694849568,1983,Fly Point-Halifax Park,1
Ostorhinchus limenus,-32.71,152.15,2018,10,26,5,3,-33_152,21.402117252349854,20.460947036743164,20.990371204530405,20.0220694849568,1983,Fly Point-Halifax Park,1
Ostorhinchus limenus,-32.71,152.15,2018,10,26,7.5,7,-33_152,21.402117252349854,20.460947036743164,20.990371204530405,20.0220694849568,1983,Fly Point-Halifax Park,1
Ostorhinchus limenus,-32.71,152.16,2018,8,5,7.5,3,-33_152,21.402117252349854,17.94134521484375,20.990371204530405,17.520725398935298,1983,Fly Point-Halifax Park,1
Ostorhinchus limenus,-32.71,152.16,2018,8,5,10,2,-33_152,21.402117252349854,17.94134521484375,20.990371204530405,17.520725398935298,1983,Fly Point-Halifax Park,1
Ostorhinchus limenus,-32.71,152.16,2019,2,9,7.5,1,-33_152,21.577637672424316,24.467557907104492,21.50456922728874,24.282172061148145,1983,Fly Point-Halifax Park,1
Ostorhinchus limenus,-32.71,152.16,2018,8,5,7.5,1,-33_152,21.402117252349854,17.94134521484375,20.990371204530405,17.520725398935298,1983,Fly Point-Halifax Park,1
Ostorhinchus limenus,-32.71,152.16,2018,8,5,10,5,-33_152,21.402117252349854,17.94134521484375,20.990371204530405,17.520725398935298,1983,Fly Point-Halifax Park,1
Ostorhinchus limenus,-32.71,152.15,2018,10,27,7.5,1,-33_152,21.402117252349854,20.460947036743164,20.990371204530405,20.0220694849568,1983,Fly Point-Halifax Park,1
Ostorhinchus limenus,-32.71,152.15,2018,10,27,5,1,-33_152,21.402117252349854,20.460947036743164,20.990371204530405,20.0220694849568,1983,Fly Point-Halifax Park,1
Ostorhinchus limenus,-32.71,152.15,2018,7,29,7.5,1,-33_152,21.402117252349854,18.56777000427246,20.990371204530405,18.303574844073225,1983,Fly Point-Halifax Park,1
Ostorhinchus limenus,-32.71,152.16,2018,8,5,7.5,10,-33_152,21.402117252349854,17.94134521484375,20.990371204530405,17.520725398935298,1983,Fly Point-Halifax Park,1
Ostorhinchus limenus,-32.71,152.16,2018,8,5,10,5,-33_152,21.402117252349854,17.94134521484375,20.990371204530405,17.520725398935298,1983,Fly Point-Halifax Park,1
Ostorhinchus limenus,-33.84,151.28,2018,12,12,10,5,-34_151,20.616589228312176,21.948253631591797,20.38137288106385,21.186934963349373,NA,NA,0
Ostorhinchus limenus,-33.84,151.28,2018,12,12,12.5,4,-34_151,20.616589228312176,21.948253631591797,20.38137288106385,21.186934963349373,NA,NA,0
Ostorhinchus limenus,-33.84,151.28,2018,12,12,10,10,-34_151,20.616589228312176,21.948253631591797,20.38137288106385,21.186934963349373,NA,NA,0
Ostorhinchus limenus,-33.84,151.28,2018,12,12,12.5,10,-34_151,20.616589228312176,21.948253631591797,20.38137288106385,21.186934963349373,NA,NA,0
Ostorhinchus limenus,-33.84,151.28,2018,12,12,10,11,-34_151,20.616589228312176,21.948253631591797,20.38137288106385,21.186934963349373,NA,NA,0
Ostorhinchus limenus,-33.84,151.28,2018,12,12,12.5,11,-34_151,20.616589228312176,21.948253631591797,20.38137288106385,21.186934963349373,NA,NA,0
Ostorhinchus limenus,-32.71,152.16,2018,8,5,7.5,2,-33_152,21.402117252349854,17.94134521484375,20.990371204530405,17.520725398935298,1983,Fly Point-Halifax Park,1
Ostorhinchus limenus,-32.71,152.16,2018,8,5,10,3,-33_152,21.402117252349854,17.94134521484375,20.990371204530405,17.520725398935298,1983,Fly Point-Halifax Park,1
Ostorhinchus limenus,-32.71,152.15,2019,5,12,7.5,1,-33_152,21.577637672424316,21.956663131713867,21.50456922728874,22.877553252763647,1983,Fly Point-Halifax Park,1
Ostorhinchus limenus,-32.71,152.15,2019,5,12,10,1,-33_152,21.577637672424316,21.956663131713867,21.50456922728874,22.877553252763647,1983,Fly Point-Halifax Park,1
Ostorhinchus limenus,-32.71,152.15,2019,5,12,7.5,25,-33_152,21.577637672424316,21.956663131713867,21.50456922728874,22.877553252763647,1983,Fly Point-Halifax Park,1
Ostorhinchus limenus,-32.71,152.15,2019,5,12,10,5,-33_152,21.577637672424316,21.956663131713867,21.50456922728874,22.877553252763647,1983,Fly Point-Halifax Park,1
Ostorhinchus limenus,-32.71,152.16,2019,5,5,10,1,-33_152,21.577637672424316,21.956663131713867,21.50456922728874,22.877553252763647,1983,Fly Point-Halifax Park,1
Ostorhinchus limenus,-32.69,152.22,2019,5,10,10,1,-33_152,21.577637672424316,21.956663131713867,21.50456922728874,22.877553252763647,NA,NA,0
Ostorhinchus limenus,-32.69,152.22,2019,5,10,12.5,1,-33_152,21.577637672424316,21.956663131713867,21.50456922728874,22.877553252763647,NA,NA,0
Ostorhinchus limenus,-32.71,152.15,2019,5,12,7.5,1,-33_152,21.577637672424316,21.956663131713867,21.50456922728874,22.877553252763647,1983,Fly Point-Halifax Park,1
Ostorhinchus limenus,-32.71,152.16,2019,5,5,7.5,2,-33_152,21.577637672424316,21.956663131713867,21.50456922728874,22.877553252763647,1983,Fly Point-Halifax Park,1
Ostorhinchus limenus,-32.71,152.16,2019,5,10,7.5,2,-33_152,21.577637672424316,21.956663131713867,21.50456922728874,22.877553252763647,1983,Fly Point-Halifax Park,1
Ostorhinchus limenus,-32.71,152.16,2019,5,10,10,5,-33_152,21.577637672424316,21.956663131713867,21.50456922728874,22.877553252763647,1983,Fly Point-Halifax Park,1
Ostorhinchus limenus,-32.74,152.19,2019,5,10,12.5,1,-33_152,21.577637672424316,21.956663131713867,21.50456922728874,22.877553252763647,NA,NA,0
Ostorhinchus limenus,-32.72,152.14,2019,5,12,10,1,-33_152,21.577637672424316,21.956663131713867,21.50456922728874,22.877553252763647,NA,NA,0
Ostorhinchus limenus,-33.84,151.28,2018,12,12,7.5,10,-34_151,20.616589228312176,21.948253631591797,20.38137288106385,21.186934963349373,NA,NA,0
Ostorhinchus limenus,-33.84,151.28,2018,12,12,10,10,-34_151,20.616589228312176,21.948253631591797,20.38137288106385,21.186934963349373,NA,NA,0
Ostorhinchus limenus,-32.69,152.22,2019,5,10,7.5,2,-33_152,21.577637672424316,21.956663131713867,21.50456922728874,22.877553252763647,NA,NA,0
Ostorhinchus limenus,-32.69,152.22,2019,5,10,10,5,-33_152,21.577637672424316,21.956663131713867,21.50456922728874,22.877553252763647,NA,NA,0
Ostorhinchus limenus,-32.69,152.22,2019,5,10,5,1,-33_152,21.577637672424316,21.956663131713867,21.50456922728874,22.877553252763647,NA,NA,0
Ostorhinchus limenus,-32.69,152.22,2019,5,10,7.5,3,-33_152,21.577637672424316,21.956663131713867,21.50456922728874,22.877553252763647,NA,NA,0
Ostorhinchus limenus,-32.69,152.22,2019,5,10,10,1,-33_152,21.577637672424316,21.956663131713867,21.50456922728874,22.877553252763647,NA,NA,0
Ostorhinchus limenus,-32.71,152.16,2019,5,11,10,1,-33_152,21.577637672424316,21.956663131713867,21.50456922728874,22.877553252763647,1983,Fly Point-Halifax Park,1
Ostorhinchus limenus,-32.74,152.19,2019,5,10,10,1,-33_152,21.577637672424316,21.956663131713867,21.50456922728874,22.877553252763647,NA,NA,0
Ostorhinchus limenus,-32.71,152.16,2019,5,10,7.5,2,-33_152,21.577637672424316,21.956663131713867,21.50456922728874,22.877553252763647,1983,Fly Point-Halifax Park,1
Ostorhinchus limenus,-32.71,152.16,2019,5,10,10,2,-33_152,21.577637672424316,21.956663131713867,21.50456922728874,22.877553252763647,1983,Fly Point-Halifax Park,1
Ostorhinchus limenus,-32.69,152.22,2019,5,10,12.5,5,-33_152,21.577637672424316,21.956663131713867,21.50456922728874,22.877553252763647,NA,NA,0
Ostorhinchus limenus,-34.07,151.13,2019,3,5,10,5,-34_151,20.84144163131714,23.916156768798828,21.110917770883944,24.512580087107995,1982,Shiprock Aquatic Reserve,1
Ostorhinchus limenus,-34.07,151.13,2019,3,5,12.5,10,-34_151,20.84144163131714,23.916156768798828,21.110917770883944,24.512580087107995,1982,Shiprock Aquatic Reserve,1
Ostorhinchus limenus,-33.82,151.29,2019,3,3,5,2,-34_151,20.84144163131714,23.916156768798828,21.110917770883944,24.512580087107995,NA,NA,0
Ostorhinchus limenus,-33.82,151.29,2019,3,3,7.5,2,-34_151,20.84144163131714,23.916156768798828,21.110917770883944,24.512580087107995,NA,NA,0
Ostorhinchus limenus,-33.82,151.29,2019,3,3,10,1,-34_151,20.84144163131714,23.916156768798828,21.110917770883944,24.512580087107995,NA,NA,0
Ostorhinchus limenus,-33.82,151.29,2019,3,3,5,1,-34_151,20.84144163131714,23.916156768798828,21.110917770883944,24.512580087107995,NA,NA,0
Ostorhinchus limenus,-33.82,151.29,2019,3,3,7.5,1,-34_151,20.84144163131714,23.916156768798828,21.110917770883944,24.512580087107995,NA,NA,0
Ostorhinchus limenus,-33.82,151.29,2019,3,3,10,2,-34_151,20.84144163131714,23.916156768798828,21.110917770883944,24.512580087107995,NA,NA,0
Ostorhinchus limenus,-33.83,151.27,2019,3,3,7.5,3,-34_151,20.84144163131714,23.916156768798828,21.110917770883944,24.512580087107995,NA,NA,0
Ostorhinchus limenus,-33.83,151.27,2019,3,3,10,2,-34_151,20.84144163131714,23.916156768798828,21.110917770883944,24.512580087107995,NA,NA,0
Ostorhinchus limenus,-33.83,151.27,2019,3,3,7.5,1,-34_151,20.84144163131714,23.916156768798828,21.110917770883944,24.512580087107995,NA,NA,0
Ostorhinchus limenus,-33.83,151.27,2019,3,3,10,5,-34_151,20.84144163131714,23.916156768798828,21.110917770883944,24.512580087107995,NA,NA,0
Ostorhinchus limenus,-33.83,151.27,2019,3,3,12.5,2,-34_151,20.84144163131714,23.916156768798828,21.110917770883944,24.512580087107995,NA,NA,0
Ostorhinchus limenus,-33.83,151.27,2019,3,3,15,1,-34_151,20.84144163131714,23.916156768798828,21.110917770883944,24.512580087107995,NA,NA,0
Ostorhinchus limenus,-33.84,151.28,2019,3,2,12.5,2,-34_151,20.84144163131714,23.916156768798828,21.110917770883944,24.512580087107995,NA,NA,0
Ostorhinchus limenus,-33.84,151.28,2019,3,2,10,2,-34_151,20.84144163131714,23.916156768798828,21.110917770883944,24.512580087107995,NA,NA,0
Ostorhinchus limenus,-33.84,151.28,2019,3,2,12.5,4,-34_151,20.84144163131714,23.916156768798828,21.110917770883944,24.512580087107995,NA,NA,0
Ostorhinchus limenus,-33.84,151.28,2019,3,2,10,35,-34_151,20.84144163131714,23.916156768798828,21.110917770883944,24.512580087107995,NA,NA,0
Ostorhinchus limenus,-33.84,151.28,2019,3,2,12.5,30,-34_151,20.84144163131714,23.916156768798828,21.110917770883944,24.512580087107995,NA,NA,0
Ostorhinchus limenus,-33.84,151.28,2019,3,2,7.5,20,-34_151,20.84144163131714,23.916156768798828,21.110917770883944,24.512580087107995,NA,NA,0
Ostorhinchus limenus,-33.84,151.28,2019,3,2,10,10,-34_151,20.84144163131714,23.916156768798828,21.110917770883944,24.512580087107995,NA,NA,0
Ostorhinchus limenus,-33.84,151.28,2019,3,2,12.5,2,-34_151,20.84144163131714,23.916156768798828,21.110917770883944,24.512580087107995,NA,NA,0
Ostorhinchus limenus,-33.84,151.28,2019,3,2,15,10,-34_151,20.84144163131714,23.916156768798828,21.110917770883944,24.512580087107995,NA,NA,0
Ostorhinchus limenus,-33.84,151.28,2019,3,2,7.5,10,-34_151,20.84144163131714,23.916156768798828,21.110917770883944,24.512580087107995,NA,NA,0
Ostorhinchus limenus,-33.84,151.28,2019,3,2,10,19,-34_151,20.84144163131714,23.916156768798828,21.110917770883944,24.512580087107995,NA,NA,0
Ostorhinchus limenus,-33.84,151.28,2019,3,2,12.5,6,-34_151,20.84144163131714,23.916156768798828,21.110917770883944,24.512580087107995,NA,NA,0
Ostorhinchus limenus,-33.84,151.28,2019,3,2,15,7,-34_151,20.84144163131714,23.916156768798828,21.110917770883944,24.512580087107995,NA,NA,0
Ostorhinchus limenus,-33.84,151.28,2019,3,2,20,3,-34_151,20.84144163131714,23.916156768798828,21.110917770883944,24.512580087107995,NA,NA,0
Ostorhinchus limenus,-33.83,151.27,2019,3,3,7.5,1,-34_151,20.84144163131714,23.916156768798828,21.110917770883944,24.512580087107995,NA,NA,0
Ostorhinchus limenus,-33.83,151.27,2019,3,3,10,1,-34_151,20.84144163131714,23.916156768798828,21.110917770883944,24.512580087107995,NA,NA,0
Ostorhinchus limenus,-33.83,151.27,2019,3,3,12.5,1,-34_151,20.84144163131714,23.916156768798828,21.110917770883944,24.512580087107995,NA,NA,0
Ostorhinchus limenus,-33.83,151.27,2019,3,3,15,1,-34_151,20.84144163131714,23.916156768798828,21.110917770883944,24.512580087107995,NA,NA,0
Ostorhinchus limenus,-33.83,151.27,2019,3,3,20,1,-34_151,20.84144163131714,23.916156768798828,21.110917770883944,24.512580087107995,NA,NA,0
Ostorhinchus limenus,-33.81,151.31,2019,3,2,12.5,1,-34_151,20.84144163131714,23.916156768798828,21.110917770883944,24.512580087107995,NA,NA,0
Ostorhinchus limenus,-33.82,151.29,2019,3,3,12.5,4,-34_151,20.84144163131714,23.916156768798828,21.110917770883944,24.512580087107995,NA,NA,0
Ostorhinchus limenus,-33.83,151.27,2019,3,3,12.5,3,-34_151,20.84144163131714,23.916156768798828,21.110917770883944,24.512580087107995,NA,NA,0
Ostorhinchus limenus,-33.83,151.27,2019,3,3,15,1,-34_151,20.84144163131714,23.916156768798828,21.110917770883944,24.512580087107995,NA,NA,0
Ostorhinchus limenus,-34.07,151.13,2019,3,5,15,3,-34_151,20.84144163131714,23.916156768798828,21.110917770883944,24.512580087107995,1982,Shiprock Aquatic Reserve,1
Ostorhinchus limenus,-32.71,152.16,2017,1,29,5,1,-33_152,21.88280153274536,24.26653289794922,21.674367571668547,23.74881669013731,1983,Fly Point-Halifax Park,1
Ostorhinchus limenus,-32.71,152.16,2017,1,29,7.5,10,-33_152,21.88280153274536,24.26653289794922,21.674367571668547,23.74881669013731,1983,Fly Point-Halifax Park,1
Ostorhinchus limenus,-32.71,152.16,2017,1,29,5,115,-33_152,21.88280153274536,24.26653289794922,21.674367571668547,23.74881669013731,1983,Fly Point-Halifax Park,1
Ostorhinchus limenus,-32.71,152.16,2018,5,19,10,1,-33_152,21.402117252349854,21.891050338745117,20.990371204530405,21.487203751840894,1983,Fly Point-Halifax Park,1
Ostorhinchus limenus,-32.71,152.16,2018,5,19,10,1,-33_152,21.402117252349854,21.891050338745117,20.990371204530405,21.487203751840894,1983,Fly Point-Halifax Park,1
Ostorhinchus limenus,-32.71,152.16,2018,5,19,5,1,-33_152,21.402117252349854,21.891050338745117,20.990371204530405,21.487203751840894,1983,Fly Point-Halifax Park,1
Ostorhinchus limenus,-32.72,152.14,2018,5,20,5,2,-33_152,21.402117252349854,21.891050338745117,20.990371204530405,21.487203751840894,NA,NA,0
Ostorhinchus limenus,-32.72,152.15,2018,5,21,5,2,-33_152,21.402117252349854,21.891050338745117,20.990371204530405,21.487203751840894,NA,NA,0
Ostorhinchus limenus,-32.72,152.15,2018,5,18,10,1,-33_152,21.402117252349854,21.891050338745117,20.990371204530405,21.487203751840894,NA,NA,0
Ostorhinchus limenus,-32.71,152.16,2018,5,19,2.5,5,-33_152,21.402117252349854,21.891050338745117,20.990371204530405,21.487203751840894,1983,Fly Point-Halifax Park,1
Ostorhinchus limenus,-32.71,152.16,2018,5,19,5,2,-33_152,21.402117252349854,21.891050338745117,20.990371204530405,21.487203751840894,1983,Fly Point-Halifax Park,1
Ostorhinchus limenus,-32.71,152.16,2018,5,19,7.5,1,-33_152,21.402117252349854,21.891050338745117,20.990371204530405,21.487203751840894,1983,Fly Point-Halifax Park,1
Ostorhinchus limenus,-32.72,152.14,2018,5,20,2.5,1,-33_152,21.402117252349854,21.891050338745117,20.990371204530405,21.487203751840894,NA,NA,0
Ostorhinchus limenus,-32.72,152.14,2018,5,20,5,2,-33_152,21.402117252349854,21.891050338745117,20.990371204530405,21.487203751840894,NA,NA,0
Ostorhinchus limenus,-32.72,152.14,2018,5,20,7.5,2,-33_152,21.402117252349854,21.891050338745117,20.990371204530405,21.487203751840894,NA,NA,0
Ostorhinchus limenus,-32.72,152.14,2018,5,20,2.5,13,-33_152,21.402117252349854,21.891050338745117,20.990371204530405,21.487203751840894,NA,NA,0
Ostorhinchus limenus,-32.72,152.14,2018,5,20,5,9,-33_152,21.402117252349854,21.891050338745117,20.990371204530405,21.487203751840894,NA,NA,0
Ostorhinchus limenus,-32.72,152.14,2018,5,20,7.5,3,-33_152,21.402117252349854,21.891050338745117,20.990371204530405,21.487203751840894,NA,NA,0
Ostorhinchus limenus,-32.72,152.14,2018,5,20,10,1,-33_152,21.402117252349854,21.891050338745117,20.990371204530405,21.487203751840894,NA,NA,0
Ostorhinchus limenus,-32.71,152.15,2018,5,21,12.5,1,-33_152,21.402117252349854,21.891050338745117,20.990371204530405,21.487203751840894,1983,Fly Point-Halifax Park,1
Ostorhinchus limenus,-32.71,152.15,2018,5,21,5,17,-33_152,21.402117252349854,21.891050338745117,20.990371204530405,21.487203751840894,1983,Fly Point-Halifax Park,1
Ostorhinchus limenus,-32.71,152.15,2018,5,21,10,9,-33_152,21.402117252349854,21.891050338745117,20.990371204530405,21.487203751840894,1983,Fly Point-Halifax Park,1
Ostorhinchus limenus,-32.6,152.32,2018,5,20,10,1,-33_152,21.402117252349854,21.891050338745117,20.990371204530405,21.487203751840894,NA,NA,0
Ostorhinchus limenus,-32.71,152.16,2018,5,19,7.5,8,-33_152,21.402117252349854,21.891050338745117,20.990371204530405,21.487203751840894,1983,Fly Point-Halifax Park,1
Ostorhinchus limenus,-32.71,152.16,2018,5,19,5,1,-33_152,21.402117252349854,21.891050338745117,20.990371204530405,21.487203751840894,1983,Fly Point-Halifax Park,1
Ostorhinchus limenus,-32.71,152.16,2018,5,19,7.5,3,-33_152,21.402117252349854,21.891050338745117,20.990371204530405,21.487203751840894,1983,Fly Point-Halifax Park,1
Ostorhinchus limenus,-32.71,152.16,2018,5,19,10,3,-33_152,21.402117252349854,21.891050338745117,20.990371204530405,21.487203751840894,1983,Fly Point-Halifax Park,1
Ostorhinchus limenus,-32.71,152.16,2018,5,19,12.5,1,-33_152,21.402117252349854,21.891050338745117,20.990371204530405,21.487203751840894,1983,Fly Point-Halifax Park,1
Ostorhinchus limenus,-32.71,152.16,2018,5,19,7.5,2,-33_152,21.402117252349854,21.891050338745117,20.990371204530405,21.487203751840894,1983,Fly Point-Halifax Park,1
Ostorhinchus limenus,-32.71,152.16,2018,5,19,10,2,-33_152,21.402117252349854,21.891050338745117,20.990371204530405,21.487203751840894,1983,Fly Point-Halifax Park,1
Ostorhinchus limenus,-32.71,152.16,2018,5,19,12.5,2,-33_152,21.402117252349854,21.891050338745117,20.990371204530405,21.487203751840894,1983,Fly Point-Halifax Park,1
Ostorhinchus limenus,-32.71,152.16,2018,5,19,15,1,-33_152,21.402117252349854,21.891050338745117,20.990371204530405,21.487203751840894,1983,Fly Point-Halifax Park,1
Ostorhinchus limenus,-32.62,152.33,2018,5,20,12.5,2,-33_152,21.402117252349854,21.891050338745117,20.990371204530405,21.487203751840894,2007,Port Stephens Great Lake Marine Park,1
Ostorhinchus limenus,-32.72,152.14,2018,4,29,5,2,-33_152,21.402117252349854,23.29830551147461,20.990371204530405,22.92547172440423,NA,NA,0
Ostorhinchus limenus,-32.72,152.14,2018,4,29,2.5,1,-33_152,21.402117252349854,23.29830551147461,20.990371204530405,22.92547172440423,NA,NA,0
Ostorhinchus limenus,-33.8,151.27,2018,1,4,12.5,1,-34_151,20.616589228312176,23.28801155090332,20.38137288106385,22.634515623892508,NA,NA,0
Ostorhinchus limenus,-33.8,151.27,2018,1,4,10,1,-34_151,20.616589228312176,23.28801155090332,20.38137288106385,22.634515623892508,NA,NA,0
Ostorhinchus limenus,-33.8,151.28,2018,1,4,10,4,-34_151,20.616589228312176,23.28801155090332,20.38137288106385,22.634515623892508,NA,NA,0
Ostorhinchus limenus,-33.8,151.28,2018,1,4,12.5,4,-34_151,20.616589228312176,23.28801155090332,20.38137288106385,22.634515623892508,NA,NA,0
Ostorhinchus limenus,-33.8,151.28,2018,1,4,10,2,-34_151,20.616589228312176,23.28801155090332,20.38137288106385,22.634515623892508,NA,NA,0
Ostorhinchus limenus,-33.8,151.28,2018,1,4,12.5,5,-34_151,20.616589228312176,23.28801155090332,20.38137288106385,22.634515623892508,NA,NA,0
Ostorhinchus limenus,-33.8,151.29,2018,1,10,10,7,-34_151,20.616589228312176,23.28801155090332,20.38137288106385,22.634515623892508,2002,Cabbage Tree Bay Aquatic Reserve,1
Ostorhinchus limenus,-33.8,151.29,2018,1,10,12.5,7,-34_151,20.616589228312176,23.28801155090332,20.38137288106385,22.634515623892508,2002,Cabbage Tree Bay Aquatic Reserve,1
Ostorhinchus limenus,-33.8,151.29,2018,1,10,15,7,-34_151,20.616589228312176,23.28801155090332,20.38137288106385,22.634515623892508,2002,Cabbage Tree Bay Aquatic Reserve,1
Ostorhinchus limenus,-33.8,151.3,2018,1,10,12.5,2,-34_151,20.616589228312176,23.28801155090332,20.38137288106385,22.634515623892508,2002,Cabbage Tree Bay Aquatic Reserve,1
Ostorhinchus limenus,-33.8,151.3,2018,1,10,15,3,-34_151,20.616589228312176,23.28801155090332,20.38137288106385,22.634515623892508,2002,Cabbage Tree Bay Aquatic Reserve,1
Ostorhinchus limenus,-33.8,151.3,2018,1,10,12.5,3,-34_151,20.616589228312176,23.28801155090332,20.38137288106385,22.634515623892508,2002,Cabbage Tree Bay Aquatic Reserve,1
Ostorhinchus limenus,-33.8,151.3,2018,1,10,15,2,-34_151,20.616589228312176,23.28801155090332,20.38137288106385,22.634515623892508,2002,Cabbage Tree Bay Aquatic Reserve,1
Ostorhinchus limenus,-34,151.23,2018,1,6,10,2,-34_151,20.616589228312176,23.28801155090332,20.38137288106385,22.634515623892508,NA,NA,0
Ostorhinchus limenus,-34,151.23,2018,1,6,12.5,3,-34_151,20.616589228312176,23.28801155090332,20.38137288106385,22.634515623892508,NA,NA,0
Ostorhinchus limenus,-34,151.23,2018,1,6,15,3,-34_151,20.616589228312176,23.28801155090332,20.38137288106385,22.634515623892508,NA,NA,0
Ostorhinchus limenus,-34,151.23,2018,1,6,10,1,-34_151,20.616589228312176,23.28801155090332,20.38137288106385,22.634515623892508,NA,NA,0
Ostorhinchus limenus,-34,151.23,2018,1,6,7.5,2,-34_151,20.616589228312176,23.28801155090332,20.38137288106385,22.634515623892508,NA,NA,0
Ostorhinchus limenus,-34,151.23,2018,1,6,10,13,-34_151,20.616589228312176,23.28801155090332,20.38137288106385,22.634515623892508,NA,NA,0
Ostorhinchus limenus,-33.86,151.27,2018,5,15,10,20,-34_151,20.616589228312176,21.003093719482425,20.38137288106385,19.887015758022184,NA,NA,0
Ostorhinchus limenus,-33.84,151.25,2018,5,16,7.5,10,-34_151,20.616589228312176,21.003093719482425,20.38137288106385,19.887015758022184,NA,NA,0
Ostorhinchus limenus,-33.84,151.25,2018,5,16,10,11,-34_151,20.616589228312176,21.003093719482425,20.38137288106385,19.887015758022184,NA,NA,0
Ostorhinchus limenus,-33.84,151.25,2018,5,16,5,10,-34_151,20.616589228312176,21.003093719482425,20.38137288106385,19.887015758022184,NA,NA,0
Ostorhinchus limenus,-33.84,151.25,2018,5,16,10,10,-34_151,20.616589228312176,21.003093719482425,20.38137288106385,19.887015758022184,NA,NA,0
Ostorhinchus limenus,-33.84,151.25,2018,5,16,12.5,20,-34_151,20.616589228312176,21.003093719482425,20.38137288106385,19.887015758022184,NA,NA,0
Ostorhinchus limenus,-33.84,151.25,2018,5,16,15,10,-34_151,20.616589228312176,21.003093719482425,20.38137288106385,19.887015758022184,NA,NA,0
Ostorhinchus limenus,-32.74,152.19,2018,4,7,7.5,5,-33_152,21.402117252349854,23.29830551147461,20.990371204530405,22.92547172440423,NA,NA,0
Ostorhinchus limenus,-32.74,152.19,2018,4,7,10,3,-33_152,21.402117252349854,23.29830551147461,20.990371204530405,22.92547172440423,NA,NA,0
Ostorhinchus limenus,-32.71,152.16,2018,4,8,7.5,1,-33_152,21.402117252349854,23.29830551147461,20.990371204530405,22.92547172440423,1983,Fly Point-Halifax Park,1
Ostorhinchus limenus,-32.71,152.16,2018,4,8,7.5,2,-33_152,21.402117252349854,23.29830551147461,20.990371204530405,22.92547172440423,1983,Fly Point-Halifax Park,1
Ostorhinchus limenus,-32.71,152.16,2018,4,8,10,2,-33_152,21.402117252349854,23.29830551147461,20.990371204530405,22.92547172440423,1983,Fly Point-Halifax Park,1
Ostorhinchus limenus,-32.71,152.16,2018,4,8,7.5,1,-33_152,21.402117252349854,23.29830551147461,20.990371204530405,22.92547172440423,1983,Fly Point-Halifax Park,1
Ostorhinchus limenus,-32.72,152.14,2018,3,24,2.5,4,-33_152,21.402117252349854,24.19745826721191,20.990371204530405,24.072123081453384,NA,NA,0
Ostorhinchus limenus,-32.72,152.14,2018,3,24,10,1,-33_152,21.402117252349854,24.19745826721191,20.990371204530405,24.072123081453384,NA,NA,0
Ostorhinchus limenus,-32.71,152.16,2018,2,2,7.5,2,-33_152,21.402117252349854,24.672088623046875,20.990371204530405,24.555356655802047,1983,Fly Point-Halifax Park,1
Ostorhinchus limenus,-32.71,152.16,2013,11,23,5,2,-33_152,21.45964765548706,21.278125762939453,21.34589705349317,20.697721661461724,1983,Fly Point-Halifax Park,1
Ostorhinchus limenus,-32.72,152.15,2013,12,6,5,3,-33_152,21.45964765548706,22.20094871520996,21.34589705349317,21.575214606459426,NA,NA,0
Ostorhinchus limenus,-32.69,152.22,2017,12,10,5,3,-33_152,21.88280153274536,22.803253173828125,21.674367571668547,21.337203856437437,NA,NA,0
Ostorhinchus limenus,-32.69,152.22,2017,12,10,7.5,3,-33_152,21.88280153274536,22.803253173828125,21.674367571668547,21.337203856437437,NA,NA,0
Ostorhinchus limenus,-32.69,152.22,2017,12,10,10,1,-33_152,21.88280153274536,22.803253173828125,21.674367571668547,21.337203856437437,NA,NA,0
Ostorhinchus limenus,-32.69,152.22,2017,12,10,5,5,-33_152,21.88280153274536,22.803253173828125,21.674367571668547,21.337203856437437,NA,NA,0
Ostorhinchus limenus,-32.69,152.22,2017,12,10,7.5,15,-33_152,21.88280153274536,22.803253173828125,21.674367571668547,21.337203856437437,NA,NA,0
Ostorhinchus limenus,-32.69,152.22,2017,12,10,10,10,-33_152,21.88280153274536,22.803253173828125,21.674367571668547,21.337203856437437,NA,NA,0
Ostorhinchus limenus,-32.71,152.16,2018,2,4,5,4,-33_152,21.402117252349854,24.672088623046875,20.990371204530405,24.555356655802047,1983,Fly Point-Halifax Park,1
Ostorhinchus limenus,-32.71,152.16,2018,2,4,7.5,2,-33_152,21.402117252349854,24.672088623046875,20.990371204530405,24.555356655802047,1983,Fly Point-Halifax Park,1
Ostorhinchus limenus,-32.72,152.14,2018,3,24,2.5,1,-33_152,21.402117252349854,24.19745826721191,20.990371204530405,24.072123081453384,NA,NA,0
Ostorhinchus limenus,-32.69,152.22,2018,3,30,2.5,20,-33_152,21.402117252349854,24.19745826721191,20.990371204530405,24.072123081453384,NA,NA,0
Ostorhinchus limenus,-32.69,152.22,2018,3,30,5,3,-33_152,21.402117252349854,24.19745826721191,20.990371204530405,24.072123081453384,NA,NA,0
Ostorhinchus limenus,-32.69,152.22,2018,3,30,7.5,10,-33_152,21.402117252349854,24.19745826721191,20.990371204530405,24.072123081453384,NA,NA,0
Ostorhinchus limenus,-32.69,152.22,2018,3,30,10,2,-33_152,21.402117252349854,24.19745826721191,20.990371204530405,24.072123081453384,NA,NA,0
Ostorhinchus limenus,-32.69,152.22,2018,3,30,2.5,10,-33_152,21.402117252349854,24.19745826721191,20.990371204530405,24.072123081453384,NA,NA,0
Ostorhinchus limenus,-32.69,152.22,2018,3,30,5,10,-33_152,21.402117252349854,24.19745826721191,20.990371204530405,24.072123081453384,NA,NA,0
Ostorhinchus limenus,-32.69,152.22,2018,3,30,2.5,10,-33_152,21.402117252349854,24.19745826721191,20.990371204530405,24.072123081453384,NA,NA,0
Ostorhinchus limenus,-32.69,152.22,2018,3,30,5,1,-33_152,21.402117252349854,24.19745826721191,20.990371204530405,24.072123081453384,NA,NA,0
Ostorhinchus limenus,-32.69,152.22,2018,3,30,7.5,1,-33_152,21.402117252349854,24.19745826721191,20.990371204530405,24.072123081453384,NA,NA,0
Ostorhinchus limenus,-32.69,152.22,2018,3,30,10,3,-33_152,21.402117252349854,24.19745826721191,20.990371204530405,24.072123081453384,NA,NA,0
Ostorhinchus limenus,-32.69,152.22,2018,3,30,7.5,2,-33_152,21.402117252349854,24.19745826721191,20.990371204530405,24.072123081453384,NA,NA,0
Ostorhinchus limenus,-32.69,152.22,2018,3,30,10,2,-33_152,21.402117252349854,24.19745826721191,20.990371204530405,24.072123081453384,NA,NA,0
Ostorhinchus limenus,-32.69,152.22,2018,3,30,12.5,2,-33_152,21.402117252349854,24.19745826721191,20.990371204530405,24.072123081453384,NA,NA,0
Ostorhinchus limenus,-32.71,152.16,2018,4,1,5,2,-33_152,21.402117252349854,23.29830551147461,20.990371204530405,22.92547172440423,1983,Fly Point-Halifax Park,1
Ostorhinchus limenus,-32.74,152.19,2015,5,30,5,2,-33_152,21.731586456298828,21.282039642333984,21.574384755366165,22.028655405967463,NA,NA,0
Ostorhinchus limenus,-32.74,152.19,2015,5,30,7.5,2,-33_152,21.731586456298828,21.282039642333984,21.574384755366165,22.028655405967463,NA,NA,0
Ostorhinchus limenus,-32.74,152.19,2015,5,30,7.5,3,-33_152,21.731586456298828,21.282039642333984,21.574384755366165,22.028655405967463,NA,NA,0
Ostorhinchus limenus,-32.69,152.22,2015,6,27,2.5,3,-33_152,21.731586456298828,19.728328704833984,21.574384755366165,20.657916265063815,NA,NA,0
Ostorhinchus limenus,-32.69,152.22,2015,6,27,5,10,-33_152,21.731586456298828,19.728328704833984,21.574384755366165,20.657916265063815,NA,NA,0
Ostorhinchus limenus,-32.69,152.22,2015,6,27,7.5,4,-33_152,21.731586456298828,19.728328704833984,21.574384755366165,20.657916265063815,NA,NA,0
Ostorhinchus limenus,-32.69,152.22,2015,6,27,5,21,-33_152,21.731586456298828,19.728328704833984,21.574384755366165,20.657916265063815,NA,NA,0
Ostorhinchus limenus,-32.69,152.22,2015,6,27,7.5,1,-33_152,21.731586456298828,19.728328704833984,21.574384755366165,20.657916265063815,NA,NA,0
Ostorhinchus limenus,-32.62,152.33,2015,6,28,7.5,1,-33_152,21.731586456298828,19.728328704833984,21.574384755366165,20.657916265063815,2007,Port Stephens Great Lake Marine Park,0
Ostorhinchus limenus,-32.71,152.15,2015,8,9,5,10,-33_152,21.731586456298828,18.89118194580078,21.574384755366165,19.02212321373724,1983,Fly Point-Halifax Park,1
Ostorhinchus limenus,-32.71,152.15,2015,8,9,5,25,-33_152,21.731586456298828,18.89118194580078,21.574384755366165,19.02212321373724,1983,Fly Point-Halifax Park,1
Ostorhinchus limenus,-32.71,152.15,2015,8,9,7.5,25,-33_152,21.731586456298828,18.89118194580078,21.574384755366165,19.02212321373724,1983,Fly Point-Halifax Park,1
Ostorhinchus limenus,-32.69,152.22,2016,6,18,5,3,-33_152,21.81423552831014,21.07072639465332,21.811778390656066,21.400971788830223,NA,NA,0
Ostorhinchus limenus,-32.69,152.22,2016,6,18,7.5,5,-33_152,21.81423552831014,21.07072639465332,21.811778390656066,21.400971788830223,NA,NA,0
Ostorhinchus limenus,-32.69,152.22,2016,6,18,7.5,3,-33_152,21.81423552831014,21.07072639465332,21.811778390656066,21.400971788830223,NA,NA,0
Ostorhinchus limenus,-32.71,152.16,2015,8,22,5,2,-33_152,21.731586456298828,18.89118194580078,21.574384755366165,19.02212321373724,1983,Fly Point-Halifax Park,1
Ostorhinchus limenus,-32.71,152.16,2015,8,23,5,2,-33_152,21.731586456298828,18.89118194580078,21.574384755366165,19.02212321373724,1983,Fly Point-Halifax Park,1
Ostorhinchus limenus,-32.71,152.16,2015,8,23,7.5,2,-33_152,21.731586456298828,18.89118194580078,21.574384755366165,19.02212321373724,1983,Fly Point-Halifax Park,1
Ostorhinchus limenus,-32.71,152.16,2015,8,23,10,2,-33_152,21.731586456298828,18.89118194580078,21.574384755366165,19.02212321373724,1983,Fly Point-Halifax Park,1
Ostorhinchus limenus,-32.71,152.16,2015,8,23,5,5,-33_152,21.731586456298828,18.89118194580078,21.574384755366165,19.02212321373724,1983,Fly Point-Halifax Park,1
Ostorhinchus limenus,-32.71,152.16,2015,8,23,7.5,10,-33_152,21.731586456298828,18.89118194580078,21.574384755366165,19.02212321373724,1983,Fly Point-Halifax Park,1
Ostorhinchus limenus,-34.07,151.16,2018,4,26,10,1,-34_151,20.616589228312176,22.327646255493164,20.38137288106385,22.58066619237264,NA,NA,0
Ostorhinchus limenus,-34.07,151.16,2018,4,26,12.5,1,-34_151,20.616589228312176,22.327646255493164,20.38137288106385,22.58066619237264,NA,NA,0
Ostorhinchus limenus,-34.07,151.16,2018,4,26,15,1,-34_151,20.616589228312176,22.327646255493164,20.38137288106385,22.58066619237264,NA,NA,0
Ostorhinchus limenus,-34.07,151.13,2018,4,19,10,1,-34_151,20.616589228312176,22.327646255493164,20.38137288106385,22.58066619237264,1982,Shiprock Aquatic Reserve,1
Ostorhinchus limenus,-34.07,151.13,2018,4,19,12.5,2,-34_151,20.616589228312176,22.327646255493164,20.38137288106385,22.58066619237264,1982,Shiprock Aquatic Reserve,1
Ostorhinchus limenus,-34.07,151.13,2018,4,19,15,2,-34_151,20.616589228312176,22.327646255493164,20.38137288106385,22.58066619237264,1982,Shiprock Aquatic Reserve,1
Ostorhinchus limenus,-34.07,151.13,2018,4,19,7.5,5,-34_151,20.616589228312176,22.327646255493164,20.38137288106385,22.58066619237264,1982,Shiprock Aquatic Reserve,1
Ostorhinchus limenus,-34.07,151.13,2018,4,19,10,5,-34_151,20.616589228312176,22.327646255493164,20.38137288106385,22.58066619237264,1982,Shiprock Aquatic Reserve,1
Ostorhinchus limenus,-34.07,151.13,2018,4,19,12.5,5,-34_151,20.616589228312176,22.327646255493164,20.38137288106385,22.58066619237264,1982,Shiprock Aquatic Reserve,1
Ostorhinchus limenus,-34.07,151.13,2018,4,19,15,5,-34_151,20.616589228312176,22.327646255493164,20.38137288106385,22.58066619237264,1982,Shiprock Aquatic Reserve,1
Ostorhinchus limenus,-33.84,151.28,2018,3,28,5,5,-34_151,20.616589228312176,23.609176635742188,20.38137288106385,24.080563960536832,NA,NA,0
Ostorhinchus limenus,-33.84,151.28,2018,3,28,7.5,3,-34_151,20.616589228312176,23.609176635742188,20.38137288106385,24.080563960536832,NA,NA,0
Ostorhinchus limenus,-33.84,151.28,2018,3,28,7.5,10,-34_151,20.616589228312176,23.609176635742188,20.38137288106385,24.080563960536832,NA,NA,0
Ostorhinchus limenus,-33.84,151.28,2018,3,28,10,1,-34_151,20.616589228312176,23.609176635742188,20.38137288106385,24.080563960536832,NA,NA,0
Ostorhinchus limenus,-33.84,151.28,2018,3,28,12.5,1,-34_151,20.616589228312176,23.609176635742188,20.38137288106385,24.080563960536832,NA,NA,0
Ostorhinchus limenus,-33.84,151.28,2018,3,28,15,1,-34_151,20.616589228312176,23.609176635742188,20.38137288106385,24.080563960536832,NA,NA,0
Ostorhinchus limenus,-33.84,151.28,2018,3,28,12.5,1,-34_151,20.616589228312176,23.609176635742188,20.38137288106385,24.080563960536832,NA,NA,0
Ostorhinchus limenus,-33.84,151.28,2018,3,16,12.5,1,-34_151,20.616589228312176,23.609176635742188,20.38137288106385,24.080563960536832,NA,NA,0
Ostorhinchus limenus,-33.84,151.28,2018,3,16,15,1,-34_151,20.616589228312176,23.609176635742188,20.38137288106385,24.080563960536832,NA,NA,0
Ostorhinchus limenus,-33.84,151.28,2018,3,16,12.5,15,-34_151,20.616589228312176,23.609176635742188,20.38137288106385,24.080563960536832,NA,NA,0
Ostorhinchus limenus,-33.84,151.28,2018,3,16,15,15,-34_151,20.616589228312176,23.609176635742188,20.38137288106385,24.080563960536832,NA,NA,0
Ostorhinchus limenus,-33.84,151.28,2018,3,28,7.5,2,-34_151,20.616589228312176,23.609176635742188,20.38137288106385,24.080563960536832,NA,NA,0
Ostorhinchus limenus,-33.84,151.28,2018,3,28,12.5,4,-34_151,20.616589228312176,23.609176635742188,20.38137288106385,24.080563960536832,NA,NA,0
Ostorhinchus limenus,-33.84,151.28,2018,3,28,15,4,-34_151,20.616589228312176,23.609176635742188,20.38137288106385,24.080563960536832,NA,NA,0
Ostorhinchus limenus,-33.84,151.28,2018,3,16,7.5,2,-34_151,20.616589228312176,23.609176635742188,20.38137288106385,24.080563960536832,NA,NA,0
Ostorhinchus limenus,-33.84,151.28,2018,3,16,10,2,-34_151,20.616589228312176,23.609176635742188,20.38137288106385,24.080563960536832,NA,NA,0
Ostorhinchus limenus,-33.84,151.28,2018,3,16,12.5,2,-34_151,20.616589228312176,23.609176635742188,20.38137288106385,24.080563960536832,NA,NA,0
Ostorhinchus limenus,-33.84,151.28,2018,3,16,7.5,5,-34_151,20.616589228312176,23.609176635742188,20.38137288106385,24.080563960536832,NA,NA,0
Ostorhinchus limenus,-33.84,151.28,2018,3,16,10,5,-34_151,20.616589228312176,23.609176635742188,20.38137288106385,24.080563960536832,NA,NA,0
Ostorhinchus limenus,-33.84,151.28,2018,3,16,12.5,1,-34_151,20.616589228312176,23.609176635742188,20.38137288106385,24.080563960536832,NA,NA,0
Ostorhinchus limenus,-33.83,151.26,2018,4,28,7.5,7,-34_151,20.616589228312176,22.327646255493164,20.38137288106385,22.58066619237264,NA,NA,0
Ostorhinchus limenus,-33.83,151.26,2018,4,28,10,8,-34_151,20.616589228312176,22.327646255493164,20.38137288106385,22.58066619237264,NA,NA,0
Ostorhinchus limenus,-33.83,151.26,2018,4,28,12.5,8,-34_151,20.616589228312176,22.327646255493164,20.38137288106385,22.58066619237264,NA,NA,0
Ostorhinchus limenus,-33.83,151.26,2018,4,28,15,7,-34_151,20.616589228312176,22.327646255493164,20.38137288106385,22.58066619237264,NA,NA,0
Ostorhinchus limenus,-33.83,151.26,2018,4,28,7.5,2,-34_151,20.616589228312176,22.327646255493164,20.38137288106385,22.58066619237264,NA,NA,0
Ostorhinchus limenus,-33.83,151.26,2018,4,28,10,2,-34_151,20.616589228312176,22.327646255493164,20.38137288106385,22.58066619237264,NA,NA,0
Ostorhinchus limenus,-33.99,151.23,2018,3,19,5,1,-34_151,20.616589228312176,23.609176635742188,20.38137288106385,24.080563960536832,NA,NA,0
Ostorhinchus limenus,-33.99,151.23,2018,3,19,7.5,1,-34_151,20.616589228312176,23.609176635742188,20.38137288106385,24.080563960536832,NA,NA,0
Ostorhinchus limenus,-33.99,151.23,2018,3,19,10,1,-34_151,20.616589228312176,23.609176635742188,20.38137288106385,24.080563960536832,NA,NA,0
Ostorhinchus limenus,-33.82,151.29,2018,4,7,2.5,10,-34_151,20.616589228312176,22.327646255493164,20.38137288106385,22.58066619237264,NA,NA,0
Ostorhinchus limenus,-33.82,151.29,2018,4,7,5,11,-34_151,20.616589228312176,22.327646255493164,20.38137288106385,22.58066619237264,NA,NA,0
Ostorhinchus limenus,-33.82,151.29,2018,4,7,15,1,-34_151,20.616589228312176,22.327646255493164,20.38137288106385,22.58066619237264,NA,NA,0
Ostorhinchus limenus,-33.82,151.29,2018,4,7,12.5,4,-34_151,20.616589228312176,22.327646255493164,20.38137288106385,22.58066619237264,NA,NA,0
Ostorhinchus limenus,-33.82,151.29,2018,4,7,7.5,1,-34_151,20.616589228312176,22.327646255493164,20.38137288106385,22.58066619237264,NA,NA,0
Ostorhinchus limenus,-33.81,151.31,2018,4,2,7.5,2,-34_151,20.616589228312176,22.327646255493164,20.38137288106385,22.58066619237264,NA,NA,0
Ostorhinchus limenus,-33.8,151.27,2018,4,5,12.5,4,-34_151,20.616589228312176,22.327646255493164,20.38137288106385,22.58066619237264,NA,NA,0
Ostorhinchus limenus,-33.8,151.27,2018,4,5,12.5,5,-34_151,20.616589228312176,22.327646255493164,20.38137288106385,22.58066619237264,NA,NA,0
Ostorhinchus limenus,-33.8,151.27,2018,4,5,15,3,-34_151,20.616589228312176,22.327646255493164,20.38137288106385,22.58066619237264,NA,NA,0
Ostorhinchus limenus,-33.83,151.26,2018,4,28,7.5,3,-34_151,20.616589228312176,22.327646255493164,20.38137288106385,22.58066619237264,NA,NA,0
Ostorhinchus limenus,-33.83,151.26,2018,4,28,10,1,-34_151,20.616589228312176,22.327646255493164,20.38137288106385,22.58066619237264,NA,NA,0
Ostorhinchus limenus,-33.83,151.26,2018,4,28,12.5,7,-34_151,20.616589228312176,22.327646255493164,20.38137288106385,22.58066619237264,NA,NA,0
Ostorhinchus limenus,-33.83,151.26,2018,4,28,7.5,5,-34_151,20.616589228312176,22.327646255493164,20.38137288106385,22.58066619237264,NA,NA,0
Ostorhinchus limenus,-33.83,151.26,2018,4,28,10,12,-34_151,20.616589228312176,22.327646255493164,20.38137288106385,22.58066619237264,NA,NA,0
Ostorhinchus limenus,-33.83,151.26,2018,4,28,5,4,-34_151,20.616589228312176,22.327646255493164,20.38137288106385,22.58066619237264,NA,NA,0
Ostorhinchus limenus,-33.83,151.26,2018,4,28,7.5,4,-34_151,20.616589228312176,22.327646255493164,20.38137288106385,22.58066619237264,NA,NA,0
Ostorhinchus limenus,-33.83,151.26,2018,4,28,10,1,-34_151,20.616589228312176,22.327646255493164,20.38137288106385,22.58066619237264,NA,NA,0
Ostorhinchus limenus,-33.83,151.26,2018,4,28,2.5,3,-34_151,20.616589228312176,22.327646255493164,20.38137288106385,22.58066619237264,NA,NA,0
Ostorhinchus limenus,-33.83,151.26,2018,4,28,5,10,-34_151,20.616589228312176,22.327646255493164,20.38137288106385,22.58066619237264,NA,NA,0
Ostorhinchus limenus,-33.83,151.26,2018,4,28,7.5,13,-34_151,20.616589228312176,22.327646255493164,20.38137288106385,22.58066619237264,NA,NA,0
Ostorhinchus limenus,-33.83,151.26,2018,4,28,10,19,-34_151,20.616589228312176,22.327646255493164,20.38137288106385,22.58066619237264,NA,NA,0
Ostorhinchus limenus,-33.83,151.27,2018,4,28,10,10,-34_151,20.616589228312176,22.327646255493164,20.38137288106385,22.58066619237264,NA,NA,0
Ostorhinchus limenus,-33.83,151.27,2018,4,28,12.5,1,-34_151,20.616589228312176,22.327646255493164,20.38137288106385,22.58066619237264,NA,NA,0
Ostorhinchus limenus,-33.8,151.27,2018,4,5,12.5,3,-34_151,20.616589228312176,22.327646255493164,20.38137288106385,22.58066619237264,NA,NA,0
Ostorhinchus limenus,-33.8,151.3,2018,3,10,2.5,10,-34_151,20.616589228312176,23.609176635742188,20.38137288106385,24.080563960536832,2002,Cabbage Tree Bay Aquatic Reserve,1
Ostorhinchus limenus,-33.8,151.3,2018,3,10,10,2,-34_151,20.616589228312176,23.609176635742188,20.38137288106385,24.080563960536832,2002,Cabbage Tree Bay Aquatic Reserve,1
Ostorhinchus limenus,-33.8,151.29,2018,3,27,12.5,2,-34_151,20.616589228312176,23.609176635742188,20.38137288106385,24.080563960536832,2002,Cabbage Tree Bay Aquatic Reserve,1
Ostorhinchus limenus,-33.8,151.29,2018,3,27,15,1,-34_151,20.616589228312176,23.609176635742188,20.38137288106385,24.080563960536832,2002,Cabbage Tree Bay Aquatic Reserve,1
Ostorhinchus limenus,-33.8,151.29,2018,3,27,12.5,4,-34_151,20.616589228312176,23.609176635742188,20.38137288106385,24.080563960536832,2002,Cabbage Tree Bay Aquatic Reserve,1
Ostorhinchus limenus,-33.8,151.3,2018,3,10,12.5,17,-34_151,20.616589228312176,23.609176635742188,20.38137288106385,24.080563960536832,2002,Cabbage Tree Bay Aquatic Reserve,1
Ostorhinchus limenus,-33.8,151.3,2018,3,10,15,17,-34_151,20.616589228312176,23.609176635742188,20.38137288106385,24.080563960536832,2002,Cabbage Tree Bay Aquatic Reserve,1
Ostorhinchus limenus,-33.8,151.3,2018,3,10,12.5,11,-34_151,20.616589228312176,23.609176635742188,20.38137288106385,24.080563960536832,2002,Cabbage Tree Bay Aquatic Reserve,1
Ostorhinchus limenus,-33.8,151.3,2018,3,10,15,12,-34_151,20.616589228312176,23.609176635742188,20.38137288106385,24.080563960536832,2002,Cabbage Tree Bay Aquatic Reserve,1
Ostorhinchus limenus,-33.83,151.27,2018,4,28,10,2,-34_151,20.616589228312176,22.327646255493164,20.38137288106385,22.58066619237264,NA,NA,0
Ostorhinchus limenus,-33.83,151.27,2018,4,28,12.5,2,-34_151,20.616589228312176,22.327646255493164,20.38137288106385,22.58066619237264,NA,NA,0
Ostorhinchus limenus,-33.83,151.27,2018,4,28,5,1,-34_151,20.616589228312176,22.327646255493164,20.38137288106385,22.58066619237264,NA,NA,0
Ostorhinchus limenus,-32.71,152.16,2019,8,3,10,1,-33_152,21.577637672424316,19.10185813903809,21.50456922728874,19.27037590293474,1983,Fly Point-Halifax Park,1
Ostorhinchus limenus,-33.83,151.27,2013,4,9,7.5,3,-34_151,20.80088106791178,23.188495635986328,21.054720012252293,22.840749518076574,NA,NA,0
Ostorhinchus limenus,-33.99,151.23,2009,12,10,20,1,-34_151,20.488441785176597,21.631641387939453,20.580270093114816,21.47491884231567,NA,NA,0
Ostorhinchus limenus,-32.71,152.15,2019,7,26,5,2,-33_152,21.577637672424316,19.509727478027344,21.50456922728874,20.088655420528944,1983,Fly Point-Halifax Park,1
Ostorhinchus limenus,-32.71,152.15,2019,7,26,12.5,1,-33_152,21.577637672424316,19.509727478027344,21.50456922728874,20.088655420528944,1983,Fly Point-Halifax Park,1
Ostorhinchus limenus,-32.71,152.16,2019,10,20,10,2,-33_152,21.577637672424316,19.736297607421875,21.50456922728874,19.481746812020575,1983,Fly Point-Halifax Park,1
Ostorhinchus limenus,-32.72,152.14,2018,11,25,5,1,-33_152,21.402117252349854,21.269216537475582,20.990371204530405,20.74758285946316,NA,NA,0
Ostorhinchus limenus,-32.71,152.15,2019,11,17,5,1,-33_152,21.577637672424316,20.899921417236328,21.50456922728874,20.436194043689305,1983,Fly Point-Halifax Park,1
Ostorhinchus limenus,-32.71,152.15,2019,11,17,7.5,2,-33_152,21.577637672424316,20.899921417236328,21.50456922728874,20.436194043689305,1983,Fly Point-Halifax Park,1
Ostorhinchus limenus,-32.71,152.15,2019,11,17,10,1,-33_152,21.577637672424316,20.899921417236328,21.50456922728874,20.436194043689305,1983,Fly Point-Halifax Park,1
Ostorhinchus limenus,-32.71,152.16,2019,10,19,15,1,-33_152,21.577637672424316,19.736297607421875,21.50456922728874,19.481746812020575,1983,Fly Point-Halifax Park,1
Ostorhinchus limenus,-32.71,152.16,2019,10,19,5,1,-33_152,21.577637672424316,19.736297607421875,21.50456922728874,19.481746812020575,1983,Fly Point-Halifax Park,1
Ostorhinchus limenus,-32.71,152.16,2019,10,19,7.5,1,-33_152,21.577637672424316,19.736297607421875,21.50456922728874,19.481746812020575,1983,Fly Point-Halifax Park,1
Ostorhinchus limenus,-32.71,152.16,2019,8,2,7.5,1,-33_152,21.577637672424316,19.10185813903809,21.50456922728874,19.27037590293474,1983,Fly Point-Halifax Park,1
Ostorhinchus limenus,-32.71,152.16,2019,8,2,10,1,-33_152,21.577637672424316,19.10185813903809,21.50456922728874,19.27037590293474,1983,Fly Point-Halifax Park,1
Ostorhinchus limenus,-33.8,151.3,2019,11,16,10,1,-34_151,20.84144163131714,20.113094329833984,21.110917770883944,19.948749542236328,2002,Cabbage Tree Bay Aquatic Reserve,1
Ostorhinchus limenus,-33.8,151.3,2019,11,16,7.5,1,-34_151,20.84144163131714,20.113094329833984,21.110917770883944,19.948749542236328,2002,Cabbage Tree Bay Aquatic Reserve,1
Ostorhinchus limenus,-33.8,151.3,2019,11,16,10,2,-34_151,20.84144163131714,20.113094329833984,21.110917770883944,19.948749542236328,2002,Cabbage Tree Bay Aquatic Reserve,1
Ostorhinchus limenus,-33.8,151.3,2019,11,16,12.5,1,-34_151,20.84144163131714,20.113094329833984,21.110917770883944,19.948749542236328,2002,Cabbage Tree Bay Aquatic Reserve,1
Ostorhinchus limenus,-33.8,151.3,2019,11,16,10,5,-34_151,20.84144163131714,20.113094329833984,21.110917770883944,19.948749542236328,2002,Cabbage Tree Bay Aquatic Reserve,1
Ostorhinchus limenus,-33.8,151.3,2019,11,16,12.5,3,-34_151,20.84144163131714,20.113094329833984,21.110917770883944,19.948749542236328,2002,Cabbage Tree Bay Aquatic Reserve,1
Ostorhinchus limenus,-33.8,151.3,2019,11,16,15,2,-34_151,20.84144163131714,20.113094329833984,21.110917770883944,19.948749542236328,2002,Cabbage Tree Bay Aquatic Reserve,1
Ostorhinchus limenus,-33.8,151.3,2019,11,16,12.5,4,-34_151,20.84144163131714,20.113094329833984,21.110917770883944,19.948749542236328,2002,Cabbage Tree Bay Aquatic Reserve,1
Ostorhinchus limenus,-33.8,151.3,2019,11,16,15,1,-34_151,20.84144163131714,20.113094329833984,21.110917770883944,19.948749542236328,2002,Cabbage Tree Bay Aquatic Reserve,1
Ostorhinchus limenus,-33.84,151.25,2019,11,23,7.5,10,-34_151,20.84144163131714,20.113094329833984,21.110917770883944,19.948749542236328,NA,NA,0
Ostorhinchus limenus,-33.84,151.25,2019,11,23,10,25,-34_151,20.84144163131714,20.113094329833984,21.110917770883944,19.948749542236328,NA,NA,0
Ostorhinchus limenus,-33.84,151.25,2019,11,23,12.5,10,-34_151,20.84144163131714,20.113094329833984,21.110917770883944,19.948749542236328,NA,NA,0
Ostorhinchus limenus,-33.84,151.25,2019,11,23,10,50,-34_151,20.84144163131714,20.113094329833984,21.110917770883944,19.948749542236328,NA,NA,0
Ostorhinchus limenus,-33.84,151.25,2019,11,23,12.5,20,-34_151,20.84144163131714,20.113094329833984,21.110917770883944,19.948749542236328,NA,NA,0
Ostorhinchus limenus,-33.8,151.28,2020,1,4,10,6,-34_151,20.47879107793172,23.338397979736328,20.320949783510542,22.70733819469329,NA,NA,0
Ostorhinchus limenus,-33.8,151.28,2020,1,4,12.5,6,-34_151,20.47879107793172,23.338397979736328,20.320949783510542,22.70733819469329,NA,NA,0
Ostorhinchus limenus,-33.84,151.28,2020,1,11,10,2,-34_151,20.47879107793172,23.338397979736328,20.320949783510542,22.70733819469329,NA,NA,0
Ostorhinchus limenus,-33.84,151.28,2020,1,11,12.5,2,-34_151,20.47879107793172,23.338397979736328,20.320949783510542,22.70733819469329,NA,NA,0
Ostorhinchus limenus,-33.84,151.28,2020,1,11,15,1,-34_151,20.47879107793172,23.338397979736328,20.320949783510542,22.70733819469329,NA,NA,0
Ostorhinchus limenus,-33.84,151.28,2020,1,11,10,20,-34_151,20.47879107793172,23.338397979736328,20.320949783510542,22.70733819469329,NA,NA,0
Ostorhinchus limenus,-33.84,151.28,2020,1,11,12.5,20,-34_151,20.47879107793172,23.338397979736328,20.320949783510542,22.70733819469329,NA,NA,0
Ostorhinchus limenus,-33.84,151.28,2020,1,11,15,10,-34_151,20.47879107793172,23.338397979736328,20.320949783510542,22.70733819469329,NA,NA,0
Ostorhinchus limenus,-33.84,151.28,2020,1,11,10,6,-34_151,20.47879107793172,23.338397979736328,20.320949783510542,22.70733819469329,NA,NA,0
Ostorhinchus limenus,-33.84,151.28,2020,1,11,12.5,6,-34_151,20.47879107793172,23.338397979736328,20.320949783510542,22.70733819469329,NA,NA,0
Ostorhinchus limenus,-33.84,151.28,2020,1,11,5,10,-34_151,20.47879107793172,23.338397979736328,20.320949783510542,22.70733819469329,NA,NA,0
Ostorhinchus limenus,-33.84,151.28,2020,1,11,7.5,10,-34_151,20.47879107793172,23.338397979736328,20.320949783510542,22.70733819469329,NA,NA,0
Ostorhinchus limenus,-33.84,151.28,2020,1,25,12.5,2,-34_151,20.47879107793172,23.338397979736328,20.320949783510542,22.70733819469329,NA,NA,0
Ostorhinchus limenus,-33.84,151.28,2020,1,25,10,4,-34_151,20.47879107793172,23.338397979736328,20.320949783510542,22.70733819469329,NA,NA,0
Ostorhinchus limenus,-33.84,151.28,2020,1,25,12.5,4,-34_151,20.47879107793172,23.338397979736328,20.320949783510542,22.70733819469329,NA,NA,0
Ostorhinchus limenus,-33.84,151.28,2020,1,25,15,4,-34_151,20.47879107793172,23.338397979736328,20.320949783510542,22.70733819469329,NA,NA,0
Ostorhinchus limenus,-33.85,151.26,2020,2,1,10,5,-34_151,20.47879107793172,23.545684814453125,20.320949783510542,23.131033930285223,NA,NA,0
Ostorhinchus limenus,-33.85,151.26,2020,2,1,12.5,5,-34_151,20.47879107793172,23.545684814453125,20.320949783510542,23.131033930285223,NA,NA,0
Ostorhinchus limenus,-33.85,151.27,2020,2,1,2.5,10,-34_151,20.47879107793172,23.545684814453125,20.320949783510542,23.131033930285223,NA,NA,0
Ostorhinchus limenus,-33.85,151.27,2020,2,1,10,1,-34_151,20.47879107793172,23.545684814453125,20.320949783510542,23.131033930285223,NA,NA,0
Ostorhinchus limenus,-33.85,151.27,2020,2,1,12.5,1,-34_151,20.47879107793172,23.545684814453125,20.320949783510542,23.131033930285223,NA,NA,0
Ostorhinchus limenus,-33.85,151.26,2020,2,1,10,5,-34_151,20.47879107793172,23.545684814453125,20.320949783510542,23.131033930285223,NA,NA,0
Ostorhinchus limenus,-33.85,151.26,2020,2,1,12.5,12,-34_151,20.47879107793172,23.545684814453125,20.320949783510542,23.131033930285223,NA,NA,0
Ostorhinchus limenus,-33.85,151.26,2020,2,1,15,5,-34_151,20.47879107793172,23.545684814453125,20.320949783510542,23.131033930285223,NA,NA,0
Ostorhinchus limenus,-33.85,151.26,2020,2,1,12.5,5,-34_151,20.47879107793172,23.545684814453125,20.320949783510542,23.131033930285223,NA,NA,0
Ostorhinchus limenus,-33.84,151.28,2020,1,25,7.5,10,-34_151,20.47879107793172,23.338397979736328,20.320949783510542,22.70733819469329,NA,NA,0
Ostorhinchus limenus,-33.84,151.28,2020,1,25,10,10,-34_151,20.47879107793172,23.338397979736328,20.320949783510542,22.70733819469329,NA,NA,0
Ostorhinchus limenus,-33.84,151.28,2020,1,25,10,20,-34_151,20.47879107793172,23.338397979736328,20.320949783510542,22.70733819469329,NA,NA,0
Ostorhinchus limenus,-33.84,151.28,2020,1,25,12.5,30,-34_151,20.47879107793172,23.338397979736328,20.320949783510542,22.70733819469329,NA,NA,0
Ostorhinchus limenus,-33.84,151.28,2020,1,25,10,3,-34_151,20.47879107793172,23.338397979736328,20.320949783510542,22.70733819469329,NA,NA,0
Ostorhinchus limenus,-33.84,151.28,2020,1,25,12.5,14,-34_151,20.47879107793172,23.338397979736328,20.320949783510542,22.70733819469329,NA,NA,0
Ostorhinchus limenus,-33.84,151.28,2020,1,25,15,4,-34_151,20.47879107793172,23.338397979736328,20.320949783510542,22.70733819469329,NA,NA,0
Ostorhinchus limenus,-33.84,151.28,2020,1,25,10,4,-34_151,20.47879107793172,23.338397979736328,20.320949783510542,22.70733819469329,NA,NA,0
Ostorhinchus limenus,-33.84,151.28,2020,1,25,12.5,10,-34_151,20.47879107793172,23.338397979736328,20.320949783510542,22.70733819469329,NA,NA,0
Ostorhinchus limenus,-33.84,151.28,2020,1,11,2.5,30,-34_151,20.47879107793172,23.338397979736328,20.320949783510542,22.70733819469329,NA,NA,0
Ostorhinchus limenus,-33.84,151.28,2020,1,11,5,30,-34_151,20.47879107793172,23.338397979736328,20.320949783510542,22.70733819469329,NA,NA,0
Ostorhinchus limenus,-33.84,151.28,2020,1,11,7.5,30,-34_151,20.47879107793172,23.338397979736328,20.320949783510542,22.70733819469329,NA,NA,0
Ostorhinchus limenus,-33.84,151.28,2020,1,11,2.5,10,-34_151,20.47879107793172,23.338397979736328,20.320949783510542,22.70733819469329,NA,NA,0
Ostorhinchus limenus,-33.84,151.28,2020,1,11,5,11,-34_151,20.47879107793172,23.338397979736328,20.320949783510542,22.70733819469329,NA,NA,0
Ostorhinchus limenus,-33.84,151.28,2020,1,11,7.5,11,-34_151,20.47879107793172,23.338397979736328,20.320949783510542,22.70733819469329,NA,NA,0
Ostorhinchus limenus,-33.8,151.27,2020,1,4,10,10,-34_151,20.47879107793172,23.338397979736328,20.320949783510542,22.70733819469329,NA,NA,0
Ostorhinchus limenus,-33.8,151.27,2020,1,4,12.5,10,-34_151,20.47879107793172,23.338397979736328,20.320949783510542,22.70733819469329,NA,NA,0
Ostorhinchus limenus,-33.8,151.27,2020,1,4,15,4,-34_151,20.47879107793172,23.338397979736328,20.320949783510542,22.70733819469329,NA,NA,0
Ostorhinchus limenus,-33.8,151.28,2020,1,4,10,2,-34_151,20.47879107793172,23.338397979736328,20.320949783510542,22.70733819469329,NA,NA,0
Ostorhinchus limenus,-33.8,151.28,2020,1,4,12.5,10,-34_151,20.47879107793172,23.338397979736328,20.320949783510542,22.70733819469329,NA,NA,0
Ostorhinchus limenus,-33.8,151.28,2020,1,4,15,10,-34_151,20.47879107793172,23.338397979736328,20.320949783510542,22.70733819469329,NA,NA,0
Ostorhinchus limenus,-33.8,151.28,2020,1,4,12.5,20,-34_151,20.47879107793172,23.338397979736328,20.320949783510542,22.70733819469329,NA,NA,0
Ostorhinchus limenus,-33.8,151.28,2020,1,4,15,15,-34_151,20.47879107793172,23.338397979736328,20.320949783510542,22.70733819469329,NA,NA,0
Ostorhinchus limenus,-33.8,151.3,2019,11,16,12.5,2,-34_151,20.84144163131714,20.113094329833984,21.110917770883944,19.948749542236328,2002,Cabbage Tree Bay Aquatic Reserve,1
Ostorhinchus limenus,-33.8,151.29,2019,2,14,12.5,5,-34_151,20.84144163131714,23.90707015991211,21.110917770883944,24.19624936580658,2002,Cabbage Tree Bay Aquatic Reserve,1
Ostorhinchus limenus,-33.8,151.29,2019,2,14,10,5,-34_151,20.84144163131714,23.90707015991211,21.110917770883944,24.19624936580658,2002,Cabbage Tree Bay Aquatic Reserve,1
Ostorhinchus limenus,-33.8,151.29,2019,2,14,12.5,1,-34_151,20.84144163131714,23.90707015991211,21.110917770883944,24.19624936580658,2002,Cabbage Tree Bay Aquatic Reserve,1
Ostorhinchus limenus,-33.8,151.27,2019,2,14,12.5,5,-34_151,20.84144163131714,23.90707015991211,21.110917770883944,24.19624936580658,NA,NA,0
Ostorhinchus limenus,-33.8,151.27,2019,2,14,15,3,-34_151,20.84144163131714,23.90707015991211,21.110917770883944,24.19624936580658,NA,NA,0
Ostorhinchus limenus,-33.8,151.27,2019,2,14,10,10,-34_151,20.84144163131714,23.90707015991211,21.110917770883944,24.19624936580658,NA,NA,0
Ostorhinchus limenus,-33.99,151.23,2019,2,3,10,1,-34_151,20.84144163131714,23.90707015991211,21.110917770883944,24.19624936580658,NA,NA,0
Ostorhinchus limenus,-33.99,151.23,2019,2,3,7.5,2,-34_151,20.84144163131714,23.90707015991211,21.110917770883944,24.19624936580658,NA,NA,0
Ostorhinchus limenus,-33.99,151.23,2019,2,23,12.5,2,-34_151,20.84144163131714,23.90707015991211,21.110917770883944,24.19624936580658,NA,NA,0
Ostorhinchus limenus,-33.99,151.23,2019,2,23,15,1,-34_151,20.84144163131714,23.90707015991211,21.110917770883944,24.19624936580658,NA,NA,0
Ostorhinchus limenus,-33.99,151.23,2019,2,23,12.5,3,-34_151,20.84144163131714,23.90707015991211,21.110917770883944,24.19624936580658,NA,NA,0
Ostorhinchus limenus,-33.99,151.23,2019,2,23,15,2,-34_151,20.84144163131714,23.90707015991211,21.110917770883944,24.19624936580658,NA,NA,0
Ostorhinchus limenus,-33.8,151.3,2019,2,8,7.5,20,-34_151,20.84144163131714,23.90707015991211,21.110917770883944,24.19624936580658,2002,Cabbage Tree Bay Aquatic Reserve,1
Ostorhinchus limenus,-33.8,151.3,2019,2,8,10,2,-34_151,20.84144163131714,23.90707015991211,21.110917770883944,24.19624936580658,2002,Cabbage Tree Bay Aquatic Reserve,1
Ostorhinchus limenus,-33.8,151.3,2019,2,8,10,16,-34_151,20.84144163131714,23.90707015991211,21.110917770883944,24.19624936580658,2002,Cabbage Tree Bay Aquatic Reserve,1
Ostorhinchus limenus,-33.8,151.3,2019,2,8,12.5,16,-34_151,20.84144163131714,23.90707015991211,21.110917770883944,24.19624936580658,2002,Cabbage Tree Bay Aquatic Reserve,1
Ostorhinchus limenus,-33.8,151.3,2019,2,8,15,4,-34_151,20.84144163131714,23.90707015991211,21.110917770883944,24.19624936580658,2002,Cabbage Tree Bay Aquatic Reserve,1
Ostorhinchus limenus,-33.8,151.3,2019,2,8,7.5,2,-34_151,20.84144163131714,23.90707015991211,21.110917770883944,24.19624936580658,2002,Cabbage Tree Bay Aquatic Reserve,1
Ostorhinchus limenus,-33.8,151.3,2019,2,8,10,10,-34_151,20.84144163131714,23.90707015991211,21.110917770883944,24.19624936580658,2002,Cabbage Tree Bay Aquatic Reserve,1
Ostorhinchus limenus,-33.8,151.3,2019,2,8,12.5,1,-34_151,20.84144163131714,23.90707015991211,21.110917770883944,24.19624936580658,2002,Cabbage Tree Bay Aquatic Reserve,1
Ostorhinchus limenus,-34,151.23,2019,2,10,10,1,-34_151,20.84144163131714,23.90707015991211,21.110917770883944,24.19624936580658,NA,NA,0
Ostorhinchus limenus,-34,151.23,2019,2,10,12.5,1,-34_151,20.84144163131714,23.90707015991211,21.110917770883944,24.19624936580658,NA,NA,0
Ostorhinchus limenus,-34,151.23,2019,2,10,12.5,4,-34_151,20.84144163131714,23.90707015991211,21.110917770883944,24.19624936580658,NA,NA,0
Ostorhinchus limenus,-34,151.23,2019,2,10,10,2,-34_151,20.84144163131714,23.90707015991211,21.110917770883944,24.19624936580658,NA,NA,0
Ostorhinchus limenus,-33.84,151.25,2019,1,3,10,10,-34_151,20.84144163131714,23.843503952026367,21.110917770883944,22.60951562081614,NA,NA,0
Ostorhinchus limenus,-33.84,151.25,2019,1,3,12.5,10,-34_151,20.84144163131714,23.843503952026367,21.110917770883944,22.60951562081614,NA,NA,0
Ostorhinchus limenus,-33.84,151.25,2019,1,3,10,20,-34_151,20.84144163131714,23.843503952026367,21.110917770883944,22.60951562081614,NA,NA,0
Ostorhinchus limenus,-33.84,151.25,2019,1,3,12.5,20,-34_151,20.84144163131714,23.843503952026367,21.110917770883944,22.60951562081614,NA,NA,0
Ostorhinchus limenus,-33.8,151.29,2019,2,5,12.5,4,-34_151,20.84144163131714,23.90707015991211,21.110917770883944,24.19624936580658,2002,Cabbage Tree Bay Aquatic Reserve,1
Ostorhinchus limenus,-33.8,151.29,2019,2,5,15,3,-34_151,20.84144163131714,23.90707015991211,21.110917770883944,24.19624936580658,2002,Cabbage Tree Bay Aquatic Reserve,1
Ostorhinchus limenus,-33.8,151.29,2019,2,5,12.5,5,-34_151,20.84144163131714,23.90707015991211,21.110917770883944,24.19624936580658,2002,Cabbage Tree Bay Aquatic Reserve,1
Ostorhinchus limenus,-33.8,151.29,2019,2,5,15,4,-34_151,20.84144163131714,23.90707015991211,21.110917770883944,24.19624936580658,2002,Cabbage Tree Bay Aquatic Reserve,1
Ostorhinchus limenus,-33.8,151.3,2019,2,8,12.5,10,-34_151,20.84144163131714,23.90707015991211,21.110917770883944,24.19624936580658,2002,Cabbage Tree Bay Aquatic Reserve,1
Ostorhinchus limenus,-33.8,151.3,2019,2,8,15,10,-34_151,20.84144163131714,23.90707015991211,21.110917770883944,24.19624936580658,2002,Cabbage Tree Bay Aquatic Reserve,1
Ostorhinchus limenus,-33.8,151.3,2019,2,8,12.5,12,-34_151,20.84144163131714,23.90707015991211,21.110917770883944,24.19624936580658,2002,Cabbage Tree Bay Aquatic Reserve,1
Ostorhinchus limenus,-33.8,151.3,2019,2,8,15,12,-34_151,20.84144163131714,23.90707015991211,21.110917770883944,24.19624936580658,2002,Cabbage Tree Bay Aquatic Reserve,1
Ostorhinchus limenus,-33.8,151.3,2019,2,8,12.5,5,-34_151,20.84144163131714,23.90707015991211,21.110917770883944,24.19624936580658,2002,Cabbage Tree Bay Aquatic Reserve,1
Ostorhinchus limenus,-33.8,151.3,2019,2,8,15,5,-34_151,20.84144163131714,23.90707015991211,21.110917770883944,24.19624936580658,2002,Cabbage Tree Bay Aquatic Reserve,1
Ostorhinchus limenus,-34,151.23,2019,2,10,12.5,1,-34_151,20.84144163131714,23.90707015991211,21.110917770883944,24.19624936580658,NA,NA,0
Ostorhinchus limenus,-34,151.23,2019,2,10,12.5,2,-34_151,20.84144163131714,23.90707015991211,21.110917770883944,24.19624936580658,NA,NA,0
Ostorhinchus limenus,-33.8,151.29,2019,2,14,12.5,1,-34_151,20.84144163131714,23.90707015991211,21.110917770883944,24.19624936580658,2002,Cabbage Tree Bay Aquatic Reserve,1
Ostorhinchus limenus,-33.8,151.27,2019,2,14,12.5,2,-34_151,20.84144163131714,23.90707015991211,21.110917770883944,24.19624936580658,NA,NA,0
Ostorhinchus limenus,-33.8,151.27,2019,2,14,15,2,-34_151,20.84144163131714,23.90707015991211,21.110917770883944,24.19624936580658,NA,NA,0
Ostorhinchus limenus,-33.99,151.23,2019,2,23,12.5,2,-34_151,20.84144163131714,23.90707015991211,21.110917770883944,24.19624936580658,NA,NA,0
Ostorhinchus limenus,-33.99,151.23,2019,2,23,12.5,1,-34_151,20.84144163131714,23.90707015991211,21.110917770883944,24.19624936580658,NA,NA,0
Ostorhinchus limenus,-33.99,151.23,2019,2,23,15,1,-34_151,20.84144163131714,23.90707015991211,21.110917770883944,24.19624936580658,NA,NA,0
Ostorhinchus limenus,-33.99,151.23,2019,2,23,10,2,-34_151,20.84144163131714,23.90707015991211,21.110917770883944,24.19624936580658,NA,NA,0
Ostorhinchus limenus,-33.99,151.23,2019,2,23,12.5,1,-34_151,20.84144163131714,23.90707015991211,21.110917770883944,24.19624936580658,NA,NA,0
Ostorhinchus limenus,-32.71,152.16,2019,8,3,10,2,-33_152,21.577637672424316,19.10185813903809,21.50456922728874,19.27037590293474,1983,Fly Point-Halifax Park,1
Ostorhinchus limenus,-32.72,152.14,2019,7,19,15,1,-33_152,21.577637672424316,19.509727478027344,21.50456922728874,20.088655420528944,NA,NA,0
Ostorhinchus limenus,-32.71,152.16,2021,2,27,5,1,-33_152,21.3498477935791,24.277095794677734,21.406593004298873,23.52330304327465,1983,Fly Point-Halifax Park,1
Ostorhinchus limenus,-32.71,152.16,2021,3,28,10,1,-33_152,21.3498477935791,23.353351593017575,21.406593004298873,24.8588166903424,1983,Fly Point-Halifax Park,1
Ostorhinchus limenus,-32.71,152.16,2021,5,13,2.5,20,-33_152,21.3498477935791,21.43103790283203,21.406593004298873,21.3688705044408,1983,Fly Point-Halifax Park,1
Ostorhinchus limenus,-32.71,152.16,2021,5,13,5,5,-33_152,21.3498477935791,21.43103790283203,21.406593004298873,21.3688705044408,1983,Fly Point-Halifax Park,1
Ostorhinchus limenus,-32.71,152.16,2021,5,13,7.5,5,-33_152,21.3498477935791,21.43103790283203,21.406593004298873,21.3688705044408,1983,Fly Point-Halifax Park,1
Ostorhinchus limenus,-32.71,152.16,2021,5,13,10,8,-33_152,21.3498477935791,21.43103790283203,21.406593004298873,21.3688705044408,1983,Fly Point-Halifax Park,1
Ostorhinchus limenus,-32.71,152.16,2021,5,13,12.5,7,-33_152,21.3498477935791,21.43103790283203,21.406593004298873,21.3688705044408,1983,Fly Point-Halifax Park,1
Ostorhinchus limenus,-32.71,152.16,2021,5,13,10,5,-33_152,21.3498477935791,21.43103790283203,21.406593004298873,21.3688705044408,1983,Fly Point-Halifax Park,1
Ostorhinchus limenus,-32.71,152.15,2021,5,14,7.5,2,-33_152,21.3498477935791,21.43103790283203,21.406593004298873,21.3688705044408,1983,Fly Point-Halifax Park,1
Ostorhinchus limenus,-32.71,152.15,2021,5,14,10,4,-33_152,21.3498477935791,21.43103790283203,21.406593004298873,21.3688705044408,1983,Fly Point-Halifax Park,1
Ostorhinchus limenus,-32.71,152.15,2021,5,14,12.5,2,-33_152,21.3498477935791,21.43103790283203,21.406593004298873,21.3688705044408,1983,Fly Point-Halifax Park,1
Ostorhinchus limenus,-32.71,152.15,2021,5,14,7.5,5,-33_152,21.3498477935791,21.43103790283203,21.406593004298873,21.3688705044408,1983,Fly Point-Halifax Park,1
Ostorhinchus limenus,-32.71,152.15,2021,5,14,10,5,-33_152,21.3498477935791,21.43103790283203,21.406593004298873,21.3688705044408,1983,Fly Point-Halifax Park,1
Ostorhinchus limenus,-32.71,152.15,2021,5,14,5,4,-33_152,21.3498477935791,21.43103790283203,21.406593004298873,21.3688705044408,1983,Fly Point-Halifax Park,1
Ostorhinchus limenus,-32.71,152.15,2021,5,14,7.5,3,-33_152,21.3498477935791,21.43103790283203,21.406593004298873,21.3688705044408,1983,Fly Point-Halifax Park,1
Ostorhinchus limenus,-32.71,152.15,2021,5,14,10,1,-33_152,21.3498477935791,21.43103790283203,21.406593004298873,21.3688705044408,1983,Fly Point-Halifax Park,1
Ostorhinchus limenus,-32.71,152.16,2021,5,15,10,1,-33_152,21.3498477935791,21.43103790283203,21.406593004298873,21.3688705044408,1983,Fly Point-Halifax Park,1
Ostorhinchus limenus,-32.71,152.16,2021,5,15,5,10,-33_152,21.3498477935791,21.43103790283203,21.406593004298873,21.3688705044408,1983,Fly Point-Halifax Park,1
Ostorhinchus limenus,-32.71,152.16,2021,5,16,5,4,-33_152,21.3498477935791,21.43103790283203,21.406593004298873,21.3688705044408,1983,Fly Point-Halifax Park,1
Ostorhinchus limenus,-32.71,152.16,2021,5,16,7.5,4,-33_152,21.3498477935791,21.43103790283203,21.406593004298873,21.3688705044408,1983,Fly Point-Halifax Park,1
Ostorhinchus limenus,-32.71,152.16,2021,5,16,10,4,-33_152,21.3498477935791,21.43103790283203,21.406593004298873,21.3688705044408,1983,Fly Point-Halifax Park,1
Ostorhinchus limenus,-32.71,152.16,2021,5,16,15,1,-33_152,21.3498477935791,21.43103790283203,21.406593004298873,21.3688705044408,1983,Fly Point-Halifax Park,1
Ostorhinchus limenus,-32.72,152.15,2021,5,14,12.5,1,-33_152,21.3498477935791,21.43103790283203,21.406593004298873,21.3688705044408,NA,NA,0
Ostorhinchus limenus,-32.72,152.15,2021,5,14,7.5,1,-33_152,21.3498477935791,21.43103790283203,21.406593004298873,21.3688705044408,NA,NA,0
Ostorhinchus limenus,-32.71,152.15,2021,5,15,5,10,-33_152,21.3498477935791,21.43103790283203,21.406593004298873,21.3688705044408,1983,Fly Point-Halifax Park,1
Ostorhinchus limenus,-32.71,152.15,2021,5,15,7.5,19,-33_152,21.3498477935791,21.43103790283203,21.406593004298873,21.3688705044408,1983,Fly Point-Halifax Park,1
Ostorhinchus limenus,-32.71,152.15,2021,5,15,10,1,-33_152,21.3498477935791,21.43103790283203,21.406593004298873,21.3688705044408,1983,Fly Point-Halifax Park,1
Ostorhinchus limenus,-32.72,152.14,2021,5,16,2.5,10,-33_152,21.3498477935791,21.43103790283203,21.406593004298873,21.3688705044408,NA,NA,0
Ostorhinchus limenus,-32.71,152.16,2021,5,16,5,3,-33_152,21.3498477935791,21.43103790283203,21.406593004298873,21.3688705044408,1983,Fly Point-Halifax Park,1
Ostorhinchus limenus,-32.72,152.15,2021,5,14,5,1,-33_152,21.3498477935791,21.43103790283203,21.406593004298873,21.3688705044408,NA,NA,0
Ostorhinchus limenus,-32.71,152.15,2021,5,15,5,10,-33_152,21.3498477935791,21.43103790283203,21.406593004298873,21.3688705044408,1983,Fly Point-Halifax Park,1
Ostorhinchus limenus,-32.71,152.15,2021,5,15,7.5,2,-33_152,21.3498477935791,21.43103790283203,21.406593004298873,21.3688705044408,1983,Fly Point-Halifax Park,1
Ostorhinchus limenus,-33.99,151.23,2020,11,28,12.5,1,-34_151,20.47879107793172,19.730010986328125,20.320949783510542,20.015332873662313,NA,NA,0
Ostorhinchus limenus,-34,151.23,2020,12,19,5,2,-34_151,20.47879107793172,21.796039581298828,20.320949783510542,21.38145117605886,NA,NA,0
Ostorhinchus limenus,-34,151.23,2020,12,19,7.5,3,-34_151,20.47879107793172,21.796039581298828,20.320949783510542,21.38145117605886,NA,NA,0
Ostorhinchus limenus,-34,151.23,2020,12,19,10,3,-34_151,20.47879107793172,21.796039581298828,20.320949783510542,21.38145117605886,NA,NA,0
Ostorhinchus limenus,-34,151.23,2020,12,19,12.5,1,-34_151,20.47879107793172,21.796039581298828,20.320949783510542,21.38145117605886,NA,NA,0
Ostorhinchus limenus,-34,151.23,2020,12,19,5,3,-34_151,20.47879107793172,21.796039581298828,20.320949783510542,21.38145117605886,NA,NA,0
Ostorhinchus limenus,-34,151.23,2020,12,19,12.5,3,-34_151,20.47879107793172,21.796039581298828,20.320949783510542,21.38145117605886,NA,NA,0
Ostorhinchus limenus,-33.99,151.23,2021,2,6,10,1,-34_151,20.64797862370809,23.614347457885746,20.950210547590647,22.818303057125636,NA,NA,0
Ostorhinchus limenus,-33.99,151.23,2021,2,6,12.5,2,-34_151,20.64797862370809,23.614347457885746,20.950210547590647,22.818303057125636,NA,NA,0
Ostorhinchus limenus,-33.99,151.23,2021,2,6,10,2,-34_151,20.64797862370809,23.614347457885746,20.950210547590647,22.818303057125636,NA,NA,0
Ostorhinchus limenus,-33.84,151.28,2021,3,7,10,4,-34_151,20.64797862370809,22.626602172851563,20.950210547590647,24.65338659286499,NA,NA,0
Ostorhinchus limenus,-33.84,151.28,2021,3,7,12.5,4,-34_151,20.64797862370809,22.626602172851563,20.950210547590647,24.65338659286499,NA,NA,0
Ostorhinchus limenus,-33.84,151.28,2021,3,7,15,4,-34_151,20.64797862370809,22.626602172851563,20.950210547590647,24.65338659286499,NA,NA,0
Ostorhinchus limenus,-33.84,151.28,2021,3,7,10,8,-34_151,20.64797862370809,22.626602172851563,20.950210547590647,24.65338659286499,NA,NA,0
Ostorhinchus limenus,-33.84,151.28,2021,3,7,12.5,8,-34_151,20.64797862370809,22.626602172851563,20.950210547590647,24.65338659286499,NA,NA,0
Ostorhinchus limenus,-33.84,151.28,2021,3,7,15,8,-34_151,20.64797862370809,22.626602172851563,20.950210547590647,24.65338659286499,NA,NA,0
Ostorhinchus limenus,-33.84,151.28,2021,3,7,2.5,1,-34_151,20.64797862370809,22.626602172851563,20.950210547590647,24.65338659286499,NA,NA,0
Ostorhinchus limenus,-33.84,151.28,2021,3,7,10,1,-34_151,20.64797862370809,22.626602172851563,20.950210547590647,24.65338659286499,NA,NA,0
Ostorhinchus limenus,-33.84,151.28,2021,3,7,12.5,1,-34_151,20.64797862370809,22.626602172851563,20.950210547590647,24.65338659286499,NA,NA,0
Ostorhinchus limenus,-33.81,151.27,2021,4,5,12.5,2,-34_151,20.64797862370809,22.47407341003418,20.950210547590647,22.6909161567688,NA,NA,0
Ostorhinchus limenus,-33.83,151.26,2021,4,5,5,10,-34_151,20.64797862370809,22.47407341003418,20.950210547590647,22.6909161567688,NA,NA,0
Ostorhinchus limenus,-33.83,151.26,2021,4,5,10,1,-34_151,20.64797862370809,22.47407341003418,20.950210547590647,22.6909161567688,NA,NA,0
Ostorhinchus limenus,-33.83,151.26,2021,4,5,12.5,2,-34_151,20.64797862370809,22.47407341003418,20.950210547590647,22.6909161567688,NA,NA,0
Ostorhinchus limenus,-33.83,151.26,2021,4,5,10,10,-34_151,20.64797862370809,22.47407341003418,20.950210547590647,22.6909161567688,NA,NA,0
Ostorhinchus limenus,-34,151.23,2020,12,19,10,2,-34_151,20.47879107793172,21.796039581298828,20.320949783510542,21.38145117605886,NA,NA,0
Ostorhinchus limenus,-34,151.23,2020,12,19,10,3,-34_151,20.47879107793172,21.796039581298828,20.320949783510542,21.38145117605886,NA,NA,0
Ostorhinchus limenus,-33.82,151.29,2021,3,13,10,2,-34_151,20.64797862370809,22.626602172851563,20.950210547590647,24.65338659286499,NA,NA,0
Ostorhinchus limenus,-33.82,151.29,2021,3,13,12.5,2,-34_151,20.64797862370809,22.626602172851563,20.950210547590647,24.65338659286499,NA,NA,0
Ostorhinchus limenus,-33.81,151.31,2021,4,3,10,1,-34_151,20.64797862370809,22.47407341003418,20.950210547590647,22.6909161567688,NA,NA,0
Ostorhinchus limenus,-33.81,151.31,2021,4,3,10,1,-34_151,20.64797862370809,22.47407341003418,20.950210547590647,22.6909161567688,NA,NA,0
Ostorhinchus limenus,-33.81,151.27,2021,4,5,12.5,4,-34_151,20.64797862370809,22.47407341003418,20.950210547590647,22.6909161567688,NA,NA,0
Ostorhinchus limenus,-33.81,151.27,2021,4,5,15,3,-34_151,20.64797862370809,22.47407341003418,20.950210547590647,22.6909161567688,NA,NA,0
Ostorhinchus limenus,-33.83,151.27,2021,4,5,10,5,-34_151,20.64797862370809,22.47407341003418,20.950210547590647,22.6909161567688,NA,NA,0
Ostorhinchus limenus,-33.83,151.27,2021,4,5,10,1,-34_151,20.64797862370809,22.47407341003418,20.950210547590647,22.6909161567688,NA,NA,0
Ostorhinchus limenus,-33.83,151.27,2021,4,5,10,3,-34_151,20.64797862370809,22.47407341003418,20.950210547590647,22.6909161567688,NA,NA,0
Ostorhinchus limenus,-33.83,151.27,2021,4,5,12.5,3,-34_151,20.64797862370809,22.47407341003418,20.950210547590647,22.6909161567688,NA,NA,0
Ostorhinchus limenus,-33.83,151.27,2021,4,5,15,1,-34_151,20.64797862370809,22.47407341003418,20.950210547590647,22.6909161567688,NA,NA,0
Ostorhinchus limenus,-33.83,151.27,2021,4,5,7.5,4,-34_151,20.64797862370809,22.47407341003418,20.950210547590647,22.6909161567688,NA,NA,0
Ostorhinchus limenus,-33.83,151.27,2021,4,5,12.5,10,-34_151,20.64797862370809,22.47407341003418,20.950210547590647,22.6909161567688,NA,NA,0
Ostorhinchus limenus,-33.83,151.27,2021,4,5,15,3,-34_151,20.64797862370809,22.47407341003418,20.950210547590647,22.6909161567688,NA,NA,0
Ostorhinchus limenus,-33.81,151.27,2021,4,5,10,1,-34_151,20.64797862370809,22.47407341003418,20.950210547590647,22.6909161567688,NA,NA,0
Ostorhinchus limenus,-33.81,151.27,2021,4,5,12.5,1,-34_151,20.64797862370809,22.47407341003418,20.950210547590647,22.6909161567688,NA,NA,0
Ostorhinchus limenus,-33.84,151.28,2021,3,7,15,10,-34_151,20.64797862370809,22.626602172851563,20.950210547590647,24.65338659286499,NA,NA,0
Ostorhinchus limenus,-33.84,151.28,2021,3,7,12.5,5,-34_151,20.64797862370809,22.626602172851563,20.950210547590647,24.65338659286499,NA,NA,0
Ostorhinchus limenus,-33.84,151.28,2021,3,7,15,5,-34_151,20.64797862370809,22.626602172851563,20.950210547590647,24.65338659286499,NA,NA,0
Ostorhinchus limenus,-33.82,151.29,2021,3,13,15,5,-34_151,20.64797862370809,22.626602172851563,20.950210547590647,24.65338659286499,NA,NA,0
Ostorhinchus limenus,-33.82,151.29,2021,3,13,15,1,-34_151,20.64797862370809,22.626602172851563,20.950210547590647,24.65338659286499,NA,NA,0
Ostorhinchus limenus,-33.8,151.3,2019,11,16,7.5,1,-34_151,20.84144163131714,20.113094329833984,21.110917770883944,19.948749542236328,2002,Cabbage Tree Bay Aquatic Reserve,1
Ostorhinchus limenus,-33.8,151.3,2019,11,16,10,2,-34_151,20.84144163131714,20.113094329833984,21.110917770883944,19.948749542236328,2002,Cabbage Tree Bay Aquatic Reserve,1
Ostorhinchus limenus,-33.8,151.3,2019,11,16,12.5,1,-34_151,20.84144163131714,20.113094329833984,21.110917770883944,19.948749542236328,2002,Cabbage Tree Bay Aquatic Reserve,1
Ostorhinchus limenus,-33.84,151.25,2019,11,23,5,10,-34_151,20.84144163131714,20.113094329833984,21.110917770883944,19.948749542236328,NA,NA,0
Ostorhinchus limenus,-33.84,151.25,2019,11,23,7.5,10,-34_151,20.84144163131714,20.113094329833984,21.110917770883944,19.948749542236328,NA,NA,0
Ostorhinchus limenus,-33.84,151.25,2019,11,23,10,20,-34_151,20.84144163131714,20.113094329833984,21.110917770883944,19.948749542236328,NA,NA,0
Ostorhinchus limenus,-33.84,151.25,2019,11,23,12.5,20,-34_151,20.84144163131714,20.113094329833984,21.110917770883944,19.948749542236328,NA,NA,0
Ostorhinchus limenus,-33.84,151.25,2019,11,23,15,10,-34_151,20.84144163131714,20.113094329833984,21.110917770883944,19.948749542236328,NA,NA,0
Ostorhinchus limenus,-33.84,151.25,2019,11,23,5,15,-34_151,20.84144163131714,20.113094329833984,21.110917770883944,19.948749542236328,NA,NA,0
Ostorhinchus limenus,-33.84,151.25,2019,11,23,7.5,15,-34_151,20.84144163131714,20.113094329833984,21.110917770883944,19.948749542236328,NA,NA,0
Ostorhinchus limenus,-33.84,151.25,2019,11,23,10,15,-34_151,20.84144163131714,20.113094329833984,21.110917770883944,19.948749542236328,NA,NA,0
Ostorhinchus limenus,-33.84,151.25,2019,11,23,12.5,15,-34_151,20.84144163131714,20.113094329833984,21.110917770883944,19.948749542236328,NA,NA,0
Ostorhinchus limenus,-33.84,151.25,2019,11,23,15,15,-34_151,20.84144163131714,20.113094329833984,21.110917770883944,19.948749542236328,NA,NA,0
Ostorhinchus limenus,-33.8,151.3,2019,11,16,5,10,-34_151,20.84144163131714,20.113094329833984,21.110917770883944,19.948749542236328,2002,Cabbage Tree Bay Aquatic Reserve,1
Ostorhinchus limenus,-33.8,151.3,2019,11,16,7.5,2,-34_151,20.84144163131714,20.113094329833984,21.110917770883944,19.948749542236328,2002,Cabbage Tree Bay Aquatic Reserve,1
Ostorhinchus limenus,-33.8,151.3,2019,11,16,10,1,-34_151,20.84144163131714,20.113094329833984,21.110917770883944,19.948749542236328,2002,Cabbage Tree Bay Aquatic Reserve,1
Ostorhinchus limenus,-33.8,151.3,2019,11,16,2.5,1,-34_151,20.84144163131714,20.113094329833984,21.110917770883944,19.948749542236328,2002,Cabbage Tree Bay Aquatic Reserve,1
Ostorhinchus limenus,-33.8,151.3,2019,11,16,5,2,-34_151,20.84144163131714,20.113094329833984,21.110917770883944,19.948749542236328,2002,Cabbage Tree Bay Aquatic Reserve,1
Ostorhinchus limenus,-33.8,151.3,2019,11,16,10,2,-34_151,20.84144163131714,20.113094329833984,21.110917770883944,19.948749542236328,2002,Cabbage Tree Bay Aquatic Reserve,1
Ostorhinchus limenus,-33.84,151.25,2020,3,7,7.5,1,-34_151,20.47879107793172,23.24465560913086,20.320949783510542,22.50378973253312,NA,NA,0
Ostorhinchus limenus,-33.84,151.25,2020,3,7,10,2,-34_151,20.47879107793172,23.24465560913086,20.320949783510542,22.50378973253312,NA,NA,0
Ostorhinchus limenus,-33.8,151.29,2020,3,7,12.5,5,-34_151,20.47879107793172,23.24465560913086,20.320949783510542,22.50378973253312,2002,Cabbage Tree Bay Aquatic Reserve,1
Ostorhinchus limenus,-33.8,151.29,2020,3,7,15,2,-34_151,20.47879107793172,23.24465560913086,20.320949783510542,22.50378973253312,2002,Cabbage Tree Bay Aquatic Reserve,1
Ostorhinchus limenus,-33.8,151.3,2020,3,15,12.5,2,-34_151,20.47879107793172,23.24465560913086,20.320949783510542,22.50378973253312,2002,Cabbage Tree Bay Aquatic Reserve,1
Ostorhinchus limenus,-33.84,151.25,2020,3,7,5,4,-34_151,20.47879107793172,23.24465560913086,20.320949783510542,22.50378973253312,NA,NA,0
Ostorhinchus limenus,-34.07,151.16,2020,2,29,12.5,2,-34_151,20.47879107793172,23.545684814453125,20.320949783510542,23.131033930285223,NA,NA,0
Ostorhinchus limenus,-34.07,151.16,2020,2,29,10,2,-34_151,20.47879107793172,23.545684814453125,20.320949783510542,23.131033930285223,NA,NA,0
Ostorhinchus limenus,-34.07,151.16,2020,2,29,10,2,-34_151,20.47879107793172,23.545684814453125,20.320949783510542,23.131033930285223,NA,NA,0
Ostorhinchus limenus,-34.07,151.16,2020,2,29,12.5,1,-34_151,20.47879107793172,23.545684814453125,20.320949783510542,23.131033930285223,NA,NA,0
Ostorhinchus limenus,-34.07,151.13,2020,2,29,12.5,20,-34_151,20.47879107793172,23.545684814453125,20.320949783510542,23.131033930285223,1982,Shiprock Aquatic Reserve,1
Ostorhinchus limenus,-34.07,151.13,2020,2,29,12.5,5,-34_151,20.47879107793172,23.545684814453125,20.320949783510542,23.131033930285223,1982,Shiprock Aquatic Reserve,1
Ostorhinchus limenus,-34.07,151.13,2020,2,29,15,5,-34_151,20.47879107793172,23.545684814453125,20.320949783510542,23.131033930285223,1982,Shiprock Aquatic Reserve,1
Ostorhinchus limenus,-33.84,151.25,2020,3,7,12.5,5,-34_151,20.47879107793172,23.24465560913086,20.320949783510542,22.50378973253312,NA,NA,0
Ostorhinchus limenus,-33.84,151.25,2020,3,7,15,5,-34_151,20.47879107793172,23.24465560913086,20.320949783510542,22.50378973253312,NA,NA,0
Ostorhinchus limenus,-33.8,151.29,2020,3,7,12.5,1,-34_151,20.47879107793172,23.24465560913086,20.320949783510542,22.50378973253312,2002,Cabbage Tree Bay Aquatic Reserve,1
Ostorhinchus limenus,-33.8,151.29,2020,3,7,10,1,-34_151,20.47879107793172,23.24465560913086,20.320949783510542,22.50378973253312,2002,Cabbage Tree Bay Aquatic Reserve,1
Ostorhinchus limenus,-33.8,151.3,2020,3,15,12.5,6,-34_151,20.47879107793172,23.24465560913086,20.320949783510542,22.50378973253312,2002,Cabbage Tree Bay Aquatic Reserve,1
Ostorhinchus limenus,-33.8,151.3,2020,3,15,15,6,-34_151,20.47879107793172,23.24465560913086,20.320949783510542,22.50378973253312,2002,Cabbage Tree Bay Aquatic Reserve,1
Ostorhinchus limenus,-33.8,151.3,2020,3,15,12.5,10,-34_151,20.47879107793172,23.24465560913086,20.320949783510542,22.50378973253312,2002,Cabbage Tree Bay Aquatic Reserve,1
Ostorhinchus limenus,-33.8,151.3,2020,3,15,15,10,-34_151,20.47879107793172,23.24465560913086,20.320949783510542,22.50378973253312,2002,Cabbage Tree Bay Aquatic Reserve,1
Ostorhinchus limenus,-33.8,151.3,2020,3,21,10,2,-34_151,20.47879107793172,23.24465560913086,20.320949783510542,22.50378973253312,2002,Cabbage Tree Bay Aquatic Reserve,1
Ostorhinchus limenus,-33.8,151.3,2020,3,21,12.5,2,-34_151,20.47879107793172,23.24465560913086,20.320949783510542,22.50378973253312,2002,Cabbage Tree Bay Aquatic Reserve,1
Ostorhinchus limenus,-33.8,151.3,2020,3,21,10,5,-34_151,20.47879107793172,23.24465560913086,20.320949783510542,22.50378973253312,2002,Cabbage Tree Bay Aquatic Reserve,1
Ostorhinchus limenus,-33.8,151.3,2020,3,21,12.5,5,-34_151,20.47879107793172,23.24465560913086,20.320949783510542,22.50378973253312,2002,Cabbage Tree Bay Aquatic Reserve,1
Ostorhinchus limenus,-33.8,151.3,2020,3,21,15,4,-34_151,20.47879107793172,23.24465560913086,20.320949783510542,22.50378973253312,2002,Cabbage Tree Bay Aquatic Reserve,1
Ostorhinchus limenus,-33.99,151.23,2020,3,22,12.5,1,-34_151,20.47879107793172,23.24465560913086,20.320949783510542,22.50378973253312,NA,NA,0
Ostorhinchus limenus,-33.84,151.25,2020,3,7,5,10,-34_151,20.47879107793172,23.24465560913086,20.320949783510542,22.50378973253312,NA,NA,0
Ostorhinchus limenus,-33.99,151.23,2018,11,12,12.5,1,-34_151,20.616589228312176,20.54950904846191,20.38137288106385,20.239166259765625,NA,NA,0
Ostorhinchus limenus,-33.92,151.27,2020,7,3,2.5,1,-34_151,20.47879107793172,18.475727081298828,20.320949783510542,18.03080604922387,NA,NA,0
Ostorhinchus limenus,-33.84,151.26,2020,7,5,5,1,-34_151,20.47879107793172,18.475727081298828,20.320949783510542,18.03080604922387,NA,NA,0
Ostorhinchus limenus,-33.83,151.26,2020,7,5,10,60,-34_151,20.47879107793172,18.475727081298828,20.320949783510542,18.03080604922387,NA,NA,0
Ostorhinchus limenus,-33.83,151.26,2020,7,5,12.5,70,-34_151,20.47879107793172,18.475727081298828,20.320949783510542,18.03080604922387,NA,NA,0
Ostorhinchus limenus,-33.82,151.29,2020,6,27,10,5,-34_151,20.47879107793172,18.79773330688477,20.320949783510542,19.131832981109618,NA,NA,0
Ostorhinchus limenus,-33.82,151.29,2020,6,27,12.5,2,-34_151,20.47879107793172,18.79773330688477,20.320949783510542,19.131832981109618,NA,NA,0
Ostorhinchus limenus,-33.82,151.29,2020,6,27,10,10,-34_151,20.47879107793172,18.79773330688477,20.320949783510542,19.131832981109618,NA,NA,0
Ostorhinchus limenus,-33.82,151.29,2020,6,27,12.5,10,-34_151,20.47879107793172,18.79773330688477,20.320949783510542,19.131832981109618,NA,NA,0
Ostorhinchus limenus,-33.82,151.29,2020,6,27,10,2,-34_151,20.47879107793172,18.79773330688477,20.320949783510542,19.131832981109618,NA,NA,0
Ostorhinchus limenus,-33.82,151.29,2020,6,27,5,1,-34_151,20.47879107793172,18.79773330688477,20.320949783510542,19.131832981109618,NA,NA,0
Ostorhinchus limenus,-33.82,151.29,2020,6,27,10,1,-34_151,20.47879107793172,18.79773330688477,20.320949783510542,19.131832981109618,NA,NA,0
Ostorhinchus limenus,-33.82,151.29,2020,6,27,12.5,1,-34_151,20.47879107793172,18.79773330688477,20.320949783510542,19.131832981109618,NA,NA,0
Ostorhinchus limenus,-33.83,151.26,2020,7,5,10,10,-34_151,20.47879107793172,18.475727081298828,20.320949783510542,18.03080604922387,NA,NA,0
Ostorhinchus limenus,-33.83,151.26,2020,7,5,7.5,1,-34_151,20.47879107793172,18.475727081298828,20.320949783510542,18.03080604922387,NA,NA,0
Ostorhinchus limenus,-33.83,151.27,2020,7,5,15,1,-34_151,20.47879107793172,18.475727081298828,20.320949783510542,18.03080604922387,NA,NA,0
Ostorhinchus limenus,-33.83,151.27,2020,7,5,7.5,3,-34_151,20.47879107793172,18.475727081298828,20.320949783510542,18.03080604922387,NA,NA,0
Ostorhinchus limenus,-33.83,151.27,2020,7,5,10,8,-34_151,20.47879107793172,18.475727081298828,20.320949783510542,18.03080604922387,NA,NA,0
Ostorhinchus limenus,-33.82,151.29,2020,7,19,10,1,-34_151,20.47879107793172,18.475727081298828,20.320949783510542,18.03080604922387,NA,NA,0
Ostorhinchus limenus,-33.81,151.31,2020,7,25,10,2,-34_151,20.47879107793172,18.475727081298828,20.320949783510542,18.03080604922387,NA,NA,0
Ostorhinchus limenus,-33.81,151.31,2020,7,25,12.5,1,-34_151,20.47879107793172,18.475727081298828,20.320949783510542,18.03080604922387,NA,NA,0
Ostorhinchus limenus,-33.81,151.31,2020,7,25,12.5,2,-34_151,20.47879107793172,18.475727081298828,20.320949783510542,18.03080604922387,NA,NA,0
Ostorhinchus limenus,-33.83,151.28,2020,8,2,10,1,-34_151,20.47879107793172,17.574811935424805,20.320949783510542,17.518628689550585,NA,NA,0
Ostorhinchus limenus,-33.83,151.28,2020,8,2,12.5,1,-34_151,20.47879107793172,17.574811935424805,20.320949783510542,17.518628689550585,NA,NA,0
Ostorhinchus limenus,-33.83,151.28,2020,8,2,10,1,-34_151,20.47879107793172,17.574811935424805,20.320949783510542,17.518628689550585,NA,NA,0
Ostorhinchus limenus,-33.83,151.28,2020,8,2,7.5,10,-34_151,20.47879107793172,17.574811935424805,20.320949783510542,17.518628689550585,NA,NA,0
Ostorhinchus limenus,-33.83,151.28,2020,8,2,10,1,-34_151,20.47879107793172,17.574811935424805,20.320949783510542,17.518628689550585,NA,NA,0
Ostorhinchus limenus,-33.83,151.28,2020,8,2,12.5,1,-34_151,20.47879107793172,17.574811935424805,20.320949783510542,17.518628689550585,NA,NA,0
Ostorhinchus limenus,-33.83,151.28,2020,8,2,10,2,-34_151,20.47879107793172,17.574811935424805,20.320949783510542,17.518628689550585,NA,NA,0
Ostorhinchus limenus,-33.83,151.28,2020,8,2,12.5,3,-34_151,20.47879107793172,17.574811935424805,20.320949783510542,17.518628689550585,NA,NA,0
Ostorhinchus limenus,-32.72,152.15,2021,7,10,7.5,2,-33_152,21.3498477935791,19.080385208129883,21.406593004298873,19.294730755590624,NA,NA,0
Ostorhinchus limenus,-32.71,152.15,2021,7,9,7.5,1,-33_152,21.3498477935791,19.080385208129883,21.406593004298873,19.294730755590624,1983,Fly Point-Halifax Park,1
Ostorhinchus limenus,-33.84,151.28,2021,12,11,10,1,-34_151,20.64797862370809,22.177095413208008,20.950210547590647,22.682096265977428,NA,NA,0
Ostorhinchus limenus,-33.84,151.28,2021,12,11,12.5,3,-34_151,20.64797862370809,22.177095413208008,20.950210547590647,22.682096265977428,NA,NA,0
Ostorhinchus limenus,-33.84,151.28,2021,12,11,15,1,-34_151,20.64797862370809,22.177095413208008,20.950210547590647,22.682096265977428,NA,NA,0
Ostorhinchus limenus,-32.71,152.16,2021,7,31,7.5,2,-33_152,21.3498477935791,19.080385208129883,21.406593004298873,19.294730755590624,1983,Fly Point-Halifax Park,1
Ostorhinchus limenus,-32.71,152.15,2021,7,24,2.5,2,-33_152,21.3498477935791,19.080385208129883,21.406593004298873,19.294730755590624,1983,Fly Point-Halifax Park,1
Ostorhinchus limenus,-32.71,152.15,2021,7,24,5,15,-33_152,21.3498477935791,19.080385208129883,21.406593004298873,19.294730755590624,1983,Fly Point-Halifax Park,1
Ostorhinchus limenus,-32.71,152.15,2021,7,24,7.5,2,-33_152,21.3498477935791,19.080385208129883,21.406593004298873,19.294730755590624,1983,Fly Point-Halifax Park,1
Ostorhinchus limenus,-32.71,152.16,2021,7,31,5,1,-33_152,21.3498477935791,19.080385208129883,21.406593004298873,19.294730755590624,1983,Fly Point-Halifax Park,1
Ostorhinchus limenus,-32.71,152.16,2022,2,19,12.5,1,-33_152,21.485846201578777,25.05010223388672,21.511151635625456,25.56294580300649,1983,Fly Point-Halifax Park,1
Ostorhinchus limenus,-32.71,152.15,2022,2,6,10,1,-33_152,21.485846201578777,25.05010223388672,21.511151635625456,25.56294580300649,1983,Fly Point-Halifax Park,1
Ostorhinchus limenus,-32.71,152.15,2022,2,6,15,2,-33_152,21.485846201578777,25.05010223388672,21.511151635625456,25.56294580300649,1983,Fly Point-Halifax Park,1
Ostorhinchus limenus,-32.71,152.15,2022,5,7,5,6,-33_152,21.485846201578777,22.43151473999023,21.511151635625456,22.308305940320416,1983,Fly Point-Halifax Park,1
Ostorhinchus limenus,-32.71,152.15,2022,5,7,10,1,-33_152,21.485846201578777,22.43151473999023,21.511151635625456,22.308305940320416,1983,Fly Point-Halifax Park,1
Ostorhinchus limenus,-32.71,152.15,2022,5,7,12.5,3,-33_152,21.485846201578777,22.43151473999023,21.511151635625456,22.308305940320416,1983,Fly Point-Halifax Park,1
Ostorhinchus limenus,-32.71,152.16,2022,5,8,10,12,-33_152,21.485846201578777,22.43151473999023,21.511151635625456,22.308305940320416,1983,Fly Point-Halifax Park,1
Ostorhinchus limenus,-32.71,152.16,2022,5,8,12.5,1,-33_152,21.485846201578777,22.43151473999023,21.511151635625456,22.308305940320416,1983,Fly Point-Halifax Park,1
Ostorhinchus limenus,-32.71,152.16,2022,5,7,7.5,1,-33_152,21.485846201578777,22.43151473999023,21.511151635625456,22.308305940320416,1983,Fly Point-Halifax Park,1
Ostorhinchus limenus,-32.71,152.16,2022,5,7,10,2,-33_152,21.485846201578777,22.43151473999023,21.511151635625456,22.308305940320416,1983,Fly Point-Halifax Park,1
Ostorhinchus limenus,-32.71,152.16,2022,5,7,12.5,1,-33_152,21.485846201578777,22.43151473999023,21.511151635625456,22.308305940320416,1983,Fly Point-Halifax Park,1
Ostorhinchus limenus,-32.71,152.16,2022,5,7,10,1,-33_152,21.485846201578777,22.43151473999023,21.511151635625456,22.308305940320416,1983,Fly Point-Halifax Park,1
Ostorhinchus limenus,-32.71,152.15,2022,5,8,7.5,4,-33_152,21.485846201578777,22.43151473999023,21.511151635625456,22.308305940320416,1983,Fly Point-Halifax Park,1
Ostorhinchus limenus,-32.71,152.15,2022,5,8,12.5,1,-33_152,21.485846201578777,22.43151473999023,21.511151635625456,22.308305940320416,1983,Fly Point-Halifax Park,1
Ostorhinchus limenus,-32.71,152.16,2022,5,7,2.5,20,-33_152,21.485846201578777,22.43151473999023,21.511151635625456,22.308305940320416,1983,Fly Point-Halifax Park,1
Ostorhinchus limenus,-32.71,152.16,2022,5,7,5,14,-33_152,21.485846201578777,22.43151473999023,21.511151635625456,22.308305940320416,1983,Fly Point-Halifax Park,1
Ostorhinchus limenus,-32.71,152.16,2022,5,7,7.5,10,-33_152,21.485846201578777,22.43151473999023,21.511151635625456,22.308305940320416,1983,Fly Point-Halifax Park,1
Ostorhinchus limenus,-32.71,152.16,2022,5,7,10,3,-33_152,21.485846201578777,22.43151473999023,21.511151635625456,22.308305940320416,1983,Fly Point-Halifax Park,1
Ostorhinchus limenus,-32.71,152.16,2022,5,7,2.5,1,-33_152,21.485846201578777,22.43151473999023,21.511151635625456,22.308305940320416,1983,Fly Point-Halifax Park,1
Ostorhinchus limenus,-32.71,152.16,2022,5,7,5,2,-33_152,21.485846201578777,22.43151473999023,21.511151635625456,22.308305940320416,1983,Fly Point-Halifax Park,1
Ostorhinchus limenus,-32.71,152.16,2022,5,7,10,10,-33_152,21.485846201578777,22.43151473999023,21.511151635625456,22.308305940320416,1983,Fly Point-Halifax Park,1
Ostorhinchus limenus,-32.62,152.33,2022,5,6,2.5,5,-33_152,21.485846201578777,22.43151473999023,21.511151635625456,22.308305940320416,2007,Port Stephens Great Lake Marine Park,1
Ostorhinchus limenus,-32.62,152.33,2022,5,6,5,1,-33_152,21.485846201578777,22.43151473999023,21.511151635625456,22.308305940320416,2007,Port Stephens Great Lake Marine Park,1
Ostorhinchus limenus,-32.75,152.17,2022,5,8,7.5,1,-33_152,21.485846201578777,22.43151473999023,21.511151635625456,22.308305940320416,NA,NA,0
Ostorhinchus limenus,-32.75,152.17,2022,5,8,2.5,20,-33_152,21.485846201578777,22.43151473999023,21.511151635625456,22.308305940320416,NA,NA,0
Ostorhinchus limenus,-32.71,152.15,2022,5,8,2.5,20,-33_152,21.485846201578777,22.43151473999023,21.511151635625456,22.308305940320416,1983,Fly Point-Halifax Park,1
Ostorhinchus limenus,-32.71,152.15,2022,5,8,5,10,-33_152,21.485846201578777,22.43151473999023,21.511151635625456,22.308305940320416,1983,Fly Point-Halifax Park,1
Ostorhinchus limenus,-32.71,152.15,2022,5,8,7.5,8,-33_152,21.485846201578777,22.43151473999023,21.511151635625456,22.308305940320416,1983,Fly Point-Halifax Park,1
Ostorhinchus limenus,-32.71,152.15,2022,5,8,10,10,-33_152,21.485846201578777,22.43151473999023,21.511151635625456,22.308305940320416,1983,Fly Point-Halifax Park,1
Ostorhinchus limenus,-32.71,152.15,2022,5,8,12.5,8,-33_152,21.485846201578777,22.43151473999023,21.511151635625456,22.308305940320416,1983,Fly Point-Halifax Park,1
Ostorhinchus limenus,-32.71,152.15,2022,5,8,12.5,2,-33_152,21.485846201578777,22.43151473999023,21.511151635625456,22.308305940320416,1983,Fly Point-Halifax Park,1
Ostorhinchus limenus,-32.71,152.15,2022,5,7,10,1,-33_152,21.485846201578777,22.43151473999023,21.511151635625456,22.308305940320416,1983,Fly Point-Halifax Park,1
Ostorhinchus limenus,-32.71,152.15,2022,5,7,10,2,-33_152,21.485846201578777,22.43151473999023,21.511151635625456,22.308305940320416,1983,Fly Point-Halifax Park,1
Ostorhinchus limenus,-32.71,152.15,2022,2,6,12.5,1,-33_152,21.485846201578777,25.05010223388672,21.511151635625456,25.56294580300649,1983,Fly Point-Halifax Park,1
Ostorhinchus limenus,-32.71,152.15,2022,2,6,15,1,-33_152,21.485846201578777,25.05010223388672,21.511151635625456,25.56294580300649,1983,Fly Point-Halifax Park,1
Ostorhinchus limenus,-32.71,152.16,2022,5,8,5,10,-33_152,21.485846201578777,22.43151473999023,21.511151635625456,22.308305940320416,1983,Fly Point-Halifax Park,1
Ostorhinchus limenus,-32.71,152.16,2022,5,8,7.5,2,-33_152,21.485846201578777,22.43151473999023,21.511151635625456,22.308305940320416,1983,Fly Point-Halifax Park,1
Ostorhinchus limenus,-32.71,152.16,2022,5,8,10,1,-33_152,21.485846201578777,22.43151473999023,21.511151635625456,22.308305940320416,1983,Fly Point-Halifax Park,1
Ostorhinchus limenus,-32.71,152.16,2022,5,8,12.5,1,-33_152,21.485846201578777,22.43151473999023,21.511151635625456,22.308305940320416,1983,Fly Point-Halifax Park,1
Ostorhinchus limenus,-33.84,151.28,2021,12,11,10,2,-34_151,20.64797862370809,22.177095413208008,20.950210547590647,22.682096265977428,NA,NA,0
Ostorhinchus limenus,-33.84,151.28,2021,12,11,12.5,2,-34_151,20.64797862370809,22.177095413208008,20.950210547590647,22.682096265977428,NA,NA,0
Ostorhinchus limenus,-33.84,151.28,2021,12,11,12.5,1,-34_151,20.64797862370809,22.177095413208008,20.950210547590647,22.682096265977428,NA,NA,0
Ostorhinchus limenus,-33.8,151.3,2021,12,12,5,4,-34_151,20.64797862370809,22.177095413208008,20.950210547590647,22.682096265977428,2002,Cabbage Tree Bay Aquatic Reserve,1
Ostorhinchus limenus,-33.8,151.3,2021,12,12,7.5,4,-34_151,20.64797862370809,22.177095413208008,20.950210547590647,22.682096265977428,2002,Cabbage Tree Bay Aquatic Reserve,1
Ostorhinchus limenus,-33.8,151.3,2021,12,12,10,4,-34_151,20.64797862370809,22.177095413208008,20.950210547590647,22.682096265977428,2002,Cabbage Tree Bay Aquatic Reserve,1
Ostorhinchus limenus,-33.8,151.3,2021,12,12,12.5,4,-34_151,20.64797862370809,22.177095413208008,20.950210547590647,22.682096265977428,2002,Cabbage Tree Bay Aquatic Reserve,1
Ostorhinchus limenus,-33.8,151.3,2021,12,12,15,4,-34_151,20.64797862370809,22.177095413208008,20.950210547590647,22.682096265977428,2002,Cabbage Tree Bay Aquatic Reserve,1
Ostorhinchus limenus,-33.8,151.3,2021,12,12,5,6,-34_151,20.64797862370809,22.177095413208008,20.950210547590647,22.682096265977428,2002,Cabbage Tree Bay Aquatic Reserve,1
Ostorhinchus limenus,-33.8,151.3,2021,12,12,7.5,6,-34_151,20.64797862370809,22.177095413208008,20.950210547590647,22.682096265977428,2002,Cabbage Tree Bay Aquatic Reserve,1
Ostorhinchus limenus,-33.8,151.3,2021,12,12,10,6,-34_151,20.64797862370809,22.177095413208008,20.950210547590647,22.682096265977428,2002,Cabbage Tree Bay Aquatic Reserve,1
Ostorhinchus limenus,-33.8,151.3,2021,12,12,12.5,6,-34_151,20.64797862370809,22.177095413208008,20.950210547590647,22.682096265977428,2002,Cabbage Tree Bay Aquatic Reserve,1
Ostorhinchus limenus,-33.8,151.3,2021,12,12,15,6,-34_151,20.64797862370809,22.177095413208008,20.950210547590647,22.682096265977428,2002,Cabbage Tree Bay Aquatic Reserve,1
Ostorhinchus limenus,-33.8,151.3,2021,12,12,12.5,5,-34_151,20.64797862370809,22.177095413208008,20.950210547590647,22.682096265977428,2002,Cabbage Tree Bay Aquatic Reserve,1
Ostorhinchus limenus,-33.8,151.3,2021,12,12,15,2,-34_151,20.64797862370809,22.177095413208008,20.950210547590647,22.682096265977428,2002,Cabbage Tree Bay Aquatic Reserve,1
Ostorhinchus limenus,-33.8,151.3,2021,12,12,12.5,3,-34_151,20.64797862370809,22.177095413208008,20.950210547590647,22.682096265977428,2002,Cabbage Tree Bay Aquatic Reserve,1
Ostorhinchus limenus,-33.84,151.28,2021,12,11,10,1,-34_151,20.64797862370809,22.177095413208008,20.950210547590647,22.682096265977428,NA,NA,0
Ostorhinchus limenus,-33.84,151.28,2021,12,11,12.5,4,-34_151,20.64797862370809,22.177095413208008,20.950210547590647,22.682096265977428,NA,NA,0
Ostorhinchus limenus,-33.84,151.28,2021,12,11,12.5,2,-34_151,20.64797862370809,22.177095413208008,20.950210547590647,22.682096265977428,NA,NA,0
Ostorhinchus limenus,-33.84,151.28,2021,12,11,15,2,-34_151,20.64797862370809,22.177095413208008,20.950210547590647,22.682096265977428,NA,NA,0
Ostorhinchus limenus,-33.8,151.3,2021,12,12,10,1,-34_151,20.64797862370809,22.177095413208008,20.950210547590647,22.682096265977428,2002,Cabbage Tree Bay Aquatic Reserve,1
Ostorhinchus limenus,-33.8,151.3,2021,12,12,12.5,1,-34_151,20.64797862370809,22.177095413208008,20.950210547590647,22.682096265977428,2002,Cabbage Tree Bay Aquatic Reserve,1
Ostorhinchus limenus,-33.8,151.3,2021,12,12,12.5,2,-34_151,20.64797862370809,22.177095413208008,20.950210547590647,22.682096265977428,2002,Cabbage Tree Bay Aquatic Reserve,1
Ostorhinchus limenus,-33.8,151.3,2021,12,12,15,2,-34_151,20.64797862370809,22.177095413208008,20.950210547590647,22.682096265977428,2002,Cabbage Tree Bay Aquatic Reserve,1
Ostorhinchus limenus,-33.8,151.3,2021,12,12,7.5,1,-34_151,20.64797862370809,22.177095413208008,20.950210547590647,22.682096265977428,2002,Cabbage Tree Bay Aquatic Reserve,1
Ostorhinchus limenus,-33.8,151.3,2021,12,12,10,3,-34_151,20.64797862370809,22.177095413208008,20.950210547590647,22.682096265977428,2002,Cabbage Tree Bay Aquatic Reserve,1
Ostorhinchus limenus,-33.8,151.3,2021,12,12,12.5,3,-34_151,20.64797862370809,22.177095413208008,20.950210547590647,22.682096265977428,2002,Cabbage Tree Bay Aquatic Reserve,1
Ostorhinchus limenus,-33.8,151.3,2021,12,12,15,1,-34_151,20.64797862370809,22.177095413208008,20.950210547590647,22.682096265977428,2002,Cabbage Tree Bay Aquatic Reserve,1
Ostorhinchus limenus,-33.99,151.23,2021,12,10,10,2,-34_151,20.64797862370809,22.177095413208008,20.950210547590647,22.682096265977428,NA,NA,0
Ostorhinchus limenus,-33.99,151.23,2021,12,10,12.5,2,-34_151,20.64797862370809,22.177095413208008,20.950210547590647,22.682096265977428,NA,NA,0
Ostorhinchus limenus,-33.8,151.3,2021,12,12,10,3,-34_151,20.64797862370809,22.177095413208008,20.950210547590647,22.682096265977428,2002,Cabbage Tree Bay Aquatic Reserve,1
Ostorhinchus limenus,-33.99,151.23,2021,12,10,10,1,-34_151,20.64797862370809,22.177095413208008,20.950210547590647,22.682096265977428,NA,NA,0
Ostorhinchus limenus,-32.71,152.16,2021,2,27,7.5,2,-33_152,21.3498477935791,24.277095794677734,21.406593004298873,23.52330304327465,1983,Fly Point-Halifax Park,1
Ostorhinchus limenus,-32.71,152.16,2021,2,27,10,1,-33_152,21.3498477935791,24.277095794677734,21.406593004298873,23.52330304327465,1983,Fly Point-Halifax Park,1
Ostorhinchus limenus,-32.71,152.16,2021,2,27,10,2,-33_152,21.3498477935791,24.277095794677734,21.406593004298873,23.52330304327465,1983,Fly Point-Halifax Park,1
Ostorhinchus limenus,-32.71,152.16,2021,2,28,12.5,2,-33_152,21.3498477935791,24.277095794677734,21.406593004298873,23.52330304327465,1983,Fly Point-Halifax Park,1
Ostorhinchus limenus,-32.71,152.16,2022,10,16,12.5,1,-33_152,21.485846201578777,20.241512298583984,21.511151635625456,19.743440407578664,1983,Fly Point-Halifax Park,1
Ostorhinchus limenus,-32.71,152.16,2022,10,16,5,10,-33_152,21.485846201578777,20.241512298583984,21.511151635625456,19.743440407578664,1983,Fly Point-Halifax Park,1
Ostorhinchus limenus,-32.71,152.15,2022,10,30,5,3,-33_152,21.485846201578777,20.241512298583984,21.511151635625456,19.743440407578664,1983,Fly Point-Halifax Park,1
Ostorhinchus limenus,-32.71,152.15,2022,10,30,10,1,-33_152,21.485846201578777,20.241512298583984,21.511151635625456,19.743440407578664,1983,Fly Point-Halifax Park,1
Ostorhinchus limenus,-32.71,152.16,2022,10,16,10,1,-33_152,21.485846201578777,20.241512298583984,21.511151635625456,19.743440407578664,1983,Fly Point-Halifax Park,1
Ostorhinchus limenus,-32.72,152.14,2022,10,14,5,1,-33_152,21.485846201578777,20.241512298583984,21.511151635625456,19.743440407578664,NA,NA,0
Ostorhinchus limenus,-32.72,152.14,2022,10,14,10,1,-33_152,21.485846201578777,20.241512298583984,21.511151635625456,19.743440407578664,NA,NA,0
Ostorhinchus limenus,-33.84,151.28,2023,5,20,10,1,-34_151,21.129122734069824,20.472261428833008,21.098143480197017,20.932418884769564,NA,NA,0
Ostorhinchus limenus,-33.84,151.28,2023,5,20,12.5,1,-34_151,21.129122734069824,20.472261428833008,21.098143480197017,20.932418884769564,NA,NA,0
Ostorhinchus limenus,-33.84,151.28,2023,5,20,7.5,1,-34_151,21.129122734069824,20.472261428833008,21.098143480197017,20.932418884769564,NA,NA,0
Ostorhinchus limenus,-33.84,151.28,2023,5,20,10,2,-34_151,21.129122734069824,20.472261428833008,21.098143480197017,20.932418884769564,NA,NA,0
Ostorhinchus limenus,-33.8,151.3,2023,3,23,5,7,-34_151,21.129122734069824,24.101327896118164,21.098143480197017,23.9985478308893,2002,Cabbage Tree Bay Aquatic Reserve,1
Ostorhinchus limenus,-33.8,151.3,2023,3,23,10,3,-34_151,21.129122734069824,24.101327896118164,21.098143480197017,23.9985478308893,2002,Cabbage Tree Bay Aquatic Reserve,1
Ostorhinchus limenus,-33.8,151.3,2023,3,23,10,4,-34_151,21.129122734069824,24.101327896118164,21.098143480197017,23.9985478308893,2002,Cabbage Tree Bay Aquatic Reserve,1
Ostorhinchus limenus,-33.8,151.28,2023,3,11,10,2,-34_151,21.129122734069824,24.101327896118164,21.098143480197017,23.9985478308893,NA,NA,0
Ostorhinchus limenus,-33.8,151.28,2023,3,11,12.5,2,-34_151,21.129122734069824,24.101327896118164,21.098143480197017,23.9985478308893,NA,NA,0
Ostorhinchus limenus,-33.8,151.28,2023,3,11,7.5,6,-34_151,21.129122734069824,24.101327896118164,21.098143480197017,23.9985478308893,NA,NA,0
Ostorhinchus limenus,-33.8,151.28,2023,3,11,10,7,-34_151,21.129122734069824,24.101327896118164,21.098143480197017,23.9985478308893,NA,NA,0
Ostorhinchus limenus,-33.8,151.28,2023,3,11,12.5,7,-34_151,21.129122734069824,24.101327896118164,21.098143480197017,23.9985478308893,NA,NA,0
Ostorhinchus limenus,-33.8,151.28,2023,3,11,12.5,1,-34_151,21.129122734069824,24.101327896118164,21.098143480197017,23.9985478308893,NA,NA,0
Ostorhinchus limenus,-33.8,151.3,2023,3,23,5,100,-34_151,21.129122734069824,24.101327896118164,21.098143480197017,23.9985478308893,2002,Cabbage Tree Bay Aquatic Reserve,1
Ostorhinchus limenus,-33.8,151.3,2023,3,23,7.5,80,-34_151,21.129122734069824,24.101327896118164,21.098143480197017,23.9985478308893,2002,Cabbage Tree Bay Aquatic Reserve,1
Ostorhinchus limenus,-33.8,151.3,2023,3,23,10,4,-34_151,21.129122734069824,24.101327896118164,21.098143480197017,23.9985478308893,2002,Cabbage Tree Bay Aquatic Reserve,1
Ostorhinchus limenus,-33.8,151.3,2023,3,23,12.5,4,-34_151,21.129122734069824,24.101327896118164,21.098143480197017,23.9985478308893,2002,Cabbage Tree Bay Aquatic Reserve,1
Ostorhinchus limenus,-33.8,151.3,2023,3,23,5,25,-34_151,21.129122734069824,24.101327896118164,21.098143480197017,23.9985478308893,2002,Cabbage Tree Bay Aquatic Reserve,1
Ostorhinchus limenus,-33.8,151.3,2023,3,23,7.5,25,-34_151,21.129122734069824,24.101327896118164,21.098143480197017,23.9985478308893,2002,Cabbage Tree Bay Aquatic Reserve,1
Ostorhinchus limenus,-34,151.24,2023,3,5,12.5,1,-34_151,21.129122734069824,24.101327896118164,21.098143480197017,23.9985478308893,NA,NA,0
Ostorhinchus limenus,-34,151.24,2023,3,5,10,2,-34_151,21.129122734069824,24.101327896118164,21.098143480197017,23.9985478308893,NA,NA,0
Ostorhinchus limenus,-33.84,151.28,2023,5,20,7.5,20,-34_151,21.129122734069824,20.472261428833008,21.098143480197017,20.932418884769564,NA,NA,0
Ostorhinchus limenus,-33.84,151.28,2023,5,20,10,40,-34_151,21.129122734069824,20.472261428833008,21.098143480197017,20.932418884769564,NA,NA,0
Ostorhinchus limenus,-33.84,151.28,2023,5,20,7.5,15,-34_151,21.129122734069824,20.472261428833008,21.098143480197017,20.932418884769564,NA,NA,0
Ostorhinchus limenus,-33.84,151.28,2023,5,20,10,15,-34_151,21.129122734069824,20.472261428833008,21.098143480197017,20.932418884769564,NA,NA,0
Ostorhinchus limenus,-33.99,151.23,2023,2,19,10,1,-34_151,21.129122734069824,24.716724395751953,21.098143480197017,24.29107085296086,NA,NA,0
Ostorhinchus limenus,-33.99,151.23,2023,1,3,12.5,1,-34_151,21.129122734069824,23.579456329345703,21.098143480197017,23.655241335591963,NA,NA,0
Ostorhinchus limenus,-33.99,151.23,2023,1,3,15,3,-34_151,21.129122734069824,23.579456329345703,21.098143480197017,23.655241335591963,NA,NA,0
Ostorhinchus limenus,-34,151.24,2023,3,5,12.5,1,-34_151,21.129122734069824,24.101327896118164,21.098143480197017,23.9985478308893,NA,NA,0
Ostorhinchus limenus,-33.8,151.27,2023,3,11,12.5,4,-34_151,21.129122734069824,24.101327896118164,21.098143480197017,23.9985478308893,NA,NA,0
Ostorhinchus limenus,-33.8,151.27,2023,3,11,12.5,2,-34_151,21.129122734069824,24.101327896118164,21.098143480197017,23.9985478308893,NA,NA,0
Ostorhinchus limenus,-33.82,151.29,2023,4,8,10,1,-34_151,21.129122734069824,22.6852970123291,21.098143480197017,22.736249494552613,NA,NA,0
Ostorhinchus limenus,-33.8,151.29,2023,3,23,5,10,-34_151,21.129122734069824,24.101327896118164,21.098143480197017,23.9985478308893,2002,Cabbage Tree Bay Aquatic Reserve,1
Ostorhinchus limenus,-33.8,151.29,2023,3,23,7.5,5,-34_151,21.129122734069824,24.101327896118164,21.098143480197017,23.9985478308893,2002,Cabbage Tree Bay Aquatic Reserve,1
Ostorhinchus limenus,-33.8,151.29,2023,3,23,10,1,-34_151,21.129122734069824,24.101327896118164,21.098143480197017,23.9985478308893,2002,Cabbage Tree Bay Aquatic Reserve,1
Ostorhinchus limenus,-33.8,151.29,2023,3,23,7.5,10,-34_151,21.129122734069824,24.101327896118164,21.098143480197017,23.9985478308893,2002,Cabbage Tree Bay Aquatic Reserve,1
Ostorhinchus limenus,-33.8,151.29,2023,3,23,10,5,-34_151,21.129122734069824,24.101327896118164,21.098143480197017,23.9985478308893,2002,Cabbage Tree Bay Aquatic Reserve,1
Ostorhinchus limenus,-33.8,151.29,2023,3,23,15,1,-34_151,21.129122734069824,24.101327896118164,21.098143480197017,23.9985478308893,2002,Cabbage Tree Bay Aquatic Reserve,1
Ostorhinchus limenus,-33.8,151.27,2023,3,11,12.5,1,-34_151,21.129122734069824,24.101327896118164,21.098143480197017,23.9985478308893,NA,NA,0
Ostorhinchus limenus,-33.8,151.27,2023,3,11,10,3,-34_151,21.129122734069824,24.101327896118164,21.098143480197017,23.9985478308893,NA,NA,0
Ostorhinchus limenus,-33.8,151.27,2023,3,11,12.5,2,-34_151,21.129122734069824,24.101327896118164,21.098143480197017,23.9985478308893,NA,NA,0
Ostorhinchus limenus,-33.84,151.28,2023,4,29,12.5,2,-34_151,21.129122734069824,22.6852970123291,21.098143480197017,22.736249494552613,NA,NA,0
Ostorhinchus limenus,-33.84,151.28,2023,4,29,15,1,-34_151,21.129122734069824,22.6852970123291,21.098143480197017,22.736249494552613,NA,NA,0
Ostorhinchus limenus,-33.84,151.28,2023,4,29,12.5,1,-34_151,21.129122734069824,22.6852970123291,21.098143480197017,22.736249494552613,NA,NA,0
Ostorhinchus limenus,-33.84,151.28,2023,4,29,7.5,10,-34_151,21.129122734069824,22.6852970123291,21.098143480197017,22.736249494552613,NA,NA,0
Ostorhinchus limenus,-33.84,151.28,2023,4,29,10,10,-34_151,21.129122734069824,22.6852970123291,21.098143480197017,22.736249494552613,NA,NA,0
Ostorhinchus limenus,-33.84,151.28,2023,4,29,12.5,2,-34_151,21.129122734069824,22.6852970123291,21.098143480197017,22.736249494552613,NA,NA,0
Ostorhinchus limenus,-33.84,151.28,2023,4,29,7.5,25,-34_151,21.129122734069824,22.6852970123291,21.098143480197017,22.736249494552613,NA,NA,0
Ostorhinchus limenus,-33.84,151.28,2023,4,29,10,25,-34_151,21.129122734069824,22.6852970123291,21.098143480197017,22.736249494552613,NA,NA,0
Ostorhinchus limenus,-33.84,151.28,2023,4,29,12.5,5,-34_151,21.129122734069824,22.6852970123291,21.098143480197017,22.736249494552613,NA,NA,0
Ostorhinchus limenus,-33.8,151.29,2023,3,23,7.5,3,-34_151,21.129122734069824,24.101327896118164,21.098143480197017,23.9985478308893,2002,Cabbage Tree Bay Aquatic Reserve,1
Ostorhinchus limenus,-33.8,151.29,2023,3,23,10,2,-34_151,21.129122734069824,24.101327896118164,21.098143480197017,23.9985478308893,2002,Cabbage Tree Bay Aquatic Reserve,1
Ostorhinchus limenus,-33.8,151.29,2023,3,23,12.5,1,-34_151,21.129122734069824,24.101327896118164,21.098143480197017,23.9985478308893,2002,Cabbage Tree Bay Aquatic Reserve,1
Ostorhinchus limenus,-35.12,150.75,2023,5,23,2.5,45,-35_151,20.63033644358317,20.25985336303711,21.00919716368765,20.776451295421968,NA,NA,0
Ostorhinchus limenus,-35.12,150.75,2023,5,23,5,45,-35_151,20.63033644358317,20.25985336303711,21.00919716368765,20.776451295421968,NA,NA,0
Ostorhinchus limenus,-35.12,150.75,2023,5,23,7.5,12,-35_151,20.63033644358317,20.25985336303711,21.00919716368765,20.776451295421968,NA,NA,0
Ostorhinchus limenus,-35.12,150.75,2023,5,23,10,3,-35_151,20.63033644358317,20.25985336303711,21.00919716368765,20.776451295421968,NA,NA,0
Ostorhinchus limenus,-35.12,150.75,2023,5,23,12.5,1,-35_151,20.63033644358317,20.25985336303711,21.00919716368765,20.776451295421968,NA,NA,0
Ostorhinchus limenus,-35.13,150.73,2023,5,22,7.5,3,-35_151,20.63033644358317,20.25985336303711,21.00919716368765,20.776451295421968,NA,NA,0
Ostorhinchus limenus,-35.13,150.73,2023,5,22,10,1,-35_151,20.63033644358317,20.25985336303711,21.00919716368765,20.776451295421968,NA,NA,0
Ostorhinchus limenus,-34.07,151.13,2023,6,18,12.5,4,-34_151,21.129122734069824,19.17034149169922,21.098143480197017,18.87183299064636,1982,Shiprock Aquatic Reserve,1
Ostorhinchus limenus,-35.12,150.71,2023,5,22,7.5,2,-35_151,20.63033644358317,20.25985336303711,21.00919716368765,20.776451295421968,NA,NA,0
Ostorhinchus limenus,-35.12,150.71,2023,5,22,10,5,-35_151,20.63033644358317,20.25985336303711,21.00919716368765,20.776451295421968,NA,NA,0
Ostorhinchus limenus,-35.12,150.76,2023,5,24,7.5,2,-35_151,20.63033644358317,20.25985336303711,21.00919716368765,20.776451295421968,2002,Booderee National Park,1
Ostorhinchus limenus,-35.12,150.75,2023,5,23,15,1,-35_151,20.63033644358317,20.25985336303711,21.00919716368765,20.776451295421968,NA,NA,0
Ostorhinchus limenus,-35.12,150.75,2023,5,23,15,2,-35_151,20.63033644358317,20.25985336303711,21.00919716368765,20.776451295421968,NA,NA,0
Ostorhinchus limenus,-35.13,150.73,2023,5,22,2.5,15,-35_151,20.63033644358317,20.25985336303711,21.00919716368765,20.776451295421968,NA,NA,0
Ostorhinchus limenus,-35.13,150.73,2023,5,22,5,12,-35_151,20.63033644358317,20.25985336303711,21.00919716368765,20.776451295421968,NA,NA,0
Ostorhinchus limenus,-35.13,150.75,2023,5,23,2.5,25,-35_151,20.63033644358317,20.25985336303711,21.00919716368765,20.776451295421968,NA,NA,0
Ostorhinchus limenus,-35.13,150.75,2023,5,23,5,18,-35_151,20.63033644358317,20.25985336303711,21.00919716368765,20.776451295421968,NA,NA,0
Ostorhinchus limenus,-33.82,151.27,2023,4,10,7.5,1,-34_151,21.129122734069824,22.6852970123291,21.098143480197017,22.736249494552613,NA,NA,0
Ostorhinchus limenus,-34,151.24,2023,3,5,12.5,2,-34_151,21.129122734069824,24.101327896118164,21.098143480197017,23.9985478308893,NA,NA,0
Ostorhinchus limenus,-34,151.24,2023,3,5,12.5,1,-34_151,21.129122734069824,24.101327896118164,21.098143480197017,23.9985478308893,NA,NA,0
Ostorhinchus limenus,-35.07,150.69,2016,4,3,5,1,-35_151,20.669610341389973,22.880043029785156,21.274100916582,22.28422171274821,NA,NA,0
Ostorhinchus limenus,-35.07,150.69,2016,4,3,10,2,-35_151,20.669610341389973,22.880043029785156,21.274100916582,22.28422171274821,NA,NA,0
Ostorhinchus limenus,-35.07,150.69,2016,4,3,12.5,2,-35_151,20.669610341389973,22.880043029785156,21.274100916582,22.28422171274821,NA,NA,0
Ostorhinchus limenus,-32.71,152.16,2021,8,1,5,3,-33_152,21.3498477935791,18.92409896850586,21.406593004298873,18.754757645309613,1983,Fly Point-Halifax Park,1
Ostorhinchus limenus,-32.71,152.16,2021,8,1,7.5,1,-33_152,21.3498477935791,18.92409896850586,21.406593004298873,18.754757645309613,1983,Fly Point-Halifax Park,1
Ostorhinchus limenus,-35.13,150.73,2023,4,1,7.5,1,-35_151,20.63033644358317,21.939029693603516,21.00919716368765,22.74777734544542,NA,NA,0
Ostorhinchus limenus,-35.13,150.73,2023,4,1,10,3,-35_151,20.63033644358317,21.939029693603516,21.00919716368765,22.74777734544542,NA,NA,0
Ostorhinchus limenus,-35.02,150.76,2023,4,1,5,1,-35_151,20.63033644358317,21.939029693603516,21.00919716368765,22.74777734544542,2002,Jervis Bay Marine Park,1
Ostorhinchus limenus,-35.06,150.77,2023,4,2,2.5,5,-35_151,20.63033644358317,21.939029693603516,21.00919716368765,22.74777734544542,2002,Jervis Bay Marine Park,1
Ostorhinchus limenus,-35.06,150.77,2023,4,2,7.5,2,-35_151,20.63033644358317,21.939029693603516,21.00919716368765,22.74777734544542,2002,Jervis Bay Marine Park,1
Ostorhinchus limenus,-35.06,150.77,2023,4,2,12.5,1,-35_151,20.63033644358317,21.939029693603516,21.00919716368765,22.74777734544542,2002,Jervis Bay Marine Park,1
Ostorhinchus limenus,-35.06,150.77,2023,4,2,5,2,-35_151,20.63033644358317,21.939029693603516,21.00919716368765,22.74777734544542,2002,Jervis Bay Marine Park,1
Ostorhinchus limenus,-35.06,150.77,2023,4,2,7.5,4,-35_151,20.63033644358317,21.939029693603516,21.00919716368765,22.74777734544542,2002,Jervis Bay Marine Park,1
Ostorhinchus limenus,-35.12,150.71,2023,4,1,12.5,3,-35_151,20.63033644358317,21.939029693603516,21.00919716368765,22.74777734544542,NA,NA,0
Ostorhinchus limenus,-35.08,150.79,2023,4,3,10,3,-35_151,20.63033644358317,21.939029693603516,21.00919716368765,22.74777734544542,2002,Jervis Bay Marine Park,1
Ostorhinchus limenus,-35.13,150.73,2023,4,1,7.5,1,-35_151,20.63033644358317,21.939029693603516,21.00919716368765,22.74777734544542,NA,NA,0
Ostorhinchus limenus,-35.13,150.73,2023,4,1,12.5,4,-35_151,20.63033644358317,21.939029693603516,21.00919716368765,22.74777734544542,NA,NA,0
Ostorhinchus limenus,-35.11,150.77,2023,3,31,10,3,-35_151,20.63033644358317,23.542360305786133,21.00919716368765,24.165483351676695,2002,Booderee National Park,1
Ostorhinchus limenus,-35.02,150.76,2023,4,1,10,1,-35_151,20.63033644358317,21.939029693603516,21.00919716368765,22.74777734544542,2002,Jervis Bay Marine Park,1
Ostorhinchus limenus,-35.02,150.76,2023,4,1,2.5,10,-35_151,20.63033644358317,21.939029693603516,21.00919716368765,22.74777734544542,2002,Jervis Bay Marine Park,1
Ostorhinchus limenus,-35.02,150.76,2023,4,1,7.5,1,-35_151,20.63033644358317,21.939029693603516,21.00919716368765,22.74777734544542,2002,Jervis Bay Marine Park,1
Ostorhinchus limenus,-35.06,150.77,2023,4,2,12.5,1,-35_151,20.63033644358317,21.939029693603516,21.00919716368765,22.74777734544542,2002,Jervis Bay Marine Park,1
Ostorhinchus limenus,-35.12,150.75,2023,3,31,5,15,-35_151,20.63033644358317,23.542360305786133,21.00919716368765,24.165483351676695,NA,NA,0
Ostorhinchus limenus,-35.12,150.71,2023,4,1,7.5,1,-35_151,20.63033644358317,21.939029693603516,21.00919716368765,22.74777734544542,NA,NA,0
Ostorhinchus limenus,-35.12,150.75,2023,3,31,12.5,1,-35_151,20.63033644358317,23.542360305786133,21.00919716368765,24.165483351676695,NA,NA,0
Ostorhinchus limenus,-32.71,152.16,2021,7,31,7.5,2,-33_152,21.3498477935791,19.080385208129883,21.406593004298873,19.294730755590624,1983,Fly Point-Halifax Park,1
Ostorhinchus limenus,-35.08,150.79,2023,4,3,10,5,-35_151,20.63033644358317,21.939029693603516,21.00919716368765,22.74777734544542,2002,Jervis Bay Marine Park,1
Ostorhinchus limenus,-35.08,150.79,2023,4,3,12.5,2,-35_151,20.63033644358317,21.939029693603516,21.00919716368765,22.74777734544542,2002,Jervis Bay Marine Park,1
Ostorhinchus limenus,-35.08,150.79,2023,4,3,7.5,5,-35_151,20.63033644358317,21.939029693603516,21.00919716368765,22.74777734544542,2002,Jervis Bay Marine Park,1
Ostorhinchus limenus,-35.08,150.79,2023,4,3,10,2,-35_151,20.63033644358317,21.939029693603516,21.00919716368765,22.74777734544542,2002,Jervis Bay Marine Park,1
Ostorhinchus limenus,-33.84,151.28,2021,12,11,10,13,-34_151,20.64797862370809,22.177095413208008,20.950210547590647,22.682096265977428,NA,NA,0
Ostorhinchus limenus,-33.84,151.28,2021,12,11,12.5,13,-34_151,20.64797862370809,22.177095413208008,20.950210547590647,22.682096265977428,NA,NA,0
Ostorhinchus limenus,-33.84,151.28,2021,12,11,15,14,-34_151,20.64797862370809,22.177095413208008,20.950210547590647,22.682096265977428,NA,NA,0
Ostorhinchus limenus,-33.8,151.3,2021,12,12,7.5,5,-34_151,20.64797862370809,22.177095413208008,20.950210547590647,22.682096265977428,2002,Cabbage Tree Bay Aquatic Reserve,1
Ostorhinchus limenus,-33.8,151.3,2021,12,12,10,5,-34_151,20.64797862370809,22.177095413208008,20.950210547590647,22.682096265977428,2002,Cabbage Tree Bay Aquatic Reserve,1
Ostorhinchus limenus,-33.8,151.3,2021,12,12,12.5,2,-34_151,20.64797862370809,22.177095413208008,20.950210547590647,22.682096265977428,2002,Cabbage Tree Bay Aquatic Reserve,1
Ostorhinchus limenus,-33.8,151.27,2022,1,8,7.5,2,-34_151,20.85954205195109,23.8652400970459,21.210269496203445,23.798467174653084,NA,NA,0
Ostorhinchus limenus,-33.8,151.27,2022,1,8,10,2,-34_151,20.85954205195109,23.8652400970459,21.210269496203445,23.798467174653084,NA,NA,0
Ostorhinchus limenus,-33.8,151.27,2022,1,8,20,1,-34_151,20.85954205195109,23.8652400970459,21.210269496203445,23.798467174653084,NA,NA,0
Ostorhinchus limenus,-33.84,151.28,2021,12,11,10,2,-34_151,20.64797862370809,22.177095413208008,20.950210547590647,22.682096265977428,NA,NA,0
Ostorhinchus limenus,-33.8,151.28,2022,1,8,5,3,-34_151,20.85954205195109,23.8652400970459,21.210269496203445,23.798467174653084,NA,NA,0
Ostorhinchus limenus,-33.8,151.28,2022,1,8,7.5,4,-34_151,20.85954205195109,23.8652400970459,21.210269496203445,23.798467174653084,NA,NA,0
Ostorhinchus limenus,-33.8,151.28,2022,1,8,10,4,-34_151,20.85954205195109,23.8652400970459,21.210269496203445,23.798467174653084,NA,NA,0
Ostorhinchus limenus,-33.8,151.28,2022,1,8,12.5,3,-34_151,20.85954205195109,23.8652400970459,21.210269496203445,23.798467174653084,NA,NA,0
Ostorhinchus limenus,-33.8,151.28,2022,1,8,15,1,-34_151,20.85954205195109,23.8652400970459,21.210269496203445,23.798467174653084,NA,NA,0
Ostorhinchus limenus,-33.82,151.29,2022,5,10,5,9,-34_151,20.85954205195109,21.968141555786133,21.210269496203445,22.905321982599073,NA,NA,0
Ostorhinchus limenus,-33.82,151.29,2022,5,10,7.5,9,-34_151,20.85954205195109,21.968141555786133,21.210269496203445,22.905321982599073,NA,NA,0
Ostorhinchus limenus,-33.82,151.29,2022,5,10,10,3,-34_151,20.85954205195109,21.968141555786133,21.210269496203445,22.905321982599073,NA,NA,0
Ostorhinchus limenus,-33.82,151.29,2022,5,10,12.5,1,-34_151,20.85954205195109,21.968141555786133,21.210269496203445,22.905321982599073,NA,NA,0
Ostorhinchus limenus,-33.8,151.28,2022,1,8,5,2,-34_151,20.85954205195109,23.8652400970459,21.210269496203445,23.798467174653084,NA,NA,0
Ostorhinchus limenus,-33.8,151.28,2022,1,8,7.5,3,-34_151,20.85954205195109,23.8652400970459,21.210269496203445,23.798467174653084,NA,NA,0
Ostorhinchus limenus,-33.8,151.28,2022,1,8,10,3,-34_151,20.85954205195109,23.8652400970459,21.210269496203445,23.798467174653084,NA,NA,0
Ostorhinchus limenus,-33.8,151.28,2022,1,8,12.5,2,-34_151,20.85954205195109,23.8652400970459,21.210269496203445,23.798467174653084,NA,NA,0
Ostorhinchus limenus,-33.83,151.28,2022,5,10,7.5,1,-34_151,20.85954205195109,21.968141555786133,21.210269496203445,22.905321982599073,NA,NA,0
Ostorhinchus limenus,-33.83,151.28,2022,5,10,12.5,1,-34_151,20.85954205195109,21.968141555786133,21.210269496203445,22.905321982599073,NA,NA,0
Ostorhinchus limenus,-33.83,151.28,2022,5,10,15,1,-34_151,20.85954205195109,21.968141555786133,21.210269496203445,22.905321982599073,NA,NA,0
Ostorhinchus limenus,-34.07,151.13,2022,5,19,10,1,-34_151,20.85954205195109,21.968141555786133,21.210269496203445,22.905321982599073,1982,Shiprock Aquatic Reserve,1
Ostorhinchus limenus,-34.07,151.13,2022,5,19,12.5,1,-34_151,20.85954205195109,21.968141555786133,21.210269496203445,22.905321982599073,1982,Shiprock Aquatic Reserve,1
Ostorhinchus limenus,-34.07,151.13,2022,5,19,7.5,2,-34_151,20.85954205195109,21.968141555786133,21.210269496203445,22.905321982599073,1982,Shiprock Aquatic Reserve,1
Ostorhinchus limenus,-33.83,151.28,2022,5,10,7.5,21,-34_151,20.85954205195109,21.968141555786133,21.210269496203445,22.905321982599073,NA,NA,0
Ostorhinchus limenus,-33.83,151.28,2022,5,10,10,22,-34_151,20.85954205195109,21.968141555786133,21.210269496203445,22.905321982599073,NA,NA,0
Ostorhinchus limenus,-33.83,151.26,2022,4,30,7.5,2,-34_151,20.85954205195109,22.986236572265625,21.210269496203445,23.226666116714476,NA,NA,0
Ostorhinchus limenus,-33.83,151.26,2022,4,30,10,8,-34_151,20.85954205195109,22.986236572265625,21.210269496203445,23.226666116714476,NA,NA,0
Ostorhinchus limenus,-33.83,151.26,2022,4,30,12.5,3,-34_151,20.85954205195109,22.986236572265625,21.210269496203445,23.226666116714476,NA,NA,0
Ostorhinchus limenus,-33.83,151.26,2022,4,30,15,3,-34_151,20.85954205195109,22.986236572265625,21.210269496203445,23.226666116714476,NA,NA,0
Ostorhinchus limenus,-33.83,151.28,2022,5,10,12.5,21,-34_151,20.85954205195109,21.968141555786133,21.210269496203445,22.905321982599073,NA,NA,0
Ostorhinchus limenus,-33.83,151.26,2022,4,30,10,7,-34_151,20.85954205195109,22.986236572265625,21.210269496203445,23.226666116714476,NA,NA,0
Ostorhinchus limenus,-33.83,151.26,2022,4,30,2.5,10,-34_151,20.85954205195109,22.986236572265625,21.210269496203445,23.226666116714476,NA,NA,0
Ostorhinchus limenus,-33.83,151.26,2022,4,30,5,12,-34_151,20.85954205195109,22.986236572265625,21.210269496203445,23.226666116714476,NA,NA,0
Ostorhinchus limenus,-33.83,151.26,2022,4,30,7.5,12,-34_151,20.85954205195109,22.986236572265625,21.210269496203445,23.226666116714476,NA,NA,0
Ostorhinchus limenus,-33.83,151.26,2022,4,30,10,11,-34_151,20.85954205195109,22.986236572265625,21.210269496203445,23.226666116714476,NA,NA,0
Ostorhinchus limenus,-33.83,151.28,2022,5,10,5,3,-34_151,20.85954205195109,21.968141555786133,21.210269496203445,22.905321982599073,NA,NA,0
Ostorhinchus limenus,-33.83,151.28,2022,5,10,7.5,3,-34_151,20.85954205195109,21.968141555786133,21.210269496203445,22.905321982599073,NA,NA,0
Ostorhinchus limenus,-33.83,151.28,2022,5,10,10,3,-34_151,20.85954205195109,21.968141555786133,21.210269496203445,22.905321982599073,NA,NA,0
Ostorhinchus limenus,-33.83,151.28,2022,5,10,12.5,3,-34_151,20.85954205195109,21.968141555786133,21.210269496203445,22.905321982599073,NA,NA,0
Ostorhinchus limenus,-33.83,151.26,2022,4,30,7.5,10,-34_151,20.85954205195109,22.986236572265625,21.210269496203445,23.226666116714476,NA,NA,0
Ostorhinchus limenus,-33.83,151.26,2022,4,30,10,10,-34_151,20.85954205195109,22.986236572265625,21.210269496203445,23.226666116714476,NA,NA,0
Ostorhinchus limenus,-33.83,151.28,2022,5,10,7.5,2,-34_151,20.85954205195109,21.968141555786133,21.210269496203445,22.905321982599073,NA,NA,0
Ostorhinchus limenus,-33.83,151.28,2022,5,10,10,2,-34_151,20.85954205195109,21.968141555786133,21.210269496203445,22.905321982599073,NA,NA,0
Ostorhinchus limenus,-33.83,151.28,2022,5,10,12.5,2,-34_151,20.85954205195109,21.968141555786133,21.210269496203445,22.905321982599073,NA,NA,0
Ostorhinchus limenus,-33.83,151.27,2022,4,30,7.5,4,-34_151,20.85954205195109,22.986236572265625,21.210269496203445,23.226666116714476,NA,NA,0
Ostorhinchus limenus,-33.83,151.27,2022,4,30,10,4,-34_151,20.85954205195109,22.986236572265625,21.210269496203445,23.226666116714476,NA,NA,0
Ostorhinchus limenus,-33.83,151.27,2022,4,30,12.5,2,-34_151,20.85954205195109,22.986236572265625,21.210269496203445,23.226666116714476,NA,NA,0
Ostorhinchus limenus,-33.83,151.27,2022,4,30,12.5,4,-34_151,20.85954205195109,22.986236572265625,21.210269496203445,23.226666116714476,NA,NA,0
Ostorhinchus limenus,-33.8,151.3,2021,12,12,7.5,2,-34_151,20.64797862370809,22.177095413208008,20.950210547590647,22.682096265977428,2002,Cabbage Tree Bay Aquatic Reserve,1
Ostorhinchus limenus,-33.8,151.3,2021,12,12,10,4,-34_151,20.64797862370809,22.177095413208008,20.950210547590647,22.682096265977428,2002,Cabbage Tree Bay Aquatic Reserve,1
Ostorhinchus limenus,-33.8,151.3,2021,12,12,12.5,4,-34_151,20.64797862370809,22.177095413208008,20.950210547590647,22.682096265977428,2002,Cabbage Tree Bay Aquatic Reserve,1
Ostorhinchus limenus,-33.8,151.3,2021,12,12,10,5,-34_151,20.64797862370809,22.177095413208008,20.950210547590647,22.682096265977428,2002,Cabbage Tree Bay Aquatic Reserve,1
Ostorhinchus limenus,-33.8,151.3,2021,12,12,12.5,5,-34_151,20.64797862370809,22.177095413208008,20.950210547590647,22.682096265977428,2002,Cabbage Tree Bay Aquatic Reserve,1
Ostorhinchus limenus,-33.83,151.27,2022,4,30,7.5,3,-34_151,20.85954205195109,22.986236572265625,21.210269496203445,23.226666116714476,NA,NA,0
Ostorhinchus limenus,-33.83,151.27,2022,4,30,10,3,-34_151,20.85954205195109,22.986236572265625,21.210269496203445,23.226666116714476,NA,NA,0
Ostorhinchus limenus,-33.83,151.27,2022,4,30,12.5,3,-34_151,20.85954205195109,22.986236572265625,21.210269496203445,23.226666116714476,NA,NA,0
Ostorhinchus limenus,-33.83,151.27,2022,4,30,10,1,-34_151,20.85954205195109,22.986236572265625,21.210269496203445,23.226666116714476,NA,NA,0
Ostorhinchus limenus,-33.82,151.29,2022,5,10,12.5,2,-34_151,20.85954205195109,21.968141555786133,21.210269496203445,22.905321982599073,NA,NA,0
Ostorhinchus limenus,-33.99,151.23,2023,7,12,12.5,1,-34_151,21.129122734069824,18.543296813964844,21.098143480197017,18.46580608429447,NA,NA,0
Ostorhinchus limenus,-32.72,152.14,2024,2,23,2.5,1,-33_152,21.951420148213703,25.276979446411133,21.69310426197982,25.077384477374196,NA,NA,0
Ostorhinchus limenus,-32.71,152.16,2024,3,9,5,5,-33_152,21.951420148213703,24.8126220703125,21.69310426197982,23.836693030531688,1983,Fly Point-Halifax Park,1
Ostorhinchus limenus,-32.71,152.16,2024,3,9,7.5,10,-33_152,21.951420148213703,24.8126220703125,21.69310426197982,23.836693030531688,1983,Fly Point-Halifax Park,1
Ostorhinchus limenus,-32.71,152.16,2024,3,9,10,5,-33_152,21.951420148213703,24.8126220703125,21.69310426197982,23.836693030531688,1983,Fly Point-Halifax Park,1
Ostorhinchus limenus,-32.71,152.16,2024,3,9,5,10,-33_152,21.951420148213703,24.8126220703125,21.69310426197982,23.836693030531688,1983,Fly Point-Halifax Park,1
Ostorhinchus limenus,-32.71,152.16,2024,3,9,7.5,1,-33_152,21.951420148213703,24.8126220703125,21.69310426197982,23.836693030531688,1983,Fly Point-Halifax Park,1
Ostorhinchus limenus,-33.99,151.23,2023,7,16,10,1,-34_151,21.129122734069824,18.543296813964844,21.098143480197017,18.46580608429447,NA,NA,0
Ostorhinchus limenus,-33.8,151.29,2023,12,16,12.5,2,-34_151,21.129122734069824,22.388893127441406,21.098143480197017,22.514596246903945,2002,Cabbage Tree Bay Aquatic Reserve,1
Ostorhinchus limenus,-33.8,151.29,2023,12,16,15,2,-34_151,21.129122734069824,22.388893127441406,21.098143480197017,22.514596246903945,2002,Cabbage Tree Bay Aquatic Reserve,1
Ostorhinchus limenus,-32.71,152.16,2024,3,15,2.5,10,-33_152,21.951420148213703,24.8126220703125,21.69310426197982,23.836693030531688,1983,Fly Point-Halifax Park,1
Ostorhinchus limenus,-32.71,152.16,2024,3,15,5,15,-33_152,21.951420148213703,24.8126220703125,21.69310426197982,23.836693030531688,1983,Fly Point-Halifax Park,1
Ostorhinchus limenus,-32.71,152.16,2024,3,15,7.5,11,-33_152,21.951420148213703,24.8126220703125,21.69310426197982,23.836693030531688,1983,Fly Point-Halifax Park,1
Ostorhinchus limenus,-32.71,152.16,2024,3,15,10,12,-33_152,21.951420148213703,24.8126220703125,21.69310426197982,23.836693030531688,1983,Fly Point-Halifax Park,1
Ostorhinchus limenus,-32.71,152.16,2024,3,15,7.5,15,-33_152,21.951420148213703,24.8126220703125,21.69310426197982,23.836693030531688,1983,Fly Point-Halifax Park,1
Ostorhinchus limenus,-32.72,152.15,2024,2,25,2.5,30,-33_152,21.951420148213703,25.276979446411133,21.69310426197982,25.077384477374196,NA,NA,0
Ostorhinchus limenus,-32.72,152.15,2024,2,25,7.5,3,-33_152,21.951420148213703,25.276979446411133,21.69310426197982,25.077384477374196,NA,NA,0
Ostorhinchus limenus,-32.72,152.15,2024,2,25,10,2,-33_152,21.951420148213703,25.276979446411133,21.69310426197982,25.077384477374196,NA,NA,0
Ostorhinchus limenus,-32.72,152.15,2024,2,25,5,1,-33_152,21.951420148213703,25.276979446411133,21.69310426197982,25.077384477374196,NA,NA,0
Ostorhinchus limenus,-32.74,152.19,2024,5,26,7.5,10,-33_152,21.951420148213703,22.405046463012695,21.69310426197982,21.77204256673013,NA,NA,0
Ostorhinchus limenus,-32.74,152.19,2024,5,26,10,4,-33_152,21.951420148213703,22.405046463012695,21.69310426197982,21.77204256673013,NA,NA,0
Ostorhinchus limenus,-32.74,152.19,2024,5,26,12.5,2,-33_152,21.951420148213703,22.405046463012695,21.69310426197982,21.77204256673013,NA,NA,0
Ostorhinchus limenus,-32.74,152.19,2024,5,26,5,1,-33_152,21.951420148213703,22.405046463012695,21.69310426197982,21.77204256673013,NA,NA,0
Ostorhinchus limenus,-32.71,152.16,2024,5,25,5,35,-33_152,21.951420148213703,22.405046463012695,21.69310426197982,21.77204256673013,1983,Fly Point-Halifax Park,1
Ostorhinchus limenus,-32.71,152.16,2024,5,25,7.5,45,-33_152,21.951420148213703,22.405046463012695,21.69310426197982,21.77204256673013,1983,Fly Point-Halifax Park,1
Ostorhinchus limenus,-32.71,152.16,2024,5,25,10,15,-33_152,21.951420148213703,22.405046463012695,21.69310426197982,21.77204256673013,1983,Fly Point-Halifax Park,1
Ostorhinchus limenus,-32.71,152.15,2024,5,23,5,3,-33_152,21.951420148213703,22.405046463012695,21.69310426197982,21.77204256673013,1983,Fly Point-Halifax Park,1
Ostorhinchus limenus,-32.71,152.15,2024,5,23,7.5,2,-33_152,21.951420148213703,22.405046463012695,21.69310426197982,21.77204256673013,1983,Fly Point-Halifax Park,1
Ostorhinchus limenus,-32.71,152.15,2024,5,23,10,1,-33_152,21.951420148213703,22.405046463012695,21.69310426197982,21.77204256673013,1983,Fly Point-Halifax Park,1
Ostorhinchus limenus,-32.71,152.15,2024,5,23,5,30,-33_152,21.951420148213703,22.405046463012695,21.69310426197982,21.77204256673013,1983,Fly Point-Halifax Park,1
Ostorhinchus limenus,-32.71,152.15,2024,5,23,7.5,40,-33_152,21.951420148213703,22.405046463012695,21.69310426197982,21.77204256673013,1983,Fly Point-Halifax Park,1
Ostorhinchus limenus,-32.71,152.15,2024,5,23,10,50,-33_152,21.951420148213703,22.405046463012695,21.69310426197982,21.77204256673013,1983,Fly Point-Halifax Park,1
Ostorhinchus limenus,-32.71,152.15,2024,5,25,5,1,-33_152,21.951420148213703,22.405046463012695,21.69310426197982,21.77204256673013,1983,Fly Point-Halifax Park,1
Ostorhinchus limenus,-32.69,152.22,2024,5,26,7.5,3,-33_152,21.951420148213703,22.405046463012695,21.69310426197982,21.77204256673013,NA,NA,0
Ostorhinchus limenus,-32.69,152.22,2024,5,26,10,5,-33_152,21.951420148213703,22.405046463012695,21.69310426197982,21.77204256673013,NA,NA,0
Ostorhinchus limenus,-32.69,152.22,2024,5,26,12.5,3,-33_152,21.951420148213703,22.405046463012695,21.69310426197982,21.77204256673013,NA,NA,0
Ostorhinchus limenus,-32.69,152.22,2024,5,26,5,20,-33_152,21.951420148213703,22.405046463012695,21.69310426197982,21.77204256673013,NA,NA,0
Ostorhinchus limenus,-32.69,152.22,2024,5,26,7.5,20,-33_152,21.951420148213703,22.405046463012695,21.69310426197982,21.77204256673013,NA,NA,0
Ostorhinchus limenus,-32.69,152.22,2024,5,26,10,10,-33_152,21.951420148213703,22.405046463012695,21.69310426197982,21.77204256673013,NA,NA,0
Ostorhinchus limenus,-35.02,150.76,2024,3,22,10,3,-35_151,20.62244240442912,23.54745101928711,20.650039007906045,23.621074840586672,2002,Jervis Bay Marine Park,1
Ostorhinchus limenus,-35.02,150.76,2024,3,22,12.5,3,-35_151,20.62244240442912,23.54745101928711,20.650039007906045,23.621074840586672,2002,Jervis Bay Marine Park,1
Ostorhinchus limenus,-35.08,150.8,2024,3,25,10,1,-35_151,20.62244240442912,23.54745101928711,20.650039007906045,23.621074840586672,2002,Jervis Bay Marine Park,1
Ostorhinchus limenus,-35.08,150.8,2024,3,25,12.5,4,-35_151,20.62244240442912,23.54745101928711,20.650039007906045,23.621074840586672,2002,Jervis Bay Marine Park,1
Ostorhinchus limenus,-35.08,150.8,2024,3,25,15,1,-35_151,20.62244240442912,23.54745101928711,20.650039007906045,23.621074840586672,2002,Jervis Bay Marine Park,1
Ostorhinchus limenus,-35.08,150.8,2024,3,25,20,1,-35_151,20.62244240442912,23.54745101928711,20.650039007906045,23.621074840586672,2002,Jervis Bay Marine Park,1
Ostorhinchus limenus,-35.08,150.8,2024,3,25,12.5,5,-35_151,20.62244240442912,23.54745101928711,20.650039007906045,23.621074840586672,2002,Jervis Bay Marine Park,1
Ostorhinchus limenus,-32.71,152.16,2024,5,26,5,5,-33_152,21.951420148213703,22.405046463012695,21.69310426197982,21.77204256673013,1983,Fly Point-Halifax Park,1
Ostorhinchus limenus,-32.71,152.16,2024,5,26,7.5,3,-33_152,21.951420148213703,22.405046463012695,21.69310426197982,21.77204256673013,1983,Fly Point-Halifax Park,1
Ostorhinchus limenus,-32.71,152.16,2024,5,26,10,4,-33_152,21.951420148213703,22.405046463012695,21.69310426197982,21.77204256673013,1983,Fly Point-Halifax Park,1
Ostorhinchus limenus,-32.71,152.16,2024,5,26,12.5,4,-33_152,21.951420148213703,22.405046463012695,21.69310426197982,21.77204256673013,1983,Fly Point-Halifax Park,1
Ostorhinchus limenus,-32.71,152.16,2024,5,26,7.5,2,-33_152,21.951420148213703,22.405046463012695,21.69310426197982,21.77204256673013,1983,Fly Point-Halifax Park,1
Ostorhinchus limenus,-32.71,152.15,2024,5,25,7.5,2,-33_152,21.951420148213703,22.405046463012695,21.69310426197982,21.77204256673013,1983,Fly Point-Halifax Park,1
Ostorhinchus limenus,-32.71,152.15,2024,5,25,5,4,-33_152,21.951420148213703,22.405046463012695,21.69310426197982,21.77204256673013,1983,Fly Point-Halifax Park,1
Ostorhinchus limenus,-32.71,152.15,2024,5,25,10,2,-33_152,21.951420148213703,22.405046463012695,21.69310426197982,21.77204256673013,1983,Fly Point-Halifax Park,1
Ostorhinchus limenus,-35.13,150.73,2024,3,23,10,2,-35_151,20.62244240442912,23.54745101928711,20.650039007906045,23.621074840586672,NA,NA,0
Ostorhinchus limenus,-32.6,152.32,2024,5,24,5,1,-33_152,21.951420148213703,22.405046463012695,21.69310426197982,21.77204256673013,NA,NA,0
Ostorhinchus limenus,-32.72,152.14,2024,4,27,5,1,-33_152,21.951420148213703,24.0943546295166,21.69310426197982,23.514888355467058,NA,NA,0
Ostorhinchus limenus,-32.72,152.14,2024,4,27,7.5,1,-33_152,21.951420148213703,24.0943546295166,21.69310426197982,23.514888355467058,NA,NA,0
Ostorhinchus limenus,-35.13,150.73,2024,3,23,10,3,-35_151,20.62244240442912,23.54745101928711,20.650039007906045,23.621074840586672,NA,NA,0
Ostorhinchus limenus,-32.62,152.33,2024,5,24,10,2,-33_152,21.951420148213703,22.405046463012695,21.69310426197982,21.77204256673013,2007,Port Stephens Great Lake Marine Park,1
Ostorhinchus limenus,-32.74,152.19,2024,5,26,10,2,-33_152,21.951420148213703,22.405046463012695,21.69310426197982,21.77204256673013,NA,NA,0
Ostorhinchus limenus,-32.74,152.19,2024,5,26,12.5,1,-33_152,21.951420148213703,22.405046463012695,21.69310426197982,21.77204256673013,NA,NA,0
Ostorhinchus limenus,-32.69,152.22,2024,5,26,7.5,2,-33_152,21.951420148213703,22.405046463012695,21.69310426197982,21.77204256673013,NA,NA,0
Ostorhinchus limenus,-32.69,152.22,2024,5,26,10,1,-33_152,21.951420148213703,22.405046463012695,21.69310426197982,21.77204256673013,NA,NA,0
Ostorhinchus limenus,-32.71,152.16,2024,5,26,10,1,-33_152,21.951420148213703,22.405046463012695,21.69310426197982,21.77204256673013,1983,Fly Point-Halifax Park,1
Ostorhinchus limenus,-32.71,152.16,2024,5,26,12.5,2,-33_152,21.951420148213703,22.405046463012695,21.69310426197982,21.77204256673013,1983,Fly Point-Halifax Park,1
Ostorhinchus limenus,-32.71,152.16,2024,5,26,7.5,3,-33_152,21.951420148213703,22.405046463012695,21.69310426197982,21.77204256673013,1983,Fly Point-Halifax Park,1
Ostorhinchus limenus,-32.71,152.16,2024,5,26,10,2,-33_152,21.951420148213703,22.405046463012695,21.69310426197982,21.77204256673013,1983,Fly Point-Halifax Park,1
Ostorhinchus limenus,-32.69,152.22,2024,5,26,10,2,-33_152,21.951420148213703,22.405046463012695,21.69310426197982,21.77204256673013,NA,NA,0
Ostorhinchus limenus,-32.6,152.32,2024,5,24,10,2,-33_152,21.951420148213703,22.405046463012695,21.69310426197982,21.77204256673013,NA,NA,0
Ostorhinchus limenus,-32.71,152.16,2024,5,25,5,12,-33_152,21.951420148213703,22.405046463012695,21.69310426197982,21.77204256673013,1983,Fly Point-Halifax Park,1
Ostorhinchus limenus,-32.71,152.16,2024,5,25,7.5,30,-33_152,21.951420148213703,22.405046463012695,21.69310426197982,21.77204256673013,1983,Fly Point-Halifax Park,1
Ostorhinchus limenus,-32.71,152.16,2024,5,25,10,25,-33_152,21.951420148213703,22.405046463012695,21.69310426197982,21.77204256673013,1983,Fly Point-Halifax Park,1
Ostorhinchus limenus,-32.71,152.16,2024,3,22,2.5,2,-33_152,21.951420148213703,24.8126220703125,21.69310426197982,23.836693030531688,1983,Fly Point-Halifax Park,1
Ostorhinchus limenus,-32.71,152.16,2024,3,22,5,2,-33_152,21.951420148213703,24.8126220703125,21.69310426197982,23.836693030531688,1983,Fly Point-Halifax Park,1
Ostorhinchus limenus,-32.71,152.16,2024,3,22,7.5,1,-33_152,21.951420148213703,24.8126220703125,21.69310426197982,23.836693030531688,1983,Fly Point-Halifax Park,1
Ostorhinchus limenus,-32.71,152.16,2024,3,22,10,1,-33_152,21.951420148213703,24.8126220703125,21.69310426197982,23.836693030531688,1983,Fly Point-Halifax Park,1
Ostorhinchus limenus,-32.71,152.16,2024,3,22,5,4,-33_152,21.951420148213703,24.8126220703125,21.69310426197982,23.836693030531688,1983,Fly Point-Halifax Park,1
Ostorhinchus limenus,-32.71,152.16,2024,3,22,7.5,2,-33_152,21.951420148213703,24.8126220703125,21.69310426197982,23.836693030531688,1983,Fly Point-Halifax Park,1
Ostorhinchus limenus,-32.71,152.16,2024,3,22,7.5,1,-33_152,21.951420148213703,24.8126220703125,21.69310426197982,23.836693030531688,1983,Fly Point-Halifax Park,1
Ostorhinchus limenus,-32.71,152.16,2024,3,22,10,5,-33_152,21.951420148213703,24.8126220703125,21.69310426197982,23.836693030531688,1983,Fly Point-Halifax Park,1
Ostorhinchus limenus,-32.71,152.16,2024,3,22,5,8,-33_152,21.951420148213703,24.8126220703125,21.69310426197982,23.836693030531688,1983,Fly Point-Halifax Park,1
Ostorhinchus limenus,-32.71,152.16,2024,3,22,10,2,-33_152,21.951420148213703,24.8126220703125,21.69310426197982,23.836693030531688,1983,Fly Point-Halifax Park,1
Ostorhinchus limenus,-32.71,152.15,2024,7,27,5,2,-33_152,21.951420148213703,19.351760864257813,21.69310426197982,18.483386721662296,1983,Fly Point-Halifax Park,1
Ostorhinchus limenus,-32.71,152.15,2024,7,27,7.5,5,-33_152,21.951420148213703,19.351760864257813,21.69310426197982,18.483386721662296,1983,Fly Point-Halifax Park,1
Ostorhinchus limenus,-32.71,152.15,2024,7,27,5,3,-33_152,21.951420148213703,19.351760864257813,21.69310426197982,18.483386721662296,1983,Fly Point-Halifax Park,1
Ostorhinchus limenus,-32.71,152.15,2024,7,27,7.5,4,-33_152,21.951420148213703,19.351760864257813,21.69310426197982,18.483386721662296,1983,Fly Point-Halifax Park,1
Ostorhinchus limenus,-32.71,152.15,2024,7,27,7.5,2,-33_152,21.951420148213703,19.351760864257813,21.69310426197982,18.483386721662296,1983,Fly Point-Halifax Park,1
Ostorhinchus limenus,-32.71,152.15,2024,7,27,10,15,-33_152,21.951420148213703,19.351760864257813,21.69310426197982,18.483386721662296,1983,Fly Point-Halifax Park,1
Ostorhinchus limenus,-32.71,152.15,2024,7,27,7.5,7,-33_152,21.951420148213703,19.351760864257813,21.69310426197982,18.483386721662296,1983,Fly Point-Halifax Park,1
Ostorhinchus limenus,-32.71,152.15,2024,7,27,10,12,-33_152,21.951420148213703,19.351760864257813,21.69310426197982,18.483386721662296,1983,Fly Point-Halifax Park,1
Ostorhinchus limenus,-35.11,150.77,2024,9,14,7.5,1,-35_151,20.62244240442912,17.653892517089844,20.650039007906045,18.450999577840168,2002,Booderee National Park,1
Ostorhinchus limenus,-32.71,152.16,2024,12,30,5,5,-33_152,21.951420148213703,22.93827438354492,21.69310426197982,22.06844037066224,1983,Fly Point-Halifax Park,1
Ostorhinchus limenus,-32.71,152.16,2024,12,30,7.5,11,-33_152,21.951420148213703,22.93827438354492,21.69310426197982,22.06844037066224,1983,Fly Point-Halifax Park,1
Ostorhinchus limenus,-32.71,152.16,2024,12,30,10,5,-33_152,21.951420148213703,22.93827438354492,21.69310426197982,22.06844037066224,1983,Fly Point-Halifax Park,1
Ostorhinchus limenus,-32.71,152.16,2024,12,30,7.5,2,-33_152,21.951420148213703,22.93827438354492,21.69310426197982,22.06844037066224,1983,Fly Point-Halifax Park,1
Ostorhinchus limenus,-32.71,152.15,2024,7,27,5,35,-33_152,21.951420148213703,19.351760864257813,21.69310426197982,18.483386721662296,1983,Fly Point-Halifax Park,1
Ostorhinchus limenus,-32.71,152.15,2024,7,27,7.5,45,-33_152,21.951420148213703,19.351760864257813,21.69310426197982,18.483386721662296,1983,Fly Point-Halifax Park,1
Ostorhinchus limenus,-32.71,152.15,2024,7,27,10,10,-33_152,21.951420148213703,19.351760864257813,21.69310426197982,18.483386721662296,1983,Fly Point-Halifax Park,1
Ostorhinchus limenus,-32.71,152.15,2024,10,20,5,1,-33_152,21.951420148213703,20.192569732666016,21.69310426197982,20.67067158094017,1983,Fly Point-Halifax Park,1
Ostorhinchus limenus,-32.71,152.15,2024,10,20,7.5,2,-33_152,21.951420148213703,20.192569732666016,21.69310426197982,20.67067158094017,1983,Fly Point-Halifax Park,1
Ostorhinchus limenus,-32.71,152.15,2024,10,20,5,5,-33_152,21.951420148213703,20.192569732666016,21.69310426197982,20.67067158094017,1983,Fly Point-Halifax Park,1
Ostorhinchus limenus,-32.71,152.15,2024,7,27,5,25,-33_152,21.951420148213703,19.351760864257813,21.69310426197982,18.483386721662296,1983,Fly Point-Halifax Park,1
Ostorhinchus limenus,-32.71,152.15,2024,7,27,7.5,13,-33_152,21.951420148213703,19.351760864257813,21.69310426197982,18.483386721662296,1983,Fly Point-Halifax Park,1
Ostorhinchus limenus,-35.13,150.73,2024,3,23,10,1,-35_151,20.62244240442912,23.54745101928711,20.650039007906045,23.621074840586672,NA,NA,0
Ostorhinchus limenus,-35.13,150.73,2024,3,23,10,10,-35_151,20.62244240442912,23.54745101928711,20.650039007906045,23.621074840586672,NA,NA,0
Ostorhinchus limenus,-35.11,150.77,2024,9,14,10,2,-35_151,20.62244240442912,17.653892517089844,20.650039007906045,18.450999577840168,2002,Booderee National Park,1
Ostorhinchus limenus,-35.08,150.79,2024,3,23,10,1,-35_151,20.62244240442912,23.54745101928711,20.650039007906045,23.621074840586672,2002,Jervis Bay Marine Park,1
Ostorhinchus limenus,-35.08,150.79,2024,3,23,12.5,1,-35_151,20.62244240442912,23.54745101928711,20.650039007906045,23.621074840586672,2002,Jervis Bay Marine Park,1
Ostorhinchus limenus,-35.11,150.77,2024,3,22,10,3,-35_151,20.62244240442912,23.54745101928711,20.650039007906045,23.621074840586672,NA,NA,0
Ostorhinchus limenus,-35.11,150.77,2024,3,22,12.5,4,-35_151,20.62244240442912,23.54745101928711,20.650039007906045,23.621074840586672,NA,NA,0
Ostorhinchus limenus,-35.11,150.77,2024,3,22,15,1,-35_151,20.62244240442912,23.54745101928711,20.650039007906045,23.621074840586672,NA,NA,0
Ostorhinchus limenus,-35.13,150.75,2024,3,24,5,4,-35_151,20.62244240442912,23.54745101928711,20.650039007906045,23.621074840586672,NA,NA,0
Ostorhinchus limenus,-35.07,150.77,2024,3,22,12.5,1,-35_151,20.62244240442912,23.54745101928711,20.650039007906045,23.621074840586672,2002,Jervis Bay Marine Park,1
Ostorhinchus limenus,-35.06,150.77,2024,9,13,10,2,-35_151,20.62244240442912,17.653892517089844,20.650039007906045,18.450999577840168,2002,Jervis Bay Marine Park,1
Ostorhinchus limenus,-35.07,150.69,2024,3,23,10,2,-35_151,20.62244240442912,23.54745101928711,20.650039007906045,23.621074840586672,NA,NA,0
Ostorhinchus limenus,-35.07,150.69,2024,3,23,10,1,-35_151,20.62244240442912,23.54745101928711,20.650039007906045,23.621074840586672,NA,NA,0
Ostorhinchus limenus,-35.07,150.69,2024,3,23,12.5,1,-35_151,20.62244240442912,23.54745101928711,20.650039007906045,23.621074840586672,NA,NA,0
Ostorhinchus limenus,-35.06,150.77,2024,9,13,10,1,-35_151,20.62244240442912,17.653892517089844,20.650039007906045,18.450999577840168,2002,Jervis Bay Marine Park,1
Ostorhinchus limenus,-35.11,150.77,2024,3,22,10,1,-35_151,20.62244240442912,23.54745101928711,20.650039007906045,23.621074840586672,2002,Booderee National Park,1
Ostorhinchus limenus,-35.02,150.76,2024,3,22,10,5,-35_151,20.62244240442912,23.54745101928711,20.650039007906045,23.621074840586672,2002,Jervis Bay Marine Park,1
Ostorhinchus limenus,-35.02,150.76,2024,3,22,10,2,-35_151,20.62244240442912,23.54745101928711,20.650039007906045,23.621074840586672,2002,Jervis Bay Marine Park,1
Ostorhinchus limenus,-35.02,150.76,2024,3,22,7.5,1,-35_151,20.62244240442912,23.54745101928711,20.650039007906045,23.621074840586672,2002,Jervis Bay Marine Park,1
Ostorhinchus limenus,-35.02,150.76,2024,3,22,10,6,-35_151,20.62244240442912,23.54745101928711,20.650039007906045,23.621074840586672,2002,Jervis Bay Marine Park,1
Ostorhinchus limenus,-35.02,150.76,2024,3,22,10,1,-35_151,20.62244240442912,23.54745101928711,20.650039007906045,23.621074840586672,2002,Jervis Bay Marine Park,1
Ostorhinchus limenus,-35.08,150.8,2024,3,25,15,1,-35_151,20.62244240442912,23.54745101928711,20.650039007906045,23.621074840586672,2002,Jervis Bay Marine Park,1
Ostorhinchus limenus,-35.08,150.79,2024,3,23,7.5,3,-35_151,20.62244240442912,23.54745101928711,20.650039007906045,23.621074840586672,2002,Jervis Bay Marine Park,1
Ostorhinchus limenus,-35.08,150.79,2024,3,23,10,2,-35_151,20.62244240442912,23.54745101928711,20.650039007906045,23.621074840586672,2002,Jervis Bay Marine Park,1
Ostorhinchus limenus,-35.11,150.77,2024,9,14,12.5,1,-35_151,20.62244240442912,17.653892517089844,20.650039007906045,18.450999577840168,2002,Booderee National Park,1
Ostorhinchus limenus,-35.12,150.75,2024,9,14,10,2,-35_151,20.62244240442912,17.653892517089844,20.650039007906045,18.450999577840168,NA,NA,0
Ostorhinchus limenus,-32.72,152.15,2025,1,3,7.5,9,-33_152,21.96507183710734,24.189916610717773,21.869863116580444,23.711128439954532,NA,NA,0
Ostorhinchus limenus,-32.72,152.15,2025,1,3,10,5,-33_152,21.96507183710734,24.189916610717773,21.869863116580444,23.711128439954532,NA,NA,0
Ostorhinchus limenus,-35.11,150.77,2024,3,22,10,1,-35_151,20.62244240442912,23.54745101928711,20.650039007906045,23.621074840586672,NA,NA,0
Ostorhinchus limenus,-35.08,150.79,2024,3,23,7.5,2,-35_151,20.62244240442912,23.54745101928711,20.650039007906045,23.621074840586672,2002,Jervis Bay Marine Park,1
Ostorhinchus limenus,-35.08,150.79,2024,3,23,10,4,-35_151,20.62244240442912,23.54745101928711,20.650039007906045,23.621074840586672,2002,Jervis Bay Marine Park,1
Ostorhinchus limenus,-35.08,150.79,2024,3,23,12.5,2,-35_151,20.62244240442912,23.54745101928711,20.650039007906045,23.621074840586672,2002,Jervis Bay Marine Park,1
Ostorhinchus limenus,-32.72,152.15,2025,1,3,7.5,3,-33_152,21.96507183710734,24.189916610717773,21.869863116580444,23.711128439954532,NA,NA,0
Ostorhinchus limenus,-32.72,152.15,2025,1,3,10,3,-33_152,21.96507183710734,24.189916610717773,21.869863116580444,23.711128439954532,NA,NA,0
Ostorhinchus limenus,-32.71,152.16,2025,1,12,5,15,-33_152,21.96507183710734,24.189916610717773,21.869863116580444,23.711128439954532,1983,Fly Point-Halifax Park,1
Ostorhinchus limenus,-32.71,152.16,2025,1,12,7.5,15,-33_152,21.96507183710734,24.189916610717773,21.869863116580444,23.711128439954532,1983,Fly Point-Halifax Park,1
Ostorhinchus limenus,-32.71,152.16,2025,1,12,10,25,-33_152,21.96507183710734,24.189916610717773,21.869863116580444,23.711128439954532,1983,Fly Point-Halifax Park,1
Ostorhinchus limenus,-32.71,152.16,2025,1,12,12.5,3,-33_152,21.96507183710734,24.189916610717773,21.869863116580444,23.711128439954532,1983,Fly Point-Halifax Park,1
Ostorhinchus limenus,-32.71,152.16,2025,1,12,5,10,-33_152,21.96507183710734,24.189916610717773,21.869863116580444,23.711128439954532,1983,Fly Point-Halifax Park,1
Ostorhinchus limenus,-32.71,152.16,2025,1,12,10,11,-33_152,21.96507183710734,24.189916610717773,21.869863116580444,23.711128439954532,1983,Fly Point-Halifax Park,1
Ostorhinchus limenus,-35.12,150.75,2024,9,14,12.5,1,-35_151,20.62244240442912,17.653892517089844,20.650039007906045,18.450999577840168,NA,NA,0
Ostorhinchus limenus,-35.08,150.8,2024,3,25,7.5,1,-35_151,20.62244240442912,23.54745101928711,20.650039007906045,23.621074840586672,2002,Jervis Bay Marine Park,1
Ostorhinchus limenus,-35.08,150.8,2024,3,25,10,1,-35_151,20.62244240442912,23.54745101928711,20.650039007906045,23.621074840586672,2002,Jervis Bay Marine Park,1
Ostorhinchus limenus,-35.08,150.8,2024,3,25,12.5,1,-35_151,20.62244240442912,23.54745101928711,20.650039007906045,23.621074840586672,2002,Jervis Bay Marine Park,1
Ostorhinchus limenus,-35.07,150.77,2024,3,22,10,1,-35_151,20.62244240442912,23.54745101928711,20.650039007906045,23.621074840586672,2002,Jervis Bay Marine Park,1
Ostorhinchus limenus,-35.07,150.77,2024,3,22,12.5,2,-35_151,20.62244240442912,23.54745101928711,20.650039007906045,23.621074840586672,2002,Jervis Bay Marine Park,1
Ostorhinchus limenus,-32.74,152.19,2025,3,23,5,2,-33_152,21.96507183710734,24.03554916381836,21.869863116580444,24.37680054736394,NA,NA,0
Ostorhinchus limenus,-32.74,152.19,2025,3,23,10,1,-33_152,21.96507183710734,24.03554916381836,21.869863116580444,24.37680054736394,NA,NA,0
Ostorhinchus limenus,-32.74,152.19,2025,3,23,12.5,1,-33_152,21.96507183710734,24.03554916381836,21.869863116580444,24.37680054736394,NA,NA,0
Ostorhinchus limenus,-32.69,152.22,2025,3,23,7.5,5,-33_152,21.96507183710734,24.03554916381836,21.869863116580444,24.37680054736394,NA,NA,0
Ostorhinchus limenus,-32.69,152.22,2025,3,23,10,10,-33_152,21.96507183710734,24.03554916381836,21.869863116580444,24.37680054736394,NA,NA,0
Ostorhinchus limenus,-32.69,152.22,2025,3,23,5,10,-33_152,21.96507183710734,24.03554916381836,21.869863116580444,24.37680054736394,NA,NA,0
Ostorhinchus limenus,-32.69,152.22,2025,3,23,10,5,-33_152,21.96507183710734,24.03554916381836,21.869863116580444,24.37680054736394,NA,NA,0
Ostorhinchus limenus,-32.71,152.16,2025,3,15,7.5,22,-33_152,21.96507183710734,24.03554916381836,21.869863116580444,24.37680054736394,1983,Fly Point-Halifax Park,1
Ostorhinchus limenus,-32.71,152.16,2025,3,15,10,23,-33_152,21.96507183710734,24.03554916381836,21.869863116580444,24.37680054736394,1983,Fly Point-Halifax Park,1
Ostorhinchus limenus,-32.62,152.33,2025,3,22,5,8,-33_152,21.96507183710734,24.03554916381836,21.869863116580444,24.37680054736394,2007,Port Stephens Great Lake Marine Park,1
Ostorhinchus limenus,-32.71,152.16,2025,3,15,7.5,4,-33_152,21.96507183710734,24.03554916381836,21.869863116580444,24.37680054736394,1983,Fly Point-Halifax Park,1
Ostorhinchus limenus,-32.71,152.16,2025,3,15,10,2,-33_152,21.96507183710734,24.03554916381836,21.869863116580444,24.37680054736394,1983,Fly Point-Halifax Park,1
Ostorhinchus limenus,-32.69,152.22,2025,3,23,5,1,-33_152,21.96507183710734,24.03554916381836,21.869863116580444,24.37680054736394,NA,NA,0
Ostorhinchus limenus,-32.69,152.22,2025,3,23,12.5,3,-33_152,21.96507183710734,24.03554916381836,21.869863116580444,24.37680054736394,NA,NA,0
Ostorhinchus limenus,-32.69,152.22,2025,3,23,7.5,1,-33_152,21.96507183710734,24.03554916381836,21.869863116580444,24.37680054736394,NA,NA,0
Ostorhinchus limenus,-32.69,152.22,2025,3,23,10,2,-33_152,21.96507183710734,24.03554916381836,21.869863116580444,24.37680054736394,NA,NA,0
Ostorhinchus limenus,-32.69,152.22,2025,3,23,5,2,-33_152,21.96507183710734,24.03554916381836,21.869863116580444,24.37680054736394,NA,NA,0
Ostorhinchus limenus,-32.69,152.22,2025,3,23,7.5,2,-33_152,21.96507183710734,24.03554916381836,21.869863116580444,24.37680054736394,NA,NA,0
Ostorhinchus limenus,-32.69,152.22,2025,3,23,10,1,-33_152,21.96507183710734,24.03554916381836,21.869863116580444,24.37680054736394,NA,NA,0
Ostorhinchus limenus,-32.71,152.16,2025,3,15,7.5,6,-33_152,21.96507183710734,24.03554916381836,21.869863116580444,24.37680054736394,1983,Fly Point-Halifax Park,1
Ostorhinchus limenus,-32.71,152.16,2025,3,15,7.5,1,-33_152,21.96507183710734,24.03554916381836,21.869863116580444,24.37680054736394,1983,Fly Point-Halifax Park,1
Ostorhinchus limenus,-32.74,152.19,2025,3,23,10,1,-33_152,21.96507183710734,24.03554916381836,21.869863116580444,24.37680054736394,NA,NA,0
Ostorhinchus limenus,-32.74,152.19,2025,3,23,7.5,2,-33_152,21.96507183710734,24.03554916381836,21.869863116580444,24.37680054736394,NA,NA,0
Ostorhinchus limenus,-32.71,152.16,2025,3,14,5,10,-33_152,21.96507183710734,24.03554916381836,21.869863116580444,24.37680054736394,1983,Fly Point-Halifax Park,1
Ostorhinchus limenus,-32.71,152.16,2025,3,14,7.5,25,-33_152,21.96507183710734,24.03554916381836,21.869863116580444,24.37680054736394,1983,Fly Point-Halifax Park,1
Ostorhinchus limenus,-32.71,152.16,2025,3,14,10,30,-33_152,21.96507183710734,24.03554916381836,21.869863116580444,24.37680054736394,1983,Fly Point-Halifax Park,1
Ostorhinchus limenus,-32.71,152.16,2025,3,14,7.5,45,-33_152,21.96507183710734,24.03554916381836,21.869863116580444,24.37680054736394,1983,Fly Point-Halifax Park,1
Ostorhinchus limenus,-32.71,152.16,2025,3,14,10,25,-33_152,21.96507183710734,24.03554916381836,21.869863116580444,24.37680054736394,1983,Fly Point-Halifax Park,1
Ostorhinchus limenus,-32.74,152.19,2025,3,23,5,3,-33_152,21.96507183710734,24.03554916381836,21.869863116580444,24.37680054736394,NA,NA,0
Ostorhinchus limenus,-32.74,152.19,2025,3,23,7.5,3,-33_152,21.96507183710734,24.03554916381836,21.869863116580444,24.37680054736394,NA,NA,0
Ostorhinchus limenus,-32.74,152.19,2025,3,23,10,5,-33_152,21.96507183710734,24.03554916381836,21.869863116580444,24.37680054736394,NA,NA,0
Ostorhinchus limenus,-32.71,152.16,2025,3,15,5,2,-33_152,21.96507183710734,24.03554916381836,21.869863116580444,24.37680054736394,1983,Fly Point-Halifax Park,1
Ostorhinchus limenus,-32.74,152.19,2025,3,23,10,1,-33_152,21.96507183710734,24.03554916381836,21.869863116580444,24.37680054736394,NA,NA,0
Ostorhinchus limenus,-32.71,152.16,2025,3,15,7.5,4,-33_152,21.96507183710734,24.03554916381836,21.869863116580444,24.37680054736394,1983,Fly Point-Halifax Park,1
Ostorhinchus limenus,-32.71,152.16,2025,3,15,10,3,-33_152,21.96507183710734,24.03554916381836,21.869863116580444,24.37680054736394,1983,Fly Point-Halifax Park,1
Ostorhinchus limenus,-32.71,152.16,2025,3,15,12.5,2,-33_152,21.96507183710734,24.03554916381836,21.869863116580444,24.37680054736394,1983,Fly Point-Halifax Park,1
Ostorhinchus limenus,-32.71,152.15,2025,3,21,7.5,10,-33_152,21.96507183710734,24.03554916381836,21.869863116580444,24.37680054736394,1983,Fly Point-Halifax Park,1
Ostorhinchus limenus,-32.71,152.15,2025,3,21,10,10,-33_152,21.96507183710734,24.03554916381836,21.869863116580444,24.37680054736394,1983,Fly Point-Halifax Park,1
Ostorhinchus limenus,-32.71,152.15,2025,3,21,5,15,-33_152,21.96507183710734,24.03554916381836,21.869863116580444,24.37680054736394,1983,Fly Point-Halifax Park,1
Ostorhinchus limenus,-32.71,152.15,2025,3,21,7.5,25,-33_152,21.96507183710734,24.03554916381836,21.869863116580444,24.37680054736394,1983,Fly Point-Halifax Park,1
Ostorhinchus limenus,-32.72,152.15,2025,3,1,7.5,7,-33_152,21.96507183710734,24.03554916381836,21.869863116580444,24.37680054736394,NA,NA,0
Ostorhinchus limenus,-32.72,152.15,2025,3,1,10,5,-33_152,21.96507183710734,24.03554916381836,21.869863116580444,24.37680054736394,NA,NA,0
Ostorhinchus limenus,-32.72,152.15,2025,3,1,12.5,3,-33_152,21.96507183710734,24.03554916381836,21.869863116580444,24.37680054736394,NA,NA,0
Ostorhinchus limenus,-32.72,152.15,2025,3,1,5,2,-33_152,21.96507183710734,24.03554916381836,21.869863116580444,24.37680054736394,NA,NA,0
Ostorhinchus limenus,-32.72,152.15,2025,3,1,7.5,2,-33_152,21.96507183710734,24.03554916381836,21.869863116580444,24.37680054736394,NA,NA,0
Ostorhinchus limenus,-32.71,152.15,2025,3,21,5,3,-33_152,21.96507183710734,24.03554916381836,21.869863116580444,24.37680054736394,1983,Fly Point-Halifax Park,1
Ostorhinchus limenus,-32.71,152.16,2025,6,18,2.5,1,-33_152,21.96507183710734,20.434694290161133,21.869863116580444,20.581832864549423,1983,Fly Point-Halifax Park,1
Ostorhinchus limenus,-32.71,152.16,2025,6,18,5,2,-33_152,21.96507183710734,20.434694290161133,21.869863116580444,20.581832864549423,1983,Fly Point-Halifax Park,1
Ostorhinchus limenus,-32.71,152.16,2025,6,18,7.5,2,-33_152,21.96507183710734,20.434694290161133,21.869863116580444,20.581832864549423,1983,Fly Point-Halifax Park,1
Ostorhinchus limenus,-32.71,152.16,2025,6,18,5,6,-33_152,21.96507183710734,20.434694290161133,21.869863116580444,20.581832864549423,1983,Fly Point-Halifax Park,1
Ostorhinchus limenus,-32.72,152.14,2025,6,24,5,1,-33_152,21.96507183710734,20.434694290161133,21.869863116580444,20.581832864549423,NA,NA,0
Ostorhinchus limenus,-32.72,152.14,2025,6,24,7.5,1,-33_152,21.96507183710734,20.434694290161133,21.869863116580444,20.581832864549423,NA,NA,0
Ostorhinchus limenus,-32.72,152.14,2025,6,24,5,4,-33_152,21.96507183710734,20.434694290161133,21.869863116580444,20.581832864549423,NA,NA,0
Ostorhinchus limenus,-32.71,152.15,2025,6,19,5,10,-33_152,21.96507183710734,20.434694290161133,21.869863116580444,20.581832864549423,1983,Fly Point-Halifax Park,1
Ostorhinchus limenus,-32.71,152.15,2025,6,19,7.5,5,-33_152,21.96507183710734,20.434694290161133,21.869863116580444,20.581832864549423,1983,Fly Point-Halifax Park,1
Ostorhinchus limenus,-32.71,152.15,2025,6,19,5,1,-33_152,21.96507183710734,20.434694290161133,21.869863116580444,20.581832864549423,1983,Fly Point-Halifax Park,1
Ostorhinchus limenus,-32.71,152.15,2025,6,19,7.5,1,-33_152,21.96507183710734,20.434694290161133,21.869863116580444,20.581832864549423,1983,Fly Point-Halifax Park,1
Ostorhinchus limenus,-32.72,152.14,2025,6,24,5,2,-33_152,21.96507183710734,20.434694290161133,21.869863116580444,20.581832864549423,NA,NA,0
Ostorhinchus limenus,-32.72,152.14,2025,6,24,2.5,1,-33_152,21.96507183710734,20.434694290161133,21.869863116580444,20.581832864549423,NA,NA,0
Ostorhinchus limenus,-32.71,152.16,2025,8,27,5,2,-33_152,21.96507183710734,19.37647819519043,21.869863116580444,19.558198523777783,1983,Fly Point-Halifax Park,1
Ostorhinchus limenus,-32.71,152.16,2025,8,27,7.5,2,-33_152,21.96507183710734,19.37647819519043,21.869863116580444,19.558198523777783,1983,Fly Point-Halifax Park,1
Ostorhinchus limenus,-32.71,152.16,2025,8,27,2.5,2,-33_152,21.96507183710734,19.37647819519043,21.869863116580444,19.558198523777783,1983,Fly Point-Halifax Park,1
Ostorhinchus limenus,-32.71,152.16,2025,8,27,5,1,-33_152,21.96507183710734,19.37647819519043,21.869863116580444,19.558198523777783,1983,Fly Point-Halifax Park,1
Ostorhinchus limenus,-32.71,152.16,2025,8,27,7.5,1,-33_152,21.96507183710734,19.37647819519043,21.869863116580444,19.558198523777783,1983,Fly Point-Halifax Park,1
Ostorhinchus limenus,-32.71,152.16,2025,8,27,5,2,-33_152,21.96507183710734,19.37647819519043,21.869863116580444,19.558198523777783,1983,Fly Point-Halifax Park,1
Ostorhinchus limenus,-33.8,151.3,2025,1,25,10,7,-34_151,21.187352498372395,23.47337532043457,21.260576019779084,22.956047811815814,2002,Cabbage Tree Bay Aquatic Reserve,1
Ostorhinchus limenus,-33.84,151.29,2025,4,5,10,1,-34_151,21.187352498372395,22.778133392333984,21.260576019779084,23.954416195551556,NA,NA,0
Ostorhinchus limenus,-33.84,151.28,2025,3,1,12.5,1,-34_151,21.187352498372395,23.450756072998047,21.260576019779084,23.964112343326693,NA,NA,0
Ostorhinchus limenus,-33.84,151.28,2025,3,1,10,1,-34_151,21.187352498372395,23.450756072998047,21.260576019779084,23.964112343326693,NA,NA,0
Ostorhinchus limenus,-33.81,151.31,2025,4,6,10,1,-34_151,21.187352498372395,22.778133392333984,21.260576019779084,23.954416195551556,NA,NA,0
Ostorhinchus limenus,-33.81,151.31,2025,4,6,12.5,1,-34_151,21.187352498372395,22.778133392333984,21.260576019779084,23.954416195551556,NA,NA,0
Ostorhinchus limenus,-33.83,151.27,2025,6,4,5,2,-34_151,21.187352498372395,19.616315841674805,21.260576019779084,19.09166630109151,NA,NA,0
Ostorhinchus limenus,-33.83,151.27,2025,6,4,7.5,5,-34_151,21.187352498372395,19.616315841674805,21.260576019779084,19.09166630109151,NA,NA,0
Ostorhinchus limenus,-33.83,151.27,2025,6,4,10,8,-34_151,21.187352498372395,19.616315841674805,21.260576019779084,19.09166630109151,NA,NA,0
Ostorhinchus limenus,-33.83,151.27,2025,6,4,7.5,1,-34_151,21.187352498372395,19.616315841674805,21.260576019779084,19.09166630109151,NA,NA,0
Ostorhinchus limenus,-33.8,151.29,2025,2,22,10,10,-34_151,21.187352498372395,24.86787796020508,21.260576019779084,24.045178072793146,2002,Cabbage Tree Bay Aquatic Reserve,1
Ostorhinchus limenus,-33.8,151.29,2025,2,22,12.5,2,-34_151,21.187352498372395,24.86787796020508,21.260576019779084,24.045178072793146,2002,Cabbage Tree Bay Aquatic Reserve,1
Ostorhinchus limenus,-33.8,151.29,2025,2,22,10,1,-34_151,21.187352498372395,24.86787796020508,21.260576019779084,24.045178072793146,2002,Cabbage Tree Bay Aquatic Reserve,1
Ostorhinchus limenus,-33.8,151.29,2025,2,22,12.5,4,-34_151,21.187352498372395,24.86787796020508,21.260576019779084,24.045178072793146,2002,Cabbage Tree Bay Aquatic Reserve,1
Ostorhinchus limenus,-33.8,151.29,2025,2,22,10,6,-34_151,21.187352498372395,24.86787796020508,21.260576019779084,24.045178072793146,2002,Cabbage Tree Bay Aquatic Reserve,1
Ostorhinchus limenus,-33.8,151.29,2025,2,22,12.5,6,-34_151,21.187352498372395,24.86787796020508,21.260576019779084,24.045178072793146,2002,Cabbage Tree Bay Aquatic Reserve,1
Ostorhinchus limenus,-33.83,151.26,2025,4,6,10,2,-34_151,21.187352498372395,22.778133392333984,21.260576019779084,23.954416195551556,NA,NA,0
Ostorhinchus limenus,-33.83,151.26,2025,4,6,12.5,2,-34_151,21.187352498372395,22.778133392333984,21.260576019779084,23.954416195551556,NA,NA,0
Ostorhinchus limenus,-33.83,151.26,2025,4,6,10,1,-34_151,21.187352498372395,22.778133392333984,21.260576019779084,23.954416195551556,NA,NA,0
Ostorhinchus limenus,-33.83,151.26,2025,4,6,12.5,1,-34_151,21.187352498372395,22.778133392333984,21.260576019779084,23.954416195551556,NA,NA,0
Ostorhinchus limenus,-33.84,151.28,2025,4,4,7.5,3,-34_151,21.187352498372395,22.778133392333984,21.260576019779084,23.954416195551556,NA,NA,0
Ostorhinchus limenus,-33.84,151.28,2025,4,4,10,5,-34_151,21.187352498372395,22.778133392333984,21.260576019779084,23.954416195551556,NA,NA,0
Ostorhinchus limenus,-33.84,151.28,2025,4,4,12.5,4,-34_151,21.187352498372395,22.778133392333984,21.260576019779084,23.954416195551556,NA,NA,0
Ostorhinchus limenus,-33.84,151.28,2025,3,1,10,2,-34_151,21.187352498372395,23.450756072998047,21.260576019779084,23.964112343326693,NA,NA,0
Ostorhinchus limenus,-33.84,151.28,2025,3,1,12.5,3,-34_151,21.187352498372395,23.450756072998047,21.260576019779084,23.964112343326693,NA,NA,0
Ostorhinchus limenus,-33.8,151.27,2025,2,24,7.5,1,-34_151,21.187352498372395,24.86787796020508,21.260576019779084,24.045178072793146,NA,NA,0
Ostorhinchus limenus,-33.8,151.27,2025,2,24,10,11,-34_151,21.187352498372395,24.86787796020508,21.260576019779084,24.045178072793146,NA,NA,0
Ostorhinchus limenus,-33.8,151.27,2025,2,24,12.5,4,-34_151,21.187352498372395,24.86787796020508,21.260576019779084,24.045178072793146,NA,NA,0
Ostorhinchus limenus,-33.8,151.3,2025,1,25,10,3,-34_151,21.187352498372395,23.47337532043457,21.260576019779084,22.956047811815814,2002,Cabbage Tree Bay Aquatic Reserve,1
Ostorhinchus limenus,-33.84,151.28,2025,3,1,10,20,-34_151,21.187352498372395,23.450756072998047,21.260576019779084,23.964112343326693,NA,NA,0
Ostorhinchus limenus,-35.11,150.77,2025,3,14,7.5,6,-35_151,20.519055366516113,23.2081298828125,20.919477143229063,23.425160705402337,NA,NA,0
Ostorhinchus limenus,-33.81,151.31,2025,6,4,10,2,-34_151,21.187352498372395,19.616315841674805,21.260576019779084,19.09166630109151,NA,NA,0
Ostorhinchus limenus,-33.8,151.28,2025,2,26,10,14,-34_151,21.187352498372395,24.86787796020508,21.260576019779084,24.045178072793146,NA,NA,0
Ostorhinchus limenus,-33.8,151.28,2025,2,26,10,2,-34_151,21.187352498372395,24.86787796020508,21.260576019779084,24.045178072793146,NA,NA,0
Ostorhinchus limenus,-33.8,151.3,2025,2,22,10,2,-34_151,21.187352498372395,24.86787796020508,21.260576019779084,24.045178072793146,2002,Cabbage Tree Bay Aquatic Reserve,1
Ostorhinchus limenus,-33.8,151.3,2025,2,22,12.5,1,-34_151,21.187352498372395,24.86787796020508,21.260576019779084,24.045178072793146,2002,Cabbage Tree Bay Aquatic Reserve,1
Ostorhinchus limenus,-35.11,150.77,2025,3,14,5,1,-35_151,20.519055366516113,23.2081298828125,20.919477143229063,23.425160705402337,NA,NA,0
Ostorhinchus limenus,-35.07,150.77,2025,3,15,5,1,-35_151,20.519055366516113,23.2081298828125,20.919477143229063,23.425160705402337,2002,Jervis Bay Marine Park,1
Ostorhinchus limenus,-35.07,150.77,2025,3,15,7.5,4,-35_151,20.519055366516113,23.2081298828125,20.919477143229063,23.425160705402337,2002,Jervis Bay Marine Park,1
Ostorhinchus limenus,-33.84,151.28,2025,3,1,10,10,-34_151,21.187352498372395,23.450756072998047,21.260576019779084,23.964112343326693,NA,NA,0
Ostorhinchus limenus,-33.84,151.28,2025,3,1,12.5,1,-34_151,21.187352498372395,23.450756072998047,21.260576019779084,23.964112343326693,NA,NA,0
Ostorhinchus limenus,-33.84,151.28,2025,3,1,2.5,2,-34_151,21.187352498372395,23.450756072998047,21.260576019779084,23.964112343326693,NA,NA,0
Ostorhinchus limenus,-33.84,151.28,2025,3,1,5,5,-34_151,21.187352498372395,23.450756072998047,21.260576019779084,23.964112343326693,NA,NA,0
Ostorhinchus limenus,-35.13,150.73,2025,3,15,2.5,3,-35_151,20.519055366516113,23.2081298828125,20.919477143229063,23.425160705402337,NA,NA,0
Ostorhinchus limenus,-35.13,150.73,2025,3,15,5,4,-35_151,20.519055366516113,23.2081298828125,20.919477143229063,23.425160705402337,NA,NA,0
Ostorhinchus limenus,-35.13,150.73,2025,3,15,2.5,14,-35_151,20.519055366516113,23.2081298828125,20.919477143229063,23.425160705402337,NA,NA,0
Ostorhinchus limenus,-35.13,150.73,2025,3,15,5,5,-35_151,20.519055366516113,23.2081298828125,20.919477143229063,23.425160705402337,NA,NA,0
Ostorhinchus limenus,-35.13,150.73,2025,3,15,7.5,1,-35_151,20.519055366516113,23.2081298828125,20.919477143229063,23.425160705402337,NA,NA,0
Ostorhinchus limenus,-35.08,150.79,2025,3,16,10,1,-35_151,20.519055366516113,23.2081298828125,20.919477143229063,23.425160705402337,2002,Jervis Bay Marine Park,1
Ostorhinchus limenus,-35.07,150.77,2025,3,15,7.5,1,-35_151,20.519055366516113,23.2081298828125,20.919477143229063,23.425160705402337,2002,Jervis Bay Marine Park,1
Ostorhinchus limenus,-35.11,150.77,2025,3,14,5,2,-35_151,20.519055366516113,23.2081298828125,20.919477143229063,23.425160705402337,NA,NA,0
Ostorhinchus limenus,-35.11,150.77,2025,3,14,7.5,1,-35_151,20.519055366516113,23.2081298828125,20.919477143229063,23.425160705402337,NA,NA,0
Ostorhinchus limenus,-35.11,150.77,2025,3,14,10,4,-35_151,20.519055366516113,23.2081298828125,20.919477143229063,23.425160705402337,NA,NA,0
Ostorhinchus limenus,-35.11,150.77,2025,3,13,7.5,2,-35_151,20.519055366516113,23.2081298828125,20.919477143229063,23.425160705402337,2002,Booderee National Park,1
Ostorhinchus limenus,-35.07,150.77,2025,3,15,7.5,3,-35_151,20.519055366516113,23.2081298828125,20.919477143229063,23.425160705402337,2002,Jervis Bay Marine Park,1
Ostorhinchus limenus,-35.07,150.77,2025,3,15,12.5,1,-35_151,20.519055366516113,23.2081298828125,20.919477143229063,23.425160705402337,2002,Jervis Bay Marine Park,1
Ostorhinchus limenus,-35.07,150.77,2025,3,15,15,1,-35_151,20.519055366516113,23.2081298828125,20.919477143229063,23.425160705402337,2002,Jervis Bay Marine Park,1
Ostorhinchus limenus,-35.07,150.77,2025,3,15,7.5,3,-35_151,20.519055366516113,23.2081298828125,20.919477143229063,23.425160705402337,2002,Jervis Bay Marine Park,1
Ostorhinchus limenus,-35.07,150.77,2025,3,15,12.5,1,-35_151,20.519055366516113,23.2081298828125,20.919477143229063,23.425160705402337,2002,Jervis Bay Marine Park,1
Ostorhinchus limenus,-35.07,150.77,2025,3,15,15,1,-35_151,20.519055366516113,23.2081298828125,20.919477143229063,23.425160705402337,2002,Jervis Bay Marine Park,1
Ostorhinchus limenus,-35.07,150.77,2025,3,15,12.5,2,-35_151,20.519055366516113,23.2081298828125,20.919477143229063,23.425160705402337,2002,Jervis Bay Marine Park,1
Ostorhinchus limenus,-35.13,150.73,2025,3,15,7.5,1,-35_151,20.519055366516113,23.2081298828125,20.919477143229063,23.425160705402337,NA,NA,0
Ostorhinchus limenus,-35.13,150.73,2025,3,15,5,5,-35_151,20.519055366516113,23.2081298828125,20.919477143229063,23.425160705402337,NA,NA,0
Ostorhinchus limenus,-35.13,150.73,2025,3,15,7.5,6,-35_151,20.519055366516113,23.2081298828125,20.919477143229063,23.425160705402337,NA,NA,0
Ostorhinchus limenus,-32.71,152.16,2025,9,12,5,1,-33_152,21.96507183710734,19.61773681640625,21.869863116580444,19.965416150622897,1983,Fly Point-Halifax Park,1
Ostorhinchus limenus,-32.71,152.16,2025,9,12,7.5,4,-33_152,21.96507183710734,19.61773681640625,21.869863116580444,19.965416150622897,1983,Fly Point-Halifax Park,1
Ostorhinchus limenus,-32.72,152.14,2025,9,15,5,1,-33_152,21.96507183710734,19.61773681640625,21.869863116580444,19.965416150622897,NA,NA,0
Ostorhinchus limenus,-32.71,152.15,2025,9,10,5,25,-33_152,21.96507183710734,19.61773681640625,21.869863116580444,19.965416150622897,1983,Fly Point-Halifax Park,1
Ostorhinchus limenus,-32.71,152.15,2025,9,10,7.5,10,-33_152,21.96507183710734,19.61773681640625,21.869863116580444,19.965416150622897,1983,Fly Point-Halifax Park,1
Ostorhinchus limenus,-32.72,152.14,2025,9,15,7.5,1,-33_152,21.96507183710734,19.61773681640625,21.869863116580444,19.965416150622897,NA,NA,0
Ostorhinchus limenus,-32.72,152.14,2025,9,15,5,2,-33_152,21.96507183710734,19.61773681640625,21.869863116580444,19.965416150622897,NA,NA,0
Ostorhinchus limenus,-32.71,152.15,2025,9,10,7.5,1,-33_152,21.96507183710734,19.61773681640625,21.869863116580444,19.965416150622897,1983,Fly Point-Halifax Park,1
Ostorhinchus limenus,-32.71,152.15,2025,12,18,7.5,6,-33_152,21.96507183710734,23.18759536743164,21.869863116580444,22.051289840411116,1983,Fly Point-Halifax Park,1
Ostorhinchus limenus,-32.71,152.15,2025,12,18,10,2,-33_152,21.96507183710734,23.18759536743164,21.869863116580444,22.051289840411116,1983,Fly Point-Halifax Park,1
