species,latitude,longitude,year,month,day,size_class,total,location,sst_year_met,sst_month_met,sst_mean_annual,sst_month_noaa,year_of_protection,rls_mpa,MPA
Parma unifasciata,-33.78,151.3,2009,9,27,2.5,1,-34_151,20.488441785176597,18.62691116333008,20.580270093114816,17.885749578475952,NA,NA,0
Parma unifasciata,-33.78,151.3,2009,9,27,15,12,-34_151,20.488441785176597,18.62691116333008,20.580270093114816,17.885749578475952,NA,NA,0
Parma unifasciata,-33.78,151.3,2009,9,27,20,4,-34_151,20.488441785176597,18.62691116333008,20.580270093114816,17.885749578475952,NA,NA,0
Parma unifasciata,-33.78,151.3,2009,9,27,5,1,-34_151,20.488441785176597,18.62691116333008,20.580270093114816,17.885749578475952,NA,NA,0
Parma unifasciata,-33.78,151.3,2009,9,27,7.5,5,-34_151,20.488441785176597,18.62691116333008,20.580270093114816,17.885749578475952,NA,NA,0
Parma unifasciata,-33.78,151.3,2009,9,27,10,4,-34_151,20.488441785176597,18.62691116333008,20.580270093114816,17.885749578475952,NA,NA,0
Parma unifasciata,-33.78,151.3,2009,9,27,12.5,5,-34_151,20.488441785176597,18.62691116333008,20.580270093114816,17.885749578475952,NA,NA,0
Parma unifasciata,-33.78,151.3,2009,9,27,15,5,-34_151,20.488441785176597,18.62691116333008,20.580270093114816,17.885749578475952,NA,NA,0
Parma unifasciata,-35.09,150.81,2008,7,7,15,1,-35_151,19.43103837966919,16.731708526611328,19.40620510758396,17.589999598841512,2002,Jervis Bay Marine Park,0
Parma unifasciata,-35.09,150.81,2008,7,7,10,1,-35_151,19.43103837966919,16.731708526611328,19.40620510758396,17.589999598841512,2002,Jervis Bay Marine Park,0
Parma unifasciata,-33.84,151.29,2009,8,3,15,1,-34_151,20.488441785176597,18.304466247558594,20.580270093114816,17.557902828339607,NA,NA,0
Parma unifasciata,-33.84,151.29,2009,8,3,12.5,1,-34_151,20.488441785176597,18.304466247558594,20.580270093114816,17.557902828339607,NA,NA,0
Parma unifasciata,-33.84,151.29,2009,8,3,12.5,1,-34_151,20.488441785176597,18.304466247558594,20.580270093114816,17.557902828339607,NA,NA,0
Parma unifasciata,-33.84,151.29,2009,8,3,7.5,1,-34_151,20.488441785176597,18.304466247558594,20.580270093114816,17.557902828339607,NA,NA,0
Parma unifasciata,-33.84,151.29,2009,8,3,10,2,-34_151,20.488441785176597,18.304466247558594,20.580270093114816,17.557902828339607,NA,NA,0
Parma unifasciata,-33.84,151.29,2009,8,3,12.5,5,-34_151,20.488441785176597,18.304466247558594,20.580270093114816,17.557902828339607,NA,NA,0
Parma unifasciata,-33.84,151.29,2009,8,3,15,5,-34_151,20.488441785176597,18.304466247558594,20.580270093114816,17.557902828339607,NA,NA,0
Parma unifasciata,-33.84,151.29,2009,8,3,20,3,-34_151,20.488441785176597,18.304466247558594,20.580270093114816,17.557902828339607,NA,NA,0
Parma unifasciata,-33.84,151.29,2009,8,3,10,3,-34_151,20.488441785176597,18.304466247558594,20.580270093114816,17.557902828339607,NA,NA,0
Parma unifasciata,-33.84,151.29,2009,8,3,12.5,8,-34_151,20.488441785176597,18.304466247558594,20.580270093114816,17.557902828339607,NA,NA,0
Parma unifasciata,-33.84,151.29,2009,8,3,15,3,-34_151,20.488441785176597,18.304466247558594,20.580270093114816,17.557902828339607,NA,NA,0
Parma unifasciata,-30.21,153.27,2009,8,21,12.5,14,-30_153,23.06706126530965,20.52087020874023,22.686214861987008,19.92412852625693,NA,NA,0
Parma unifasciata,-30.21,153.27,2009,8,21,15,7,-30_153,23.06706126530965,20.52087020874023,22.686214861987008,19.92412852625693,NA,NA,0
Parma unifasciata,-30.21,153.27,2009,8,21,20,1,-30_153,23.06706126530965,20.52087020874023,22.686214861987008,19.92412852625693,NA,NA,0
Parma unifasciata,-30.21,153.27,2009,8,21,10,3,-30_153,23.06706126530965,20.52087020874023,22.686214861987008,19.92412852625693,NA,NA,0
Parma unifasciata,-30.21,153.27,2009,8,21,12.5,12,-30_153,23.06706126530965,20.52087020874023,22.686214861987008,19.92412852625693,NA,NA,0
Parma unifasciata,-30.21,153.27,2009,8,21,15,16,-30_153,23.06706126530965,20.52087020874023,22.686214861987008,19.92412852625693,NA,NA,0
Parma unifasciata,-33.83,151.27,2009,8,3,10,1,-34_151,20.488441785176597,18.304466247558594,20.580270093114816,17.557902828339607,NA,NA,0
Parma unifasciata,-33.83,151.27,2009,8,3,15,2,-34_151,20.488441785176597,18.304466247558594,20.580270093114816,17.557902828339607,NA,NA,0
Parma unifasciata,-33.83,151.27,2009,8,3,20,1,-34_151,20.488441785176597,18.304466247558594,20.580270093114816,17.557902828339607,NA,NA,0
Parma unifasciata,-30.24,153.18,2009,8,21,12.5,20,-30_153,23.06706126530965,20.52087020874023,22.686214861987008,19.92412852625693,NA,NA,0
Parma unifasciata,-30.24,153.18,2009,8,21,15,38,-30_153,23.06706126530965,20.52087020874023,22.686214861987008,19.92412852625693,NA,NA,0
Parma unifasciata,-30.24,153.18,2009,8,21,20,3,-30_153,23.06706126530965,20.52087020874023,22.686214861987008,19.92412852625693,NA,NA,0
Parma unifasciata,-30.24,153.18,2009,8,21,10,20,-30_153,23.06706126530965,20.52087020874023,22.686214861987008,19.92412852625693,NA,NA,0
Parma unifasciata,-30.24,153.18,2009,8,21,12.5,25,-30_153,23.06706126530965,20.52087020874023,22.686214861987008,19.92412852625693,NA,NA,0
Parma unifasciata,-30.24,153.18,2009,8,21,15,30,-30_153,23.06706126530965,20.52087020874023,22.686214861987008,19.92412852625693,NA,NA,0
Parma unifasciata,-33.81,151.27,2009,12,11,7.5,2,-34_151,20.488441785176597,21.631641387939453,20.580270093114816,21.47491884231567,NA,NA,0
Parma unifasciata,-33.81,151.27,2009,12,11,10,8,-34_151,20.488441785176597,21.631641387939453,20.580270093114816,21.47491884231567,NA,NA,0
Parma unifasciata,-33.81,151.27,2009,12,11,12.5,8,-34_151,20.488441785176597,21.631641387939453,20.580270093114816,21.47491884231567,NA,NA,0
Parma unifasciata,-33.81,151.27,2009,12,11,5,6,-34_151,20.488441785176597,21.631641387939453,20.580270093114816,21.47491884231567,NA,NA,0
Parma unifasciata,-33.81,151.27,2009,12,11,7.5,1,-34_151,20.488441785176597,21.631641387939453,20.580270093114816,21.47491884231567,NA,NA,0
Parma unifasciata,-33.81,151.27,2009,12,11,10,3,-34_151,20.488441785176597,21.631641387939453,20.580270093114816,21.47491884231567,NA,NA,0
Parma unifasciata,-33.81,151.27,2009,12,11,12.5,7,-34_151,20.488441785176597,21.631641387939453,20.580270093114816,21.47491884231567,NA,NA,0
Parma unifasciata,-33.81,151.27,2009,12,11,15,3,-34_151,20.488441785176597,21.631641387939453,20.580270093114816,21.47491884231567,NA,NA,0
Parma unifasciata,-33.81,151.27,2009,12,11,12.5,16,-34_151,20.488441785176597,21.631641387939453,20.580270093114816,21.47491884231567,NA,NA,0
Parma unifasciata,-33.81,151.27,2009,12,11,15,12,-34_151,20.488441785176597,21.631641387939453,20.580270093114816,21.47491884231567,NA,NA,0
Parma unifasciata,-33.81,151.27,2009,12,11,20,3,-34_151,20.488441785176597,21.631641387939453,20.580270093114816,21.47491884231567,NA,NA,0
Parma unifasciata,-33.81,151.27,2009,12,11,7.5,4,-34_151,20.488441785176597,21.631641387939453,20.580270093114816,21.47491884231567,NA,NA,0
Parma unifasciata,-33.81,151.27,2009,12,11,10,5,-34_151,20.488441785176597,21.631641387939453,20.580270093114816,21.47491884231567,NA,NA,0
Parma unifasciata,-33.81,151.27,2009,12,11,12.5,2,-34_151,20.488441785176597,21.631641387939453,20.580270093114816,21.47491884231567,NA,NA,0
Parma unifasciata,-33.81,151.27,2009,12,11,15,3,-34_151,20.488441785176597,21.631641387939453,20.580270093114816,21.47491884231567,NA,NA,0
Parma unifasciata,-33.81,151.27,2009,12,11,20,4,-34_151,20.488441785176597,21.631641387939453,20.580270093114816,21.47491884231567,NA,NA,0
Parma unifasciata,-33.81,151.27,2009,12,11,25,2,-34_151,20.488441785176597,21.631641387939453,20.580270093114816,21.47491884231567,NA,NA,0
Parma unifasciata,-29.93,153.39,2009,8,22,12.5,15,-30_153,23.06706126530965,20.52087020874023,22.686214861987008,19.92412852625693,NA,NA,0
Parma unifasciata,-29.93,153.39,2009,8,22,15,36,-30_153,23.06706126530965,20.52087020874023,22.686214861987008,19.92412852625693,NA,NA,0
Parma unifasciata,-29.93,153.39,2009,8,22,7.5,6,-30_153,23.06706126530965,20.52087020874023,22.686214861987008,19.92412852625693,NA,NA,0
Parma unifasciata,-29.93,153.39,2009,8,22,10,6,-30_153,23.06706126530965,20.52087020874023,22.686214861987008,19.92412852625693,NA,NA,0
Parma unifasciata,-29.93,153.39,2009,8,22,12.5,8,-30_153,23.06706126530965,20.52087020874023,22.686214861987008,19.92412852625693,NA,NA,0
Parma unifasciata,-29.93,153.39,2009,8,22,15,10,-30_153,23.06706126530965,20.52087020874023,22.686214861987008,19.92412852625693,NA,NA,0
Parma unifasciata,-29.93,153.39,2009,8,22,5,3,-30_153,23.06706126530965,20.52087020874023,22.686214861987008,19.92412852625693,NA,NA,0
Parma unifasciata,-29.93,153.39,2009,8,22,7.5,14,-30_153,23.06706126530965,20.52087020874023,22.686214861987008,19.92412852625693,NA,NA,0
Parma unifasciata,-29.93,153.39,2009,8,22,10,14,-30_153,23.06706126530965,20.52087020874023,22.686214861987008,19.92412852625693,NA,NA,0
Parma unifasciata,-29.93,153.39,2009,8,22,7.5,2,-30_153,23.06706126530965,20.52087020874023,22.686214861987008,19.92412852625693,NA,NA,0
Parma unifasciata,-29.93,153.39,2009,8,22,10,32,-30_153,23.06706126530965,20.52087020874023,22.686214861987008,19.92412852625693,NA,NA,0
Parma unifasciata,-29.93,153.39,2009,8,22,12.5,1,-30_153,23.06706126530965,20.52087020874023,22.686214861987008,19.92412852625693,NA,NA,0
Parma unifasciata,-29.91,153.38,2009,8,22,10,11,-30_153,23.06706126530965,20.52087020874023,22.686214861987008,19.92412852625693,2002,Solitary Islands Marine Park,0
Parma unifasciata,-29.91,153.38,2009,8,22,12.5,22,-30_153,23.06706126530965,20.52087020874023,22.686214861987008,19.92412852625693,2002,Solitary Islands Marine Park,0
Parma unifasciata,-29.91,153.38,2009,8,22,10,10,-30_153,23.06706126530965,20.52087020874023,22.686214861987008,19.92412852625693,2002,Solitary Islands Marine Park,0
Parma unifasciata,-29.91,153.38,2009,8,22,12.5,20,-30_153,23.06706126530965,20.52087020874023,22.686214861987008,19.92412852625693,2002,Solitary Islands Marine Park,0
Parma unifasciata,-29.91,153.38,2009,8,22,12.5,10,-30_153,23.06706126530965,20.52087020874023,22.686214861987008,19.92412852625693,2002,Solitary Islands Marine Park,0
Parma unifasciata,-29.91,153.38,2009,8,22,15,15,-30_153,23.06706126530965,20.52087020874023,22.686214861987008,19.92412852625693,2002,Solitary Islands Marine Park,0
Parma unifasciata,-29.91,153.38,2009,8,22,5,3,-30_153,23.06706126530965,20.52087020874023,22.686214861987008,19.92412852625693,2002,Solitary Islands Marine Park,0
Parma unifasciata,-29.91,153.38,2009,8,22,7.5,10,-30_153,23.06706126530965,20.52087020874023,22.686214861987008,19.92412852625693,2002,Solitary Islands Marine Park,0
Parma unifasciata,-29.91,153.38,2009,8,22,10,10,-30_153,23.06706126530965,20.52087020874023,22.686214861987008,19.92412852625693,2002,Solitary Islands Marine Park,0
Parma unifasciata,-29.91,153.38,2009,8,22,15,20,-30_153,23.06706126530965,20.52087020874023,22.686214861987008,19.92412852625693,2002,Solitary Islands Marine Park,0
Parma unifasciata,-30.2,153.26,2009,8,23,15,44,-30_153,23.06706126530965,20.52087020874023,22.686214861987008,19.92412852625693,NA,NA,0
Parma unifasciata,-30.2,153.26,2009,8,23,7.5,1,-30_153,23.06706126530965,20.52087020874023,22.686214861987008,19.92412852625693,NA,NA,0
Parma unifasciata,-30.2,153.26,2009,8,23,10,2,-30_153,23.06706126530965,20.52087020874023,22.686214861987008,19.92412852625693,NA,NA,0
Parma unifasciata,-30.2,153.26,2009,8,23,12.5,9,-30_153,23.06706126530965,20.52087020874023,22.686214861987008,19.92412852625693,NA,NA,0
Parma unifasciata,-30.2,153.26,2009,8,23,15,11,-30_153,23.06706126530965,20.52087020874023,22.686214861987008,19.92412852625693,NA,NA,0
Parma unifasciata,-30.2,153.27,2009,8,23,7.5,6,-30_153,23.06706126530965,20.52087020874023,22.686214861987008,19.92412852625693,NA,NA,0
Parma unifasciata,-30.2,153.27,2009,8,23,5,5,-30_153,23.06706126530965,20.52087020874023,22.686214861987008,19.92412852625693,NA,NA,0
Parma unifasciata,-30.2,153.27,2009,8,23,7.5,10,-30_153,23.06706126530965,20.52087020874023,22.686214861987008,19.92412852625693,NA,NA,0
Parma unifasciata,-30.2,153.27,2009,8,23,10,30,-30_153,23.06706126530965,20.52087020874023,22.686214861987008,19.92412852625693,NA,NA,0
Parma unifasciata,-30.2,153.27,2009,8,23,15,3,-30_153,23.06706126530965,20.52087020874023,22.686214861987008,19.92412852625693,NA,NA,0
Parma unifasciata,-30.2,153.27,2009,8,23,12.5,40,-30_153,23.06706126530965,20.52087020874023,22.686214861987008,19.92412852625693,NA,NA,0
Parma unifasciata,-30.2,153.27,2009,8,23,15,40,-30_153,23.06706126530965,20.52087020874023,22.686214861987008,19.92412852625693,NA,NA,0
Parma unifasciata,-30.2,153.27,2009,8,23,10,4,-30_153,23.06706126530965,20.52087020874023,22.686214861987008,19.92412852625693,NA,NA,0
Parma unifasciata,-30.2,153.27,2009,8,23,12.5,9,-30_153,23.06706126530965,20.52087020874023,22.686214861987008,19.92412852625693,NA,NA,0
Parma unifasciata,-30.2,153.27,2009,8,23,15,5,-30_153,23.06706126530965,20.52087020874023,22.686214861987008,19.92412852625693,NA,NA,0
Parma unifasciata,-30.2,153.27,2009,8,23,12.5,5,-30_153,23.06706126530965,20.52087020874023,22.686214861987008,19.92412852625693,NA,NA,0
Parma unifasciata,-30.2,153.27,2009,8,23,15,2,-30_153,23.06706126530965,20.52087020874023,22.686214861987008,19.92412852625693,NA,NA,0
Parma unifasciata,-29.91,153.38,2009,8,22,10,9,-30_153,23.06706126530965,20.52087020874023,22.686214861987008,19.92412852625693,2002,Solitary Islands Marine Park,0
Parma unifasciata,-29.91,153.38,2009,8,22,12.5,10,-30_153,23.06706126530965,20.52087020874023,22.686214861987008,19.92412852625693,2002,Solitary Islands Marine Park,0
Parma unifasciata,-29.91,153.38,2009,8,22,7.5,5,-30_153,23.06706126530965,20.52087020874023,22.686214861987008,19.92412852625693,2002,Solitary Islands Marine Park,0
Parma unifasciata,-29.91,153.38,2009,8,22,10,5,-30_153,23.06706126530965,20.52087020874023,22.686214861987008,19.92412852625693,2002,Solitary Islands Marine Park,0
Parma unifasciata,-33.82,151.29,2010,2,21,12.5,1,-34_151,20.932119687398277,24.227298736572266,20.773523899719034,24.04741014753069,NA,NA,0
Parma unifasciata,-33.82,151.29,2010,2,21,12.5,2,-34_151,20.932119687398277,24.227298736572266,20.773523899719034,24.04741014753069,NA,NA,0
Parma unifasciata,-33.82,151.29,2010,2,21,15,3,-34_151,20.932119687398277,24.227298736572266,20.773523899719034,24.04741014753069,NA,NA,0
Parma unifasciata,-33.82,151.29,2010,2,21,20,1,-34_151,20.932119687398277,24.227298736572266,20.773523899719034,24.04741014753069,NA,NA,0
Parma unifasciata,-33.82,151.29,2010,2,21,7.5,19,-34_151,20.932119687398277,24.227298736572266,20.773523899719034,24.04741014753069,NA,NA,0
Parma unifasciata,-33.82,151.29,2010,2,21,10,12,-34_151,20.932119687398277,24.227298736572266,20.773523899719034,24.04741014753069,NA,NA,0
Parma unifasciata,-33.82,151.29,2010,2,21,12.5,10,-34_151,20.932119687398277,24.227298736572266,20.773523899719034,24.04741014753069,NA,NA,0
Parma unifasciata,-33.82,151.29,2010,2,21,15,15,-34_151,20.932119687398277,24.227298736572266,20.773523899719034,24.04741014753069,NA,NA,0
Parma unifasciata,-33.82,151.29,2010,2,21,20,15,-34_151,20.932119687398277,24.227298736572266,20.773523899719034,24.04741014753069,NA,NA,0
Parma unifasciata,-33.82,151.29,2010,2,21,25,8,-34_151,20.932119687398277,24.227298736572266,20.773523899719034,24.04741014753069,NA,NA,0
Parma unifasciata,-33.82,151.29,2010,2,21,10,1,-34_151,20.932119687398277,24.227298736572266,20.773523899719034,24.04741014753069,NA,NA,0
Parma unifasciata,-33.82,151.29,2010,2,21,12.5,2,-34_151,20.932119687398277,24.227298736572266,20.773523899719034,24.04741014753069,NA,NA,0
Parma unifasciata,-33.82,151.29,2010,2,21,15,7,-34_151,20.932119687398277,24.227298736572266,20.773523899719034,24.04741014753069,NA,NA,0
Parma unifasciata,-33.82,151.29,2010,2,21,20,10,-34_151,20.932119687398277,24.227298736572266,20.773523899719034,24.04741014753069,NA,NA,0
Parma unifasciata,-33.82,151.29,2010,2,21,12.5,2,-34_151,20.932119687398277,24.227298736572266,20.773523899719034,24.04741014753069,NA,NA,0
Parma unifasciata,-33.82,151.29,2010,2,21,10,2,-34_151,20.932119687398277,24.227298736572266,20.773523899719034,24.04741014753069,NA,NA,0
Parma unifasciata,-33.82,151.29,2010,2,21,12.5,4,-34_151,20.932119687398277,24.227298736572266,20.773523899719034,24.04741014753069,NA,NA,0
Parma unifasciata,-33.82,151.29,2010,2,21,15,2,-34_151,20.932119687398277,24.227298736572266,20.773523899719034,24.04741014753069,NA,NA,0
Parma unifasciata,-33.84,151.29,2009,8,3,12.5,1,-34_151,20.488441785176597,18.304466247558594,20.580270093114816,17.557902828339607,NA,NA,0
Parma unifasciata,-33.08,151.66,2009,12,19,12.5,1,-33_152,21.148912747701008,22.42232894897461,20.95820614353018,21.818467263252504,NA,NA,0
Parma unifasciata,-33.08,151.66,2009,12,19,15,1,-33_152,21.148912747701008,22.42232894897461,20.95820614353018,21.818467263252504,NA,NA,0
Parma unifasciata,-30.2,153.27,2009,8,23,10,20,-30_153,23.06706126530965,20.52087020874023,22.686214861987008,19.92412852625693,2002,Solitary Islands Marine Park,0
Parma unifasciata,-30.2,153.27,2009,8,23,12.5,9,-30_153,23.06706126530965,20.52087020874023,22.686214861987008,19.92412852625693,2002,Solitary Islands Marine Park,0
Parma unifasciata,-33.78,151.29,2010,5,9,12.5,1,-34_151,20.932119687398277,21.54056167602539,20.773523899719034,23.08870918520035,NA,NA,0
Parma unifasciata,-33.78,151.29,2010,5,9,15,1,-34_151,20.932119687398277,21.54056167602539,20.773523899719034,23.08870918520035,NA,NA,0
Parma unifasciata,-30.2,153.27,2009,8,23,7.5,1,-30_153,23.06706126530965,20.52087020874023,22.686214861987008,19.92412852625693,2002,Solitary Islands Marine Park,0
Parma unifasciata,-30.2,153.27,2009,8,23,10,15,-30_153,23.06706126530965,20.52087020874023,22.686214861987008,19.92412852625693,2002,Solitary Islands Marine Park,0
Parma unifasciata,-30.2,153.27,2009,8,23,12.5,20,-30_153,23.06706126530965,20.52087020874023,22.686214861987008,19.92412852625693,2002,Solitary Islands Marine Park,0
Parma unifasciata,-30.2,153.27,2009,8,23,15,50,-30_153,23.06706126530965,20.52087020874023,22.686214861987008,19.92412852625693,2002,Solitary Islands Marine Park,0
Parma unifasciata,-30.2,153.27,2009,8,23,20,2,-30_153,23.06706126530965,20.52087020874023,22.686214861987008,19.92412852625693,2002,Solitary Islands Marine Park,0
Parma unifasciata,-33.84,151.28,2009,12,13,12.5,1,-34_151,20.488441785176597,21.631641387939453,20.580270093114816,21.47491884231567,NA,NA,0
Parma unifasciata,-30.2,153.27,2009,8,23,12.5,10,-30_153,23.06706126530965,20.52087020874023,22.686214861987008,19.92412852625693,2002,Solitary Islands Marine Park,0
Parma unifasciata,-30.2,153.27,2009,8,23,15,10,-30_153,23.06706126530965,20.52087020874023,22.686214861987008,19.92412852625693,2002,Solitary Islands Marine Park,0
Parma unifasciata,-30.2,153.27,2009,8,23,7.5,5,-30_153,23.06706126530965,20.52087020874023,22.686214861987008,19.92412852625693,2002,Solitary Islands Marine Park,0
Parma unifasciata,-30.2,153.27,2009,8,23,10,3,-30_153,23.06706126530965,20.52087020874023,22.686214861987008,19.92412852625693,2002,Solitary Islands Marine Park,0
Parma unifasciata,-35.08,150.8,2009,3,13,12.5,1,-35_151,19.915931542714436,22.845439910888672,20.050225972343902,22.214193036479333,2002,Jervis Bay Marine Park,0
Parma unifasciata,-33.89,151.28,2010,4,25,12.5,25,-34_151,20.932119687398277,22.96302604675293,20.773523899719034,22.82108276685079,NA,NA,0
Parma unifasciata,-33.89,151.28,2010,4,25,15,10,-34_151,20.932119687398277,22.96302604675293,20.773523899719034,22.82108276685079,NA,NA,0
Parma unifasciata,-33.89,151.28,2010,4,25,10,4,-34_151,20.932119687398277,22.96302604675293,20.773523899719034,22.82108276685079,NA,NA,0
Parma unifasciata,-33.89,151.28,2010,4,25,12.5,8,-34_151,20.932119687398277,22.96302604675293,20.773523899719034,22.82108276685079,NA,NA,0
Parma unifasciata,-33.89,151.28,2010,4,25,15,19,-34_151,20.932119687398277,22.96302604675293,20.773523899719034,22.82108276685079,NA,NA,0
Parma unifasciata,-30.2,153.27,2009,8,23,5,2,-30_153,23.06706126530965,20.52087020874023,22.686214861987008,19.92412852625693,2002,Solitary Islands Marine Park,0
Parma unifasciata,-33.08,151.66,2009,12,19,5,1,-33_152,21.148912747701008,22.42232894897461,20.95820614353018,21.818467263252504,NA,NA,0
Parma unifasciata,-33.08,151.66,2009,12,19,7.5,2,-33_152,21.148912747701008,22.42232894897461,20.95820614353018,21.818467263252504,NA,NA,0
Parma unifasciata,-33.08,151.66,2009,12,19,10,6,-33_152,21.148912747701008,22.42232894897461,20.95820614353018,21.818467263252504,NA,NA,0
Parma unifasciata,-29.93,153.39,2009,8,22,7.5,4,-30_153,23.06706126530965,20.52087020874023,22.686214861987008,19.92412852625693,NA,NA,0
Parma unifasciata,-29.93,153.39,2009,8,22,10,20,-30_153,23.06706126530965,20.52087020874023,22.686214861987008,19.92412852625693,NA,NA,0
Parma unifasciata,-29.93,153.39,2009,8,22,12.5,16,-30_153,23.06706126530965,20.52087020874023,22.686214861987008,19.92412852625693,NA,NA,0
Parma unifasciata,-29.93,153.39,2009,8,22,10,8,-30_153,23.06706126530965,20.52087020874023,22.686214861987008,19.92412852625693,NA,NA,0
Parma unifasciata,-29.93,153.39,2009,8,22,12.5,14,-30_153,23.06706126530965,20.52087020874023,22.686214861987008,19.92412852625693,NA,NA,0
Parma unifasciata,-30.2,153.27,2009,8,23,15,1,-30_153,23.06706126530965,20.52087020874023,22.686214861987008,19.92412852625693,2002,Solitary Islands Marine Park,0
Parma unifasciata,-30.2,153.27,2009,8,23,20,34,-30_153,23.06706126530965,20.52087020874023,22.686214861987008,19.92412852625693,2002,Solitary Islands Marine Park,0
Parma unifasciata,-30.2,153.27,2009,8,23,25,31,-30_153,23.06706126530965,20.52087020874023,22.686214861987008,19.92412852625693,2002,Solitary Islands Marine Park,0
Parma unifasciata,-30.2,153.27,2009,8,23,15,70,-30_153,23.06706126530965,20.52087020874023,22.686214861987008,19.92412852625693,2002,Solitary Islands Marine Park,0
Parma unifasciata,-32.6,152.32,2009,5,8,12.5,2,-33_152,21.148912747701008,20.721540451049805,20.95820614353018,22.08618232768069,NA,NA,0
Parma unifasciata,-32.6,152.32,2009,5,8,15,1,-33_152,21.148912747701008,20.721540451049805,20.95820614353018,22.08618232768069,NA,NA,0
Parma unifasciata,-32.6,152.32,2009,5,8,12.5,3,-33_152,21.148912747701008,20.721540451049805,20.95820614353018,22.08618232768069,NA,NA,0
Parma unifasciata,-32.6,152.32,2009,5,8,15,7,-33_152,21.148912747701008,20.721540451049805,20.95820614353018,22.08618232768069,NA,NA,0
Parma unifasciata,-32.6,152.32,2009,5,8,20,4,-33_152,21.148912747701008,20.721540451049805,20.95820614353018,22.08618232768069,NA,NA,0
Parma unifasciata,-32.6,152.32,2009,5,8,12.5,3,-33_152,21.148912747701008,20.721540451049805,20.95820614353018,22.08618232768069,NA,NA,0
Parma unifasciata,-32.6,152.32,2009,5,8,15,2,-33_152,21.148912747701008,20.721540451049805,20.95820614353018,22.08618232768069,NA,NA,0
Parma unifasciata,-32.6,152.32,2009,5,8,12.5,7,-33_152,21.148912747701008,20.721540451049805,20.95820614353018,22.08618232768069,NA,NA,0
Parma unifasciata,-32.6,152.32,2009,5,8,15,11,-33_152,21.148912747701008,20.721540451049805,20.95820614353018,22.08618232768069,NA,NA,0
Parma unifasciata,-32.6,152.32,2009,5,8,7.5,2,-33_152,21.148912747701008,20.721540451049805,20.95820614353018,22.08618232768069,NA,NA,0
Parma unifasciata,-32.6,152.32,2009,5,8,10,2,-33_152,21.148912747701008,20.721540451049805,20.95820614353018,22.08618232768069,NA,NA,0
Parma unifasciata,-32.6,152.32,2009,5,8,12.5,2,-33_152,21.148912747701008,20.721540451049805,20.95820614353018,22.08618232768069,NA,NA,0
Parma unifasciata,-32.6,152.32,2009,5,8,12.5,3,-33_152,21.148912747701008,20.721540451049805,20.95820614353018,22.08618232768069,NA,NA,0
Parma unifasciata,-32.6,152.32,2009,5,8,10,5,-33_152,21.148912747701008,20.721540451049805,20.95820614353018,22.08618232768069,NA,NA,0
Parma unifasciata,-32.6,152.32,2009,5,8,12.5,1,-33_152,21.148912747701008,20.721540451049805,20.95820614353018,22.08618232768069,NA,NA,0
Parma unifasciata,-32.6,152.32,2009,5,8,10,12,-33_152,21.148912747701008,20.721540451049805,20.95820614353018,22.08618232768069,NA,NA,0
Parma unifasciata,-32.6,152.32,2009,5,8,12.5,20,-33_152,21.148912747701008,20.721540451049805,20.95820614353018,22.08618232768069,NA,NA,0
Parma unifasciata,-32.6,152.32,2009,5,8,20,20,-33_152,21.148912747701008,20.721540451049805,20.95820614353018,22.08618232768069,NA,NA,0
Parma unifasciata,-32.6,152.32,2009,5,8,7.5,3,-33_152,21.148912747701008,20.721540451049805,20.95820614353018,22.08618232768069,NA,NA,0
Parma unifasciata,-32.6,152.32,2009,5,8,10,1,-33_152,21.148912747701008,20.721540451049805,20.95820614353018,22.08618232768069,NA,NA,0
Parma unifasciata,-32.6,152.32,2009,5,8,12.5,2,-33_152,21.148912747701008,20.721540451049805,20.95820614353018,22.08618232768069,NA,NA,0
Parma unifasciata,-33.82,151.29,2009,3,27,15,1,-34_151,20.488441785176597,23.1658992767334,20.580270093114816,23.29459628751201,NA,NA,0
Parma unifasciata,-33.82,151.29,2009,3,27,5,2,-34_151,20.488441785176597,23.1658992767334,20.580270093114816,23.29459628751201,NA,NA,0
Parma unifasciata,-33.82,151.29,2009,3,27,7.5,3,-34_151,20.488441785176597,23.1658992767334,20.580270093114816,23.29459628751201,NA,NA,0
Parma unifasciata,-33.82,151.29,2009,3,27,10,1,-34_151,20.488441785176597,23.1658992767334,20.580270093114816,23.29459628751201,NA,NA,0
Parma unifasciata,-33.82,151.29,2009,3,27,12.5,1,-34_151,20.488441785176597,23.1658992767334,20.580270093114816,23.29459628751201,NA,NA,0
Parma unifasciata,-33.82,151.29,2009,3,27,7.5,1,-34_151,20.488441785176597,23.1658992767334,20.580270093114816,23.29459628751201,NA,NA,0
Parma unifasciata,-33.82,151.29,2009,3,27,10,6,-34_151,20.488441785176597,23.1658992767334,20.580270093114816,23.29459628751201,NA,NA,0
Parma unifasciata,-33.82,151.29,2009,3,27,12.5,6,-34_151,20.488441785176597,23.1658992767334,20.580270093114816,23.29459628751201,NA,NA,0
Parma unifasciata,-33.82,151.29,2009,3,27,15,6,-34_151,20.488441785176597,23.1658992767334,20.580270093114816,23.29459628751201,NA,NA,0
Parma unifasciata,-33.82,151.29,2009,3,27,12.5,1,-34_151,20.488441785176597,23.1658992767334,20.580270093114816,23.29459628751201,NA,NA,0
Parma unifasciata,-29.93,153.39,2008,6,6,5,4,-30_153,22.653018315633137,21.416675567626953,22.558126750103757,21.95133284250895,2002,Solitary Islands Marine Park,0
Parma unifasciata,-29.93,153.39,2008,6,6,7.5,13,-30_153,22.653018315633137,21.416675567626953,22.558126750103757,21.95133284250895,2002,Solitary Islands Marine Park,0
Parma unifasciata,-29.93,153.39,2008,6,6,10,14,-30_153,22.653018315633137,21.416675567626953,22.558126750103757,21.95133284250895,2002,Solitary Islands Marine Park,0
Parma unifasciata,-29.93,153.39,2008,6,6,12.5,16,-30_153,22.653018315633137,21.416675567626953,22.558126750103757,21.95133284250895,2002,Solitary Islands Marine Park,0
Parma unifasciata,-35.05,150.84,2009,3,13,12.5,1,-35_151,19.915931542714436,22.845439910888672,20.050225972343902,22.214193036479333,NA,NA,0
Parma unifasciata,-33.78,151.29,2009,6,27,5,1,-34_151,20.488441785176597,19.026844024658203,20.580270093114816,20.48599953651428,NA,NA,0
Parma unifasciata,-33.78,151.29,2009,6,27,7.5,2,-34_151,20.488441785176597,19.026844024658203,20.580270093114816,20.48599953651428,NA,NA,0
Parma unifasciata,-33.78,151.29,2009,6,27,10,4,-34_151,20.488441785176597,19.026844024658203,20.580270093114816,20.48599953651428,NA,NA,0
Parma unifasciata,-33.78,151.29,2009,6,27,20,3,-34_151,20.488441785176597,19.026844024658203,20.580270093114816,20.48599953651428,NA,NA,0
Parma unifasciata,-33.78,151.29,2009,6,27,12.5,1,-34_151,20.488441785176597,19.026844024658203,20.580270093114816,20.48599953651428,NA,NA,0
Parma unifasciata,-29.92,153.39,2008,6,6,10,2,-30_153,22.653018315633137,21.416675567626953,22.558126750103757,21.95133284250895,2002,Solitary Islands Marine Park,0
Parma unifasciata,-29.92,153.39,2008,6,6,10,1,-30_153,22.653018315633137,21.416675567626953,22.558126750103757,21.95133284250895,2002,Solitary Islands Marine Park,0
Parma unifasciata,-29.92,153.39,2008,6,6,10,2,-30_153,22.653018315633137,21.416675567626953,22.558126750103757,21.95133284250895,2002,Solitary Islands Marine Park,0
Parma unifasciata,-29.92,153.39,2008,6,6,12.5,8,-30_153,22.653018315633137,21.416675567626953,22.558126750103757,21.95133284250895,2002,Solitary Islands Marine Park,0
Parma unifasciata,-29.92,153.39,2008,6,6,15,8,-30_153,22.653018315633137,21.416675567626953,22.558126750103757,21.95133284250895,2002,Solitary Islands Marine Park,0
Parma unifasciata,-29.92,153.39,2008,6,6,15,5,-30_153,22.653018315633137,21.416675567626953,22.558126750103757,21.95133284250895,2002,Solitary Islands Marine Park,0
Parma unifasciata,-29.93,153.39,2008,6,6,15,1,-30_153,22.653018315633137,21.416675567626953,22.558126750103757,21.95133284250895,2002,Solitary Islands Marine Park,0
Parma unifasciata,-29.93,153.39,2008,6,6,5,5,-30_153,22.653018315633137,21.416675567626953,22.558126750103757,21.95133284250895,2002,Solitary Islands Marine Park,0
Parma unifasciata,-29.93,153.39,2008,6,6,7.5,6,-30_153,22.653018315633137,21.416675567626953,22.558126750103757,21.95133284250895,2002,Solitary Islands Marine Park,0
Parma unifasciata,-29.93,153.39,2008,6,6,10,15,-30_153,22.653018315633137,21.416675567626953,22.558126750103757,21.95133284250895,2002,Solitary Islands Marine Park,0
Parma unifasciata,-29.93,153.39,2008,6,6,12.5,12,-30_153,22.653018315633137,21.416675567626953,22.558126750103757,21.95133284250895,2002,Solitary Islands Marine Park,0
Parma unifasciata,-29.93,153.39,2008,6,6,15,2,-30_153,22.653018315633137,21.416675567626953,22.558126750103757,21.95133284250895,2002,Solitary Islands Marine Park,0
Parma unifasciata,-29.93,153.39,2008,6,6,12.5,3,-30_153,22.653018315633137,21.416675567626953,22.558126750103757,21.95133284250895,2002,Solitary Islands Marine Park,0
Parma unifasciata,-29.93,153.39,2008,6,6,15,1,-30_153,22.653018315633137,21.416675567626953,22.558126750103757,21.95133284250895,2002,Solitary Islands Marine Park,0
Parma unifasciata,-29.93,153.39,2008,6,6,20,9,-30_153,22.653018315633137,21.416675567626953,22.558126750103757,21.95133284250895,2002,Solitary Islands Marine Park,0
Parma unifasciata,-29.93,153.39,2008,6,6,25,1,-30_153,22.653018315633137,21.416675567626953,22.558126750103757,21.95133284250895,2002,Solitary Islands Marine Park,0
Parma unifasciata,-29.93,153.39,2008,6,6,5,2,-30_153,22.653018315633137,21.416675567626953,22.558126750103757,21.95133284250895,2002,Solitary Islands Marine Park,0
Parma unifasciata,-29.93,153.39,2008,6,6,20,12,-30_153,22.653018315633137,21.416675567626953,22.558126750103757,21.95133284250895,2002,Solitary Islands Marine Park,0
Parma unifasciata,-29.93,153.39,2008,6,6,12.5,14,-30_153,22.653018315633137,21.416675567626953,22.558126750103757,21.95133284250895,2002,Solitary Islands Marine Park,0
Parma unifasciata,-29.93,153.39,2008,6,6,15,25,-30_153,22.653018315633137,21.416675567626953,22.558126750103757,21.95133284250895,2002,Solitary Islands Marine Park,0
Parma unifasciata,-29.93,153.39,2008,6,6,20,4,-30_153,22.653018315633137,21.416675567626953,22.558126750103757,21.95133284250895,2002,Solitary Islands Marine Park,0
Parma unifasciata,-29.93,153.39,2008,6,6,12.5,8,-30_153,22.653018315633137,21.416675567626953,22.558126750103757,21.95133284250895,2002,Solitary Islands Marine Park,0
Parma unifasciata,-29.93,153.39,2008,6,6,15,18,-30_153,22.653018315633137,21.416675567626953,22.558126750103757,21.95133284250895,2002,Solitary Islands Marine Park,0
Parma unifasciata,-29.92,153.39,2009,8,21,7.5,3,-30_153,23.06706126530965,20.52087020874023,22.686214861987008,19.92412852625693,2002,Solitary Islands Marine Park,0
Parma unifasciata,-29.92,153.39,2009,8,21,10,2,-30_153,23.06706126530965,20.52087020874023,22.686214861987008,19.92412852625693,2002,Solitary Islands Marine Park,0
Parma unifasciata,-29.92,153.39,2009,8,21,12.5,1,-30_153,23.06706126530965,20.52087020874023,22.686214861987008,19.92412852625693,2002,Solitary Islands Marine Park,0
Parma unifasciata,-29.92,153.39,2009,8,21,10,4,-30_153,23.06706126530965,20.52087020874023,22.686214861987008,19.92412852625693,2002,Solitary Islands Marine Park,0
Parma unifasciata,-29.92,153.39,2009,8,21,12.5,6,-30_153,23.06706126530965,20.52087020874023,22.686214861987008,19.92412852625693,2002,Solitary Islands Marine Park,0
Parma unifasciata,-29.92,153.39,2009,8,21,15,2,-30_153,23.06706126530965,20.52087020874023,22.686214861987008,19.92412852625693,2002,Solitary Islands Marine Park,0
Parma unifasciata,-29.92,153.39,2009,8,21,7.5,22,-30_153,23.06706126530965,20.52087020874023,22.686214861987008,19.92412852625693,2002,Solitary Islands Marine Park,0
Parma unifasciata,-29.92,153.39,2009,8,21,10,17,-30_153,23.06706126530965,20.52087020874023,22.686214861987008,19.92412852625693,2002,Solitary Islands Marine Park,0
Parma unifasciata,-29.92,153.39,2009,8,21,7.5,15,-30_153,23.06706126530965,20.52087020874023,22.686214861987008,19.92412852625693,2002,Solitary Islands Marine Park,0
Parma unifasciata,-29.92,153.39,2009,8,21,10,10,-30_153,23.06706126530965,20.52087020874023,22.686214861987008,19.92412852625693,2002,Solitary Islands Marine Park,0
Parma unifasciata,-29.92,153.39,2009,8,21,10,5,-30_153,23.06706126530965,20.52087020874023,22.686214861987008,19.92412852625693,2002,Solitary Islands Marine Park,0
Parma unifasciata,-29.92,153.39,2009,8,21,12.5,7,-30_153,23.06706126530965,20.52087020874023,22.686214861987008,19.92412852625693,2002,Solitary Islands Marine Park,0
Parma unifasciata,-29.92,153.39,2009,8,21,15,2,-30_153,23.06706126530965,20.52087020874023,22.686214861987008,19.92412852625693,2002,Solitary Islands Marine Park,0
Parma unifasciata,-29.92,153.39,2009,8,21,10,4,-30_153,23.06706126530965,20.52087020874023,22.686214861987008,19.92412852625693,2002,Solitary Islands Marine Park,0
Parma unifasciata,-30.02,153.27,2008,6,7,10,10,-30_153,22.653018315633137,21.416675567626953,22.558126750103757,21.95133284250895,2002,Solitary Islands Marine Park,0
Parma unifasciata,-30.02,153.27,2008,6,7,12.5,10,-30_153,22.653018315633137,21.416675567626953,22.558126750103757,21.95133284250895,2002,Solitary Islands Marine Park,0
Parma unifasciata,-30.02,153.27,2008,6,7,7.5,2,-30_153,22.653018315633137,21.416675567626953,22.558126750103757,21.95133284250895,2002,Solitary Islands Marine Park,0
Parma unifasciata,-30.02,153.27,2008,6,7,10,7,-30_153,22.653018315633137,21.416675567626953,22.558126750103757,21.95133284250895,2002,Solitary Islands Marine Park,0
Parma unifasciata,-30.02,153.27,2008,6,7,12.5,12,-30_153,22.653018315633137,21.416675567626953,22.558126750103757,21.95133284250895,2002,Solitary Islands Marine Park,0
Parma unifasciata,-30.02,153.27,2008,6,7,15,1,-30_153,22.653018315633137,21.416675567626953,22.558126750103757,21.95133284250895,2002,Solitary Islands Marine Park,0
Parma unifasciata,-32.68,152.16,2010,4,18,7.5,1,-33_152,21.71309455235799,23.75311279296875,21.233464664610445,23.756860531700983,NA,NA,0
Parma unifasciata,-33.92,151.27,2010,4,23,7.5,2,-34_151,20.932119687398277,22.96302604675293,20.773523899719034,22.82108276685079,NA,NA,0
Parma unifasciata,-33.92,151.27,2010,4,23,10,1,-34_151,20.932119687398277,22.96302604675293,20.773523899719034,22.82108276685079,NA,NA,0
Parma unifasciata,-33.92,151.27,2010,4,23,12.5,1,-34_151,20.932119687398277,22.96302604675293,20.773523899719034,22.82108276685079,NA,NA,0
Parma unifasciata,-30.02,153.27,2008,6,7,7.5,6,-30_153,22.653018315633137,21.416675567626953,22.558126750103757,21.95133284250895,2002,Solitary Islands Marine Park,0
Parma unifasciata,-30.02,153.27,2008,6,7,10,6,-30_153,22.653018315633137,21.416675567626953,22.558126750103757,21.95133284250895,2002,Solitary Islands Marine Park,0
Parma unifasciata,-33.92,151.27,2010,4,23,15,2,-34_151,20.932119687398277,22.96302604675293,20.773523899719034,22.82108276685079,NA,NA,0
Parma unifasciata,-30.02,153.27,2008,6,7,12.5,5,-30_153,22.653018315633137,21.416675567626953,22.558126750103757,21.95133284250895,2002,Solitary Islands Marine Park,0
Parma unifasciata,-30.02,153.27,2008,6,7,15,6,-30_153,22.653018315633137,21.416675567626953,22.558126750103757,21.95133284250895,2002,Solitary Islands Marine Park,0
Parma unifasciata,-30.02,153.27,2008,6,7,20,2,-30_153,22.653018315633137,21.416675567626953,22.558126750103757,21.95133284250895,2002,Solitary Islands Marine Park,0
Parma unifasciata,-32.62,152.33,2009,5,8,10,3,-33_152,21.148912747701008,20.721540451049805,20.95820614353018,22.08618232768069,2007,Port Stephens Great Lake Marine Park,0
Parma unifasciata,-32.62,152.33,2009,5,8,12.5,5,-33_152,21.148912747701008,20.721540451049805,20.95820614353018,22.08618232768069,2007,Port Stephens Great Lake Marine Park,0
Parma unifasciata,-32.62,152.33,2009,5,8,15,8,-33_152,21.148912747701008,20.721540451049805,20.95820614353018,22.08618232768069,2007,Port Stephens Great Lake Marine Park,0
Parma unifasciata,-32.62,152.33,2009,5,8,12.5,9,-33_152,21.148912747701008,20.721540451049805,20.95820614353018,22.08618232768069,2007,Port Stephens Great Lake Marine Park,0
Parma unifasciata,-32.62,152.33,2009,5,8,15,7,-33_152,21.148912747701008,20.721540451049805,20.95820614353018,22.08618232768069,2007,Port Stephens Great Lake Marine Park,0
Parma unifasciata,-32.62,152.33,2009,5,8,12.5,3,-33_152,21.148912747701008,20.721540451049805,20.95820614353018,22.08618232768069,2007,Port Stephens Great Lake Marine Park,0
Parma unifasciata,-32.62,152.33,2009,5,8,15,2,-33_152,21.148912747701008,20.721540451049805,20.95820614353018,22.08618232768069,2007,Port Stephens Great Lake Marine Park,0
Parma unifasciata,-32.62,152.33,2009,5,8,20,1,-33_152,21.148912747701008,20.721540451049805,20.95820614353018,22.08618232768069,2007,Port Stephens Great Lake Marine Park,0
Parma unifasciata,-32.62,152.33,2009,5,8,12.5,4,-33_152,21.148912747701008,20.721540451049805,20.95820614353018,22.08618232768069,2007,Port Stephens Great Lake Marine Park,0
Parma unifasciata,-32.62,152.33,2009,5,8,15,7,-33_152,21.148912747701008,20.721540451049805,20.95820614353018,22.08618232768069,2007,Port Stephens Great Lake Marine Park,0
Parma unifasciata,-32.62,152.33,2009,5,8,20,3,-33_152,21.148912747701008,20.721540451049805,20.95820614353018,22.08618232768069,2007,Port Stephens Great Lake Marine Park,0
Parma unifasciata,-30.02,153.27,2008,6,7,7.5,3,-30_153,22.653018315633137,21.416675567626953,22.558126750103757,21.95133284250895,2002,Solitary Islands Marine Park,0
Parma unifasciata,-30.02,153.27,2008,6,7,12.5,3,-30_153,22.653018315633137,21.416675567626953,22.558126750103757,21.95133284250895,2002,Solitary Islands Marine Park,0
Parma unifasciata,-30.02,153.27,2008,6,7,15,4,-30_153,22.653018315633137,21.416675567626953,22.558126750103757,21.95133284250895,2002,Solitary Islands Marine Park,0
Parma unifasciata,-30.02,153.27,2008,6,7,20,20,-30_153,22.653018315633137,21.416675567626953,22.558126750103757,21.95133284250895,2002,Solitary Islands Marine Park,0
Parma unifasciata,-32.62,152.33,2009,5,8,7.5,5,-33_152,21.148912747701008,20.721540451049805,20.95820614353018,22.08618232768069,2007,Port Stephens Great Lake Marine Park,0
Parma unifasciata,-32.62,152.33,2009,5,8,12.5,4,-33_152,21.148912747701008,20.721540451049805,20.95820614353018,22.08618232768069,2007,Port Stephens Great Lake Marine Park,0
Parma unifasciata,-32.62,152.33,2009,5,8,7.5,1,-33_152,21.148912747701008,20.721540451049805,20.95820614353018,22.08618232768069,2007,Port Stephens Great Lake Marine Park,0
Parma unifasciata,-32.62,152.33,2009,5,8,10,2,-33_152,21.148912747701008,20.721540451049805,20.95820614353018,22.08618232768069,2007,Port Stephens Great Lake Marine Park,0
Parma unifasciata,-32.62,152.33,2009,5,8,12.5,3,-33_152,21.148912747701008,20.721540451049805,20.95820614353018,22.08618232768069,2007,Port Stephens Great Lake Marine Park,0
Parma unifasciata,-32.62,152.33,2009,5,8,15,1,-33_152,21.148912747701008,20.721540451049805,20.95820614353018,22.08618232768069,2007,Port Stephens Great Lake Marine Park,0
Parma unifasciata,-32.62,152.33,2009,5,8,5,1,-33_152,21.148912747701008,20.721540451049805,20.95820614353018,22.08618232768069,2007,Port Stephens Great Lake Marine Park,0
Parma unifasciata,-32.62,152.33,2009,5,8,12.5,2,-33_152,21.148912747701008,20.721540451049805,20.95820614353018,22.08618232768069,2007,Port Stephens Great Lake Marine Park,0
Parma unifasciata,-32.62,152.33,2009,5,8,15,2,-33_152,21.148912747701008,20.721540451049805,20.95820614353018,22.08618232768069,2007,Port Stephens Great Lake Marine Park,0
Parma unifasciata,-33.81,151.28,2009,3,27,10,1,-34_151,20.488441785176597,23.1658992767334,20.580270093114816,23.29459628751201,NA,NA,0
Parma unifasciata,-33.81,151.28,2009,3,27,12.5,1,-34_151,20.488441785176597,23.1658992767334,20.580270093114816,23.29459628751201,NA,NA,0
Parma unifasciata,-33.81,151.28,2009,3,27,15,13,-34_151,20.488441785176597,23.1658992767334,20.580270093114816,23.29459628751201,NA,NA,0
Parma unifasciata,-33.81,151.28,2009,3,27,10,1,-34_151,20.488441785176597,23.1658992767334,20.580270093114816,23.29459628751201,NA,NA,0
Parma unifasciata,-33.81,151.28,2009,3,27,12.5,1,-34_151,20.488441785176597,23.1658992767334,20.580270093114816,23.29459628751201,NA,NA,0
Parma unifasciata,-29.92,153.39,2008,6,6,15,1,-30_153,22.653018315633137,21.416675567626953,22.558126750103757,21.95133284250895,2002,Solitary Islands Marine Park,0
Parma unifasciata,-29.93,153.39,2008,6,6,10,2,-30_153,22.653018315633137,21.416675567626953,22.558126750103757,21.95133284250895,2002,Solitary Islands Marine Park,0
Parma unifasciata,-29.93,153.39,2008,6,6,12.5,8,-30_153,22.653018315633137,21.416675567626953,22.558126750103757,21.95133284250895,2002,Solitary Islands Marine Park,0
Parma unifasciata,-29.93,153.39,2008,6,6,12.5,10,-30_153,22.653018315633137,21.416675567626953,22.558126750103757,21.95133284250895,2002,Solitary Islands Marine Park,0
Parma unifasciata,-29.93,153.39,2008,6,6,10,5,-30_153,22.653018315633137,21.416675567626953,22.558126750103757,21.95133284250895,2002,Solitary Islands Marine Park,0
Parma unifasciata,-29.93,153.39,2008,6,6,12.5,3,-30_153,22.653018315633137,21.416675567626953,22.558126750103757,21.95133284250895,2002,Solitary Islands Marine Park,0
Parma unifasciata,-29.93,153.39,2008,6,6,12.5,2,-30_153,22.653018315633137,21.416675567626953,22.558126750103757,21.95133284250895,2002,Solitary Islands Marine Park,0
Parma unifasciata,-29.93,153.39,2008,6,6,15,2,-30_153,22.653018315633137,21.416675567626953,22.558126750103757,21.95133284250895,2002,Solitary Islands Marine Park,0
Parma unifasciata,-29.93,153.39,2009,3,15,5,5,-30_153,23.06706126530965,25.68482780456543,22.686214861987008,25.496063933833952,2002,Solitary Islands Marine Park,0
Parma unifasciata,-29.93,153.39,2009,3,15,7.5,2,-30_153,23.06706126530965,25.68482780456543,22.686214861987008,25.496063933833952,2002,Solitary Islands Marine Park,0
Parma unifasciata,-29.93,153.39,2009,3,15,10,7,-30_153,23.06706126530965,25.68482780456543,22.686214861987008,25.496063933833952,2002,Solitary Islands Marine Park,0
Parma unifasciata,-29.92,153.39,2008,6,6,5,1,-30_153,22.653018315633137,21.416675567626953,22.558126750103757,21.95133284250895,2002,Solitary Islands Marine Park,0
Parma unifasciata,-29.92,153.39,2008,6,6,7.5,5,-30_153,22.653018315633137,21.416675567626953,22.558126750103757,21.95133284250895,2002,Solitary Islands Marine Park,0
Parma unifasciata,-29.92,153.39,2008,6,6,10,2,-30_153,22.653018315633137,21.416675567626953,22.558126750103757,21.95133284250895,2002,Solitary Islands Marine Park,0
Parma unifasciata,-29.92,153.39,2008,6,6,12.5,2,-30_153,22.653018315633137,21.416675567626953,22.558126750103757,21.95133284250895,2002,Solitary Islands Marine Park,0
Parma unifasciata,-29.92,153.39,2008,6,6,5,5,-30_153,22.653018315633137,21.416675567626953,22.558126750103757,21.95133284250895,2002,Solitary Islands Marine Park,0
Parma unifasciata,-29.92,153.39,2008,6,6,7.5,3,-30_153,22.653018315633137,21.416675567626953,22.558126750103757,21.95133284250895,2002,Solitary Islands Marine Park,0
Parma unifasciata,-29.92,153.39,2008,6,6,10,4,-30_153,22.653018315633137,21.416675567626953,22.558126750103757,21.95133284250895,2002,Solitary Islands Marine Park,0
Parma unifasciata,-33.08,151.65,2010,1,16,12.5,1,-33_152,21.71309455235799,23.890216827392575,21.233464664610445,23.48766078743883,NA,NA,0
Parma unifasciata,-33.8,151.29,2010,5,1,12.5,1,-34_151,20.932119687398277,21.54056167602539,20.773523899719034,23.08870918520035,2002,Cabbage Tree Bay Aquatic Reserve,0
Parma unifasciata,-33.08,151.66,2009,12,19,10,12,-33_152,21.148912747701008,22.42232894897461,20.95820614353018,21.818467263252504,NA,NA,0
Parma unifasciata,-33.08,151.66,2009,12,19,12.5,18,-33_152,21.148912747701008,22.42232894897461,20.95820614353018,21.818467263252504,NA,NA,0
Parma unifasciata,-33.08,151.66,2009,12,19,15,2,-33_152,21.148912747701008,22.42232894897461,20.95820614353018,21.818467263252504,NA,NA,0
Parma unifasciata,-33.08,151.66,2009,12,19,5,3,-33_152,21.148912747701008,22.42232894897461,20.95820614353018,21.818467263252504,NA,NA,0
Parma unifasciata,-33.08,151.66,2009,12,19,12.5,4,-33_152,21.148912747701008,22.42232894897461,20.95820614353018,21.818467263252504,NA,NA,0
Parma unifasciata,-33.08,151.66,2009,12,19,15,2,-33_152,21.148912747701008,22.42232894897461,20.95820614353018,21.818467263252504,NA,NA,0
Parma unifasciata,-33.09,151.67,2009,12,19,5,1,-33_152,21.148912747701008,22.42232894897461,20.95820614353018,21.818467263252504,NA,NA,0
Parma unifasciata,-33.09,151.67,2009,12,19,12.5,5,-33_152,21.148912747701008,22.42232894897461,20.95820614353018,21.818467263252504,NA,NA,0
Parma unifasciata,-33.09,151.67,2009,12,19,15,5,-33_152,21.148912747701008,22.42232894897461,20.95820614353018,21.818467263252504,NA,NA,0
Parma unifasciata,-33.09,151.67,2009,12,19,20,1,-33_152,21.148912747701008,22.42232894897461,20.95820614353018,21.818467263252504,NA,NA,0
Parma unifasciata,-33.09,151.67,2009,12,19,10,3,-33_152,21.148912747701008,22.42232894897461,20.95820614353018,21.818467263252504,NA,NA,0
Parma unifasciata,-33.95,151.26,2010,4,11,10,1,-34_151,20.932119687398277,22.96302604675293,20.773523899719034,22.82108276685079,NA,NA,0
Parma unifasciata,-33.95,151.26,2010,4,11,12.5,1,-34_151,20.932119687398277,22.96302604675293,20.773523899719034,22.82108276685079,NA,NA,0
Parma unifasciata,-33.95,151.26,2010,4,11,15,2,-34_151,20.932119687398277,22.96302604675293,20.773523899719034,22.82108276685079,NA,NA,0
Parma unifasciata,-33.8,151.29,2010,5,1,7.5,1,-34_151,20.932119687398277,21.54056167602539,20.773523899719034,23.08870918520035,2002,Cabbage Tree Bay Aquatic Reserve,0
Parma unifasciata,-33.8,151.29,2010,5,1,10,1,-34_151,20.932119687398277,21.54056167602539,20.773523899719034,23.08870918520035,2002,Cabbage Tree Bay Aquatic Reserve,0
Parma unifasciata,-32.69,152.22,2009,5,9,15,1,-33_152,21.148912747701008,20.721540451049805,20.95820614353018,22.08618232768069,NA,NA,0
Parma unifasciata,-32.69,152.22,2009,5,9,12.5,1,-33_152,21.148912747701008,20.721540451049805,20.95820614353018,22.08618232768069,NA,NA,0
Parma unifasciata,-32.69,152.22,2009,5,9,15,2,-33_152,21.148912747701008,20.721540451049805,20.95820614353018,22.08618232768069,NA,NA,0
Parma unifasciata,-29.93,153.39,2009,8,21,12.5,5,-30_153,23.06706126530965,20.52087020874023,22.686214861987008,19.92412852625693,2002,Solitary Islands Marine Park,0
Parma unifasciata,-29.93,153.39,2009,8,21,15,6,-30_153,23.06706126530965,20.52087020874023,22.686214861987008,19.92412852625693,2002,Solitary Islands Marine Park,0
Parma unifasciata,-29.93,153.39,2009,8,21,7.5,12,-30_153,23.06706126530965,20.52087020874023,22.686214861987008,19.92412852625693,2002,Solitary Islands Marine Park,0
Parma unifasciata,-29.93,153.39,2009,8,21,7.5,2,-30_153,23.06706126530965,20.52087020874023,22.686214861987008,19.92412852625693,2002,Solitary Islands Marine Park,0
Parma unifasciata,-29.93,153.39,2009,8,21,10,14,-30_153,23.06706126530965,20.52087020874023,22.686214861987008,19.92412852625693,2002,Solitary Islands Marine Park,0
Parma unifasciata,-29.93,153.39,2009,8,21,12.5,2,-30_153,23.06706126530965,20.52087020874023,22.686214861987008,19.92412852625693,2002,Solitary Islands Marine Park,0
Parma unifasciata,-29.93,153.39,2009,8,21,7.5,4,-30_153,23.06706126530965,20.52087020874023,22.686214861987008,19.92412852625693,2002,Solitary Islands Marine Park,0
Parma unifasciata,-29.93,153.39,2009,8,21,12.5,6,-30_153,23.06706126530965,20.52087020874023,22.686214861987008,19.92412852625693,2002,Solitary Islands Marine Park,0
Parma unifasciata,-29.93,153.39,2009,8,21,12.5,1,-30_153,23.06706126530965,20.52087020874023,22.686214861987008,19.92412852625693,2002,Solitary Islands Marine Park,0
Parma unifasciata,-29.93,153.39,2009,8,21,15,3,-30_153,23.06706126530965,20.52087020874023,22.686214861987008,19.92412852625693,2002,Solitary Islands Marine Park,0
Parma unifasciata,-30.2,153.26,2009,8,22,12.5,15,-30_153,23.06706126530965,20.52087020874023,22.686214861987008,19.92412852625693,2002,Solitary Islands Marine Park,0
Parma unifasciata,-30.2,153.26,2009,8,22,15,20,-30_153,23.06706126530965,20.52087020874023,22.686214861987008,19.92412852625693,2002,Solitary Islands Marine Park,0
Parma unifasciata,-30.2,153.26,2009,8,22,20,25,-30_153,23.06706126530965,20.52087020874023,22.686214861987008,19.92412852625693,2002,Solitary Islands Marine Park,0
Parma unifasciata,-30.2,153.26,2009,8,22,7.5,2,-30_153,23.06706126530965,20.52087020874023,22.686214861987008,19.92412852625693,2002,Solitary Islands Marine Park,0
Parma unifasciata,-30.2,153.26,2009,8,22,10,4,-30_153,23.06706126530965,20.52087020874023,22.686214861987008,19.92412852625693,2002,Solitary Islands Marine Park,0
Parma unifasciata,-30.2,153.26,2009,8,22,12.5,13,-30_153,23.06706126530965,20.52087020874023,22.686214861987008,19.92412852625693,2002,Solitary Islands Marine Park,0
Parma unifasciata,-30.2,153.26,2009,8,22,15,15,-30_153,23.06706126530965,20.52087020874023,22.686214861987008,19.92412852625693,2002,Solitary Islands Marine Park,0
Parma unifasciata,-30.2,153.26,2009,8,22,20,4,-30_153,23.06706126530965,20.52087020874023,22.686214861987008,19.92412852625693,2002,Solitary Islands Marine Park,0
Parma unifasciata,-30.2,153.26,2009,8,22,10,2,-30_153,23.06706126530965,20.52087020874023,22.686214861987008,19.92412852625693,2002,Solitary Islands Marine Park,0
Parma unifasciata,-30.2,153.26,2009,8,22,12.5,2,-30_153,23.06706126530965,20.52087020874023,22.686214861987008,19.92412852625693,2002,Solitary Islands Marine Park,0
Parma unifasciata,-30.2,153.26,2009,8,22,15,7,-30_153,23.06706126530965,20.52087020874023,22.686214861987008,19.92412852625693,2002,Solitary Islands Marine Park,0
Parma unifasciata,-30.2,153.26,2009,8,22,20,11,-30_153,23.06706126530965,20.52087020874023,22.686214861987008,19.92412852625693,2002,Solitary Islands Marine Park,0
Parma unifasciata,-30.2,153.26,2009,8,22,12.5,23,-30_153,23.06706126530965,20.52087020874023,22.686214861987008,19.92412852625693,2002,Solitary Islands Marine Park,0
Parma unifasciata,-30.2,153.26,2009,8,22,15,5,-30_153,23.06706126530965,20.52087020874023,22.686214861987008,19.92412852625693,2002,Solitary Islands Marine Park,0
Parma unifasciata,-30.2,153.26,2009,8,22,20,5,-30_153,23.06706126530965,20.52087020874023,22.686214861987008,19.92412852625693,2002,Solitary Islands Marine Park,0
Parma unifasciata,-32.69,152.22,2009,5,9,10,1,-33_152,21.148912747701008,20.721540451049805,20.95820614353018,22.08618232768069,NA,NA,0
Parma unifasciata,-32.69,152.22,2009,5,9,12.5,2,-33_152,21.148912747701008,20.721540451049805,20.95820614353018,22.08618232768069,NA,NA,0
Parma unifasciata,-32.69,152.22,2009,5,9,15,1,-33_152,21.148912747701008,20.721540451049805,20.95820614353018,22.08618232768069,NA,NA,0
Parma unifasciata,-32.69,152.22,2009,5,9,7.5,3,-33_152,21.148912747701008,20.721540451049805,20.95820614353018,22.08618232768069,NA,NA,0
Parma unifasciata,-32.69,152.22,2009,5,9,12.5,6,-33_152,21.148912747701008,20.721540451049805,20.95820614353018,22.08618232768069,NA,NA,0
Parma unifasciata,-32.69,152.22,2009,5,9,15,5,-33_152,21.148912747701008,20.721540451049805,20.95820614353018,22.08618232768069,NA,NA,0
Parma unifasciata,-32.69,152.22,2009,5,9,10,3,-33_152,21.148912747701008,20.721540451049805,20.95820614353018,22.08618232768069,NA,NA,0
Parma unifasciata,-32.69,152.22,2009,5,9,12.5,8,-33_152,21.148912747701008,20.721540451049805,20.95820614353018,22.08618232768069,NA,NA,0
Parma unifasciata,-32.69,152.22,2009,5,9,15,4,-33_152,21.148912747701008,20.721540451049805,20.95820614353018,22.08618232768069,NA,NA,0
Parma unifasciata,-32.69,152.22,2009,11,21,10,1,-33_152,21.148912747701008,21.234846115112305,20.95820614353018,21.01616621547275,NA,NA,0
Parma unifasciata,-32.69,152.22,2009,11,21,12.5,5,-33_152,21.148912747701008,21.234846115112305,20.95820614353018,21.01616621547275,NA,NA,0
Parma unifasciata,-32.69,152.22,2009,11,21,15,10,-33_152,21.148912747701008,21.234846115112305,20.95820614353018,21.01616621547275,NA,NA,0
Parma unifasciata,-30.2,153.27,2009,8,22,15,2,-30_153,23.06706126530965,20.52087020874023,22.686214861987008,19.92412852625693,2002,Solitary Islands Marine Park,0
Parma unifasciata,-30.2,153.27,2009,8,22,20,10,-30_153,23.06706126530965,20.52087020874023,22.686214861987008,19.92412852625693,2002,Solitary Islands Marine Park,0
Parma unifasciata,-30.2,153.27,2009,8,22,25,15,-30_153,23.06706126530965,20.52087020874023,22.686214861987008,19.92412852625693,2002,Solitary Islands Marine Park,0
Parma unifasciata,-30.2,153.27,2009,8,22,15,100,-30_153,23.06706126530965,20.52087020874023,22.686214861987008,19.92412852625693,2002,Solitary Islands Marine Park,0
Parma unifasciata,-30.2,153.27,2009,8,22,15,10,-30_153,23.06706126530965,20.52087020874023,22.686214861987008,19.92412852625693,2002,Solitary Islands Marine Park,0
Parma unifasciata,-30.2,153.27,2009,8,22,20,8,-30_153,23.06706126530965,20.52087020874023,22.686214861987008,19.92412852625693,2002,Solitary Islands Marine Park,0
Parma unifasciata,-29.93,153.39,2009,8,21,12.5,6,-30_153,23.06706126530965,20.52087020874023,22.686214861987008,19.92412852625693,2002,Solitary Islands Marine Park,0
Parma unifasciata,-29.93,153.39,2009,8,21,15,20,-30_153,23.06706126530965,20.52087020874023,22.686214861987008,19.92412852625693,2002,Solitary Islands Marine Park,0
Parma unifasciata,-29.93,153.39,2009,8,21,20,2,-30_153,23.06706126530965,20.52087020874023,22.686214861987008,19.92412852625693,2002,Solitary Islands Marine Park,0
Parma unifasciata,-33.81,151.31,2009,8,2,12.5,2,-34_151,20.488441785176597,18.304466247558594,20.580270093114816,17.557902828339607,NA,NA,0
Parma unifasciata,-33.81,151.31,2009,8,2,15,6,-34_151,20.488441785176597,18.304466247558594,20.580270093114816,17.557902828339607,NA,NA,0
Parma unifasciata,-33.81,151.31,2009,8,2,20,15,-34_151,20.488441785176597,18.304466247558594,20.580270093114816,17.557902828339607,NA,NA,0
Parma unifasciata,-30.2,153.27,2009,8,22,15,2,-30_153,23.06706126530965,20.52087020874023,22.686214861987008,19.92412852625693,2002,Solitary Islands Marine Park,0
Parma unifasciata,-33.81,151.31,2009,8,2,12.5,1,-34_151,20.488441785176597,18.304466247558594,20.580270093114816,17.557902828339607,NA,NA,0
Parma unifasciata,-33.81,151.31,2009,8,2,12.5,15,-34_151,20.488441785176597,18.304466247558594,20.580270093114816,17.557902828339607,NA,NA,0
Parma unifasciata,-33.81,151.31,2009,8,2,15,22,-34_151,20.488441785176597,18.304466247558594,20.580270093114816,17.557902828339607,NA,NA,0
Parma unifasciata,-33.81,151.31,2009,8,2,10,1,-34_151,20.488441785176597,18.304466247558594,20.580270093114816,17.557902828339607,NA,NA,0
Parma unifasciata,-33.81,151.31,2009,8,2,12.5,12,-34_151,20.488441785176597,18.304466247558594,20.580270093114816,17.557902828339607,NA,NA,0
Parma unifasciata,-33.81,151.31,2009,8,2,15,18,-34_151,20.488441785176597,18.304466247558594,20.580270093114816,17.557902828339607,NA,NA,0
Parma unifasciata,-33.81,151.31,2009,8,2,15,11,-34_151,20.488441785176597,18.304466247558594,20.580270093114816,17.557902828339607,NA,NA,0
Parma unifasciata,-33.81,151.31,2009,8,2,20,5,-34_151,20.488441785176597,18.304466247558594,20.580270093114816,17.557902828339607,NA,NA,0
Parma unifasciata,-33.99,151.23,2009,12,10,10,1,-34_151,20.488441785176597,21.631641387939453,20.580270093114816,21.47491884231567,NA,NA,0
Parma unifasciata,-35.12,150.77,2008,5,6,12.5,5,-35_151,19.43103837966919,19.03557014465332,19.40620510758396,18.734945789460212,2002,Jervis Bay Marine Park,0
Parma unifasciata,-35.12,150.77,2008,5,6,20,6,-35_151,19.43103837966919,19.03557014465332,19.40620510758396,18.734945789460212,2002,Jervis Bay Marine Park,0
Parma unifasciata,-35.12,150.77,2008,5,6,7.5,1,-35_151,19.43103837966919,19.03557014465332,19.40620510758396,18.734945789460212,2002,Jervis Bay Marine Park,0
Parma unifasciata,-33.9,151.28,2010,5,8,10,4,-34_151,20.932119687398277,21.54056167602539,20.773523899719034,23.08870918520035,NA,NA,0
Parma unifasciata,-33.9,151.28,2010,5,8,12.5,1,-34_151,20.932119687398277,21.54056167602539,20.773523899719034,23.08870918520035,NA,NA,0
Parma unifasciata,-32.6,152.32,2009,5,10,7.5,1,-33_152,21.148912747701008,20.721540451049805,20.95820614353018,22.08618232768069,NA,NA,0
Parma unifasciata,-32.6,152.32,2009,5,10,10,3,-33_152,21.148912747701008,20.721540451049805,20.95820614353018,22.08618232768069,NA,NA,0
Parma unifasciata,-35.08,150.79,2009,3,14,10,1,-35_151,19.915931542714436,22.845439910888672,20.050225972343902,22.214193036479333,2002,Jervis Bay Marine Park,0
Parma unifasciata,-35.14,150.76,2009,3,15,20,1,-35_151,19.915931542714436,22.845439910888672,20.050225972343902,22.214193036479333,NA,NA,0
Parma unifasciata,-35.14,150.76,2009,3,15,15,17,-35_151,19.915931542714436,22.845439910888672,20.050225972343902,22.214193036479333,NA,NA,0
Parma unifasciata,-35.14,150.76,2009,3,15,20,13,-35_151,19.915931542714436,22.845439910888672,20.050225972343902,22.214193036479333,NA,NA,0
Parma unifasciata,-35.14,150.76,2009,3,15,12.5,2,-35_151,19.915931542714436,22.845439910888672,20.050225972343902,22.214193036479333,NA,NA,0
Parma unifasciata,-35.14,150.76,2009,3,15,15,18,-35_151,19.915931542714436,22.845439910888672,20.050225972343902,22.214193036479333,NA,NA,0
Parma unifasciata,-35.14,150.76,2009,3,15,20,18,-35_151,19.915931542714436,22.845439910888672,20.050225972343902,22.214193036479333,NA,NA,0
Parma unifasciata,-32.62,152.33,2009,5,10,12.5,2,-33_152,21.148912747701008,20.721540451049805,20.95820614353018,22.08618232768069,2007,Port Stephens Great Lake Marine Park,0
Parma unifasciata,-32.62,152.33,2009,5,10,15,1,-33_152,21.148912747701008,20.721540451049805,20.95820614353018,22.08618232768069,2007,Port Stephens Great Lake Marine Park,0
Parma unifasciata,-32.62,152.33,2009,5,10,12.5,3,-33_152,21.148912747701008,20.721540451049805,20.95820614353018,22.08618232768069,2007,Port Stephens Great Lake Marine Park,0
Parma unifasciata,-32.6,152.32,2009,5,10,12.5,1,-33_152,21.148912747701008,20.721540451049805,20.95820614353018,22.08618232768069,NA,NA,0
Parma unifasciata,-33.8,151.27,2009,3,29,5,1,-34_151,20.488441785176597,23.1658992767334,20.580270093114816,23.29459628751201,NA,NA,0
Parma unifasciata,-33.8,151.27,2009,3,29,7.5,8,-34_151,20.488441785176597,23.1658992767334,20.580270093114816,23.29459628751201,NA,NA,0
Parma unifasciata,-33.8,151.27,2009,3,29,10,18,-34_151,20.488441785176597,23.1658992767334,20.580270093114816,23.29459628751201,NA,NA,0
Parma unifasciata,-33.8,151.27,2009,3,29,12.5,2,-34_151,20.488441785176597,23.1658992767334,20.580270093114816,23.29459628751201,NA,NA,0
Parma unifasciata,-33.8,151.27,2009,3,29,15,2,-34_151,20.488441785176597,23.1658992767334,20.580270093114816,23.29459628751201,NA,NA,0
Parma unifasciata,-33.8,151.29,2010,5,1,12.5,3,-34_151,20.932119687398277,21.54056167602539,20.773523899719034,23.08870918520035,2002,Cabbage Tree Bay Aquatic Reserve,0
Parma unifasciata,-33.8,151.29,2010,5,1,15,1,-34_151,20.932119687398277,21.54056167602539,20.773523899719034,23.08870918520035,2002,Cabbage Tree Bay Aquatic Reserve,0
Parma unifasciata,-32.74,152.19,2009,5,9,7.5,5,-33_152,21.148912747701008,20.721540451049805,20.95820614353018,22.08618232768069,NA,NA,0
Parma unifasciata,-32.74,152.19,2009,5,9,10,15,-33_152,21.148912747701008,20.721540451049805,20.95820614353018,22.08618232768069,NA,NA,0
Parma unifasciata,-32.74,152.19,2009,5,9,12.5,5,-33_152,21.148912747701008,20.721540451049805,20.95820614353018,22.08618232768069,NA,NA,0
Parma unifasciata,-32.74,152.19,2009,5,9,10,8,-33_152,21.148912747701008,20.721540451049805,20.95820614353018,22.08618232768069,NA,NA,0
Parma unifasciata,-32.74,152.19,2009,5,9,12.5,7,-33_152,21.148912747701008,20.721540451049805,20.95820614353018,22.08618232768069,NA,NA,0
Parma unifasciata,-30.02,153.27,2008,6,5,5,1,-30_153,22.653018315633137,21.416675567626953,22.558126750103757,21.95133284250895,2002,Solitary Islands Marine Park,0
Parma unifasciata,-30.02,153.27,2008,6,5,7.5,1,-30_153,22.653018315633137,21.416675567626953,22.558126750103757,21.95133284250895,2002,Solitary Islands Marine Park,0
Parma unifasciata,-30.02,153.27,2008,6,5,10,2,-30_153,22.653018315633137,21.416675567626953,22.558126750103757,21.95133284250895,2002,Solitary Islands Marine Park,0
Parma unifasciata,-30.02,153.27,2008,6,5,12.5,4,-30_153,22.653018315633137,21.416675567626953,22.558126750103757,21.95133284250895,2002,Solitary Islands Marine Park,0
Parma unifasciata,-30.02,153.27,2008,6,5,15,2,-30_153,22.653018315633137,21.416675567626953,22.558126750103757,21.95133284250895,2002,Solitary Islands Marine Park,0
Parma unifasciata,-30.02,153.27,2008,6,5,20,1,-30_153,22.653018315633137,21.416675567626953,22.558126750103757,21.95133284250895,2002,Solitary Islands Marine Park,0
Parma unifasciata,-30.02,153.27,2008,6,5,5,2,-30_153,22.653018315633137,21.416675567626953,22.558126750103757,21.95133284250895,2002,Solitary Islands Marine Park,0
Parma unifasciata,-30.02,153.27,2008,6,5,7.5,4,-30_153,22.653018315633137,21.416675567626953,22.558126750103757,21.95133284250895,2002,Solitary Islands Marine Park,0
Parma unifasciata,-30.02,153.27,2008,6,5,10,3,-30_153,22.653018315633137,21.416675567626953,22.558126750103757,21.95133284250895,2002,Solitary Islands Marine Park,0
Parma unifasciata,-30.02,153.27,2008,6,5,12.5,7,-30_153,22.653018315633137,21.416675567626953,22.558126750103757,21.95133284250895,2002,Solitary Islands Marine Park,0
Parma unifasciata,-30.02,153.27,2008,6,5,15,9,-30_153,22.653018315633137,21.416675567626953,22.558126750103757,21.95133284250895,2002,Solitary Islands Marine Park,0
Parma unifasciata,-30.02,153.27,2008,6,5,2.5,1,-30_153,22.653018315633137,21.416675567626953,22.558126750103757,21.95133284250895,2002,Solitary Islands Marine Park,0
Parma unifasciata,-30.02,153.27,2008,6,5,5,10,-30_153,22.653018315633137,21.416675567626953,22.558126750103757,21.95133284250895,2002,Solitary Islands Marine Park,0
Parma unifasciata,-30.02,153.27,2008,6,5,7.5,20,-30_153,22.653018315633137,21.416675567626953,22.558126750103757,21.95133284250895,2002,Solitary Islands Marine Park,0
Parma unifasciata,-30.02,153.27,2008,6,5,10,15,-30_153,22.653018315633137,21.416675567626953,22.558126750103757,21.95133284250895,2002,Solitary Islands Marine Park,0
Parma unifasciata,-30.02,153.27,2008,6,5,12.5,12,-30_153,22.653018315633137,21.416675567626953,22.558126750103757,21.95133284250895,2002,Solitary Islands Marine Park,0
Parma unifasciata,-30.02,153.27,2008,6,5,15,5,-30_153,22.653018315633137,21.416675567626953,22.558126750103757,21.95133284250895,2002,Solitary Islands Marine Park,0
Parma unifasciata,-30.02,153.27,2008,6,5,5,6,-30_153,22.653018315633137,21.416675567626953,22.558126750103757,21.95133284250895,2002,Solitary Islands Marine Park,0
Parma unifasciata,-30.02,153.27,2008,6,5,7.5,25,-30_153,22.653018315633137,21.416675567626953,22.558126750103757,21.95133284250895,2002,Solitary Islands Marine Park,0
Parma unifasciata,-30.02,153.27,2008,6,5,10,20,-30_153,22.653018315633137,21.416675567626953,22.558126750103757,21.95133284250895,2002,Solitary Islands Marine Park,0
Parma unifasciata,-30.02,153.27,2008,6,5,12.5,15,-30_153,22.653018315633137,21.416675567626953,22.558126750103757,21.95133284250895,2002,Solitary Islands Marine Park,0
Parma unifasciata,-30.02,153.27,2008,6,5,15,2,-30_153,22.653018315633137,21.416675567626953,22.558126750103757,21.95133284250895,2002,Solitary Islands Marine Park,0
Parma unifasciata,-30.02,153.27,2008,6,5,7.5,2,-30_153,22.653018315633137,21.416675567626953,22.558126750103757,21.95133284250895,2002,Solitary Islands Marine Park,0
Parma unifasciata,-30.02,153.27,2008,6,5,10,4,-30_153,22.653018315633137,21.416675567626953,22.558126750103757,21.95133284250895,2002,Solitary Islands Marine Park,0
Parma unifasciata,-30.02,153.27,2008,6,5,12.5,6,-30_153,22.653018315633137,21.416675567626953,22.558126750103757,21.95133284250895,2002,Solitary Islands Marine Park,0
Parma unifasciata,-30.02,153.27,2008,6,5,15,25,-30_153,22.653018315633137,21.416675567626953,22.558126750103757,21.95133284250895,2002,Solitary Islands Marine Park,0
Parma unifasciata,-30.02,153.27,2008,6,5,20,15,-30_153,22.653018315633137,21.416675567626953,22.558126750103757,21.95133284250895,2002,Solitary Islands Marine Park,0
Parma unifasciata,-30.02,153.27,2008,6,5,10,3,-30_153,22.653018315633137,21.416675567626953,22.558126750103757,21.95133284250895,2002,Solitary Islands Marine Park,0
Parma unifasciata,-30.02,153.27,2008,6,5,12.5,16,-30_153,22.653018315633137,21.416675567626953,22.558126750103757,21.95133284250895,2002,Solitary Islands Marine Park,0
Parma unifasciata,-30.02,153.27,2008,6,5,20,8,-30_153,22.653018315633137,21.416675567626953,22.558126750103757,21.95133284250895,2002,Solitary Islands Marine Park,0
Parma unifasciata,-30.02,153.27,2008,6,5,7.5,5,-30_153,22.653018315633137,21.416675567626953,22.558126750103757,21.95133284250895,2002,Solitary Islands Marine Park,0
Parma unifasciata,-30.02,153.27,2008,6,5,10,18,-30_153,22.653018315633137,21.416675567626953,22.558126750103757,21.95133284250895,2002,Solitary Islands Marine Park,0
Parma unifasciata,-30.02,153.27,2008,6,5,12.5,19,-30_153,22.653018315633137,21.416675567626953,22.558126750103757,21.95133284250895,2002,Solitary Islands Marine Park,0
Parma unifasciata,-30.02,153.27,2008,6,5,10,10,-30_153,22.653018315633137,21.416675567626953,22.558126750103757,21.95133284250895,2002,Solitary Islands Marine Park,0
Parma unifasciata,-30.02,153.27,2008,6,5,12.5,20,-30_153,22.653018315633137,21.416675567626953,22.558126750103757,21.95133284250895,2002,Solitary Islands Marine Park,0
Parma unifasciata,-30.02,153.27,2008,6,5,15,10,-30_153,22.653018315633137,21.416675567626953,22.558126750103757,21.95133284250895,2002,Solitary Islands Marine Park,0
Parma unifasciata,-30.02,153.27,2008,6,5,5,2,-30_153,22.653018315633137,21.416675567626953,22.558126750103757,21.95133284250895,2002,Solitary Islands Marine Park,0
Parma unifasciata,-30.02,153.27,2008,6,5,10,40,-30_153,22.653018315633137,21.416675567626953,22.558126750103757,21.95133284250895,2002,Solitary Islands Marine Park,0
Parma unifasciata,-30.02,153.27,2008,9,18,5,2,-30_153,22.653018315633137,20.56359481811523,22.558126750103757,20.00886617024739,2002,Solitary Islands Marine Park,0
Parma unifasciata,-30.02,153.27,2008,9,18,10,2,-30_153,22.653018315633137,20.56359481811523,22.558126750103757,20.00886617024739,2002,Solitary Islands Marine Park,0
Parma unifasciata,-30.02,153.27,2008,9,18,12.5,2,-30_153,22.653018315633137,20.56359481811523,22.558126750103757,20.00886617024739,2002,Solitary Islands Marine Park,0
Parma unifasciata,-30.02,153.27,2008,9,18,15,9,-30_153,22.653018315633137,20.56359481811523,22.558126750103757,20.00886617024739,2002,Solitary Islands Marine Park,0
Parma unifasciata,-30.02,153.27,2008,9,18,20,2,-30_153,22.653018315633137,20.56359481811523,22.558126750103757,20.00886617024739,2002,Solitary Islands Marine Park,0
Parma unifasciata,-30.02,153.27,2008,9,18,7.5,10,-30_153,22.653018315633137,20.56359481811523,22.558126750103757,20.00886617024739,2002,Solitary Islands Marine Park,0
Parma unifasciata,-30.02,153.27,2008,9,18,10,11,-30_153,22.653018315633137,20.56359481811523,22.558126750103757,20.00886617024739,2002,Solitary Islands Marine Park,0
Parma unifasciata,-30.02,153.27,2008,9,18,10,4,-30_153,22.653018315633137,20.56359481811523,22.558126750103757,20.00886617024739,2002,Solitary Islands Marine Park,0
Parma unifasciata,-30.02,153.27,2008,9,18,15,6,-30_153,22.653018315633137,20.56359481811523,22.558126750103757,20.00886617024739,2002,Solitary Islands Marine Park,0
Parma unifasciata,-30.02,153.27,2008,9,18,20,11,-30_153,22.653018315633137,20.56359481811523,22.558126750103757,20.00886617024739,2002,Solitary Islands Marine Park,0
Parma unifasciata,-30.02,153.27,2008,9,18,5,3,-30_153,22.653018315633137,20.56359481811523,22.558126750103757,20.00886617024739,2002,Solitary Islands Marine Park,0
Parma unifasciata,-30.02,153.27,2008,9,18,12.5,15,-30_153,22.653018315633137,20.56359481811523,22.558126750103757,20.00886617024739,2002,Solitary Islands Marine Park,0
Parma unifasciata,-30.02,153.27,2010,1,17,12.5,31,-30_153,23.47143316268921,26.16253662109375,23.253460512088008,24.455612354893837,2002,Solitary Islands Marine Park,0
Parma unifasciata,-30.02,153.27,2010,1,17,12.5,15,-30_153,23.47143316268921,26.16253662109375,23.253460512088008,24.455612354893837,2002,Solitary Islands Marine Park,0
Parma unifasciata,-32.74,152.19,2009,5,9,7.5,1,-33_152,21.148912747701008,20.721540451049805,20.95820614353018,22.08618232768069,NA,NA,0
Parma unifasciata,-32.74,152.19,2009,5,9,12.5,3,-33_152,21.148912747701008,20.721540451049805,20.95820614353018,22.08618232768069,NA,NA,0
Parma unifasciata,-32.74,152.19,2009,5,9,15,5,-33_152,21.148912747701008,20.721540451049805,20.95820614353018,22.08618232768069,NA,NA,0
Parma unifasciata,-32.74,152.19,2009,5,9,7.5,2,-33_152,21.148912747701008,20.721540451049805,20.95820614353018,22.08618232768069,NA,NA,0
Parma unifasciata,-32.74,152.19,2009,5,9,10,1,-33_152,21.148912747701008,20.721540451049805,20.95820614353018,22.08618232768069,NA,NA,0
Parma unifasciata,-32.74,152.19,2009,5,9,12.5,4,-33_152,21.148912747701008,20.721540451049805,20.95820614353018,22.08618232768069,NA,NA,0
Parma unifasciata,-32.74,152.19,2009,5,9,15,3,-33_152,21.148912747701008,20.721540451049805,20.95820614353018,22.08618232768069,NA,NA,0
Parma unifasciata,-32.74,152.19,2009,5,9,7.5,1,-33_152,21.148912747701008,20.721540451049805,20.95820614353018,22.08618232768069,NA,NA,0
Parma unifasciata,-32.74,152.19,2009,5,9,10,9,-33_152,21.148912747701008,20.721540451049805,20.95820614353018,22.08618232768069,NA,NA,0
Parma unifasciata,-32.74,152.19,2009,5,9,12.5,4,-33_152,21.148912747701008,20.721540451049805,20.95820614353018,22.08618232768069,NA,NA,0
Parma unifasciata,-32.74,152.19,2009,5,9,7.5,2,-33_152,21.148912747701008,20.721540451049805,20.95820614353018,22.08618232768069,NA,NA,0
Parma unifasciata,-32.74,152.19,2009,5,9,10,4,-33_152,21.148912747701008,20.721540451049805,20.95820614353018,22.08618232768069,NA,NA,0
Parma unifasciata,-32.74,152.19,2009,5,9,12.5,2,-33_152,21.148912747701008,20.721540451049805,20.95820614353018,22.08618232768069,NA,NA,0
Parma unifasciata,-33.82,151.3,2009,3,30,20,4,-34_151,20.488441785176597,23.1658992767334,20.580270093114816,23.29459628751201,NA,NA,0
Parma unifasciata,-33.82,151.3,2009,3,30,25,1,-34_151,20.488441785176597,23.1658992767334,20.580270093114816,23.29459628751201,NA,NA,0
Parma unifasciata,-33.82,151.3,2009,3,30,15,1,-34_151,20.488441785176597,23.1658992767334,20.580270093114816,23.29459628751201,NA,NA,0
Parma unifasciata,-33.82,151.3,2009,3,30,10,14,-34_151,20.488441785176597,23.1658992767334,20.580270093114816,23.29459628751201,NA,NA,0
Parma unifasciata,-33.82,151.3,2009,3,30,12.5,15,-34_151,20.488441785176597,23.1658992767334,20.580270093114816,23.29459628751201,NA,NA,0
Parma unifasciata,-30.2,153.27,2008,6,10,10,2,-30_153,22.653018315633137,21.416675567626953,22.558126750103757,21.95133284250895,2002,Solitary Islands Marine Park,0
Parma unifasciata,-30.2,153.27,2008,6,10,12.5,7,-30_153,22.653018315633137,21.416675567626953,22.558126750103757,21.95133284250895,2002,Solitary Islands Marine Park,0
Parma unifasciata,-30.2,153.27,2008,6,10,10,6,-30_153,22.653018315633137,21.416675567626953,22.558126750103757,21.95133284250895,2002,Solitary Islands Marine Park,0
Parma unifasciata,-30.2,153.27,2008,6,10,12.5,5,-30_153,22.653018315633137,21.416675567626953,22.558126750103757,21.95133284250895,2002,Solitary Islands Marine Park,0
Parma unifasciata,-30.2,153.27,2009,8,23,15,3,-30_153,23.06706126530965,20.52087020874023,22.686214861987008,19.92412852625693,2002,Solitary Islands Marine Park,0
Parma unifasciata,-30.2,153.27,2009,8,23,20,32,-30_153,23.06706126530965,20.52087020874023,22.686214861987008,19.92412852625693,2002,Solitary Islands Marine Park,0
Parma unifasciata,-30.2,153.27,2009,8,23,25,41,-30_153,23.06706126530965,20.52087020874023,22.686214861987008,19.92412852625693,2002,Solitary Islands Marine Park,0
Parma unifasciata,-30.2,153.27,2009,8,23,12.5,20,-30_153,23.06706126530965,20.52087020874023,22.686214861987008,19.92412852625693,2002,Solitary Islands Marine Park,0
Parma unifasciata,-30.2,153.27,2009,8,23,15,20,-30_153,23.06706126530965,20.52087020874023,22.686214861987008,19.92412852625693,2002,Solitary Islands Marine Park,0
Parma unifasciata,-32.71,152.16,2009,5,11,5,2,-33_152,21.148912747701008,20.721540451049805,20.95820614353018,22.08618232768069,1983,Fly Point-Halifax Park,1
Parma unifasciata,-33.82,151.29,2009,3,30,5,4,-34_151,20.488441785176597,23.1658992767334,20.580270093114816,23.29459628751201,NA,NA,0
Parma unifasciata,-33.82,151.29,2009,3,30,7.5,5,-34_151,20.488441785176597,23.1658992767334,20.580270093114816,23.29459628751201,NA,NA,0
Parma unifasciata,-33.82,151.29,2009,3,30,10,8,-34_151,20.488441785176597,23.1658992767334,20.580270093114816,23.29459628751201,NA,NA,0
Parma unifasciata,-33.82,151.29,2009,3,30,12.5,3,-34_151,20.488441785176597,23.1658992767334,20.580270093114816,23.29459628751201,NA,NA,0
Parma unifasciata,-33.82,151.29,2009,3,30,15,5,-34_151,20.488441785176597,23.1658992767334,20.580270093114816,23.29459628751201,NA,NA,0
Parma unifasciata,-33.82,151.29,2009,3,30,10,2,-34_151,20.488441785176597,23.1658992767334,20.580270093114816,23.29459628751201,NA,NA,0
Parma unifasciata,-33.82,151.29,2009,3,30,12.5,7,-34_151,20.488441785176597,23.1658992767334,20.580270093114816,23.29459628751201,NA,NA,0
Parma unifasciata,-33.82,151.29,2009,3,30,15,9,-34_151,20.488441785176597,23.1658992767334,20.580270093114816,23.29459628751201,NA,NA,0
Parma unifasciata,-33.82,151.29,2009,3,30,7.5,2,-34_151,20.488441785176597,23.1658992767334,20.580270093114816,23.29459628751201,NA,NA,0
Parma unifasciata,-33.82,151.29,2009,3,30,10,3,-34_151,20.488441785176597,23.1658992767334,20.580270093114816,23.29459628751201,NA,NA,0
Parma unifasciata,-33.82,151.29,2009,3,30,12.5,30,-34_151,20.488441785176597,23.1658992767334,20.580270093114816,23.29459628751201,NA,NA,0
Parma unifasciata,-33.82,151.29,2009,3,30,15,12,-34_151,20.488441785176597,23.1658992767334,20.580270093114816,23.29459628751201,NA,NA,0
Parma unifasciata,-33.82,151.29,2009,3,30,7.5,1,-34_151,20.488441785176597,23.1658992767334,20.580270093114816,23.29459628751201,NA,NA,0
Parma unifasciata,-33.82,151.29,2009,3,30,12.5,28,-34_151,20.488441785176597,23.1658992767334,20.580270093114816,23.29459628751201,NA,NA,0
Parma unifasciata,-33.82,151.29,2009,3,30,15,2,-34_151,20.488441785176597,23.1658992767334,20.580270093114816,23.29459628751201,NA,NA,0
Parma unifasciata,-33.82,151.29,2009,3,30,15,6,-34_151,20.488441785176597,23.1658992767334,20.580270093114816,23.29459628751201,NA,NA,0
Parma unifasciata,-33.82,151.29,2009,3,30,20,6,-34_151,20.488441785176597,23.1658992767334,20.580270093114816,23.29459628751201,NA,NA,0
Parma unifasciata,-33.82,151.29,2009,3,30,10,2,-34_151,20.488441785176597,23.1658992767334,20.580270093114816,23.29459628751201,NA,NA,0
Parma unifasciata,-33.82,151.29,2009,3,30,12.5,9,-34_151,20.488441785176597,23.1658992767334,20.580270093114816,23.29459628751201,NA,NA,0
Parma unifasciata,-33.82,151.29,2009,3,30,15,10,-34_151,20.488441785176597,23.1658992767334,20.580270093114816,23.29459628751201,NA,NA,0
Parma unifasciata,-33.82,151.29,2009,3,30,20,13,-34_151,20.488441785176597,23.1658992767334,20.580270093114816,23.29459628751201,NA,NA,0
Parma unifasciata,-30.21,153.27,2008,6,10,10,3,-30_153,22.653018315633137,21.416675567626953,22.558126750103757,21.95133284250895,2002,Solitary Islands Marine Park,0
Parma unifasciata,-30.21,153.27,2008,6,10,12.5,3,-30_153,22.653018315633137,21.416675567626953,22.558126750103757,21.95133284250895,2002,Solitary Islands Marine Park,0
Parma unifasciata,-30.21,153.27,2008,6,10,7.5,3,-30_153,22.653018315633137,21.416675567626953,22.558126750103757,21.95133284250895,2002,Solitary Islands Marine Park,0
Parma unifasciata,-30.21,153.27,2008,6,10,7.5,2,-30_153,22.653018315633137,21.416675567626953,22.558126750103757,21.95133284250895,2002,Solitary Islands Marine Park,0
Parma unifasciata,-30.21,153.27,2008,6,10,10,4,-30_153,22.653018315633137,21.416675567626953,22.558126750103757,21.95133284250895,2002,Solitary Islands Marine Park,0
Parma unifasciata,-30.21,153.27,2008,6,10,12.5,3,-30_153,22.653018315633137,21.416675567626953,22.558126750103757,21.95133284250895,2002,Solitary Islands Marine Park,0
Parma unifasciata,-30.21,153.27,2008,6,10,15,5,-30_153,22.653018315633137,21.416675567626953,22.558126750103757,21.95133284250895,2002,Solitary Islands Marine Park,0
Parma unifasciata,-30.21,153.27,2008,6,10,7.5,20,-30_153,22.653018315633137,21.416675567626953,22.558126750103757,21.95133284250895,2002,Solitary Islands Marine Park,0
Parma unifasciata,-30.21,153.27,2008,6,10,10,30,-30_153,22.653018315633137,21.416675567626953,22.558126750103757,21.95133284250895,2002,Solitary Islands Marine Park,0
Parma unifasciata,-30.21,153.27,2009,8,24,7.5,1,-30_153,23.06706126530965,20.52087020874023,22.686214861987008,19.92412852625693,2002,Solitary Islands Marine Park,0
Parma unifasciata,-30.21,153.27,2009,8,24,10,5,-30_153,23.06706126530965,20.52087020874023,22.686214861987008,19.92412852625693,2002,Solitary Islands Marine Park,0
Parma unifasciata,-30.21,153.27,2009,8,24,12.5,10,-30_153,23.06706126530965,20.52087020874023,22.686214861987008,19.92412852625693,2002,Solitary Islands Marine Park,0
Parma unifasciata,-30.21,153.27,2009,8,24,5,2,-30_153,23.06706126530965,20.52087020874023,22.686214861987008,19.92412852625693,2002,Solitary Islands Marine Park,0
Parma unifasciata,-30.21,153.27,2009,8,24,7.5,10,-30_153,23.06706126530965,20.52087020874023,22.686214861987008,19.92412852625693,2002,Solitary Islands Marine Park,0
Parma unifasciata,-30.21,153.27,2009,8,24,10,20,-30_153,23.06706126530965,20.52087020874023,22.686214861987008,19.92412852625693,2002,Solitary Islands Marine Park,0
Parma unifasciata,-30.21,153.27,2009,8,24,20,30,-30_153,23.06706126530965,20.52087020874023,22.686214861987008,19.92412852625693,2002,Solitary Islands Marine Park,0
Parma unifasciata,-30.21,153.27,2009,8,24,12.5,28,-30_153,23.06706126530965,20.52087020874023,22.686214861987008,19.92412852625693,2002,Solitary Islands Marine Park,0
Parma unifasciata,-30.21,153.27,2009,8,24,15,15,-30_153,23.06706126530965,20.52087020874023,22.686214861987008,19.92412852625693,2002,Solitary Islands Marine Park,0
Parma unifasciata,-30.21,153.27,2009,8,24,10,8,-30_153,23.06706126530965,20.52087020874023,22.686214861987008,19.92412852625693,2002,Solitary Islands Marine Park,0
Parma unifasciata,-30.21,153.27,2009,8,24,12.5,7,-30_153,23.06706126530965,20.52087020874023,22.686214861987008,19.92412852625693,2002,Solitary Islands Marine Park,0
Parma unifasciata,-30.21,153.27,2009,8,24,15,5,-30_153,23.06706126530965,20.52087020874023,22.686214861987008,19.92412852625693,2002,Solitary Islands Marine Park,0
Parma unifasciata,-30.21,153.27,2009,8,24,5,1,-30_153,23.06706126530965,20.52087020874023,22.686214861987008,19.92412852625693,2002,Solitary Islands Marine Park,0
Parma unifasciata,-30.21,153.27,2009,8,24,7.5,1,-30_153,23.06706126530965,20.52087020874023,22.686214861987008,19.92412852625693,2002,Solitary Islands Marine Park,0
Parma unifasciata,-30.21,153.27,2009,8,24,10,10,-30_153,23.06706126530965,20.52087020874023,22.686214861987008,19.92412852625693,2002,Solitary Islands Marine Park,0
Parma unifasciata,-30.21,153.27,2009,8,24,12.5,13,-30_153,23.06706126530965,20.52087020874023,22.686214861987008,19.92412852625693,2002,Solitary Islands Marine Park,0
Parma unifasciata,-30.21,153.27,2009,8,24,15,1,-30_153,23.06706126530965,20.52087020874023,22.686214861987008,19.92412852625693,2002,Solitary Islands Marine Park,0
Parma unifasciata,-30.21,153.27,2009,8,24,12.5,1,-30_153,23.06706126530965,20.52087020874023,22.686214861987008,19.92412852625693,2002,Solitary Islands Marine Park,0
Parma unifasciata,-30.21,153.27,2009,8,24,15,20,-30_153,23.06706126530965,20.52087020874023,22.686214861987008,19.92412852625693,2002,Solitary Islands Marine Park,0
Parma unifasciata,-30.21,153.27,2009,8,24,10,10,-30_153,23.06706126530965,20.52087020874023,22.686214861987008,19.92412852625693,2002,Solitary Islands Marine Park,0
Parma unifasciata,-30.21,153.27,2009,8,24,12.5,10,-30_153,23.06706126530965,20.52087020874023,22.686214861987008,19.92412852625693,2002,Solitary Islands Marine Park,0
Parma unifasciata,-30.21,153.27,2009,8,24,15,15,-30_153,23.06706126530965,20.52087020874023,22.686214861987008,19.92412852625693,2002,Solitary Islands Marine Park,0
Parma unifasciata,-32.74,152.19,2010,9,12,5,20,-33_152,21.71309455235799,18.550230026245117,21.233464664610445,18.28508290714688,NA,NA,0
Parma unifasciata,-32.74,152.19,2010,9,12,7.5,60,-33_152,21.71309455235799,18.550230026245117,21.233464664610445,18.28508290714688,NA,NA,0
Parma unifasciata,-32.74,152.19,2010,9,12,10,20,-33_152,21.71309455235799,18.550230026245117,21.233464664610445,18.28508290714688,NA,NA,0
Parma unifasciata,-32.74,152.19,2010,9,12,7.5,6,-33_152,21.71309455235799,18.550230026245117,21.233464664610445,18.28508290714688,NA,NA,0
Parma unifasciata,-32.71,152.16,2009,10,18,7.5,1,-33_152,21.148912747701008,20.110031127929688,20.95820614353018,19.533924343765424,1983,Fly Point-Halifax Park,1
Parma unifasciata,-33.82,151.3,2009,3,30,7.5,2,-34_151,20.488441785176597,23.1658992767334,20.580270093114816,23.29459628751201,NA,NA,0
Parma unifasciata,-33.82,151.3,2009,3,30,10,2,-34_151,20.488441785176597,23.1658992767334,20.580270093114816,23.29459628751201,NA,NA,0
Parma unifasciata,-33.82,151.3,2009,3,30,7.5,5,-34_151,20.488441785176597,23.1658992767334,20.580270093114816,23.29459628751201,NA,NA,0
Parma unifasciata,-33.82,151.3,2009,3,30,10,10,-34_151,20.488441785176597,23.1658992767334,20.580270093114816,23.29459628751201,NA,NA,0
Parma unifasciata,-33.82,151.3,2009,3,30,12.5,2,-34_151,20.488441785176597,23.1658992767334,20.580270093114816,23.29459628751201,NA,NA,0
Parma unifasciata,-33.82,151.3,2009,3,30,15,9,-34_151,20.488441785176597,23.1658992767334,20.580270093114816,23.29459628751201,NA,NA,0
Parma unifasciata,-33.82,151.3,2009,3,30,10,2,-34_151,20.488441785176597,23.1658992767334,20.580270093114816,23.29459628751201,NA,NA,0
Parma unifasciata,-33.82,151.3,2009,3,30,7.5,4,-34_151,20.488441785176597,23.1658992767334,20.580270093114816,23.29459628751201,NA,NA,0
Parma unifasciata,-33.82,151.3,2009,3,30,10,6,-34_151,20.488441785176597,23.1658992767334,20.580270093114816,23.29459628751201,NA,NA,0
Parma unifasciata,-33.82,151.3,2009,3,30,12.5,30,-34_151,20.488441785176597,23.1658992767334,20.580270093114816,23.29459628751201,NA,NA,0
Parma unifasciata,-33.82,151.3,2009,3,30,15,6,-34_151,20.488441785176597,23.1658992767334,20.580270093114816,23.29459628751201,NA,NA,0
Parma unifasciata,-32.71,152.15,2009,5,10,7.5,1,-33_152,21.148912747701008,20.721540451049805,20.95820614353018,22.08618232768069,1983,Fly Point-Halifax Park,1
Parma unifasciata,-32.71,152.15,2009,5,10,10,1,-33_152,21.148912747701008,20.721540451049805,20.95820614353018,22.08618232768069,1983,Fly Point-Halifax Park,1
Parma unifasciata,-32.71,152.15,2009,5,10,12.5,2,-33_152,21.148912747701008,20.721540451049805,20.95820614353018,22.08618232768069,1983,Fly Point-Halifax Park,1
Parma unifasciata,-32.71,152.15,2009,5,10,20,2,-33_152,21.148912747701008,20.721540451049805,20.95820614353018,22.08618232768069,1983,Fly Point-Halifax Park,1
Parma unifasciata,-32.71,152.15,2009,5,11,10,1,-33_152,21.148912747701008,20.721540451049805,20.95820614353018,22.08618232768069,1983,Fly Point-Halifax Park,1
Parma unifasciata,-30.24,153.18,2009,8,24,7.5,1,-30_153,23.06706126530965,20.52087020874023,22.686214861987008,19.92412852625693,2002,Solitary Islands Marine Park,0
Parma unifasciata,-30.24,153.18,2009,8,24,12.5,22,-30_153,23.06706126530965,20.52087020874023,22.686214861987008,19.92412852625693,2002,Solitary Islands Marine Park,0
Parma unifasciata,-30.24,153.18,2009,8,24,15,31,-30_153,23.06706126530965,20.52087020874023,22.686214861987008,19.92412852625693,2002,Solitary Islands Marine Park,0
Parma unifasciata,-32.71,152.15,2009,8,15,12.5,12,-33_152,21.148912747701008,19.017101287841797,20.95820614353018,18.049354435295182,1983,Fly Point-Halifax Park,1
Parma unifasciata,-32.71,152.15,2009,8,15,15,4,-33_152,21.148912747701008,19.017101287841797,20.95820614353018,18.049354435295182,1983,Fly Point-Halifax Park,1
Parma unifasciata,-30.24,153.18,2009,8,24,7.5,1,-30_153,23.06706126530965,20.52087020874023,22.686214861987008,19.92412852625693,2002,Solitary Islands Marine Park,0
Parma unifasciata,-30.24,153.18,2009,8,24,10,12,-30_153,23.06706126530965,20.52087020874023,22.686214861987008,19.92412852625693,2002,Solitary Islands Marine Park,0
Parma unifasciata,-30.24,153.18,2009,8,24,12.5,2,-30_153,23.06706126530965,20.52087020874023,22.686214861987008,19.92412852625693,2002,Solitary Islands Marine Park,0
Parma unifasciata,-30.24,153.18,2009,8,24,7.5,20,-30_153,23.06706126530965,20.52087020874023,22.686214861987008,19.92412852625693,2002,Solitary Islands Marine Park,0
Parma unifasciata,-30.24,153.18,2009,8,24,10,60,-30_153,23.06706126530965,20.52087020874023,22.686214861987008,19.92412852625693,2002,Solitary Islands Marine Park,0
Parma unifasciata,-32.7,152.23,2009,11,21,10,10,-33_152,21.148912747701008,21.234846115112305,20.95820614353018,21.01616621547275,NA,NA,0
Parma unifasciata,-32.7,152.23,2009,11,21,12.5,32,-33_152,21.148912747701008,21.234846115112305,20.95820614353018,21.01616621547275,NA,NA,0
Parma unifasciata,-32.7,152.23,2009,11,21,15,18,-33_152,21.148912747701008,21.234846115112305,20.95820614353018,21.01616621547275,NA,NA,0
Parma unifasciata,-32.7,152.23,2009,11,21,5,13,-33_152,21.148912747701008,21.234846115112305,20.95820614353018,21.01616621547275,NA,NA,0
Parma unifasciata,-32.7,152.23,2009,11,21,7.5,11,-33_152,21.148912747701008,21.234846115112305,20.95820614353018,21.01616621547275,NA,NA,0
Parma unifasciata,-32.7,152.23,2009,11,21,10,5,-33_152,21.148912747701008,21.234846115112305,20.95820614353018,21.01616621547275,NA,NA,0
Parma unifasciata,-32.7,152.23,2009,11,21,12.5,10,-33_152,21.148912747701008,21.234846115112305,20.95820614353018,21.01616621547275,NA,NA,0
Parma unifasciata,-32.7,152.23,2009,11,21,15,30,-33_152,21.148912747701008,21.234846115112305,20.95820614353018,21.01616621547275,NA,NA,0
Parma unifasciata,-32.7,152.23,2009,11,21,20,26,-33_152,21.148912747701008,21.234846115112305,20.95820614353018,21.01616621547275,NA,NA,0
Parma unifasciata,-32.7,152.23,2009,11,21,10,30,-33_152,21.148912747701008,21.234846115112305,20.95820614353018,21.01616621547275,NA,NA,0
Parma unifasciata,-32.7,152.23,2009,11,21,12.5,26,-33_152,21.148912747701008,21.234846115112305,20.95820614353018,21.01616621547275,NA,NA,0
Parma unifasciata,-32.7,152.23,2009,11,21,15,65,-33_152,21.148912747701008,21.234846115112305,20.95820614353018,21.01616621547275,NA,NA,0
Parma unifasciata,-32.71,152.15,2009,8,15,10,1,-33_152,21.148912747701008,19.017101287841797,20.95820614353018,18.049354435295182,1983,Fly Point-Halifax Park,1
Parma unifasciata,-32.71,152.15,2010,5,27,7.5,6,-33_152,21.71309455235799,22.11063003540039,21.233464664610445,22.73542957921182,1983,Fly Point-Halifax Park,1
Parma unifasciata,-32.79,152.11,2009,6,10,5,1,-33_152,21.148912747701008,19.543521881103516,20.95820614353018,20.194027339087594,NA,NA,0
Parma unifasciata,-32.79,152.11,2009,6,10,7.5,2,-33_152,21.148912747701008,19.543521881103516,20.95820614353018,20.194027339087594,NA,NA,0
Parma unifasciata,-32.79,152.11,2009,6,10,10,5,-33_152,21.148912747701008,19.543521881103516,20.95820614353018,20.194027339087594,NA,NA,0
Parma unifasciata,-32.79,152.11,2009,6,10,12.5,2,-33_152,21.148912747701008,19.543521881103516,20.95820614353018,20.194027339087594,NA,NA,0
Parma unifasciata,-32.79,152.11,2009,6,10,7.5,3,-33_152,21.148912747701008,19.543521881103516,20.95820614353018,20.194027339087594,NA,NA,0
Parma unifasciata,-32.79,152.11,2009,6,10,15,2,-33_152,21.148912747701008,19.543521881103516,20.95820614353018,20.194027339087594,NA,NA,0
Parma unifasciata,-32.79,152.11,2010,1,10,5,1,-33_152,21.71309455235799,23.890216827392575,21.233464664610445,23.48766078743883,NA,NA,0
Parma unifasciata,-32.79,152.11,2010,1,10,7.5,2,-33_152,21.71309455235799,23.890216827392575,21.233464664610445,23.48766078743883,NA,NA,0
Parma unifasciata,-32.79,152.11,2010,1,10,10,2,-33_152,21.71309455235799,23.890216827392575,21.233464664610445,23.48766078743883,NA,NA,0
Parma unifasciata,-32.71,152.15,2009,10,5,7.5,1,-33_152,21.148912747701008,20.110031127929688,20.95820614353018,19.533924343765424,1983,Fly Point-Halifax Park,1
Parma unifasciata,-32.71,152.15,2009,10,5,10,2,-33_152,21.148912747701008,20.110031127929688,20.95820614353018,19.533924343765424,1983,Fly Point-Halifax Park,1
Parma unifasciata,-32.71,152.15,2010,1,5,12.5,1,-33_152,21.71309455235799,23.890216827392575,21.233464664610445,23.48766078743883,1983,Fly Point-Halifax Park,1
Parma unifasciata,-32.71,152.15,2010,4,15,7.5,1,-33_152,21.71309455235799,23.75311279296875,21.233464664610445,23.756860531700983,1983,Fly Point-Halifax Park,1
Parma unifasciata,-32.71,152.15,2010,4,15,10,2,-33_152,21.71309455235799,23.75311279296875,21.233464664610445,23.756860531700983,1983,Fly Point-Halifax Park,1
Parma unifasciata,-32.71,152.15,2010,4,15,5,1,-33_152,21.71309455235799,23.75311279296875,21.233464664610445,23.756860531700983,1983,Fly Point-Halifax Park,1
Parma unifasciata,-32.71,152.16,2009,8,9,10,1,-33_152,21.148912747701008,19.017101287841797,20.95820614353018,18.049354435295182,1983,Fly Point-Halifax Park,1
Parma unifasciata,-32.71,152.16,2009,8,9,7.5,2,-33_152,21.148912747701008,19.017101287841797,20.95820614353018,18.049354435295182,1983,Fly Point-Halifax Park,1
Parma unifasciata,-32.71,152.16,2009,8,9,10,3,-33_152,21.148912747701008,19.017101287841797,20.95820614353018,18.049354435295182,1983,Fly Point-Halifax Park,1
Parma unifasciata,-32.71,152.16,2009,8,9,12.5,1,-33_152,21.148912747701008,19.017101287841797,20.95820614353018,18.049354435295182,1983,Fly Point-Halifax Park,1
Parma unifasciata,-32.71,152.16,2009,12,6,12.5,3,-33_152,21.148912747701008,22.42232894897461,20.95820614353018,21.818467263252504,1983,Fly Point-Halifax Park,1
Parma unifasciata,-32.71,152.16,2009,12,6,15,1,-33_152,21.148912747701008,22.42232894897461,20.95820614353018,21.818467263252504,1983,Fly Point-Halifax Park,1
Parma unifasciata,-32.71,152.16,2009,12,6,7.5,1,-33_152,21.148912747701008,22.42232894897461,20.95820614353018,21.818467263252504,1983,Fly Point-Halifax Park,1
Parma unifasciata,-32.71,152.16,2009,12,6,10,1,-33_152,21.148912747701008,22.42232894897461,20.95820614353018,21.818467263252504,1983,Fly Point-Halifax Park,1
Parma unifasciata,-32.71,152.16,2010,4,22,5,1,-33_152,21.71309455235799,23.75311279296875,21.233464664610445,23.756860531700983,1983,Fly Point-Halifax Park,1
Parma unifasciata,-32.71,152.16,2010,4,22,10,1,-33_152,21.71309455235799,23.75311279296875,21.233464664610445,23.756860531700983,1983,Fly Point-Halifax Park,1
Parma unifasciata,-32.71,152.16,2010,4,22,15,2,-33_152,21.71309455235799,23.75311279296875,21.233464664610445,23.756860531700983,1983,Fly Point-Halifax Park,1
Parma unifasciata,-32.79,152.11,2010,1,10,7.5,3,-33_152,21.71309455235799,23.890216827392575,21.233464664610445,23.48766078743883,NA,NA,0
Parma unifasciata,-32.79,152.11,2010,1,10,10,1,-33_152,21.71309455235799,23.890216827392575,21.233464664610445,23.48766078743883,NA,NA,0
Parma unifasciata,-32.75,152.17,2010,3,6,7.5,1,-33_152,21.71309455235799,24.48659324645996,21.233464664610445,23.8857520985347,NA,NA,0
Parma unifasciata,-32.75,152.17,2010,3,6,10,1,-33_152,21.71309455235799,24.48659324645996,21.233464664610445,23.8857520985347,NA,NA,0
Parma unifasciata,-32.71,152.15,2009,5,10,10,1,-33_152,21.148912747701008,20.721540451049805,20.95820614353018,22.08618232768069,1983,Fly Point-Halifax Park,1
Parma unifasciata,-32.71,152.15,2009,5,10,12.5,2,-33_152,21.148912747701008,20.721540451049805,20.95820614353018,22.08618232768069,1983,Fly Point-Halifax Park,1
Parma unifasciata,-32.71,152.15,2009,5,10,15,1,-33_152,21.148912747701008,20.721540451049805,20.95820614353018,22.08618232768069,1983,Fly Point-Halifax Park,1
Parma unifasciata,-32.71,152.15,2009,5,10,10,5,-33_152,21.148912747701008,20.721540451049805,20.95820614353018,22.08618232768069,1983,Fly Point-Halifax Park,1
Parma unifasciata,-32.71,152.15,2009,5,10,12.5,1,-33_152,21.148912747701008,20.721540451049805,20.95820614353018,22.08618232768069,1983,Fly Point-Halifax Park,1
Parma unifasciata,-32.71,152.16,2010,4,22,12.5,1,-33_152,21.71309455235799,23.75311279296875,21.233464664610445,23.756860531700983,1983,Fly Point-Halifax Park,1
Parma unifasciata,-32.71,152.16,2010,6,5,7.5,4,-33_152,21.71309455235799,20.412281036376953,21.233464664610445,20.638221799002753,1983,Fly Point-Halifax Park,1
Parma unifasciata,-32.71,152.16,2010,6,5,10,2,-33_152,21.71309455235799,20.412281036376953,21.233464664610445,20.638221799002753,1983,Fly Point-Halifax Park,1
Parma unifasciata,-32.71,152.16,2009,10,25,7.5,2,-33_152,21.148912747701008,20.110031127929688,20.95820614353018,19.533924343765424,1983,Fly Point-Halifax Park,1
Parma unifasciata,-32.71,152.16,2009,10,25,10,1,-33_152,21.148912747701008,20.110031127929688,20.95820614353018,19.533924343765424,1983,Fly Point-Halifax Park,1
Parma unifasciata,-32.71,152.15,2009,5,10,10,1,-33_152,21.148912747701008,20.721540451049805,20.95820614353018,22.08618232768069,1983,Fly Point-Halifax Park,1
Parma unifasciata,-32.71,152.15,2009,5,10,12.5,2,-33_152,21.148912747701008,20.721540451049805,20.95820614353018,22.08618232768069,1983,Fly Point-Halifax Park,1
Parma unifasciata,-32.71,152.15,2009,5,10,15,3,-33_152,21.148912747701008,20.721540451049805,20.95820614353018,22.08618232768069,1983,Fly Point-Halifax Park,1
Parma unifasciata,-32.71,152.16,2010,3,14,5,1,-33_152,21.71309455235799,24.48659324645996,21.233464664610445,23.8857520985347,1983,Fly Point-Halifax Park,1
Parma unifasciata,-32.71,152.16,2010,3,14,7.5,1,-33_152,21.71309455235799,24.48659324645996,21.233464664610445,23.8857520985347,1983,Fly Point-Halifax Park,1
Parma unifasciata,-30.2,153.26,2008,6,9,2.5,2,-30_153,22.653018315633137,21.416675567626953,22.558126750103757,21.95133284250895,2002,Solitary Islands Marine Park,0
Parma unifasciata,-30.2,153.26,2008,6,9,5,2,-30_153,22.653018315633137,21.416675567626953,22.558126750103757,21.95133284250895,2002,Solitary Islands Marine Park,0
Parma unifasciata,-30.2,153.26,2008,6,9,7.5,10,-30_153,22.653018315633137,21.416675567626953,22.558126750103757,21.95133284250895,2002,Solitary Islands Marine Park,0
Parma unifasciata,-30.2,153.26,2008,6,9,10,15,-30_153,22.653018315633137,21.416675567626953,22.558126750103757,21.95133284250895,2002,Solitary Islands Marine Park,0
Parma unifasciata,-30.2,153.26,2008,6,9,12.5,2,-30_153,22.653018315633137,21.416675567626953,22.558126750103757,21.95133284250895,2002,Solitary Islands Marine Park,0
Parma unifasciata,-30.2,153.26,2008,6,9,2.5,1,-30_153,22.653018315633137,21.416675567626953,22.558126750103757,21.95133284250895,2002,Solitary Islands Marine Park,0
Parma unifasciata,-30.2,153.26,2008,6,9,5,1,-30_153,22.653018315633137,21.416675567626953,22.558126750103757,21.95133284250895,2002,Solitary Islands Marine Park,0
Parma unifasciata,-30.2,153.26,2008,6,9,7.5,8,-30_153,22.653018315633137,21.416675567626953,22.558126750103757,21.95133284250895,2002,Solitary Islands Marine Park,0
Parma unifasciata,-30.2,153.26,2008,6,9,10,5,-30_153,22.653018315633137,21.416675567626953,22.558126750103757,21.95133284250895,2002,Solitary Islands Marine Park,0
Parma unifasciata,-30.2,153.26,2008,6,9,15,1,-30_153,22.653018315633137,21.416675567626953,22.558126750103757,21.95133284250895,2002,Solitary Islands Marine Park,0
Parma unifasciata,-30.2,153.26,2008,6,9,5,2,-30_153,22.653018315633137,21.416675567626953,22.558126750103757,21.95133284250895,2002,Solitary Islands Marine Park,0
Parma unifasciata,-30.2,153.26,2008,6,9,7.5,2,-30_153,22.653018315633137,21.416675567626953,22.558126750103757,21.95133284250895,2002,Solitary Islands Marine Park,0
Parma unifasciata,-30.2,153.26,2008,6,9,10,5,-30_153,22.653018315633137,21.416675567626953,22.558126750103757,21.95133284250895,2002,Solitary Islands Marine Park,0
Parma unifasciata,-30.2,153.26,2008,6,9,7.5,1,-30_153,22.653018315633137,21.416675567626953,22.558126750103757,21.95133284250895,2002,Solitary Islands Marine Park,0
Parma unifasciata,-30.2,153.26,2008,6,9,10,5,-30_153,22.653018315633137,21.416675567626953,22.558126750103757,21.95133284250895,2002,Solitary Islands Marine Park,0
Parma unifasciata,-30.2,153.26,2008,6,9,12.5,10,-30_153,22.653018315633137,21.416675567626953,22.558126750103757,21.95133284250895,2002,Solitary Islands Marine Park,0
Parma unifasciata,-30.2,153.26,2008,6,9,10,4,-30_153,22.653018315633137,21.416675567626953,22.558126750103757,21.95133284250895,2002,Solitary Islands Marine Park,0
Parma unifasciata,-30.2,153.26,2008,6,9,12.5,3,-30_153,22.653018315633137,21.416675567626953,22.558126750103757,21.95133284250895,2002,Solitary Islands Marine Park,0
Parma unifasciata,-30.2,153.26,2008,6,9,10,1,-30_153,22.653018315633137,21.416675567626953,22.558126750103757,21.95133284250895,2002,Solitary Islands Marine Park,0
Parma unifasciata,-30.2,153.26,2008,6,9,12.5,3,-30_153,22.653018315633137,21.416675567626953,22.558126750103757,21.95133284250895,2002,Solitary Islands Marine Park,0
Parma unifasciata,-30.2,153.26,2008,6,9,15,2,-30_153,22.653018315633137,21.416675567626953,22.558126750103757,21.95133284250895,2002,Solitary Islands Marine Park,0
Parma unifasciata,-30.2,153.26,2008,6,9,20,2,-30_153,22.653018315633137,21.416675567626953,22.558126750103757,21.95133284250895,2002,Solitary Islands Marine Park,0
Parma unifasciata,-30.2,153.26,2008,6,9,25,5,-30_153,22.653018315633137,21.416675567626953,22.558126750103757,21.95133284250895,2002,Solitary Islands Marine Park,0
Parma unifasciata,-30.2,153.26,2008,6,9,10,5,-30_153,22.653018315633137,21.416675567626953,22.558126750103757,21.95133284250895,2002,Solitary Islands Marine Park,0
Parma unifasciata,-30.2,153.26,2008,6,9,12.5,1,-30_153,22.653018315633137,21.416675567626953,22.558126750103757,21.95133284250895,2002,Solitary Islands Marine Park,0
Parma unifasciata,-30.2,153.26,2008,6,9,15,1,-30_153,22.653018315633137,21.416675567626953,22.558126750103757,21.95133284250895,2002,Solitary Islands Marine Park,0
Parma unifasciata,-30.2,153.27,2008,6,9,7.5,5,-30_153,22.653018315633137,21.416675567626953,22.558126750103757,21.95133284250895,2002,Solitary Islands Marine Park,0
Parma unifasciata,-30.2,153.27,2008,6,9,10,8,-30_153,22.653018315633137,21.416675567626953,22.558126750103757,21.95133284250895,2002,Solitary Islands Marine Park,0
Parma unifasciata,-30.2,153.27,2008,6,9,12.5,9,-30_153,22.653018315633137,21.416675567626953,22.558126750103757,21.95133284250895,2002,Solitary Islands Marine Park,0
Parma unifasciata,-30.2,153.27,2008,6,9,15,8,-30_153,22.653018315633137,21.416675567626953,22.558126750103757,21.95133284250895,2002,Solitary Islands Marine Park,0
Parma unifasciata,-30.2,153.27,2008,6,9,7.5,8,-30_153,22.653018315633137,21.416675567626953,22.558126750103757,21.95133284250895,2002,Solitary Islands Marine Park,0
Parma unifasciata,-30.2,153.27,2008,6,9,10,18,-30_153,22.653018315633137,21.416675567626953,22.558126750103757,21.95133284250895,2002,Solitary Islands Marine Park,0
Parma unifasciata,-30.2,153.27,2008,6,9,12.5,7,-30_153,22.653018315633137,21.416675567626953,22.558126750103757,21.95133284250895,2002,Solitary Islands Marine Park,0
Parma unifasciata,-33.84,151.28,2009,8,2,12.5,1,-34_151,20.488441785176597,18.304466247558594,20.580270093114816,17.557902828339607,NA,NA,0
Parma unifasciata,-33.84,151.28,2009,8,2,15,1,-34_151,20.488441785176597,18.304466247558594,20.580270093114816,17.557902828339607,NA,NA,0
Parma unifasciata,-33.84,151.28,2009,8,2,12.5,1,-34_151,20.488441785176597,18.304466247558594,20.580270093114816,17.557902828339607,NA,NA,0
Parma unifasciata,-32.71,152.15,2009,6,28,10,2,-33_152,21.148912747701008,19.543521881103516,20.95820614353018,20.194027339087594,1983,Fly Point-Halifax Park,1
Parma unifasciata,-32.71,152.15,2009,6,28,12.5,2,-33_152,21.148912747701008,19.543521881103516,20.95820614353018,20.194027339087594,1983,Fly Point-Halifax Park,1
Parma unifasciata,-33.84,151.28,2009,8,2,15,1,-34_151,20.488441785176597,18.304466247558594,20.580270093114816,17.557902828339607,NA,NA,0
Parma unifasciata,-33.84,151.28,2009,8,2,20,1,-34_151,20.488441785176597,18.304466247558594,20.580270093114816,17.557902828339607,NA,NA,0
Parma unifasciata,-30.24,153.18,2009,8,24,5,1,-30_153,23.06706126530965,20.52087020874023,22.686214861987008,19.92412852625693,2002,Solitary Islands Marine Park,0
Parma unifasciata,-30.24,153.18,2009,8,24,7.5,10,-30_153,23.06706126530965,20.52087020874023,22.686214861987008,19.92412852625693,2002,Solitary Islands Marine Park,0
Parma unifasciata,-30.24,153.18,2009,8,24,10,10,-30_153,23.06706126530965,20.52087020874023,22.686214861987008,19.92412852625693,2002,Solitary Islands Marine Park,0
Parma unifasciata,-30.24,153.18,2009,8,24,12.5,14,-30_153,23.06706126530965,20.52087020874023,22.686214861987008,19.92412852625693,2002,Solitary Islands Marine Park,0
Parma unifasciata,-30.24,153.18,2009,8,24,15,8,-30_153,23.06706126530965,20.52087020874023,22.686214861987008,19.92412852625693,2002,Solitary Islands Marine Park,0
Parma unifasciata,-30.24,153.18,2009,8,24,5,2,-30_153,23.06706126530965,20.52087020874023,22.686214861987008,19.92412852625693,2002,Solitary Islands Marine Park,0
Parma unifasciata,-30.24,153.18,2009,8,24,7.5,15,-30_153,23.06706126530965,20.52087020874023,22.686214861987008,19.92412852625693,2002,Solitary Islands Marine Park,0
Parma unifasciata,-30.24,153.18,2009,8,24,10,15,-30_153,23.06706126530965,20.52087020874023,22.686214861987008,19.92412852625693,2002,Solitary Islands Marine Park,0
Parma unifasciata,-30.24,153.18,2009,8,24,12.5,25,-30_153,23.06706126530965,20.52087020874023,22.686214861987008,19.92412852625693,2002,Solitary Islands Marine Park,0
Parma unifasciata,-30.24,153.18,2009,8,24,15,10,-30_153,23.06706126530965,20.52087020874023,22.686214861987008,19.92412852625693,2002,Solitary Islands Marine Park,0
Parma unifasciata,-30.2,153.27,2008,6,10,15,3,-30_153,22.653018315633137,21.416675567626953,22.558126750103757,21.95133284250895,2002,Solitary Islands Marine Park,0
Parma unifasciata,-30.2,153.27,2008,6,10,20,8,-30_153,22.653018315633137,21.416675567626953,22.558126750103757,21.95133284250895,2002,Solitary Islands Marine Park,0
Parma unifasciata,-30.2,153.27,2008,6,10,25,17,-30_153,22.653018315633137,21.416675567626953,22.558126750103757,21.95133284250895,2002,Solitary Islands Marine Park,0
Parma unifasciata,-30.2,153.27,2008,6,10,12.5,2,-30_153,22.653018315633137,21.416675567626953,22.558126750103757,21.95133284250895,2002,Solitary Islands Marine Park,0
Parma unifasciata,-30.2,153.27,2008,6,10,15,48,-30_153,22.653018315633137,21.416675567626953,22.558126750103757,21.95133284250895,2002,Solitary Islands Marine Park,0
Parma unifasciata,-32.71,152.15,2009,6,28,15,1,-33_152,21.148912747701008,19.543521881103516,20.95820614353018,20.194027339087594,1983,Fly Point-Halifax Park,1
Parma unifasciata,-32.71,152.15,2009,8,15,12.5,2,-33_152,21.148912747701008,19.017101287841797,20.95820614353018,18.049354435295182,1983,Fly Point-Halifax Park,1
Parma unifasciata,-32.71,152.15,2009,8,15,20,2,-33_152,21.148912747701008,19.017101287841797,20.95820614353018,18.049354435295182,1983,Fly Point-Halifax Park,1
Parma unifasciata,-30.24,153.18,2009,8,24,5,2,-30_153,23.06706126530965,20.52087020874023,22.686214861987008,19.92412852625693,2002,Solitary Islands Marine Park,0
Parma unifasciata,-30.24,153.18,2009,8,24,7.5,3,-30_153,23.06706126530965,20.52087020874023,22.686214861987008,19.92412852625693,2002,Solitary Islands Marine Park,0
Parma unifasciata,-30.24,153.18,2009,8,24,10,3,-30_153,23.06706126530965,20.52087020874023,22.686214861987008,19.92412852625693,2002,Solitary Islands Marine Park,0
Parma unifasciata,-30.24,153.18,2009,8,24,12.5,3,-30_153,23.06706126530965,20.52087020874023,22.686214861987008,19.92412852625693,2002,Solitary Islands Marine Park,0
Parma unifasciata,-30.24,153.18,2009,8,24,5,3,-30_153,23.06706126530965,20.52087020874023,22.686214861987008,19.92412852625693,2002,Solitary Islands Marine Park,0
Parma unifasciata,-30.24,153.18,2009,8,24,7.5,15,-30_153,23.06706126530965,20.52087020874023,22.686214861987008,19.92412852625693,2002,Solitary Islands Marine Park,0
Parma unifasciata,-30.24,153.18,2009,8,24,10,15,-30_153,23.06706126530965,20.52087020874023,22.686214861987008,19.92412852625693,2002,Solitary Islands Marine Park,0
Parma unifasciata,-32.71,152.15,2009,8,15,10,2,-33_152,21.148912747701008,19.017101287841797,20.95820614353018,18.049354435295182,1983,Fly Point-Halifax Park,1
Parma unifasciata,-30.24,153.18,2009,8,24,10,1,-30_153,23.06706126530965,20.52087020874023,22.686214861987008,19.92412852625693,2002,Solitary Islands Marine Park,0
Parma unifasciata,-30.24,153.18,2009,8,24,15,20,-30_153,23.06706126530965,20.52087020874023,22.686214861987008,19.92412852625693,2002,Solitary Islands Marine Park,0
Parma unifasciata,-30.24,153.18,2009,8,24,20,13,-30_153,23.06706126530965,20.52087020874023,22.686214861987008,19.92412852625693,2002,Solitary Islands Marine Park,0
Parma unifasciata,-35.08,150.78,2010,3,26,10,3,-35_151,20.288724263509113,22.983264923095703,20.43436043554655,23.292150046235772,NA,NA,0
Parma unifasciata,-35.08,150.78,2010,3,26,12.5,3,-35_151,20.288724263509113,22.983264923095703,20.43436043554655,23.292150046235772,NA,NA,0
Parma unifasciata,-35.08,150.78,2010,3,26,15,3,-35_151,20.288724263509113,22.983264923095703,20.43436043554655,23.292150046235772,NA,NA,0
Parma unifasciata,-35.08,150.78,2010,3,26,10,4,-35_151,20.288724263509113,22.983264923095703,20.43436043554655,23.292150046235772,NA,NA,0
Parma unifasciata,-35.08,150.78,2010,3,26,12.5,7,-35_151,20.288724263509113,22.983264923095703,20.43436043554655,23.292150046235772,NA,NA,0
Parma unifasciata,-35.08,150.78,2010,3,26,10,1,-35_151,20.288724263509113,22.983264923095703,20.43436043554655,23.292150046235772,NA,NA,0
Parma unifasciata,-35.08,150.78,2010,3,26,12.5,5,-35_151,20.288724263509113,22.983264923095703,20.43436043554655,23.292150046235772,NA,NA,0
Parma unifasciata,-35.08,150.78,2010,3,26,15,3,-35_151,20.288724263509113,22.983264923095703,20.43436043554655,23.292150046235772,NA,NA,0
Parma unifasciata,-35.08,150.78,2010,3,26,20,4,-35_151,20.288724263509113,22.983264923095703,20.43436043554655,23.292150046235772,NA,NA,0
Parma unifasciata,-35.08,150.78,2010,3,26,12.5,10,-35_151,20.288724263509113,22.983264923095703,20.43436043554655,23.292150046235772,NA,NA,0
Parma unifasciata,-35.08,150.78,2010,3,26,25,2,-35_151,20.288724263509113,22.983264923095703,20.43436043554655,23.292150046235772,NA,NA,0
Parma unifasciata,-35.02,150.76,2010,3,29,10,1,-35_151,20.288724263509113,22.983264923095703,20.43436043554655,23.292150046235772,2002,Jervis Bay Marine Park,0
Parma unifasciata,-35.08,150.78,2010,3,26,12.5,16,-35_151,20.288724263509113,22.983264923095703,20.43436043554655,23.292150046235772,NA,NA,0
Parma unifasciata,-35.08,150.78,2010,3,26,15,18,-35_151,20.288724263509113,22.983264923095703,20.43436043554655,23.292150046235772,NA,NA,0
Parma unifasciata,-35.13,150.73,2010,3,27,12.5,1,-35_151,20.288724263509113,22.983264923095703,20.43436043554655,23.292150046235772,NA,NA,0
Parma unifasciata,-35.13,150.73,2010,3,27,15,1,-35_151,20.288724263509113,22.983264923095703,20.43436043554655,23.292150046235772,NA,NA,0
Parma unifasciata,-35.02,150.76,2010,3,29,10,3,-35_151,20.288724263509113,22.983264923095703,20.43436043554655,23.292150046235772,2002,Jervis Bay Marine Park,0
Parma unifasciata,-35.03,150.78,2010,3,29,15,1,-35_151,20.288724263509113,22.983264923095703,20.43436043554655,23.292150046235772,2002,Jervis Bay Marine Park,0
Parma unifasciata,-35.03,150.78,2010,3,29,20,3,-35_151,20.288724263509113,22.983264923095703,20.43436043554655,23.292150046235772,2002,Jervis Bay Marine Park,0
Parma unifasciata,-35.03,150.78,2010,3,29,10,1,-35_151,20.288724263509113,22.983264923095703,20.43436043554655,23.292150046235772,2002,Jervis Bay Marine Park,0
Parma unifasciata,-35.03,150.78,2010,3,29,12.5,1,-35_151,20.288724263509113,22.983264923095703,20.43436043554655,23.292150046235772,2002,Jervis Bay Marine Park,0
Parma unifasciata,-35.02,150.76,2010,3,29,12.5,1,-35_151,20.288724263509113,22.983264923095703,20.43436043554655,23.292150046235772,2002,Jervis Bay Marine Park,0
Parma unifasciata,-35.07,150.77,2010,3,28,7.5,2,-35_151,20.288724263509113,22.983264923095703,20.43436043554655,23.292150046235772,2002,Jervis Bay Marine Park,0
Parma unifasciata,-35.07,150.77,2010,3,28,10,2,-35_151,20.288724263509113,22.983264923095703,20.43436043554655,23.292150046235772,2002,Jervis Bay Marine Park,0
Parma unifasciata,-35.07,150.77,2010,3,28,7.5,2,-35_151,20.288724263509113,22.983264923095703,20.43436043554655,23.292150046235772,2002,Jervis Bay Marine Park,0
Parma unifasciata,-35.08,150.79,2010,3,28,7.5,3,-35_151,20.288724263509113,22.983264923095703,20.43436043554655,23.292150046235772,2002,Jervis Bay Marine Park,0
Parma unifasciata,-35.08,150.79,2010,3,28,7.5,1,-35_151,20.288724263509113,22.983264923095703,20.43436043554655,23.292150046235772,2002,Jervis Bay Marine Park,0
Parma unifasciata,-35.08,150.79,2010,3,28,10,2,-35_151,20.288724263509113,22.983264923095703,20.43436043554655,23.292150046235772,2002,Jervis Bay Marine Park,0
Parma unifasciata,-35.08,150.79,2010,3,28,15,2,-35_151,20.288724263509113,22.983264923095703,20.43436043554655,23.292150046235772,2002,Jervis Bay Marine Park,0
Parma unifasciata,-35.08,150.79,2010,3,28,20,1,-35_151,20.288724263509113,22.983264923095703,20.43436043554655,23.292150046235772,2002,Jervis Bay Marine Park,0
Parma unifasciata,-35.08,150.79,2010,3,28,7.5,2,-35_151,20.288724263509113,22.983264923095703,20.43436043554655,23.292150046235772,2002,Jervis Bay Marine Park,0
Parma unifasciata,-34.6,150.9,2010,1,25,15,2,-35_151,20.288724263509113,22.614116668701172,20.43436043554655,21.94795641335108,2002,Bushrangers Bay Aquatic Reserve,0
Parma unifasciata,-32.71,152.16,2009,5,9,5,1,-33_152,21.148912747701008,20.721540451049805,20.95820614353018,22.08618232768069,1983,Fly Point-Halifax Park,1
Parma unifasciata,-32.71,152.16,2009,5,9,7.5,3,-33_152,21.148912747701008,20.721540451049805,20.95820614353018,22.08618232768069,1983,Fly Point-Halifax Park,1
Parma unifasciata,-32.71,152.16,2009,5,9,10,1,-33_152,21.148912747701008,20.721540451049805,20.95820614353018,22.08618232768069,1983,Fly Point-Halifax Park,1
Parma unifasciata,-32.71,152.16,2009,5,9,10,3,-33_152,21.148912747701008,20.721540451049805,20.95820614353018,22.08618232768069,1983,Fly Point-Halifax Park,1
Parma unifasciata,-32.71,152.16,2009,5,9,12.5,7,-33_152,21.148912747701008,20.721540451049805,20.95820614353018,22.08618232768069,1983,Fly Point-Halifax Park,1
Parma unifasciata,-32.71,152.16,2009,5,9,15,5,-33_152,21.148912747701008,20.721540451049805,20.95820614353018,22.08618232768069,1983,Fly Point-Halifax Park,1
Parma unifasciata,-30.02,153.27,2008,6,5,5,2,-30_153,22.653018315633137,21.416675567626953,22.558126750103757,21.95133284250895,2002,Solitary Islands Marine Park,0
Parma unifasciata,-30.02,153.27,2008,6,5,7.5,8,-30_153,22.653018315633137,21.416675567626953,22.558126750103757,21.95133284250895,2002,Solitary Islands Marine Park,0
Parma unifasciata,-30.02,153.27,2008,6,5,10,3,-30_153,22.653018315633137,21.416675567626953,22.558126750103757,21.95133284250895,2002,Solitary Islands Marine Park,0
Parma unifasciata,-30.02,153.27,2008,6,5,12.5,3,-30_153,22.653018315633137,21.416675567626953,22.558126750103757,21.95133284250895,2002,Solitary Islands Marine Park,0
Parma unifasciata,-30.02,153.27,2008,6,5,15,7,-30_153,22.653018315633137,21.416675567626953,22.558126750103757,21.95133284250895,2002,Solitary Islands Marine Park,0
Parma unifasciata,-30.02,153.27,2008,6,5,20,1,-30_153,22.653018315633137,21.416675567626953,22.558126750103757,21.95133284250895,2002,Solitary Islands Marine Park,0
Parma unifasciata,-30.02,153.27,2010,1,17,12.5,31,-30_153,23.47143316268921,26.16253662109375,23.253460512088008,24.455612354893837,2002,Solitary Islands Marine Park,0
Parma unifasciata,-30.02,153.27,2010,1,17,12.5,15,-30_153,23.47143316268921,26.16253662109375,23.253460512088008,24.455612354893837,2002,Solitary Islands Marine Park,0
Parma unifasciata,-30.16,153.23,2009,1,18,10,6,-30_153,23.06706126530965,25.20696258544922,22.686214861987008,23.847999498921055,2002,Solitary Islands Marine Park,0
Parma unifasciata,-30.16,153.23,2009,1,18,12.5,8,-30_153,23.06706126530965,25.20696258544922,22.686214861987008,23.847999498921055,2002,Solitary Islands Marine Park,0
Parma unifasciata,-30.16,153.23,2009,1,18,15,11,-30_153,23.06706126530965,25.20696258544922,22.686214861987008,23.847999498921055,2002,Solitary Islands Marine Park,0
Parma unifasciata,-30.16,153.23,2009,1,18,25,2,-30_153,23.06706126530965,25.20696258544922,22.686214861987008,23.847999498921055,2002,Solitary Islands Marine Park,0
Parma unifasciata,-30.16,153.23,2009,1,18,10,9,-30_153,23.06706126530965,25.20696258544922,22.686214861987008,23.847999498921055,2002,Solitary Islands Marine Park,0
Parma unifasciata,-30.16,153.23,2009,1,18,12.5,4,-30_153,23.06706126530965,25.20696258544922,22.686214861987008,23.847999498921055,2002,Solitary Islands Marine Park,0
Parma unifasciata,-30.02,153.27,2008,6,5,5,26,-30_153,22.653018315633137,21.416675567626953,22.558126750103757,21.95133284250895,2002,Solitary Islands Marine Park,0
Parma unifasciata,-30.02,153.27,2008,6,5,7.5,37,-30_153,22.653018315633137,21.416675567626953,22.558126750103757,21.95133284250895,2002,Solitary Islands Marine Park,0
Parma unifasciata,-30.02,153.27,2008,6,5,10,21,-30_153,22.653018315633137,21.416675567626953,22.558126750103757,21.95133284250895,2002,Solitary Islands Marine Park,0
Parma unifasciata,-30.02,153.27,2008,6,5,12.5,1,-30_153,22.653018315633137,21.416675567626953,22.558126750103757,21.95133284250895,2002,Solitary Islands Marine Park,0
Parma unifasciata,-30.02,153.27,2008,6,5,5,35,-30_153,22.653018315633137,21.416675567626953,22.558126750103757,21.95133284250895,2002,Solitary Islands Marine Park,0
Parma unifasciata,-30.02,153.27,2008,6,5,7.5,20,-30_153,22.653018315633137,21.416675567626953,22.558126750103757,21.95133284250895,2002,Solitary Islands Marine Park,0
Parma unifasciata,-30.02,153.27,2008,6,5,10,10,-30_153,22.653018315633137,21.416675567626953,22.558126750103757,21.95133284250895,2002,Solitary Islands Marine Park,0
Parma unifasciata,-30.02,153.27,2008,6,5,12.5,2,-30_153,22.653018315633137,21.416675567626953,22.558126750103757,21.95133284250895,2002,Solitary Islands Marine Park,0
Parma unifasciata,-30.02,153.27,2008,6,5,5,6,-30_153,22.653018315633137,21.416675567626953,22.558126750103757,21.95133284250895,2002,Solitary Islands Marine Park,0
Parma unifasciata,-30.02,153.27,2008,6,5,12.5,30,-30_153,22.653018315633137,21.416675567626953,22.558126750103757,21.95133284250895,2002,Solitary Islands Marine Park,0
Parma unifasciata,-30.16,153.23,2009,1,18,10,10,-30_153,23.06706126530965,25.20696258544922,22.686214861987008,23.847999498921055,2002,Solitary Islands Marine Park,0
Parma unifasciata,-30.16,153.23,2009,1,18,12.5,7,-30_153,23.06706126530965,25.20696258544922,22.686214861987008,23.847999498921055,2002,Solitary Islands Marine Park,0
Parma unifasciata,-30.16,153.23,2009,1,18,20,3,-30_153,23.06706126530965,25.20696258544922,22.686214861987008,23.847999498921055,2002,Solitary Islands Marine Park,0
Parma unifasciata,-30.02,153.27,2008,6,5,7.5,2,-30_153,22.653018315633137,21.416675567626953,22.558126750103757,21.95133284250895,2002,Solitary Islands Marine Park,0
Parma unifasciata,-30.02,153.27,2008,6,5,10,30,-30_153,22.653018315633137,21.416675567626953,22.558126750103757,21.95133284250895,2002,Solitary Islands Marine Park,0
Parma unifasciata,-30.02,153.27,2008,6,5,12.5,1,-30_153,22.653018315633137,21.416675567626953,22.558126750103757,21.95133284250895,2002,Solitary Islands Marine Park,0
Parma unifasciata,-30.02,153.27,2008,6,5,10,6,-30_153,22.653018315633137,21.416675567626953,22.558126750103757,21.95133284250895,2002,Solitary Islands Marine Park,0
Parma unifasciata,-30.02,153.27,2008,6,5,12.5,5,-30_153,22.653018315633137,21.416675567626953,22.558126750103757,21.95133284250895,2002,Solitary Islands Marine Park,0
Parma unifasciata,-30.02,153.27,2008,6,5,15,9,-30_153,22.653018315633137,21.416675567626953,22.558126750103757,21.95133284250895,2002,Solitary Islands Marine Park,0
Parma unifasciata,-30.02,153.27,2008,6,5,20,2,-30_153,22.653018315633137,21.416675567626953,22.558126750103757,21.95133284250895,2002,Solitary Islands Marine Park,0
Parma unifasciata,-30.02,153.27,2008,6,5,10,2,-30_153,22.653018315633137,21.416675567626953,22.558126750103757,21.95133284250895,2002,Solitary Islands Marine Park,0
Parma unifasciata,-30.02,153.27,2008,6,5,12.5,6,-30_153,22.653018315633137,21.416675567626953,22.558126750103757,21.95133284250895,2002,Solitary Islands Marine Park,0
Parma unifasciata,-30.02,153.27,2008,6,5,15,14,-30_153,22.653018315633137,21.416675567626953,22.558126750103757,21.95133284250895,2002,Solitary Islands Marine Park,0
Parma unifasciata,-30.02,153.27,2008,6,5,10,7,-30_153,22.653018315633137,21.416675567626953,22.558126750103757,21.95133284250895,2002,Solitary Islands Marine Park,0
Parma unifasciata,-30.02,153.27,2008,6,5,12.5,2,-30_153,22.653018315633137,21.416675567626953,22.558126750103757,21.95133284250895,2002,Solitary Islands Marine Park,0
Parma unifasciata,-30.02,153.27,2008,6,5,15,2,-30_153,22.653018315633137,21.416675567626953,22.558126750103757,21.95133284250895,2002,Solitary Islands Marine Park,0
Parma unifasciata,-30.16,153.23,2009,1,18,5,2,-30_153,23.06706126530965,25.20696258544922,22.686214861987008,23.847999498921055,2002,Solitary Islands Marine Park,0
Parma unifasciata,-30.16,153.23,2009,1,18,7.5,7,-30_153,23.06706126530965,25.20696258544922,22.686214861987008,23.847999498921055,2002,Solitary Islands Marine Park,0
Parma unifasciata,-30.16,153.23,2009,1,18,10,15,-30_153,23.06706126530965,25.20696258544922,22.686214861987008,23.847999498921055,2002,Solitary Islands Marine Park,0
Parma unifasciata,-30.02,153.27,2008,6,5,7.5,2,-30_153,22.653018315633137,21.416675567626953,22.558126750103757,21.95133284250895,2002,Solitary Islands Marine Park,0
Parma unifasciata,-30.02,153.27,2008,6,5,12.5,7,-30_153,22.653018315633137,21.416675567626953,22.558126750103757,21.95133284250895,2002,Solitary Islands Marine Park,0
Parma unifasciata,-30.02,153.27,2008,6,5,7.5,2,-30_153,22.653018315633137,21.416675567626953,22.558126750103757,21.95133284250895,2002,Solitary Islands Marine Park,0
Parma unifasciata,-30.02,153.27,2008,6,5,12.5,10,-30_153,22.653018315633137,21.416675567626953,22.558126750103757,21.95133284250895,2002,Solitary Islands Marine Park,0
Parma unifasciata,-35.08,150.78,2010,3,26,7.5,3,-35_151,20.288724263509113,22.983264923095703,20.43436043554655,23.292150046235772,NA,NA,0
Parma unifasciata,-35.08,150.78,2010,3,26,10,4,-35_151,20.288724263509113,22.983264923095703,20.43436043554655,23.292150046235772,NA,NA,0
Parma unifasciata,-35.08,150.78,2010,3,26,12.5,2,-35_151,20.288724263509113,22.983264923095703,20.43436043554655,23.292150046235772,NA,NA,0
Parma unifasciata,-30.16,153.23,2009,1,18,7.5,4,-30_153,23.06706126530965,25.20696258544922,22.686214861987008,23.847999498921055,2002,Solitary Islands Marine Park,0
Parma unifasciata,-30.16,153.23,2009,1,18,10,10,-30_153,23.06706126530965,25.20696258544922,22.686214861987008,23.847999498921055,2002,Solitary Islands Marine Park,0
Parma unifasciata,-30.16,153.23,2009,1,18,12.5,2,-30_153,23.06706126530965,25.20696258544922,22.686214861987008,23.847999498921055,2002,Solitary Islands Marine Park,0
Parma unifasciata,-32.71,152.16,2009,5,9,7.5,3,-33_152,21.148912747701008,20.721540451049805,20.95820614353018,22.08618232768069,1983,Fly Point-Halifax Park,1
Parma unifasciata,-32.71,152.16,2009,5,9,10,2,-33_152,21.148912747701008,20.721540451049805,20.95820614353018,22.08618232768069,1983,Fly Point-Halifax Park,1
Parma unifasciata,-32.71,152.16,2009,5,9,10,2,-33_152,21.148912747701008,20.721540451049805,20.95820614353018,22.08618232768069,1983,Fly Point-Halifax Park,1
Parma unifasciata,-32.71,152.16,2009,5,9,15,7,-33_152,21.148912747701008,20.721540451049805,20.95820614353018,22.08618232768069,1983,Fly Point-Halifax Park,1
Parma unifasciata,-32.71,152.16,2009,5,9,12.5,1,-33_152,21.148912747701008,20.721540451049805,20.95820614353018,22.08618232768069,1983,Fly Point-Halifax Park,1
Parma unifasciata,-32.71,152.16,2009,5,9,15,2,-33_152,21.148912747701008,20.721540451049805,20.95820614353018,22.08618232768069,1983,Fly Point-Halifax Park,1
Parma unifasciata,-30.16,153.23,2009,1,18,5,1,-30_153,23.06706126530965,25.20696258544922,22.686214861987008,23.847999498921055,2002,Solitary Islands Marine Park,0
Parma unifasciata,-30.16,153.23,2009,1,18,12.5,3,-30_153,23.06706126530965,25.20696258544922,22.686214861987008,23.847999498921055,2002,Solitary Islands Marine Park,0
Parma unifasciata,-30.16,153.23,2009,1,18,7.5,1,-30_153,23.06706126530965,25.20696258544922,22.686214861987008,23.847999498921055,2002,Solitary Islands Marine Park,0
Parma unifasciata,-30.16,153.23,2009,1,18,12.5,2,-30_153,23.06706126530965,25.20696258544922,22.686214861987008,23.847999498921055,2002,Solitary Islands Marine Park,0
Parma unifasciata,-30.16,153.23,2009,1,18,15,7,-30_153,23.06706126530965,25.20696258544922,22.686214861987008,23.847999498921055,2002,Solitary Islands Marine Park,0
Parma unifasciata,-30.16,153.23,2009,1,18,20,8,-30_153,23.06706126530965,25.20696258544922,22.686214861987008,23.847999498921055,2002,Solitary Islands Marine Park,0
Parma unifasciata,-30.16,153.23,2009,1,18,25,1,-30_153,23.06706126530965,25.20696258544922,22.686214861987008,23.847999498921055,2002,Solitary Islands Marine Park,0
Parma unifasciata,-30.16,153.23,2009,1,18,5,2,-30_153,23.06706126530965,25.20696258544922,22.686214861987008,23.847999498921055,2002,Solitary Islands Marine Park,0
Parma unifasciata,-30.16,153.23,2009,1,18,7.5,10,-30_153,23.06706126530965,25.20696258544922,22.686214861987008,23.847999498921055,2002,Solitary Islands Marine Park,0
Parma unifasciata,-30.16,153.23,2009,1,18,10,18,-30_153,23.06706126530965,25.20696258544922,22.686214861987008,23.847999498921055,2002,Solitary Islands Marine Park,0
Parma unifasciata,-35.12,150.71,2010,3,27,12.5,1,-35_151,20.288724263509113,22.983264923095703,20.43436043554655,23.292150046235772,NA,NA,0
Parma unifasciata,-35.07,150.7,2008,3,12,7.5,2,-35_151,19.43103837966919,22.917625427246097,19.40620510758396,22.040429658787225,NA,NA,0
Parma unifasciata,-35.07,150.7,2008,3,12,10,2,-35_151,19.43103837966919,22.917625427246097,19.40620510758396,22.040429658787225,NA,NA,0
Parma unifasciata,-35.07,150.7,2008,3,12,12.5,1,-35_151,19.43103837966919,22.917625427246097,19.40620510758396,22.040429658787225,NA,NA,0
Parma unifasciata,-35.13,150.77,2008,5,14,20,5,-35_151,19.43103837966919,19.03557014465332,19.40620510758396,18.734945789460212,NA,NA,0
Parma unifasciata,-35.13,150.77,2008,5,14,12.5,2,-35_151,19.43103837966919,19.03557014465332,19.40620510758396,18.734945789460212,NA,NA,0
Parma unifasciata,-35.13,150.77,2008,5,14,15,15,-35_151,19.43103837966919,19.03557014465332,19.40620510758396,18.734945789460212,NA,NA,0
Parma unifasciata,-35.13,150.77,2009,3,15,12.5,2,-35_151,19.915931542714436,22.845439910888672,20.050225972343902,22.214193036479333,NA,NA,0
Parma unifasciata,-35.13,150.77,2009,3,15,15,10,-35_151,19.915931542714436,22.845439910888672,20.050225972343902,22.214193036479333,NA,NA,0
Parma unifasciata,-35.13,150.77,2009,3,15,20,3,-35_151,19.915931542714436,22.845439910888672,20.050225972343902,22.214193036479333,NA,NA,0
Parma unifasciata,-35.12,150.76,2010,3,27,10,3,-35_151,20.288724263509113,22.983264923095703,20.43436043554655,23.292150046235772,2002,Booderee National Park,0
Parma unifasciata,-35.13,150.77,2009,3,15,2.5,1,-35_151,19.915931542714436,22.845439910888672,20.050225972343902,22.214193036479333,NA,NA,0
Parma unifasciata,-35.13,150.77,2009,3,15,5,1,-35_151,19.915931542714436,22.845439910888672,20.050225972343902,22.214193036479333,NA,NA,0
Parma unifasciata,-35.13,150.77,2009,3,15,12.5,4,-35_151,19.915931542714436,22.845439910888672,20.050225972343902,22.214193036479333,NA,NA,0
Parma unifasciata,-35.13,150.77,2009,3,15,15,8,-35_151,19.915931542714436,22.845439910888672,20.050225972343902,22.214193036479333,NA,NA,0
Parma unifasciata,-35.13,150.77,2009,3,15,20,4,-35_151,19.915931542714436,22.845439910888672,20.050225972343902,22.214193036479333,NA,NA,0
Parma unifasciata,-35.13,150.77,2009,3,15,12.5,3,-35_151,19.915931542714436,22.845439910888672,20.050225972343902,22.214193036479333,NA,NA,0
Parma unifasciata,-35.13,150.77,2009,3,15,15,2,-35_151,19.915931542714436,22.845439910888672,20.050225972343902,22.214193036479333,NA,NA,0
Parma unifasciata,-35.13,150.77,2009,3,15,15,3,-35_151,19.915931542714436,22.845439910888672,20.050225972343902,22.214193036479333,NA,NA,0
Parma unifasciata,-35.13,150.77,2009,3,15,20,3,-35_151,19.915931542714436,22.845439910888672,20.050225972343902,22.214193036479333,NA,NA,0
Parma unifasciata,-35.13,150.77,2009,3,15,20,7,-35_151,19.915931542714436,22.845439910888672,20.050225972343902,22.214193036479333,NA,NA,0
Parma unifasciata,-35.13,150.77,2009,3,15,20,18,-35_151,19.915931542714436,22.845439910888672,20.050225972343902,22.214193036479333,NA,NA,0
Parma unifasciata,-29.93,153.39,2009,3,15,7.5,1,-30_153,23.06706126530965,25.68482780456543,22.686214861987008,25.496063933833952,2002,Solitary Islands Marine Park,0
Parma unifasciata,-35.07,150.77,2008,2,22,7.5,1,-35_151,19.43103837966919,22.321590423583984,19.40620510758396,22.67701089793238,2002,Jervis Bay Marine Park,0
Parma unifasciata,-30.01,153.27,2010,4,11,10,10,-30_153,23.47143316268921,24.915355682373047,23.253460512088008,25.483399454752604,NA,NA,0
Parma unifasciata,-30.01,153.27,2010,4,11,12.5,20,-30_153,23.47143316268921,24.915355682373047,23.253460512088008,25.483399454752604,NA,NA,0
Parma unifasciata,-30.01,153.27,2010,4,11,10,55,-30_153,23.47143316268921,24.915355682373047,23.253460512088008,25.483399454752604,NA,NA,0
Parma unifasciata,-30.01,153.27,2010,4,11,12.5,35,-30_153,23.47143316268921,24.915355682373047,23.253460512088008,25.483399454752604,NA,NA,0
Parma unifasciata,-30.01,153.27,2010,4,24,5,1,-30_153,23.47143316268921,24.915355682373047,23.253460512088008,25.483399454752604,NA,NA,0
Parma unifasciata,-30.01,153.27,2010,4,24,12.5,22,-30_153,23.47143316268921,24.915355682373047,23.253460512088008,25.483399454752604,NA,NA,0
Parma unifasciata,-30.01,153.27,2010,4,24,15,6,-30_153,23.47143316268921,24.915355682373047,23.253460512088008,25.483399454752604,NA,NA,0
Parma unifasciata,-30.01,153.27,2010,4,24,15,2,-30_153,23.47143316268921,24.915355682373047,23.253460512088008,25.483399454752604,NA,NA,0
Parma unifasciata,-33.8,151.3,2010,4,18,10,1,-34_151,20.932119687398277,22.96302604675293,20.773523899719034,22.82108276685079,2002,Cabbage Tree Bay Aquatic Reserve,0
Parma unifasciata,-33.8,151.3,2010,4,18,15,1,-34_151,20.932119687398277,22.96302604675293,20.773523899719034,22.82108276685079,2002,Cabbage Tree Bay Aquatic Reserve,0
Parma unifasciata,-33.8,151.3,2009,5,16,5,7,-34_151,20.488441785176597,20.27542304992676,20.580270093114816,21.80475756429857,2002,Cabbage Tree Bay Aquatic Reserve,0
Parma unifasciata,-33.8,151.3,2009,5,16,7.5,1,-34_151,20.488441785176597,20.27542304992676,20.580270093114816,21.80475756429857,2002,Cabbage Tree Bay Aquatic Reserve,0
Parma unifasciata,-33.8,151.3,2010,4,18,10,2,-34_151,20.932119687398277,22.96302604675293,20.773523899719034,22.82108276685079,2002,Cabbage Tree Bay Aquatic Reserve,0
Parma unifasciata,-33.8,151.3,2010,4,18,12.5,2,-34_151,20.932119687398277,22.96302604675293,20.773523899719034,22.82108276685079,2002,Cabbage Tree Bay Aquatic Reserve,0
Parma unifasciata,-33.8,151.3,2010,4,18,15,2,-34_151,20.932119687398277,22.96302604675293,20.773523899719034,22.82108276685079,2002,Cabbage Tree Bay Aquatic Reserve,0
Parma unifasciata,-33.09,151.67,2009,6,27,5,1,-33_152,21.148912747701008,19.543521881103516,20.95820614353018,20.194027339087594,NA,NA,0
Parma unifasciata,-33.09,151.67,2009,6,27,7.5,1,-33_152,21.148912747701008,19.543521881103516,20.95820614353018,20.194027339087594,NA,NA,0
Parma unifasciata,-33.09,151.67,2009,6,27,12.5,1,-33_152,21.148912747701008,19.543521881103516,20.95820614353018,20.194027339087594,NA,NA,0
Parma unifasciata,-33.09,151.67,2009,6,27,15,1,-33_152,21.148912747701008,19.543521881103516,20.95820614353018,20.194027339087594,NA,NA,0
Parma unifasciata,-33.09,151.67,2009,6,27,20,1,-33_152,21.148912747701008,19.543521881103516,20.95820614353018,20.194027339087594,NA,NA,0
Parma unifasciata,-30.01,153.27,2010,4,24,7.5,4,-30_153,23.47143316268921,24.915355682373047,23.253460512088008,25.483399454752604,NA,NA,0
Parma unifasciata,-30.01,153.27,2010,4,24,10,3,-30_153,23.47143316268921,24.915355682373047,23.253460512088008,25.483399454752604,NA,NA,0
Parma unifasciata,-30.01,153.27,2010,4,24,7.5,6,-30_153,23.47143316268921,24.915355682373047,23.253460512088008,25.483399454752604,NA,NA,0
Parma unifasciata,-30.01,153.27,2010,4,24,10,2,-30_153,23.47143316268921,24.915355682373047,23.253460512088008,25.483399454752604,NA,NA,0
Parma unifasciata,-33.09,151.64,2009,6,7,7.5,2,-33_152,21.148912747701008,19.543521881103516,20.95820614353018,20.194027339087594,NA,NA,0
Parma unifasciata,-33.09,151.67,2009,6,6,7.5,2,-33_152,21.148912747701008,19.543521881103516,20.95820614353018,20.194027339087594,NA,NA,0
Parma unifasciata,-33.09,151.67,2009,6,6,10,1,-33_152,21.148912747701008,19.543521881103516,20.95820614353018,20.194027339087594,NA,NA,0
Parma unifasciata,-32.75,152.18,2009,10,21,7.5,5,-33_152,21.148912747701008,20.110031127929688,20.95820614353018,19.533924343765424,NA,NA,0
Parma unifasciata,-32.75,152.18,2009,10,21,10,5,-33_152,21.148912747701008,20.110031127929688,20.95820614353018,19.533924343765424,NA,NA,0
Parma unifasciata,-32.75,152.18,2009,10,21,12.5,5,-33_152,21.148912747701008,20.110031127929688,20.95820614353018,19.533924343765424,NA,NA,0
Parma unifasciata,-33.09,151.67,2010,1,16,7.5,1,-33_152,21.71309455235799,23.890216827392575,21.233464664610445,23.48766078743883,NA,NA,0
Parma unifasciata,-33.09,151.67,2010,1,16,10,2,-33_152,21.71309455235799,23.890216827392575,21.233464664610445,23.48766078743883,NA,NA,0
Parma unifasciata,-33.09,151.67,2010,1,16,12.5,1,-33_152,21.71309455235799,23.890216827392575,21.233464664610445,23.48766078743883,NA,NA,0
Parma unifasciata,-32.74,152.21,2010,1,9,10,2,-33_152,21.71309455235799,23.890216827392575,21.233464664610445,23.48766078743883,NA,NA,0
Parma unifasciata,-32.74,152.21,2010,1,9,12.5,3,-33_152,21.71309455235799,23.890216827392575,21.233464664610445,23.48766078743883,NA,NA,0
Parma unifasciata,-32.74,152.21,2010,1,9,15,2,-33_152,21.71309455235799,23.890216827392575,21.233464664610445,23.48766078743883,NA,NA,0
Parma unifasciata,-32.74,152.21,2010,1,9,10,2,-33_152,21.71309455235799,23.890216827392575,21.233464664610445,23.48766078743883,NA,NA,0
Parma unifasciata,-32.74,152.21,2010,1,9,12.5,2,-33_152,21.71309455235799,23.890216827392575,21.233464664610445,23.48766078743883,NA,NA,0
Parma unifasciata,-32.74,152.21,2010,1,9,15,2,-33_152,21.71309455235799,23.890216827392575,21.233464664610445,23.48766078743883,NA,NA,0
Parma unifasciata,-32.74,152.21,2010,1,9,7.5,2,-33_152,21.71309455235799,23.890216827392575,21.233464664610445,23.48766078743883,NA,NA,0
Parma unifasciata,-32.74,152.21,2010,1,9,10,4,-33_152,21.71309455235799,23.890216827392575,21.233464664610445,23.48766078743883,NA,NA,0
Parma unifasciata,-29.98,153.26,2010,4,24,7.5,5,-30_153,23.47143316268921,24.915355682373047,23.253460512088008,25.483399454752604,NA,NA,0
Parma unifasciata,-29.98,153.26,2010,4,24,10,6,-30_153,23.47143316268921,24.915355682373047,23.253460512088008,25.483399454752604,NA,NA,0
Parma unifasciata,-29.98,153.26,2010,4,24,12.5,25,-30_153,23.47143316268921,24.915355682373047,23.253460512088008,25.483399454752604,NA,NA,0
Parma unifasciata,-29.98,153.26,2010,4,24,15,1,-30_153,23.47143316268921,24.915355682373047,23.253460512088008,25.483399454752604,NA,NA,0
Parma unifasciata,-29.98,153.26,2010,4,24,10,3,-30_153,23.47143316268921,24.915355682373047,23.253460512088008,25.483399454752604,NA,NA,0
Parma unifasciata,-29.98,153.26,2010,4,24,12.5,10,-30_153,23.47143316268921,24.915355682373047,23.253460512088008,25.483399454752604,NA,NA,0
Parma unifasciata,-29.98,153.26,2010,4,24,2.5,3,-30_153,23.47143316268921,24.915355682373047,23.253460512088008,25.483399454752604,NA,NA,0
Parma unifasciata,-29.98,153.26,2010,4,24,5,1,-30_153,23.47143316268921,24.915355682373047,23.253460512088008,25.483399454752604,NA,NA,0
Parma unifasciata,-29.98,153.26,2010,4,24,7.5,5,-30_153,23.47143316268921,24.915355682373047,23.253460512088008,25.483399454752604,NA,NA,0
Parma unifasciata,-29.98,153.26,2010,4,24,10,14,-30_153,23.47143316268921,24.915355682373047,23.253460512088008,25.483399454752604,NA,NA,0
Parma unifasciata,-29.98,153.26,2010,4,24,12.5,18,-30_153,23.47143316268921,24.915355682373047,23.253460512088008,25.483399454752604,NA,NA,0
Parma unifasciata,-29.98,153.26,2010,4,24,7.5,2,-30_153,23.47143316268921,24.915355682373047,23.253460512088008,25.483399454752604,NA,NA,0
Parma unifasciata,-29.98,153.26,2010,4,24,12.5,9,-30_153,23.47143316268921,24.915355682373047,23.253460512088008,25.483399454752604,NA,NA,0
Parma unifasciata,-35.12,150.76,2008,2,21,10,1,-35_151,19.43103837966919,22.321590423583984,19.40620510758396,22.67701089793238,2002,Booderee National Park,0
Parma unifasciata,-35.12,150.76,2008,2,21,12.5,1,-35_151,19.43103837966919,22.321590423583984,19.40620510758396,22.67701089793238,2002,Booderee National Park,0
Parma unifasciata,-32.69,152.23,2010,3,20,5,1,-33_152,21.71309455235799,24.48659324645996,21.233464664610445,23.8857520985347,2007,Port Stephens Great Lake Marine Park,0
Parma unifasciata,-32.69,152.23,2010,3,20,7.5,1,-33_152,21.71309455235799,24.48659324645996,21.233464664610445,23.8857520985347,2007,Port Stephens Great Lake Marine Park,0
Parma unifasciata,-32.72,152.14,2009,5,8,7.5,3,-33_152,21.148912747701008,20.721540451049805,20.95820614353018,22.08618232768069,NA,NA,0
Parma unifasciata,-32.72,152.14,2009,5,8,5,1,-33_152,21.148912747701008,20.721540451049805,20.95820614353018,22.08618232768069,NA,NA,0
Parma unifasciata,-32.72,152.14,2009,8,29,12.5,2,-33_152,21.148912747701008,19.017101287841797,20.95820614353018,18.049354435295182,NA,NA,0
Parma unifasciata,-32.72,152.14,2009,8,29,15,1,-33_152,21.148912747701008,19.017101287841797,20.95820614353018,18.049354435295182,NA,NA,0
Parma unifasciata,-32.71,152.18,2010,4,8,12.5,3,-33_152,21.71309455235799,23.75311279296875,21.233464664610445,23.756860531700983,NA,NA,0
Parma unifasciata,-32.71,152.18,2010,4,8,15,1,-33_152,21.71309455235799,23.75311279296875,21.233464664610445,23.756860531700983,NA,NA,0
Parma unifasciata,-32.72,152.14,2009,8,29,7.5,1,-33_152,21.148912747701008,19.017101287841797,20.95820614353018,18.049354435295182,NA,NA,0
Parma unifasciata,-32.72,152.14,2009,8,29,10,1,-33_152,21.148912747701008,19.017101287841797,20.95820614353018,18.049354435295182,NA,NA,0
Parma unifasciata,-32.71,152.18,2010,4,8,10,5,-33_152,21.71309455235799,23.75311279296875,21.233464664610445,23.756860531700983,NA,NA,0
Parma unifasciata,-32.71,152.18,2010,4,8,12.5,5,-33_152,21.71309455235799,23.75311279296875,21.233464664610445,23.756860531700983,NA,NA,0
Parma unifasciata,-32.71,152.18,2010,4,8,15,2,-33_152,21.71309455235799,23.75311279296875,21.233464664610445,23.756860531700983,NA,NA,0
Parma unifasciata,-32.71,152.16,2010,11,28,5,2,-33_152,21.71309455235799,21.164127349853516,21.233464664610445,20.180860641267564,1983,Fly Point-Halifax Park,1
Parma unifasciata,-32.71,152.16,2010,11,28,12.5,4,-33_152,21.71309455235799,21.164127349853516,21.233464664610445,20.180860641267564,1983,Fly Point-Halifax Park,1
Parma unifasciata,-32.71,152.18,2010,9,11,7.5,10,-33_152,21.71309455235799,18.550230026245117,21.233464664610445,18.28508290714688,NA,NA,0
Parma unifasciata,-32.71,152.18,2010,9,11,10,4,-33_152,21.71309455235799,18.550230026245117,21.233464664610445,18.28508290714688,NA,NA,0
Parma unifasciata,-32.71,152.18,2010,9,11,5,4,-33_152,21.71309455235799,18.550230026245117,21.233464664610445,18.28508290714688,NA,NA,0
Parma unifasciata,-32.71,152.18,2010,9,11,7.5,6,-33_152,21.71309455235799,18.550230026245117,21.233464664610445,18.28508290714688,NA,NA,0
Parma unifasciata,-32.72,152.19,2009,10,21,12.5,2,-33_152,21.148912747701008,20.110031127929688,20.95820614353018,19.533924343765424,NA,NA,0
Parma unifasciata,-32.72,152.19,2009,10,21,15,2,-33_152,21.148912747701008,20.110031127929688,20.95820614353018,19.533924343765424,NA,NA,0
Parma unifasciata,-32.72,152.19,2009,10,21,20,2,-33_152,21.148912747701008,20.110031127929688,20.95820614353018,19.533924343765424,NA,NA,0
Parma unifasciata,-32.72,152.15,2009,12,5,7.5,3,-33_152,21.148912747701008,22.42232894897461,20.95820614353018,21.818467263252504,NA,NA,0
Parma unifasciata,-32.72,152.15,2009,12,5,10,4,-33_152,21.148912747701008,22.42232894897461,20.95820614353018,21.818467263252504,NA,NA,0
Parma unifasciata,-32.72,152.15,2009,12,5,7.5,2,-33_152,21.148912747701008,22.42232894897461,20.95820614353018,21.818467263252504,NA,NA,0
Parma unifasciata,-32.72,152.15,2009,12,5,10,1,-33_152,21.148912747701008,22.42232894897461,20.95820614353018,21.818467263252504,NA,NA,0
Parma unifasciata,-32.72,152.14,2010,5,13,7.5,2,-33_152,21.71309455235799,22.11063003540039,21.233464664610445,22.73542957921182,NA,NA,0
Parma unifasciata,-32.72,152.14,2010,5,13,10,2,-33_152,21.71309455235799,22.11063003540039,21.233464664610445,22.73542957921182,NA,NA,0
Parma unifasciata,-32.71,152.16,2010,6,12,7.5,2,-33_152,21.71309455235799,20.412281036376953,21.233464664610445,20.638221799002753,1983,Fly Point-Halifax Park,1
Parma unifasciata,-32.71,152.16,2010,6,12,7.5,4,-33_152,21.71309455235799,20.412281036376953,21.233464664610445,20.638221799002753,1983,Fly Point-Halifax Park,1
Parma unifasciata,-32.71,152.16,2010,6,12,10,6,-33_152,21.71309455235799,20.412281036376953,21.233464664610445,20.638221799002753,1983,Fly Point-Halifax Park,1
Parma unifasciata,-32.72,152.15,2010,5,2,7.5,2,-33_152,21.71309455235799,22.11063003540039,21.233464664610445,22.73542957921182,NA,NA,0
Parma unifasciata,-32.72,152.15,2010,5,2,10,1,-33_152,21.71309455235799,22.11063003540039,21.233464664610445,22.73542957921182,NA,NA,0
Parma unifasciata,-32.75,152.17,2009,6,6,15,2,-33_152,21.148912747701008,19.543521881103516,20.95820614353018,20.194027339087594,NA,NA,0
Parma unifasciata,-32.75,152.17,2009,6,14,10,1,-33_152,21.148912747701008,19.543521881103516,20.95820614353018,20.194027339087594,NA,NA,0
Parma unifasciata,-32.79,152.09,2009,6,8,20,1,-33_152,21.148912747701008,19.543521881103516,20.95820614353018,20.194027339087594,NA,NA,0
Parma unifasciata,-32.79,152.09,2009,6,8,25,1,-33_152,21.148912747701008,19.543521881103516,20.95820614353018,20.194027339087594,NA,NA,0
Parma unifasciata,-32.79,152.09,2010,4,11,7.5,1,-33_152,21.71309455235799,23.75311279296875,21.233464664610445,23.756860531700983,NA,NA,0
Parma unifasciata,-32.79,152.09,2010,4,11,10,1,-33_152,21.71309455235799,23.75311279296875,21.233464664610445,23.756860531700983,NA,NA,0
Parma unifasciata,-32.79,152.09,2010,4,11,5,1,-33_152,21.71309455235799,23.75311279296875,21.233464664610445,23.756860531700983,NA,NA,0
Parma unifasciata,-32.79,152.09,2010,4,11,15,1,-33_152,21.71309455235799,23.75311279296875,21.233464664610445,23.756860531700983,NA,NA,0
Parma unifasciata,-32.79,152.09,2010,4,11,10,1,-33_152,21.71309455235799,23.75311279296875,21.233464664610445,23.756860531700983,NA,NA,0
Parma unifasciata,-32.79,152.09,2010,4,11,12.5,1,-33_152,21.71309455235799,23.75311279296875,21.233464664610445,23.756860531700983,NA,NA,0
Parma unifasciata,-32.79,152.09,2010,4,11,15,1,-33_152,21.71309455235799,23.75311279296875,21.233464664610445,23.756860531700983,NA,NA,0
Parma unifasciata,-32.79,152.09,2010,4,11,5,2,-33_152,21.71309455235799,23.75311279296875,21.233464664610445,23.756860531700983,NA,NA,0
Parma unifasciata,-32.79,152.09,2010,4,11,7.5,3,-33_152,21.71309455235799,23.75311279296875,21.233464664610445,23.756860531700983,NA,NA,0
Parma unifasciata,-32.79,152.09,2010,4,11,10,5,-33_152,21.71309455235799,23.75311279296875,21.233464664610445,23.756860531700983,NA,NA,0
Parma unifasciata,-32.79,152.09,2010,4,11,12.5,4,-33_152,21.71309455235799,23.75311279296875,21.233464664610445,23.756860531700983,NA,NA,0
Parma unifasciata,-32.79,152.08,2010,1,2,7.5,1,-33_152,21.71309455235799,23.890216827392575,21.233464664610445,23.48766078743883,NA,NA,0
Parma unifasciata,-32.79,152.08,2010,1,2,7.5,2,-33_152,21.71309455235799,23.890216827392575,21.233464664610445,23.48766078743883,NA,NA,0
Parma unifasciata,-32.79,152.11,2010,1,6,2.5,2,-33_152,21.71309455235799,23.890216827392575,21.233464664610445,23.48766078743883,NA,NA,0
Parma unifasciata,-32.79,152.11,2010,1,6,10,2,-33_152,21.71309455235799,23.890216827392575,21.233464664610445,23.48766078743883,NA,NA,0
Parma unifasciata,-32.79,152.11,2010,1,6,2.5,1,-33_152,21.71309455235799,23.890216827392575,21.233464664610445,23.48766078743883,NA,NA,0
Parma unifasciata,-32.79,152.11,2010,1,6,7.5,2,-33_152,21.71309455235799,23.890216827392575,21.233464664610445,23.48766078743883,NA,NA,0
Parma unifasciata,-32.79,152.11,2010,1,6,10,1,-33_152,21.71309455235799,23.890216827392575,21.233464664610445,23.48766078743883,NA,NA,0
Parma unifasciata,-32.71,152.16,2010,9,26,12.5,1,-33_152,21.71309455235799,18.550230026245117,21.233464664610445,18.28508290714688,1983,Fly Point-Halifax Park,1
Parma unifasciata,-32.71,152.16,2010,10,9,5,2,-33_152,21.71309455235799,20.132946014404297,21.233464664610445,19.39545654994185,1983,Fly Point-Halifax Park,1
Parma unifasciata,-32.71,152.16,2010,10,9,7.5,4,-33_152,21.71309455235799,20.132946014404297,21.233464664610445,19.39545654994185,1983,Fly Point-Halifax Park,1
Parma unifasciata,-32.71,152.16,2010,10,9,10,2,-33_152,21.71309455235799,20.132946014404297,21.233464664610445,19.39545654994185,1983,Fly Point-Halifax Park,1
Parma unifasciata,-32.71,152.16,2010,11,28,7.5,1,-33_152,21.71309455235799,21.164127349853516,21.233464664610445,20.180860641267564,1983,Fly Point-Halifax Park,1
Parma unifasciata,-32.71,152.16,2010,11,28,10,1,-33_152,21.71309455235799,21.164127349853516,21.233464664610445,20.180860641267564,1983,Fly Point-Halifax Park,1
Parma unifasciata,-32.75,152.18,2009,10,21,7.5,10,-33_152,21.148912747701008,20.110031127929688,20.95820614353018,19.533924343765424,NA,NA,0
Parma unifasciata,-32.75,152.18,2009,10,21,10,20,-33_152,21.148912747701008,20.110031127929688,20.95820614353018,19.533924343765424,NA,NA,0
Parma unifasciata,-32.72,152.19,2010,12,13,5,1,-33_152,21.71309455235799,23.157032012939453,21.233464664610445,21.103252185288294,NA,NA,0
Parma unifasciata,-32.72,152.15,2010,12,25,7.5,1,-33_152,21.71309455235799,23.157032012939453,21.233464664610445,21.103252185288294,NA,NA,0
Parma unifasciata,-32.72,152.15,2010,12,25,5,1,-33_152,21.71309455235799,23.157032012939453,21.233464664610445,21.103252185288294,NA,NA,0
Parma unifasciata,-32.72,152.15,2010,12,25,7.5,2,-33_152,21.71309455235799,23.157032012939453,21.233464664610445,21.103252185288294,NA,NA,0
Parma unifasciata,-32.72,152.15,2010,12,25,10,2,-33_152,21.71309455235799,23.157032012939453,21.233464664610445,21.103252185288294,NA,NA,0
Parma unifasciata,-32.71,152.16,2010,10,15,7.5,2,-33_152,21.71309455235799,20.132946014404297,21.233464664610445,19.39545654994185,1983,Fly Point-Halifax Park,1
Parma unifasciata,-32.71,152.16,2010,10,15,10,1,-33_152,21.71309455235799,20.132946014404297,21.233464664610445,19.39545654994185,1983,Fly Point-Halifax Park,1
Parma unifasciata,-32.71,152.16,2010,10,15,10,2,-33_152,21.71309455235799,20.132946014404297,21.233464664610445,19.39545654994185,1983,Fly Point-Halifax Park,1
Parma unifasciata,-32.71,152.16,2010,10,15,12.5,3,-33_152,21.71309455235799,20.132946014404297,21.233464664610445,19.39545654994185,1983,Fly Point-Halifax Park,1
Parma unifasciata,-32.71,152.16,2010,10,15,10,1,-33_152,21.71309455235799,20.132946014404297,21.233464664610445,19.39545654994185,1983,Fly Point-Halifax Park,1
Parma unifasciata,-32.71,152.16,2010,10,24,7.5,1,-33_152,21.71309455235799,20.132946014404297,21.233464664610445,19.39545654994185,1983,Fly Point-Halifax Park,1
Parma unifasciata,-32.71,152.16,2010,10,24,10,2,-33_152,21.71309455235799,20.132946014404297,21.233464664610445,19.39545654994185,1983,Fly Point-Halifax Park,1
Parma unifasciata,-32.71,152.16,2010,10,24,7.5,2,-33_152,21.71309455235799,20.132946014404297,21.233464664610445,19.39545654994185,1983,Fly Point-Halifax Park,1
Parma unifasciata,-32.71,152.16,2010,10,24,10,3,-33_152,21.71309455235799,20.132946014404297,21.233464664610445,19.39545654994185,1983,Fly Point-Halifax Park,1
Parma unifasciata,-32.71,152.16,2010,10,24,10,1,-33_152,21.71309455235799,20.132946014404297,21.233464664610445,19.39545654994185,1983,Fly Point-Halifax Park,1
Parma unifasciata,-32.71,152.16,2010,10,24,12.5,2,-33_152,21.71309455235799,20.132946014404297,21.233464664610445,19.39545654994185,1983,Fly Point-Halifax Park,1
Parma unifasciata,-32.71,152.16,2010,10,24,7.5,1,-33_152,21.71309455235799,20.132946014404297,21.233464664610445,19.39545654994185,1983,Fly Point-Halifax Park,1
Parma unifasciata,-32.71,152.16,2010,10,24,10,1,-33_152,21.71309455235799,20.132946014404297,21.233464664610445,19.39545654994185,1983,Fly Point-Halifax Park,1
Parma unifasciata,-32.71,152.23,2010,10,23,7.5,15,-33_152,21.71309455235799,20.132946014404297,21.233464664610445,19.39545654994185,NA,NA,0
Parma unifasciata,-32.71,152.23,2010,10,23,12.5,2,-33_152,21.71309455235799,20.132946014404297,21.233464664610445,19.39545654994185,NA,NA,0
Parma unifasciata,-32.71,152.23,2010,10,23,7.5,4,-33_152,21.71309455235799,20.132946014404297,21.233464664610445,19.39545654994185,NA,NA,0
Parma unifasciata,-32.71,152.23,2010,10,23,10,3,-33_152,21.71309455235799,20.132946014404297,21.233464664610445,19.39545654994185,NA,NA,0
Parma unifasciata,-32.71,152.16,2010,10,25,5,2,-33_152,21.71309455235799,20.132946014404297,21.233464664610445,19.39545654994185,1983,Fly Point-Halifax Park,1
Parma unifasciata,-32.71,152.16,2010,10,25,5,1,-33_152,21.71309455235799,20.132946014404297,21.233464664610445,19.39545654994185,1983,Fly Point-Halifax Park,1
Parma unifasciata,-32.71,152.16,2010,10,30,5,2,-33_152,21.71309455235799,20.132946014404297,21.233464664610445,19.39545654994185,1983,Fly Point-Halifax Park,1
Parma unifasciata,-32.71,152.16,2010,10,30,7.5,2,-33_152,21.71309455235799,20.132946014404297,21.233464664610445,19.39545654994185,1983,Fly Point-Halifax Park,1
Parma unifasciata,-30.02,153.27,2011,3,18,7.5,3,-30_153,23.01617193222046,25.527606964111328,22.974226457793105,25.717676888742755,2002,Solitary Islands Marine Park,0
Parma unifasciata,-30.02,153.27,2011,3,18,10,7,-30_153,23.01617193222046,25.527606964111328,22.974226457793105,25.717676888742755,2002,Solitary Islands Marine Park,0
Parma unifasciata,-30.02,153.27,2011,3,18,12.5,7,-30_153,23.01617193222046,25.527606964111328,22.974226457793105,25.717676888742755,2002,Solitary Islands Marine Park,0
Parma unifasciata,-35.06,150.78,2009,12,12,7.5,1,-35_151,19.915931542714436,21.075439453125,20.050225972343902,20.89946203334357,NA,NA,0
Parma unifasciata,-35.06,150.78,2009,12,12,10,5,-35_151,19.915931542714436,21.075439453125,20.050225972343902,20.89946203334357,NA,NA,0
Parma unifasciata,-35.06,150.78,2009,12,12,12.5,1,-35_151,19.915931542714436,21.075439453125,20.050225972343902,20.89946203334357,NA,NA,0
Parma unifasciata,-32.74,152.2,2011,1,22,5,4,-33_152,21.399254004160564,24.38715362548828,21.19576238272011,23.810456450267505,NA,NA,0
Parma unifasciata,-32.74,152.2,2011,1,22,7.5,8,-33_152,21.399254004160564,24.38715362548828,21.19576238272011,23.810456450267505,NA,NA,0
Parma unifasciata,-32.74,152.2,2011,1,22,10,2,-33_152,21.399254004160564,24.38715362548828,21.19576238272011,23.810456450267505,NA,NA,0
Parma unifasciata,-30.02,153.27,2011,3,18,7.5,6,-30_153,23.01617193222046,25.527606964111328,22.974226457793105,25.717676888742755,2002,Solitary Islands Marine Park,0
Parma unifasciata,-30.02,153.27,2011,3,18,10,3,-30_153,23.01617193222046,25.527606964111328,22.974226457793105,25.717676888742755,2002,Solitary Islands Marine Park,0
Parma unifasciata,-30.02,153.27,2011,3,18,12.5,5,-30_153,23.01617193222046,25.527606964111328,22.974226457793105,25.717676888742755,2002,Solitary Islands Marine Park,0
Parma unifasciata,-29.93,153.39,2011,6,5,7.5,21,-30_153,23.01617193222046,21.55754280090332,22.974226457793105,21.233066215515137,2002,Solitary Islands Marine Park,0
Parma unifasciata,-29.93,153.39,2011,6,5,10,6,-30_153,23.01617193222046,21.55754280090332,22.974226457793105,21.233066215515137,2002,Solitary Islands Marine Park,0
Parma unifasciata,-29.93,153.39,2011,6,5,12.5,3,-30_153,23.01617193222046,21.55754280090332,22.974226457793105,21.233066215515137,2002,Solitary Islands Marine Park,0
Parma unifasciata,-29.93,153.39,2011,6,5,7.5,5,-30_153,23.01617193222046,21.55754280090332,22.974226457793105,21.233066215515137,2002,Solitary Islands Marine Park,0
Parma unifasciata,-29.93,153.39,2011,6,5,10,15,-30_153,23.01617193222046,21.55754280090332,22.974226457793105,21.233066215515137,2002,Solitary Islands Marine Park,0
Parma unifasciata,-29.93,153.39,2011,6,5,12.5,10,-30_153,23.01617193222046,21.55754280090332,22.974226457793105,21.233066215515137,2002,Solitary Islands Marine Park,0
Parma unifasciata,-29.92,153.39,2011,6,23,10,1,-30_153,23.01617193222046,21.55754280090332,22.974226457793105,21.233066215515137,2002,Solitary Islands Marine Park,0
Parma unifasciata,-29.98,153.26,2011,7,30,7.5,4,-30_153,23.01617193222046,20.41092300415039,22.974226457793105,20.74516077349263,NA,NA,0
Parma unifasciata,-29.98,153.26,2011,7,30,10,5,-30_153,23.01617193222046,20.41092300415039,22.974226457793105,20.74516077349263,NA,NA,0
Parma unifasciata,-29.98,153.26,2011,7,30,15,1,-30_153,23.01617193222046,20.41092300415039,22.974226457793105,20.74516077349263,NA,NA,0
Parma unifasciata,-29.98,153.26,2011,7,30,7.5,3,-30_153,23.01617193222046,20.41092300415039,22.974226457793105,20.74516077349263,NA,NA,0
Parma unifasciata,-29.98,153.26,2011,7,30,10,6,-30_153,23.01617193222046,20.41092300415039,22.974226457793105,20.74516077349263,NA,NA,0
Parma unifasciata,-29.98,153.26,2011,7,30,12.5,2,-30_153,23.01617193222046,20.41092300415039,22.974226457793105,20.74516077349263,NA,NA,0
Parma unifasciata,-29.98,153.26,2011,7,30,5,7,-30_153,23.01617193222046,20.41092300415039,22.974226457793105,20.74516077349263,NA,NA,0
Parma unifasciata,-29.98,153.26,2011,7,30,7.5,5,-30_153,23.01617193222046,20.41092300415039,22.974226457793105,20.74516077349263,NA,NA,0
Parma unifasciata,-32.71,152.16,2011,1,23,5,4,-33_152,21.399254004160564,24.38715362548828,21.19576238272011,23.810456450267505,1983,Fly Point-Halifax Park,1
Parma unifasciata,-32.71,152.16,2011,1,23,7.5,6,-33_152,21.399254004160564,24.38715362548828,21.19576238272011,23.810456450267505,1983,Fly Point-Halifax Park,1
Parma unifasciata,-32.71,152.16,2011,1,23,12.5,1,-33_152,21.399254004160564,24.38715362548828,21.19576238272011,23.810456450267505,1983,Fly Point-Halifax Park,1
Parma unifasciata,-32.71,152.16,2011,1,23,5,1,-33_152,21.399254004160564,24.38715362548828,21.19576238272011,23.810456450267505,1983,Fly Point-Halifax Park,1
Parma unifasciata,-32.71,152.16,2011,1,23,7.5,2,-33_152,21.399254004160564,24.38715362548828,21.19576238272011,23.810456450267505,1983,Fly Point-Halifax Park,1
Parma unifasciata,-32.71,152.16,2011,1,23,10,1,-33_152,21.399254004160564,24.38715362548828,21.19576238272011,23.810456450267505,1983,Fly Point-Halifax Park,1
Parma unifasciata,-30.21,153.27,2010,12,6,12.5,13,-30_153,23.47143316268921,24.945764541625977,23.253460512088008,24.57354790472215,2002,Solitary Islands Marine Park,0
Parma unifasciata,-30.21,153.27,2010,12,6,15,24,-30_153,23.47143316268921,24.945764541625977,23.253460512088008,24.57354790472215,2002,Solitary Islands Marine Park,0
Parma unifasciata,-30.21,153.27,2010,12,6,20,1,-30_153,23.47143316268921,24.945764541625977,23.253460512088008,24.57354790472215,2002,Solitary Islands Marine Park,0
Parma unifasciata,-30.21,153.27,2010,12,6,10,30,-30_153,23.47143316268921,24.945764541625977,23.253460512088008,24.57354790472215,2002,Solitary Islands Marine Park,0
Parma unifasciata,-30.2,153.26,2010,12,6,10,10,-30_153,23.47143316268921,24.945764541625977,23.253460512088008,24.57354790472215,2002,Solitary Islands Marine Park,0
Parma unifasciata,-30.2,153.26,2010,12,6,12.5,14,-30_153,23.47143316268921,24.945764541625977,23.253460512088008,24.57354790472215,2002,Solitary Islands Marine Park,0
Parma unifasciata,-30.2,153.26,2010,12,6,15,2,-30_153,23.47143316268921,24.945764541625977,23.253460512088008,24.57354790472215,2002,Solitary Islands Marine Park,0
Parma unifasciata,-30.2,153.26,2010,12,6,20,4,-30_153,23.47143316268921,24.945764541625977,23.253460512088008,24.57354790472215,2002,Solitary Islands Marine Park,0
Parma unifasciata,-30.2,153.26,2010,12,6,7.5,20,-30_153,23.47143316268921,24.945764541625977,23.253460512088008,24.57354790472215,2002,Solitary Islands Marine Park,0
Parma unifasciata,-30.2,153.26,2010,12,6,10,51,-30_153,23.47143316268921,24.945764541625977,23.253460512088008,24.57354790472215,2002,Solitary Islands Marine Park,0
Parma unifasciata,-32.72,152.15,2011,1,29,12.5,2,-33_152,21.399254004160564,24.38715362548828,21.19576238272011,23.810456450267505,NA,NA,0
Parma unifasciata,-32.72,152.15,2011,1,29,15,2,-33_152,21.399254004160564,24.38715362548828,21.19576238272011,23.810456450267505,NA,NA,0
Parma unifasciata,-32.72,152.15,2011,1,29,7.5,1,-33_152,21.399254004160564,24.38715362548828,21.19576238272011,23.810456450267505,NA,NA,0
Parma unifasciata,-32.74,152.19,2011,1,22,7.5,3,-33_152,21.399254004160564,24.38715362548828,21.19576238272011,23.810456450267505,NA,NA,0
Parma unifasciata,-32.74,152.19,2011,1,22,5,2,-33_152,21.399254004160564,24.38715362548828,21.19576238272011,23.810456450267505,NA,NA,0
Parma unifasciata,-32.74,152.19,2011,1,22,7.5,2,-33_152,21.399254004160564,24.38715362548828,21.19576238272011,23.810456450267505,NA,NA,0
Parma unifasciata,-32.74,152.2,2011,1,22,7.5,3,-33_152,21.399254004160564,24.38715362548828,21.19576238272011,23.810456450267505,NA,NA,0
Parma unifasciata,-32.74,152.2,2011,1,22,10,3,-33_152,21.399254004160564,24.38715362548828,21.19576238272011,23.810456450267505,NA,NA,0
Parma unifasciata,-32.74,152.2,2011,3,18,2.5,2,-33_152,21.399254004160564,23.949668884277344,21.19576238272011,24.001047893237043,NA,NA,0
Parma unifasciata,-32.74,152.2,2011,3,18,5,5,-33_152,21.399254004160564,23.949668884277344,21.19576238272011,24.001047893237043,NA,NA,0
Parma unifasciata,-32.74,152.2,2011,3,18,7.5,5,-33_152,21.399254004160564,23.949668884277344,21.19576238272011,24.001047893237043,NA,NA,0
Parma unifasciata,-32.74,152.2,2011,3,18,10,5,-33_152,21.399254004160564,23.949668884277344,21.19576238272011,24.001047893237043,NA,NA,0
Parma unifasciata,-32.74,152.2,2011,3,18,12.5,1,-33_152,21.399254004160564,23.949668884277344,21.19576238272011,24.001047893237043,NA,NA,0
Parma unifasciata,-32.74,152.2,2011,3,18,7.5,3,-33_152,21.399254004160564,23.949668884277344,21.19576238272011,24.001047893237043,NA,NA,0
Parma unifasciata,-32.74,152.2,2011,3,18,12.5,5,-33_152,21.399254004160564,23.949668884277344,21.19576238272011,24.001047893237043,NA,NA,0
Parma unifasciata,-32.74,152.2,2011,3,18,15,2,-33_152,21.399254004160564,23.949668884277344,21.19576238272011,24.001047893237043,NA,NA,0
Parma unifasciata,-32.74,152.19,2011,3,18,5,3,-33_152,21.399254004160564,23.949668884277344,21.19576238272011,24.001047893237043,NA,NA,0
Parma unifasciata,-32.74,152.19,2011,3,18,7.5,2,-33_152,21.399254004160564,23.949668884277344,21.19576238272011,24.001047893237043,NA,NA,0
Parma unifasciata,-32.74,152.19,2011,3,18,10,10,-33_152,21.399254004160564,23.949668884277344,21.19576238272011,24.001047893237043,NA,NA,0
Parma unifasciata,-32.74,152.19,2011,3,18,12.5,2,-33_152,21.399254004160564,23.949668884277344,21.19576238272011,24.001047893237043,NA,NA,0
Parma unifasciata,-32.74,152.19,2011,3,18,7.5,5,-33_152,21.399254004160564,23.949668884277344,21.19576238272011,24.001047893237043,NA,NA,0
Parma unifasciata,-32.74,152.19,2011,3,18,10,5,-33_152,21.399254004160564,23.949668884277344,21.19576238272011,24.001047893237043,NA,NA,0
Parma unifasciata,-32.74,152.19,2011,3,18,12.5,5,-33_152,21.399254004160564,23.949668884277344,21.19576238272011,24.001047893237043,NA,NA,0
Parma unifasciata,-32.71,152.16,2011,1,2,5,1,-33_152,21.399254004160564,24.38715362548828,21.19576238272011,23.810456450267505,1983,Fly Point-Halifax Park,1
Parma unifasciata,-32.71,152.16,2011,1,2,7.5,3,-33_152,21.399254004160564,24.38715362548828,21.19576238272011,23.810456450267505,1983,Fly Point-Halifax Park,1
Parma unifasciata,-32.71,152.16,2011,1,31,5,3,-33_152,21.399254004160564,24.38715362548828,21.19576238272011,23.810456450267505,1983,Fly Point-Halifax Park,1
Parma unifasciata,-32.71,152.16,2011,1,31,7.5,3,-33_152,21.399254004160564,24.38715362548828,21.19576238272011,23.810456450267505,1983,Fly Point-Halifax Park,1
Parma unifasciata,-32.71,152.15,2011,1,3,7.5,1,-33_152,21.399254004160564,24.38715362548828,21.19576238272011,23.810456450267505,1983,Fly Point-Halifax Park,1
Parma unifasciata,-32.71,152.16,2011,2,1,5,2,-33_152,21.399254004160564,24.478046417236328,21.19576238272011,23.549344658851624,1983,Fly Point-Halifax Park,1
Parma unifasciata,-32.71,152.23,2011,2,5,7.5,2,-33_152,21.399254004160564,24.478046417236328,21.19576238272011,23.549344658851624,NA,NA,0
Parma unifasciata,-32.71,152.23,2011,2,5,10,5,-33_152,21.399254004160564,24.478046417236328,21.19576238272011,23.549344658851624,NA,NA,0
Parma unifasciata,-32.71,152.23,2011,2,5,12.5,5,-33_152,21.399254004160564,24.478046417236328,21.19576238272011,23.549344658851624,NA,NA,0
Parma unifasciata,-32.71,152.23,2011,2,5,7.5,5,-33_152,21.399254004160564,24.478046417236328,21.19576238272011,23.549344658851624,NA,NA,0
Parma unifasciata,-32.71,152.23,2011,2,5,10,35,-33_152,21.399254004160564,24.478046417236328,21.19576238272011,23.549344658851624,NA,NA,0
Parma unifasciata,-32.71,152.23,2011,2,5,12.5,15,-33_152,21.399254004160564,24.478046417236328,21.19576238272011,23.549344658851624,NA,NA,0
Parma unifasciata,-32.79,152.09,2011,2,12,2.5,1,-33_152,21.399254004160564,24.478046417236328,21.19576238272011,23.549344658851624,NA,NA,0
Parma unifasciata,-32.79,152.09,2011,2,12,5,1,-33_152,21.399254004160564,24.478046417236328,21.19576238272011,23.549344658851624,NA,NA,0
Parma unifasciata,-32.79,152.09,2011,2,12,7.5,2,-33_152,21.399254004160564,24.478046417236328,21.19576238272011,23.549344658851624,NA,NA,0
Parma unifasciata,-32.79,152.09,2011,2,12,10,2,-33_152,21.399254004160564,24.478046417236328,21.19576238272011,23.549344658851624,NA,NA,0
Parma unifasciata,-32.79,152.09,2011,2,12,12.5,1,-33_152,21.399254004160564,24.478046417236328,21.19576238272011,23.549344658851624,NA,NA,0
Parma unifasciata,-32.79,152.09,2011,2,12,7.5,1,-33_152,21.399254004160564,24.478046417236328,21.19576238272011,23.549344658851624,NA,NA,0
Parma unifasciata,-32.71,152.16,2011,2,26,5,1,-33_152,21.399254004160564,24.478046417236328,21.19576238272011,23.549344658851624,1983,Fly Point-Halifax Park,1
Parma unifasciata,-32.71,152.16,2011,2,26,7.5,2,-33_152,21.399254004160564,24.478046417236328,21.19576238272011,23.549344658851624,1983,Fly Point-Halifax Park,1
Parma unifasciata,-32.71,152.16,2011,2,26,10,1,-33_152,21.399254004160564,24.478046417236328,21.19576238272011,23.549344658851624,1983,Fly Point-Halifax Park,1
Parma unifasciata,-32.71,152.16,2011,2,26,7.5,1,-33_152,21.399254004160564,24.478046417236328,21.19576238272011,23.549344658851624,1983,Fly Point-Halifax Park,1
Parma unifasciata,-32.68,152.23,2011,2,28,7.5,10,-33_152,21.399254004160564,24.478046417236328,21.19576238272011,23.549344658851624,2007,Port Stephens Great Lake Marine Park,0
Parma unifasciata,-32.68,152.23,2011,2,28,10,10,-33_152,21.399254004160564,24.478046417236328,21.19576238272011,23.549344658851624,2007,Port Stephens Great Lake Marine Park,0
Parma unifasciata,-32.68,152.23,2011,2,28,12.5,10,-33_152,21.399254004160564,24.478046417236328,21.19576238272011,23.549344658851624,2007,Port Stephens Great Lake Marine Park,0
Parma unifasciata,-32.71,152.18,2011,3,14,7.5,1,-33_152,21.399254004160564,23.949668884277344,21.19576238272011,24.001047893237043,NA,NA,0
Parma unifasciata,-32.71,152.18,2011,3,14,7.5,2,-33_152,21.399254004160564,23.949668884277344,21.19576238272011,24.001047893237043,NA,NA,0
Parma unifasciata,-32.7,152.23,2011,4,9,15,7,-33_152,21.399254004160564,23.327369689941406,21.19576238272011,22.999416155285303,NA,NA,0
Parma unifasciata,-32.7,152.23,2011,4,9,20,23,-33_152,21.399254004160564,23.327369689941406,21.19576238272011,22.999416155285303,NA,NA,0
Parma unifasciata,-32.7,152.23,2011,4,9,25,2,-33_152,21.399254004160564,23.327369689941406,21.19576238272011,22.999416155285303,NA,NA,0
Parma unifasciata,-32.7,152.23,2011,4,9,10,14,-33_152,21.399254004160564,23.327369689941406,21.19576238272011,22.999416155285303,NA,NA,0
Parma unifasciata,-32.7,152.23,2011,4,9,12.5,14,-33_152,21.399254004160564,23.327369689941406,21.19576238272011,22.999416155285303,NA,NA,0
Parma unifasciata,-32.7,152.23,2011,4,9,10,15,-33_152,21.399254004160564,23.327369689941406,21.19576238272011,22.999416155285303,NA,NA,0
Parma unifasciata,-32.7,152.23,2011,4,9,12.5,25,-33_152,21.399254004160564,23.327369689941406,21.19576238272011,22.999416155285303,NA,NA,0
Parma unifasciata,-32.7,152.23,2011,4,9,15,2,-33_152,21.399254004160564,23.327369689941406,21.19576238272011,22.999416155285303,NA,NA,0
Parma unifasciata,-32.7,152.23,2011,4,9,10,8,-33_152,21.399254004160564,23.327369689941406,21.19576238272011,22.999416155285303,NA,NA,0
Parma unifasciata,-32.7,152.23,2011,4,9,12.5,15,-33_152,21.399254004160564,23.327369689941406,21.19576238272011,22.999416155285303,NA,NA,0
Parma unifasciata,-32.71,152.15,2011,4,26,7.5,1,-33_152,21.399254004160564,23.327369689941406,21.19576238272011,22.999416155285303,1983,Fly Point-Halifax Park,1
Parma unifasciata,-32.71,152.15,2011,8,7,5,1,-33_152,21.399254004160564,19.14668083190918,21.19576238272011,18.670214596615043,1983,Fly Point-Halifax Park,1
Parma unifasciata,-32.71,152.15,2011,8,7,7.5,1,-33_152,21.399254004160564,19.14668083190918,21.19576238272011,18.670214596615043,1983,Fly Point-Halifax Park,1
Parma unifasciata,-32.71,152.16,2011,7,30,7.5,1,-33_152,21.399254004160564,18.694730758666992,21.19576238272011,19.82029527746221,1983,Fly Point-Halifax Park,1
Parma unifasciata,-32.71,152.16,2011,7,31,5,3,-33_152,21.399254004160564,18.694730758666992,21.19576238272011,19.82029527746221,1983,Fly Point-Halifax Park,1
Parma unifasciata,-32.71,152.16,2011,7,31,7.5,2,-33_152,21.399254004160564,18.694730758666992,21.19576238272011,19.82029527746221,1983,Fly Point-Halifax Park,1
Parma unifasciata,-32.71,152.16,2011,7,31,5,1,-33_152,21.399254004160564,18.694730758666992,21.19576238272011,19.82029527746221,1983,Fly Point-Halifax Park,1
Parma unifasciata,-32.71,152.16,2011,7,31,7.5,1,-33_152,21.399254004160564,18.694730758666992,21.19576238272011,19.82029527746221,1983,Fly Point-Halifax Park,1
Parma unifasciata,-32.74,152.19,2011,4,23,7.5,7,-33_152,21.399254004160564,23.327369689941406,21.19576238272011,22.999416155285303,NA,NA,0
Parma unifasciata,-32.74,152.19,2011,4,23,10,13,-33_152,21.399254004160564,23.327369689941406,21.19576238272011,22.999416155285303,NA,NA,0
Parma unifasciata,-32.74,152.19,2011,4,23,12.5,4,-33_152,21.399254004160564,23.327369689941406,21.19576238272011,22.999416155285303,NA,NA,0
Parma unifasciata,-32.74,152.19,2011,4,23,5,4,-33_152,21.399254004160564,23.327369689941406,21.19576238272011,22.999416155285303,NA,NA,0
Parma unifasciata,-32.74,152.19,2011,4,23,7.5,15,-33_152,21.399254004160564,23.327369689941406,21.19576238272011,22.999416155285303,NA,NA,0
Parma unifasciata,-32.74,152.19,2011,4,23,10,25,-33_152,21.399254004160564,23.327369689941406,21.19576238272011,22.999416155285303,NA,NA,0
Parma unifasciata,-32.74,152.19,2011,4,23,7.5,5,-33_152,21.399254004160564,23.327369689941406,21.19576238272011,22.999416155285303,NA,NA,0
Parma unifasciata,-32.74,152.19,2011,4,23,10,10,-33_152,21.399254004160564,23.327369689941406,21.19576238272011,22.999416155285303,NA,NA,0
Parma unifasciata,-32.71,152.16,2011,4,2,5,1,-33_152,21.399254004160564,23.327369689941406,21.19576238272011,22.999416155285303,1983,Fly Point-Halifax Park,1
Parma unifasciata,-32.71,152.16,2011,4,2,7.5,1,-33_152,21.399254004160564,23.327369689941406,21.19576238272011,22.999416155285303,1983,Fly Point-Halifax Park,1
Parma unifasciata,-32.74,152.19,2011,4,23,10,2,-33_152,21.399254004160564,23.327369689941406,21.19576238272011,22.999416155285303,NA,NA,0
Parma unifasciata,-32.74,152.19,2011,4,23,12.5,6,-33_152,21.399254004160564,23.327369689941406,21.19576238272011,22.999416155285303,NA,NA,0
Parma unifasciata,-32.74,152.19,2011,4,23,15,6,-33_152,21.399254004160564,23.327369689941406,21.19576238272011,22.999416155285303,NA,NA,0
Parma unifasciata,-32.74,152.19,2011,4,23,20,2,-33_152,21.399254004160564,23.327369689941406,21.19576238272011,22.999416155285303,NA,NA,0
Parma unifasciata,-32.74,152.19,2011,4,23,15,15,-33_152,21.399254004160564,23.327369689941406,21.19576238272011,22.999416155285303,NA,NA,0
Parma unifasciata,-32.71,152.16,2011,4,2,10,1,-33_152,21.399254004160564,23.327369689941406,21.19576238272011,22.999416155285303,1983,Fly Point-Halifax Park,1
Parma unifasciata,-32.71,152.16,2011,4,4,10,1,-33_152,21.399254004160564,23.327369689941406,21.19576238272011,22.999416155285303,1983,Fly Point-Halifax Park,1
Parma unifasciata,-32.71,152.16,2011,8,6,12.5,2,-33_152,21.399254004160564,19.14668083190918,21.19576238272011,18.670214596615043,1983,Fly Point-Halifax Park,1
Parma unifasciata,-32.71,152.16,2011,4,2,12.5,1,-33_152,21.399254004160564,23.327369689941406,21.19576238272011,22.999416155285303,1983,Fly Point-Halifax Park,1
Parma unifasciata,-32.71,152.16,2011,4,2,12.5,4,-33_152,21.399254004160564,23.327369689941406,21.19576238272011,22.999416155285303,1983,Fly Point-Halifax Park,1
Parma unifasciata,-32.71,152.16,2011,4,2,15,1,-33_152,21.399254004160564,23.327369689941406,21.19576238272011,22.999416155285303,1983,Fly Point-Halifax Park,1
Parma unifasciata,-32.69,152.23,2011,4,22,5,1,-33_152,21.399254004160564,23.327369689941406,21.19576238272011,22.999416155285303,2007,Port Stephens Great Lake Marine Park,0
Parma unifasciata,-32.69,152.23,2011,4,22,7.5,1,-33_152,21.399254004160564,23.327369689941406,21.19576238272011,22.999416155285303,2007,Port Stephens Great Lake Marine Park,0
Parma unifasciata,-32.69,152.23,2011,4,22,10,1,-33_152,21.399254004160564,23.327369689941406,21.19576238272011,22.999416155285303,2007,Port Stephens Great Lake Marine Park,0
Parma unifasciata,-32.69,152.23,2011,4,22,12.5,3,-33_152,21.399254004160564,23.327369689941406,21.19576238272011,22.999416155285303,2007,Port Stephens Great Lake Marine Park,0
Parma unifasciata,-32.69,152.23,2011,4,22,5,5,-33_152,21.399254004160564,23.327369689941406,21.19576238272011,22.999416155285303,2007,Port Stephens Great Lake Marine Park,0
Parma unifasciata,-32.69,152.23,2011,4,22,7.5,5,-33_152,21.399254004160564,23.327369689941406,21.19576238272011,22.999416155285303,2007,Port Stephens Great Lake Marine Park,0
Parma unifasciata,-32.69,152.23,2011,4,22,10,5,-33_152,21.399254004160564,23.327369689941406,21.19576238272011,22.999416155285303,2007,Port Stephens Great Lake Marine Park,0
Parma unifasciata,-32.69,152.23,2011,4,22,7.5,2,-33_152,21.399254004160564,23.327369689941406,21.19576238272011,22.999416155285303,2007,Port Stephens Great Lake Marine Park,0
Parma unifasciata,-32.69,152.23,2011,4,22,10,6,-33_152,21.399254004160564,23.327369689941406,21.19576238272011,22.999416155285303,2007,Port Stephens Great Lake Marine Park,0
Parma unifasciata,-32.69,152.23,2011,4,22,12.5,5,-33_152,21.399254004160564,23.327369689941406,21.19576238272011,22.999416155285303,2007,Port Stephens Great Lake Marine Park,0
Parma unifasciata,-32.69,152.23,2011,8,1,5,1,-33_152,21.399254004160564,19.14668083190918,21.19576238272011,18.670214596615043,2007,Port Stephens Great Lake Marine Park,0
Parma unifasciata,-32.69,152.23,2011,8,1,7.5,3,-33_152,21.399254004160564,19.14668083190918,21.19576238272011,18.670214596615043,2007,Port Stephens Great Lake Marine Park,0
Parma unifasciata,-32.69,152.23,2011,8,1,10,7,-33_152,21.399254004160564,19.14668083190918,21.19576238272011,18.670214596615043,2007,Port Stephens Great Lake Marine Park,0
Parma unifasciata,-32.69,152.23,2011,8,1,12.5,4,-33_152,21.399254004160564,19.14668083190918,21.19576238272011,18.670214596615043,2007,Port Stephens Great Lake Marine Park,0
Parma unifasciata,-32.69,152.23,2011,8,1,7.5,5,-33_152,21.399254004160564,19.14668083190918,21.19576238272011,18.670214596615043,2007,Port Stephens Great Lake Marine Park,0
Parma unifasciata,-32.69,152.23,2011,8,1,10,27,-33_152,21.399254004160564,19.14668083190918,21.19576238272011,18.670214596615043,2007,Port Stephens Great Lake Marine Park,0
Parma unifasciata,-32.74,152.2,2011,6,25,7.5,2,-33_152,21.399254004160564,19.886619567871097,21.19576238272011,20.698555082745024,NA,NA,0
Parma unifasciata,-32.74,152.2,2011,6,25,10,5,-33_152,21.399254004160564,19.886619567871097,21.19576238272011,20.698555082745024,NA,NA,0
Parma unifasciata,-32.74,152.2,2011,6,25,12.5,5,-33_152,21.399254004160564,19.886619567871097,21.19576238272011,20.698555082745024,NA,NA,0
Parma unifasciata,-32.74,152.2,2011,6,25,15,1,-33_152,21.399254004160564,19.886619567871097,21.19576238272011,20.698555082745024,NA,NA,0
Parma unifasciata,-32.74,152.2,2011,6,25,10,2,-33_152,21.399254004160564,19.886619567871097,21.19576238272011,20.698555082745024,NA,NA,0
Parma unifasciata,-32.74,152.2,2011,6,26,5,1,-33_152,21.399254004160564,19.886619567871097,21.19576238272011,20.698555082745024,NA,NA,0
Parma unifasciata,-32.74,152.2,2011,6,26,7.5,1,-33_152,21.399254004160564,19.886619567871097,21.19576238272011,20.698555082745024,NA,NA,0
Parma unifasciata,-32.74,152.2,2011,6,26,10,1,-33_152,21.399254004160564,19.886619567871097,21.19576238272011,20.698555082745024,NA,NA,0
Parma unifasciata,-32.74,152.2,2011,6,26,10,3,-33_152,21.399254004160564,19.886619567871097,21.19576238272011,20.698555082745024,NA,NA,0
Parma unifasciata,-32.74,152.2,2011,6,26,7.5,2,-33_152,21.399254004160564,19.886619567871097,21.19576238272011,20.698555082745024,NA,NA,0
Parma unifasciata,-32.74,152.2,2011,6,26,10,1,-33_152,21.399254004160564,19.886619567871097,21.19576238272011,20.698555082745024,NA,NA,0
Parma unifasciata,-32.74,152.2,2011,6,26,10,6,-33_152,21.399254004160564,19.886619567871097,21.19576238272011,20.698555082745024,NA,NA,0
Parma unifasciata,-32.74,152.2,2011,6,26,12.5,5,-33_152,21.399254004160564,19.886619567871097,21.19576238272011,20.698555082745024,NA,NA,0
Parma unifasciata,-32.74,152.2,2011,6,26,15,2,-33_152,21.399254004160564,19.886619567871097,21.19576238272011,20.698555082745024,NA,NA,0
Parma unifasciata,-32.68,152.23,2011,2,28,7.5,8,-33_152,21.399254004160564,24.478046417236328,21.19576238272011,23.549344658851624,2007,Port Stephens Great Lake Marine Park,0
Parma unifasciata,-32.68,152.23,2011,2,28,10,15,-33_152,21.399254004160564,24.478046417236328,21.19576238272011,23.549344658851624,2007,Port Stephens Great Lake Marine Park,0
Parma unifasciata,-32.68,152.23,2011,2,28,12.5,2,-33_152,21.399254004160564,24.478046417236328,21.19576238272011,23.549344658851624,2007,Port Stephens Great Lake Marine Park,0
Parma unifasciata,-32.69,152.22,2011,2,28,5,1,-33_152,21.399254004160564,24.478046417236328,21.19576238272011,23.549344658851624,NA,NA,0
Parma unifasciata,-32.69,152.22,2011,2,28,7.5,4,-33_152,21.399254004160564,24.478046417236328,21.19576238272011,23.549344658851624,NA,NA,0
Parma unifasciata,-32.69,152.22,2011,2,28,10,2,-33_152,21.399254004160564,24.478046417236328,21.19576238272011,23.549344658851624,NA,NA,0
Parma unifasciata,-32.69,152.22,2011,2,28,7.5,6,-33_152,21.399254004160564,24.478046417236328,21.19576238272011,23.549344658851624,NA,NA,0
Parma unifasciata,-35.08,150.8,2000,5,11,12.5,3,-35_151,19.86149024963379,19.47962188720703,20.225888499204668,19.893870569044545,2002,Jervis Bay Marine Park,0
Parma unifasciata,-35.08,150.8,2000,5,11,7.5,1,-35_151,19.86149024963379,19.47962188720703,20.225888499204668,19.893870569044545,2002,Jervis Bay Marine Park,0
Parma unifasciata,-35.08,150.8,2000,5,11,12.5,4,-35_151,19.86149024963379,19.47962188720703,20.225888499204668,19.893870569044545,2002,Jervis Bay Marine Park,0
Parma unifasciata,-35.08,150.8,2000,5,11,15,3,-35_151,19.86149024963379,19.47962188720703,20.225888499204668,19.893870569044545,2002,Jervis Bay Marine Park,0
Parma unifasciata,-35.08,150.8,2000,5,11,20,4,-35_151,19.86149024963379,19.47962188720703,20.225888499204668,19.893870569044545,2002,Jervis Bay Marine Park,0
Parma unifasciata,-35.08,150.8,2000,5,11,12.5,1,-35_151,19.86149024963379,19.47962188720703,20.225888499204668,19.893870569044545,2002,Jervis Bay Marine Park,0
Parma unifasciata,-35.08,150.8,2000,5,11,15,7,-35_151,19.86149024963379,19.47962188720703,20.225888499204668,19.893870569044545,2002,Jervis Bay Marine Park,0
Parma unifasciata,-35.08,150.8,2000,5,11,20,12,-35_151,19.86149024963379,19.47962188720703,20.225888499204668,19.893870569044545,2002,Jervis Bay Marine Park,0
Parma unifasciata,-35.08,150.8,2000,5,11,15,3,-35_151,19.86149024963379,19.47962188720703,20.225888499204668,19.893870569044545,2002,Jervis Bay Marine Park,0
Parma unifasciata,-35.08,150.8,2000,5,11,20,4,-35_151,19.86149024963379,19.47962188720703,20.225888499204668,19.893870569044545,2002,Jervis Bay Marine Park,0
Parma unifasciata,-35.08,150.8,2000,5,11,15,1,-35_151,19.86149024963379,19.47962188720703,20.225888499204668,19.893870569044545,2002,Jervis Bay Marine Park,0
Parma unifasciata,-35.08,150.8,2000,5,11,20,10,-35_151,19.86149024963379,19.47962188720703,20.225888499204668,19.893870569044545,2002,Jervis Bay Marine Park,0
Parma unifasciata,-35.08,150.8,2001,5,31,7.5,1,-35_151,20.306450684865315,19.517976760864254,20.92469391253524,20.341827495123752,2002,Jervis Bay Marine Park,0
Parma unifasciata,-35.08,150.8,2001,5,31,10,1,-35_151,20.306450684865315,19.517976760864254,20.92469391253524,20.341827495123752,2002,Jervis Bay Marine Park,0
Parma unifasciata,-35.08,150.8,2001,5,31,15,2,-35_151,20.306450684865315,19.517976760864254,20.92469391253524,20.341827495123752,2002,Jervis Bay Marine Park,0
Parma unifasciata,-35.08,150.8,2001,5,31,20,7,-35_151,20.306450684865315,19.517976760864254,20.92469391253524,20.341827495123752,2002,Jervis Bay Marine Park,0
Parma unifasciata,-35.08,150.8,2001,5,31,12.5,1,-35_151,20.306450684865315,19.517976760864254,20.92469391253524,20.341827495123752,2002,Jervis Bay Marine Park,0
Parma unifasciata,-35.08,150.8,2001,5,31,15,3,-35_151,20.306450684865315,19.517976760864254,20.92469391253524,20.341827495123752,2002,Jervis Bay Marine Park,0
Parma unifasciata,-35.08,150.8,2001,5,31,20,4,-35_151,20.306450684865315,19.517976760864254,20.92469391253524,20.341827495123752,2002,Jervis Bay Marine Park,0
Parma unifasciata,-35.08,150.8,2001,5,31,25,1,-35_151,20.306450684865315,19.517976760864254,20.92469391253524,20.341827495123752,2002,Jervis Bay Marine Park,0
Parma unifasciata,-35.08,150.8,2001,5,31,15,2,-35_151,20.306450684865315,19.517976760864254,20.92469391253524,20.341827495123752,2002,Jervis Bay Marine Park,0
Parma unifasciata,-35.08,150.8,2001,5,31,20,9,-35_151,20.306450684865315,19.517976760864254,20.92469391253524,20.341827495123752,2002,Jervis Bay Marine Park,0
Parma unifasciata,-35.08,150.8,2001,5,31,25,2,-35_151,20.306450684865315,19.517976760864254,20.92469391253524,20.341827495123752,2002,Jervis Bay Marine Park,0
Parma unifasciata,-35.08,150.8,2001,5,31,12.5,1,-35_151,20.306450684865315,19.517976760864254,20.92469391253524,20.341827495123752,2002,Jervis Bay Marine Park,0
Parma unifasciata,-35.08,150.8,2001,5,31,20,11,-35_151,20.306450684865315,19.517976760864254,20.92469391253524,20.341827495123752,2002,Jervis Bay Marine Park,0
Parma unifasciata,-35.08,150.8,2004,5,24,10,2,-35_151,19.537256399790447,19.329307556152344,19.870283113122944,20.739031760923325,2002,Jervis Bay Marine Park,0
Parma unifasciata,-35.08,150.8,2004,5,24,12.5,4,-35_151,19.537256399790447,19.329307556152344,19.870283113122944,20.739031760923325,2002,Jervis Bay Marine Park,0
Parma unifasciata,-35.08,150.8,2004,5,24,20,1,-35_151,19.537256399790447,19.329307556152344,19.870283113122944,20.739031760923325,2002,Jervis Bay Marine Park,0
Parma unifasciata,-35.08,150.8,2004,5,24,7.5,1,-35_151,19.537256399790447,19.329307556152344,19.870283113122944,20.739031760923325,2002,Jervis Bay Marine Park,0
Parma unifasciata,-35.08,150.8,2004,5,24,10,3,-35_151,19.537256399790447,19.329307556152344,19.870283113122944,20.739031760923325,2002,Jervis Bay Marine Park,0
Parma unifasciata,-35.08,150.8,2004,5,24,12.5,2,-35_151,19.537256399790447,19.329307556152344,19.870283113122944,20.739031760923325,2002,Jervis Bay Marine Park,0
Parma unifasciata,-35.08,150.8,2004,5,24,15,3,-35_151,19.537256399790447,19.329307556152344,19.870283113122944,20.739031760923325,2002,Jervis Bay Marine Park,0
Parma unifasciata,-35.08,150.8,2004,5,24,20,3,-35_151,19.537256399790447,19.329307556152344,19.870283113122944,20.739031760923325,2002,Jervis Bay Marine Park,0
Parma unifasciata,-35.08,150.8,2004,5,24,10,2,-35_151,19.537256399790447,19.329307556152344,19.870283113122944,20.739031760923325,2002,Jervis Bay Marine Park,0
Parma unifasciata,-35.08,150.8,2004,5,24,7.5,1,-35_151,19.537256399790447,19.329307556152344,19.870283113122944,20.739031760923325,2002,Jervis Bay Marine Park,0
Parma unifasciata,-35.08,150.8,2004,5,24,12.5,3,-35_151,19.537256399790447,19.329307556152344,19.870283113122944,20.739031760923325,2002,Jervis Bay Marine Park,0
Parma unifasciata,-35.08,150.8,2005,5,24,10,4,-35_151,19.976048469543457,20.087127685546875,20.315228560947887,19.87042966452978,2002,Jervis Bay Marine Park,0
Parma unifasciata,-35.08,150.8,2005,5,24,12.5,1,-35_151,19.976048469543457,20.087127685546875,20.315228560947887,19.87042966452978,2002,Jervis Bay Marine Park,0
Parma unifasciata,-35.08,150.8,2005,5,24,7.5,1,-35_151,19.976048469543457,20.087127685546875,20.315228560947887,19.87042966452978,2002,Jervis Bay Marine Park,0
Parma unifasciata,-35.08,150.8,2005,5,24,7.5,1,-35_151,19.976048469543457,20.087127685546875,20.315228560947887,19.87042966452978,2002,Jervis Bay Marine Park,0
Parma unifasciata,-35.08,150.8,2005,5,24,10,1,-35_151,19.976048469543457,20.087127685546875,20.315228560947887,19.87042966452978,2002,Jervis Bay Marine Park,0
Parma unifasciata,-35.08,150.8,2005,5,24,12.5,1,-35_151,19.976048469543457,20.087127685546875,20.315228560947887,19.87042966452978,2002,Jervis Bay Marine Park,0
Parma unifasciata,-35.08,150.8,2000,5,11,12.5,1,-35_151,19.86149024963379,19.47962188720703,20.225888499204668,19.893870569044545,2002,Jervis Bay Marine Park,0
Parma unifasciata,-35.08,150.8,2006,5,20,10,5,-35_151,19.914414087931316,19.192729949951172,20.48518301147022,20.09741885687715,2002,Jervis Bay Marine Park,0
Parma unifasciata,-35.08,150.8,2006,5,20,12.5,1,-35_151,19.914414087931316,19.192729949951172,20.48518301147022,20.09741885687715,2002,Jervis Bay Marine Park,0
Parma unifasciata,-35.08,150.8,2006,5,20,10,1,-35_151,19.914414087931316,19.192729949951172,20.48518301147022,20.09741885687715,2002,Jervis Bay Marine Park,0
Parma unifasciata,-35.08,150.8,2004,5,24,10,1,-35_151,19.537256399790447,19.329307556152344,19.870283113122944,20.739031760923325,2002,Jervis Bay Marine Park,0
Parma unifasciata,-35.08,150.8,2004,5,24,12.5,8,-35_151,19.537256399790447,19.329307556152344,19.870283113122944,20.739031760923325,2002,Jervis Bay Marine Park,0
Parma unifasciata,-35.08,150.8,2004,5,24,15,1,-35_151,19.537256399790447,19.329307556152344,19.870283113122944,20.739031760923325,2002,Jervis Bay Marine Park,0
Parma unifasciata,-35.08,150.8,2004,5,24,10,6,-35_151,19.537256399790447,19.329307556152344,19.870283113122944,20.739031760923325,2002,Jervis Bay Marine Park,0
Parma unifasciata,-35.08,150.8,2004,5,24,12.5,1,-35_151,19.537256399790447,19.329307556152344,19.870283113122944,20.739031760923325,2002,Jervis Bay Marine Park,0
Parma unifasciata,-35.08,150.8,2004,5,24,20,1,-35_151,19.537256399790447,19.329307556152344,19.870283113122944,20.739031760923325,2002,Jervis Bay Marine Park,0
Parma unifasciata,-35.08,150.8,2004,5,24,10,1,-35_151,19.537256399790447,19.329307556152344,19.870283113122944,20.739031760923325,2002,Jervis Bay Marine Park,0
Parma unifasciata,-35.08,150.8,2004,5,24,12.5,7,-35_151,19.537256399790447,19.329307556152344,19.870283113122944,20.739031760923325,2002,Jervis Bay Marine Park,0
Parma unifasciata,-35.08,150.8,2004,5,24,10,2,-35_151,19.537256399790447,19.329307556152344,19.870283113122944,20.739031760923325,2002,Jervis Bay Marine Park,0
Parma unifasciata,-35.08,150.8,2004,5,24,12.5,2,-35_151,19.537256399790447,19.329307556152344,19.870283113122944,20.739031760923325,2002,Jervis Bay Marine Park,0
Parma unifasciata,-35.08,150.79,2000,5,11,5,1,-35_151,19.86149024963379,19.47962188720703,20.225888499204668,19.893870569044545,2002,Jervis Bay Marine Park,0
Parma unifasciata,-35.08,150.79,2000,5,11,10,2,-35_151,19.86149024963379,19.47962188720703,20.225888499204668,19.893870569044545,2002,Jervis Bay Marine Park,0
Parma unifasciata,-35.08,150.79,2001,6,1,7.5,1,-35_151,20.306450684865315,18.968673706054688,20.92469391253524,19.70966623094347,2002,Jervis Bay Marine Park,0
Parma unifasciata,-35.08,150.79,2001,6,1,7.5,1,-35_151,20.306450684865315,18.968673706054688,20.92469391253524,19.70966623094347,2002,Jervis Bay Marine Park,0
Parma unifasciata,-35.08,150.79,2004,5,31,12.5,1,-35_151,19.537256399790447,19.329307556152344,19.870283113122944,20.739031760923325,2002,Jervis Bay Marine Park,0
Parma unifasciata,-35.08,150.79,2005,6,6,10,1,-35_151,19.976048469543457,18.323898315429688,20.315228560947887,19.044221750895183,2002,Jervis Bay Marine Park,0
Parma unifasciata,-35.08,150.79,2001,5,31,10,1,-35_151,20.306450684865315,19.517976760864254,20.92469391253524,20.341827495123752,2002,Jervis Bay Marine Park,0
Parma unifasciata,-35.08,150.79,2001,5,31,12.5,1,-35_151,20.306450684865315,19.517976760864254,20.92469391253524,20.341827495123752,2002,Jervis Bay Marine Park,0
Parma unifasciata,-35.08,150.79,2004,5,31,7.5,1,-35_151,19.537256399790447,19.329307556152344,19.870283113122944,20.739031760923325,2002,Jervis Bay Marine Park,0
Parma unifasciata,-35.08,150.79,2004,5,31,10,2,-35_151,19.537256399790447,19.329307556152344,19.870283113122944,20.739031760923325,2002,Jervis Bay Marine Park,0
Parma unifasciata,-35.08,150.79,2004,5,31,12.5,1,-35_151,19.537256399790447,19.329307556152344,19.870283113122944,20.739031760923325,2002,Jervis Bay Marine Park,0
Parma unifasciata,-35.08,150.79,2004,5,31,10,1,-35_151,19.537256399790447,19.329307556152344,19.870283113122944,20.739031760923325,2002,Jervis Bay Marine Park,0
Parma unifasciata,-35.08,150.79,2004,5,31,12.5,2,-35_151,19.537256399790447,19.329307556152344,19.870283113122944,20.739031760923325,2002,Jervis Bay Marine Park,0
Parma unifasciata,-35.08,150.79,2004,5,31,7.5,1,-35_151,19.537256399790447,19.329307556152344,19.870283113122944,20.739031760923325,2002,Jervis Bay Marine Park,0
Parma unifasciata,-35.08,150.79,2004,5,31,12.5,2,-35_151,19.537256399790447,19.329307556152344,19.870283113122944,20.739031760923325,2002,Jervis Bay Marine Park,0
Parma unifasciata,-35.08,150.79,2004,5,31,12.5,1,-35_151,19.537256399790447,19.329307556152344,19.870283113122944,20.739031760923325,2002,Jervis Bay Marine Park,0
Parma unifasciata,-35.08,150.79,2001,5,31,10,1,-35_151,20.306450684865315,19.517976760864254,20.92469391253524,20.341827495123752,2002,Jervis Bay Marine Park,0
Parma unifasciata,-35.08,150.79,2001,5,31,15,1,-35_151,20.306450684865315,19.517976760864254,20.92469391253524,20.341827495123752,2002,Jervis Bay Marine Park,0
Parma unifasciata,-35.08,150.79,2005,6,6,12.5,1,-35_151,19.976048469543457,18.323898315429688,20.315228560947887,19.044221750895183,2002,Jervis Bay Marine Park,0
Parma unifasciata,-35.08,150.79,2005,6,6,15,2,-35_151,19.976048469543457,18.323898315429688,20.315228560947887,19.044221750895183,2002,Jervis Bay Marine Park,0
Parma unifasciata,-35.08,150.79,2005,6,6,7.5,1,-35_151,19.976048469543457,18.323898315429688,20.315228560947887,19.044221750895183,2002,Jervis Bay Marine Park,0
Parma unifasciata,-35.08,150.79,2004,5,31,15,1,-35_151,19.537256399790447,19.329307556152344,19.870283113122944,20.739031760923325,2002,Jervis Bay Marine Park,0
Parma unifasciata,-35.08,150.79,2000,5,11,20,1,-35_151,19.86149024963379,19.47962188720703,20.225888499204668,19.893870569044545,2002,Jervis Bay Marine Park,0
Parma unifasciata,-35.08,150.79,2004,5,31,12.5,1,-35_151,19.537256399790447,19.329307556152344,19.870283113122944,20.739031760923325,2002,Jervis Bay Marine Park,0
Parma unifasciata,-35.08,150.79,2006,5,22,12.5,3,-35_151,19.914414087931316,19.192729949951172,20.48518301147022,20.09741885687715,2002,Jervis Bay Marine Park,0
Parma unifasciata,-35.07,150.77,2004,5,25,7.5,1,-35_151,19.537256399790447,19.329307556152344,19.870283113122944,20.739031760923325,2002,Jervis Bay Marine Park,0
Parma unifasciata,-35.07,150.77,2004,5,25,10,1,-35_151,19.537256399790447,19.329307556152344,19.870283113122944,20.739031760923325,2002,Jervis Bay Marine Park,0
Parma unifasciata,-35.07,150.77,2004,5,25,15,1,-35_151,19.537256399790447,19.329307556152344,19.870283113122944,20.739031760923325,2002,Jervis Bay Marine Park,0
Parma unifasciata,-35.06,150.77,2004,5,25,12.5,1,-35_151,19.537256399790447,19.329307556152344,19.870283113122944,20.739031760923325,2002,Jervis Bay Marine Park,0
Parma unifasciata,-35.08,150.79,2006,5,22,5,2,-35_151,19.914414087931316,19.192729949951172,20.48518301147022,20.09741885687715,2002,Jervis Bay Marine Park,0
Parma unifasciata,-35.08,150.79,2006,5,22,12.5,2,-35_151,19.914414087931316,19.192729949951172,20.48518301147022,20.09741885687715,2002,Jervis Bay Marine Park,0
Parma unifasciata,-35.06,150.77,2004,5,25,12.5,1,-35_151,19.537256399790447,19.329307556152344,19.870283113122944,20.739031760923325,2002,Jervis Bay Marine Park,0
Parma unifasciata,-35.06,150.77,2005,5,16,10,1,-35_151,19.976048469543457,20.087127685546875,20.315228560947887,19.87042966452978,2002,Jervis Bay Marine Park,0
Parma unifasciata,-35.06,150.77,2006,5,23,10,1,-35_151,19.914414087931316,19.192729949951172,20.48518301147022,20.09741885687715,2002,Jervis Bay Marine Park,0
Parma unifasciata,-35.06,150.78,2001,5,28,10,1,-35_151,20.306450684865315,19.517976760864254,20.92469391253524,20.341827495123752,NA,NA,0
Parma unifasciata,-35.06,150.78,2001,5,28,12.5,1,-35_151,20.306450684865315,19.517976760864254,20.92469391253524,20.341827495123752,NA,NA,0
Parma unifasciata,-35.06,150.77,2006,5,23,12.5,1,-35_151,19.914414087931316,19.192729949951172,20.48518301147022,20.09741885687715,2002,Jervis Bay Marine Park,0
Parma unifasciata,-35.06,150.78,2004,5,25,10,1,-35_151,19.537256399790447,19.329307556152344,19.870283113122944,20.739031760923325,NA,NA,0
Parma unifasciata,-35.06,150.78,2004,5,25,12.5,1,-35_151,19.537256399790447,19.329307556152344,19.870283113122944,20.739031760923325,NA,NA,0
Parma unifasciata,-35.08,150.78,2001,6,1,20,1,-35_151,20.306450684865315,18.968673706054688,20.92469391253524,19.70966623094347,NA,NA,0
Parma unifasciata,-35.03,150.78,2001,5,27,10,1,-35_151,20.306450684865315,19.517976760864254,20.92469391253524,20.341827495123752,2002,Jervis Bay Marine Park,0
Parma unifasciata,-35.03,150.78,2006,6,1,12.5,1,-35_151,19.914414087931316,18.326250076293945,20.48518301147022,19.248444069756403,2002,Jervis Bay Marine Park,0
Parma unifasciata,-35.03,150.78,2001,5,27,10,1,-35_151,20.306450684865315,19.517976760864254,20.92469391253524,20.341827495123752,2002,Jervis Bay Marine Park,0
Parma unifasciata,-35.02,150.76,2000,5,9,15,2,-35_151,19.86149024963379,19.47962188720703,20.225888499204668,19.893870569044545,2002,Jervis Bay Marine Park,0
Parma unifasciata,-35.02,150.76,2000,5,9,20,1,-35_151,19.86149024963379,19.47962188720703,20.225888499204668,19.893870569044545,2002,Jervis Bay Marine Park,0
Parma unifasciata,-35.03,150.78,2004,5,30,12.5,5,-35_151,19.537256399790447,19.329307556152344,19.870283113122944,20.739031760923325,2002,Jervis Bay Marine Park,0
Parma unifasciata,-35.03,150.78,2004,5,30,15,5,-35_151,19.537256399790447,19.329307556152344,19.870283113122944,20.739031760923325,2002,Jervis Bay Marine Park,0
Parma unifasciata,-35.03,150.78,2004,5,30,20,2,-35_151,19.537256399790447,19.329307556152344,19.870283113122944,20.739031760923325,2002,Jervis Bay Marine Park,0
Parma unifasciata,-35.03,150.78,2004,5,30,10,1,-35_151,19.537256399790447,19.329307556152344,19.870283113122944,20.739031760923325,2002,Jervis Bay Marine Park,0
Parma unifasciata,-35.03,150.78,2004,5,30,15,2,-35_151,19.537256399790447,19.329307556152344,19.870283113122944,20.739031760923325,2002,Jervis Bay Marine Park,0
Parma unifasciata,-35.03,150.78,2006,6,1,10,1,-35_151,19.914414087931316,18.326250076293945,20.48518301147022,19.248444069756403,2002,Jervis Bay Marine Park,0
Parma unifasciata,-35.02,150.76,2001,5,27,12.5,1,-35_151,20.306450684865315,19.517976760864254,20.92469391253524,20.341827495123752,2002,Jervis Bay Marine Park,0
Parma unifasciata,-35.02,150.76,2001,5,27,15,1,-35_151,20.306450684865315,19.517976760864254,20.92469391253524,20.341827495123752,2002,Jervis Bay Marine Park,0
Parma unifasciata,-35.02,150.76,2001,5,27,20,1,-35_151,20.306450684865315,19.517976760864254,20.92469391253524,20.341827495123752,2002,Jervis Bay Marine Park,0
Parma unifasciata,-35.08,150.8,2007,5,21,12.5,1,-35_151,19.947011470794678,20.66152572631836,20.31496241590761,21.13795655773532,2002,Jervis Bay Marine Park,0
Parma unifasciata,-35.06,150.77,2007,5,16,10,1,-35_151,19.947011470794678,20.66152572631836,20.31496241590761,21.13795655773532,2002,Jervis Bay Marine Park,0
Parma unifasciata,-35.06,150.78,2007,5,16,5,1,-35_151,19.947011470794678,20.66152572631836,20.31496241590761,21.13795655773532,NA,NA,0
Parma unifasciata,-35.06,150.78,2007,5,16,5,1,-35_151,19.947011470794678,20.66152572631836,20.31496241590761,21.13795655773532,NA,NA,0
Parma unifasciata,-35.08,150.79,2007,5,8,5,1,-35_151,19.947011470794678,20.66152572631836,20.31496241590761,21.13795655773532,2002,Jervis Bay Marine Park,0
Parma unifasciata,-35.08,150.79,2007,5,8,7.5,2,-35_151,19.947011470794678,20.66152572631836,20.31496241590761,21.13795655773532,2002,Jervis Bay Marine Park,0
Parma unifasciata,-35.08,150.79,2007,5,8,10,1,-35_151,19.947011470794678,20.66152572631836,20.31496241590761,21.13795655773532,2002,Jervis Bay Marine Park,0
Parma unifasciata,-35.08,150.79,2007,5,8,7.5,1,-35_151,19.947011470794678,20.66152572631836,20.31496241590761,21.13795655773532,2002,Jervis Bay Marine Park,0
Parma unifasciata,-35.08,150.79,2007,5,8,10,3,-35_151,19.947011470794678,20.66152572631836,20.31496241590761,21.13795655773532,2002,Jervis Bay Marine Park,0
Parma unifasciata,-35.08,150.79,2007,5,8,12.5,3,-35_151,19.947011470794678,20.66152572631836,20.31496241590761,21.13795655773532,2002,Jervis Bay Marine Park,0
Parma unifasciata,-35.08,150.79,2007,5,8,7.5,4,-35_151,19.947011470794678,20.66152572631836,20.31496241590761,21.13795655773532,2002,Jervis Bay Marine Park,0
Parma unifasciata,-35.08,150.79,2007,5,8,12.5,1,-35_151,19.947011470794678,20.66152572631836,20.31496241590761,21.13795655773532,2002,Jervis Bay Marine Park,0
Parma unifasciata,-35.08,150.79,2007,5,8,12.5,1,-35_151,19.947011470794678,20.66152572631836,20.31496241590761,21.13795655773532,2002,Jervis Bay Marine Park,0
Parma unifasciata,-35.08,150.79,2007,5,8,15,1,-35_151,19.947011470794678,20.66152572631836,20.31496241590761,21.13795655773532,2002,Jervis Bay Marine Park,0
Parma unifasciata,-35.03,150.78,2007,5,11,12.5,1,-35_151,19.947011470794678,20.66152572631836,20.31496241590761,21.13795655773532,2002,Jervis Bay Marine Park,0
Parma unifasciata,-35.03,150.78,2007,5,11,15,2,-35_151,19.947011470794678,20.66152572631836,20.31496241590761,21.13795655773532,2002,Jervis Bay Marine Park,0
Parma unifasciata,-35.02,150.76,2007,5,11,15,1,-35_151,19.947011470794678,20.66152572631836,20.31496241590761,21.13795655773532,2002,Jervis Bay Marine Park,0
Parma unifasciata,-35.02,150.76,2007,5,11,10,1,-35_151,19.947011470794678,20.66152572631836,20.31496241590761,21.13795655773532,2002,Jervis Bay Marine Park,0
Parma unifasciata,-35.02,150.76,2007,5,11,12.5,1,-35_151,19.947011470794678,20.66152572631836,20.31496241590761,21.13795655773532,2002,Jervis Bay Marine Park,0
Parma unifasciata,-35.02,150.76,2007,5,11,7.5,2,-35_151,19.947011470794678,20.66152572631836,20.31496241590761,21.13795655773532,2002,Jervis Bay Marine Park,0
Parma unifasciata,-35.02,150.76,2007,5,11,15,2,-35_151,19.947011470794678,20.66152572631836,20.31496241590761,21.13795655773532,2002,Jervis Bay Marine Park,0
Parma unifasciata,-35.12,150.76,2007,5,10,12.5,1,-35_151,19.947011470794678,20.66152572631836,20.31496241590761,21.13795655773532,2002,Booderee National Park,0
Parma unifasciata,-35.11,150.77,2007,5,10,10,1,-35_151,19.947011470794678,20.66152572631836,20.31496241590761,21.13795655773532,2002,Booderee National Park,0
Parma unifasciata,-35.04,150.83,2007,5,7,7.5,1,-35_151,19.947011470794678,20.66152572631836,20.31496241590761,21.13795655773532,NA,NA,0
Parma unifasciata,-35.04,150.83,2007,5,7,7.5,1,-35_151,19.947011470794678,20.66152572631836,20.31496241590761,21.13795655773532,NA,NA,0
Parma unifasciata,-35.04,150.83,2007,5,7,10,2,-35_151,19.947011470794678,20.66152572631836,20.31496241590761,21.13795655773532,NA,NA,0
Parma unifasciata,-35.09,150.8,2007,5,7,7.5,1,-35_151,19.947011470794678,20.66152572631836,20.31496241590761,21.13795655773532,NA,NA,0
Parma unifasciata,-35.09,150.8,2007,5,7,10,1,-35_151,19.947011470794678,20.66152572631836,20.31496241590761,21.13795655773532,NA,NA,0
Parma unifasciata,-35.14,150.74,2007,5,8,12.5,4,-35_151,19.947011470794678,20.66152572631836,20.31496241590761,21.13795655773532,NA,NA,0
Parma unifasciata,-35.14,150.74,2007,5,8,15,6,-35_151,19.947011470794678,20.66152572631836,20.31496241590761,21.13795655773532,NA,NA,0
Parma unifasciata,-35.14,150.74,2007,5,8,20,2,-35_151,19.947011470794678,20.66152572631836,20.31496241590761,21.13795655773532,NA,NA,0
Parma unifasciata,-35.14,150.74,2007,5,8,12.5,1,-35_151,19.947011470794678,20.66152572631836,20.31496241590761,21.13795655773532,NA,NA,0
Parma unifasciata,-35.14,150.74,2007,5,8,15,7,-35_151,19.947011470794678,20.66152572631836,20.31496241590761,21.13795655773532,NA,NA,0
Parma unifasciata,-35.08,150.78,2007,5,9,10,1,-35_151,19.947011470794678,20.66152572631836,20.31496241590761,21.13795655773532,NA,NA,0
Parma unifasciata,-35.08,150.78,2007,5,9,12.5,3,-35_151,19.947011470794678,20.66152572631836,20.31496241590761,21.13795655773532,NA,NA,0
Parma unifasciata,-35.08,150.78,2007,5,9,15,1,-35_151,19.947011470794678,20.66152572631836,20.31496241590761,21.13795655773532,NA,NA,0
Parma unifasciata,-35.08,150.78,2007,5,9,12.5,5,-35_151,19.947011470794678,20.66152572631836,20.31496241590761,21.13795655773532,NA,NA,0
Parma unifasciata,-35.08,150.78,2007,5,9,7.5,1,-35_151,19.947011470794678,20.66152572631836,20.31496241590761,21.13795655773532,NA,NA,0
Parma unifasciata,-35.08,150.78,2007,5,9,10,1,-35_151,19.947011470794678,20.66152572631836,20.31496241590761,21.13795655773532,NA,NA,0
Parma unifasciata,-35.08,150.78,2007,5,9,12.5,3,-35_151,19.947011470794678,20.66152572631836,20.31496241590761,21.13795655773532,NA,NA,0
Parma unifasciata,-35.08,150.78,2007,5,9,15,1,-35_151,19.947011470794678,20.66152572631836,20.31496241590761,21.13795655773532,NA,NA,0
Parma unifasciata,-35.08,150.78,2007,5,9,7.5,2,-35_151,19.947011470794678,20.66152572631836,20.31496241590761,21.13795655773532,NA,NA,0
Parma unifasciata,-35.08,150.78,2007,5,9,10,10,-35_151,19.947011470794678,20.66152572631836,20.31496241590761,21.13795655773532,NA,NA,0
Parma unifasciata,-35.08,150.78,2007,5,9,12.5,5,-35_151,19.947011470794678,20.66152572631836,20.31496241590761,21.13795655773532,NA,NA,0
Parma unifasciata,-35.08,150.78,2007,5,9,7.5,3,-35_151,19.947011470794678,20.66152572631836,20.31496241590761,21.13795655773532,NA,NA,0
Parma unifasciata,-35.08,150.78,2007,5,9,10,2,-35_151,19.947011470794678,20.66152572631836,20.31496241590761,21.13795655773532,NA,NA,0
Parma unifasciata,-35.08,150.78,2007,5,9,12.5,5,-35_151,19.947011470794678,20.66152572631836,20.31496241590761,21.13795655773532,NA,NA,0
Parma unifasciata,-35.08,150.78,2007,5,9,7.5,1,-35_151,19.947011470794678,20.66152572631836,20.31496241590761,21.13795655773532,NA,NA,0
Parma unifasciata,-35.08,150.78,2007,5,9,10,5,-35_151,19.947011470794678,20.66152572631836,20.31496241590761,21.13795655773532,NA,NA,0
Parma unifasciata,-35.08,150.78,2007,5,9,12.5,1,-35_151,19.947011470794678,20.66152572631836,20.31496241590761,21.13795655773532,NA,NA,0
Parma unifasciata,-35.08,150.78,2007,5,9,15,1,-35_151,19.947011470794678,20.66152572631836,20.31496241590761,21.13795655773532,NA,NA,0
Parma unifasciata,-35.08,150.78,2007,5,9,5,2,-35_151,19.947011470794678,20.66152572631836,20.31496241590761,21.13795655773532,NA,NA,0
Parma unifasciata,-35.08,150.78,2007,5,9,7.5,1,-35_151,19.947011470794678,20.66152572631836,20.31496241590761,21.13795655773532,NA,NA,0
Parma unifasciata,-35.08,150.78,2007,5,9,12.5,1,-35_151,19.947011470794678,20.66152572631836,20.31496241590761,21.13795655773532,NA,NA,0
Parma unifasciata,-35.08,150.78,2007,5,9,15,1,-35_151,19.947011470794678,20.66152572631836,20.31496241590761,21.13795655773532,NA,NA,0
Parma unifasciata,-35.08,150.78,2007,5,9,7.5,2,-35_151,19.947011470794678,20.66152572631836,20.31496241590761,21.13795655773532,NA,NA,0
Parma unifasciata,-35.08,150.78,2007,5,9,10,1,-35_151,19.947011470794678,20.66152572631836,20.31496241590761,21.13795655773532,NA,NA,0
Parma unifasciata,-35.08,150.78,2007,5,9,12.5,6,-35_151,19.947011470794678,20.66152572631836,20.31496241590761,21.13795655773532,NA,NA,0
Parma unifasciata,-35.14,150.74,2007,5,8,12.5,2,-35_151,19.947011470794678,20.66152572631836,20.31496241590761,21.13795655773532,NA,NA,0
Parma unifasciata,-35.14,150.74,2007,5,8,10,1,-35_151,19.947011470794678,20.66152572631836,20.31496241590761,21.13795655773532,NA,NA,0
Parma unifasciata,-35.14,150.74,2007,5,8,10,3,-35_151,19.947011470794678,20.66152572631836,20.31496241590761,21.13795655773532,NA,NA,0
Parma unifasciata,-35.14,150.74,2007,5,8,12.5,4,-35_151,19.947011470794678,20.66152572631836,20.31496241590761,21.13795655773532,NA,NA,0
Parma unifasciata,-35.14,150.74,2007,5,8,15,2,-35_151,19.947011470794678,20.66152572631836,20.31496241590761,21.13795655773532,NA,NA,0
Parma unifasciata,-35.14,150.74,2007,5,8,10,1,-35_151,19.947011470794678,20.66152572631836,20.31496241590761,21.13795655773532,NA,NA,0
Parma unifasciata,-35.14,150.74,2007,5,8,12.5,5,-35_151,19.947011470794678,20.66152572631836,20.31496241590761,21.13795655773532,NA,NA,0
Parma unifasciata,-35.14,150.74,2007,5,8,15,1,-35_151,19.947011470794678,20.66152572631836,20.31496241590761,21.13795655773532,NA,NA,0
Parma unifasciata,-35.14,150.74,2007,5,8,5,1,-35_151,19.947011470794678,20.66152572631836,20.31496241590761,21.13795655773532,NA,NA,0
Parma unifasciata,-35.14,150.74,2007,5,8,7.5,1,-35_151,19.947011470794678,20.66152572631836,20.31496241590761,21.13795655773532,NA,NA,0
Parma unifasciata,-35.14,150.74,2007,5,8,10,1,-35_151,19.947011470794678,20.66152572631836,20.31496241590761,21.13795655773532,NA,NA,0
Parma unifasciata,-35.14,150.74,2007,5,8,15,5,-35_151,19.947011470794678,20.66152572631836,20.31496241590761,21.13795655773532,NA,NA,0
Parma unifasciata,-35.14,150.74,2007,5,8,20,4,-35_151,19.947011470794678,20.66152572631836,20.31496241590761,21.13795655773532,NA,NA,0
Parma unifasciata,-35.14,150.74,2007,5,8,12.5,10,-35_151,19.947011470794678,20.66152572631836,20.31496241590761,21.13795655773532,NA,NA,0
Parma unifasciata,-35.14,150.74,2007,5,8,15,4,-35_151,19.947011470794678,20.66152572631836,20.31496241590761,21.13795655773532,NA,NA,0
Parma unifasciata,-35.14,150.74,2007,5,8,20,1,-35_151,19.947011470794678,20.66152572631836,20.31496241590761,21.13795655773532,NA,NA,0
Parma unifasciata,-35.05,150.84,2007,5,7,10,1,-35_151,19.947011470794678,20.66152572631836,20.31496241590761,21.13795655773532,NA,NA,0
Parma unifasciata,-35.05,150.84,2007,5,7,10,1,-35_151,19.947011470794678,20.66152572631836,20.31496241590761,21.13795655773532,NA,NA,0
Parma unifasciata,-35.05,150.84,2007,5,7,7.5,1,-35_151,19.947011470794678,20.66152572631836,20.31496241590761,21.13795655773532,NA,NA,0
Parma unifasciata,-35.05,150.84,2007,5,7,10,2,-35_151,19.947011470794678,20.66152572631836,20.31496241590761,21.13795655773532,NA,NA,0
Parma unifasciata,-35.08,150.79,2009,6,2,12.5,1,-35_151,19.915931542714436,18.534469604492188,20.050225972343902,19.980332798428005,2002,Jervis Bay Marine Park,0
Parma unifasciata,-35.08,150.79,2009,6,2,10,1,-35_151,19.915931542714436,18.534469604492188,20.050225972343902,19.980332798428005,2002,Jervis Bay Marine Park,0
Parma unifasciata,-35.08,150.79,2009,5,26,12.5,1,-35_151,19.915931542714436,19.976171493530273,20.050225972343902,21.40569834555349,2002,Jervis Bay Marine Park,0
Parma unifasciata,-35.04,150.83,2007,5,7,10,1,-35_151,19.947011470794678,20.66152572631836,20.31496241590761,21.13795655773532,NA,NA,0
Parma unifasciata,-35.07,150.77,2009,5,25,7.5,1,-35_151,19.915931542714436,19.976171493530273,20.050225972343902,21.40569834555349,2002,Jervis Bay Marine Park,0
Parma unifasciata,-35.03,150.78,2009,6,3,10,1,-35_151,19.915931542714436,18.534469604492188,20.050225972343902,19.980332798428005,2002,Jervis Bay Marine Park,0
Parma unifasciata,-35.03,150.78,2009,6,3,12.5,1,-35_151,19.915931542714436,18.534469604492188,20.050225972343902,19.980332798428005,2002,Jervis Bay Marine Park,0
Parma unifasciata,-35.03,150.78,2009,6,3,15,3,-35_151,19.915931542714436,18.534469604492188,20.050225972343902,19.980332798428005,2002,Jervis Bay Marine Park,0
Parma unifasciata,-35.03,150.78,2009,6,3,15,4,-35_151,19.915931542714436,18.534469604492188,20.050225972343902,19.980332798428005,2002,Jervis Bay Marine Park,0
Parma unifasciata,-35.02,150.76,2009,6,3,15,1,-35_151,19.915931542714436,18.534469604492188,20.050225972343902,19.980332798428005,2002,Jervis Bay Marine Park,0
Parma unifasciata,-35.02,150.76,2009,6,3,12.5,2,-35_151,19.915931542714436,18.534469604492188,20.050225972343902,19.980332798428005,2002,Jervis Bay Marine Park,0
Parma unifasciata,-35.02,150.76,2009,6,3,15,3,-35_151,19.915931542714436,18.534469604492188,20.050225972343902,19.980332798428005,2002,Jervis Bay Marine Park,0
Parma unifasciata,-35.02,150.76,2009,6,3,12.5,1,-35_151,19.915931542714436,18.534469604492188,20.050225972343902,19.980332798428005,2002,Jervis Bay Marine Park,0
Parma unifasciata,-35.02,150.76,2009,6,3,15,1,-35_151,19.915931542714436,18.534469604492188,20.050225972343902,19.980332798428005,2002,Jervis Bay Marine Park,0
Parma unifasciata,-35.08,150.78,2009,5,26,10,1,-35_151,19.915931542714436,19.976171493530273,20.050225972343902,21.40569834555349,NA,NA,0
Parma unifasciata,-35.05,150.84,2009,6,2,12.5,5,-35_151,19.915931542714436,18.534469604492188,20.050225972343902,19.980332798428005,NA,NA,0
Parma unifasciata,-35.05,150.84,2009,6,2,12.5,2,-35_151,19.915931542714436,18.534469604492188,20.050225972343902,19.980332798428005,NA,NA,0
Parma unifasciata,-35.05,150.84,2009,6,2,12.5,1,-35_151,19.915931542714436,18.534469604492188,20.050225972343902,19.980332798428005,NA,NA,0
Parma unifasciata,-35.04,150.83,2009,6,2,12.5,1,-35_151,19.915931542714436,18.534469604492188,20.050225972343902,19.980332798428005,NA,NA,0
Parma unifasciata,-35.02,150.76,2009,6,3,12.5,3,-35_151,19.915931542714436,18.534469604492188,20.050225972343902,19.980332798428005,2002,Jervis Bay Marine Park,0
Parma unifasciata,-35.02,150.76,2009,6,3,15,5,-35_151,19.915931542714436,18.534469604492188,20.050225972343902,19.980332798428005,2002,Jervis Bay Marine Park,0
Parma unifasciata,-35.11,150.77,2009,6,1,10,2,-35_151,19.915931542714436,18.534469604492188,20.050225972343902,19.980332798428005,2002,Booderee National Park,0
Parma unifasciata,-35.11,150.77,2009,6,1,12.5,1,-35_151,19.915931542714436,18.534469604492188,20.050225972343902,19.980332798428005,2002,Booderee National Park,0
Parma unifasciata,-35.11,150.77,2009,6,1,15,1,-35_151,19.915931542714436,18.534469604492188,20.050225972343902,19.980332798428005,2002,Booderee National Park,0
Parma unifasciata,-35.11,150.77,2009,6,1,12.5,1,-35_151,19.915931542714436,18.534469604492188,20.050225972343902,19.980332798428005,2002,Booderee National Park,0
Parma unifasciata,-35.04,150.83,2009,6,2,10,1,-35_151,19.915931542714436,18.534469604492188,20.050225972343902,19.980332798428005,NA,NA,0
Parma unifasciata,-35.04,150.83,2009,6,2,15,2,-35_151,19.915931542714436,18.534469604492188,20.050225972343902,19.980332798428005,NA,NA,0
Parma unifasciata,-35.04,150.83,2009,6,2,12.5,4,-35_151,19.915931542714436,18.534469604492188,20.050225972343902,19.980332798428005,NA,NA,0
Parma unifasciata,-35.04,150.83,2009,6,2,15,1,-35_151,19.915931542714436,18.534469604492188,20.050225972343902,19.980332798428005,NA,NA,0
Parma unifasciata,-35.04,150.83,2009,6,2,15,1,-35_151,19.915931542714436,18.534469604492188,20.050225972343902,19.980332798428005,NA,NA,0
Parma unifasciata,-35.04,150.83,2009,6,2,12.5,1,-35_151,19.915931542714436,18.534469604492188,20.050225972343902,19.980332798428005,NA,NA,0
Parma unifasciata,-35.08,150.78,2009,5,26,12.5,2,-35_151,19.915931542714436,19.976171493530273,20.050225972343902,21.40569834555349,NA,NA,0
Parma unifasciata,-35.08,150.78,2009,5,26,15,1,-35_151,19.915931542714436,19.976171493530273,20.050225972343902,21.40569834555349,NA,NA,0
Parma unifasciata,-35.08,150.78,2009,5,26,12.5,1,-35_151,19.915931542714436,19.976171493530273,20.050225972343902,21.40569834555349,NA,NA,0
Parma unifasciata,-35.08,150.78,2009,5,26,7.5,4,-35_151,19.915931542714436,19.976171493530273,20.050225972343902,21.40569834555349,NA,NA,0
Parma unifasciata,-35.08,150.78,2009,5,26,12.5,3,-35_151,19.915931542714436,19.976171493530273,20.050225972343902,21.40569834555349,NA,NA,0
Parma unifasciata,-35.08,150.78,2009,5,26,15,2,-35_151,19.915931542714436,19.976171493530273,20.050225972343902,21.40569834555349,NA,NA,0
Parma unifasciata,-35.08,150.78,2009,5,26,7.5,1,-35_151,19.915931542714436,19.976171493530273,20.050225972343902,21.40569834555349,NA,NA,0
Parma unifasciata,-35.08,150.78,2009,5,26,10,3,-35_151,19.915931542714436,19.976171493530273,20.050225972343902,21.40569834555349,NA,NA,0
Parma unifasciata,-35.08,150.78,2009,5,26,12.5,1,-35_151,19.915931542714436,19.976171493530273,20.050225972343902,21.40569834555349,NA,NA,0
Parma unifasciata,-35.08,150.78,2009,5,26,15,1,-35_151,19.915931542714436,19.976171493530273,20.050225972343902,21.40569834555349,NA,NA,0
Parma unifasciata,-35.08,150.78,2009,5,26,5,2,-35_151,19.915931542714436,19.976171493530273,20.050225972343902,21.40569834555349,NA,NA,0
Parma unifasciata,-35.08,150.78,2009,5,26,7.5,2,-35_151,19.915931542714436,19.976171493530273,20.050225972343902,21.40569834555349,NA,NA,0
Parma unifasciata,-35.08,150.78,2009,5,26,10,3,-35_151,19.915931542714436,19.976171493530273,20.050225972343902,21.40569834555349,NA,NA,0
Parma unifasciata,-35.08,150.78,2009,5,26,15,1,-35_151,19.915931542714436,19.976171493530273,20.050225972343902,21.40569834555349,NA,NA,0
Parma unifasciata,-35.08,150.78,2009,5,26,7.5,1,-35_151,19.915931542714436,19.976171493530273,20.050225972343902,21.40569834555349,NA,NA,0
Parma unifasciata,-35.08,150.78,2009,5,26,10,4,-35_151,19.915931542714436,19.976171493530273,20.050225972343902,21.40569834555349,NA,NA,0
Parma unifasciata,-35.08,150.78,2009,5,26,12.5,12,-35_151,19.915931542714436,19.976171493530273,20.050225972343902,21.40569834555349,NA,NA,0
Parma unifasciata,-35.08,150.78,2009,5,26,15,8,-35_151,19.915931542714436,19.976171493530273,20.050225972343902,21.40569834555349,NA,NA,0
Parma unifasciata,-35.03,150.78,2006,6,1,12.5,2,-35_151,19.914414087931316,18.326250076293945,20.48518301147022,19.248444069756403,2002,Jervis Bay Marine Park,0
Parma unifasciata,-35.03,150.78,2006,6,1,15,1,-35_151,19.914414087931316,18.326250076293945,20.48518301147022,19.248444069756403,2002,Jervis Bay Marine Park,0
Parma unifasciata,-35.02,150.76,2001,5,27,10,1,-35_151,20.306450684865315,19.517976760864254,20.92469391253524,20.341827495123752,2002,Jervis Bay Marine Park,0
Parma unifasciata,-35.02,150.76,2004,6,2,12.5,1,-35_151,19.537256399790447,17.086624145507813,19.870283113122944,18.180110698276096,2002,Jervis Bay Marine Park,0
Parma unifasciata,-35.11,150.77,2004,6,4,10,1,-35_151,19.537256399790447,17.086624145507813,19.870283113122944,18.180110698276096,2002,Booderee National Park,0
Parma unifasciata,-35.11,150.77,2004,6,4,12.5,2,-35_151,19.537256399790447,17.086624145507813,19.870283113122944,18.180110698276096,2002,Booderee National Park,0
Parma unifasciata,-35.11,150.77,2004,6,4,7.5,1,-35_151,19.537256399790447,17.086624145507813,19.870283113122944,18.180110698276096,2002,Booderee National Park,0
Parma unifasciata,-35.11,150.77,2006,5,17,15,3,-35_151,19.914414087931316,19.192729949951172,20.48518301147022,20.09741885687715,2002,Booderee National Park,0
Parma unifasciata,-35.11,150.77,2006,5,17,10,1,-35_151,19.914414087931316,19.192729949951172,20.48518301147022,20.09741885687715,2002,Booderee National Park,0
Parma unifasciata,-35.12,150.76,2006,5,17,10,1,-35_151,19.914414087931316,19.192729949951172,20.48518301147022,20.09741885687715,2002,Booderee National Park,0
Parma unifasciata,-35.12,150.75,2001,5,29,12.5,1,-35_151,20.306450684865315,19.517976760864254,20.92469391253524,20.341827495123752,NA,NA,0
Parma unifasciata,-35.11,150.77,2000,5,10,15,1,-35_151,19.86149024963379,19.47962188720703,20.225888499204668,19.893870569044545,2002,Booderee National Park,0
Parma unifasciata,-35.11,150.77,2001,5,30,7.5,1,-35_151,20.306450684865315,19.517976760864254,20.92469391253524,20.341827495123752,2002,Booderee National Park,0
Parma unifasciata,-35.11,150.77,2001,5,30,5,1,-35_151,20.306450684865315,19.517976760864254,20.92469391253524,20.341827495123752,2002,Booderee National Park,0
Parma unifasciata,-35.11,150.77,2001,5,30,7.5,2,-35_151,20.306450684865315,19.517976760864254,20.92469391253524,20.341827495123752,2002,Booderee National Park,0
Parma unifasciata,-35.11,150.77,2001,5,30,10,1,-35_151,20.306450684865315,19.517976760864254,20.92469391253524,20.341827495123752,2002,Booderee National Park,0
Parma unifasciata,-35.11,150.77,2001,5,30,12.5,1,-35_151,20.306450684865315,19.517976760864254,20.92469391253524,20.341827495123752,2002,Booderee National Park,0
Parma unifasciata,-35.11,150.77,2001,5,30,15,1,-35_151,20.306450684865315,19.517976760864254,20.92469391253524,20.341827495123752,2002,Booderee National Park,0
Parma unifasciata,-35.11,150.77,2001,5,30,20,1,-35_151,20.306450684865315,19.517976760864254,20.92469391253524,20.341827495123752,2002,Booderee National Park,0
Parma unifasciata,-35.12,150.76,2001,5,30,7.5,1,-35_151,20.306450684865315,19.517976760864254,20.92469391253524,20.341827495123752,2002,Booderee National Park,0
Parma unifasciata,-35.12,150.76,2001,5,30,10,3,-35_151,20.306450684865315,19.517976760864254,20.92469391253524,20.341827495123752,2002,Booderee National Park,0
Parma unifasciata,-35.12,150.76,2001,5,30,10,1,-35_151,20.306450684865315,19.517976760864254,20.92469391253524,20.341827495123752,2002,Booderee National Park,0
Parma unifasciata,-35.12,150.76,2004,6,3,10,1,-35_151,19.537256399790447,17.086624145507813,19.870283113122944,18.180110698276096,2002,Booderee National Park,0
Parma unifasciata,-35.12,150.76,2004,6,3,12.5,1,-35_151,19.537256399790447,17.086624145507813,19.870283113122944,18.180110698276096,2002,Booderee National Park,0
Parma unifasciata,-35.05,150.84,2000,5,17,10,1,-35_151,19.86149024963379,19.47962188720703,20.225888499204668,19.893870569044545,NA,NA,0
Parma unifasciata,-35.05,150.84,2000,5,17,7.5,1,-35_151,19.86149024963379,19.47962188720703,20.225888499204668,19.893870569044545,NA,NA,0
Parma unifasciata,-35.05,150.84,2001,5,25,7.5,1,-35_151,20.306450684865315,19.517976760864254,20.92469391253524,20.341827495123752,NA,NA,0
Parma unifasciata,-35.05,150.84,2001,5,25,7.5,2,-35_151,20.306450684865315,19.517976760864254,20.92469391253524,20.341827495123752,NA,NA,0
Parma unifasciata,-35.05,150.84,2001,5,25,10,1,-35_151,20.306450684865315,19.517976760864254,20.92469391253524,20.341827495123752,NA,NA,0
Parma unifasciata,-35.05,150.84,2001,5,25,10,1,-35_151,20.306450684865315,19.517976760864254,20.92469391253524,20.341827495123752,NA,NA,0
Parma unifasciata,-35.05,150.84,2005,5,23,12.5,1,-35_151,19.976048469543457,20.087127685546875,20.315228560947887,19.87042966452978,NA,NA,0
Parma unifasciata,-35.04,150.83,2000,5,17,10,1,-35_151,19.86149024963379,19.47962188720703,20.225888499204668,19.893870569044545,NA,NA,0
Parma unifasciata,-35.04,150.83,2001,5,25,7.5,1,-35_151,20.306450684865315,19.517976760864254,20.92469391253524,20.341827495123752,NA,NA,0
Parma unifasciata,-35.04,150.83,2001,5,25,10,1,-35_151,20.306450684865315,19.517976760864254,20.92469391253524,20.341827495123752,NA,NA,0
Parma unifasciata,-35.04,150.83,2001,5,25,7.5,2,-35_151,20.306450684865315,19.517976760864254,20.92469391253524,20.341827495123752,NA,NA,0
Parma unifasciata,-35.04,150.83,2001,5,25,7.5,1,-35_151,20.306450684865315,19.517976760864254,20.92469391253524,20.341827495123752,NA,NA,0
Parma unifasciata,-35.04,150.83,2001,5,25,10,1,-35_151,20.306450684865315,19.517976760864254,20.92469391253524,20.341827495123752,NA,NA,0
Parma unifasciata,-35.04,150.83,2001,5,25,2.5,1,-35_151,20.306450684865315,19.517976760864254,20.92469391253524,20.341827495123752,NA,NA,0
Parma unifasciata,-35.04,150.83,2001,5,25,7.5,1,-35_151,20.306450684865315,19.517976760864254,20.92469391253524,20.341827495123752,NA,NA,0
Parma unifasciata,-35.04,150.83,2001,5,25,10,1,-35_151,20.306450684865315,19.517976760864254,20.92469391253524,20.341827495123752,NA,NA,0
Parma unifasciata,-35.07,150.7,2004,5,26,7.5,2,-35_151,19.537256399790447,19.329307556152344,19.870283113122944,20.739031760923325,NA,NA,0
Parma unifasciata,-35.07,150.7,2004,5,26,10,1,-35_151,19.537256399790447,19.329307556152344,19.870283113122944,20.739031760923325,NA,NA,0
Parma unifasciata,-35.09,150.8,2004,6,2,10,1,-35_151,19.537256399790447,17.086624145507813,19.870283113122944,18.180110698276096,NA,NA,0
Parma unifasciata,-35.09,150.8,2004,6,2,12.5,1,-35_151,19.537256399790447,17.086624145507813,19.870283113122944,18.180110698276096,NA,NA,0
Parma unifasciata,-35.09,150.8,2004,6,2,12.5,1,-35_151,19.537256399790447,17.086624145507813,19.870283113122944,18.180110698276096,NA,NA,0
Parma unifasciata,-35.09,150.8,2004,6,2,15,2,-35_151,19.537256399790447,17.086624145507813,19.870283113122944,18.180110698276096,NA,NA,0
Parma unifasciata,-35.09,150.8,2004,6,2,15,5,-35_151,19.537256399790447,17.086624145507813,19.870283113122944,18.180110698276096,NA,NA,0
Parma unifasciata,-35.09,150.8,2004,6,2,20,1,-35_151,19.537256399790447,17.086624145507813,19.870283113122944,18.180110698276096,NA,NA,0
Parma unifasciata,-35.09,150.8,2005,6,7,12.5,18,-35_151,19.976048469543457,18.323898315429688,20.315228560947887,19.044221750895183,NA,NA,0
Parma unifasciata,-35.09,150.8,2005,6,7,15,7,-35_151,19.976048469543457,18.323898315429688,20.315228560947887,19.044221750895183,NA,NA,0
Parma unifasciata,-35.09,150.8,2005,6,7,7.5,1,-35_151,19.976048469543457,18.323898315429688,20.315228560947887,19.044221750895183,NA,NA,0
Parma unifasciata,-35.09,150.8,2005,6,7,10,2,-35_151,19.976048469543457,18.323898315429688,20.315228560947887,19.044221750895183,NA,NA,0
Parma unifasciata,-35.09,150.8,2005,6,7,12.5,2,-35_151,19.976048469543457,18.323898315429688,20.315228560947887,19.044221750895183,NA,NA,0
Parma unifasciata,-35.09,150.8,2005,6,7,15,4,-35_151,19.976048469543457,18.323898315429688,20.315228560947887,19.044221750895183,NA,NA,0
Parma unifasciata,-35.09,150.8,2005,6,7,12.5,1,-35_151,19.976048469543457,18.323898315429688,20.315228560947887,19.044221750895183,NA,NA,0
Parma unifasciata,-35.09,150.8,2005,6,7,10,1,-35_151,19.976048469543457,18.323898315429688,20.315228560947887,19.044221750895183,NA,NA,0
Parma unifasciata,-35.09,150.8,2005,6,7,5,1,-35_151,19.976048469543457,18.323898315429688,20.315228560947887,19.044221750895183,NA,NA,0
Parma unifasciata,-35.09,150.8,2006,5,20,15,1,-35_151,19.914414087931316,19.192729949951172,20.48518301147022,20.09741885687715,NA,NA,0
Parma unifasciata,-35.09,150.8,2005,6,7,12.5,1,-35_151,19.976048469543457,18.323898315429688,20.315228560947887,19.044221750895183,NA,NA,0
Parma unifasciata,-35.09,150.8,2005,6,7,12.5,2,-35_151,19.976048469543457,18.323898315429688,20.315228560947887,19.044221750895183,NA,NA,0
Parma unifasciata,-35.09,150.8,2005,6,7,15,1,-35_151,19.976048469543457,18.323898315429688,20.315228560947887,19.044221750895183,NA,NA,0
Parma unifasciata,-35.13,150.75,2004,5,23,5,1,-35_151,19.537256399790447,19.329307556152344,19.870283113122944,20.739031760923325,NA,NA,0
Parma unifasciata,-35.13,150.75,2004,5,23,7.5,2,-35_151,19.537256399790447,19.329307556152344,19.870283113122944,20.739031760923325,NA,NA,0
Parma unifasciata,-35.13,150.75,2004,5,23,10,1,-35_151,19.537256399790447,19.329307556152344,19.870283113122944,20.739031760923325,NA,NA,0
Parma unifasciata,-35.13,150.75,2004,5,23,10,1,-35_151,19.537256399790447,19.329307556152344,19.870283113122944,20.739031760923325,NA,NA,0
Parma unifasciata,-35.04,150.83,2001,5,25,7.5,1,-35_151,20.306450684865315,19.517976760864254,20.92469391253524,20.341827495123752,NA,NA,0
Parma unifasciata,-35.04,150.83,2001,5,25,10,3,-35_151,20.306450684865315,19.517976760864254,20.92469391253524,20.341827495123752,NA,NA,0
Parma unifasciata,-35.13,150.75,2004,5,23,7.5,1,-35_151,19.537256399790447,19.329307556152344,19.870283113122944,20.739031760923325,NA,NA,0
Parma unifasciata,-35.13,150.75,2004,5,23,10,2,-35_151,19.537256399790447,19.329307556152344,19.870283113122944,20.739031760923325,NA,NA,0
Parma unifasciata,-35.13,150.75,2004,5,23,12.5,1,-35_151,19.537256399790447,19.329307556152344,19.870283113122944,20.739031760923325,NA,NA,0
Parma unifasciata,-35.04,150.83,2004,5,30,15,1,-35_151,19.537256399790447,19.329307556152344,19.870283113122944,20.739031760923325,NA,NA,0
Parma unifasciata,-35.04,150.83,2004,5,30,12.5,1,-35_151,19.537256399790447,19.329307556152344,19.870283113122944,20.739031760923325,NA,NA,0
Parma unifasciata,-35.04,150.83,2004,5,30,12.5,2,-35_151,19.537256399790447,19.329307556152344,19.870283113122944,20.739031760923325,NA,NA,0
Parma unifasciata,-35.04,150.83,2005,5,23,10,1,-35_151,19.976048469543457,20.087127685546875,20.315228560947887,19.87042966452978,NA,NA,0
Parma unifasciata,-35.04,150.83,2005,5,23,12.5,3,-35_151,19.976048469543457,20.087127685546875,20.315228560947887,19.87042966452978,NA,NA,0
Parma unifasciata,-35.04,150.83,2005,5,23,15,1,-35_151,19.976048469543457,20.087127685546875,20.315228560947887,19.87042966452978,NA,NA,0
Parma unifasciata,-35.04,150.83,2005,5,23,12.5,1,-35_151,19.976048469543457,20.087127685546875,20.315228560947887,19.87042966452978,NA,NA,0
Parma unifasciata,-35.04,150.83,2006,5,19,12.5,1,-35_151,19.914414087931316,19.192729949951172,20.48518301147022,20.09741885687715,NA,NA,0
Parma unifasciata,-35.04,150.83,2006,5,19,7.5,1,-35_151,19.914414087931316,19.192729949951172,20.48518301147022,20.09741885687715,NA,NA,0
Parma unifasciata,-35.04,150.83,2006,5,19,10,3,-35_151,19.914414087931316,19.192729949951172,20.48518301147022,20.09741885687715,NA,NA,0
Parma unifasciata,-35.04,150.83,2006,5,19,12.5,2,-35_151,19.914414087931316,19.192729949951172,20.48518301147022,20.09741885687715,NA,NA,0
Parma unifasciata,-35.04,150.83,2006,5,19,10,1,-35_151,19.914414087931316,19.192729949951172,20.48518301147022,20.09741885687715,NA,NA,0
Parma unifasciata,-35.04,150.83,2006,5,19,12.5,2,-35_151,19.914414087931316,19.192729949951172,20.48518301147022,20.09741885687715,NA,NA,0
Parma unifasciata,-35.13,150.75,2004,5,23,7.5,1,-35_151,19.537256399790447,19.329307556152344,19.870283113122944,20.739031760923325,NA,NA,0
Parma unifasciata,-35.13,150.75,2004,5,23,10,1,-35_151,19.537256399790447,19.329307556152344,19.870283113122944,20.739031760923325,NA,NA,0
Parma unifasciata,-35.08,150.79,2008,5,15,7.5,1,-35_151,19.43103837966919,19.03557014465332,19.40620510758396,18.734945789460212,2002,Jervis Bay Marine Park,0
Parma unifasciata,-35.06,150.77,2008,5,23,10,1,-35_151,19.43103837966919,19.03557014465332,19.40620510758396,18.734945789460212,2002,Jervis Bay Marine Park,0
Parma unifasciata,-35.08,150.78,2004,6,3,7.5,6,-35_151,19.537256399790447,17.086624145507813,19.870283113122944,18.180110698276096,NA,NA,0
Parma unifasciata,-35.08,150.78,2004,6,3,10,1,-35_151,19.537256399790447,17.086624145507813,19.870283113122944,18.180110698276096,NA,NA,0
Parma unifasciata,-35.08,150.78,2004,6,3,12.5,2,-35_151,19.537256399790447,17.086624145507813,19.870283113122944,18.180110698276096,NA,NA,0
Parma unifasciata,-35.08,150.78,2004,6,3,15,14,-35_151,19.537256399790447,17.086624145507813,19.870283113122944,18.180110698276096,NA,NA,0
Parma unifasciata,-35.08,150.78,2004,6,3,20,13,-35_151,19.537256399790447,17.086624145507813,19.870283113122944,18.180110698276096,NA,NA,0
Parma unifasciata,-35.08,150.78,2004,6,3,10,2,-35_151,19.537256399790447,17.086624145507813,19.870283113122944,18.180110698276096,NA,NA,0
Parma unifasciata,-35.08,150.78,2004,6,3,12.5,8,-35_151,19.537256399790447,17.086624145507813,19.870283113122944,18.180110698276096,NA,NA,0
Parma unifasciata,-35.08,150.78,2004,6,3,15,7,-35_151,19.537256399790447,17.086624145507813,19.870283113122944,18.180110698276096,NA,NA,0
Parma unifasciata,-35.08,150.78,2004,6,3,20,12,-35_151,19.537256399790447,17.086624145507813,19.870283113122944,18.180110698276096,NA,NA,0
Parma unifasciata,-35.08,150.78,2004,6,3,7.5,5,-35_151,19.537256399790447,17.086624145507813,19.870283113122944,18.180110698276096,NA,NA,0
Parma unifasciata,-35.08,150.78,2004,6,3,10,3,-35_151,19.537256399790447,17.086624145507813,19.870283113122944,18.180110698276096,NA,NA,0
Parma unifasciata,-35.08,150.78,2004,6,3,12.5,3,-35_151,19.537256399790447,17.086624145507813,19.870283113122944,18.180110698276096,NA,NA,0
Parma unifasciata,-35.08,150.78,2004,6,3,15,4,-35_151,19.537256399790447,17.086624145507813,19.870283113122944,18.180110698276096,NA,NA,0
Parma unifasciata,-35.08,150.78,2004,6,3,20,11,-35_151,19.537256399790447,17.086624145507813,19.870283113122944,18.180110698276096,NA,NA,0
Parma unifasciata,-35.08,150.78,2004,6,3,7.5,1,-35_151,19.537256399790447,17.086624145507813,19.870283113122944,18.180110698276096,NA,NA,0
Parma unifasciata,-35.08,150.78,2004,6,3,10,2,-35_151,19.537256399790447,17.086624145507813,19.870283113122944,18.180110698276096,NA,NA,0
Parma unifasciata,-35.08,150.78,2004,6,3,12.5,6,-35_151,19.537256399790447,17.086624145507813,19.870283113122944,18.180110698276096,NA,NA,0
Parma unifasciata,-35.08,150.78,2004,6,3,15,14,-35_151,19.537256399790447,17.086624145507813,19.870283113122944,18.180110698276096,NA,NA,0
Parma unifasciata,-35.08,150.78,2004,6,3,20,7,-35_151,19.537256399790447,17.086624145507813,19.870283113122944,18.180110698276096,NA,NA,0
Parma unifasciata,-35.08,150.78,2004,6,3,7.5,1,-35_151,19.537256399790447,17.086624145507813,19.870283113122944,18.180110698276096,NA,NA,0
Parma unifasciata,-35.08,150.78,2004,6,3,10,3,-35_151,19.537256399790447,17.086624145507813,19.870283113122944,18.180110698276096,NA,NA,0
Parma unifasciata,-35.08,150.78,2004,6,3,12.5,8,-35_151,19.537256399790447,17.086624145507813,19.870283113122944,18.180110698276096,NA,NA,0
Parma unifasciata,-35.08,150.78,2004,6,3,15,2,-35_151,19.537256399790447,17.086624145507813,19.870283113122944,18.180110698276096,NA,NA,0
Parma unifasciata,-35.08,150.78,2004,6,3,20,1,-35_151,19.537256399790447,17.086624145507813,19.870283113122944,18.180110698276096,NA,NA,0
Parma unifasciata,-35.08,150.78,2004,6,3,10,6,-35_151,19.537256399790447,17.086624145507813,19.870283113122944,18.180110698276096,NA,NA,0
Parma unifasciata,-35.08,150.78,2004,6,3,12.5,2,-35_151,19.537256399790447,17.086624145507813,19.870283113122944,18.180110698276096,NA,NA,0
Parma unifasciata,-35.08,150.79,2008,5,15,5,1,-35_151,19.43103837966919,19.03557014465332,19.40620510758396,18.734945789460212,2002,Jervis Bay Marine Park,0
Parma unifasciata,-35.08,150.79,2008,5,15,7.5,1,-35_151,19.43103837966919,19.03557014465332,19.40620510758396,18.734945789460212,2002,Jervis Bay Marine Park,0
Parma unifasciata,-35.08,150.78,2004,6,3,7.5,2,-35_151,19.537256399790447,17.086624145507813,19.870283113122944,18.180110698276096,NA,NA,0
Parma unifasciata,-35.08,150.78,2004,6,3,10,1,-35_151,19.537256399790447,17.086624145507813,19.870283113122944,18.180110698276096,NA,NA,0
Parma unifasciata,-35.08,150.78,2004,6,3,12.5,5,-35_151,19.537256399790447,17.086624145507813,19.870283113122944,18.180110698276096,NA,NA,0
Parma unifasciata,-35.08,150.78,2004,6,3,15,2,-35_151,19.537256399790447,17.086624145507813,19.870283113122944,18.180110698276096,NA,NA,0
Parma unifasciata,-35.08,150.78,2004,6,3,10,2,-35_151,19.537256399790447,17.086624145507813,19.870283113122944,18.180110698276096,NA,NA,0
Parma unifasciata,-35.08,150.78,2005,5,23,5,1,-35_151,19.976048469543457,20.087127685546875,20.315228560947887,19.87042966452978,NA,NA,0
Parma unifasciata,-35.08,150.78,2005,5,23,10,1,-35_151,19.976048469543457,20.087127685546875,20.315228560947887,19.87042966452978,NA,NA,0
Parma unifasciata,-35.08,150.78,2005,5,23,12.5,1,-35_151,19.976048469543457,20.087127685546875,20.315228560947887,19.87042966452978,NA,NA,0
Parma unifasciata,-35.08,150.78,2005,5,23,12.5,2,-35_151,19.976048469543457,20.087127685546875,20.315228560947887,19.87042966452978,NA,NA,0
Parma unifasciata,-35.08,150.78,2005,5,23,10,5,-35_151,19.976048469543457,20.087127685546875,20.315228560947887,19.87042966452978,NA,NA,0
Parma unifasciata,-35.08,150.78,2005,5,23,12.5,3,-35_151,19.976048469543457,20.087127685546875,20.315228560947887,19.87042966452978,NA,NA,0
Parma unifasciata,-35.08,150.79,2008,5,15,7.5,1,-35_151,19.43103837966919,19.03557014465332,19.40620510758396,18.734945789460212,2002,Jervis Bay Marine Park,0
Parma unifasciata,-35.08,150.79,2008,5,15,12.5,1,-35_151,19.43103837966919,19.03557014465332,19.40620510758396,18.734945789460212,2002,Jervis Bay Marine Park,0
Parma unifasciata,-35.08,150.79,2008,5,15,5,1,-35_151,19.43103837966919,19.03557014465332,19.40620510758396,18.734945789460212,2002,Jervis Bay Marine Park,0
Parma unifasciata,-35.08,150.78,2005,5,23,15,1,-35_151,19.976048469543457,20.087127685546875,20.315228560947887,19.87042966452978,NA,NA,0
Parma unifasciata,-35.08,150.78,2005,5,23,12.5,3,-35_151,19.976048469543457,20.087127685546875,20.315228560947887,19.87042966452978,NA,NA,0
Parma unifasciata,-35.08,150.78,2005,5,23,12.5,3,-35_151,19.976048469543457,20.087127685546875,20.315228560947887,19.87042966452978,NA,NA,0
Parma unifasciata,-35.08,150.78,2005,5,23,15,9,-35_151,19.976048469543457,20.087127685546875,20.315228560947887,19.87042966452978,NA,NA,0
Parma unifasciata,-35.08,150.78,2005,5,23,12.5,9,-35_151,19.976048469543457,20.087127685546875,20.315228560947887,19.87042966452978,NA,NA,0
Parma unifasciata,-35.08,150.78,2005,5,23,15,15,-35_151,19.976048469543457,20.087127685546875,20.315228560947887,19.87042966452978,NA,NA,0
Parma unifasciata,-35.08,150.78,2006,5,18,7.5,1,-35_151,19.914414087931316,19.192729949951172,20.48518301147022,20.09741885687715,NA,NA,0
Parma unifasciata,-35.08,150.78,2006,5,18,10,1,-35_151,19.914414087931316,19.192729949951172,20.48518301147022,20.09741885687715,NA,NA,0
Parma unifasciata,-35.08,150.78,2006,5,18,12.5,1,-35_151,19.914414087931316,19.192729949951172,20.48518301147022,20.09741885687715,NA,NA,0
Parma unifasciata,-35.08,150.78,2006,5,18,10,2,-35_151,19.914414087931316,19.192729949951172,20.48518301147022,20.09741885687715,NA,NA,0
Parma unifasciata,-35.08,150.78,2006,5,18,12.5,6,-35_151,19.914414087931316,19.192729949951172,20.48518301147022,20.09741885687715,NA,NA,0
Parma unifasciata,-35.08,150.78,2006,5,18,15,1,-35_151,19.914414087931316,19.192729949951172,20.48518301147022,20.09741885687715,NA,NA,0
Parma unifasciata,-35.08,150.78,2006,5,18,10,4,-35_151,19.914414087931316,19.192729949951172,20.48518301147022,20.09741885687715,NA,NA,0
Parma unifasciata,-35.08,150.78,2006,5,18,12.5,2,-35_151,19.914414087931316,19.192729949951172,20.48518301147022,20.09741885687715,NA,NA,0
Parma unifasciata,-35.08,150.78,2006,5,18,15,1,-35_151,19.914414087931316,19.192729949951172,20.48518301147022,20.09741885687715,NA,NA,0
Parma unifasciata,-35.08,150.78,2006,5,18,10,2,-35_151,19.914414087931316,19.192729949951172,20.48518301147022,20.09741885687715,NA,NA,0
Parma unifasciata,-35.08,150.78,2006,5,18,12.5,8,-35_151,19.914414087931316,19.192729949951172,20.48518301147022,20.09741885687715,NA,NA,0
Parma unifasciata,-35.03,150.78,2008,5,12,20,2,-35_151,19.43103837966919,19.03557014465332,19.40620510758396,18.734945789460212,2002,Jervis Bay Marine Park,0
Parma unifasciata,-35.02,150.76,2008,5,16,12.5,1,-35_151,19.43103837966919,19.03557014465332,19.40620510758396,18.734945789460212,2002,Jervis Bay Marine Park,0
Parma unifasciata,-35.02,150.76,2008,5,16,10,1,-35_151,19.43103837966919,19.03557014465332,19.40620510758396,18.734945789460212,2002,Jervis Bay Marine Park,0
Parma unifasciata,-35.11,150.77,2008,5,22,7.5,1,-35_151,19.43103837966919,19.03557014465332,19.40620510758396,18.734945789460212,2002,Booderee National Park,0
Parma unifasciata,-35.11,150.77,2008,5,22,5,1,-35_151,19.43103837966919,19.03557014465332,19.40620510758396,18.734945789460212,2002,Booderee National Park,0
Parma unifasciata,-35.11,150.77,2008,5,22,7.5,1,-35_151,19.43103837966919,19.03557014465332,19.40620510758396,18.734945789460212,2002,Booderee National Park,0
Parma unifasciata,-35.11,150.77,2008,5,22,15,1,-35_151,19.43103837966919,19.03557014465332,19.40620510758396,18.734945789460212,2002,Booderee National Park,0
Parma unifasciata,-35.11,150.77,2008,5,22,10,1,-35_151,19.43103837966919,19.03557014465332,19.40620510758396,18.734945789460212,2002,Booderee National Park,0
Parma unifasciata,-35.11,150.77,2008,5,22,12.5,1,-35_151,19.43103837966919,19.03557014465332,19.40620510758396,18.734945789460212,2002,Booderee National Park,0
Parma unifasciata,-35.09,150.8,2008,5,16,7.5,1,-35_151,19.43103837966919,19.03557014465332,19.40620510758396,18.734945789460212,NA,NA,0
Parma unifasciata,-35.09,150.8,2008,5,16,7.5,1,-35_151,19.43103837966919,19.03557014465332,19.40620510758396,18.734945789460212,NA,NA,0
Parma unifasciata,-35.08,150.78,2008,5,13,7.5,1,-35_151,19.43103837966919,19.03557014465332,19.40620510758396,18.734945789460212,NA,NA,0
Parma unifasciata,-35.08,150.78,2008,5,13,10,2,-35_151,19.43103837966919,19.03557014465332,19.40620510758396,18.734945789460212,NA,NA,0
Parma unifasciata,-35.08,150.78,2008,5,13,12.5,1,-35_151,19.43103837966919,19.03557014465332,19.40620510758396,18.734945789460212,NA,NA,0
Parma unifasciata,-35.08,150.78,2008,5,13,15,1,-35_151,19.43103837966919,19.03557014465332,19.40620510758396,18.734945789460212,NA,NA,0
Parma unifasciata,-35.08,150.78,2008,5,13,7.5,2,-35_151,19.43103837966919,19.03557014465332,19.40620510758396,18.734945789460212,NA,NA,0
Parma unifasciata,-35.08,150.78,2008,5,13,12.5,2,-35_151,19.43103837966919,19.03557014465332,19.40620510758396,18.734945789460212,NA,NA,0
Parma unifasciata,-35.08,150.78,2008,5,13,10,1,-35_151,19.43103837966919,19.03557014465332,19.40620510758396,18.734945789460212,NA,NA,0
Parma unifasciata,-35.08,150.78,2008,5,13,15,1,-35_151,19.43103837966919,19.03557014465332,19.40620510758396,18.734945789460212,NA,NA,0
Parma unifasciata,-35.08,150.78,2008,5,13,12.5,2,-35_151,19.43103837966919,19.03557014465332,19.40620510758396,18.734945789460212,NA,NA,0
Parma unifasciata,-35.08,150.78,2008,5,13,7.5,2,-35_151,19.43103837966919,19.03557014465332,19.40620510758396,18.734945789460212,NA,NA,0
Parma unifasciata,-35.08,150.78,2008,5,13,10,4,-35_151,19.43103837966919,19.03557014465332,19.40620510758396,18.734945789460212,NA,NA,0
Parma unifasciata,-35.08,150.78,2008,5,13,12.5,1,-35_151,19.43103837966919,19.03557014465332,19.40620510758396,18.734945789460212,NA,NA,0
Parma unifasciata,-35.08,150.78,2008,5,13,7.5,3,-35_151,19.43103837966919,19.03557014465332,19.40620510758396,18.734945789460212,NA,NA,0
Parma unifasciata,-35.08,150.78,2008,5,13,10,1,-35_151,19.43103837966919,19.03557014465332,19.40620510758396,18.734945789460212,NA,NA,0
Parma unifasciata,-35.08,150.78,2008,5,13,12.5,9,-35_151,19.43103837966919,19.03557014465332,19.40620510758396,18.734945789460212,NA,NA,0
Parma unifasciata,-35.08,150.78,2008,5,13,15,7,-35_151,19.43103837966919,19.03557014465332,19.40620510758396,18.734945789460212,NA,NA,0
Parma unifasciata,-35.08,150.78,2008,5,13,7.5,1,-35_151,19.43103837966919,19.03557014465332,19.40620510758396,18.734945789460212,NA,NA,0
Parma unifasciata,-35.08,150.78,2008,5,13,12.5,1,-35_151,19.43103837966919,19.03557014465332,19.40620510758396,18.734945789460212,NA,NA,0
Parma unifasciata,-35.08,150.78,2008,5,13,10,8,-35_151,19.43103837966919,19.03557014465332,19.40620510758396,18.734945789460212,NA,NA,0
Parma unifasciata,-35.05,150.84,2008,5,13,7.5,1,-35_151,19.43103837966919,19.03557014465332,19.40620510758396,18.734945789460212,NA,NA,0
Parma unifasciata,-35.05,150.84,2008,5,13,10,1,-35_151,19.43103837966919,19.03557014465332,19.40620510758396,18.734945789460212,NA,NA,0
Parma unifasciata,-35.05,150.84,2008,5,13,10,2,-35_151,19.43103837966919,19.03557014465332,19.40620510758396,18.734945789460212,NA,NA,0
Parma unifasciata,-35.05,150.84,2008,5,13,7.5,3,-35_151,19.43103837966919,19.03557014465332,19.40620510758396,18.734945789460212,NA,NA,0
Parma unifasciata,-35.05,150.84,2008,5,13,10,1,-35_151,19.43103837966919,19.03557014465332,19.40620510758396,18.734945789460212,NA,NA,0
Parma unifasciata,-35.04,150.83,2008,5,13,12.5,3,-35_151,19.43103837966919,19.03557014465332,19.40620510758396,18.734945789460212,NA,NA,0
Parma unifasciata,-35.04,150.83,2008,5,13,12.5,1,-35_151,19.43103837966919,19.03557014465332,19.40620510758396,18.734945789460212,NA,NA,0
Parma unifasciata,-35.04,150.83,2008,5,13,7.5,1,-35_151,19.43103837966919,19.03557014465332,19.40620510758396,18.734945789460212,NA,NA,0
Parma unifasciata,-35.04,150.83,2008,5,13,10,3,-35_151,19.43103837966919,19.03557014465332,19.40620510758396,18.734945789460212,NA,NA,0
Parma unifasciata,-35.08,150.8,2007,5,21,10,1,-35_151,19.947011470794678,20.66152572631836,20.31496241590761,21.13795655773532,2002,Jervis Bay Marine Park,0
Parma unifasciata,-35.07,150.7,2017,5,17,10,1,-35_151,20.616925875345867,20.022951126098633,20.873406667102216,20.21591354698263,NA,NA,0
Parma unifasciata,-35.07,150.7,2017,5,17,12.5,1,-35_151,20.616925875345867,20.022951126098633,20.873406667102216,20.21591354698263,NA,NA,0
Parma unifasciata,-35.07,150.7,2017,5,17,10,1,-35_151,20.616925875345867,20.022951126098633,20.873406667102216,20.21591354698263,NA,NA,0
Parma unifasciata,-35.03,150.78,2017,5,19,5,1,-35_151,20.616925875345867,20.022951126098633,20.873406667102216,20.21591354698263,2002,Jervis Bay Marine Park,1
Parma unifasciata,-35.03,150.78,2017,5,19,10,1,-35_151,20.616925875345867,20.022951126098633,20.873406667102216,20.21591354698263,2002,Jervis Bay Marine Park,1
Parma unifasciata,-35.11,150.77,2017,5,22,7.5,1,-35_151,20.616925875345867,20.022951126098633,20.873406667102216,20.21591354698263,2002,Booderee National Park,1
Parma unifasciata,-35.08,150.78,2017,5,20,12.5,1,-35_151,20.616925875345867,20.022951126098633,20.873406667102216,20.21591354698263,NA,NA,0
Parma unifasciata,-35.08,150.78,2017,5,20,12.5,1,-35_151,20.616925875345867,20.022951126098633,20.873406667102216,20.21591354698263,NA,NA,0
Parma unifasciata,-35.08,150.78,2017,5,20,15,1,-35_151,20.616925875345867,20.022951126098633,20.873406667102216,20.21591354698263,NA,NA,0
Parma unifasciata,-35.02,150.76,2017,5,19,12.5,3,-35_151,20.616925875345867,20.022951126098633,20.873406667102216,20.21591354698263,2002,Jervis Bay Marine Park,1
Parma unifasciata,-35.08,150.78,2017,5,20,10,1,-35_151,20.616925875345867,20.022951126098633,20.873406667102216,20.21591354698263,NA,NA,0
Parma unifasciata,-35.02,150.76,2017,5,19,10,1,-35_151,20.616925875345867,20.022951126098633,20.873406667102216,20.21591354698263,2002,Jervis Bay Marine Park,1
Parma unifasciata,-35.02,150.76,2017,5,19,10,1,-35_151,20.616925875345867,20.022951126098633,20.873406667102216,20.21591354698263,2002,Jervis Bay Marine Park,1
Parma unifasciata,-35.02,150.76,2017,5,19,12.5,2,-35_151,20.616925875345867,20.022951126098633,20.873406667102216,20.21591354698263,2002,Jervis Bay Marine Park,1
Parma unifasciata,-35.11,150.77,2017,5,22,7.5,1,-35_151,20.616925875345867,20.022951126098633,20.873406667102216,20.21591354698263,2002,Booderee National Park,1
Parma unifasciata,-35.11,150.77,2017,5,22,5,2,-35_151,20.616925875345867,20.022951126098633,20.873406667102216,20.21591354698263,2002,Booderee National Park,1
Parma unifasciata,-35.11,150.77,2017,5,22,15,1,-35_151,20.616925875345867,20.022951126098633,20.873406667102216,20.21591354698263,2002,Booderee National Park,1
Parma unifasciata,-35.02,150.76,2017,5,19,10,1,-35_151,20.616925875345867,20.022951126098633,20.873406667102216,20.21591354698263,2002,Jervis Bay Marine Park,1
Parma unifasciata,-35.03,150.78,2017,5,19,12.5,1,-35_151,20.616925875345867,20.022951126098633,20.873406667102216,20.21591354698263,2002,Jervis Bay Marine Park,1
Parma unifasciata,-35.05,150.84,2017,5,24,7.5,1,-35_151,20.616925875345867,20.022951126098633,20.873406667102216,20.21591354698263,NA,NA,0
Parma unifasciata,-35.05,150.84,2017,5,24,10,1,-35_151,20.616925875345867,20.022951126098633,20.873406667102216,20.21591354698263,NA,NA,0
Parma unifasciata,-35.05,150.84,2017,5,24,5,2,-35_151,20.616925875345867,20.022951126098633,20.873406667102216,20.21591354698263,NA,NA,0
Parma unifasciata,-35.05,150.84,2017,5,24,5,1,-35_151,20.616925875345867,20.022951126098633,20.873406667102216,20.21591354698263,NA,NA,0
Parma unifasciata,-35.05,150.84,2017,5,24,7.5,1,-35_151,20.616925875345867,20.022951126098633,20.873406667102216,20.21591354698263,NA,NA,0
Parma unifasciata,-35.05,150.84,2017,5,24,12.5,1,-35_151,20.616925875345867,20.022951126098633,20.873406667102216,20.21591354698263,NA,NA,0
Parma unifasciata,-35.05,150.84,2017,5,24,10,1,-35_151,20.616925875345867,20.022951126098633,20.873406667102216,20.21591354698263,NA,NA,0
Parma unifasciata,-35.05,150.84,2017,5,24,12.5,1,-35_151,20.616925875345867,20.022951126098633,20.873406667102216,20.21591354698263,NA,NA,0
Parma unifasciata,-35.08,150.8,2017,5,23,7.5,1,-35_151,20.616925875345867,20.022951126098633,20.873406667102216,20.21591354698263,2002,Jervis Bay Marine Park,1
Parma unifasciata,-35.08,150.8,2017,5,23,10,1,-35_151,20.616925875345867,20.022951126098633,20.873406667102216,20.21591354698263,2002,Jervis Bay Marine Park,1
Parma unifasciata,-35.07,150.77,2017,5,20,12.5,1,-35_151,20.616925875345867,20.022951126098633,20.873406667102216,20.21591354698263,2002,Jervis Bay Marine Park,1
Parma unifasciata,-35.04,150.83,2017,5,24,5,1,-35_151,20.616925875345867,20.022951126098633,20.873406667102216,20.21591354698263,NA,NA,0
Parma unifasciata,-35.04,150.83,2017,5,24,7.5,2,-35_151,20.616925875345867,20.022951126098633,20.873406667102216,20.21591354698263,NA,NA,0
Parma unifasciata,-35.04,150.83,2017,5,24,12.5,1,-35_151,20.616925875345867,20.022951126098633,20.873406667102216,20.21591354698263,NA,NA,0
Parma unifasciata,-35.04,150.83,2017,5,24,7.5,3,-35_151,20.616925875345867,20.022951126098633,20.873406667102216,20.21591354698263,NA,NA,0
Parma unifasciata,-35.04,150.83,2017,5,24,10,2,-35_151,20.616925875345867,20.022951126098633,20.873406667102216,20.21591354698263,NA,NA,0
Parma unifasciata,-35.04,150.83,2017,5,24,5,1,-35_151,20.616925875345867,20.022951126098633,20.873406667102216,20.21591354698263,NA,NA,0
Parma unifasciata,-35.04,150.83,2017,5,24,7.5,2,-35_151,20.616925875345867,20.022951126098633,20.873406667102216,20.21591354698263,NA,NA,0
Parma unifasciata,-35.04,150.83,2017,5,24,10,2,-35_151,20.616925875345867,20.022951126098633,20.873406667102216,20.21591354698263,NA,NA,0
Parma unifasciata,-35.04,150.83,2017,5,24,12.5,2,-35_151,20.616925875345867,20.022951126098633,20.873406667102216,20.21591354698263,NA,NA,0
Parma unifasciata,-35.09,150.8,2017,5,24,10,1,-35_151,20.616925875345867,20.022951126098633,20.873406667102216,20.21591354698263,NA,NA,0
Parma unifasciata,-35.09,150.8,2017,5,25,5,1,-35_151,20.616925875345867,20.022951126098633,20.873406667102216,20.21591354698263,NA,NA,0
Parma unifasciata,-35.09,150.8,2017,5,25,7.5,1,-35_151,20.616925875345867,20.022951126098633,20.873406667102216,20.21591354698263,NA,NA,0
Parma unifasciata,-35.09,150.8,2017,5,25,10,1,-35_151,20.616925875345867,20.022951126098633,20.873406667102216,20.21591354698263,NA,NA,0
Parma unifasciata,-35.06,150.78,2017,5,25,10,1,-35_151,20.616925875345867,20.022951126098633,20.873406667102216,20.21591354698263,NA,NA,0
Parma unifasciata,-35.06,150.78,2017,5,25,12.5,1,-35_151,20.616925875345867,20.022951126098633,20.873406667102216,20.21591354698263,NA,NA,0
Parma unifasciata,-35.06,150.78,2017,5,25,10,1,-35_151,20.616925875345867,20.022951126098633,20.873406667102216,20.21591354698263,NA,NA,0
Parma unifasciata,-35.06,150.78,2017,5,25,10,1,-35_151,20.616925875345867,20.022951126098633,20.873406667102216,20.21591354698263,NA,NA,0
Parma unifasciata,-35.08,150.79,2017,5,26,7.5,1,-35_151,20.616925875345867,20.022951126098633,20.873406667102216,20.21591354698263,2002,Jervis Bay Marine Park,1
Parma unifasciata,-35.08,150.79,2017,5,26,10,1,-35_151,20.616925875345867,20.022951126098633,20.873406667102216,20.21591354698263,2002,Jervis Bay Marine Park,1
Parma unifasciata,-35.08,150.79,2017,5,26,10,2,-35_151,20.616925875345867,20.022951126098633,20.873406667102216,20.21591354698263,2002,Jervis Bay Marine Park,1
Parma unifasciata,-32.79,152.11,2011,11,13,10,2,-33_152,21.399254004160564,21.103883743286133,21.19576238272011,20.1717494752672,NA,NA,0
Parma unifasciata,-32.79,152.11,2011,11,13,12.5,1,-33_152,21.399254004160564,21.103883743286133,21.19576238272011,20.1717494752672,NA,NA,0
Parma unifasciata,-32.71,152.16,2011,8,28,7.5,1,-33_152,21.399254004160564,19.14668083190918,21.19576238272011,18.670214596615043,1983,Fly Point-Halifax Park,1
Parma unifasciata,-32.72,152.15,2011,10,30,15,1,-33_152,21.399254004160564,19.700183868408203,21.19576238272011,19.680671589348904,NA,NA,0
Parma unifasciata,-32.71,152.15,2009,5,8,5,1,-33_152,21.148912747701008,20.721540451049805,20.95820614353018,22.08618232768069,1983,Fly Point-Halifax Park,1
Parma unifasciata,-32.75,152.18,2011,11,19,10,3,-33_152,21.399254004160564,21.103883743286133,21.19576238272011,20.1717494752672,NA,NA,0
Parma unifasciata,-32.75,152.18,2011,11,19,12.5,8,-33_152,21.399254004160564,21.103883743286133,21.19576238272011,20.1717494752672,NA,NA,0
Parma unifasciata,-32.75,152.18,2011,11,19,15,4,-33_152,21.399254004160564,21.103883743286133,21.19576238272011,20.1717494752672,NA,NA,0
Parma unifasciata,-32.75,152.18,2011,11,19,10,15,-33_152,21.399254004160564,21.103883743286133,21.19576238272011,20.1717494752672,NA,NA,0
Parma unifasciata,-32.75,152.18,2011,11,19,12.5,15,-33_152,21.399254004160564,21.103883743286133,21.19576238272011,20.1717494752672,NA,NA,0
Parma unifasciata,-32.7,152.23,2011,11,11,7.5,1,-33_152,21.399254004160564,21.103883743286133,21.19576238272011,20.1717494752672,NA,NA,0
Parma unifasciata,-32.7,152.23,2011,11,11,10,3,-33_152,21.399254004160564,21.103883743286133,21.19576238272011,20.1717494752672,NA,NA,0
Parma unifasciata,-32.7,152.23,2011,11,11,12.5,11,-33_152,21.399254004160564,21.103883743286133,21.19576238272011,20.1717494752672,NA,NA,0
Parma unifasciata,-32.7,152.23,2011,11,11,15,10,-33_152,21.399254004160564,21.103883743286133,21.19576238272011,20.1717494752672,NA,NA,0
Parma unifasciata,-32.7,152.23,2011,11,11,10,10,-33_152,21.399254004160564,21.103883743286133,21.19576238272011,20.1717494752672,NA,NA,0
Parma unifasciata,-32.7,152.23,2011,11,11,12.5,20,-33_152,21.399254004160564,21.103883743286133,21.19576238272011,20.1717494752672,NA,NA,0
Parma unifasciata,-32.7,152.23,2011,11,11,15,5,-33_152,21.399254004160564,21.103883743286133,21.19576238272011,20.1717494752672,NA,NA,0
Parma unifasciata,-32.62,152.33,2012,5,12,7.5,3,-33_152,20.998074054718018,21.269546508789063,20.861195442622325,21.74844032205561,2007,Port Stephens Great Lake Marine Park,0
Parma unifasciata,-32.62,152.33,2012,5,12,10,5,-33_152,20.998074054718018,21.269546508789063,20.861195442622325,21.74844032205561,2007,Port Stephens Great Lake Marine Park,0
Parma unifasciata,-32.69,152.22,2011,11,11,5,1,-33_152,21.399254004160564,21.103883743286133,21.19576238272011,20.1717494752672,NA,NA,0
Parma unifasciata,-32.69,152.22,2011,11,11,7.5,5,-33_152,21.399254004160564,21.103883743286133,21.19576238272011,20.1717494752672,NA,NA,0
Parma unifasciata,-32.69,152.22,2011,11,11,10,5,-33_152,21.399254004160564,21.103883743286133,21.19576238272011,20.1717494752672,NA,NA,0
Parma unifasciata,-32.71,152.15,2012,5,13,7.5,1,-33_152,20.998074054718018,21.269546508789063,20.861195442622325,21.74844032205561,1983,Fly Point-Halifax Park,1
Parma unifasciata,-32.71,152.15,2012,5,13,10,1,-33_152,20.998074054718018,21.269546508789063,20.861195442622325,21.74844032205561,1983,Fly Point-Halifax Park,1
Parma unifasciata,-32.71,152.15,2012,5,13,5,2,-33_152,20.998074054718018,21.269546508789063,20.861195442622325,21.74844032205561,1983,Fly Point-Halifax Park,1
Parma unifasciata,-32.71,152.15,2012,5,13,7.5,5,-33_152,20.998074054718018,21.269546508789063,20.861195442622325,21.74844032205561,1983,Fly Point-Halifax Park,1
Parma unifasciata,-32.71,152.15,2012,5,13,10,5,-33_152,20.998074054718018,21.269546508789063,20.861195442622325,21.74844032205561,1983,Fly Point-Halifax Park,1
Parma unifasciata,-32.71,152.15,2012,5,13,7.5,1,-33_152,20.998074054718018,21.269546508789063,20.861195442622325,21.74844032205561,1983,Fly Point-Halifax Park,1
Parma unifasciata,-32.71,152.15,2012,5,13,5,1,-33_152,20.998074054718018,21.269546508789063,20.861195442622325,21.74844032205561,1983,Fly Point-Halifax Park,1
Parma unifasciata,-32.62,152.33,2012,5,11,7.5,3,-33_152,20.998074054718018,21.269546508789063,20.861195442622325,21.74844032205561,2007,Port Stephens Great Lake Marine Park,0
Parma unifasciata,-32.69,152.22,2011,11,11,7.5,2,-33_152,21.399254004160564,21.103883743286133,21.19576238272011,20.1717494752672,NA,NA,0
Parma unifasciata,-32.69,152.22,2011,11,11,10,10,-33_152,21.399254004160564,21.103883743286133,21.19576238272011,20.1717494752672,NA,NA,0
Parma unifasciata,-32.69,152.22,2011,11,11,12.5,5,-33_152,21.399254004160564,21.103883743286133,21.19576238272011,20.1717494752672,NA,NA,0
Parma unifasciata,-32.79,152.11,2011,11,13,7.5,1,-33_152,21.399254004160564,21.103883743286133,21.19576238272011,20.1717494752672,NA,NA,0
Parma unifasciata,-32.79,152.11,2011,11,13,10,1,-33_152,21.399254004160564,21.103883743286133,21.19576238272011,20.1717494752672,NA,NA,0
Parma unifasciata,-32.72,152.15,2012,2,25,15,1,-33_152,20.998074054718018,23.87634658813477,20.861195442622325,23.453160428452765,NA,NA,0
Parma unifasciata,-32.69,152.23,2012,7,27,5,2,-33_152,20.998074054718018,18.60243797302246,20.861195442622325,19.1733597734923,2007,Port Stephens Great Lake Marine Park,0
Parma unifasciata,-32.69,152.23,2012,7,27,10,5,-33_152,20.998074054718018,18.60243797302246,20.861195442622325,19.1733597734923,2007,Port Stephens Great Lake Marine Park,0
Parma unifasciata,-32.69,152.23,2012,7,27,12.5,4,-33_152,20.998074054718018,18.60243797302246,20.861195442622325,19.1733597734923,2007,Port Stephens Great Lake Marine Park,0
Parma unifasciata,-32.69,152.23,2012,7,27,12.5,10,-33_152,20.998074054718018,18.60243797302246,20.861195442622325,19.1733597734923,2007,Port Stephens Great Lake Marine Park,0
Parma unifasciata,-32.74,152.2,2012,8,5,5,2,-33_152,20.998074054718018,17.718364715576172,20.861195442622325,18.177687762885967,NA,NA,0
Parma unifasciata,-32.74,152.2,2012,8,5,7.5,4,-33_152,20.998074054718018,17.718364715576172,20.861195442622325,18.177687762885967,NA,NA,0
Parma unifasciata,-32.74,152.2,2012,8,5,10,4,-33_152,20.998074054718018,17.718364715576172,20.861195442622325,18.177687762885967,NA,NA,0
Parma unifasciata,-32.74,152.2,2012,8,5,12.5,2,-33_152,20.998074054718018,17.718364715576172,20.861195442622325,18.177687762885967,NA,NA,0
Parma unifasciata,-32.71,152.18,2012,10,28,10,1,-33_152,20.998074054718018,19.59974479675293,20.861195442622325,18.931397391903783,NA,NA,0
Parma unifasciata,-32.71,152.18,2012,10,28,12.5,1,-33_152,20.998074054718018,19.59974479675293,20.861195442622325,18.931397391903783,NA,NA,0
Parma unifasciata,-32.71,152.18,2012,10,28,5,2,-33_152,20.998074054718018,19.59974479675293,20.861195442622325,18.931397391903783,NA,NA,0
Parma unifasciata,-32.71,152.18,2012,10,28,7.5,4,-33_152,20.998074054718018,19.59974479675293,20.861195442622325,18.931397391903783,NA,NA,0
Parma unifasciata,-32.71,152.18,2012,10,28,10,5,-33_152,20.998074054718018,19.59974479675293,20.861195442622325,18.931397391903783,NA,NA,0
Parma unifasciata,-32.6,152.32,2012,11,8,12.5,15,-33_152,20.998074054718018,20.79033851623535,20.861195442622325,20.157721736696033,NA,NA,0
Parma unifasciata,-32.6,152.32,2012,11,8,15,5,-33_152,20.998074054718018,20.79033851623535,20.861195442622325,20.157721736696033,NA,NA,0
Parma unifasciata,-32.6,152.32,2012,11,8,12.5,17,-33_152,20.998074054718018,20.79033851623535,20.861195442622325,20.157721736696033,NA,NA,0
Parma unifasciata,-32.6,152.32,2012,11,8,15,17,-33_152,20.998074054718018,20.79033851623535,20.861195442622325,20.157721736696033,NA,NA,0
Parma unifasciata,-32.62,152.33,2012,11,9,10,3,-33_152,20.998074054718018,20.79033851623535,20.861195442622325,20.157721736696033,2007,Port Stephens Great Lake Marine Park,0
Parma unifasciata,-32.62,152.33,2012,11,9,12.5,15,-33_152,20.998074054718018,20.79033851623535,20.861195442622325,20.157721736696033,2007,Port Stephens Great Lake Marine Park,0
Parma unifasciata,-32.62,152.33,2012,11,9,15,5,-33_152,20.998074054718018,20.79033851623535,20.861195442622325,20.157721736696033,2007,Port Stephens Great Lake Marine Park,0
Parma unifasciata,-32.62,152.33,2012,11,9,15,14,-33_152,20.998074054718018,20.79033851623535,20.861195442622325,20.157721736696033,2007,Port Stephens Great Lake Marine Park,0
Parma unifasciata,-32.72,152.15,2013,1,13,5,1,-33_152,21.45964765548706,23.560760498046875,21.34589705349317,22.678547915591988,NA,NA,0
Parma unifasciata,-32.69,152.22,2012,6,2,5,3,-33_152,20.998074054718018,19.626041412353516,20.861195442622325,19.13897172080146,NA,NA,0
Parma unifasciata,-32.69,152.22,2012,6,2,7.5,2,-33_152,20.998074054718018,19.626041412353516,20.861195442622325,19.13897172080146,NA,NA,0
Parma unifasciata,-32.69,152.22,2012,6,2,10,2,-33_152,20.998074054718018,19.626041412353516,20.861195442622325,19.13897172080146,NA,NA,0
Parma unifasciata,-32.74,152.19,2012,6,24,7.5,1,-33_152,20.998074054718018,19.626041412353516,20.861195442622325,19.13897172080146,NA,NA,0
Parma unifasciata,-32.74,152.19,2012,6,24,10,3,-33_152,20.998074054718018,19.626041412353516,20.861195442622325,19.13897172080146,NA,NA,0
Parma unifasciata,-32.74,152.19,2012,6,24,12.5,3,-33_152,20.998074054718018,19.626041412353516,20.861195442622325,19.13897172080146,NA,NA,0
Parma unifasciata,-32.74,152.19,2012,6,24,7.5,3,-33_152,20.998074054718018,19.626041412353516,20.861195442622325,19.13897172080146,NA,NA,0
Parma unifasciata,-32.74,152.19,2012,6,24,10,7,-33_152,20.998074054718018,19.626041412353516,20.861195442622325,19.13897172080146,NA,NA,0
Parma unifasciata,-32.74,152.19,2012,6,24,7.5,1,-33_152,20.998074054718018,19.626041412353516,20.861195442622325,19.13897172080146,NA,NA,0
Parma unifasciata,-32.74,152.19,2012,6,24,10,1,-33_152,20.998074054718018,19.626041412353516,20.861195442622325,19.13897172080146,NA,NA,0
Parma unifasciata,-32.79,152.11,2012,10,5,7.5,1,-33_152,20.998074054718018,19.59974479675293,20.861195442622325,18.931397391903783,NA,NA,0
Parma unifasciata,-32.79,152.11,2012,10,5,10,2,-33_152,20.998074054718018,19.59974479675293,20.861195442622325,18.931397391903783,NA,NA,0
Parma unifasciata,-32.79,152.11,2012,10,5,5,1,-33_152,20.998074054718018,19.59974479675293,20.861195442622325,18.931397391903783,NA,NA,0
Parma unifasciata,-32.74,152.19,2012,6,24,12.5,2,-33_152,20.998074054718018,19.626041412353516,20.861195442622325,19.13897172080146,NA,NA,0
Parma unifasciata,-32.74,152.19,2012,6,24,15,1,-33_152,20.998074054718018,19.626041412353516,20.861195442622325,19.13897172080146,NA,NA,0
Parma unifasciata,-32.71,152.23,2012,7,13,7.5,3,-33_152,20.998074054718018,18.60243797302246,20.861195442622325,19.1733597734923,NA,NA,0
Parma unifasciata,-32.71,152.23,2012,7,13,10,30,-33_152,20.998074054718018,18.60243797302246,20.861195442622325,19.1733597734923,NA,NA,0
Parma unifasciata,-32.71,152.23,2012,7,13,12.5,20,-33_152,20.998074054718018,18.60243797302246,20.861195442622325,19.1733597734923,NA,NA,0
Parma unifasciata,-32.71,152.23,2012,7,13,15,2,-33_152,20.998074054718018,18.60243797302246,20.861195442622325,19.1733597734923,NA,NA,0
Parma unifasciata,-32.71,152.23,2012,7,13,10,10,-33_152,20.998074054718018,18.60243797302246,20.861195442622325,19.1733597734923,NA,NA,0
Parma unifasciata,-32.71,152.23,2012,7,13,12.5,5,-33_152,20.998074054718018,18.60243797302246,20.861195442622325,19.1733597734923,NA,NA,0
Parma unifasciata,-32.79,152.11,2012,7,14,5,2,-33_152,20.998074054718018,18.60243797302246,20.861195442622325,19.1733597734923,NA,NA,0
Parma unifasciata,-32.71,152.16,2012,7,20,5,2,-33_152,20.998074054718018,18.60243797302246,20.861195442622325,19.1733597734923,1983,Fly Point-Halifax Park,1
Parma unifasciata,-32.71,152.16,2012,7,20,7.5,3,-33_152,20.998074054718018,18.60243797302246,20.861195442622325,19.1733597734923,1983,Fly Point-Halifax Park,1
Parma unifasciata,-32.71,152.16,2012,7,20,10,1,-33_152,20.998074054718018,18.60243797302246,20.861195442622325,19.1733597734923,1983,Fly Point-Halifax Park,1
Parma unifasciata,-32.71,152.15,2012,7,21,10,2,-33_152,20.998074054718018,18.60243797302246,20.861195442622325,19.1733597734923,1983,Fly Point-Halifax Park,1
Parma unifasciata,-32.71,152.15,2012,7,21,7.5,1,-33_152,20.998074054718018,18.60243797302246,20.861195442622325,19.1733597734923,1983,Fly Point-Halifax Park,1
Parma unifasciata,-32.72,152.15,2011,12,23,7.5,1,-33_152,21.399254004160564,21.92483901977539,21.19576238272011,20.95446187706404,NA,NA,0
Parma unifasciata,-32.71,152.15,2011,12,27,5,3,-33_152,21.399254004160564,21.92483901977539,21.19576238272011,20.95446187706404,1983,Fly Point-Halifax Park,1
Parma unifasciata,-32.71,152.15,2011,12,27,7.5,1,-33_152,21.399254004160564,21.92483901977539,21.19576238272011,20.95446187706404,1983,Fly Point-Halifax Park,1
Parma unifasciata,-32.71,152.18,2011,9,9,7.5,1,-33_152,21.399254004160564,19.027263641357425,21.19576238272011,18.64269406000773,NA,NA,0
Parma unifasciata,-32.74,152.19,2011,9,17,5,3,-33_152,21.399254004160564,19.027263641357425,21.19576238272011,18.64269406000773,NA,NA,0
Parma unifasciata,-32.74,152.19,2011,9,17,7.5,4,-33_152,21.399254004160564,19.027263641357425,21.19576238272011,18.64269406000773,NA,NA,0
Parma unifasciata,-32.74,152.19,2011,9,17,10,3,-33_152,21.399254004160564,19.027263641357425,21.19576238272011,18.64269406000773,NA,NA,0
Parma unifasciata,-32.74,152.19,2011,9,17,10,10,-33_152,21.399254004160564,19.027263641357425,21.19576238272011,18.64269406000773,NA,NA,0
Parma unifasciata,-32.74,152.19,2011,9,17,12.5,5,-33_152,21.399254004160564,19.027263641357425,21.19576238272011,18.64269406000773,NA,NA,0
Parma unifasciata,-32.69,152.22,2011,10,9,7.5,3,-33_152,21.399254004160564,19.700183868408203,21.19576238272011,19.680671589348904,NA,NA,0
Parma unifasciata,-32.69,152.22,2011,10,9,10,2,-33_152,21.399254004160564,19.700183868408203,21.19576238272011,19.680671589348904,NA,NA,0
Parma unifasciata,-32.69,152.22,2011,10,9,12.5,2,-33_152,21.399254004160564,19.700183868408203,21.19576238272011,19.680671589348904,NA,NA,0
Parma unifasciata,-32.74,152.19,2011,9,17,7.5,1,-33_152,21.399254004160564,19.027263641357425,21.19576238272011,18.64269406000773,NA,NA,0
Parma unifasciata,-32.71,152.16,2011,6,5,5,1,-33_152,21.399254004160564,19.886619567871097,21.19576238272011,20.698555082745024,1983,Fly Point-Halifax Park,1
Parma unifasciata,-32.71,152.16,2011,6,5,7.5,2,-33_152,21.399254004160564,19.886619567871097,21.19576238272011,20.698555082745024,1983,Fly Point-Halifax Park,1
Parma unifasciata,-32.71,152.16,2011,6,6,7.5,2,-33_152,21.399254004160564,19.886619567871097,21.19576238272011,20.698555082745024,1983,Fly Point-Halifax Park,1
Parma unifasciata,-32.71,152.16,2011,6,6,10,2,-33_152,21.399254004160564,19.886619567871097,21.19576238272011,20.698555082745024,1983,Fly Point-Halifax Park,1
Parma unifasciata,-32.71,152.16,2011,10,1,7.5,1,-33_152,21.399254004160564,19.700183868408203,21.19576238272011,19.680671589348904,1983,Fly Point-Halifax Park,1
Parma unifasciata,-32.71,152.16,2011,6,6,7.5,1,-33_152,21.399254004160564,19.886619567871097,21.19576238272011,20.698555082745024,1983,Fly Point-Halifax Park,1
Parma unifasciata,-32.71,152.16,2011,12,9,5,1,-33_152,21.399254004160564,21.92483901977539,21.19576238272011,20.95446187706404,1983,Fly Point-Halifax Park,1
Parma unifasciata,-32.71,152.16,2011,12,9,7.5,1,-33_152,21.399254004160564,21.92483901977539,21.19576238272011,20.95446187706404,1983,Fly Point-Halifax Park,1
Parma unifasciata,-32.71,152.16,2011,10,1,5,1,-33_152,21.399254004160564,19.700183868408203,21.19576238272011,19.680671589348904,1983,Fly Point-Halifax Park,1
Parma unifasciata,-32.79,152.11,2011,8,27,5,1,-33_152,21.399254004160564,19.14668083190918,21.19576238272011,18.670214596615043,NA,NA,0
Parma unifasciata,-32.79,152.11,2011,8,27,10,2,-33_152,21.399254004160564,19.14668083190918,21.19576238272011,18.670214596615043,NA,NA,0
Parma unifasciata,-32.71,152.15,2012,3,11,5,3,-33_152,20.998074054718018,23.597801208496097,20.861195442622325,22.894058647976127,1983,Fly Point-Halifax Park,1
Parma unifasciata,-32.71,152.15,2012,3,11,7.5,5,-33_152,20.998074054718018,23.597801208496097,20.861195442622325,22.894058647976127,1983,Fly Point-Halifax Park,1
Parma unifasciata,-32.71,152.16,2011,10,3,5,1,-33_152,21.399254004160564,19.700183868408203,21.19576238272011,19.680671589348904,1983,Fly Point-Halifax Park,1
Parma unifasciata,-32.71,152.16,2011,10,3,7.5,1,-33_152,21.399254004160564,19.700183868408203,21.19576238272011,19.680671589348904,1983,Fly Point-Halifax Park,1
Parma unifasciata,-32.71,152.15,2012,3,11,5,2,-33_152,20.998074054718018,23.597801208496097,20.861195442622325,22.894058647976127,1983,Fly Point-Halifax Park,1
Parma unifasciata,-32.71,152.15,2012,3,11,7.5,1,-33_152,20.998074054718018,23.597801208496097,20.861195442622325,22.894058647976127,1983,Fly Point-Halifax Park,1
Parma unifasciata,-32.79,152.09,2012,4,25,12.5,1,-33_152,20.998074054718018,22.913747787475582,20.861195442622325,23.682916185590955,NA,NA,0
Parma unifasciata,-32.79,152.09,2012,4,25,7.5,2,-33_152,20.998074054718018,22.913747787475582,20.861195442622325,23.682916185590955,NA,NA,0
Parma unifasciata,-32.79,152.09,2012,4,25,10,1,-33_152,20.998074054718018,22.913747787475582,20.861195442622325,23.682916185590955,NA,NA,0
Parma unifasciata,-32.79,152.09,2012,4,25,12.5,1,-33_152,20.998074054718018,22.913747787475582,20.861195442622325,23.682916185590955,NA,NA,0
Parma unifasciata,-32.69,152.23,2012,4,28,10,25,-33_152,20.998074054718018,22.913747787475582,20.861195442622325,23.682916185590955,2007,Port Stephens Great Lake Marine Park,0
Parma unifasciata,-32.69,152.23,2012,4,28,12.5,24,-33_152,20.998074054718018,22.913747787475582,20.861195442622325,23.682916185590955,2007,Port Stephens Great Lake Marine Park,0
Parma unifasciata,-32.69,152.23,2012,4,28,7.5,4,-33_152,20.998074054718018,22.913747787475582,20.861195442622325,23.682916185590955,2007,Port Stephens Great Lake Marine Park,0
Parma unifasciata,-32.69,152.23,2012,4,28,10,11,-33_152,20.998074054718018,22.913747787475582,20.861195442622325,23.682916185590955,2007,Port Stephens Great Lake Marine Park,0
Parma unifasciata,-32.69,152.23,2012,4,28,12.5,5,-33_152,20.998074054718018,22.913747787475582,20.861195442622325,23.682916185590955,2007,Port Stephens Great Lake Marine Park,0
Parma unifasciata,-32.71,152.16,2012,4,29,7.5,1,-33_152,20.998074054718018,22.913747787475582,20.861195442622325,23.682916185590955,1983,Fly Point-Halifax Park,1
Parma unifasciata,-32.71,152.23,2012,4,15,12.5,18,-33_152,20.998074054718018,22.913747787475582,20.861195442622325,23.682916185590955,NA,NA,0
Parma unifasciata,-32.71,152.23,2012,4,15,15,17,-33_152,20.998074054718018,22.913747787475582,20.861195442622325,23.682916185590955,NA,NA,0
Parma unifasciata,-32.71,152.23,2012,4,15,20,34,-33_152,20.998074054718018,22.913747787475582,20.861195442622325,23.682916185590955,NA,NA,0
Parma unifasciata,-32.71,152.23,2012,4,15,25,7,-33_152,20.998074054718018,22.913747787475582,20.861195442622325,23.682916185590955,NA,NA,0
Parma unifasciata,-32.71,152.23,2012,4,15,7.5,5,-33_152,20.998074054718018,22.913747787475582,20.861195442622325,23.682916185590955,NA,NA,0
Parma unifasciata,-32.71,152.23,2012,4,15,10,5,-33_152,20.998074054718018,22.913747787475582,20.861195442622325,23.682916185590955,NA,NA,0
Parma unifasciata,-32.71,152.23,2012,4,15,12.5,20,-33_152,20.998074054718018,22.913747787475582,20.861195442622325,23.682916185590955,NA,NA,0
Parma unifasciata,-32.71,152.23,2012,4,15,15,30,-33_152,20.998074054718018,22.913747787475582,20.861195442622325,23.682916185590955,NA,NA,0
Parma unifasciata,-32.71,152.16,2012,1,26,12.5,1,-33_152,20.998074054718018,23.26630401611328,20.861195442622325,23.77376296443324,1983,Fly Point-Halifax Park,1
Parma unifasciata,-32.6,152.32,2012,5,11,10,9,-33_152,20.998074054718018,21.269546508789063,20.861195442622325,21.74844032205561,NA,NA,0
Parma unifasciata,-32.6,152.32,2012,5,11,12.5,7,-33_152,20.998074054718018,21.269546508789063,20.861195442622325,21.74844032205561,NA,NA,0
Parma unifasciata,-32.6,152.32,2012,5,11,7.5,6,-33_152,20.998074054718018,21.269546508789063,20.861195442622325,21.74844032205561,NA,NA,0
Parma unifasciata,-32.6,152.32,2012,5,11,10,10,-33_152,20.998074054718018,21.269546508789063,20.861195442622325,21.74844032205561,NA,NA,0
Parma unifasciata,-32.6,152.32,2012,5,11,12.5,8,-33_152,20.998074054718018,21.269546508789063,20.861195442622325,21.74844032205561,NA,NA,0
Parma unifasciata,-32.62,152.33,2012,5,11,7.5,4,-33_152,20.998074054718018,21.269546508789063,20.861195442622325,21.74844032205561,2007,Port Stephens Great Lake Marine Park,0
Parma unifasciata,-32.62,152.33,2012,5,11,10,7,-33_152,20.998074054718018,21.269546508789063,20.861195442622325,21.74844032205561,2007,Port Stephens Great Lake Marine Park,0
Parma unifasciata,-32.62,152.33,2012,5,11,12.5,5,-33_152,20.998074054718018,21.269546508789063,20.861195442622325,21.74844032205561,2007,Port Stephens Great Lake Marine Park,0
Parma unifasciata,-32.62,152.33,2012,5,11,7.5,5,-33_152,20.998074054718018,21.269546508789063,20.861195442622325,21.74844032205561,2007,Port Stephens Great Lake Marine Park,0
Parma unifasciata,-32.62,152.33,2012,5,11,10,9,-33_152,20.998074054718018,21.269546508789063,20.861195442622325,21.74844032205561,2007,Port Stephens Great Lake Marine Park,0
Parma unifasciata,-32.62,152.33,2012,5,11,12.5,2,-33_152,20.998074054718018,21.269546508789063,20.861195442622325,21.74844032205561,2007,Port Stephens Great Lake Marine Park,0
Parma unifasciata,-32.62,152.33,2012,5,12,2.5,2,-33_152,20.998074054718018,21.269546508789063,20.861195442622325,21.74844032205561,2007,Port Stephens Great Lake Marine Park,0
Parma unifasciata,-32.62,152.33,2012,5,12,5,3,-33_152,20.998074054718018,21.269546508789063,20.861195442622325,21.74844032205561,2007,Port Stephens Great Lake Marine Park,0
Parma unifasciata,-32.62,152.33,2012,5,12,7.5,5,-33_152,20.998074054718018,21.269546508789063,20.861195442622325,21.74844032205561,2007,Port Stephens Great Lake Marine Park,0
Parma unifasciata,-32.71,152.16,2012,1,28,5,2,-33_152,20.998074054718018,23.26630401611328,20.861195442622325,23.77376296443324,1983,Fly Point-Halifax Park,1
Parma unifasciata,-32.71,152.16,2012,1,28,7.5,1,-33_152,20.998074054718018,23.26630401611328,20.861195442622325,23.77376296443324,1983,Fly Point-Halifax Park,1
Parma unifasciata,-32.74,152.19,2012,9,15,5,2,-33_152,20.998074054718018,18.13119888305664,20.861195442622325,17.827277427249484,NA,NA,0
Parma unifasciata,-32.74,152.19,2012,9,15,7.5,10,-33_152,20.998074054718018,18.13119888305664,20.861195442622325,17.827277427249484,NA,NA,0
Parma unifasciata,-32.74,152.19,2012,9,15,10,20,-33_152,20.998074054718018,18.13119888305664,20.861195442622325,17.827277427249484,NA,NA,0
Parma unifasciata,-32.74,152.19,2012,9,15,12.5,2,-33_152,20.998074054718018,18.13119888305664,20.861195442622325,17.827277427249484,NA,NA,0
Parma unifasciata,-32.74,152.19,2012,9,15,10,4,-33_152,20.998074054718018,18.13119888305664,20.861195442622325,17.827277427249484,NA,NA,0
Parma unifasciata,-32.74,152.19,2012,9,15,12.5,5,-33_152,20.998074054718018,18.13119888305664,20.861195442622325,17.827277427249484,NA,NA,0
Parma unifasciata,-32.69,152.22,2012,9,16,7.5,4,-33_152,20.998074054718018,18.13119888305664,20.861195442622325,17.827277427249484,NA,NA,0
Parma unifasciata,-32.69,152.22,2012,9,16,10,1,-33_152,20.998074054718018,18.13119888305664,20.861195442622325,17.827277427249484,NA,NA,0
Parma unifasciata,-32.69,152.22,2012,9,16,12.5,1,-33_152,20.998074054718018,18.13119888305664,20.861195442622325,17.827277427249484,NA,NA,0
Parma unifasciata,-32.7,152.23,2012,9,23,7.5,33,-33_152,20.998074054718018,18.13119888305664,20.861195442622325,17.827277427249484,NA,NA,0
Parma unifasciata,-32.7,152.23,2012,9,23,10,45,-33_152,20.998074054718018,18.13119888305664,20.861195442622325,17.827277427249484,NA,NA,0
Parma unifasciata,-32.7,152.23,2012,9,23,12.5,10,-33_152,20.998074054718018,18.13119888305664,20.861195442622325,17.827277427249484,NA,NA,0
Parma unifasciata,-32.7,152.23,2012,9,23,15,4,-33_152,20.998074054718018,18.13119888305664,20.861195442622325,17.827277427249484,NA,NA,0
Parma unifasciata,-32.7,152.23,2012,9,23,12.5,20,-33_152,20.998074054718018,18.13119888305664,20.861195442622325,17.827277427249484,NA,NA,0
Parma unifasciata,-32.7,152.23,2012,9,23,15,5,-33_152,20.998074054718018,18.13119888305664,20.861195442622325,17.827277427249484,NA,NA,0
Parma unifasciata,-32.71,152.16,2012,4,9,5,1,-33_152,20.998074054718018,22.913747787475582,20.861195442622325,23.682916185590955,1983,Fly Point-Halifax Park,1
Parma unifasciata,-30.02,153.27,2011,8,31,7.5,2,-30_153,23.01617193222046,20.37078094482422,22.974226457793105,20.161354311050907,2002,Solitary Islands Marine Park,0
Parma unifasciata,-30.02,153.27,2011,8,31,10,7,-30_153,23.01617193222046,20.37078094482422,22.974226457793105,20.161354311050907,2002,Solitary Islands Marine Park,0
Parma unifasciata,-30.02,153.27,2011,8,31,12.5,7,-30_153,23.01617193222046,20.37078094482422,22.974226457793105,20.161354311050907,2002,Solitary Islands Marine Park,0
Parma unifasciata,-30.02,153.27,2011,8,31,7.5,5,-30_153,23.01617193222046,20.37078094482422,22.974226457793105,20.161354311050907,2002,Solitary Islands Marine Park,0
Parma unifasciata,-30.02,153.27,2011,8,31,10,8,-30_153,23.01617193222046,20.37078094482422,22.974226457793105,20.161354311050907,2002,Solitary Islands Marine Park,0
Parma unifasciata,-30.02,153.27,2011,8,31,12.5,3,-30_153,23.01617193222046,20.37078094482422,22.974226457793105,20.161354311050907,2002,Solitary Islands Marine Park,0
Parma unifasciata,-30.24,153.18,2011,8,14,10,10,-30_153,23.01617193222046,20.37078094482422,22.974226457793105,20.161354311050907,2002,Solitary Islands Marine Park,0
Parma unifasciata,-30.24,153.18,2011,8,14,12.5,10,-30_153,23.01617193222046,20.37078094482422,22.974226457793105,20.161354311050907,2002,Solitary Islands Marine Park,0
Parma unifasciata,-30.24,153.18,2011,8,14,10,17,-30_153,23.01617193222046,20.37078094482422,22.974226457793105,20.161354311050907,2002,Solitary Islands Marine Park,0
Parma unifasciata,-30.24,153.18,2011,8,14,12.5,17,-30_153,23.01617193222046,20.37078094482422,22.974226457793105,20.161354311050907,2002,Solitary Islands Marine Park,0
Parma unifasciata,-30.16,153.23,2011,8,10,7.5,7,-30_153,23.01617193222046,20.37078094482422,22.974226457793105,20.161354311050907,2002,Solitary Islands Marine Park,0
Parma unifasciata,-30.16,153.23,2011,8,10,10,7,-30_153,23.01617193222046,20.37078094482422,22.974226457793105,20.161354311050907,2002,Solitary Islands Marine Park,0
Parma unifasciata,-30.16,153.23,2011,8,10,7.5,2,-30_153,23.01617193222046,20.37078094482422,22.974226457793105,20.161354311050907,2002,Solitary Islands Marine Park,0
Parma unifasciata,-30.16,153.23,2011,9,17,10,15,-30_153,23.01617193222046,20.734615325927734,22.974226457793105,20.523866182963054,2002,Solitary Islands Marine Park,0
Parma unifasciata,-30.16,153.23,2011,9,17,12.5,10,-30_153,23.01617193222046,20.734615325927734,22.974226457793105,20.523866182963054,2002,Solitary Islands Marine Park,0
Parma unifasciata,-30.16,153.23,2011,9,17,10,25,-30_153,23.01617193222046,20.734615325927734,22.974226457793105,20.523866182963054,2002,Solitary Islands Marine Park,0
Parma unifasciata,-30.16,153.23,2011,9,17,12.5,17,-30_153,23.01617193222046,20.734615325927734,22.974226457793105,20.523866182963054,2002,Solitary Islands Marine Park,0
Parma unifasciata,-30.24,153.18,2011,8,14,10,22,-30_153,23.01617193222046,20.37078094482422,22.974226457793105,20.161354311050907,2002,Solitary Islands Marine Park,0
Parma unifasciata,-30.24,153.18,2011,8,14,12.5,22,-30_153,23.01617193222046,20.37078094482422,22.974226457793105,20.161354311050907,2002,Solitary Islands Marine Park,0
Parma unifasciata,-30.24,153.18,2011,8,14,10,20,-30_153,23.01617193222046,20.37078094482422,22.974226457793105,20.161354311050907,2002,Solitary Islands Marine Park,0
Parma unifasciata,-30.24,153.18,2011,8,14,12.5,20,-30_153,23.01617193222046,20.37078094482422,22.974226457793105,20.161354311050907,2002,Solitary Islands Marine Park,0
Parma unifasciata,-30.16,153.23,2011,9,17,7.5,11,-30_153,23.01617193222046,20.734615325927734,22.974226457793105,20.523866182963054,2002,Solitary Islands Marine Park,0
Parma unifasciata,-30.16,153.23,2011,9,17,10,15,-30_153,23.01617193222046,20.734615325927734,22.974226457793105,20.523866182963054,2002,Solitary Islands Marine Park,0
Parma unifasciata,-30.16,153.23,2011,9,17,7.5,14,-30_153,23.01617193222046,20.734615325927734,22.974226457793105,20.523866182963054,2002,Solitary Islands Marine Park,0
Parma unifasciata,-30.16,153.23,2011,9,17,10,20,-30_153,23.01617193222046,20.734615325927734,22.974226457793105,20.523866182963054,2002,Solitary Islands Marine Park,0
Parma unifasciata,-29.92,153.39,2011,10,1,7.5,3,-30_153,23.01617193222046,21.69668197631836,22.974226457793105,21.247418828164378,2002,Solitary Islands Marine Park,0
Parma unifasciata,-32.79,152.11,2012,4,14,7.5,1,-33_152,20.998074054718018,22.913747787475582,20.861195442622325,23.682916185590955,NA,NA,0
Parma unifasciata,-32.79,152.11,2012,4,14,10,1,-33_152,20.998074054718018,22.913747787475582,20.861195442622325,23.682916185590955,NA,NA,0
Parma unifasciata,-32.69,152.23,2012,4,15,7.5,7,-33_152,20.998074054718018,22.913747787475582,20.861195442622325,23.682916185590955,2007,Port Stephens Great Lake Marine Park,0
Parma unifasciata,-32.69,152.23,2012,4,15,10,15,-33_152,20.998074054718018,22.913747787475582,20.861195442622325,23.682916185590955,2007,Port Stephens Great Lake Marine Park,0
Parma unifasciata,-32.69,152.23,2012,4,15,12.5,3,-33_152,20.998074054718018,22.913747787475582,20.861195442622325,23.682916185590955,2007,Port Stephens Great Lake Marine Park,0
Parma unifasciata,-32.69,152.23,2012,4,15,5,4,-33_152,20.998074054718018,22.913747787475582,20.861195442622325,23.682916185590955,2007,Port Stephens Great Lake Marine Park,0
Parma unifasciata,-32.69,152.23,2012,4,15,7.5,14,-33_152,20.998074054718018,22.913747787475582,20.861195442622325,23.682916185590955,2007,Port Stephens Great Lake Marine Park,0
Parma unifasciata,-32.69,152.23,2012,4,15,10,16,-33_152,20.998074054718018,22.913747787475582,20.861195442622325,23.682916185590955,2007,Port Stephens Great Lake Marine Park,0
Parma unifasciata,-32.69,152.23,2012,4,15,12.5,5,-33_152,20.998074054718018,22.913747787475582,20.861195442622325,23.682916185590955,2007,Port Stephens Great Lake Marine Park,0
Parma unifasciata,-32.71,152.23,2012,4,15,7.5,4,-33_152,20.998074054718018,22.913747787475582,20.861195442622325,23.682916185590955,NA,NA,0
Parma unifasciata,-32.71,152.23,2012,4,15,10,6,-33_152,20.998074054718018,22.913747787475582,20.861195442622325,23.682916185590955,NA,NA,0
Parma unifasciata,-32.71,152.23,2012,4,15,5,1,-33_152,20.998074054718018,22.913747787475582,20.861195442622325,23.682916185590955,NA,NA,0
Parma unifasciata,-32.71,152.23,2012,4,15,10,15,-33_152,20.998074054718018,22.913747787475582,20.861195442622325,23.682916185590955,NA,NA,0
Parma unifasciata,-32.71,152.23,2012,4,15,12.5,6,-33_152,20.998074054718018,22.913747787475582,20.861195442622325,23.682916185590955,NA,NA,0
Parma unifasciata,-32.72,152.13,2012,1,8,2.5,1,-33_152,20.998074054718018,23.26630401611328,20.861195442622325,23.77376296443324,NA,NA,0
Parma unifasciata,-32.71,152.16,2012,3,25,7.5,2,-33_152,20.998074054718018,23.597801208496097,20.861195442622325,22.894058647976127,1983,Fly Point-Halifax Park,1
Parma unifasciata,-32.74,152.19,2012,2,12,2.5,2,-33_152,20.998074054718018,23.87634658813477,20.861195442622325,23.453160428452765,NA,NA,0
Parma unifasciata,-32.74,152.19,2012,2,12,5,1,-33_152,20.998074054718018,23.87634658813477,20.861195442622325,23.453160428452765,NA,NA,0
Parma unifasciata,-32.74,152.19,2012,2,12,7.5,2,-33_152,20.998074054718018,23.87634658813477,20.861195442622325,23.453160428452765,NA,NA,0
Parma unifasciata,-32.74,152.19,2012,2,12,10,7,-33_152,20.998074054718018,23.87634658813477,20.861195442622325,23.453160428452765,NA,NA,0
Parma unifasciata,-32.74,152.19,2012,2,12,12.5,5,-33_152,20.998074054718018,23.87634658813477,20.861195442622325,23.453160428452765,NA,NA,0
Parma unifasciata,-32.74,152.19,2012,2,12,12.5,12,-33_152,20.998074054718018,23.87634658813477,20.861195442622325,23.453160428452765,NA,NA,0
Parma unifasciata,-32.74,152.19,2012,2,12,15,12,-33_152,20.998074054718018,23.87634658813477,20.861195442622325,23.453160428452765,NA,NA,0
Parma unifasciata,-32.71,152.16,2012,1,26,5,1,-33_152,20.998074054718018,23.26630401611328,20.861195442622325,23.77376296443324,1983,Fly Point-Halifax Park,1
Parma unifasciata,-32.79,152.11,2012,8,23,5,1,-33_152,20.998074054718018,17.718364715576172,20.861195442622325,18.177687762885967,NA,NA,0
Parma unifasciata,-32.79,152.11,2012,8,23,7.5,2,-33_152,20.998074054718018,17.718364715576172,20.861195442622325,18.177687762885967,NA,NA,0
Parma unifasciata,-32.79,152.11,2012,8,23,10,3,-33_152,20.998074054718018,17.718364715576172,20.861195442622325,18.177687762885967,NA,NA,0
Parma unifasciata,-32.79,152.11,2012,8,23,12.5,1,-33_152,20.998074054718018,17.718364715576172,20.861195442622325,18.177687762885967,NA,NA,0
Parma unifasciata,-32.69,152.23,2012,8,25,5,5,-33_152,20.998074054718018,17.718364715576172,20.861195442622325,18.177687762885967,2007,Port Stephens Great Lake Marine Park,0
Parma unifasciata,-32.69,152.23,2012,8,25,7.5,2,-33_152,20.998074054718018,17.718364715576172,20.861195442622325,18.177687762885967,2007,Port Stephens Great Lake Marine Park,0
Parma unifasciata,-32.69,152.23,2012,8,25,10,10,-33_152,20.998074054718018,17.718364715576172,20.861195442622325,18.177687762885967,2007,Port Stephens Great Lake Marine Park,0
Parma unifasciata,-32.69,152.23,2012,8,25,12.5,15,-33_152,20.998074054718018,17.718364715576172,20.861195442622325,18.177687762885967,2007,Port Stephens Great Lake Marine Park,0
Parma unifasciata,-32.69,152.23,2012,8,25,10,3,-33_152,20.998074054718018,17.718364715576172,20.861195442622325,18.177687762885967,2007,Port Stephens Great Lake Marine Park,0
Parma unifasciata,-32.69,152.23,2012,8,25,15,10,-33_152,20.998074054718018,17.718364715576172,20.861195442622325,18.177687762885967,2007,Port Stephens Great Lake Marine Park,0
Parma unifasciata,-32.72,152.15,2013,4,20,5,1,-33_152,21.45964765548706,23.543062210083008,21.34589705349317,23.738610543145075,NA,NA,0
Parma unifasciata,-32.74,152.19,2013,2,15,5,1,-33_152,21.45964765548706,24.129709243774418,21.34589705349317,23.636249468440106,NA,NA,0
Parma unifasciata,-32.74,152.19,2013,2,15,7.5,1,-33_152,21.45964765548706,24.129709243774418,21.34589705349317,23.636249468440106,NA,NA,0
Parma unifasciata,-32.74,152.19,2013,2,15,10,3,-33_152,21.45964765548706,24.129709243774418,21.34589705349317,23.636249468440106,NA,NA,0
Parma unifasciata,-32.74,152.19,2013,2,15,12.5,1,-33_152,21.45964765548706,24.129709243774418,21.34589705349317,23.636249468440106,NA,NA,0
Parma unifasciata,-32.74,152.19,2013,2,15,10,5,-33_152,21.45964765548706,24.129709243774418,21.34589705349317,23.636249468440106,NA,NA,0
Parma unifasciata,-32.74,152.19,2013,2,15,12.5,10,-33_152,21.45964765548706,24.129709243774418,21.34589705349317,23.636249468440106,NA,NA,0
Parma unifasciata,-32.74,152.19,2013,2,15,15,3,-33_152,21.45964765548706,24.129709243774418,21.34589705349317,23.636249468440106,NA,NA,0
Parma unifasciata,-32.69,152.22,2013,2,17,7.5,2,-33_152,21.45964765548706,24.129709243774418,21.34589705349317,23.636249468440106,NA,NA,0
Parma unifasciata,-32.69,152.22,2013,2,17,10,3,-33_152,21.45964765548706,24.129709243774418,21.34589705349317,23.636249468440106,NA,NA,0
Parma unifasciata,-32.74,152.19,2013,3,8,10,1,-33_152,21.45964765548706,23.891956329345703,21.34589705349317,23.22792960751441,NA,NA,0
Parma unifasciata,-32.74,152.19,2013,3,8,12.5,6,-33_152,21.45964765548706,23.891956329345703,21.34589705349317,23.22792960751441,NA,NA,0
Parma unifasciata,-32.74,152.19,2013,3,8,15,2,-33_152,21.45964765548706,23.891956329345703,21.34589705349317,23.22792960751441,NA,NA,0
Parma unifasciata,-32.74,152.19,2013,3,8,5,2,-33_152,21.45964765548706,23.891956329345703,21.34589705349317,23.22792960751441,NA,NA,0
Parma unifasciata,-32.74,152.19,2013,3,8,10,15,-33_152,21.45964765548706,23.891956329345703,21.34589705349317,23.22792960751441,NA,NA,0
Parma unifasciata,-32.74,152.19,2013,3,8,12.5,10,-33_152,21.45964765548706,23.891956329345703,21.34589705349317,23.22792960751441,NA,NA,0
Parma unifasciata,-32.71,152.15,2013,3,15,5,1,-33_152,21.45964765548706,23.891956329345703,21.34589705349317,23.22792960751441,1983,Fly Point-Halifax Park,1
Parma unifasciata,-32.71,152.15,2013,3,15,7.5,1,-33_152,21.45964765548706,23.891956329345703,21.34589705349317,23.22792960751441,1983,Fly Point-Halifax Park,1
Parma unifasciata,-32.71,152.15,2013,3,15,10,2,-33_152,21.45964765548706,23.891956329345703,21.34589705349317,23.22792960751441,1983,Fly Point-Halifax Park,1
Parma unifasciata,-32.71,152.15,2013,3,15,12.5,2,-33_152,21.45964765548706,23.891956329345703,21.34589705349317,23.22792960751441,1983,Fly Point-Halifax Park,1
Parma unifasciata,-32.71,152.15,2013,4,19,12.5,2,-33_152,21.45964765548706,23.543062210083008,21.34589705349317,23.738610543145075,1983,Fly Point-Halifax Park,1
Parma unifasciata,-32.71,152.15,2013,4,19,15,2,-33_152,21.45964765548706,23.543062210083008,21.34589705349317,23.738610543145075,1983,Fly Point-Halifax Park,1
Parma unifasciata,-32.71,152.15,2013,4,19,20,3,-33_152,21.45964765548706,23.543062210083008,21.34589705349317,23.738610543145075,1983,Fly Point-Halifax Park,1
Parma unifasciata,-32.69,152.22,2013,4,22,15,1,-33_152,21.45964765548706,23.543062210083008,21.34589705349317,23.738610543145075,NA,NA,0
Parma unifasciata,-32.69,152.22,2013,4,22,20,4,-33_152,21.45964765548706,23.543062210083008,21.34589705349317,23.738610543145075,NA,NA,0
Parma unifasciata,-32.69,152.22,2013,4,22,15,1,-33_152,21.45964765548706,23.543062210083008,21.34589705349317,23.738610543145075,NA,NA,0
Parma unifasciata,-32.69,152.22,2013,4,22,15,7,-33_152,21.45964765548706,23.543062210083008,21.34589705349317,23.738610543145075,NA,NA,0
Parma unifasciata,-32.69,152.22,2013,4,22,20,1,-33_152,21.45964765548706,23.543062210083008,21.34589705349317,23.738610543145075,NA,NA,0
Parma unifasciata,-32.75,152.19,2012,11,26,12.5,8,-33_152,20.998074054718018,20.79033851623535,20.861195442622325,20.157721736696033,2007,Port Stephens Great Lake Marine Park,0
Parma unifasciata,-32.75,152.19,2012,11,26,15,4,-33_152,20.998074054718018,20.79033851623535,20.861195442622325,20.157721736696033,2007,Port Stephens Great Lake Marine Park,0
Parma unifasciata,-32.76,152.17,2013,4,10,5,2,-33_152,21.45964765548706,23.543062210083008,21.34589705349317,23.738610543145075,NA,NA,0
Parma unifasciata,-32.75,152.19,2013,4,10,10,1,-33_152,21.45964765548706,23.543062210083008,21.34589705349317,23.738610543145075,2007,Port Stephens Great Lake Marine Park,0
Parma unifasciata,-32.75,152.19,2013,4,10,7.5,2,-33_152,21.45964765548706,23.543062210083008,21.34589705349317,23.738610543145075,2007,Port Stephens Great Lake Marine Park,0
Parma unifasciata,-32.75,152.19,2013,4,10,10,5,-33_152,21.45964765548706,23.543062210083008,21.34589705349317,23.738610543145075,2007,Port Stephens Great Lake Marine Park,0
Parma unifasciata,-32.71,152.23,2013,4,10,10,4,-33_152,21.45964765548706,23.543062210083008,21.34589705349317,23.738610543145075,NA,NA,0
Parma unifasciata,-32.71,152.23,2013,4,10,12.5,5,-33_152,21.45964765548706,23.543062210083008,21.34589705349317,23.738610543145075,NA,NA,0
Parma unifasciata,-32.79,152.11,2013,4,19,10,2,-33_152,21.45964765548706,23.543062210083008,21.34589705349317,23.738610543145075,NA,NA,0
Parma unifasciata,-32.79,152.11,2013,4,19,12.5,1,-33_152,21.45964765548706,23.543062210083008,21.34589705349317,23.738610543145075,NA,NA,0
Parma unifasciata,-32.71,152.23,2013,4,6,10,5,-33_152,21.45964765548706,23.543062210083008,21.34589705349317,23.738610543145075,NA,NA,0
Parma unifasciata,-32.71,152.23,2013,4,6,12.5,1,-33_152,21.45964765548706,23.543062210083008,21.34589705349317,23.738610543145075,NA,NA,0
Parma unifasciata,-32.71,152.23,2013,4,6,7.5,2,-33_152,21.45964765548706,23.543062210083008,21.34589705349317,23.738610543145075,NA,NA,0
Parma unifasciata,-32.71,152.23,2013,4,6,10,4,-33_152,21.45964765548706,23.543062210083008,21.34589705349317,23.738610543145075,NA,NA,0
Parma unifasciata,-32.71,152.23,2013,4,6,12.5,3,-33_152,21.45964765548706,23.543062210083008,21.34589705349317,23.738610543145075,NA,NA,0
Parma unifasciata,-32.68,152.23,2013,4,7,10,5,-33_152,21.45964765548706,23.543062210083008,21.34589705349317,23.738610543145075,2007,Port Stephens Great Lake Marine Park,0
Parma unifasciata,-32.68,152.23,2013,4,7,12.5,15,-33_152,21.45964765548706,23.543062210083008,21.34589705349317,23.738610543145075,2007,Port Stephens Great Lake Marine Park,0
Parma unifasciata,-32.68,152.23,2013,4,7,15,5,-33_152,21.45964765548706,23.543062210083008,21.34589705349317,23.738610543145075,2007,Port Stephens Great Lake Marine Park,0
Parma unifasciata,-32.71,152.23,2013,4,10,15,2,-33_152,21.45964765548706,23.543062210083008,21.34589705349317,23.738610543145075,NA,NA,0
Parma unifasciata,-32.68,152.23,2013,4,12,10,10,-33_152,21.45964765548706,23.543062210083008,21.34589705349317,23.738610543145075,2007,Port Stephens Great Lake Marine Park,0
Parma unifasciata,-32.68,152.23,2013,4,12,12.5,13,-33_152,21.45964765548706,23.543062210083008,21.34589705349317,23.738610543145075,2007,Port Stephens Great Lake Marine Park,0
Parma unifasciata,-32.68,152.23,2013,4,12,12.5,30,-33_152,21.45964765548706,23.543062210083008,21.34589705349317,23.738610543145075,2007,Port Stephens Great Lake Marine Park,0
Parma unifasciata,-32.68,152.23,2013,4,12,15,10,-33_152,21.45964765548706,23.543062210083008,21.34589705349317,23.738610543145075,2007,Port Stephens Great Lake Marine Park,0
Parma unifasciata,-32.69,152.22,2013,4,22,10,2,-33_152,21.45964765548706,23.543062210083008,21.34589705349317,23.738610543145075,NA,NA,0
Parma unifasciata,-32.69,152.22,2013,4,22,15,10,-33_152,21.45964765548706,23.543062210083008,21.34589705349317,23.738610543145075,NA,NA,0
Parma unifasciata,-32.69,152.22,2013,4,22,20,5,-33_152,21.45964765548706,23.543062210083008,21.34589705349317,23.738610543145075,NA,NA,0
Parma unifasciata,-32.69,152.22,2013,4,22,10,6,-33_152,21.45964765548706,23.543062210083008,21.34589705349317,23.738610543145075,NA,NA,0
Parma unifasciata,-32.69,152.22,2013,4,22,12.5,7,-33_152,21.45964765548706,23.543062210083008,21.34589705349317,23.738610543145075,NA,NA,0
Parma unifasciata,-32.69,152.22,2013,4,22,10,1,-33_152,21.45964765548706,23.543062210083008,21.34589705349317,23.738610543145075,NA,NA,0
Parma unifasciata,-32.69,152.22,2013,4,22,12.5,1,-33_152,21.45964765548706,23.543062210083008,21.34589705349317,23.738610543145075,NA,NA,0
Parma unifasciata,-32.69,152.22,2013,4,22,7.5,1,-33_152,21.45964765548706,23.543062210083008,21.34589705349317,23.738610543145075,NA,NA,0
Parma unifasciata,-32.69,152.22,2013,4,22,12.5,8,-33_152,21.45964765548706,23.543062210083008,21.34589705349317,23.738610543145075,NA,NA,0
Parma unifasciata,-32.69,152.22,2013,4,22,15,6,-33_152,21.45964765548706,23.543062210083008,21.34589705349317,23.738610543145075,NA,NA,0
Parma unifasciata,-32.69,152.22,2013,4,22,10,3,-33_152,21.45964765548706,23.543062210083008,21.34589705349317,23.738610543145075,NA,NA,0
Parma unifasciata,-32.69,152.22,2013,4,22,12.5,2,-33_152,21.45964765548706,23.543062210083008,21.34589705349317,23.738610543145075,NA,NA,0
Parma unifasciata,-32.68,152.23,2013,4,7,10,10,-33_152,21.45964765548706,23.543062210083008,21.34589705349317,23.738610543145075,2007,Port Stephens Great Lake Marine Park,0
Parma unifasciata,-32.68,152.23,2013,4,7,12.5,10,-33_152,21.45964765548706,23.543062210083008,21.34589705349317,23.738610543145075,2007,Port Stephens Great Lake Marine Park,0
Parma unifasciata,-32.6,152.32,2013,4,12,7.5,2,-33_152,21.45964765548706,23.543062210083008,21.34589705349317,23.738610543145075,NA,NA,0
Parma unifasciata,-32.6,152.32,2013,4,12,10,13,-33_152,21.45964765548706,23.543062210083008,21.34589705349317,23.738610543145075,NA,NA,0
Parma unifasciata,-32.6,152.32,2013,4,12,12.5,2,-33_152,21.45964765548706,23.543062210083008,21.34589705349317,23.738610543145075,NA,NA,0
Parma unifasciata,-32.6,152.32,2013,4,12,5,1,-33_152,21.45964765548706,23.543062210083008,21.34589705349317,23.738610543145075,NA,NA,0
Parma unifasciata,-32.6,152.32,2013,4,12,10,15,-33_152,21.45964765548706,23.543062210083008,21.34589705349317,23.738610543145075,NA,NA,0
Parma unifasciata,-32.62,152.33,2013,4,12,5,2,-33_152,21.45964765548706,23.543062210083008,21.34589705349317,23.738610543145075,2007,Port Stephens Great Lake Marine Park,0
Parma unifasciata,-32.62,152.33,2013,4,12,7.5,14,-33_152,21.45964765548706,23.543062210083008,21.34589705349317,23.738610543145075,2007,Port Stephens Great Lake Marine Park,0
Parma unifasciata,-32.62,152.33,2013,4,12,10,28,-33_152,21.45964765548706,23.543062210083008,21.34589705349317,23.738610543145075,2007,Port Stephens Great Lake Marine Park,0
Parma unifasciata,-32.62,152.33,2013,4,12,12.5,10,-33_152,21.45964765548706,23.543062210083008,21.34589705349317,23.738610543145075,2007,Port Stephens Great Lake Marine Park,0
Parma unifasciata,-32.62,152.33,2013,4,12,10,15,-33_152,21.45964765548706,23.543062210083008,21.34589705349317,23.738610543145075,2007,Port Stephens Great Lake Marine Park,0
Parma unifasciata,-32.62,152.33,2013,4,12,12.5,26,-33_152,21.45964765548706,23.543062210083008,21.34589705349317,23.738610543145075,2007,Port Stephens Great Lake Marine Park,0
Parma unifasciata,-32.71,152.18,2013,4,19,10,2,-33_152,21.45964765548706,23.543062210083008,21.34589705349317,23.738610543145075,NA,NA,0
Parma unifasciata,-32.71,152.18,2013,4,19,12.5,1,-33_152,21.45964765548706,23.543062210083008,21.34589705349317,23.738610543145075,NA,NA,0
Parma unifasciata,-32.71,152.18,2013,4,19,12.5,4,-33_152,21.45964765548706,23.543062210083008,21.34589705349317,23.738610543145075,NA,NA,0
Parma unifasciata,-32.71,152.16,2013,4,19,15,1,-33_152,21.45964765548706,23.543062210083008,21.34589705349317,23.738610543145075,1983,Fly Point-Halifax Park,1
Parma unifasciata,-32.71,152.16,2013,4,19,20,1,-33_152,21.45964765548706,23.543062210083008,21.34589705349317,23.738610543145075,1983,Fly Point-Halifax Park,1
Parma unifasciata,-32.71,152.16,2013,4,19,25,1,-33_152,21.45964765548706,23.543062210083008,21.34589705349317,23.738610543145075,1983,Fly Point-Halifax Park,1
Parma unifasciata,-32.76,152.17,2012,11,26,7.5,1,-33_152,20.998074054718018,20.79033851623535,20.861195442622325,20.157721736696033,NA,NA,0
Parma unifasciata,-32.76,152.17,2012,11,26,10,8,-33_152,20.998074054718018,20.79033851623535,20.861195442622325,20.157721736696033,NA,NA,0
Parma unifasciata,-32.76,152.17,2012,11,26,12.5,8,-33_152,20.998074054718018,20.79033851623535,20.861195442622325,20.157721736696033,NA,NA,0
Parma unifasciata,-32.76,152.17,2012,11,26,15,2,-33_152,20.998074054718018,20.79033851623535,20.861195442622325,20.157721736696033,NA,NA,0
Parma unifasciata,-32.76,152.17,2012,11,26,10,5,-33_152,20.998074054718018,20.79033851623535,20.861195442622325,20.157721736696033,NA,NA,0
Parma unifasciata,-32.76,152.17,2012,11,26,12.5,10,-33_152,20.998074054718018,20.79033851623535,20.861195442622325,20.157721736696033,NA,NA,0
Parma unifasciata,-32.75,152.19,2012,11,26,10,2,-33_152,20.998074054718018,20.79033851623535,20.861195442622325,20.157721736696033,2007,Port Stephens Great Lake Marine Park,0
Parma unifasciata,-32.75,152.19,2012,11,26,12.5,7,-33_152,20.998074054718018,20.79033851623535,20.861195442622325,20.157721736696033,2007,Port Stephens Great Lake Marine Park,0
Parma unifasciata,-32.75,152.19,2012,11,26,15,2,-33_152,20.998074054718018,20.79033851623535,20.861195442622325,20.157721736696033,2007,Port Stephens Great Lake Marine Park,0
Parma unifasciata,-32.71,152.23,2013,7,5,5,1,-33_152,21.45964765548706,18.89624786376953,21.34589705349317,19.133198445843114,NA,NA,0
Parma unifasciata,-32.71,152.23,2013,7,5,7.5,2,-33_152,21.45964765548706,18.89624786376953,21.34589705349317,19.133198445843114,NA,NA,0
Parma unifasciata,-32.71,152.23,2013,7,5,10,10,-33_152,21.45964765548706,18.89624786376953,21.34589705349317,19.133198445843114,NA,NA,0
Parma unifasciata,-32.71,152.23,2013,7,5,12.5,5,-33_152,21.45964765548706,18.89624786376953,21.34589705349317,19.133198445843114,NA,NA,0
Parma unifasciata,-32.71,152.23,2013,7,5,7.5,1,-33_152,21.45964765548706,18.89624786376953,21.34589705349317,19.133198445843114,NA,NA,0
Parma unifasciata,-32.71,152.23,2013,7,5,10,5,-33_152,21.45964765548706,18.89624786376953,21.34589705349317,19.133198445843114,NA,NA,0
Parma unifasciata,-32.71,152.23,2013,7,5,12.5,15,-33_152,21.45964765548706,18.89624786376953,21.34589705349317,19.133198445843114,NA,NA,0
Parma unifasciata,-32.79,152.11,2013,7,6,7.5,1,-33_152,21.45964765548706,18.89624786376953,21.34589705349317,19.133198445843114,NA,NA,0
Parma unifasciata,-32.62,152.33,2013,7,12,10,1,-33_152,21.45964765548706,18.89624786376953,21.34589705349317,19.133198445843114,2007,Port Stephens Great Lake Marine Park,0
Parma unifasciata,-32.62,152.33,2013,7,12,12.5,1,-33_152,21.45964765548706,18.89624786376953,21.34589705349317,19.133198445843114,2007,Port Stephens Great Lake Marine Park,0
Parma unifasciata,-32.62,152.33,2013,7,12,10,4,-33_152,21.45964765548706,18.89624786376953,21.34589705349317,19.133198445843114,2007,Port Stephens Great Lake Marine Park,0
Parma unifasciata,-32.62,152.33,2013,7,12,12.5,6,-33_152,21.45964765548706,18.89624786376953,21.34589705349317,19.133198445843114,2007,Port Stephens Great Lake Marine Park,0
Parma unifasciata,-32.74,152.19,2013,7,13,7.5,3,-33_152,21.45964765548706,18.89624786376953,21.34589705349317,19.133198445843114,NA,NA,0
Parma unifasciata,-32.74,152.19,2013,7,13,10,2,-33_152,21.45964765548706,18.89624786376953,21.34589705349317,19.133198445843114,NA,NA,0
Parma unifasciata,-32.74,152.19,2013,7,13,5,5,-33_152,21.45964765548706,18.89624786376953,21.34589705349317,19.133198445843114,NA,NA,0
Parma unifasciata,-32.74,152.19,2013,7,13,7.5,4,-33_152,21.45964765548706,18.89624786376953,21.34589705349317,19.133198445843114,NA,NA,0
Parma unifasciata,-32.74,152.19,2013,7,13,10,10,-33_152,21.45964765548706,18.89624786376953,21.34589705349317,19.133198445843114,NA,NA,0
Parma unifasciata,-32.74,152.19,2013,7,13,12.5,15,-33_152,21.45964765548706,18.89624786376953,21.34589705349317,19.133198445843114,NA,NA,0
Parma unifasciata,-32.79,152.09,2013,5,16,5,2,-33_152,21.45964765548706,21.668472290039063,21.34589705349317,22.31215003228957,NA,NA,0
Parma unifasciata,-32.79,152.09,2013,5,16,7.5,5,-33_152,21.45964765548706,21.668472290039063,21.34589705349317,22.31215003228957,NA,NA,0
Parma unifasciata,-32.79,152.09,2013,5,16,10,5,-33_152,21.45964765548706,21.668472290039063,21.34589705349317,22.31215003228957,NA,NA,0
Parma unifasciata,-32.79,152.09,2013,5,16,12.5,2,-33_152,21.45964765548706,21.668472290039063,21.34589705349317,22.31215003228957,NA,NA,0
Parma unifasciata,-32.79,152.09,2013,5,16,5,3,-33_152,21.45964765548706,21.668472290039063,21.34589705349317,22.31215003228957,NA,NA,0
Parma unifasciata,-32.79,152.09,2013,5,16,10,2,-33_152,21.45964765548706,21.668472290039063,21.34589705349317,22.31215003228957,NA,NA,0
Parma unifasciata,-32.62,152.31,2013,5,26,12.5,5,-33_152,21.45964765548706,21.668472290039063,21.34589705349317,22.31215003228957,NA,NA,0
Parma unifasciata,-32.62,152.31,2013,5,26,15,2,-33_152,21.45964765548706,21.668472290039063,21.34589705349317,22.31215003228957,NA,NA,0
Parma unifasciata,-32.61,152.31,2013,5,26,12.5,1,-33_152,21.45964765548706,21.668472290039063,21.34589705349317,22.31215003228957,NA,NA,0
Parma unifasciata,-32.69,152.23,2013,5,31,7.5,1,-33_152,21.45964765548706,21.668472290039063,21.34589705349317,22.31215003228957,2007,Port Stephens Great Lake Marine Park,0
Parma unifasciata,-32.69,152.23,2013,5,31,10,3,-33_152,21.45964765548706,21.668472290039063,21.34589705349317,22.31215003228957,2007,Port Stephens Great Lake Marine Park,0
Parma unifasciata,-32.69,152.23,2013,5,31,12.5,2,-33_152,21.45964765548706,21.668472290039063,21.34589705349317,22.31215003228957,2007,Port Stephens Great Lake Marine Park,0
Parma unifasciata,-32.69,152.22,2013,5,31,7.5,1,-33_152,21.45964765548706,21.668472290039063,21.34589705349317,22.31215003228957,NA,NA,0
Parma unifasciata,-32.69,152.22,2013,5,31,10,2,-33_152,21.45964765548706,21.668472290039063,21.34589705349317,22.31215003228957,NA,NA,0
Parma unifasciata,-32.69,152.22,2013,5,31,12.5,1,-33_152,21.45964765548706,21.668472290039063,21.34589705349317,22.31215003228957,NA,NA,0
Parma unifasciata,-32.71,152.18,2013,4,19,15,4,-33_152,21.45964765548706,23.543062210083008,21.34589705349317,23.738610543145075,NA,NA,0
Parma unifasciata,-32.71,152.18,2013,4,19,20,1,-33_152,21.45964765548706,23.543062210083008,21.34589705349317,23.738610543145075,NA,NA,0
Parma unifasciata,-32.71,152.18,2013,4,19,12.5,2,-33_152,21.45964765548706,23.543062210083008,21.34589705349317,23.738610543145075,NA,NA,0
Parma unifasciata,-32.71,152.15,2013,4,19,10,1,-33_152,21.45964765548706,23.543062210083008,21.34589705349317,23.738610543145075,1983,Fly Point-Halifax Park,1
Parma unifasciata,-32.71,152.15,2013,4,19,15,1,-33_152,21.45964765548706,23.543062210083008,21.34589705349317,23.738610543145075,1983,Fly Point-Halifax Park,1
Parma unifasciata,-32.72,152.15,2013,1,13,7.5,1,-33_152,21.45964765548706,23.560760498046875,21.34589705349317,22.678547915591988,NA,NA,0
Parma unifasciata,-32.72,152.15,2013,1,13,7.5,2,-33_152,21.45964765548706,23.560760498046875,21.34589705349317,22.678547915591988,NA,NA,0
Parma unifasciata,-32.71,152.16,2013,4,20,12.5,1,-33_152,21.45964765548706,23.543062210083008,21.34589705349317,23.738610543145075,1983,Fly Point-Halifax Park,1
Parma unifasciata,-32.71,152.16,2013,4,20,15,1,-33_152,21.45964765548706,23.543062210083008,21.34589705349317,23.738610543145075,1983,Fly Point-Halifax Park,1
Parma unifasciata,-32.69,152.22,2013,4,22,20,1,-33_152,21.45964765548706,23.543062210083008,21.34589705349317,23.738610543145075,NA,NA,0
Parma unifasciata,-32.69,152.22,2013,4,22,15,3,-33_152,21.45964765548706,23.543062210083008,21.34589705349317,23.738610543145075,NA,NA,0
Parma unifasciata,-32.69,152.22,2013,4,22,20,2,-33_152,21.45964765548706,23.543062210083008,21.34589705349317,23.738610543145075,NA,NA,0
Parma unifasciata,-32.69,152.22,2013,4,22,12.5,1,-33_152,21.45964765548706,23.543062210083008,21.34589705349317,23.738610543145075,NA,NA,0
Parma unifasciata,-32.69,152.22,2013,4,22,15,4,-33_152,21.45964765548706,23.543062210083008,21.34589705349317,23.738610543145075,NA,NA,0
Parma unifasciata,-32.69,152.22,2013,4,22,20,5,-33_152,21.45964765548706,23.543062210083008,21.34589705349317,23.738610543145075,NA,NA,0
Parma unifasciata,-32.69,152.22,2013,4,22,20,9,-33_152,21.45964765548706,23.543062210083008,21.34589705349317,23.738610543145075,NA,NA,0
Parma unifasciata,-32.71,152.16,2013,4,19,5,2,-33_152,21.45964765548706,23.543062210083008,21.34589705349317,23.738610543145075,1983,Fly Point-Halifax Park,1
Parma unifasciata,-32.71,152.16,2013,4,19,7.5,4,-33_152,21.45964765548706,23.543062210083008,21.34589705349317,23.738610543145075,1983,Fly Point-Halifax Park,1
Parma unifasciata,-32.71,152.16,2013,4,19,10,5,-33_152,21.45964765548706,23.543062210083008,21.34589705349317,23.738610543145075,1983,Fly Point-Halifax Park,1
Parma unifasciata,-32.69,152.22,2013,5,31,5,3,-33_152,21.45964765548706,21.668472290039063,21.34589705349317,22.31215003228957,NA,NA,0
Parma unifasciata,-32.69,152.22,2013,5,31,10,4,-33_152,21.45964765548706,21.668472290039063,21.34589705349317,22.31215003228957,NA,NA,0
Parma unifasciata,-32.69,152.22,2013,5,31,12.5,5,-33_152,21.45964765548706,21.668472290039063,21.34589705349317,22.31215003228957,NA,NA,0
Parma unifasciata,-32.74,152.2,2013,6,1,10,2,-33_152,21.45964765548706,19.30000686645508,21.34589705349317,19.50158282915751,NA,NA,0
Parma unifasciata,-32.74,152.2,2013,6,1,12.5,4,-33_152,21.45964765548706,19.30000686645508,21.34589705349317,19.50158282915751,NA,NA,0
Parma unifasciata,-32.74,152.2,2013,6,1,15,2,-33_152,21.45964765548706,19.30000686645508,21.34589705349317,19.50158282915751,NA,NA,0
Parma unifasciata,-32.74,152.2,2013,6,1,5,5,-33_152,21.45964765548706,19.30000686645508,21.34589705349317,19.50158282915751,NA,NA,0
Parma unifasciata,-32.74,152.2,2013,6,1,7.5,3,-33_152,21.45964765548706,19.30000686645508,21.34589705349317,19.50158282915751,NA,NA,0
Parma unifasciata,-32.74,152.2,2013,6,1,10,5,-33_152,21.45964765548706,19.30000686645508,21.34589705349317,19.50158282915751,NA,NA,0
Parma unifasciata,-32.74,152.2,2013,6,1,12.5,2,-33_152,21.45964765548706,19.30000686645508,21.34589705349317,19.50158282915751,NA,NA,0
Parma unifasciata,-32.74,152.2,2013,6,1,7.5,2,-33_152,21.45964765548706,19.30000686645508,21.34589705349317,19.50158282915751,NA,NA,0
Parma unifasciata,-32.74,152.2,2013,6,1,10,2,-33_152,21.45964765548706,19.30000686645508,21.34589705349317,19.50158282915751,NA,NA,0
Parma unifasciata,-32.74,152.2,2013,6,1,12.5,4,-33_152,21.45964765548706,19.30000686645508,21.34589705349317,19.50158282915751,NA,NA,0
Parma unifasciata,-32.71,152.16,2013,4,19,7.5,3,-33_152,21.45964765548706,23.543062210083008,21.34589705349317,23.738610543145075,1983,Fly Point-Halifax Park,1
Parma unifasciata,-32.71,152.16,2013,4,19,10,2,-33_152,21.45964765548706,23.543062210083008,21.34589705349317,23.738610543145075,1983,Fly Point-Halifax Park,1
Parma unifasciata,-32.71,152.18,2013,4,19,10,1,-33_152,21.45964765548706,23.543062210083008,21.34589705349317,23.738610543145075,NA,NA,0
Parma unifasciata,-32.71,152.15,2013,4,19,7.5,1,-33_152,21.45964765548706,23.543062210083008,21.34589705349317,23.738610543145075,1983,Fly Point-Halifax Park,1
Parma unifasciata,-32.71,152.15,2013,4,19,10,2,-33_152,21.45964765548706,23.543062210083008,21.34589705349317,23.738610543145075,1983,Fly Point-Halifax Park,1
Parma unifasciata,-32.71,152.15,2013,4,19,12.5,3,-33_152,21.45964765548706,23.543062210083008,21.34589705349317,23.738610543145075,1983,Fly Point-Halifax Park,1
Parma unifasciata,-32.71,152.15,2013,4,19,15,1,-33_152,21.45964765548706,23.543062210083008,21.34589705349317,23.738610543145075,1983,Fly Point-Halifax Park,1
Parma unifasciata,-32.74,152.19,2013,5,11,7.5,3,-33_152,21.45964765548706,21.668472290039063,21.34589705349317,22.31215003228957,NA,NA,0
Parma unifasciata,-32.74,152.19,2013,5,11,10,5,-33_152,21.45964765548706,21.668472290039063,21.34589705349317,22.31215003228957,NA,NA,0
Parma unifasciata,-32.74,152.19,2013,5,11,12.5,7,-33_152,21.45964765548706,21.668472290039063,21.34589705349317,22.31215003228957,NA,NA,0
Parma unifasciata,-32.74,152.19,2013,5,11,15,7,-33_152,21.45964765548706,21.668472290039063,21.34589705349317,22.31215003228957,NA,NA,0
Parma unifasciata,-32.74,152.19,2013,5,11,7.5,1,-33_152,21.45964765548706,21.668472290039063,21.34589705349317,22.31215003228957,NA,NA,0
Parma unifasciata,-32.74,152.19,2013,5,11,12.5,5,-33_152,21.45964765548706,21.668472290039063,21.34589705349317,22.31215003228957,NA,NA,0
Parma unifasciata,-29.93,153.39,2013,4,26,7.5,5,-30_153,22.966265360514324,24.360939025878903,22.939593657805137,24.573932762145997,2002,Solitary Islands Marine Park,1
Parma unifasciata,-29.93,153.39,2013,4,26,10,3,-30_153,22.966265360514324,24.360939025878903,22.939593657805137,24.573932762145997,2002,Solitary Islands Marine Park,1
Parma unifasciata,-32.71,152.15,2013,6,22,5,4,-33_152,21.45964765548706,19.30000686645508,21.34589705349317,19.50158282915751,1983,Fly Point-Halifax Park,1
Parma unifasciata,-32.71,152.15,2013,6,22,7.5,1,-33_152,21.45964765548706,19.30000686645508,21.34589705349317,19.50158282915751,1983,Fly Point-Halifax Park,1
Parma unifasciata,-30.2,153.27,2013,4,26,10,10,-30_153,22.966265360514324,24.360939025878903,22.939593657805137,24.573932762145997,NA,NA,0
Parma unifasciata,-30.2,153.27,2013,4,26,12.5,10,-30_153,22.966265360514324,24.360939025878903,22.939593657805137,24.573932762145997,NA,NA,0
Parma unifasciata,-30.2,153.27,2013,4,26,10,10,-30_153,22.966265360514324,24.360939025878903,22.939593657805137,24.573932762145997,2002,Solitary Islands Marine Park,1
Parma unifasciata,-30.2,153.27,2013,4,26,12.5,15,-30_153,22.966265360514324,24.360939025878903,22.939593657805137,24.573932762145997,2002,Solitary Islands Marine Park,1
Parma unifasciata,-30.2,153.27,2013,4,26,7.5,5,-30_153,22.966265360514324,24.360939025878903,22.939593657805137,24.573932762145997,2002,Solitary Islands Marine Park,1
Parma unifasciata,-30.2,153.27,2013,4,26,10,22,-30_153,22.966265360514324,24.360939025878903,22.939593657805137,24.573932762145997,2002,Solitary Islands Marine Park,1
Parma unifasciata,-30.2,153.27,2013,4,26,12.5,20,-30_153,22.966265360514324,24.360939025878903,22.939593657805137,24.573932762145997,2002,Solitary Islands Marine Park,1
Parma unifasciata,-30.02,153.27,2013,4,27,10,3,-30_153,22.966265360514324,24.360939025878903,22.939593657805137,24.573932762145997,2002,Solitary Islands Marine Park,1
Parma unifasciata,-30.02,153.27,2013,4,27,12.5,3,-30_153,22.966265360514324,24.360939025878903,22.939593657805137,24.573932762145997,2002,Solitary Islands Marine Park,1
Parma unifasciata,-30.02,153.27,2013,4,27,12.5,5,-30_153,22.966265360514324,24.360939025878903,22.939593657805137,24.573932762145997,2002,Solitary Islands Marine Park,1
Parma unifasciata,-30.02,153.27,2013,4,27,15,5,-30_153,22.966265360514324,24.360939025878903,22.939593657805137,24.573932762145997,2002,Solitary Islands Marine Park,1
Parma unifasciata,-30.02,153.27,2013,4,27,10,13,-30_153,22.966265360514324,24.360939025878903,22.939593657805137,24.573932762145997,2002,Solitary Islands Marine Park,1
Parma unifasciata,-30.02,153.27,2013,4,27,12.5,13,-30_153,22.966265360514324,24.360939025878903,22.939593657805137,24.573932762145997,2002,Solitary Islands Marine Park,1
Parma unifasciata,-30.02,153.27,2013,4,27,15,3,-30_153,22.966265360514324,24.360939025878903,22.939593657805137,24.573932762145997,2002,Solitary Islands Marine Park,1
Parma unifasciata,-30.02,153.27,2013,4,27,7.5,2,-30_153,22.966265360514324,24.360939025878903,22.939593657805137,24.573932762145997,2002,Solitary Islands Marine Park,1
Parma unifasciata,-30.02,153.27,2013,4,27,10,5,-30_153,22.966265360514324,24.360939025878903,22.939593657805137,24.573932762145997,2002,Solitary Islands Marine Park,1
Parma unifasciata,-30.02,153.27,2013,4,27,12.5,10,-30_153,22.966265360514324,24.360939025878903,22.939593657805137,24.573932762145997,2002,Solitary Islands Marine Park,1
Parma unifasciata,-30.02,153.27,2013,4,27,15,5,-30_153,22.966265360514324,24.360939025878903,22.939593657805137,24.573932762145997,2002,Solitary Islands Marine Park,1
Parma unifasciata,-32.74,152.19,2014,1,12,5,2,-33_152,21.514901796976726,23.163799285888672,21.135377792134832,22.603413504938924,NA,NA,0
Parma unifasciata,-32.74,152.19,2014,1,12,7.5,4,-33_152,21.514901796976726,23.163799285888672,21.135377792134832,22.603413504938924,NA,NA,0
Parma unifasciata,-32.74,152.19,2014,1,12,10,15,-33_152,21.514901796976726,23.163799285888672,21.135377792134832,22.603413504938924,NA,NA,0
Parma unifasciata,-32.74,152.19,2014,1,12,5,1,-33_152,21.514901796976726,23.163799285888672,21.135377792134832,22.603413504938924,NA,NA,0
Parma unifasciata,-32.74,152.19,2014,1,12,7.5,1,-33_152,21.514901796976726,23.163799285888672,21.135377792134832,22.603413504938924,NA,NA,0
Parma unifasciata,-32.74,152.19,2014,1,12,10,5,-33_152,21.514901796976726,23.163799285888672,21.135377792134832,22.603413504938924,NA,NA,0
Parma unifasciata,-32.74,152.19,2014,1,12,12.5,5,-33_152,21.514901796976726,23.163799285888672,21.135377792134832,22.603413504938924,NA,NA,0
Parma unifasciata,-32.71,152.16,2014,1,18,5,1,-33_152,21.514901796976726,23.163799285888672,21.135377792134832,22.603413504938924,1983,Fly Point-Halifax Park,1
Parma unifasciata,-32.71,152.16,2014,1,18,7.5,2,-33_152,21.514901796976726,23.163799285888672,21.135377792134832,22.603413504938924,1983,Fly Point-Halifax Park,1
Parma unifasciata,-32.71,152.16,2014,1,18,12.5,1,-33_152,21.514901796976726,23.163799285888672,21.135377792134832,22.603413504938924,1983,Fly Point-Halifax Park,1
Parma unifasciata,-32.71,152.16,2014,1,18,10,2,-33_152,21.514901796976726,23.163799285888672,21.135377792134832,22.603413504938924,1983,Fly Point-Halifax Park,1
Parma unifasciata,-33.58,151.33,2014,1,27,2.5,1,-34_151,20.82452170054118,22.53306579589844,20.786031686481426,22.367660722424908,NA,NA,0
Parma unifasciata,-33.58,151.33,2014,1,27,5,1,-34_151,20.82452170054118,22.53306579589844,20.786031686481426,22.367660722424908,NA,NA,0
Parma unifasciata,-33.74,151.31,2014,4,2,12.5,1,-34_151,20.82452170054118,23.294639587402344,20.786031686481426,23.608249568939208,NA,NA,0
Parma unifasciata,-33.74,151.31,2014,4,2,7.5,2,-34_151,20.82452170054118,23.294639587402344,20.786031686481426,23.608249568939208,NA,NA,0
Parma unifasciata,-33.74,151.31,2014,4,2,10,3,-34_151,20.82452170054118,23.294639587402344,20.786031686481426,23.608249568939208,NA,NA,0
Parma unifasciata,-33.74,151.31,2014,4,2,15,1,-34_151,20.82452170054118,23.294639587402344,20.786031686481426,23.608249568939208,NA,NA,0
Parma unifasciata,-33.83,151.28,2014,5,24,10,1,-34_151,20.82452170054118,21.748912811279297,20.786031686481426,22.462257585217877,NA,NA,0
Parma unifasciata,-33.83,151.28,2014,5,24,12.5,1,-34_151,20.82452170054118,21.748912811279297,20.786031686481426,22.462257585217877,NA,NA,0
Parma unifasciata,-33.83,151.26,2014,5,24,10,1,-34_151,20.82452170054118,21.748912811279297,20.786031686481426,22.462257585217877,NA,NA,0
Parma unifasciata,-33.82,151.29,2014,5,18,7.5,1,-34_151,20.82452170054118,21.748912811279297,20.786031686481426,22.462257585217877,NA,NA,0
Parma unifasciata,-33.82,151.29,2014,5,18,12.5,4,-34_151,20.82452170054118,21.748912811279297,20.786031686481426,22.462257585217877,NA,NA,0
Parma unifasciata,-33.82,151.29,2014,5,18,15,10,-34_151,20.82452170054118,21.748912811279297,20.786031686481426,22.462257585217877,NA,NA,0
Parma unifasciata,-33.82,151.29,2014,5,18,20,10,-34_151,20.82452170054118,21.748912811279297,20.786031686481426,22.462257585217877,NA,NA,0
Parma unifasciata,-33.82,151.29,2014,5,18,12.5,7,-34_151,20.82452170054118,21.748912811279297,20.786031686481426,22.462257585217877,NA,NA,0
Parma unifasciata,-33.82,151.29,2014,5,18,15,15,-34_151,20.82452170054118,21.748912811279297,20.786031686481426,22.462257585217877,NA,NA,0
Parma unifasciata,-33.82,151.29,2014,5,18,20,9,-34_151,20.82452170054118,21.748912811279297,20.786031686481426,22.462257585217877,NA,NA,0
Parma unifasciata,-33.82,151.29,2014,5,24,10,4,-34_151,20.82452170054118,21.748912811279297,20.786031686481426,22.462257585217877,NA,NA,0
Parma unifasciata,-33.82,151.29,2014,5,24,12.5,1,-34_151,20.82452170054118,21.748912811279297,20.786031686481426,22.462257585217877,NA,NA,0
Parma unifasciata,-33.82,151.29,2014,5,24,15,1,-34_151,20.82452170054118,21.748912811279297,20.786031686481426,22.462257585217877,NA,NA,0
Parma unifasciata,-33.81,151.31,2014,3,23,5,1,-34_151,20.82452170054118,23.953439712524418,20.786031686481426,23.464354268966183,NA,NA,0
Parma unifasciata,-33.81,151.31,2014,3,23,20,1,-34_151,20.82452170054118,23.953439712524418,20.786031686481426,23.464354268966183,NA,NA,0
Parma unifasciata,-32.71,152.16,2014,1,18,5,1,-33_152,21.514901796976726,23.163799285888672,21.135377792134832,22.603413504938924,1983,Fly Point-Halifax Park,1
Parma unifasciata,-32.71,152.15,2014,1,24,10,2,-33_152,21.514901796976726,23.163799285888672,21.135377792134832,22.603413504938924,1983,Fly Point-Halifax Park,1
Parma unifasciata,-32.74,152.19,2013,2,15,10,1,-33_152,21.45964765548706,24.129709243774418,21.34589705349317,23.636249468440106,NA,NA,0
Parma unifasciata,-32.74,152.19,2013,2,15,5,1,-33_152,21.45964765548706,24.129709243774418,21.34589705349317,23.636249468440106,NA,NA,0
Parma unifasciata,-32.74,152.19,2013,2,15,12.5,3,-33_152,21.45964765548706,24.129709243774418,21.34589705349317,23.636249468440106,NA,NA,0
Parma unifasciata,-32.74,152.19,2013,2,15,15,2,-33_152,21.45964765548706,24.129709243774418,21.34589705349317,23.636249468440106,NA,NA,0
Parma unifasciata,-32.63,152.32,2014,5,23,10,2,-33_152,21.514901796976726,21.904754638671875,21.135377792134832,22.6488166880864,2007,Port Stephens Great Lake Marine Park,0
Parma unifasciata,-32.63,152.32,2014,5,23,12.5,3,-33_152,21.514901796976726,21.904754638671875,21.135377792134832,22.6488166880864,2007,Port Stephens Great Lake Marine Park,0
Parma unifasciata,-32.63,152.32,2014,5,23,15,10,-33_152,21.514901796976726,21.904754638671875,21.135377792134832,22.6488166880864,2007,Port Stephens Great Lake Marine Park,0
Parma unifasciata,-32.63,152.32,2014,5,23,20,1,-33_152,21.514901796976726,21.904754638671875,21.135377792134832,22.6488166880864,2007,Port Stephens Great Lake Marine Park,0
Parma unifasciata,-32.63,152.32,2014,5,23,25,1,-33_152,21.514901796976726,21.904754638671875,21.135377792134832,22.6488166880864,2007,Port Stephens Great Lake Marine Park,0
Parma unifasciata,-32.63,152.32,2014,5,23,5,1,-33_152,21.514901796976726,21.904754638671875,21.135377792134832,22.6488166880864,2007,Port Stephens Great Lake Marine Park,0
Parma unifasciata,-32.63,152.32,2014,5,23,10,4,-33_152,21.514901796976726,21.904754638671875,21.135377792134832,22.6488166880864,2007,Port Stephens Great Lake Marine Park,0
Parma unifasciata,-32.63,152.32,2014,5,23,12.5,4,-33_152,21.514901796976726,21.904754638671875,21.135377792134832,22.6488166880864,2007,Port Stephens Great Lake Marine Park,0
Parma unifasciata,-32.62,152.33,2014,5,25,10,7,-33_152,21.514901796976726,21.904754638671875,21.135377792134832,22.6488166880864,2007,Port Stephens Great Lake Marine Park,0
Parma unifasciata,-32.62,152.33,2014,5,25,12.5,6,-33_152,21.514901796976726,21.904754638671875,21.135377792134832,22.6488166880864,2007,Port Stephens Great Lake Marine Park,0
Parma unifasciata,-32.62,152.33,2014,5,25,12.5,1,-33_152,21.514901796976726,21.904754638671875,21.135377792134832,22.6488166880864,2007,Port Stephens Great Lake Marine Park,0
Parma unifasciata,-32.62,152.33,2014,5,25,15,2,-33_152,21.514901796976726,21.904754638671875,21.135377792134832,22.6488166880864,2007,Port Stephens Great Lake Marine Park,0
Parma unifasciata,-32.62,152.33,2014,5,25,20,3,-33_152,21.514901796976726,21.904754638671875,21.135377792134832,22.6488166880864,2007,Port Stephens Great Lake Marine Park,0
Parma unifasciata,-32.6,152.32,2014,5,25,10,50,-33_152,21.514901796976726,21.904754638671875,21.135377792134832,22.6488166880864,NA,NA,0
Parma unifasciata,-32.6,152.32,2014,5,25,12.5,2,-33_152,21.514901796976726,21.904754638671875,21.135377792134832,22.6488166880864,NA,NA,0
Parma unifasciata,-32.6,152.32,2014,5,25,15,6,-33_152,21.514901796976726,21.904754638671875,21.135377792134832,22.6488166880864,NA,NA,0
Parma unifasciata,-32.6,152.32,2014,5,25,20,1,-33_152,21.514901796976726,21.904754638671875,21.135377792134832,22.6488166880864,NA,NA,0
Parma unifasciata,-32.69,152.23,2014,5,18,5,5,-33_152,21.514901796976726,21.904754638671875,21.135377792134832,22.6488166880864,2007,Port Stephens Great Lake Marine Park,0
Parma unifasciata,-32.69,152.23,2014,5,18,7.5,4,-33_152,21.514901796976726,21.904754638671875,21.135377792134832,22.6488166880864,2007,Port Stephens Great Lake Marine Park,0
Parma unifasciata,-32.69,152.23,2014,5,18,10,20,-33_152,21.514901796976726,21.904754638671875,21.135377792134832,22.6488166880864,2007,Port Stephens Great Lake Marine Park,0
Parma unifasciata,-32.69,152.23,2014,5,18,12.5,20,-33_152,21.514901796976726,21.904754638671875,21.135377792134832,22.6488166880864,2007,Port Stephens Great Lake Marine Park,0
Parma unifasciata,-32.69,152.23,2014,5,18,7.5,10,-33_152,21.514901796976726,21.904754638671875,21.135377792134832,22.6488166880864,2007,Port Stephens Great Lake Marine Park,0
Parma unifasciata,-32.69,152.23,2014,5,18,10,10,-33_152,21.514901796976726,21.904754638671875,21.135377792134832,22.6488166880864,2007,Port Stephens Great Lake Marine Park,0
Parma unifasciata,-32.69,152.23,2014,5,18,12.5,2,-33_152,21.514901796976726,21.904754638671875,21.135377792134832,22.6488166880864,2007,Port Stephens Great Lake Marine Park,0
Parma unifasciata,-32.69,152.22,2014,5,18,5,2,-33_152,21.514901796976726,21.904754638671875,21.135377792134832,22.6488166880864,NA,NA,0
Parma unifasciata,-32.69,152.22,2014,5,18,10,2,-33_152,21.514901796976726,21.904754638671875,21.135377792134832,22.6488166880864,NA,NA,0
Parma unifasciata,-32.69,152.22,2014,5,18,12.5,1,-33_152,21.514901796976726,21.904754638671875,21.135377792134832,22.6488166880864,NA,NA,0
Parma unifasciata,-32.69,152.22,2014,5,18,5,5,-33_152,21.514901796976726,21.904754638671875,21.135377792134832,22.6488166880864,NA,NA,0
Parma unifasciata,-32.69,152.22,2014,5,18,7.5,5,-33_152,21.514901796976726,21.904754638671875,21.135377792134832,22.6488166880864,NA,NA,0
Parma unifasciata,-32.69,152.22,2014,5,18,10,5,-33_152,21.514901796976726,21.904754638671875,21.135377792134832,22.6488166880864,NA,NA,0
Parma unifasciata,-32.63,152.31,2014,5,23,7.5,1,-33_152,21.514901796976726,21.904754638671875,21.135377792134832,22.6488166880864,NA,NA,0
Parma unifasciata,-32.63,152.31,2014,5,23,10,10,-33_152,21.514901796976726,21.904754638671875,21.135377792134832,22.6488166880864,NA,NA,0
Parma unifasciata,-32.63,152.31,2014,5,23,12.5,5,-33_152,21.514901796976726,21.904754638671875,21.135377792134832,22.6488166880864,NA,NA,0
Parma unifasciata,-32.63,152.31,2014,5,23,10,2,-33_152,21.514901796976726,21.904754638671875,21.135377792134832,22.6488166880864,NA,NA,0
Parma unifasciata,-32.63,152.31,2014,5,23,12.5,3,-33_152,21.514901796976726,21.904754638671875,21.135377792134832,22.6488166880864,NA,NA,0
Parma unifasciata,-32.63,152.32,2014,5,23,7.5,2,-33_152,21.514901796976726,21.904754638671875,21.135377792134832,22.6488166880864,2007,Port Stephens Great Lake Marine Park,0
Parma unifasciata,-32.63,152.32,2014,5,23,10,9,-33_152,21.514901796976726,21.904754638671875,21.135377792134832,22.6488166880864,2007,Port Stephens Great Lake Marine Park,0
Parma unifasciata,-32.63,152.32,2014,5,23,12.5,5,-33_152,21.514901796976726,21.904754638671875,21.135377792134832,22.6488166880864,2007,Port Stephens Great Lake Marine Park,0
Parma unifasciata,-32.63,152.32,2014,5,23,7.5,1,-33_152,21.514901796976726,21.904754638671875,21.135377792134832,22.6488166880864,2007,Port Stephens Great Lake Marine Park,0
Parma unifasciata,-32.63,152.32,2014,5,23,10,1,-33_152,21.514901796976726,21.904754638671875,21.135377792134832,22.6488166880864,2007,Port Stephens Great Lake Marine Park,0
Parma unifasciata,-32.62,152.33,2014,5,25,5,2,-33_152,21.514901796976726,21.904754638671875,21.135377792134832,22.6488166880864,2007,Port Stephens Great Lake Marine Park,0
Parma unifasciata,-32.62,152.33,2014,5,25,7.5,1,-33_152,21.514901796976726,21.904754638671875,21.135377792134832,22.6488166880864,2007,Port Stephens Great Lake Marine Park,0
Parma unifasciata,-32.62,152.33,2014,5,25,10,5,-33_152,21.514901796976726,21.904754638671875,21.135377792134832,22.6488166880864,2007,Port Stephens Great Lake Marine Park,0
Parma unifasciata,-32.62,152.33,2014,5,25,12.5,5,-33_152,21.514901796976726,21.904754638671875,21.135377792134832,22.6488166880864,2007,Port Stephens Great Lake Marine Park,0
Parma unifasciata,-32.62,152.33,2014,5,25,10,2,-33_152,21.514901796976726,21.904754638671875,21.135377792134832,22.6488166880864,2007,Port Stephens Great Lake Marine Park,0
Parma unifasciata,-32.62,152.33,2014,5,25,12.5,2,-33_152,21.514901796976726,21.904754638671875,21.135377792134832,22.6488166880864,2007,Port Stephens Great Lake Marine Park,0
Parma unifasciata,-32.6,152.32,2014,5,25,10,5,-33_152,21.514901796976726,21.904754638671875,21.135377792134832,22.6488166880864,NA,NA,0
Parma unifasciata,-32.6,152.32,2014,5,25,12.5,5,-33_152,21.514901796976726,21.904754638671875,21.135377792134832,22.6488166880864,NA,NA,0
Parma unifasciata,-32.63,152.31,2014,5,23,10,1,-33_152,21.514901796976726,21.904754638671875,21.135377792134832,22.6488166880864,NA,NA,0
Parma unifasciata,-32.63,152.31,2014,5,23,12.5,8,-33_152,21.514901796976726,21.904754638671875,21.135377792134832,22.6488166880864,NA,NA,0
Parma unifasciata,-32.63,152.31,2014,5,23,15,11,-33_152,21.514901796976726,21.904754638671875,21.135377792134832,22.6488166880864,NA,NA,0
Parma unifasciata,-32.63,152.31,2014,5,23,20,10,-33_152,21.514901796976726,21.904754638671875,21.135377792134832,22.6488166880864,NA,NA,0
Parma unifasciata,-32.63,152.31,2014,5,23,10,50,-33_152,21.514901796976726,21.904754638671875,21.135377792134832,22.6488166880864,NA,NA,0
Parma unifasciata,-32.63,152.31,2014,5,23,12.5,40,-33_152,21.514901796976726,21.904754638671875,21.135377792134832,22.6488166880864,NA,NA,0
Parma unifasciata,-32.6,152.32,2014,5,25,10,7,-33_152,21.514901796976726,21.904754638671875,21.135377792134832,22.6488166880864,NA,NA,0
Parma unifasciata,-32.6,152.32,2014,5,25,12.5,6,-33_152,21.514901796976726,21.904754638671875,21.135377792134832,22.6488166880864,NA,NA,0
Parma unifasciata,-32.79,152.11,2013,8,24,7.5,2,-33_152,21.45964765548706,18.758403778076172,21.34589705349317,19.24405869104529,NA,NA,0
Parma unifasciata,-32.62,152.32,2013,8,25,7.5,1,-33_152,21.45964765548706,18.758403778076172,21.34589705349317,19.24405869104529,NA,NA,0
Parma unifasciata,-32.62,152.32,2013,8,25,10,1,-33_152,21.45964765548706,18.758403778076172,21.34589705349317,19.24405869104529,NA,NA,0
Parma unifasciata,-32.62,152.32,2013,8,25,12.5,1,-33_152,21.45964765548706,18.758403778076172,21.34589705349317,19.24405869104529,NA,NA,0
Parma unifasciata,-32.69,152.22,2013,8,31,7.5,1,-33_152,21.45964765548706,18.758403778076172,21.34589705349317,19.24405869104529,NA,NA,0
Parma unifasciata,-32.69,152.22,2013,8,31,5,1,-33_152,21.45964765548706,18.758403778076172,21.34589705349317,19.24405869104529,NA,NA,0
Parma unifasciata,-32.69,152.22,2013,8,31,7.5,2,-33_152,21.45964765548706,18.758403778076172,21.34589705349317,19.24405869104529,NA,NA,0
Parma unifasciata,-32.69,152.22,2013,8,31,10,10,-33_152,21.45964765548706,18.758403778076172,21.34589705349317,19.24405869104529,NA,NA,0
Parma unifasciata,-32.69,152.22,2013,8,31,12.5,15,-33_152,21.45964765548706,18.758403778076172,21.34589705349317,19.24405869104529,NA,NA,0
Parma unifasciata,-32.69,152.22,2013,8,31,7.5,3,-33_152,21.45964765548706,18.758403778076172,21.34589705349317,19.24405869104529,NA,NA,0
Parma unifasciata,-32.69,152.22,2013,8,31,10,2,-33_152,21.45964765548706,18.758403778076172,21.34589705349317,19.24405869104529,NA,NA,0
Parma unifasciata,-32.74,152.19,2013,9,1,5,1,-33_152,21.45964765548706,19.87598419189453,21.34589705349317,20.359721766577827,NA,NA,0
Parma unifasciata,-32.74,152.19,2013,9,1,7.5,5,-33_152,21.45964765548706,19.87598419189453,21.34589705349317,20.359721766577827,NA,NA,0
Parma unifasciata,-32.74,152.19,2013,9,1,10,7,-33_152,21.45964765548706,19.87598419189453,21.34589705349317,20.359721766577827,NA,NA,0
Parma unifasciata,-32.74,152.19,2013,9,1,12.5,2,-33_152,21.45964765548706,19.87598419189453,21.34589705349317,20.359721766577827,NA,NA,0
Parma unifasciata,-32.74,152.19,2013,9,1,7.5,2,-33_152,21.45964765548706,19.87598419189453,21.34589705349317,20.359721766577827,NA,NA,0
Parma unifasciata,-32.74,152.19,2013,9,1,10,2,-33_152,21.45964765548706,19.87598419189453,21.34589705349317,20.359721766577827,NA,NA,0
Parma unifasciata,-32.74,152.19,2013,9,1,12.5,3,-33_152,21.45964765548706,19.87598419189453,21.34589705349317,20.359721766577827,NA,NA,0
Parma unifasciata,-32.74,152.19,2013,9,1,7.5,5,-33_152,21.45964765548706,19.87598419189453,21.34589705349317,20.359721766577827,NA,NA,0
Parma unifasciata,-32.74,152.19,2013,9,1,10,7,-33_152,21.45964765548706,19.87598419189453,21.34589705349317,20.359721766577827,NA,NA,0
Parma unifasciata,-32.74,152.19,2013,9,1,12.5,2,-33_152,21.45964765548706,19.87598419189453,21.34589705349317,20.359721766577827,NA,NA,0
Parma unifasciata,-32.74,152.19,2013,9,1,10,1,-33_152,21.45964765548706,19.87598419189453,21.34589705349317,20.359721766577827,NA,NA,0
Parma unifasciata,-32.74,152.19,2013,9,1,12.5,1,-33_152,21.45964765548706,19.87598419189453,21.34589705349317,20.359721766577827,NA,NA,0
Parma unifasciata,-35.03,150.84,2014,11,26,15,2,-35_151,20.289591471354168,19.464183807373047,20.577620574345175,20.056777233547635,NA,NA,0
Parma unifasciata,-35.03,150.84,2014,11,26,20,2,-35_151,20.289591471354168,19.464183807373047,20.577620574345175,20.056777233547635,NA,NA,0
Parma unifasciata,-35.03,150.84,2014,11,26,12.5,7,-35_151,20.289591471354168,19.464183807373047,20.577620574345175,20.056777233547635,NA,NA,0
Parma unifasciata,-35.03,150.84,2014,11,26,15,1,-35_151,20.289591471354168,19.464183807373047,20.577620574345175,20.056777233547635,NA,NA,0
Parma unifasciata,-35.03,150.84,2014,11,26,20,1,-35_151,20.289591471354168,19.464183807373047,20.577620574345175,20.056777233547635,NA,NA,0
Parma unifasciata,-35.03,150.84,2014,11,26,25,2,-35_151,20.289591471354168,19.464183807373047,20.577620574345175,20.056777233547635,NA,NA,0
Parma unifasciata,-35.03,150.84,2014,11,26,15,2,-35_151,20.289591471354168,19.464183807373047,20.577620574345175,20.056777233547635,NA,NA,0
Parma unifasciata,-35.03,150.84,2014,11,26,20,1,-35_151,20.289591471354168,19.464183807373047,20.577620574345175,20.056777233547635,NA,NA,0
Parma unifasciata,-35.03,150.84,2014,11,26,15,1,-35_151,20.289591471354168,19.464183807373047,20.577620574345175,20.056777233547635,NA,NA,0
Parma unifasciata,-35.03,150.84,2014,11,26,20,3,-35_151,20.289591471354168,19.464183807373047,20.577620574345175,20.056777233547635,NA,NA,0
Parma unifasciata,-35.03,150.84,2014,11,26,10,1,-35_151,20.289591471354168,19.464183807373047,20.577620574345175,20.056777233547635,NA,NA,0
Parma unifasciata,-35.03,150.84,2014,11,26,15,1,-35_151,20.289591471354168,19.464183807373047,20.577620574345175,20.056777233547635,NA,NA,0
Parma unifasciata,-35.03,150.84,2014,11,26,12.5,2,-35_151,20.289591471354168,19.464183807373047,20.577620574345175,20.056777233547635,NA,NA,0
Parma unifasciata,-35.03,150.85,2014,11,29,10,2,-35_151,20.289591471354168,19.464183807373047,20.577620574345175,20.056777233547635,NA,NA,0
Parma unifasciata,-35.03,150.85,2014,11,29,12.5,3,-35_151,20.289591471354168,19.464183807373047,20.577620574345175,20.056777233547635,NA,NA,0
Parma unifasciata,-35.03,150.85,2014,11,29,15,3,-35_151,20.289591471354168,19.464183807373047,20.577620574345175,20.056777233547635,NA,NA,0
Parma unifasciata,-35.14,150.77,2014,11,28,20,4,-35_151,20.289591471354168,19.464183807373047,20.577620574345175,20.056777233547635,NA,NA,0
Parma unifasciata,-35.14,150.77,2014,11,28,5,1,-35_151,20.289591471354168,19.464183807373047,20.577620574345175,20.056777233547635,NA,NA,0
Parma unifasciata,-35.14,150.77,2014,11,28,10,11,-35_151,20.289591471354168,19.464183807373047,20.577620574345175,20.056777233547635,NA,NA,0
Parma unifasciata,-35.14,150.77,2014,11,28,15,1,-35_151,20.289591471354168,19.464183807373047,20.577620574345175,20.056777233547635,NA,NA,0
Parma unifasciata,-35.14,150.77,2014,11,28,20,1,-35_151,20.289591471354168,19.464183807373047,20.577620574345175,20.056777233547635,NA,NA,0
Parma unifasciata,-35.14,150.77,2014,11,28,7.5,2,-35_151,20.289591471354168,19.464183807373047,20.577620574345175,20.056777233547635,NA,NA,0
Parma unifasciata,-35.2,150.7,2014,12,4,10,1,-35_151,20.289591471354168,21.467601776123047,20.577620574345175,21.13623604723202,2002,Jervis Bay Marine Park,1
Parma unifasciata,-35.06,150.84,2014,11,29,12.5,1,-35_151,20.289591471354168,19.464183807373047,20.577620574345175,20.056777233547635,NA,NA,0
Parma unifasciata,-35.06,150.84,2014,11,29,20,7,-35_151,20.289591471354168,19.464183807373047,20.577620574345175,20.056777233547635,NA,NA,0
Parma unifasciata,-35.06,150.84,2014,11,29,25,3,-35_151,20.289591471354168,19.464183807373047,20.577620574345175,20.056777233547635,NA,NA,0
Parma unifasciata,-35.06,150.84,2014,11,29,7.5,3,-35_151,20.289591471354168,19.464183807373047,20.577620574345175,20.056777233547635,NA,NA,0
Parma unifasciata,-35.06,150.84,2014,11,29,10,5,-35_151,20.289591471354168,19.464183807373047,20.577620574345175,20.056777233547635,NA,NA,0
Parma unifasciata,-35.06,150.84,2014,11,29,12.5,5,-35_151,20.289591471354168,19.464183807373047,20.577620574345175,20.056777233547635,NA,NA,0
Parma unifasciata,-35.18,150.75,2014,11,28,10,1,-35_151,20.289591471354168,19.464183807373047,20.577620574345175,20.056777233547635,NA,NA,0
Parma unifasciata,-35.18,150.75,2014,11,28,15,1,-35_151,20.289591471354168,19.464183807373047,20.577620574345175,20.056777233547635,NA,NA,0
Parma unifasciata,-35.18,150.75,2014,12,2,15,4,-35_151,20.289591471354168,21.467601776123047,20.577620574345175,21.13623604723202,NA,NA,0
Parma unifasciata,-35.18,150.75,2014,12,2,20,2,-35_151,20.289591471354168,21.467601776123047,20.577620574345175,21.13623604723202,NA,NA,0
Parma unifasciata,-35.18,150.75,2014,12,2,12.5,2,-35_151,20.289591471354168,21.467601776123047,20.577620574345175,21.13623604723202,NA,NA,0
Parma unifasciata,-35.18,150.75,2014,12,2,15,3,-35_151,20.289591471354168,21.467601776123047,20.577620574345175,21.13623604723202,NA,NA,0
Parma unifasciata,-35.18,150.75,2014,12,2,20,1,-35_151,20.289591471354168,21.467601776123047,20.577620574345175,21.13623604723202,NA,NA,0
Parma unifasciata,-35.18,150.75,2014,11,24,20,1,-35_151,20.289591471354168,19.464183807373047,20.577620574345175,20.056777233547635,NA,NA,0
Parma unifasciata,-35.18,150.75,2014,11,24,15,5,-35_151,20.289591471354168,19.464183807373047,20.577620574345175,20.056777233547635,NA,NA,0
Parma unifasciata,-35.18,150.75,2014,11,24,7.5,1,-35_151,20.289591471354168,19.464183807373047,20.577620574345175,20.056777233547635,NA,NA,0
Parma unifasciata,-35.18,150.75,2014,11,24,10,3,-35_151,20.289591471354168,19.464183807373047,20.577620574345175,20.056777233547635,NA,NA,0
Parma unifasciata,-35.18,150.75,2014,11,24,15,3,-35_151,20.289591471354168,19.464183807373047,20.577620574345175,20.056777233547635,NA,NA,0
Parma unifasciata,-35.18,150.75,2014,11,24,10,5,-35_151,20.289591471354168,19.464183807373047,20.577620574345175,20.056777233547635,NA,NA,0
Parma unifasciata,-34,151.25,2015,3,17,12.5,1,-34_151,21.010322252909344,23.785842895507813,21.160145131914785,23.37540268128918,NA,NA,0
Parma unifasciata,-34,151.25,2015,3,17,2.5,1,-34_151,21.010322252909344,23.785842895507813,21.160145131914785,23.37540268128918,NA,NA,0
Parma unifasciata,-34.04,151.2,2015,4,16,5,1,-34_151,21.010322252909344,22.303985595703125,21.160145131914785,21.261166270573938,NA,NA,0
Parma unifasciata,-34.04,151.2,2015,4,16,7.5,1,-34_151,21.010322252909344,22.303985595703125,21.160145131914785,21.261166270573938,NA,NA,0
Parma unifasciata,-34.04,151.2,2015,4,16,5,1,-34_151,21.010322252909344,22.303985595703125,21.160145131914785,21.261166270573938,NA,NA,0
Parma unifasciata,-34.04,151.2,2015,4,16,7.5,1,-34_151,21.010322252909344,22.303985595703125,21.160145131914785,21.261166270573938,NA,NA,0
Parma unifasciata,-34.6,150.9,2015,4,11,12.5,1,-35_151,20.371203899383545,21.55933380126953,20.720872586683765,21.465999518500436,2002,Bushrangers Bay Aquatic Reserve,1
Parma unifasciata,-34.6,150.9,2015,4,11,7.5,2,-35_151,20.371203899383545,21.55933380126953,20.720872586683765,21.465999518500436,2002,Bushrangers Bay Aquatic Reserve,1
Parma unifasciata,-35.18,150.74,2014,11,28,12.5,1,-35_151,20.289591471354168,19.464183807373047,20.577620574345175,20.056777233547635,NA,NA,0
Parma unifasciata,-35.18,150.74,2014,12,2,12.5,1,-35_151,20.289591471354168,21.467601776123047,20.577620574345175,21.13623604723202,NA,NA,0
Parma unifasciata,-34.6,150.9,2015,4,11,12.5,1,-35_151,20.371203899383545,21.55933380126953,20.720872586683765,21.465999518500436,2002,Bushrangers Bay Aquatic Reserve,1
Parma unifasciata,-34.6,150.9,2015,4,11,15,1,-35_151,20.371203899383545,21.55933380126953,20.720872586683765,21.465999518500436,2002,Bushrangers Bay Aquatic Reserve,1
Parma unifasciata,-34.6,150.9,2015,4,11,7.5,1,-35_151,20.371203899383545,21.55933380126953,20.720872586683765,21.465999518500436,2002,Bushrangers Bay Aquatic Reserve,1
Parma unifasciata,-34.6,150.9,2015,4,11,10,1,-35_151,20.371203899383545,21.55933380126953,20.720872586683765,21.465999518500436,2002,Bushrangers Bay Aquatic Reserve,1
Parma unifasciata,-33.82,151.3,2015,3,20,10,9,-34_151,21.010322252909344,23.785842895507813,21.160145131914785,23.37540268128918,NA,NA,0
Parma unifasciata,-33.82,151.3,2015,3,20,12.5,10,-34_151,21.010322252909344,23.785842895507813,21.160145131914785,23.37540268128918,NA,NA,0
Parma unifasciata,-33.82,151.3,2015,3,20,15,10,-34_151,21.010322252909344,23.785842895507813,21.160145131914785,23.37540268128918,NA,NA,0
Parma unifasciata,-33.82,151.3,2015,3,20,20,7,-34_151,21.010322252909344,23.785842895507813,21.160145131914785,23.37540268128918,NA,NA,0
Parma unifasciata,-33.82,151.3,2015,3,20,7.5,3,-34_151,21.010322252909344,23.785842895507813,21.160145131914785,23.37540268128918,NA,NA,0
Parma unifasciata,-33.82,151.3,2015,3,20,12.5,12,-34_151,21.010322252909344,23.785842895507813,21.160145131914785,23.37540268128918,NA,NA,0
Parma unifasciata,-33.82,151.3,2015,3,20,15,18,-34_151,21.010322252909344,23.785842895507813,21.160145131914785,23.37540268128918,NA,NA,0
Parma unifasciata,-33.82,151.3,2015,3,20,20,13,-34_151,21.010322252909344,23.785842895507813,21.160145131914785,23.37540268128918,NA,NA,0
Parma unifasciata,-33.82,151.29,2015,3,22,7.5,1,-34_151,21.010322252909344,23.785842895507813,21.160145131914785,23.37540268128918,NA,NA,0
Parma unifasciata,-33.82,151.29,2015,3,22,10,1,-34_151,21.010322252909344,23.785842895507813,21.160145131914785,23.37540268128918,NA,NA,0
Parma unifasciata,-33.82,151.29,2015,3,23,7.5,2,-34_151,21.010322252909344,23.785842895507813,21.160145131914785,23.37540268128918,NA,NA,0
Parma unifasciata,-33.82,151.29,2015,3,23,15,2,-34_151,21.010322252909344,23.785842895507813,21.160145131914785,23.37540268128918,NA,NA,0
Parma unifasciata,-33.82,151.29,2015,3,23,20,2,-34_151,21.010322252909344,23.785842895507813,21.160145131914785,23.37540268128918,NA,NA,0
Parma unifasciata,-33.82,151.29,2015,3,23,12.5,1,-34_151,21.010322252909344,23.785842895507813,21.160145131914785,23.37540268128918,NA,NA,0
Parma unifasciata,-33.82,151.29,2015,3,23,15,1,-34_151,21.010322252909344,23.785842895507813,21.160145131914785,23.37540268128918,NA,NA,0
Parma unifasciata,-33.82,151.29,2015,3,23,20,1,-34_151,21.010322252909344,23.785842895507813,21.160145131914785,23.37540268128918,NA,NA,0
Parma unifasciata,-33.82,151.29,2015,3,23,10,1,-34_151,21.010322252909344,23.785842895507813,21.160145131914785,23.37540268128918,NA,NA,0
Parma unifasciata,-33.82,151.29,2015,3,23,12.5,1,-34_151,21.010322252909344,23.785842895507813,21.160145131914785,23.37540268128918,NA,NA,0
Parma unifasciata,-33.82,151.29,2015,3,23,15,5,-34_151,21.010322252909344,23.785842895507813,21.160145131914785,23.37540268128918,NA,NA,0
Parma unifasciata,-33.82,151.29,2015,3,23,20,5,-34_151,21.010322252909344,23.785842895507813,21.160145131914785,23.37540268128918,NA,NA,0
Parma unifasciata,-33.82,151.29,2015,3,23,25,3,-34_151,21.010322252909344,23.785842895507813,21.160145131914785,23.37540268128918,NA,NA,0
Parma unifasciata,-33.82,151.29,2015,3,23,7.5,4,-34_151,21.010322252909344,23.785842895507813,21.160145131914785,23.37540268128918,NA,NA,0
Parma unifasciata,-33.82,151.29,2015,3,23,10,16,-34_151,21.010322252909344,23.785842895507813,21.160145131914785,23.37540268128918,NA,NA,0
Parma unifasciata,-33.82,151.29,2015,3,23,12.5,18,-34_151,21.010322252909344,23.785842895507813,21.160145131914785,23.37540268128918,NA,NA,0
Parma unifasciata,-33.82,151.29,2015,3,23,15,6,-34_151,21.010322252909344,23.785842895507813,21.160145131914785,23.37540268128918,NA,NA,0
Parma unifasciata,-35.18,150.74,2014,11,24,5,2,-35_151,20.289591471354168,19.464183807373047,20.577620574345175,20.056777233547635,NA,NA,0
Parma unifasciata,-35.18,150.74,2014,11,24,25,1,-35_151,20.289591471354168,19.464183807373047,20.577620574345175,20.056777233547635,NA,NA,0
Parma unifasciata,-35.18,150.74,2014,11,24,12.5,4,-35_151,20.289591471354168,19.464183807373047,20.577620574345175,20.056777233547635,NA,NA,0
Parma unifasciata,-35.18,150.74,2014,11,24,15,3,-35_151,20.289591471354168,19.464183807373047,20.577620574345175,20.056777233547635,NA,NA,0
Parma unifasciata,-33.82,151.27,2015,3,23,10,3,-34_151,21.010322252909344,23.785842895507813,21.160145131914785,23.37540268128918,NA,NA,0
Parma unifasciata,-33.82,151.3,2015,3,20,7.5,1,-34_151,21.010322252909344,23.785842895507813,21.160145131914785,23.37540268128918,NA,NA,0
Parma unifasciata,-33.82,151.3,2015,3,20,10,2,-34_151,21.010322252909344,23.785842895507813,21.160145131914785,23.37540268128918,NA,NA,0
Parma unifasciata,-33.82,151.3,2015,3,20,12.5,5,-34_151,21.010322252909344,23.785842895507813,21.160145131914785,23.37540268128918,NA,NA,0
Parma unifasciata,-33.82,151.3,2015,3,20,15,6,-34_151,21.010322252909344,23.785842895507813,21.160145131914785,23.37540268128918,NA,NA,0
Parma unifasciata,-33.82,151.3,2015,3,20,20,6,-34_151,21.010322252909344,23.785842895507813,21.160145131914785,23.37540268128918,NA,NA,0
Parma unifasciata,-33.82,151.3,2015,3,20,12.5,3,-34_151,21.010322252909344,23.785842895507813,21.160145131914785,23.37540268128918,NA,NA,0
Parma unifasciata,-33.82,151.3,2015,3,20,15,4,-34_151,21.010322252909344,23.785842895507813,21.160145131914785,23.37540268128918,NA,NA,0
Parma unifasciata,-33.82,151.3,2015,3,20,20,4,-34_151,21.010322252909344,23.785842895507813,21.160145131914785,23.37540268128918,NA,NA,0
Parma unifasciata,-33.83,151.28,2015,3,21,12.5,1,-34_151,21.010322252909344,23.785842895507813,21.160145131914785,23.37540268128918,NA,NA,0
Parma unifasciata,-33.81,151.27,2015,3,23,10,1,-34_151,21.010322252909344,23.785842895507813,21.160145131914785,23.37540268128918,NA,NA,0
Parma unifasciata,-33.84,151.29,2015,3,20,15,2,-34_151,21.010322252909344,23.785842895507813,21.160145131914785,23.37540268128918,NA,NA,0
Parma unifasciata,-33.84,151.29,2015,3,20,20,2,-34_151,21.010322252909344,23.785842895507813,21.160145131914785,23.37540268128918,NA,NA,0
Parma unifasciata,-33.84,151.29,2015,3,20,25,1,-34_151,21.010322252909344,23.785842895507813,21.160145131914785,23.37540268128918,NA,NA,0
Parma unifasciata,-33.84,151.29,2015,3,20,10,1,-34_151,21.010322252909344,23.785842895507813,21.160145131914785,23.37540268128918,NA,NA,0
Parma unifasciata,-33.84,151.29,2015,3,20,15,3,-34_151,21.010322252909344,23.785842895507813,21.160145131914785,23.37540268128918,NA,NA,0
Parma unifasciata,-33.84,151.29,2015,3,20,20,3,-34_151,21.010322252909344,23.785842895507813,21.160145131914785,23.37540268128918,NA,NA,0
Parma unifasciata,-33.81,151.27,2015,3,23,12.5,12,-34_151,21.010322252909344,23.785842895507813,21.160145131914785,23.37540268128918,NA,NA,0
Parma unifasciata,-33.81,151.27,2015,3,23,15,17,-34_151,21.010322252909344,23.785842895507813,21.160145131914785,23.37540268128918,NA,NA,0
Parma unifasciata,-33.81,151.27,2015,3,23,7.5,14,-34_151,21.010322252909344,23.785842895507813,21.160145131914785,23.37540268128918,NA,NA,0
Parma unifasciata,-33.81,151.27,2015,3,23,10,20,-34_151,21.010322252909344,23.785842895507813,21.160145131914785,23.37540268128918,NA,NA,0
Parma unifasciata,-33.81,151.27,2015,3,23,12.5,16,-34_151,21.010322252909344,23.785842895507813,21.160145131914785,23.37540268128918,NA,NA,0
Parma unifasciata,-33.81,151.27,2015,3,23,15,8,-34_151,21.010322252909344,23.785842895507813,21.160145131914785,23.37540268128918,NA,NA,0
Parma unifasciata,-32.71,152.15,2015,3,20,10,2,-33_152,21.731586456298828,24.244062423706055,21.574384755366165,23.632902637604744,1983,Fly Point-Halifax Park,1
Parma unifasciata,-32.71,152.15,2015,3,20,12.5,1,-33_152,21.731586456298828,24.244062423706055,21.574384755366165,23.632902637604744,1983,Fly Point-Halifax Park,1
Parma unifasciata,-32.71,152.16,2015,2,20,5,1,-33_152,21.731586456298828,25.0125732421875,21.574384755366165,24.294880429903667,1983,Fly Point-Halifax Park,1
Parma unifasciata,-32.71,152.15,2015,3,20,7.5,2,-33_152,21.731586456298828,24.244062423706055,21.574384755366165,23.632902637604744,1983,Fly Point-Halifax Park,1
Parma unifasciata,-32.71,152.15,2015,3,20,7.5,1,-33_152,21.731586456298828,24.244062423706055,21.574384755366165,23.632902637604744,1983,Fly Point-Halifax Park,1
Parma unifasciata,-32.71,152.16,2015,8,23,12.5,1,-33_152,21.731586456298828,18.89118194580078,21.574384755366165,19.02212321373724,1983,Fly Point-Halifax Park,1
Parma unifasciata,-32.71,152.16,2015,8,23,5,1,-33_152,21.731586456298828,18.89118194580078,21.574384755366165,19.02212321373724,1983,Fly Point-Halifax Park,1
Parma unifasciata,-32.69,152.22,2014,11,7,12.5,2,-33_152,21.514901796976726,20.98465156555176,21.135377792134832,20.63577733039856,NA,NA,0
Parma unifasciata,-32.71,152.16,2015,2,1,10,2,-33_152,21.731586456298828,25.0125732421875,21.574384755366165,24.294880429903667,1983,Fly Point-Halifax Park,1
Parma unifasciata,-32.71,152.16,2015,2,1,7.5,3,-33_152,21.731586456298828,25.0125732421875,21.574384755366165,24.294880429903667,1983,Fly Point-Halifax Park,1
Parma unifasciata,-32.71,152.16,2015,2,1,10,4,-33_152,21.731586456298828,25.0125732421875,21.574384755366165,24.294880429903667,1983,Fly Point-Halifax Park,1
Parma unifasciata,-32.74,152.19,2015,3,9,7.5,10,-33_152,21.731586456298828,24.244062423706055,21.574384755366165,23.632902637604744,NA,NA,0
Parma unifasciata,-32.74,152.19,2015,3,9,10,3,-33_152,21.731586456298828,24.244062423706055,21.574384755366165,23.632902637604744,NA,NA,0
Parma unifasciata,-32.71,152.23,2015,3,20,10,15,-33_152,21.731586456298828,24.244062423706055,21.574384755366165,23.632902637604744,NA,NA,0
Parma unifasciata,-32.71,152.23,2015,3,20,12.5,15,-33_152,21.731586456298828,24.244062423706055,21.574384755366165,23.632902637604744,NA,NA,0
Parma unifasciata,-32.71,152.23,2015,3,20,5,3,-33_152,21.731586456298828,24.244062423706055,21.574384755366165,23.632902637604744,NA,NA,0
Parma unifasciata,-32.71,152.23,2015,3,20,7.5,10,-33_152,21.731586456298828,24.244062423706055,21.574384755366165,23.632902637604744,NA,NA,0
Parma unifasciata,-32.71,152.23,2015,3,20,10,12,-33_152,21.731586456298828,24.244062423706055,21.574384755366165,23.632902637604744,NA,NA,0
Parma unifasciata,-32.71,152.23,2015,3,20,5,1,-33_152,21.731586456298828,24.244062423706055,21.574384755366165,23.632902637604744,NA,NA,0
Parma unifasciata,-32.71,152.23,2015,3,20,7.5,5,-33_152,21.731586456298828,24.244062423706055,21.574384755366165,23.632902637604744,NA,NA,0
Parma unifasciata,-32.71,152.23,2015,3,20,10,5,-33_152,21.731586456298828,24.244062423706055,21.574384755366165,23.632902637604744,NA,NA,0
Parma unifasciata,-32.71,152.23,2015,3,20,12.5,5,-33_152,21.731586456298828,24.244062423706055,21.574384755366165,23.632902637604744,NA,NA,0
Parma unifasciata,-32.75,152.17,2015,4,8,10,1,-33_152,21.731586456298828,23.141307830810547,21.574384755366165,22.07513836754693,NA,NA,0
Parma unifasciata,-32.74,152.19,2015,3,9,5,2,-33_152,21.731586456298828,24.244062423706055,21.574384755366165,23.632902637604744,NA,NA,0
Parma unifasciata,-32.74,152.19,2015,3,9,7.5,2,-33_152,21.731586456298828,24.244062423706055,21.574384755366165,23.632902637604744,NA,NA,0
Parma unifasciata,-32.74,152.19,2015,3,9,10,5,-33_152,21.731586456298828,24.244062423706055,21.574384755366165,23.632902637604744,NA,NA,0
Parma unifasciata,-32.74,152.19,2015,3,9,12.5,3,-33_152,21.731586456298828,24.244062423706055,21.574384755366165,23.632902637604744,NA,NA,0
Parma unifasciata,-32.71,152.16,2015,5,23,7.5,1,-33_152,21.731586456298828,21.282039642333984,21.574384755366165,22.028655405967463,1983,Fly Point-Halifax Park,1
Parma unifasciata,-32.74,152.19,2015,3,9,7.5,3,-33_152,21.731586456298828,24.244062423706055,21.574384755366165,23.632902637604744,NA,NA,0
Parma unifasciata,-32.74,152.19,2015,3,9,10,5,-33_152,21.731586456298828,24.244062423706055,21.574384755366165,23.632902637604744,NA,NA,0
Parma unifasciata,-32.74,152.19,2015,3,9,10,2,-33_152,21.731586456298828,24.244062423706055,21.574384755366165,23.632902637604744,NA,NA,0
Parma unifasciata,-32.74,152.19,2015,3,9,12.5,5,-33_152,21.731586456298828,24.244062423706055,21.574384755366165,23.632902637604744,NA,NA,0
Parma unifasciata,-32.74,152.19,2015,3,9,15,2,-33_152,21.731586456298828,24.244062423706055,21.574384755366165,23.632902637604744,NA,NA,0
Parma unifasciata,-32.71,152.16,2015,5,23,10,1,-33_152,21.731586456298828,21.282039642333984,21.574384755366165,22.028655405967463,1983,Fly Point-Halifax Park,1
Parma unifasciata,-32.71,152.16,2015,5,23,12.5,1,-33_152,21.731586456298828,21.282039642333984,21.574384755366165,22.028655405967463,1983,Fly Point-Halifax Park,1
Parma unifasciata,-32.71,152.23,2015,3,20,7.5,10,-33_152,21.731586456298828,24.244062423706055,21.574384755366165,23.632902637604744,NA,NA,0
Parma unifasciata,-32.71,152.23,2015,3,20,10,10,-33_152,21.731586456298828,24.244062423706055,21.574384755366165,23.632902637604744,NA,NA,0
Parma unifasciata,-32.69,152.23,2013,9,25,10,5,-33_152,21.45964765548706,19.87598419189453,21.34589705349317,20.359721766577827,2007,Port Stephens Great Lake Marine Park,0
Parma unifasciata,-32.69,152.23,2013,9,25,12.5,20,-33_152,21.45964765548706,19.87598419189453,21.34589705349317,20.359721766577827,2007,Port Stephens Great Lake Marine Park,0
Parma unifasciata,-32.69,152.23,2013,9,25,15,3,-33_152,21.45964765548706,19.87598419189453,21.34589705349317,20.359721766577827,2007,Port Stephens Great Lake Marine Park,0
Parma unifasciata,-32.69,152.23,2013,9,25,5,1,-33_152,21.45964765548706,19.87598419189453,21.34589705349317,20.359721766577827,2007,Port Stephens Great Lake Marine Park,0
Parma unifasciata,-32.69,152.23,2013,9,25,10,10,-33_152,21.45964765548706,19.87598419189453,21.34589705349317,20.359721766577827,2007,Port Stephens Great Lake Marine Park,0
Parma unifasciata,-32.69,152.23,2013,9,25,12.5,15,-33_152,21.45964765548706,19.87598419189453,21.34589705349317,20.359721766577827,2007,Port Stephens Great Lake Marine Park,0
Parma unifasciata,-32.74,152.2,2013,9,25,10,1,-33_152,21.45964765548706,19.87598419189453,21.34589705349317,20.359721766577827,NA,NA,0
Parma unifasciata,-32.74,152.2,2013,9,25,12.5,3,-33_152,21.45964765548706,19.87598419189453,21.34589705349317,20.359721766577827,NA,NA,0
Parma unifasciata,-32.71,152.16,2013,10,19,7.5,3,-33_152,21.45964765548706,20.412094116210938,21.34589705349317,20.045779074392012,1983,Fly Point-Halifax Park,1
Parma unifasciata,-32.71,152.16,2013,10,19,7.5,2,-33_152,21.45964765548706,20.412094116210938,21.34589705349317,20.045779074392012,1983,Fly Point-Halifax Park,1
Parma unifasciata,-32.71,152.16,2013,10,19,10,1,-33_152,21.45964765548706,20.412094116210938,21.34589705349317,20.045779074392012,1983,Fly Point-Halifax Park,1
Parma unifasciata,-32.79,152.11,2015,10,17,10,1,-33_152,21.731586456298828,21.29254150390625,21.574384755366165,20.85666624704997,NA,NA,0
Parma unifasciata,-32.74,152.2,2015,11,20,12.5,1,-33_152,21.731586456298828,21.705795288085938,21.574384755366165,21.484166198306617,NA,NA,0
Parma unifasciata,-33.74,151.31,2014,7,30,5,1,-34_151,20.82452170054118,17.762460708618164,20.786031686481426,17.825806017844908,NA,NA,0
Parma unifasciata,-33.74,151.31,2014,7,30,7.5,1,-34_151,20.82452170054118,17.762460708618164,20.786031686481426,17.825806017844908,NA,NA,0
Parma unifasciata,-33.74,151.31,2014,7,30,10,1,-34_151,20.82452170054118,17.762460708618164,20.786031686481426,17.825806017844908,NA,NA,0
Parma unifasciata,-33.92,151.27,2014,10,22,12.5,1,-34_151,20.82452170054118,19.49410057067871,20.786031686481426,19.56854792564146,NA,NA,0
Parma unifasciata,-33.82,151.3,2014,12,7,10,1,-34_151,20.82452170054118,22.184375762939453,20.786031686481426,21.52741898259809,NA,NA,0
Parma unifasciata,-33.82,151.3,2014,12,7,12.5,2,-34_151,20.82452170054118,22.184375762939453,20.786031686481426,21.52741898259809,NA,NA,0
Parma unifasciata,-33.82,151.3,2014,12,7,15,5,-34_151,20.82452170054118,22.184375762939453,20.786031686481426,21.52741898259809,NA,NA,0
Parma unifasciata,-33.82,151.3,2014,12,7,20,3,-34_151,20.82452170054118,22.184375762939453,20.786031686481426,21.52741898259809,NA,NA,0
Parma unifasciata,-33.82,151.3,2014,12,7,12.5,4,-34_151,20.82452170054118,22.184375762939453,20.786031686481426,21.52741898259809,NA,NA,0
Parma unifasciata,-33.82,151.3,2014,12,7,15,3,-34_151,20.82452170054118,22.184375762939453,20.786031686481426,21.52741898259809,NA,NA,0
Parma unifasciata,-33.82,151.3,2014,12,7,20,5,-34_151,20.82452170054118,22.184375762939453,20.786031686481426,21.52741898259809,NA,NA,0
Parma unifasciata,-33.82,151.3,2014,12,7,25,1,-34_151,20.82452170054118,22.184375762939453,20.786031686481426,21.52741898259809,NA,NA,0
Parma unifasciata,-33.82,151.29,2014,5,18,12.5,1,-34_151,20.82452170054118,21.748912811279297,20.786031686481426,22.462257585217877,NA,NA,0
Parma unifasciata,-33.82,151.29,2014,5,18,15,1,-34_151,20.82452170054118,21.748912811279297,20.786031686481426,22.462257585217877,NA,NA,0
Parma unifasciata,-33.82,151.29,2014,5,18,15,3,-34_151,20.82452170054118,21.748912811279297,20.786031686481426,22.462257585217877,NA,NA,0
Parma unifasciata,-33.82,151.29,2014,5,18,20,2,-34_151,20.82452170054118,21.748912811279297,20.786031686481426,22.462257585217877,NA,NA,0
Parma unifasciata,-33.82,151.29,2014,12,7,10,1,-34_151,20.82452170054118,22.184375762939453,20.786031686481426,21.52741898259809,NA,NA,0
Parma unifasciata,-33.82,151.29,2014,12,7,12.5,1,-34_151,20.82452170054118,22.184375762939453,20.786031686481426,21.52741898259809,NA,NA,0
Parma unifasciata,-33.82,151.29,2014,12,7,15,3,-34_151,20.82452170054118,22.184375762939453,20.786031686481426,21.52741898259809,NA,NA,0
Parma unifasciata,-33.82,151.29,2014,12,7,20,3,-34_151,20.82452170054118,22.184375762939453,20.786031686481426,21.52741898259809,NA,NA,0
Parma unifasciata,-33.82,151.29,2014,12,7,25,1,-34_151,20.82452170054118,22.184375762939453,20.786031686481426,21.52741898259809,NA,NA,0
Parma unifasciata,-33.82,151.29,2014,12,7,20,4,-34_151,20.82452170054118,22.184375762939453,20.786031686481426,21.52741898259809,NA,NA,0
Parma unifasciata,-32.71,152.15,2016,4,24,10,1,-33_152,21.81423552831014,23.78778839111328,21.811778390656066,23.117805004119873,1983,Fly Point-Halifax Park,1
Parma unifasciata,-32.71,152.15,2016,4,25,7.5,4,-33_152,21.81423552831014,23.78778839111328,21.811778390656066,23.117805004119873,1983,Fly Point-Halifax Park,1
Parma unifasciata,-32.71,152.15,2016,4,25,12.5,2,-33_152,21.81423552831014,23.78778839111328,21.811778390656066,23.117805004119873,1983,Fly Point-Halifax Park,1
Parma unifasciata,-32.71,152.15,2016,4,25,15,2,-33_152,21.81423552831014,23.78778839111328,21.811778390656066,23.117805004119873,1983,Fly Point-Halifax Park,1
Parma unifasciata,-32.71,152.15,2016,4,25,20,3,-33_152,21.81423552831014,23.78778839111328,21.811778390656066,23.117805004119873,1983,Fly Point-Halifax Park,1
Parma unifasciata,-32.71,152.15,2016,4,25,7.5,3,-33_152,21.81423552831014,23.78778839111328,21.811778390656066,23.117805004119873,1983,Fly Point-Halifax Park,1
Parma unifasciata,-32.71,152.15,2016,4,25,10,2,-33_152,21.81423552831014,23.78778839111328,21.811778390656066,23.117805004119873,1983,Fly Point-Halifax Park,1
Parma unifasciata,-32.62,152.33,2016,4,22,10,10,-33_152,21.81423552831014,23.78778839111328,21.811778390656066,23.117805004119873,2007,Port Stephens Great Lake Marine Park,0
Parma unifasciata,-32.62,152.33,2016,4,22,12.5,20,-33_152,21.81423552831014,23.78778839111328,21.811778390656066,23.117805004119873,2007,Port Stephens Great Lake Marine Park,0
Parma unifasciata,-32.62,152.33,2016,4,22,15,8,-33_152,21.81423552831014,23.78778839111328,21.811778390656066,23.117805004119873,2007,Port Stephens Great Lake Marine Park,0
Parma unifasciata,-32.62,152.33,2016,4,22,7.5,6,-33_152,21.81423552831014,23.78778839111328,21.811778390656066,23.117805004119873,2007,Port Stephens Great Lake Marine Park,0
Parma unifasciata,-32.6,152.32,2016,4,8,7.5,1,-33_152,21.81423552831014,23.78778839111328,21.811778390656066,23.117805004119873,NA,NA,0
Parma unifasciata,-32.6,152.32,2016,4,8,12.5,1,-33_152,21.81423552831014,23.78778839111328,21.811778390656066,23.117805004119873,NA,NA,0
Parma unifasciata,-32.6,152.32,2016,4,8,10,11,-33_152,21.81423552831014,23.78778839111328,21.811778390656066,23.117805004119873,NA,NA,0
Parma unifasciata,-32.6,152.32,2016,4,8,12.5,1,-33_152,21.81423552831014,23.78778839111328,21.811778390656066,23.117805004119873,NA,NA,0
Parma unifasciata,-32.6,152.32,2016,4,8,5,2,-33_152,21.81423552831014,23.78778839111328,21.811778390656066,23.117805004119873,NA,NA,0
Parma unifasciata,-32.6,152.32,2016,4,8,10,10,-33_152,21.81423552831014,23.78778839111328,21.811778390656066,23.117805004119873,NA,NA,0
Parma unifasciata,-32.6,152.32,2016,4,8,12.5,10,-33_152,21.81423552831014,23.78778839111328,21.811778390656066,23.117805004119873,NA,NA,0
Parma unifasciata,-32.71,152.16,2016,4,24,5,1,-33_152,21.81423552831014,23.78778839111328,21.811778390656066,23.117805004119873,1983,Fly Point-Halifax Park,1
Parma unifasciata,-32.71,152.16,2016,4,24,7.5,1,-33_152,21.81423552831014,23.78778839111328,21.811778390656066,23.117805004119873,1983,Fly Point-Halifax Park,1
Parma unifasciata,-32.71,152.16,2016,4,24,5,2,-33_152,21.81423552831014,23.78778839111328,21.811778390656066,23.117805004119873,1983,Fly Point-Halifax Park,1
Parma unifasciata,-32.71,152.15,2016,4,24,7.5,1,-33_152,21.81423552831014,23.78778839111328,21.811778390656066,23.117805004119873,1983,Fly Point-Halifax Park,1
Parma unifasciata,-32.71,152.15,2016,4,25,5,2,-33_152,21.81423552831014,23.78778839111328,21.811778390656066,23.117805004119873,1983,Fly Point-Halifax Park,1
Parma unifasciata,-32.71,152.15,2016,4,25,7.5,2,-33_152,21.81423552831014,23.78778839111328,21.811778390656066,23.117805004119873,1983,Fly Point-Halifax Park,1
Parma unifasciata,-32.71,152.15,2016,4,25,7.5,1,-33_152,21.81423552831014,23.78778839111328,21.811778390656066,23.117805004119873,1983,Fly Point-Halifax Park,1
Parma unifasciata,-32.71,152.15,2016,4,25,10,1,-33_152,21.81423552831014,23.78778839111328,21.811778390656066,23.117805004119873,1983,Fly Point-Halifax Park,1
Parma unifasciata,-32.71,152.15,2016,4,25,12.5,2,-33_152,21.81423552831014,23.78778839111328,21.811778390656066,23.117805004119873,1983,Fly Point-Halifax Park,1
Parma unifasciata,-32.71,152.15,2016,4,24,10,1,-33_152,21.81423552831014,23.78778839111328,21.811778390656066,23.117805004119873,1983,Fly Point-Halifax Park,1
Parma unifasciata,-32.71,152.15,2016,4,24,15,1,-33_152,21.81423552831014,23.78778839111328,21.811778390656066,23.117805004119873,1983,Fly Point-Halifax Park,1
Parma unifasciata,-32.71,152.16,2016,4,23,7.5,2,-33_152,21.81423552831014,23.78778839111328,21.811778390656066,23.117805004119873,1983,Fly Point-Halifax Park,1
Parma unifasciata,-32.71,152.16,2016,4,23,10,1,-33_152,21.81423552831014,23.78778839111328,21.811778390656066,23.117805004119873,1983,Fly Point-Halifax Park,1
Parma unifasciata,-32.71,152.16,2016,4,23,7.5,2,-33_152,21.81423552831014,23.78778839111328,21.811778390656066,23.117805004119873,1983,Fly Point-Halifax Park,1
Parma unifasciata,-32.69,152.22,2016,4,10,5,1,-33_152,21.81423552831014,23.78778839111328,21.811778390656066,23.117805004119873,NA,NA,0
Parma unifasciata,-32.69,152.22,2016,4,10,7.5,1,-33_152,21.81423552831014,23.78778839111328,21.811778390656066,23.117805004119873,NA,NA,0
Parma unifasciata,-32.69,152.22,2016,4,10,10,2,-33_152,21.81423552831014,23.78778839111328,21.811778390656066,23.117805004119873,NA,NA,0
Parma unifasciata,-32.69,152.22,2016,4,10,5,3,-33_152,21.81423552831014,23.78778839111328,21.811778390656066,23.117805004119873,NA,NA,0
Parma unifasciata,-32.69,152.22,2016,4,10,7.5,3,-33_152,21.81423552831014,23.78778839111328,21.811778390656066,23.117805004119873,NA,NA,0
Parma unifasciata,-32.69,152.22,2016,4,10,10,4,-33_152,21.81423552831014,23.78778839111328,21.811778390656066,23.117805004119873,NA,NA,0
Parma unifasciata,-32.74,152.19,2016,4,16,5,5,-33_152,21.81423552831014,23.78778839111328,21.811778390656066,23.117805004119873,NA,NA,0
Parma unifasciata,-32.74,152.19,2016,4,16,7.5,20,-33_152,21.81423552831014,23.78778839111328,21.811778390656066,23.117805004119873,NA,NA,0
Parma unifasciata,-32.74,152.19,2016,4,16,10,20,-33_152,21.81423552831014,23.78778839111328,21.811778390656066,23.117805004119873,NA,NA,0
Parma unifasciata,-32.74,152.19,2016,4,16,5,1,-33_152,21.81423552831014,23.78778839111328,21.811778390656066,23.117805004119873,NA,NA,0
Parma unifasciata,-32.74,152.19,2016,4,16,7.5,1,-33_152,21.81423552831014,23.78778839111328,21.811778390656066,23.117805004119873,NA,NA,0
Parma unifasciata,-32.74,152.19,2016,4,16,10,10,-33_152,21.81423552831014,23.78778839111328,21.811778390656066,23.117805004119873,NA,NA,0
Parma unifasciata,-32.74,152.19,2016,4,16,12.5,10,-33_152,21.81423552831014,23.78778839111328,21.811778390656066,23.117805004119873,NA,NA,0
Parma unifasciata,-32.74,152.19,2016,4,16,15,2,-33_152,21.81423552831014,23.78778839111328,21.811778390656066,23.117805004119873,NA,NA,0
Parma unifasciata,-32.74,152.19,2016,4,16,7.5,1,-33_152,21.81423552831014,23.78778839111328,21.811778390656066,23.117805004119873,NA,NA,0
Parma unifasciata,-32.74,152.19,2016,4,16,10,2,-33_152,21.81423552831014,23.78778839111328,21.811778390656066,23.117805004119873,NA,NA,0
Parma unifasciata,-32.74,152.19,2016,4,16,5,2,-33_152,21.81423552831014,23.78778839111328,21.811778390656066,23.117805004119873,NA,NA,0
Parma unifasciata,-32.74,152.19,2016,4,16,7.5,2,-33_152,21.81423552831014,23.78778839111328,21.811778390656066,23.117805004119873,NA,NA,0
Parma unifasciata,-32.74,152.19,2016,4,16,10,10,-33_152,21.81423552831014,23.78778839111328,21.811778390656066,23.117805004119873,NA,NA,0
Parma unifasciata,-32.74,152.19,2016,4,16,12.5,5,-33_152,21.81423552831014,23.78778839111328,21.811778390656066,23.117805004119873,NA,NA,0
Parma unifasciata,-32.62,152.33,2016,4,22,7.5,10,-33_152,21.81423552831014,23.78778839111328,21.811778390656066,23.117805004119873,2007,Port Stephens Great Lake Marine Park,0
Parma unifasciata,-32.62,152.33,2016,4,22,10,10,-33_152,21.81423552831014,23.78778839111328,21.811778390656066,23.117805004119873,2007,Port Stephens Great Lake Marine Park,0
Parma unifasciata,-32.62,152.33,2016,4,22,12.5,3,-33_152,21.81423552831014,23.78778839111328,21.811778390656066,23.117805004119873,2007,Port Stephens Great Lake Marine Park,0
Parma unifasciata,-32.71,152.15,2016,4,25,12.5,2,-33_152,21.81423552831014,23.78778839111328,21.811778390656066,23.117805004119873,1983,Fly Point-Halifax Park,1
Parma unifasciata,-32.62,152.33,2016,4,22,7.5,2,-33_152,21.81423552831014,23.78778839111328,21.811778390656066,23.117805004119873,2007,Port Stephens Great Lake Marine Park,0
Parma unifasciata,-32.62,152.33,2016,4,22,10,4,-33_152,21.81423552831014,23.78778839111328,21.811778390656066,23.117805004119873,2007,Port Stephens Great Lake Marine Park,0
Parma unifasciata,-32.62,152.33,2016,4,22,12.5,11,-33_152,21.81423552831014,23.78778839111328,21.811778390656066,23.117805004119873,2007,Port Stephens Great Lake Marine Park,0
Parma unifasciata,-32.62,152.33,2016,4,22,10,5,-33_152,21.81423552831014,23.78778839111328,21.811778390656066,23.117805004119873,2007,Port Stephens Great Lake Marine Park,0
Parma unifasciata,-32.62,152.33,2016,4,22,12.5,5,-33_152,21.81423552831014,23.78778839111328,21.811778390656066,23.117805004119873,2007,Port Stephens Great Lake Marine Park,0
Parma unifasciata,-32.62,152.33,2016,4,22,5,3,-33_152,21.81423552831014,23.78778839111328,21.811778390656066,23.117805004119873,2007,Port Stephens Great Lake Marine Park,0
Parma unifasciata,-32.62,152.33,2016,4,22,7.5,2,-33_152,21.81423552831014,23.78778839111328,21.811778390656066,23.117805004119873,2007,Port Stephens Great Lake Marine Park,0
Parma unifasciata,-32.62,152.33,2016,4,22,7.5,3,-33_152,21.81423552831014,23.78778839111328,21.811778390656066,23.117805004119873,2007,Port Stephens Great Lake Marine Park,0
Parma unifasciata,-32.62,152.33,2016,4,22,10,8,-33_152,21.81423552831014,23.78778839111328,21.811778390656066,23.117805004119873,2007,Port Stephens Great Lake Marine Park,0
Parma unifasciata,-32.62,152.33,2016,4,22,12.5,5,-33_152,21.81423552831014,23.78778839111328,21.811778390656066,23.117805004119873,2007,Port Stephens Great Lake Marine Park,0
Parma unifasciata,-32.62,152.33,2016,4,22,10,2,-33_152,21.81423552831014,23.78778839111328,21.811778390656066,23.117805004119873,2007,Port Stephens Great Lake Marine Park,0
Parma unifasciata,-32.62,152.33,2016,4,22,5,2,-33_152,21.81423552831014,23.78778839111328,21.811778390656066,23.117805004119873,2007,Port Stephens Great Lake Marine Park,0
Parma unifasciata,-32.62,152.33,2016,4,22,7.5,5,-33_152,21.81423552831014,23.78778839111328,21.811778390656066,23.117805004119873,2007,Port Stephens Great Lake Marine Park,0
Parma unifasciata,-32.62,152.33,2016,4,22,10,2,-33_152,21.81423552831014,23.78778839111328,21.811778390656066,23.117805004119873,2007,Port Stephens Great Lake Marine Park,0
Parma unifasciata,-32.62,152.33,2016,4,22,7.5,2,-33_152,21.81423552831014,23.78778839111328,21.811778390656066,23.117805004119873,2007,Port Stephens Great Lake Marine Park,0
Parma unifasciata,-32.62,152.33,2016,4,22,12.5,3,-33_152,21.81423552831014,23.78778839111328,21.811778390656066,23.117805004119873,2007,Port Stephens Great Lake Marine Park,0
Parma unifasciata,-32.79,152.11,2016,4,20,7.5,1,-33_152,21.81423552831014,23.78778839111328,21.811778390656066,23.117805004119873,NA,NA,0
Parma unifasciata,-32.79,152.11,2016,4,20,10,1,-33_152,21.81423552831014,23.78778839111328,21.811778390656066,23.117805004119873,NA,NA,0
Parma unifasciata,-32.71,152.16,2016,4,24,5,1,-33_152,21.81423552831014,23.78778839111328,21.811778390656066,23.117805004119873,1983,Fly Point-Halifax Park,1
Parma unifasciata,-32.71,152.16,2016,4,24,7.5,1,-33_152,21.81423552831014,23.78778839111328,21.811778390656066,23.117805004119873,1983,Fly Point-Halifax Park,1
Parma unifasciata,-32.72,152.15,2016,4,25,7.5,3,-33_152,21.81423552831014,23.78778839111328,21.811778390656066,23.117805004119873,NA,NA,0
Parma unifasciata,-32.72,152.15,2016,4,25,7.5,5,-33_152,21.81423552831014,23.78778839111328,21.811778390656066,23.117805004119873,NA,NA,0
Parma unifasciata,-32.72,152.15,2016,4,25,10,2,-33_152,21.81423552831014,23.78778839111328,21.811778390656066,23.117805004119873,NA,NA,0
Parma unifasciata,-32.72,152.15,2016,4,25,12.5,1,-33_152,21.81423552831014,23.78778839111328,21.811778390656066,23.117805004119873,NA,NA,0
Parma unifasciata,-32.6,152.32,2016,4,8,5,2,-33_152,21.81423552831014,23.78778839111328,21.811778390656066,23.117805004119873,NA,NA,0
Parma unifasciata,-32.6,152.32,2016,4,8,7.5,2,-33_152,21.81423552831014,23.78778839111328,21.811778390656066,23.117805004119873,NA,NA,0
Parma unifasciata,-32.6,152.32,2016,4,8,10,2,-33_152,21.81423552831014,23.78778839111328,21.811778390656066,23.117805004119873,NA,NA,0
Parma unifasciata,-32.6,152.32,2016,4,8,12.5,3,-33_152,21.81423552831014,23.78778839111328,21.811778390656066,23.117805004119873,NA,NA,0
Parma unifasciata,-32.6,152.32,2016,4,8,10,2,-33_152,21.81423552831014,23.78778839111328,21.811778390656066,23.117805004119873,NA,NA,0
Parma unifasciata,-32.6,152.32,2016,4,8,12.5,2,-33_152,21.81423552831014,23.78778839111328,21.811778390656066,23.117805004119873,NA,NA,0
Parma unifasciata,-32.6,152.32,2016,4,8,7.5,3,-33_152,21.81423552831014,23.78778839111328,21.811778390656066,23.117805004119873,NA,NA,0
Parma unifasciata,-32.6,152.32,2016,4,8,10,4,-33_152,21.81423552831014,23.78778839111328,21.811778390656066,23.117805004119873,NA,NA,0
Parma unifasciata,-29.7,153.4,2016,4,20,7.5,1,-30_153,23.4132661819458,25.08126640319824,23.05769571724287,25.004332771301268,2002,Solitary Islands Marine Park,1
Parma unifasciata,-29.7,153.4,2016,4,20,10,2,-30_153,23.4132661819458,25.08126640319824,23.05769571724287,25.004332771301268,2002,Solitary Islands Marine Park,1
Parma unifasciata,-29.7,153.4,2016,4,20,12.5,4,-30_153,23.4132661819458,25.08126640319824,23.05769571724287,25.004332771301268,2002,Solitary Islands Marine Park,1
Parma unifasciata,-29.7,153.4,2016,4,20,15,3,-30_153,23.4132661819458,25.08126640319824,23.05769571724287,25.004332771301268,2002,Solitary Islands Marine Park,1
Parma unifasciata,-29.7,153.4,2016,4,20,12.5,2,-30_153,23.4132661819458,25.08126640319824,23.05769571724287,25.004332771301268,2002,Solitary Islands Marine Park,1
Parma unifasciata,-29.7,153.4,2016,4,20,15,1,-30_153,23.4132661819458,25.08126640319824,23.05769571724287,25.004332771301268,2002,Solitary Islands Marine Park,1
Parma unifasciata,-29.7,153.4,2016,4,20,10,3,-30_153,23.4132661819458,25.08126640319824,23.05769571724287,25.004332771301268,2002,Solitary Islands Marine Park,1
Parma unifasciata,-29.7,153.4,2016,4,20,10,6,-30_153,23.4132661819458,25.08126640319824,23.05769571724287,25.004332771301268,2002,Solitary Islands Marine Park,1
Parma unifasciata,-29.7,153.4,2016,4,20,12.5,3,-30_153,23.4132661819458,25.08126640319824,23.05769571724287,25.004332771301268,2002,Solitary Islands Marine Park,1
Parma unifasciata,-29.7,153.4,2016,4,20,20,4,-30_153,23.4132661819458,25.08126640319824,23.05769571724287,25.004332771301268,2002,Solitary Islands Marine Park,1
Parma unifasciata,-29.7,153.4,2016,4,20,10,3,-30_153,23.4132661819458,25.08126640319824,23.05769571724287,25.004332771301268,2002,Solitary Islands Marine Park,1
Parma unifasciata,-29.7,153.4,2016,4,20,12.5,4,-30_153,23.4132661819458,25.08126640319824,23.05769571724287,25.004332771301268,2002,Solitary Islands Marine Park,1
Parma unifasciata,-29.7,153.4,2016,4,20,7.5,3,-30_153,23.4132661819458,25.08126640319824,23.05769571724287,25.004332771301268,2002,Solitary Islands Marine Park,1
Parma unifasciata,-29.7,153.4,2016,4,20,10,2,-30_153,23.4132661819458,25.08126640319824,23.05769571724287,25.004332771301268,2002,Solitary Islands Marine Park,1
Parma unifasciata,-29.7,153.4,2016,4,20,15,1,-30_153,23.4132661819458,25.08126640319824,23.05769571724287,25.004332771301268,2002,Solitary Islands Marine Park,1
Parma unifasciata,-29.7,153.4,2016,4,20,15,5,-30_153,23.4132661819458,25.08126640319824,23.05769571724287,25.004332771301268,2002,Solitary Islands Marine Park,1
Parma unifasciata,-32.72,152.15,2016,4,25,5,4,-33_152,21.81423552831014,23.78778839111328,21.811778390656066,23.117805004119873,NA,NA,0
Parma unifasciata,-32.71,152.15,2016,4,25,10,2,-33_152,21.81423552831014,23.78778839111328,21.811778390656066,23.117805004119873,1983,Fly Point-Halifax Park,1
Parma unifasciata,-32.74,152.19,2016,8,1,5,1,-33_152,21.81423552831014,18.692283630371097,21.811778390656066,19.28180061360841,NA,NA,0
Parma unifasciata,-32.74,152.19,2016,8,1,7.5,3,-33_152,21.81423552831014,18.692283630371097,21.811778390656066,19.28180061360841,NA,NA,0
Parma unifasciata,-32.74,152.19,2016,8,1,10,3,-33_152,21.81423552831014,18.692283630371097,21.811778390656066,19.28180061360841,NA,NA,0
Parma unifasciata,-32.74,152.19,2016,8,1,7.5,4,-33_152,21.81423552831014,18.692283630371097,21.811778390656066,19.28180061360841,NA,NA,0
Parma unifasciata,-32.74,152.19,2016,8,1,10,4,-33_152,21.81423552831014,18.692283630371097,21.811778390656066,19.28180061360841,NA,NA,0
Parma unifasciata,-32.74,152.19,2016,8,1,12.5,2,-33_152,21.81423552831014,18.692283630371097,21.811778390656066,19.28180061360841,NA,NA,0
Parma unifasciata,-32.74,152.19,2016,8,1,5,3,-33_152,21.81423552831014,18.692283630371097,21.811778390656066,19.28180061360841,NA,NA,0
Parma unifasciata,-32.74,152.19,2016,8,1,7.5,2,-33_152,21.81423552831014,18.692283630371097,21.811778390656066,19.28180061360841,NA,NA,0
Parma unifasciata,-32.74,152.19,2016,8,1,10,5,-33_152,21.81423552831014,18.692283630371097,21.811778390656066,19.28180061360841,NA,NA,0
Parma unifasciata,-32.74,152.19,2016,8,1,10,2,-33_152,21.81423552831014,18.692283630371097,21.811778390656066,19.28180061360841,NA,NA,0
Parma unifasciata,-35.08,150.79,2015,2,14,7.5,1,-35_151,20.371203899383545,23.721220016479492,20.720872586683765,23.783332870120095,2002,Jervis Bay Marine Park,1
Parma unifasciata,-35.08,150.79,2015,2,14,12.5,1,-35_151,20.371203899383545,23.721220016479492,20.720872586683765,23.783332870120095,2002,Jervis Bay Marine Park,1
Parma unifasciata,-35.08,150.79,2015,2,14,15,1,-35_151,20.371203899383545,23.721220016479492,20.720872586683765,23.783332870120095,2002,Jervis Bay Marine Park,1
Parma unifasciata,-35.08,150.79,2015,2,14,15,1,-35_151,20.371203899383545,23.721220016479492,20.720872586683765,23.783332870120095,2002,Jervis Bay Marine Park,1
Parma unifasciata,-35.08,150.79,2015,2,15,15,2,-35_151,20.371203899383545,23.721220016479492,20.720872586683765,23.783332870120095,2002,Jervis Bay Marine Park,1
Parma unifasciata,-35.08,150.79,2015,2,15,15,1,-35_151,20.371203899383545,23.721220016479492,20.720872586683765,23.783332870120095,2002,Jervis Bay Marine Park,1
Parma unifasciata,-35.08,150.79,2015,2,14,12.5,1,-35_151,20.371203899383545,23.721220016479492,20.720872586683765,23.783332870120095,2002,Jervis Bay Marine Park,1
Parma unifasciata,-35.08,150.79,2015,2,15,10,1,-35_151,20.371203899383545,23.721220016479492,20.720872586683765,23.783332870120095,2002,Jervis Bay Marine Park,1
Parma unifasciata,-35.08,150.79,2015,2,15,12.5,5,-35_151,20.371203899383545,23.721220016479492,20.720872586683765,23.783332870120095,2002,Jervis Bay Marine Park,1
Parma unifasciata,-35.08,150.79,2015,2,15,15,4,-35_151,20.371203899383545,23.721220016479492,20.720872586683765,23.783332870120095,2002,Jervis Bay Marine Park,1
Parma unifasciata,-35.08,150.79,2015,2,15,12.5,3,-35_151,20.371203899383545,23.721220016479492,20.720872586683765,23.783332870120095,2002,Jervis Bay Marine Park,1
Parma unifasciata,-35.08,150.79,2015,2,15,12.5,4,-35_151,20.371203899383545,23.721220016479492,20.720872586683765,23.783332870120095,2002,Jervis Bay Marine Park,1
Parma unifasciata,-35.08,150.79,2015,2,15,15,3,-35_151,20.371203899383545,23.721220016479492,20.720872586683765,23.783332870120095,2002,Jervis Bay Marine Park,1
Parma unifasciata,-35.08,150.79,2015,2,15,20,4,-35_151,20.371203899383545,23.721220016479492,20.720872586683765,23.783332870120095,2002,Jervis Bay Marine Park,1
Parma unifasciata,-32.71,152.16,2016,1,23,5,1,-33_152,21.81423552831014,23.944259643554688,21.811778390656066,23.800456446986043,1983,Fly Point-Halifax Park,1
Parma unifasciata,-35.08,150.79,2015,2,15,12.5,5,-35_151,20.371203899383545,23.721220016479492,20.720872586683765,23.783332870120095,2002,Jervis Bay Marine Park,1
Parma unifasciata,-35.08,150.79,2015,2,15,15,6,-35_151,20.371203899383545,23.721220016479492,20.720872586683765,23.783332870120095,2002,Jervis Bay Marine Park,1
Parma unifasciata,-35.08,150.79,2015,2,15,20,5,-35_151,20.371203899383545,23.721220016479492,20.720872586683765,23.783332870120095,2002,Jervis Bay Marine Park,1
Parma unifasciata,-32.71,152.16,2016,3,25,7.5,1,-33_152,21.81423552831014,25.02045440673828,21.811778390656066,24.510429577160902,1983,Fly Point-Halifax Park,1
Parma unifasciata,-35.11,150.77,2015,2,13,15,1,-35_151,20.371203899383545,23.721220016479492,20.720872586683765,23.783332870120095,2002,Booderee National Park,1
Parma unifasciata,-32.72,152.15,2016,1,25,2.5,1,-33_152,21.81423552831014,23.944259643554688,21.811778390656066,23.800456446986043,NA,NA,0
Parma unifasciata,-32.72,152.15,2016,1,25,5,2,-33_152,21.81423552831014,23.944259643554688,21.811778390656066,23.800456446986043,NA,NA,0
Parma unifasciata,-32.69,152.23,2016,8,29,2.5,2,-33_152,21.81423552831014,18.692283630371097,21.811778390656066,19.28180061360841,2007,Port Stephens Great Lake Marine Park,0
Parma unifasciata,-32.69,152.23,2016,8,29,7.5,10,-33_152,21.81423552831014,18.692283630371097,21.811778390656066,19.28180061360841,2007,Port Stephens Great Lake Marine Park,0
Parma unifasciata,-32.69,152.23,2016,8,29,10,10,-33_152,21.81423552831014,18.692283630371097,21.811778390656066,19.28180061360841,2007,Port Stephens Great Lake Marine Park,0
Parma unifasciata,-32.69,152.23,2016,8,29,12.5,1,-33_152,21.81423552831014,18.692283630371097,21.811778390656066,19.28180061360841,2007,Port Stephens Great Lake Marine Park,0
Parma unifasciata,-32.69,152.23,2016,8,29,5,1,-33_152,21.81423552831014,18.692283630371097,21.811778390656066,19.28180061360841,2007,Port Stephens Great Lake Marine Park,0
Parma unifasciata,-32.69,152.23,2016,8,29,7.5,3,-33_152,21.81423552831014,18.692283630371097,21.811778390656066,19.28180061360841,2007,Port Stephens Great Lake Marine Park,0
Parma unifasciata,-32.69,152.23,2016,8,29,10,3,-33_152,21.81423552831014,18.692283630371097,21.811778390656066,19.28180061360841,2007,Port Stephens Great Lake Marine Park,0
Parma unifasciata,-33.74,151.31,2015,3,30,5,1,-34_151,21.010322252909344,23.785842895507813,21.160145131914785,23.37540268128918,NA,NA,0
Parma unifasciata,-33.74,151.31,2015,3,30,7.5,3,-34_151,21.010322252909344,23.785842895507813,21.160145131914785,23.37540268128918,NA,NA,0
Parma unifasciata,-33.74,151.31,2015,3,30,10,3,-34_151,21.010322252909344,23.785842895507813,21.160145131914785,23.37540268128918,NA,NA,0
Parma unifasciata,-33.74,151.31,2015,3,30,12.5,2,-34_151,21.010322252909344,23.785842895507813,21.160145131914785,23.37540268128918,NA,NA,0
Parma unifasciata,-33.74,151.31,2015,3,30,10,2,-34_151,21.010322252909344,23.785842895507813,21.160145131914785,23.37540268128918,NA,NA,0
Parma unifasciata,-32.71,152.16,2016,3,29,7.5,2,-33_152,21.81423552831014,25.02045440673828,21.811778390656066,24.510429577160902,1983,Fly Point-Halifax Park,1
Parma unifasciata,-32.71,152.16,2016,3,29,10,1,-33_152,21.81423552831014,25.02045440673828,21.811778390656066,24.510429577160902,1983,Fly Point-Halifax Park,1
Parma unifasciata,-32.71,152.16,2016,3,29,12.5,1,-33_152,21.81423552831014,25.02045440673828,21.811778390656066,24.510429577160902,1983,Fly Point-Halifax Park,1
Parma unifasciata,-32.79,152.11,2016,4,30,7.5,1,-33_152,21.81423552831014,23.78778839111328,21.811778390656066,23.117805004119873,NA,NA,0
Parma unifasciata,-32.79,152.11,2016,4,30,10,1,-33_152,21.81423552831014,23.78778839111328,21.811778390656066,23.117805004119873,NA,NA,0
Parma unifasciata,-30.16,153.23,2016,5,6,7.5,2,-30_153,23.4132661819458,23.84489631652832,23.05769571724287,23.80625750633978,2002,Solitary Islands Marine Park,1
Parma unifasciata,-30.16,153.23,2016,5,6,10,10,-30_153,23.4132661819458,23.84489631652832,23.05769571724287,23.80625750633978,2002,Solitary Islands Marine Park,1
Parma unifasciata,-30.16,153.23,2016,5,6,7.5,5,-30_153,23.4132661819458,23.84489631652832,23.05769571724287,23.80625750633978,2002,Solitary Islands Marine Park,1
Parma unifasciata,-30.16,153.23,2016,5,6,12.5,10,-30_153,23.4132661819458,23.84489631652832,23.05769571724287,23.80625750633978,2002,Solitary Islands Marine Park,1
Parma unifasciata,-30.2,153.27,2016,5,8,7.5,3,-30_153,23.4132661819458,23.84489631652832,23.05769571724287,23.80625750633978,2002,Solitary Islands Marine Park,1
Parma unifasciata,-30.2,153.27,2016,5,8,10,6,-30_153,23.4132661819458,23.84489631652832,23.05769571724287,23.80625750633978,2002,Solitary Islands Marine Park,1
Parma unifasciata,-30.2,153.27,2016,5,8,12.5,7,-30_153,23.4132661819458,23.84489631652832,23.05769571724287,23.80625750633978,2002,Solitary Islands Marine Park,1
Parma unifasciata,-30.2,153.27,2016,5,8,15,6,-30_153,23.4132661819458,23.84489631652832,23.05769571724287,23.80625750633978,2002,Solitary Islands Marine Park,1
Parma unifasciata,-30.15,153.23,2016,5,6,5,1,-30_153,23.4132661819458,23.84489631652832,23.05769571724287,23.80625750633978,NA,NA,0
Parma unifasciata,-30.15,153.23,2016,5,6,7.5,2,-30_153,23.4132661819458,23.84489631652832,23.05769571724287,23.80625750633978,NA,NA,0
Parma unifasciata,-30.15,153.23,2016,5,6,10,4,-30_153,23.4132661819458,23.84489631652832,23.05769571724287,23.80625750633978,NA,NA,0
Parma unifasciata,-30.2,153.27,2016,5,8,20,8,-30_153,23.4132661819458,23.84489631652832,23.05769571724287,23.80625750633978,2002,Solitary Islands Marine Park,1
Parma unifasciata,-30.2,153.27,2016,5,8,10,30,-30_153,23.4132661819458,23.84489631652832,23.05769571724287,23.80625750633978,2002,Solitary Islands Marine Park,1
Parma unifasciata,-30.2,153.27,2016,5,8,12.5,20,-30_153,23.4132661819458,23.84489631652832,23.05769571724287,23.80625750633978,2002,Solitary Islands Marine Park,1
Parma unifasciata,-30.2,153.27,2016,5,8,15,10,-30_153,23.4132661819458,23.84489631652832,23.05769571724287,23.80625750633978,2002,Solitary Islands Marine Park,1
Parma unifasciata,-30.21,153.27,2016,5,9,10,5,-30_153,23.4132661819458,23.84489631652832,23.05769571724287,23.80625750633978,2002,Solitary Islands Marine Park,1
Parma unifasciata,-30.21,153.27,2016,5,9,12.5,10,-30_153,23.4132661819458,23.84489631652832,23.05769571724287,23.80625750633978,2002,Solitary Islands Marine Park,1
Parma unifasciata,-30.21,153.27,2016,5,9,15,10,-30_153,23.4132661819458,23.84489631652832,23.05769571724287,23.80625750633978,2002,Solitary Islands Marine Park,1
Parma unifasciata,-30.24,153.18,2016,5,6,7.5,20,-30_153,23.4132661819458,23.84489631652832,23.05769571724287,23.80625750633978,2002,Solitary Islands Marine Park,1
Parma unifasciata,-30.24,153.18,2016,5,6,10,20,-30_153,23.4132661819458,23.84489631652832,23.05769571724287,23.80625750633978,2002,Solitary Islands Marine Park,1
Parma unifasciata,-30.24,153.18,2016,5,6,15,9,-30_153,23.4132661819458,23.84489631652832,23.05769571724287,23.80625750633978,2002,Solitary Islands Marine Park,1
Parma unifasciata,-30.24,153.18,2016,5,6,20,3,-30_153,23.4132661819458,23.84489631652832,23.05769571724287,23.80625750633978,2002,Solitary Islands Marine Park,1
Parma unifasciata,-30.24,153.18,2016,5,6,15,55,-30_153,23.4132661819458,23.84489631652832,23.05769571724287,23.80625750633978,2002,Solitary Islands Marine Park,1
Parma unifasciata,-30.24,153.18,2016,5,6,5,9,-30_153,23.4132661819458,23.84489631652832,23.05769571724287,23.80625750633978,2002,Solitary Islands Marine Park,1
Parma unifasciata,-30.24,153.18,2016,5,6,12.5,15,-30_153,23.4132661819458,23.84489631652832,23.05769571724287,23.80625750633978,2002,Solitary Islands Marine Park,1
Parma unifasciata,-30.24,153.18,2016,5,6,15,20,-30_153,23.4132661819458,23.84489631652832,23.05769571724287,23.80625750633978,2002,Solitary Islands Marine Park,1
Parma unifasciata,-30.21,153.27,2016,5,9,12.5,2,-30_153,23.4132661819458,23.84489631652832,23.05769571724287,23.80625750633978,2002,Solitary Islands Marine Park,1
Parma unifasciata,-30.21,153.27,2016,5,9,15,2,-30_153,23.4132661819458,23.84489631652832,23.05769571724287,23.80625750633978,2002,Solitary Islands Marine Park,1
Parma unifasciata,-29.92,153.39,2016,5,7,15,26,-30_153,23.4132661819458,23.84489631652832,23.05769571724287,23.80625750633978,2002,Solitary Islands Marine Park,1
Parma unifasciata,-29.92,153.39,2016,5,7,12.5,1,-30_153,23.4132661819458,23.84489631652832,23.05769571724287,23.80625750633978,2002,Solitary Islands Marine Park,1
Parma unifasciata,-29.92,153.39,2016,5,7,15,25,-30_153,23.4132661819458,23.84489631652832,23.05769571724287,23.80625750633978,2002,Solitary Islands Marine Park,1
Parma unifasciata,-30.2,153.27,2016,5,8,12.5,35,-30_153,23.4132661819458,23.84489631652832,23.05769571724287,23.80625750633978,2002,Solitary Islands Marine Park,1
Parma unifasciata,-30.2,153.27,2016,5,8,15,30,-30_153,23.4132661819458,23.84489631652832,23.05769571724287,23.80625750633978,2002,Solitary Islands Marine Park,1
Parma unifasciata,-30.2,153.27,2016,5,8,12.5,20,-30_153,23.4132661819458,23.84489631652832,23.05769571724287,23.80625750633978,2002,Solitary Islands Marine Park,1
Parma unifasciata,-30.2,153.27,2016,5,8,15,15,-30_153,23.4132661819458,23.84489631652832,23.05769571724287,23.80625750633978,2002,Solitary Islands Marine Park,1
Parma unifasciata,-30.2,153.26,2016,5,8,12.5,2,-30_153,23.4132661819458,23.84489631652832,23.05769571724287,23.80625750633978,2002,Solitary Islands Marine Park,1
Parma unifasciata,-30.2,153.26,2016,5,8,15,10,-30_153,23.4132661819458,23.84489631652832,23.05769571724287,23.80625750633978,2002,Solitary Islands Marine Park,1
Parma unifasciata,-30.2,153.26,2016,5,8,15,12,-30_153,23.4132661819458,23.84489631652832,23.05769571724287,23.80625750633978,2002,Solitary Islands Marine Park,1
Parma unifasciata,-30.24,153.18,2016,5,5,7.5,15,-30_153,23.4132661819458,23.84489631652832,23.05769571724287,23.80625750633978,NA,NA,0
Parma unifasciata,-30.21,153.27,2016,5,9,10,2,-30_153,23.4132661819458,23.84489631652832,23.05769571724287,23.80625750633978,2002,Solitary Islands Marine Park,1
Parma unifasciata,-30.21,153.27,2016,5,9,12.5,11,-30_153,23.4132661819458,23.84489631652832,23.05769571724287,23.80625750633978,2002,Solitary Islands Marine Park,1
Parma unifasciata,-30.21,153.27,2016,5,9,15,12,-30_153,23.4132661819458,23.84489631652832,23.05769571724287,23.80625750633978,2002,Solitary Islands Marine Park,1
Parma unifasciata,-30.24,153.18,2016,5,5,10,25,-30_153,23.4132661819458,23.84489631652832,23.05769571724287,23.80625750633978,NA,NA,0
Parma unifasciata,-30.24,153.18,2016,5,5,7.5,20,-30_153,23.4132661819458,23.84489631652832,23.05769571724287,23.80625750633978,NA,NA,0
Parma unifasciata,-30.24,153.18,2016,5,5,10,18,-30_153,23.4132661819458,23.84489631652832,23.05769571724287,23.80625750633978,NA,NA,0
Parma unifasciata,-30.2,153.27,2016,5,8,7.5,10,-30_153,23.4132661819458,23.84489631652832,23.05769571724287,23.80625750633978,2002,Solitary Islands Marine Park,1
Parma unifasciata,-30.2,153.27,2016,5,8,10,15,-30_153,23.4132661819458,23.84489631652832,23.05769571724287,23.80625750633978,2002,Solitary Islands Marine Park,1
Parma unifasciata,-30.21,153.27,2016,5,9,10,12,-30_153,23.4132661819458,23.84489631652832,23.05769571724287,23.80625750633978,2002,Solitary Islands Marine Park,1
Parma unifasciata,-30.21,153.27,2016,5,9,12.5,15,-30_153,23.4132661819458,23.84489631652832,23.05769571724287,23.80625750633978,2002,Solitary Islands Marine Park,1
Parma unifasciata,-29.93,153.39,2016,5,7,20,2,-30_153,23.4132661819458,23.84489631652832,23.05769571724287,23.80625750633978,2002,Solitary Islands Marine Park,1
Parma unifasciata,-29.93,153.39,2016,5,7,7.5,2,-30_153,23.4132661819458,23.84489631652832,23.05769571724287,23.80625750633978,2002,Solitary Islands Marine Park,1
Parma unifasciata,-29.93,153.39,2016,5,7,10,8,-30_153,23.4132661819458,23.84489631652832,23.05769571724287,23.80625750633978,2002,Solitary Islands Marine Park,1
Parma unifasciata,-29.93,153.39,2016,5,7,12.5,5,-30_153,23.4132661819458,23.84489631652832,23.05769571724287,23.80625750633978,2002,Solitary Islands Marine Park,1
Parma unifasciata,-29.93,153.39,2016,5,7,15,5,-30_153,23.4132661819458,23.84489631652832,23.05769571724287,23.80625750633978,2002,Solitary Islands Marine Park,1
Parma unifasciata,-29.93,153.39,2016,5,7,20,1,-30_153,23.4132661819458,23.84489631652832,23.05769571724287,23.80625750633978,2002,Solitary Islands Marine Park,1
Parma unifasciata,-29.93,153.39,2016,5,7,12.5,2,-30_153,23.4132661819458,23.84489631652832,23.05769571724287,23.80625750633978,2002,Solitary Islands Marine Park,1
Parma unifasciata,-29.93,153.39,2016,5,7,15,4,-30_153,23.4132661819458,23.84489631652832,23.05769571724287,23.80625750633978,2002,Solitary Islands Marine Park,1
Parma unifasciata,-29.93,153.39,2016,5,7,20,4,-30_153,23.4132661819458,23.84489631652832,23.05769571724287,23.80625750633978,2002,Solitary Islands Marine Park,1
Parma unifasciata,-30.02,153.27,2016,5,3,12.5,10,-30_153,23.4132661819458,23.84489631652832,23.05769571724287,23.80625750633978,2002,Solitary Islands Marine Park,1
Parma unifasciata,-30.02,153.27,2016,5,3,15,15,-30_153,23.4132661819458,23.84489631652832,23.05769571724287,23.80625750633978,2002,Solitary Islands Marine Park,1
Parma unifasciata,-30.02,153.27,2016,5,3,20,30,-30_153,23.4132661819458,23.84489631652832,23.05769571724287,23.80625750633978,2002,Solitary Islands Marine Park,1
Parma unifasciata,-30.02,153.27,2016,5,3,5,3,-30_153,23.4132661819458,23.84489631652832,23.05769571724287,23.80625750633978,2002,Solitary Islands Marine Park,1
Parma unifasciata,-30.02,153.27,2016,5,3,12.5,20,-30_153,23.4132661819458,23.84489631652832,23.05769571724287,23.80625750633978,2002,Solitary Islands Marine Park,1
Parma unifasciata,-30.02,153.27,2016,5,3,15,70,-30_153,23.4132661819458,23.84489631652832,23.05769571724287,23.80625750633978,2002,Solitary Islands Marine Park,1
Parma unifasciata,-30.02,153.27,2016,5,3,20,6,-30_153,23.4132661819458,23.84489631652832,23.05769571724287,23.80625750633978,2002,Solitary Islands Marine Park,1
Parma unifasciata,-30.02,153.27,2016,5,3,12.5,40,-30_153,23.4132661819458,23.84489631652832,23.05769571724287,23.80625750633978,2002,Solitary Islands Marine Park,1
Parma unifasciata,-30.02,153.27,2016,5,3,15,10,-30_153,23.4132661819458,23.84489631652832,23.05769571724287,23.80625750633978,2002,Solitary Islands Marine Park,1
Parma unifasciata,-30.02,153.27,2016,5,3,12.5,15,-30_153,23.4132661819458,23.84489631652832,23.05769571724287,23.80625750633978,2002,Solitary Islands Marine Park,1
Parma unifasciata,-30.02,153.27,2016,5,3,15,35,-30_153,23.4132661819458,23.84489631652832,23.05769571724287,23.80625750633978,2002,Solitary Islands Marine Park,1
Parma unifasciata,-33.8,151.3,2015,1,18,10,2,-34_151,21.010322252909344,23.462162017822266,21.160145131914785,23.013144646921464,2002,Cabbage Tree Bay Aquatic Reserve,1
Parma unifasciata,-33.8,151.3,2015,1,18,12.5,1,-34_151,21.010322252909344,23.462162017822266,21.160145131914785,23.013144646921464,2002,Cabbage Tree Bay Aquatic Reserve,1
Parma unifasciata,-33.84,151.28,2015,11,28,10,1,-34_151,21.010322252909344,21.230804443359375,21.160145131914785,21.15599954922994,NA,NA,0
Parma unifasciata,-32.74,152.19,2015,10,2,5,2,-33_152,21.731586456298828,21.29254150390625,21.574384755366165,20.85666624704997,NA,NA,0
Parma unifasciata,-32.74,152.19,2015,10,2,7.5,5,-33_152,21.731586456298828,21.29254150390625,21.574384755366165,20.85666624704997,NA,NA,0
Parma unifasciata,-32.74,152.19,2015,10,2,10,5,-33_152,21.731586456298828,21.29254150390625,21.574384755366165,20.85666624704997,NA,NA,0
Parma unifasciata,-32.74,152.19,2015,10,2,12.5,2,-33_152,21.731586456298828,21.29254150390625,21.574384755366165,20.85666624704997,NA,NA,0
Parma unifasciata,-32.74,152.19,2015,10,2,12.5,1,-33_152,21.731586456298828,21.29254150390625,21.574384755366165,20.85666624704997,NA,NA,0
Parma unifasciata,-32.74,152.19,2015,10,2,5,5,-33_152,21.731586456298828,21.29254150390625,21.574384755366165,20.85666624704997,NA,NA,0
Parma unifasciata,-32.74,152.19,2015,10,2,7.5,20,-33_152,21.731586456298828,21.29254150390625,21.574384755366165,20.85666624704997,NA,NA,0
Parma unifasciata,-32.74,152.19,2015,10,2,10,10,-33_152,21.731586456298828,21.29254150390625,21.574384755366165,20.85666624704997,NA,NA,0
Parma unifasciata,-32.74,152.19,2015,10,2,12.5,4,-33_152,21.731586456298828,21.29254150390625,21.574384755366165,20.85666624704997,NA,NA,0
Parma unifasciata,-32.74,152.19,2015,10,2,10,3,-33_152,21.731586456298828,21.29254150390625,21.574384755366165,20.85666624704997,NA,NA,0
Parma unifasciata,-32.74,152.19,2015,10,2,12.5,3,-33_152,21.731586456298828,21.29254150390625,21.574384755366165,20.85666624704997,NA,NA,0
Parma unifasciata,-32.74,152.19,2015,10,2,15,2,-33_152,21.731586456298828,21.29254150390625,21.574384755366165,20.85666624704997,NA,NA,0
Parma unifasciata,-32.69,152.22,2015,10,6,7.5,3,-33_152,21.731586456298828,21.29254150390625,21.574384755366165,20.85666624704997,NA,NA,0
Parma unifasciata,-32.69,152.22,2015,10,6,10,3,-33_152,21.731586456298828,21.29254150390625,21.574384755366165,20.85666624704997,NA,NA,0
Parma unifasciata,-32.71,152.16,2017,1,29,7.5,2,-33_152,21.88280153274536,24.26653289794922,21.674367571668547,23.74881669013731,1983,Fly Point-Halifax Park,1
Parma unifasciata,-32.71,152.16,2017,1,29,10,1,-33_152,21.88280153274536,24.26653289794922,21.674367571668547,23.74881669013731,1983,Fly Point-Halifax Park,1
Parma unifasciata,-30.2,153.27,2016,5,5,15,22,-30_153,23.4132661819458,23.84489631652832,23.05769571724287,23.80625750633978,NA,NA,0
Parma unifasciata,-30.2,153.27,2016,5,5,2.5,1,-30_153,23.4132661819458,23.84489631652832,23.05769571724287,23.80625750633978,NA,NA,0
Parma unifasciata,-30.2,153.27,2016,5,5,15,12,-30_153,23.4132661819458,23.84489631652832,23.05769571724287,23.80625750633978,NA,NA,0
Parma unifasciata,-30.2,153.27,2016,5,5,7.5,3,-30_153,23.4132661819458,23.84489631652832,23.05769571724287,23.80625750633978,NA,NA,0
Parma unifasciata,-30.2,153.27,2016,5,5,10,15,-30_153,23.4132661819458,23.84489631652832,23.05769571724287,23.80625750633978,NA,NA,0
Parma unifasciata,-30.2,153.27,2016,5,5,12.5,12,-30_153,23.4132661819458,23.84489631652832,23.05769571724287,23.80625750633978,NA,NA,0
Parma unifasciata,-30.2,153.27,2016,5,5,10,8,-30_153,23.4132661819458,23.84489631652832,23.05769571724287,23.80625750633978,NA,NA,0
Parma unifasciata,-30.2,153.27,2016,5,5,12.5,10,-30_153,23.4132661819458,23.84489631652832,23.05769571724287,23.80625750633978,NA,NA,0
Parma unifasciata,-30.24,153.18,2016,5,5,12.5,20,-30_153,23.4132661819458,23.84489631652832,23.05769571724287,23.80625750633978,NA,NA,0
Parma unifasciata,-30.24,153.18,2016,5,5,15,35,-30_153,23.4132661819458,23.84489631652832,23.05769571724287,23.80625750633978,NA,NA,0
Parma unifasciata,-30.24,153.18,2016,5,6,5,1,-30_153,23.4132661819458,23.84489631652832,23.05769571724287,23.80625750633978,2002,Solitary Islands Marine Park,1
Parma unifasciata,-30.24,153.18,2016,5,6,7.5,35,-30_153,23.4132661819458,23.84489631652832,23.05769571724287,23.80625750633978,2002,Solitary Islands Marine Park,1
Parma unifasciata,-30.24,153.18,2016,5,6,10,40,-30_153,23.4132661819458,23.84489631652832,23.05769571724287,23.80625750633978,2002,Solitary Islands Marine Park,1
Parma unifasciata,-30.24,153.18,2016,5,6,15,30,-30_153,23.4132661819458,23.84489631652832,23.05769571724287,23.80625750633978,2002,Solitary Islands Marine Park,1
Parma unifasciata,-30.24,153.18,2016,5,6,20,7,-30_153,23.4132661819458,23.84489631652832,23.05769571724287,23.80625750633978,2002,Solitary Islands Marine Park,1
Parma unifasciata,-30.15,153.23,2016,5,6,7.5,15,-30_153,23.4132661819458,23.84489631652832,23.05769571724287,23.80625750633978,NA,NA,0
Parma unifasciata,-30.15,153.23,2016,5,6,10,20,-30_153,23.4132661819458,23.84489631652832,23.05769571724287,23.80625750633978,NA,NA,0
Parma unifasciata,-30.15,153.23,2016,5,6,7.5,25,-30_153,23.4132661819458,23.84489631652832,23.05769571724287,23.80625750633978,NA,NA,0
Parma unifasciata,-30.15,153.23,2016,5,6,10,35,-30_153,23.4132661819458,23.84489631652832,23.05769571724287,23.80625750633978,NA,NA,0
Parma unifasciata,-29.92,153.39,2016,5,7,7.5,5,-30_153,23.4132661819458,23.84489631652832,23.05769571724287,23.80625750633978,2002,Solitary Islands Marine Park,1
Parma unifasciata,-29.92,153.39,2016,5,7,10,6,-30_153,23.4132661819458,23.84489631652832,23.05769571724287,23.80625750633978,2002,Solitary Islands Marine Park,1
Parma unifasciata,-29.92,153.39,2016,5,7,7.5,13,-30_153,23.4132661819458,23.84489631652832,23.05769571724287,23.80625750633978,2002,Solitary Islands Marine Park,1
Parma unifasciata,-29.92,153.39,2016,5,7,10,3,-30_153,23.4132661819458,23.84489631652832,23.05769571724287,23.80625750633978,2002,Solitary Islands Marine Park,1
Parma unifasciata,-30.15,153.23,2016,5,6,12.5,10,-30_153,23.4132661819458,23.84489631652832,23.05769571724287,23.80625750633978,NA,NA,0
Parma unifasciata,-30.15,153.23,2016,5,6,7.5,5,-30_153,23.4132661819458,23.84489631652832,23.05769571724287,23.80625750633978,NA,NA,0
Parma unifasciata,-30.15,153.23,2016,5,6,10,10,-30_153,23.4132661819458,23.84489631652832,23.05769571724287,23.80625750633978,NA,NA,0
Parma unifasciata,-29.93,153.39,2016,5,7,10,1,-30_153,23.4132661819458,23.84489631652832,23.05769571724287,23.80625750633978,2002,Solitary Islands Marine Park,1
Parma unifasciata,-29.93,153.39,2016,5,7,10,3,-30_153,23.4132661819458,23.84489631652832,23.05769571724287,23.80625750633978,2002,Solitary Islands Marine Park,1
Parma unifasciata,-29.93,153.39,2016,5,7,12.5,2,-30_153,23.4132661819458,23.84489631652832,23.05769571724287,23.80625750633978,2002,Solitary Islands Marine Park,1
Parma unifasciata,-29.93,153.39,2016,5,7,10,1,-30_153,23.4132661819458,23.84489631652832,23.05769571724287,23.80625750633978,2002,Solitary Islands Marine Park,1
Parma unifasciata,-29.93,153.39,2016,5,7,12.5,2,-30_153,23.4132661819458,23.84489631652832,23.05769571724287,23.80625750633978,2002,Solitary Islands Marine Park,1
Parma unifasciata,-29.93,153.39,2016,5,7,7.5,5,-30_153,23.4132661819458,23.84489631652832,23.05769571724287,23.80625750633978,2002,Solitary Islands Marine Park,1
Parma unifasciata,-29.93,153.39,2016,5,7,10,5,-30_153,23.4132661819458,23.84489631652832,23.05769571724287,23.80625750633978,2002,Solitary Islands Marine Park,1
Parma unifasciata,-29.93,153.39,2016,5,7,12.5,3,-30_153,23.4132661819458,23.84489631652832,23.05769571724287,23.80625750633978,2002,Solitary Islands Marine Park,1
Parma unifasciata,-30.2,153.27,2016,5,8,10,5,-30_153,23.4132661819458,23.84489631652832,23.05769571724287,23.80625750633978,2002,Solitary Islands Marine Park,1
Parma unifasciata,-30.2,153.27,2016,5,8,15,2,-30_153,23.4132661819458,23.84489631652832,23.05769571724287,23.80625750633978,2002,Solitary Islands Marine Park,1
Parma unifasciata,-30.2,153.27,2016,5,8,5,2,-30_153,23.4132661819458,23.84489631652832,23.05769571724287,23.80625750633978,2002,Solitary Islands Marine Park,1
Parma unifasciata,-30.2,153.27,2016,5,8,10,2,-30_153,23.4132661819458,23.84489631652832,23.05769571724287,23.80625750633978,2002,Solitary Islands Marine Park,1
Parma unifasciata,-30.2,153.27,2016,5,8,12.5,3,-30_153,23.4132661819458,23.84489631652832,23.05769571724287,23.80625750633978,2002,Solitary Islands Marine Park,1
Parma unifasciata,-33.8,151.3,2016,3,25,12.5,1,-34_151,21.222479343414307,24.496776580810547,21.6484481195513,25.09911226457165,2002,Cabbage Tree Bay Aquatic Reserve,1
Parma unifasciata,-33.83,151.28,2016,3,26,10,1,-34_151,21.222479343414307,24.496776580810547,21.6484481195513,25.09911226457165,NA,NA,0
Parma unifasciata,-33.82,151.29,2016,3,18,10,1,-34_151,21.222479343414307,24.496776580810547,21.6484481195513,25.09911226457165,NA,NA,0
Parma unifasciata,-33.82,151.29,2016,3,18,12.5,2,-34_151,21.222479343414307,24.496776580810547,21.6484481195513,25.09911226457165,NA,NA,0
Parma unifasciata,-33.82,151.29,2016,3,18,15,1,-34_151,21.222479343414307,24.496776580810547,21.6484481195513,25.09911226457165,NA,NA,0
Parma unifasciata,-33.83,151.28,2016,3,26,7.5,1,-34_151,21.222479343414307,24.496776580810547,21.6484481195513,25.09911226457165,NA,NA,0
Parma unifasciata,-30.02,153.27,2016,5,3,7.5,15,-30_153,23.4132661819458,23.84489631652832,23.05769571724287,23.80625750633978,2002,Solitary Islands Marine Park,1
Parma unifasciata,-30.02,153.27,2016,5,3,10,10,-30_153,23.4132661819458,23.84489631652832,23.05769571724287,23.80625750633978,2002,Solitary Islands Marine Park,1
Parma unifasciata,-30.02,153.27,2016,5,3,5,1,-30_153,23.4132661819458,23.84489631652832,23.05769571724287,23.80625750633978,2002,Solitary Islands Marine Park,1
Parma unifasciata,-30.02,153.27,2016,5,3,12.5,15,-30_153,23.4132661819458,23.84489631652832,23.05769571724287,23.80625750633978,2002,Solitary Islands Marine Park,1
Parma unifasciata,-33.97,151.26,2016,4,19,10,1,-34_151,21.222479343414307,23.299644470214844,21.6484481195513,22.44533284505208,NA,NA,0
Parma unifasciata,-33.97,151.26,2016,4,19,12.5,1,-34_151,21.222479343414307,23.299644470214844,21.6484481195513,22.44533284505208,NA,NA,0
Parma unifasciata,-33.97,151.26,2016,4,19,10,2,-34_151,21.222479343414307,23.299644470214844,21.6484481195513,22.44533284505208,NA,NA,0
Parma unifasciata,-30.02,153.27,2016,5,3,7.5,30,-30_153,23.4132661819458,23.84489631652832,23.05769571724287,23.80625750633978,2002,Solitary Islands Marine Park,1
Parma unifasciata,-30.02,153.27,2016,5,3,10,27,-30_153,23.4132661819458,23.84489631652832,23.05769571724287,23.80625750633978,2002,Solitary Islands Marine Park,1
Parma unifasciata,-35.08,150.8,2016,4,2,15,1,-35_151,20.669610341389973,22.880043029785156,21.274100916582,22.28422171274821,2002,Jervis Bay Marine Park,1
Parma unifasciata,-35.08,150.8,2016,4,2,20,2,-35_151,20.669610341389973,22.880043029785156,21.274100916582,22.28422171274821,2002,Jervis Bay Marine Park,1
Parma unifasciata,-35.08,150.8,2016,4,2,15,2,-35_151,20.669610341389973,22.880043029785156,21.274100916582,22.28422171274821,2002,Jervis Bay Marine Park,1
Parma unifasciata,-35.08,150.8,2016,4,2,20,5,-35_151,20.669610341389973,22.880043029785156,21.274100916582,22.28422171274821,2002,Jervis Bay Marine Park,1
Parma unifasciata,-35.08,150.8,2016,4,2,25,2,-35_151,20.669610341389973,22.880043029785156,21.274100916582,22.28422171274821,2002,Jervis Bay Marine Park,1
Parma unifasciata,-35.08,150.8,2016,4,2,15,1,-35_151,20.669610341389973,22.880043029785156,21.274100916582,22.28422171274821,2002,Jervis Bay Marine Park,1
Parma unifasciata,-35.08,150.8,2016,4,2,15,5,-35_151,20.669610341389973,22.880043029785156,21.274100916582,22.28422171274821,2002,Jervis Bay Marine Park,1
Parma unifasciata,-35.08,150.8,2016,4,2,20,5,-35_151,20.669610341389973,22.880043029785156,21.274100916582,22.28422171274821,2002,Jervis Bay Marine Park,1
Parma unifasciata,-35.08,150.8,2016,4,2,25,3,-35_151,20.669610341389973,22.880043029785156,21.274100916582,22.28422171274821,2002,Jervis Bay Marine Park,1
Parma unifasciata,-35.08,150.8,2016,4,2,10,20,-35_151,20.669610341389973,22.880043029785156,21.274100916582,22.28422171274821,2002,Jervis Bay Marine Park,1
Parma unifasciata,-35.08,150.8,2016,4,2,12.5,10,-35_151,20.669610341389973,22.880043029785156,21.274100916582,22.28422171274821,2002,Jervis Bay Marine Park,1
Parma unifasciata,-35.08,150.8,2016,4,2,15,3,-35_151,20.669610341389973,22.880043029785156,21.274100916582,22.28422171274821,2002,Jervis Bay Marine Park,1
Parma unifasciata,-35.08,150.8,2016,4,2,20,5,-35_151,20.669610341389973,22.880043029785156,21.274100916582,22.28422171274821,2002,Jervis Bay Marine Park,1
Parma unifasciata,-30.02,153.27,2016,5,3,7.5,1,-30_153,23.4132661819458,23.84489631652832,23.05769571724287,23.80625750633978,2002,Solitary Islands Marine Park,1
Parma unifasciata,-30.2,153.27,2016,5,8,5,3,-30_153,23.4132661819458,23.84489631652832,23.05769571724287,23.80625750633978,2002,Solitary Islands Marine Park,1
Parma unifasciata,-30.2,153.27,2016,5,8,7.5,15,-30_153,23.4132661819458,23.84489631652832,23.05769571724287,23.80625750633978,2002,Solitary Islands Marine Park,1
Parma unifasciata,-30.2,153.27,2016,5,8,10,20,-30_153,23.4132661819458,23.84489631652832,23.05769571724287,23.80625750633978,2002,Solitary Islands Marine Park,1
Parma unifasciata,-30.2,153.26,2016,5,8,5,40,-30_153,23.4132661819458,23.84489631652832,23.05769571724287,23.80625750633978,2002,Solitary Islands Marine Park,1
Parma unifasciata,-30.02,153.27,2016,5,3,10,2,-30_153,23.4132661819458,23.84489631652832,23.05769571724287,23.80625750633978,2002,Solitary Islands Marine Park,1
Parma unifasciata,-30.2,153.26,2016,5,8,7.5,45,-30_153,23.4132661819458,23.84489631652832,23.05769571724287,23.80625750633978,2002,Solitary Islands Marine Park,1
Parma unifasciata,-30.2,153.26,2016,5,8,10,40,-30_153,23.4132661819458,23.84489631652832,23.05769571724287,23.80625750633978,2002,Solitary Islands Marine Park,1
Parma unifasciata,-30.2,153.26,2016,5,8,5,33,-30_153,23.4132661819458,23.84489631652832,23.05769571724287,23.80625750633978,2002,Solitary Islands Marine Park,1
Parma unifasciata,-30.2,153.26,2016,5,8,7.5,30,-30_153,23.4132661819458,23.84489631652832,23.05769571724287,23.80625750633978,2002,Solitary Islands Marine Park,1
Parma unifasciata,-30.2,153.26,2016,5,8,10,30,-30_153,23.4132661819458,23.84489631652832,23.05769571724287,23.80625750633978,2002,Solitary Islands Marine Park,1
Parma unifasciata,-30.16,153.23,2016,5,6,7.5,50,-30_153,23.4132661819458,23.84489631652832,23.05769571724287,23.80625750633978,2002,Solitary Islands Marine Park,1
Parma unifasciata,-30.16,153.23,2016,5,6,10,30,-30_153,23.4132661819458,23.84489631652832,23.05769571724287,23.80625750633978,2002,Solitary Islands Marine Park,1
Parma unifasciata,-30.16,153.23,2016,5,6,7.5,10,-30_153,23.4132661819458,23.84489631652832,23.05769571724287,23.80625750633978,2002,Solitary Islands Marine Park,1
Parma unifasciata,-30.16,153.23,2016,5,6,10,35,-30_153,23.4132661819458,23.84489631652832,23.05769571724287,23.80625750633978,2002,Solitary Islands Marine Park,1
Parma unifasciata,-33.82,151.29,2016,3,18,15,3,-34_151,21.222479343414307,24.496776580810547,21.6484481195513,25.09911226457165,NA,NA,0
Parma unifasciata,-33.82,151.29,2016,3,18,20,2,-34_151,21.222479343414307,24.496776580810547,21.6484481195513,25.09911226457165,NA,NA,0
Parma unifasciata,-33.82,151.29,2016,3,18,25,2,-34_151,21.222479343414307,24.496776580810547,21.6484481195513,25.09911226457165,NA,NA,0
Parma unifasciata,-35.11,150.77,2016,4,3,5,1,-35_151,20.669610341389973,22.880043029785156,21.274100916582,22.28422171274821,2002,Booderee National Park,1
Parma unifasciata,-33.82,151.29,2016,3,18,15,5,-34_151,21.222479343414307,24.496776580810547,21.6484481195513,25.09911226457165,NA,NA,0
Parma unifasciata,-33.82,151.29,2016,3,18,20,3,-34_151,21.222479343414307,24.496776580810547,21.6484481195513,25.09911226457165,NA,NA,0
Parma unifasciata,-33.82,151.29,2016,3,18,25,5,-34_151,21.222479343414307,24.496776580810547,21.6484481195513,25.09911226457165,NA,NA,0
Parma unifasciata,-33.82,151.3,2016,3,18,12.5,1,-34_151,21.222479343414307,24.496776580810547,21.6484481195513,25.09911226457165,NA,NA,0
Parma unifasciata,-33.82,151.3,2016,3,18,20,1,-34_151,21.222479343414307,24.496776580810547,21.6484481195513,25.09911226457165,NA,NA,0
Parma unifasciata,-35.11,150.77,2016,4,3,10,2,-35_151,20.669610341389973,22.880043029785156,21.274100916582,22.28422171274821,2002,Booderee National Park,1
Parma unifasciata,-35.08,150.8,2016,4,2,12.5,1,-35_151,20.669610341389973,22.880043029785156,21.274100916582,22.28422171274821,2002,Jervis Bay Marine Park,1
Parma unifasciata,-35.08,150.8,2016,4,2,15,2,-35_151,20.669610341389973,22.880043029785156,21.274100916582,22.28422171274821,2002,Jervis Bay Marine Park,1
Parma unifasciata,-35.08,150.8,2016,4,2,15,4,-35_151,20.669610341389973,22.880043029785156,21.274100916582,22.28422171274821,2002,Jervis Bay Marine Park,1
Parma unifasciata,-35.08,150.8,2016,4,2,10,2,-35_151,20.669610341389973,22.880043029785156,21.274100916582,22.28422171274821,2002,Jervis Bay Marine Park,1
Parma unifasciata,-35.08,150.8,2016,4,2,12.5,2,-35_151,20.669610341389973,22.880043029785156,21.274100916582,22.28422171274821,2002,Jervis Bay Marine Park,1
Parma unifasciata,-35.08,150.8,2016,4,2,15,4,-35_151,20.669610341389973,22.880043029785156,21.274100916582,22.28422171274821,2002,Jervis Bay Marine Park,1
Parma unifasciata,-35.08,150.8,2016,4,2,10,1,-35_151,20.669610341389973,22.880043029785156,21.274100916582,22.28422171274821,2002,Jervis Bay Marine Park,1
Parma unifasciata,-35.08,150.8,2016,4,2,12.5,1,-35_151,20.669610341389973,22.880043029785156,21.274100916582,22.28422171274821,2002,Jervis Bay Marine Park,1
Parma unifasciata,-35.08,150.8,2016,4,2,15,7,-35_151,20.669610341389973,22.880043029785156,21.274100916582,22.28422171274821,2002,Jervis Bay Marine Park,1
Parma unifasciata,-33.82,151.29,2016,3,18,10,1,-34_151,21.222479343414307,24.496776580810547,21.6484481195513,25.09911226457165,NA,NA,0
Parma unifasciata,-33.82,151.29,2016,3,18,12.5,1,-34_151,21.222479343414307,24.496776580810547,21.6484481195513,25.09911226457165,NA,NA,0
Parma unifasciata,-33.82,151.29,2016,3,18,15,1,-34_151,21.222479343414307,24.496776580810547,21.6484481195513,25.09911226457165,NA,NA,0
Parma unifasciata,-33.82,151.29,2016,3,18,20,2,-34_151,21.222479343414307,24.496776580810547,21.6484481195513,25.09911226457165,NA,NA,0
Parma unifasciata,-33.82,151.29,2016,3,18,15,2,-34_151,21.222479343414307,24.496776580810547,21.6484481195513,25.09911226457165,NA,NA,0
Parma unifasciata,-33.82,151.29,2016,3,18,20,1,-34_151,21.222479343414307,24.496776580810547,21.6484481195513,25.09911226457165,NA,NA,0
Parma unifasciata,-33.82,151.3,2016,3,18,5,2,-34_151,21.222479343414307,24.496776580810547,21.6484481195513,25.09911226457165,NA,NA,0
Parma unifasciata,-33.82,151.3,2016,3,18,7.5,1,-34_151,21.222479343414307,24.496776580810547,21.6484481195513,25.09911226457165,NA,NA,0
Parma unifasciata,-33.82,151.3,2016,3,18,10,9,-34_151,21.222479343414307,24.496776580810547,21.6484481195513,25.09911226457165,NA,NA,0
Parma unifasciata,-33.82,151.3,2016,3,18,12.5,13,-34_151,21.222479343414307,24.496776580810547,21.6484481195513,25.09911226457165,NA,NA,0
Parma unifasciata,-33.82,151.3,2016,3,18,15,13,-34_151,21.222479343414307,24.496776580810547,21.6484481195513,25.09911226457165,NA,NA,0
Parma unifasciata,-33.82,151.3,2016,3,18,20,1,-34_151,21.222479343414307,24.496776580810547,21.6484481195513,25.09911226457165,NA,NA,0
Parma unifasciata,-33.82,151.3,2016,3,18,5,12,-34_151,21.222479343414307,24.496776580810547,21.6484481195513,25.09911226457165,NA,NA,0
Parma unifasciata,-33.82,151.3,2016,3,18,7.5,12,-34_151,21.222479343414307,24.496776580810547,21.6484481195513,25.09911226457165,NA,NA,0
Parma unifasciata,-33.82,151.3,2016,3,18,10,12,-34_151,21.222479343414307,24.496776580810547,21.6484481195513,25.09911226457165,NA,NA,0
Parma unifasciata,-35.08,150.79,2016,4,2,20,1,-35_151,20.669610341389973,22.880043029785156,21.274100916582,22.28422171274821,2002,Jervis Bay Marine Park,1
Parma unifasciata,-35.08,150.8,2016,4,2,10,1,-35_151,20.669610341389973,22.880043029785156,21.274100916582,22.28422171274821,2002,Jervis Bay Marine Park,1
Parma unifasciata,-35.08,150.8,2016,4,2,12.5,3,-35_151,20.669610341389973,22.880043029785156,21.274100916582,22.28422171274821,2002,Jervis Bay Marine Park,1
Parma unifasciata,-35.08,150.8,2016,4,2,15,5,-35_151,20.669610341389973,22.880043029785156,21.274100916582,22.28422171274821,2002,Jervis Bay Marine Park,1
Parma unifasciata,-35.08,150.8,2016,4,2,20,2,-35_151,20.669610341389973,22.880043029785156,21.274100916582,22.28422171274821,2002,Jervis Bay Marine Park,1
Parma unifasciata,-35.08,150.8,2016,4,2,15,1,-35_151,20.669610341389973,22.880043029785156,21.274100916582,22.28422171274821,2002,Jervis Bay Marine Park,1
Parma unifasciata,-35.08,150.8,2016,4,2,20,2,-35_151,20.669610341389973,22.880043029785156,21.274100916582,22.28422171274821,2002,Jervis Bay Marine Park,1
Parma unifasciata,-35.08,150.8,2016,4,2,10,3,-35_151,20.669610341389973,22.880043029785156,21.274100916582,22.28422171274821,2002,Jervis Bay Marine Park,1
Parma unifasciata,-35.08,150.8,2016,4,2,12.5,2,-35_151,20.669610341389973,22.880043029785156,21.274100916582,22.28422171274821,2002,Jervis Bay Marine Park,1
Parma unifasciata,-35.08,150.79,2016,4,2,5,1,-35_151,20.669610341389973,22.880043029785156,21.274100916582,22.28422171274821,2002,Jervis Bay Marine Park,1
Parma unifasciata,-32.74,152.19,2016,12,4,2.5,2,-33_152,21.81423552831014,22.539392471313477,21.811778390656066,21.61354793528075,NA,NA,0
Parma unifasciata,-32.74,152.19,2016,12,4,5,5,-33_152,21.81423552831014,22.539392471313477,21.811778390656066,21.61354793528075,NA,NA,0
Parma unifasciata,-32.74,152.19,2016,12,4,7.5,20,-33_152,21.81423552831014,22.539392471313477,21.811778390656066,21.61354793528075,NA,NA,0
Parma unifasciata,-32.74,152.19,2016,12,4,10,20,-33_152,21.81423552831014,22.539392471313477,21.811778390656066,21.61354793528075,NA,NA,0
Parma unifasciata,-32.74,152.19,2016,12,4,12.5,5,-33_152,21.81423552831014,22.539392471313477,21.811778390656066,21.61354793528075,NA,NA,0
Parma unifasciata,-32.74,152.19,2016,12,4,7.5,1,-33_152,21.81423552831014,22.539392471313477,21.811778390656066,21.61354793528075,NA,NA,0
Parma unifasciata,-32.74,152.19,2016,12,4,12.5,3,-33_152,21.81423552831014,22.539392471313477,21.811778390656066,21.61354793528075,NA,NA,0
Parma unifasciata,-33.82,151.3,2016,12,29,5,10,-34_151,21.222479343414307,22.054065704345703,21.6484481195513,21.74467683607532,NA,NA,0
Parma unifasciata,-33.82,151.3,2016,12,29,7.5,10,-34_151,21.222479343414307,22.054065704345703,21.6484481195513,21.74467683607532,NA,NA,0
Parma unifasciata,-33.82,151.3,2016,12,29,10,10,-34_151,21.222479343414307,22.054065704345703,21.6484481195513,21.74467683607532,NA,NA,0
Parma unifasciata,-33.82,151.3,2016,12,29,12.5,10,-34_151,21.222479343414307,22.054065704345703,21.6484481195513,21.74467683607532,NA,NA,0
Parma unifasciata,-33.82,151.3,2016,12,29,15,20,-34_151,21.222479343414307,22.054065704345703,21.6484481195513,21.74467683607532,NA,NA,0
Parma unifasciata,-34.6,150.9,2017,1,29,7.5,1,-35_151,20.616925875345867,23.455307006835938,20.873406667102216,22.839784437610255,2002,Bushrangers Bay Aquatic Reserve,1
Parma unifasciata,-34.6,150.9,2017,1,29,10,2,-35_151,20.616925875345867,23.455307006835938,20.873406667102216,22.839784437610255,2002,Bushrangers Bay Aquatic Reserve,1
Parma unifasciata,-34.6,150.9,2017,1,29,5,1,-35_151,20.616925875345867,23.455307006835938,20.873406667102216,22.839784437610255,2002,Bushrangers Bay Aquatic Reserve,1
Parma unifasciata,-34.6,150.9,2017,1,29,12.5,2,-35_151,20.616925875345867,23.455307006835938,20.873406667102216,22.839784437610255,2002,Bushrangers Bay Aquatic Reserve,1
Parma unifasciata,-32.71,152.15,2017,3,31,5,1,-33_152,21.88280153274536,24.98389434814453,21.674367571668547,24.600617731771163,1983,Fly Point-Halifax Park,1
Parma unifasciata,-32.71,152.15,2017,3,31,7.5,5,-33_152,21.88280153274536,24.98389434814453,21.674367571668547,24.600617731771163,1983,Fly Point-Halifax Park,1
Parma unifasciata,-32.71,152.15,2017,3,31,5,2,-33_152,21.88280153274536,24.98389434814453,21.674367571668547,24.600617731771163,1983,Fly Point-Halifax Park,1
Parma unifasciata,-32.71,152.15,2017,3,31,7.5,3,-33_152,21.88280153274536,24.98389434814453,21.674367571668547,24.600617731771163,1983,Fly Point-Halifax Park,1
Parma unifasciata,-32.71,152.15,2017,3,31,10,5,-33_152,21.88280153274536,24.98389434814453,21.674367571668547,24.600617731771163,1983,Fly Point-Halifax Park,1
Parma unifasciata,-32.71,152.15,2017,3,31,12.5,2,-33_152,21.88280153274536,24.98389434814453,21.674367571668547,24.600617731771163,1983,Fly Point-Halifax Park,1
Parma unifasciata,-32.72,152.15,2017,4,14,5,1,-33_152,21.88280153274536,23.31084251403809,21.674367571668547,23.3536105632782,NA,NA,0
Parma unifasciata,-32.72,152.15,2017,4,14,7.5,3,-33_152,21.88280153274536,23.31084251403809,21.674367571668547,23.3536105632782,NA,NA,0
Parma unifasciata,-32.72,152.15,2017,4,14,10,2,-33_152,21.88280153274536,23.31084251403809,21.674367571668547,23.3536105632782,NA,NA,0
Parma unifasciata,-32.72,152.15,2017,4,14,5,1,-33_152,21.88280153274536,23.31084251403809,21.674367571668547,23.3536105632782,NA,NA,0
Parma unifasciata,-32.72,152.15,2017,4,14,7.5,1,-33_152,21.88280153274536,23.31084251403809,21.674367571668547,23.3536105632782,NA,NA,0
Parma unifasciata,-32.71,152.23,2017,4,23,2.5,1,-33_152,21.88280153274536,23.31084251403809,21.674367571668547,23.3536105632782,NA,NA,0
Parma unifasciata,-32.71,152.23,2017,4,23,5,2,-33_152,21.88280153274536,23.31084251403809,21.674367571668547,23.3536105632782,NA,NA,0
Parma unifasciata,-32.71,152.23,2017,4,23,7.5,5,-33_152,21.88280153274536,23.31084251403809,21.674367571668547,23.3536105632782,NA,NA,0
Parma unifasciata,-32.71,152.23,2017,4,23,10,10,-33_152,21.88280153274536,23.31084251403809,21.674367571668547,23.3536105632782,NA,NA,0
Parma unifasciata,-32.71,152.23,2017,4,23,12.5,5,-33_152,21.88280153274536,23.31084251403809,21.674367571668547,23.3536105632782,NA,NA,0
Parma unifasciata,-32.6,152.32,2017,4,25,10,4,-33_152,21.88280153274536,23.31084251403809,21.674367571668547,23.3536105632782,NA,NA,0
Parma unifasciata,-32.6,152.32,2017,4,25,12.5,12,-33_152,21.88280153274536,23.31084251403809,21.674367571668547,23.3536105632782,NA,NA,0
Parma unifasciata,-32.6,152.32,2017,4,25,5,2,-33_152,21.88280153274536,23.31084251403809,21.674367571668547,23.3536105632782,NA,NA,0
Parma unifasciata,-32.72,152.15,2017,4,14,10,1,-33_152,21.88280153274536,23.31084251403809,21.674367571668547,23.3536105632782,NA,NA,0
Parma unifasciata,-32.6,152.32,2017,4,25,7.5,12,-33_152,21.88280153274536,23.31084251403809,21.674367571668547,23.3536105632782,NA,NA,0
Parma unifasciata,-32.6,152.32,2017,4,25,10,13,-33_152,21.88280153274536,23.31084251403809,21.674367571668547,23.3536105632782,NA,NA,0
Parma unifasciata,-32.6,152.32,2017,4,25,5,1,-33_152,21.88280153274536,23.31084251403809,21.674367571668547,23.3536105632782,NA,NA,0
Parma unifasciata,-32.6,152.32,2017,4,25,7.5,5,-33_152,21.88280153274536,23.31084251403809,21.674367571668547,23.3536105632782,NA,NA,0
Parma unifasciata,-32.6,152.32,2017,4,25,10,10,-33_152,21.88280153274536,23.31084251403809,21.674367571668547,23.3536105632782,NA,NA,0
Parma unifasciata,-32.6,152.32,2017,4,25,5,3,-33_152,21.88280153274536,23.31084251403809,21.674367571668547,23.3536105632782,NA,NA,0
Parma unifasciata,-32.6,152.32,2017,4,25,7.5,7,-33_152,21.88280153274536,23.31084251403809,21.674367571668547,23.3536105632782,NA,NA,0
Parma unifasciata,-32.6,152.32,2017,4,25,10,12,-33_152,21.88280153274536,23.31084251403809,21.674367571668547,23.3536105632782,NA,NA,0
Parma unifasciata,-32.63,152.32,2017,4,25,5,2,-33_152,21.88280153274536,23.31084251403809,21.674367571668547,23.3536105632782,2007,Port Stephens Great Lake Marine Park,1
Parma unifasciata,-32.63,152.32,2017,4,25,7.5,15,-33_152,21.88280153274536,23.31084251403809,21.674367571668547,23.3536105632782,2007,Port Stephens Great Lake Marine Park,1
Parma unifasciata,-32.63,152.32,2017,4,25,10,25,-33_152,21.88280153274536,23.31084251403809,21.674367571668547,23.3536105632782,2007,Port Stephens Great Lake Marine Park,1
Parma unifasciata,-32.63,152.32,2017,4,25,7.5,30,-33_152,21.88280153274536,23.31084251403809,21.674367571668547,23.3536105632782,2007,Port Stephens Great Lake Marine Park,1
Parma unifasciata,-32.63,152.32,2017,4,25,10,30,-33_152,21.88280153274536,23.31084251403809,21.674367571668547,23.3536105632782,2007,Port Stephens Great Lake Marine Park,1
Parma unifasciata,-32.63,152.32,2017,4,25,10,2,-33_152,21.88280153274536,23.31084251403809,21.674367571668547,23.3536105632782,2007,Port Stephens Great Lake Marine Park,1
Parma unifasciata,-32.63,152.32,2017,4,25,12.5,17,-33_152,21.88280153274536,23.31084251403809,21.674367571668547,23.3536105632782,2007,Port Stephens Great Lake Marine Park,1
Parma unifasciata,-32.63,152.32,2017,4,25,7.5,2,-33_152,21.88280153274536,23.31084251403809,21.674367571668547,23.3536105632782,2007,Port Stephens Great Lake Marine Park,1
Parma unifasciata,-32.63,152.32,2017,4,25,10,5,-33_152,21.88280153274536,23.31084251403809,21.674367571668547,23.3536105632782,2007,Port Stephens Great Lake Marine Park,1
Parma unifasciata,-32.63,152.32,2017,4,25,12.5,3,-33_152,21.88280153274536,23.31084251403809,21.674367571668547,23.3536105632782,2007,Port Stephens Great Lake Marine Park,1
Parma unifasciata,-32.71,152.15,2017,4,28,5,2,-33_152,21.88280153274536,23.31084251403809,21.674367571668547,23.3536105632782,1983,Fly Point-Halifax Park,1
Parma unifasciata,-32.74,152.19,2017,4,17,7.5,2,-33_152,21.88280153274536,23.31084251403809,21.674367571668547,23.3536105632782,NA,NA,0
Parma unifasciata,-32.74,152.19,2017,4,17,10,3,-33_152,21.88280153274536,23.31084251403809,21.674367571668547,23.3536105632782,NA,NA,0
Parma unifasciata,-32.74,152.19,2017,4,17,12.5,5,-33_152,21.88280153274536,23.31084251403809,21.674367571668547,23.3536105632782,NA,NA,0
Parma unifasciata,-32.74,152.19,2017,4,17,5,1,-33_152,21.88280153274536,23.31084251403809,21.674367571668547,23.3536105632782,NA,NA,0
Parma unifasciata,-32.74,152.19,2017,4,17,7.5,3,-33_152,21.88280153274536,23.31084251403809,21.674367571668547,23.3536105632782,NA,NA,0
Parma unifasciata,-32.74,152.19,2017,4,17,10,5,-33_152,21.88280153274536,23.31084251403809,21.674367571668547,23.3536105632782,NA,NA,0
Parma unifasciata,-32.74,152.19,2017,4,17,12.5,1,-33_152,21.88280153274536,23.31084251403809,21.674367571668547,23.3536105632782,NA,NA,0
Parma unifasciata,-32.74,152.19,2017,4,17,5,2,-33_152,21.88280153274536,23.31084251403809,21.674367571668547,23.3536105632782,NA,NA,0
Parma unifasciata,-32.74,152.19,2017,4,17,7.5,2,-33_152,21.88280153274536,23.31084251403809,21.674367571668547,23.3536105632782,NA,NA,0
Parma unifasciata,-32.74,152.19,2017,4,17,10,10,-33_152,21.88280153274536,23.31084251403809,21.674367571668547,23.3536105632782,NA,NA,0
Parma unifasciata,-32.74,152.19,2017,4,17,12.5,15,-33_152,21.88280153274536,23.31084251403809,21.674367571668547,23.3536105632782,NA,NA,0
Parma unifasciata,-32.74,152.19,2017,4,17,15,15,-33_152,21.88280153274536,23.31084251403809,21.674367571668547,23.3536105632782,NA,NA,0
Parma unifasciata,-32.74,152.19,2017,4,17,7.5,3,-33_152,21.88280153274536,23.31084251403809,21.674367571668547,23.3536105632782,NA,NA,0
Parma unifasciata,-32.74,152.19,2017,4,17,10,2,-33_152,21.88280153274536,23.31084251403809,21.674367571668547,23.3536105632782,NA,NA,0
Parma unifasciata,-32.74,152.19,2017,4,17,5,2,-33_152,21.88280153274536,23.31084251403809,21.674367571668547,23.3536105632782,NA,NA,0
Parma unifasciata,-32.74,152.19,2017,4,17,7.5,2,-33_152,21.88280153274536,23.31084251403809,21.674367571668547,23.3536105632782,NA,NA,0
Parma unifasciata,-32.74,152.19,2017,4,17,10,3,-33_152,21.88280153274536,23.31084251403809,21.674367571668547,23.3536105632782,NA,NA,0
Parma unifasciata,-32.74,152.19,2017,4,17,12.5,5,-33_152,21.88280153274536,23.31084251403809,21.674367571668547,23.3536105632782,NA,NA,0
Parma unifasciata,-32.74,152.19,2017,4,17,15,1,-33_152,21.88280153274536,23.31084251403809,21.674367571668547,23.3536105632782,NA,NA,0
Parma unifasciata,-32.71,152.23,2017,4,23,5,1,-33_152,21.88280153274536,23.31084251403809,21.674367571668547,23.3536105632782,NA,NA,0
Parma unifasciata,-32.71,152.23,2017,4,23,7.5,9,-33_152,21.88280153274536,23.31084251403809,21.674367571668547,23.3536105632782,NA,NA,0
Parma unifasciata,-32.71,152.23,2017,4,23,10,5,-33_152,21.88280153274536,23.31084251403809,21.674367571668547,23.3536105632782,NA,NA,0
Parma unifasciata,-32.71,152.23,2017,4,23,5,3,-33_152,21.88280153274536,23.31084251403809,21.674367571668547,23.3536105632782,NA,NA,0
Parma unifasciata,-32.71,152.23,2017,4,23,7.5,5,-33_152,21.88280153274536,23.31084251403809,21.674367571668547,23.3536105632782,NA,NA,0
Parma unifasciata,-32.71,152.23,2017,4,23,10,15,-33_152,21.88280153274536,23.31084251403809,21.674367571668547,23.3536105632782,NA,NA,0
Parma unifasciata,-32.71,152.23,2017,4,23,12.5,10,-33_152,21.88280153274536,23.31084251403809,21.674367571668547,23.3536105632782,NA,NA,0
Parma unifasciata,-32.71,152.23,2017,4,23,5,4,-33_152,21.88280153274536,23.31084251403809,21.674367571668547,23.3536105632782,NA,NA,0
Parma unifasciata,-32.71,152.23,2017,4,23,7.5,2,-33_152,21.88280153274536,23.31084251403809,21.674367571668547,23.3536105632782,NA,NA,0
Parma unifasciata,-32.71,152.23,2017,4,23,10,5,-33_152,21.88280153274536,23.31084251403809,21.674367571668547,23.3536105632782,NA,NA,0
Parma unifasciata,-32.69,152.22,2017,4,29,5,1,-33_152,21.88280153274536,23.31084251403809,21.674367571668547,23.3536105632782,NA,NA,0
Parma unifasciata,-32.69,152.22,2017,4,29,7.5,2,-33_152,21.88280153274536,23.31084251403809,21.674367571668547,23.3536105632782,NA,NA,0
Parma unifasciata,-32.69,152.22,2017,4,29,10,3,-33_152,21.88280153274536,23.31084251403809,21.674367571668547,23.3536105632782,NA,NA,0
Parma unifasciata,-32.79,152.11,2017,4,30,12.5,2,-33_152,21.88280153274536,23.31084251403809,21.674367571668547,23.3536105632782,NA,NA,0
Parma unifasciata,-32.79,152.11,2017,4,30,7.5,1,-33_152,21.88280153274536,23.31084251403809,21.674367571668547,23.3536105632782,NA,NA,0
Parma unifasciata,-32.6,152.32,2017,4,25,7.5,3,-33_152,21.88280153274536,23.31084251403809,21.674367571668547,23.3536105632782,NA,NA,0
Parma unifasciata,-32.6,152.32,2017,4,25,10,5,-33_152,21.88280153274536,23.31084251403809,21.674367571668547,23.3536105632782,NA,NA,0
Parma unifasciata,-32.6,152.32,2017,4,25,12.5,5,-33_152,21.88280153274536,23.31084251403809,21.674367571668547,23.3536105632782,NA,NA,0
Parma unifasciata,-32.6,152.32,2017,4,25,10,30,-33_152,21.88280153274536,23.31084251403809,21.674367571668547,23.3536105632782,NA,NA,0
Parma unifasciata,-32.63,152.32,2017,4,25,12.5,1,-33_152,21.88280153274536,23.31084251403809,21.674367571668547,23.3536105632782,2007,Port Stephens Great Lake Marine Park,1
Parma unifasciata,-32.63,152.32,2017,4,25,15,1,-33_152,21.88280153274536,23.31084251403809,21.674367571668547,23.3536105632782,2007,Port Stephens Great Lake Marine Park,1
Parma unifasciata,-32.63,152.32,2017,4,25,20,1,-33_152,21.88280153274536,23.31084251403809,21.674367571668547,23.3536105632782,2007,Port Stephens Great Lake Marine Park,1
Parma unifasciata,-32.63,152.32,2017,4,25,7.5,13,-33_152,21.88280153274536,23.31084251403809,21.674367571668547,23.3536105632782,2007,Port Stephens Great Lake Marine Park,1
Parma unifasciata,-32.63,152.32,2017,4,25,10,1,-33_152,21.88280153274536,23.31084251403809,21.674367571668547,23.3536105632782,2007,Port Stephens Great Lake Marine Park,1
Parma unifasciata,-32.69,152.22,2017,4,29,12.5,2,-33_152,21.88280153274536,23.31084251403809,21.674367571668547,23.3536105632782,NA,NA,0
Parma unifasciata,-32.69,152.22,2017,4,29,10,1,-33_152,21.88280153274536,23.31084251403809,21.674367571668547,23.3536105632782,NA,NA,0
Parma unifasciata,-32.71,152.15,2017,4,28,7.5,1,-33_152,21.88280153274536,23.31084251403809,21.674367571668547,23.3536105632782,1983,Fly Point-Halifax Park,1
Parma unifasciata,-32.71,152.15,2017,4,28,10,1,-33_152,21.88280153274536,23.31084251403809,21.674367571668547,23.3536105632782,1983,Fly Point-Halifax Park,1
Parma unifasciata,-32.71,152.15,2017,4,28,7.5,1,-33_152,21.88280153274536,23.31084251403809,21.674367571668547,23.3536105632782,1983,Fly Point-Halifax Park,1
Parma unifasciata,-32.71,152.15,2017,4,28,5,1,-33_152,21.88280153274536,23.31084251403809,21.674367571668547,23.3536105632782,1983,Fly Point-Halifax Park,1
Parma unifasciata,-32.71,152.15,2017,4,28,10,1,-33_152,21.88280153274536,23.31084251403809,21.674367571668547,23.3536105632782,1983,Fly Point-Halifax Park,1
Parma unifasciata,-32.71,152.16,2017,4,30,5,2,-33_152,21.88280153274536,23.31084251403809,21.674367571668547,23.3536105632782,1983,Fly Point-Halifax Park,1
Parma unifasciata,-32.69,152.22,2017,4,29,5,1,-33_152,21.88280153274536,23.31084251403809,21.674367571668547,23.3536105632782,NA,NA,0
Parma unifasciata,-32.69,152.22,2017,4,29,10,3,-33_152,21.88280153274536,23.31084251403809,21.674367571668547,23.3536105632782,NA,NA,0
Parma unifasciata,-32.69,152.22,2017,4,29,12.5,1,-33_152,21.88280153274536,23.31084251403809,21.674367571668547,23.3536105632782,NA,NA,0
Parma unifasciata,-32.69,152.22,2017,4,29,5,5,-33_152,21.88280153274536,23.31084251403809,21.674367571668547,23.3536105632782,NA,NA,0
Parma unifasciata,-32.69,152.22,2017,4,29,7.5,5,-33_152,21.88280153274536,23.31084251403809,21.674367571668547,23.3536105632782,NA,NA,0
Parma unifasciata,-32.69,152.22,2017,4,29,10,5,-33_152,21.88280153274536,23.31084251403809,21.674367571668547,23.3536105632782,NA,NA,0
Parma unifasciata,-32.69,152.22,2017,4,29,12.5,3,-33_152,21.88280153274536,23.31084251403809,21.674367571668547,23.3536105632782,NA,NA,0
Parma unifasciata,-32.79,152.11,2017,4,30,5,2,-33_152,21.88280153274536,23.31084251403809,21.674367571668547,23.3536105632782,NA,NA,0
Parma unifasciata,-32.71,152.16,2017,4,30,5,1,-33_152,21.88280153274536,23.31084251403809,21.674367571668547,23.3536105632782,1983,Fly Point-Halifax Park,1
Parma unifasciata,-32.71,152.16,2017,4,30,7.5,2,-33_152,21.88280153274536,23.31084251403809,21.674367571668547,23.3536105632782,1983,Fly Point-Halifax Park,1
Parma unifasciata,-32.71,152.16,2017,4,30,10,2,-33_152,21.88280153274536,23.31084251403809,21.674367571668547,23.3536105632782,1983,Fly Point-Halifax Park,1
Parma unifasciata,-32.71,152.16,2017,4,30,10,4,-33_152,21.88280153274536,23.31084251403809,21.674367571668547,23.3536105632782,1983,Fly Point-Halifax Park,1
Parma unifasciata,-32.71,152.16,2017,4,30,12.5,2,-33_152,21.88280153274536,23.31084251403809,21.674367571668547,23.3536105632782,1983,Fly Point-Halifax Park,1
Parma unifasciata,-32.69,152.22,2017,4,29,10,2,-33_152,21.88280153274536,23.31084251403809,21.674367571668547,23.3536105632782,NA,NA,0
Parma unifasciata,-30.2,153.26,2017,5,5,2.5,2,-30_153,23.458088556925457,22.88332748413086,23.14264461756607,22.41587043269988,2002,Solitary Islands Marine Park,1
Parma unifasciata,-30.2,153.26,2017,5,5,7.5,4,-30_153,23.458088556925457,22.88332748413086,23.14264461756607,22.41587043269988,2002,Solitary Islands Marine Park,1
Parma unifasciata,-30.2,153.26,2017,5,5,10,3,-30_153,23.458088556925457,22.88332748413086,23.14264461756607,22.41587043269988,2002,Solitary Islands Marine Park,1
Parma unifasciata,-30.2,153.26,2017,5,5,12.5,2,-30_153,23.458088556925457,22.88332748413086,23.14264461756607,22.41587043269988,2002,Solitary Islands Marine Park,1
Parma unifasciata,-29.92,153.39,2017,5,6,10,1,-30_153,23.458088556925457,22.88332748413086,23.14264461756607,22.41587043269988,2002,Solitary Islands Marine Park,1
Parma unifasciata,-29.92,153.39,2017,5,6,12.5,3,-30_153,23.458088556925457,22.88332748413086,23.14264461756607,22.41587043269988,2002,Solitary Islands Marine Park,1
Parma unifasciata,-29.92,153.39,2017,5,6,15,2,-30_153,23.458088556925457,22.88332748413086,23.14264461756607,22.41587043269988,2002,Solitary Islands Marine Park,1
Parma unifasciata,-30.2,153.27,2017,5,5,5,2,-30_153,23.458088556925457,22.88332748413086,23.14264461756607,22.41587043269988,2002,Solitary Islands Marine Park,1
Parma unifasciata,-30.2,153.27,2017,5,5,7.5,5,-30_153,23.458088556925457,22.88332748413086,23.14264461756607,22.41587043269988,2002,Solitary Islands Marine Park,1
Parma unifasciata,-30.2,153.27,2017,5,5,10,10,-30_153,23.458088556925457,22.88332748413086,23.14264461756607,22.41587043269988,2002,Solitary Islands Marine Park,1
Parma unifasciata,-30.2,153.27,2017,5,5,12.5,4,-30_153,23.458088556925457,22.88332748413086,23.14264461756607,22.41587043269988,2002,Solitary Islands Marine Park,1
Parma unifasciata,-30.2,153.27,2017,5,5,5,1,-30_153,23.458088556925457,22.88332748413086,23.14264461756607,22.41587043269988,2002,Solitary Islands Marine Park,1
Parma unifasciata,-30.2,153.27,2017,5,5,10,5,-30_153,23.458088556925457,22.88332748413086,23.14264461756607,22.41587043269988,2002,Solitary Islands Marine Park,1
Parma unifasciata,-30.2,153.27,2017,5,5,12.5,5,-30_153,23.458088556925457,22.88332748413086,23.14264461756607,22.41587043269988,2002,Solitary Islands Marine Park,1
Parma unifasciata,-30.2,153.26,2017,5,5,7.5,10,-30_153,23.458088556925457,22.88332748413086,23.14264461756607,22.41587043269988,2002,Solitary Islands Marine Park,1
Parma unifasciata,-30.2,153.26,2017,5,5,10,5,-30_153,23.458088556925457,22.88332748413086,23.14264461756607,22.41587043269988,2002,Solitary Islands Marine Park,1
Parma unifasciata,-30.24,153.18,2017,5,7,5,5,-30_153,23.458088556925457,22.88332748413086,23.14264461756607,22.41587043269988,NA,NA,0
Parma unifasciata,-30.24,153.18,2017,5,7,7.5,36,-30_153,23.458088556925457,22.88332748413086,23.14264461756607,22.41587043269988,NA,NA,0
Parma unifasciata,-30.24,153.18,2017,5,7,12.5,20,-30_153,23.458088556925457,22.88332748413086,23.14264461756607,22.41587043269988,2002,Solitary Islands Marine Park,1
Parma unifasciata,-30.24,153.18,2017,5,7,15,20,-30_153,23.458088556925457,22.88332748413086,23.14264461756607,22.41587043269988,2002,Solitary Islands Marine Park,1
Parma unifasciata,-30.24,153.18,2017,5,7,20,6,-30_153,23.458088556925457,22.88332748413086,23.14264461756607,22.41587043269988,2002,Solitary Islands Marine Park,1
Parma unifasciata,-30.24,153.18,2017,5,7,5,9,-30_153,23.458088556925457,22.88332748413086,23.14264461756607,22.41587043269988,2002,Solitary Islands Marine Park,1
Parma unifasciata,-30.24,153.18,2017,5,7,7.5,42,-30_153,23.458088556925457,22.88332748413086,23.14264461756607,22.41587043269988,2002,Solitary Islands Marine Park,1
Parma unifasciata,-30.24,153.18,2017,5,7,10,2,-30_153,23.458088556925457,22.88332748413086,23.14264461756607,22.41587043269988,2002,Solitary Islands Marine Park,1
Parma unifasciata,-30.02,153.27,2017,5,1,7.5,30,-30_153,23.458088556925457,22.88332748413086,23.14264461756607,22.41587043269988,2002,Solitary Islands Marine Park,1
Parma unifasciata,-30.02,153.27,2017,5,1,7.5,32,-30_153,23.458088556925457,22.88332748413086,23.14264461756607,22.41587043269988,2002,Solitary Islands Marine Park,1
Parma unifasciata,-30.02,153.27,2017,5,1,5,5,-30_153,23.458088556925457,22.88332748413086,23.14264461756607,22.41587043269988,2002,Solitary Islands Marine Park,1
Parma unifasciata,-30.02,153.27,2017,5,1,7.5,25,-30_153,23.458088556925457,22.88332748413086,23.14264461756607,22.41587043269988,2002,Solitary Islands Marine Park,1
Parma unifasciata,-30.02,153.27,2017,5,1,10,50,-30_153,23.458088556925457,22.88332748413086,23.14264461756607,22.41587043269988,2002,Solitary Islands Marine Park,1
Parma unifasciata,-30.02,153.27,2017,5,1,5,10,-30_153,23.458088556925457,22.88332748413086,23.14264461756607,22.41587043269988,2002,Solitary Islands Marine Park,1
Parma unifasciata,-30.02,153.27,2017,5,1,7.5,30,-30_153,23.458088556925457,22.88332748413086,23.14264461756607,22.41587043269988,2002,Solitary Islands Marine Park,1
Parma unifasciata,-30.02,153.27,2017,5,1,10,30,-30_153,23.458088556925457,22.88332748413086,23.14264461756607,22.41587043269988,2002,Solitary Islands Marine Park,1
Parma unifasciata,-30.2,153.27,2017,5,5,7.5,3,-30_153,23.458088556925457,22.88332748413086,23.14264461756607,22.41587043269988,2002,Solitary Islands Marine Park,1
Parma unifasciata,-30.2,153.27,2017,5,5,10,14,-30_153,23.458088556925457,22.88332748413086,23.14264461756607,22.41587043269988,2002,Solitary Islands Marine Park,1
Parma unifasciata,-30.2,153.27,2017,5,5,12.5,18,-30_153,23.458088556925457,22.88332748413086,23.14264461756607,22.41587043269988,2002,Solitary Islands Marine Park,1
Parma unifasciata,-30.2,153.27,2017,5,5,7.5,40,-30_153,23.458088556925457,22.88332748413086,23.14264461756607,22.41587043269988,2002,Solitary Islands Marine Park,1
Parma unifasciata,-30.2,153.27,2017,5,5,10,10,-30_153,23.458088556925457,22.88332748413086,23.14264461756607,22.41587043269988,2002,Solitary Islands Marine Park,1
Parma unifasciata,-30.2,153.27,2017,5,5,10,15,-30_153,23.458088556925457,22.88332748413086,23.14264461756607,22.41587043269988,2002,Solitary Islands Marine Park,1
Parma unifasciata,-30.2,153.27,2017,5,5,12.5,20,-30_153,23.458088556925457,22.88332748413086,23.14264461756607,22.41587043269988,2002,Solitary Islands Marine Park,1
Parma unifasciata,-30.2,153.27,2017,5,5,15,15,-30_153,23.458088556925457,22.88332748413086,23.14264461756607,22.41587043269988,2002,Solitary Islands Marine Park,1
Parma unifasciata,-29.93,153.39,2017,5,6,7.5,5,-30_153,23.458088556925457,22.88332748413086,23.14264461756607,22.41587043269988,2002,Solitary Islands Marine Park,1
Parma unifasciata,-29.93,153.39,2017,5,6,10,10,-30_153,23.458088556925457,22.88332748413086,23.14264461756607,22.41587043269988,2002,Solitary Islands Marine Park,1
Parma unifasciata,-29.93,153.39,2017,5,6,12.5,2,-30_153,23.458088556925457,22.88332748413086,23.14264461756607,22.41587043269988,2002,Solitary Islands Marine Park,1
Parma unifasciata,-29.93,153.39,2017,5,6,12.5,10,-30_153,23.458088556925457,22.88332748413086,23.14264461756607,22.41587043269988,2002,Solitary Islands Marine Park,1
Parma unifasciata,-30.2,153.27,2017,5,5,10,12,-30_153,23.458088556925457,22.88332748413086,23.14264461756607,22.41587043269988,2002,Solitary Islands Marine Park,1
Parma unifasciata,-29.92,153.39,2017,5,6,10,3,-30_153,23.458088556925457,22.88332748413086,23.14264461756607,22.41587043269988,2002,Solitary Islands Marine Park,1
Parma unifasciata,-29.92,153.39,2017,5,6,12.5,3,-30_153,23.458088556925457,22.88332748413086,23.14264461756607,22.41587043269988,2002,Solitary Islands Marine Park,1
Parma unifasciata,-29.93,153.39,2017,5,6,10,2,-30_153,23.458088556925457,22.88332748413086,23.14264461756607,22.41587043269988,2002,Solitary Islands Marine Park,1
Parma unifasciata,-29.93,153.39,2017,5,6,12.5,3,-30_153,23.458088556925457,22.88332748413086,23.14264461756607,22.41587043269988,2002,Solitary Islands Marine Park,1
Parma unifasciata,-29.93,153.39,2017,5,6,10,1,-30_153,23.458088556925457,22.88332748413086,23.14264461756607,22.41587043269988,2002,Solitary Islands Marine Park,1
Parma unifasciata,-29.93,153.39,2017,5,6,12.5,2,-30_153,23.458088556925457,22.88332748413086,23.14264461756607,22.41587043269988,2002,Solitary Islands Marine Park,1
Parma unifasciata,-29.93,153.39,2017,5,6,15,3,-30_153,23.458088556925457,22.88332748413086,23.14264461756607,22.41587043269988,2002,Solitary Islands Marine Park,1
Parma unifasciata,-29.93,153.39,2017,5,6,10,20,-30_153,23.458088556925457,22.88332748413086,23.14264461756607,22.41587043269988,2002,Solitary Islands Marine Park,1
Parma unifasciata,-30.02,153.27,2017,5,1,10,15,-30_153,23.458088556925457,22.88332748413086,23.14264461756607,22.41587043269988,2002,Solitary Islands Marine Park,1
Parma unifasciata,-30.02,153.27,2017,5,1,12.5,20,-30_153,23.458088556925457,22.88332748413086,23.14264461756607,22.41587043269988,2002,Solitary Islands Marine Park,1
Parma unifasciata,-30.02,153.27,2017,5,1,15,12,-30_153,23.458088556925457,22.88332748413086,23.14264461756607,22.41587043269988,2002,Solitary Islands Marine Park,1
Parma unifasciata,-30.02,153.27,2017,5,1,10,10,-30_153,23.458088556925457,22.88332748413086,23.14264461756607,22.41587043269988,2002,Solitary Islands Marine Park,1
Parma unifasciata,-30.02,153.27,2017,5,1,12.5,15,-30_153,23.458088556925457,22.88332748413086,23.14264461756607,22.41587043269988,2002,Solitary Islands Marine Park,1
Parma unifasciata,-30.02,153.27,2017,5,1,15,10,-30_153,23.458088556925457,22.88332748413086,23.14264461756607,22.41587043269988,2002,Solitary Islands Marine Park,1
Parma unifasciata,-30.02,153.27,2017,5,1,7.5,2,-30_153,23.458088556925457,22.88332748413086,23.14264461756607,22.41587043269988,2002,Solitary Islands Marine Park,1
Parma unifasciata,-30.02,153.27,2017,5,1,10,10,-30_153,23.458088556925457,22.88332748413086,23.14264461756607,22.41587043269988,2002,Solitary Islands Marine Park,1
Parma unifasciata,-30.02,153.27,2017,5,1,12.5,30,-30_153,23.458088556925457,22.88332748413086,23.14264461756607,22.41587043269988,2002,Solitary Islands Marine Park,1
Parma unifasciata,-30.02,153.27,2017,5,1,15,7,-30_153,23.458088556925457,22.88332748413086,23.14264461756607,22.41587043269988,2002,Solitary Islands Marine Park,1
Parma unifasciata,-29.93,153.39,2017,5,6,7.5,15,-30_153,23.458088556925457,22.88332748413086,23.14264461756607,22.41587043269988,2002,Solitary Islands Marine Park,1
Parma unifasciata,-29.93,153.39,2017,5,6,10,20,-30_153,23.458088556925457,22.88332748413086,23.14264461756607,22.41587043269988,2002,Solitary Islands Marine Park,1
Parma unifasciata,-29.93,153.39,2017,5,6,12.5,7,-30_153,23.458088556925457,22.88332748413086,23.14264461756607,22.41587043269988,2002,Solitary Islands Marine Park,1
Parma unifasciata,-30.02,153.27,2017,5,1,5,2,-30_153,23.458088556925457,22.88332748413086,23.14264461756607,22.41587043269988,2002,Solitary Islands Marine Park,1
Parma unifasciata,-30.02,153.27,2017,5,1,7.5,6,-30_153,23.458088556925457,22.88332748413086,23.14264461756607,22.41587043269988,2002,Solitary Islands Marine Park,1
Parma unifasciata,-30.02,153.27,2017,5,1,10,20,-30_153,23.458088556925457,22.88332748413086,23.14264461756607,22.41587043269988,2002,Solitary Islands Marine Park,1
Parma unifasciata,-30.02,153.27,2017,5,1,12.5,40,-30_153,23.458088556925457,22.88332748413086,23.14264461756607,22.41587043269988,2002,Solitary Islands Marine Park,1
Parma unifasciata,-30.02,153.27,2017,5,1,15,6,-30_153,23.458088556925457,22.88332748413086,23.14264461756607,22.41587043269988,2002,Solitary Islands Marine Park,1
Parma unifasciata,-30.24,153.18,2017,5,7,5,1,-30_153,23.458088556925457,22.88332748413086,23.14264461756607,22.41587043269988,2002,Solitary Islands Marine Park,1
Parma unifasciata,-30.24,153.18,2017,5,7,10,4,-30_153,23.458088556925457,22.88332748413086,23.14264461756607,22.41587043269988,2002,Solitary Islands Marine Park,1
Parma unifasciata,-30.24,153.18,2017,5,7,12.5,10,-30_153,23.458088556925457,22.88332748413086,23.14264461756607,22.41587043269988,2002,Solitary Islands Marine Park,1
Parma unifasciata,-30.24,153.18,2017,5,7,15,30,-30_153,23.458088556925457,22.88332748413086,23.14264461756607,22.41587043269988,2002,Solitary Islands Marine Park,1
Parma unifasciata,-30.24,153.18,2017,5,7,7.5,4,-30_153,23.458088556925457,22.88332748413086,23.14264461756607,22.41587043269988,2002,Solitary Islands Marine Park,1
Parma unifasciata,-30.24,153.18,2017,5,7,10,9,-30_153,23.458088556925457,22.88332748413086,23.14264461756607,22.41587043269988,2002,Solitary Islands Marine Park,1
Parma unifasciata,-30.24,153.18,2017,5,7,12.5,12,-30_153,23.458088556925457,22.88332748413086,23.14264461756607,22.41587043269988,2002,Solitary Islands Marine Park,1
Parma unifasciata,-30.24,153.18,2017,5,7,7.5,3,-30_153,23.458088556925457,22.88332748413086,23.14264461756607,22.41587043269988,NA,NA,0
Parma unifasciata,-30.24,153.18,2017,5,7,12.5,15,-30_153,23.458088556925457,22.88332748413086,23.14264461756607,22.41587043269988,NA,NA,0
Parma unifasciata,-30.24,153.18,2017,5,7,15,27,-30_153,23.458088556925457,22.88332748413086,23.14264461756607,22.41587043269988,NA,NA,0
Parma unifasciata,-30.24,153.18,2017,5,7,10,1,-30_153,23.458088556925457,22.88332748413086,23.14264461756607,22.41587043269988,NA,NA,0
Parma unifasciata,-30.24,153.18,2017,5,7,15,12,-30_153,23.458088556925457,22.88332748413086,23.14264461756607,22.41587043269988,NA,NA,0
Parma unifasciata,-29.93,153.39,2017,5,6,7.5,10,-30_153,23.458088556925457,22.88332748413086,23.14264461756607,22.41587043269988,2002,Solitary Islands Marine Park,1
Parma unifasciata,-29.93,153.39,2017,5,6,10,10,-30_153,23.458088556925457,22.88332748413086,23.14264461756607,22.41587043269988,2002,Solitary Islands Marine Park,1
Parma unifasciata,-30.15,153.23,2017,5,7,2.5,2,-30_153,23.458088556925457,22.88332748413086,23.14264461756607,22.41587043269988,NA,NA,0
Parma unifasciata,-30.15,153.23,2017,5,7,7.5,57,-30_153,23.458088556925457,22.88332748413086,23.14264461756607,22.41587043269988,NA,NA,0
Parma unifasciata,-30.15,153.23,2017,5,7,10,125,-30_153,23.458088556925457,22.88332748413086,23.14264461756607,22.41587043269988,NA,NA,0
Parma unifasciata,-30.15,153.23,2017,5,7,5,35,-30_153,23.458088556925457,22.88332748413086,23.14264461756607,22.41587043269988,NA,NA,0
Parma unifasciata,-30.15,153.23,2017,5,7,7.5,60,-30_153,23.458088556925457,22.88332748413086,23.14264461756607,22.41587043269988,NA,NA,0
Parma unifasciata,-30.16,153.23,2017,5,7,5,5,-30_153,23.458088556925457,22.88332748413086,23.14264461756607,22.41587043269988,2002,Solitary Islands Marine Park,1
Parma unifasciata,-30.16,153.23,2017,5,7,7.5,10,-30_153,23.458088556925457,22.88332748413086,23.14264461756607,22.41587043269988,2002,Solitary Islands Marine Park,1
Parma unifasciata,-30.16,153.23,2017,5,7,10,15,-30_153,23.458088556925457,22.88332748413086,23.14264461756607,22.41587043269988,2002,Solitary Islands Marine Park,1
Parma unifasciata,-30.15,153.23,2017,5,7,5,10,-30_153,23.458088556925457,22.88332748413086,23.14264461756607,22.41587043269988,NA,NA,0
Parma unifasciata,-30.15,153.23,2017,5,7,7.5,30,-30_153,23.458088556925457,22.88332748413086,23.14264461756607,22.41587043269988,NA,NA,0
Parma unifasciata,-30.15,153.23,2017,5,7,10,15,-30_153,23.458088556925457,22.88332748413086,23.14264461756607,22.41587043269988,NA,NA,0
Parma unifasciata,-30.15,153.23,2017,5,7,7.5,5,-30_153,23.458088556925457,22.88332748413086,23.14264461756607,22.41587043269988,NA,NA,0
Parma unifasciata,-30.15,153.23,2017,5,7,10,10,-30_153,23.458088556925457,22.88332748413086,23.14264461756607,22.41587043269988,NA,NA,0
Parma unifasciata,-30.15,153.23,2017,5,7,12.5,10,-30_153,23.458088556925457,22.88332748413086,23.14264461756607,22.41587043269988,NA,NA,0
Parma unifasciata,-30.16,153.23,2017,5,7,5,5,-30_153,23.458088556925457,22.88332748413086,23.14264461756607,22.41587043269988,2002,Solitary Islands Marine Park,1
Parma unifasciata,-30.16,153.23,2017,5,7,7.5,5,-30_153,23.458088556925457,22.88332748413086,23.14264461756607,22.41587043269988,2002,Solitary Islands Marine Park,1
Parma unifasciata,-30.16,153.23,2017,5,7,10,10,-30_153,23.458088556925457,22.88332748413086,23.14264461756607,22.41587043269988,2002,Solitary Islands Marine Park,1
Parma unifasciata,-30.16,153.23,2017,5,7,12.5,2,-30_153,23.458088556925457,22.88332748413086,23.14264461756607,22.41587043269988,2002,Solitary Islands Marine Park,1
Parma unifasciata,-30.16,153.23,2017,5,7,12.5,15,-30_153,23.458088556925457,22.88332748413086,23.14264461756607,22.41587043269988,2002,Solitary Islands Marine Park,1
Parma unifasciata,-30.16,153.23,2017,5,7,7.5,20,-30_153,23.458088556925457,22.88332748413086,23.14264461756607,22.41587043269988,2002,Solitary Islands Marine Park,1
Parma unifasciata,-30.16,153.23,2017,5,7,10,30,-30_153,23.458088556925457,22.88332748413086,23.14264461756607,22.41587043269988,2002,Solitary Islands Marine Park,1
Parma unifasciata,-30.2,153.27,2017,5,5,10,3,-30_153,23.458088556925457,22.88332748413086,23.14264461756607,22.41587043269988,2002,Solitary Islands Marine Park,1
Parma unifasciata,-30.2,153.27,2017,5,5,12.5,15,-30_153,23.458088556925457,22.88332748413086,23.14264461756607,22.41587043269988,2002,Solitary Islands Marine Park,1
Parma unifasciata,-30.2,153.27,2017,5,5,15,40,-30_153,23.458088556925457,22.88332748413086,23.14264461756607,22.41587043269988,2002,Solitary Islands Marine Park,1
Parma unifasciata,-30.2,153.27,2017,5,5,12.5,11,-30_153,23.458088556925457,22.88332748413086,23.14264461756607,22.41587043269988,2002,Solitary Islands Marine Park,1
Parma unifasciata,-30.2,153.26,2017,5,5,5,1,-30_153,23.458088556925457,22.88332748413086,23.14264461756607,22.41587043269988,2002,Solitary Islands Marine Park,1
Parma unifasciata,-30.2,153.26,2017,5,5,7.5,2,-30_153,23.458088556925457,22.88332748413086,23.14264461756607,22.41587043269988,2002,Solitary Islands Marine Park,1
Parma unifasciata,-30.2,153.26,2017,5,5,10,3,-30_153,23.458088556925457,22.88332748413086,23.14264461756607,22.41587043269988,2002,Solitary Islands Marine Park,1
Parma unifasciata,-30.2,153.26,2017,5,5,12.5,3,-30_153,23.458088556925457,22.88332748413086,23.14264461756607,22.41587043269988,2002,Solitary Islands Marine Park,1
Parma unifasciata,-30.2,153.26,2017,5,5,15,2,-30_153,23.458088556925457,22.88332748413086,23.14264461756607,22.41587043269988,2002,Solitary Islands Marine Park,1
Parma unifasciata,-30.2,153.26,2017,5,5,20,2,-30_153,23.458088556925457,22.88332748413086,23.14264461756607,22.41587043269988,2002,Solitary Islands Marine Park,1
Parma unifasciata,-30.2,153.26,2017,5,5,5,5,-30_153,23.458088556925457,22.88332748413086,23.14264461756607,22.41587043269988,2002,Solitary Islands Marine Park,1
Parma unifasciata,-30.2,153.26,2017,5,5,7.5,40,-30_153,23.458088556925457,22.88332748413086,23.14264461756607,22.41587043269988,2002,Solitary Islands Marine Park,1
Parma unifasciata,-30.2,153.26,2017,5,5,12.5,10,-30_153,23.458088556925457,22.88332748413086,23.14264461756607,22.41587043269988,2002,Solitary Islands Marine Park,1
Parma unifasciata,-32.71,152.15,2016,10,7,12.5,1,-33_152,21.81423552831014,19.682849884033203,21.811778390656066,20.475644767925303,1983,Fly Point-Halifax Park,1
Parma unifasciata,-33.82,151.29,2016,3,18,10,10,-34_151,21.222479343414307,24.496776580810547,21.6484481195513,25.09911226457165,NA,NA,0
Parma unifasciata,-33.82,151.29,2016,3,18,12.5,30,-34_151,21.222479343414307,24.496776580810547,21.6484481195513,25.09911226457165,NA,NA,0
Parma unifasciata,-33.82,151.29,2016,3,18,5,5,-34_151,21.222479343414307,24.496776580810547,21.6484481195513,25.09911226457165,NA,NA,0
Parma unifasciata,-33.82,151.29,2016,3,18,12.5,20,-34_151,21.222479343414307,24.496776580810547,21.6484481195513,25.09911226457165,NA,NA,0
Parma unifasciata,-32.69,152.23,2016,10,2,2.5,3,-33_152,21.81423552831014,19.682849884033203,21.811778390656066,20.475644767925303,2007,Port Stephens Great Lake Marine Park,0
Parma unifasciata,-32.69,152.23,2016,10,2,5,1,-33_152,21.81423552831014,19.682849884033203,21.811778390656066,20.475644767925303,2007,Port Stephens Great Lake Marine Park,0
Parma unifasciata,-32.69,152.23,2016,10,2,7.5,5,-33_152,21.81423552831014,19.682849884033203,21.811778390656066,20.475644767925303,2007,Port Stephens Great Lake Marine Park,0
Parma unifasciata,-32.69,152.23,2016,10,2,10,10,-33_152,21.81423552831014,19.682849884033203,21.811778390656066,20.475644767925303,2007,Port Stephens Great Lake Marine Park,0
Parma unifasciata,-32.69,152.23,2016,10,2,12.5,5,-33_152,21.81423552831014,19.682849884033203,21.811778390656066,20.475644767925303,2007,Port Stephens Great Lake Marine Park,0
Parma unifasciata,-32.69,152.23,2016,10,2,7.5,1,-33_152,21.81423552831014,19.682849884033203,21.811778390656066,20.475644767925303,2007,Port Stephens Great Lake Marine Park,0
Parma unifasciata,-32.69,152.23,2016,10,2,12.5,10,-33_152,21.81423552831014,19.682849884033203,21.811778390656066,20.475644767925303,2007,Port Stephens Great Lake Marine Park,0
Parma unifasciata,-32.69,152.23,2016,10,2,15,1,-33_152,21.81423552831014,19.682849884033203,21.811778390656066,20.475644767925303,2007,Port Stephens Great Lake Marine Park,0
Parma unifasciata,-30.16,153.23,2017,5,7,12.5,10,-30_153,23.458088556925457,22.88332748413086,23.14264461756607,22.41587043269988,2002,Solitary Islands Marine Park,1
Parma unifasciata,-30.2,153.27,2017,5,5,12.5,33,-30_153,23.458088556925457,22.88332748413086,23.14264461756607,22.41587043269988,2002,Solitary Islands Marine Park,1
Parma unifasciata,-30.2,153.27,2017,5,5,15,40,-30_153,23.458088556925457,22.88332748413086,23.14264461756607,22.41587043269988,2002,Solitary Islands Marine Park,1
Parma unifasciata,-30.2,153.27,2017,5,5,7.5,5,-30_153,23.458088556925457,22.88332748413086,23.14264461756607,22.41587043269988,2002,Solitary Islands Marine Park,1
Parma unifasciata,-30.2,153.27,2017,5,5,10,38,-30_153,23.458088556925457,22.88332748413086,23.14264461756607,22.41587043269988,2002,Solitary Islands Marine Park,1
Parma unifasciata,-30.2,153.27,2017,5,5,12.5,3,-30_153,23.458088556925457,22.88332748413086,23.14264461756607,22.41587043269988,2002,Solitary Islands Marine Park,1
Parma unifasciata,-30.2,153.27,2017,5,5,12.5,32,-30_153,23.458088556925457,22.88332748413086,23.14264461756607,22.41587043269988,2002,Solitary Islands Marine Park,1
Parma unifasciata,-30.2,153.27,2017,5,5,15,24,-30_153,23.458088556925457,22.88332748413086,23.14264461756607,22.41587043269988,2002,Solitary Islands Marine Park,1
Parma unifasciata,-30.2,153.27,2017,5,5,7.5,4,-30_153,23.458088556925457,22.88332748413086,23.14264461756607,22.41587043269988,2002,Solitary Islands Marine Park,1
Parma unifasciata,-30.2,153.27,2017,5,5,10,42,-30_153,23.458088556925457,22.88332748413086,23.14264461756607,22.41587043269988,2002,Solitary Islands Marine Park,1
Parma unifasciata,-30.2,153.27,2017,5,5,12.5,3,-30_153,23.458088556925457,22.88332748413086,23.14264461756607,22.41587043269988,2002,Solitary Islands Marine Park,1
Parma unifasciata,-29.93,153.39,2017,5,6,10,2,-30_153,23.458088556925457,22.88332748413086,23.14264461756607,22.41587043269988,2002,Solitary Islands Marine Park,1
Parma unifasciata,-29.93,153.39,2017,5,6,12.5,12,-30_153,23.458088556925457,22.88332748413086,23.14264461756607,22.41587043269988,2002,Solitary Islands Marine Park,1
Parma unifasciata,-29.93,153.39,2017,5,6,15,11,-30_153,23.458088556925457,22.88332748413086,23.14264461756607,22.41587043269988,2002,Solitary Islands Marine Park,1
Parma unifasciata,-29.93,153.39,2017,5,6,10,10,-30_153,23.458088556925457,22.88332748413086,23.14264461756607,22.41587043269988,2002,Solitary Islands Marine Park,1
Parma unifasciata,-29.93,153.39,2017,5,6,12.5,1,-30_153,23.458088556925457,22.88332748413086,23.14264461756607,22.41587043269988,2002,Solitary Islands Marine Park,1
Parma unifasciata,-29.93,153.39,2017,5,6,10,23,-30_153,23.458088556925457,22.88332748413086,23.14264461756607,22.41587043269988,2002,Solitary Islands Marine Park,1
Parma unifasciata,-29.93,153.39,2017,5,6,12.5,11,-30_153,23.458088556925457,22.88332748413086,23.14264461756607,22.41587043269988,2002,Solitary Islands Marine Park,1
Parma unifasciata,-29.93,153.39,2017,5,6,7.5,2,-30_153,23.458088556925457,22.88332748413086,23.14264461756607,22.41587043269988,2002,Solitary Islands Marine Park,1
Parma unifasciata,-30.24,153.18,2017,5,7,10,40,-30_153,23.458088556925457,22.88332748413086,23.14264461756607,22.41587043269988,NA,NA,0
Parma unifasciata,-30.24,153.18,2017,5,7,12.5,50,-30_153,23.458088556925457,22.88332748413086,23.14264461756607,22.41587043269988,NA,NA,0
Parma unifasciata,-30.24,153.18,2017,5,7,15,40,-30_153,23.458088556925457,22.88332748413086,23.14264461756607,22.41587043269988,NA,NA,0
Parma unifasciata,-32.74,152.19,2017,7,16,5,1,-33_152,21.88280153274536,19.421714782714844,21.674367571668547,20.002607114853397,NA,NA,0
Parma unifasciata,-32.74,152.19,2017,7,16,7.5,2,-33_152,21.88280153274536,19.421714782714844,21.674367571668547,20.002607114853397,NA,NA,0
Parma unifasciata,-32.74,152.19,2017,7,16,10,3,-33_152,21.88280153274536,19.421714782714844,21.674367571668547,20.002607114853397,NA,NA,0
Parma unifasciata,-32.74,152.19,2017,7,16,10,5,-33_152,21.88280153274536,19.421714782714844,21.674367571668547,20.002607114853397,NA,NA,0
Parma unifasciata,-32.74,152.19,2017,7,16,12.5,15,-33_152,21.88280153274536,19.421714782714844,21.674367571668547,20.002607114853397,NA,NA,0
Parma unifasciata,-32.74,152.19,2017,7,16,15,5,-33_152,21.88280153274536,19.421714782714844,21.674367571668547,20.002607114853397,NA,NA,0
Parma unifasciata,-32.71,152.16,2017,7,30,10,1,-33_152,21.88280153274536,19.421714782714844,21.674367571668547,20.002607114853397,1983,Fly Point-Halifax Park,1
Parma unifasciata,-32.71,152.16,2017,7,30,12.5,1,-33_152,21.88280153274536,19.421714782714844,21.674367571668547,20.002607114853397,1983,Fly Point-Halifax Park,1
Parma unifasciata,-32.71,152.16,2017,8,13,5,2,-33_152,21.88280153274536,19.456056594848633,21.674367571668547,19.463440418243408,1983,Fly Point-Halifax Park,1
Parma unifasciata,-32.71,152.16,2017,8,13,10,3,-33_152,21.88280153274536,19.456056594848633,21.674367571668547,19.463440418243408,1983,Fly Point-Halifax Park,1
Parma unifasciata,-32.71,152.16,2017,8,13,10,1,-33_152,21.88280153274536,19.456056594848633,21.674367571668547,19.463440418243408,1983,Fly Point-Halifax Park,1
Parma unifasciata,-32.74,152.19,2017,9,29,7.5,1,-33_152,21.88280153274536,19.29019546508789,21.674367571668547,19.416805118984648,NA,NA,0
Parma unifasciata,-32.74,152.19,2017,9,29,10,3,-33_152,21.88280153274536,19.29019546508789,21.674367571668547,19.416805118984648,NA,NA,0
Parma unifasciata,-32.74,152.19,2017,9,29,10,5,-33_152,21.88280153274536,19.29019546508789,21.674367571668547,19.416805118984648,NA,NA,0
Parma unifasciata,-32.74,152.19,2017,9,29,12.5,5,-33_152,21.88280153274536,19.29019546508789,21.674367571668547,19.416805118984648,NA,NA,0
Parma unifasciata,-32.74,152.19,2017,9,29,7.5,1,-33_152,21.88280153274536,19.29019546508789,21.674367571668547,19.416805118984648,NA,NA,0
Parma unifasciata,-32.74,152.19,2017,9,29,10,1,-33_152,21.88280153274536,19.29019546508789,21.674367571668547,19.416805118984648,NA,NA,0
Parma unifasciata,-32.74,152.19,2017,9,29,7.5,3,-33_152,21.88280153274536,19.29019546508789,21.674367571668547,19.416805118984648,NA,NA,0
Parma unifasciata,-32.74,152.19,2017,9,29,10,5,-33_152,21.88280153274536,19.29019546508789,21.674367571668547,19.416805118984648,NA,NA,0
Parma unifasciata,-32.74,152.19,2017,9,29,12.5,2,-33_152,21.88280153274536,19.29019546508789,21.674367571668547,19.416805118984648,NA,NA,0
Parma unifasciata,-32.71,152.16,2017,10,8,7.5,2,-33_152,21.88280153274536,20.88638687133789,21.674367571668547,20.07908558589156,1983,Fly Point-Halifax Park,1
Parma unifasciata,-32.71,152.16,2017,10,8,10,2,-33_152,21.88280153274536,20.88638687133789,21.674367571668547,20.07908558589156,1983,Fly Point-Halifax Park,1
Parma unifasciata,-32.71,152.16,2017,10,8,12.5,2,-33_152,21.88280153274536,20.88638687133789,21.674367571668547,20.07908558589156,1983,Fly Point-Halifax Park,1
Parma unifasciata,-32.71,152.16,2017,10,8,15,1,-33_152,21.88280153274536,20.88638687133789,21.674367571668547,20.07908558589156,1983,Fly Point-Halifax Park,1
Parma unifasciata,-33.92,151.27,2017,3,29,12.5,1,-34_151,21.212825298309326,24.231016159057617,21.403940033579996,24.16338659101917,NA,NA,0
Parma unifasciata,-33.84,151.29,2017,3,25,12.5,20,-34_151,21.212825298309326,24.231016159057617,21.403940033579996,24.16338659101917,NA,NA,0
Parma unifasciata,-33.84,151.29,2017,3,25,12.5,1,-34_151,21.212825298309326,24.231016159057617,21.403940033579996,24.16338659101917,NA,NA,0
Parma unifasciata,-33.84,151.29,2017,3,25,15,1,-34_151,21.212825298309326,24.231016159057617,21.403940033579996,24.16338659101917,NA,NA,0
Parma unifasciata,-34.04,151.2,2017,4,9,10,5,-34_151,21.212825298309326,22.832447052001953,21.403940033579996,23.191832796732584,NA,NA,0
Parma unifasciata,-34.04,151.2,2017,4,9,12.5,3,-34_151,21.212825298309326,22.832447052001953,21.403940033579996,23.191832796732584,NA,NA,0
Parma unifasciata,-33.81,151.31,2017,4,15,5,2,-34_151,21.212825298309326,22.832447052001953,21.403940033579996,23.191832796732584,NA,NA,0
Parma unifasciata,-33.81,151.31,2017,4,15,7.5,5,-34_151,21.212825298309326,22.832447052001953,21.403940033579996,23.191832796732584,NA,NA,0
Parma unifasciata,-33.81,151.31,2017,4,15,10,5,-34_151,21.212825298309326,22.832447052001953,21.403940033579996,23.191832796732584,NA,NA,0
Parma unifasciata,-33.82,151.29,2017,3,25,12.5,1,-34_151,21.212825298309326,24.231016159057617,21.403940033579996,24.16338659101917,NA,NA,0
Parma unifasciata,-33.8,151.3,2016,9,28,10,1,-34_151,21.222479343414307,19.108068466186523,21.6484481195513,19.136499627431235,2002,Cabbage Tree Bay Aquatic Reserve,1
Parma unifasciata,-33.99,151.23,2016,10,1,10,1,-34_151,21.222479343414307,19.042987823486328,21.6484481195513,20.50774146664527,NA,NA,0
Parma unifasciata,-33.99,151.23,2016,10,1,12.5,1,-34_151,21.222479343414307,19.042987823486328,21.6484481195513,20.50774146664527,NA,NA,0
Parma unifasciata,-33.8,151.3,2015,10,10,7.5,1,-34_151,21.010322252909344,20.581783294677734,21.160145131914785,20.89298334429341,2002,Cabbage Tree Bay Aquatic Reserve,1
Parma unifasciata,-33.8,151.3,2015,10,10,10,3,-34_151,21.010322252909344,20.581783294677734,21.160145131914785,20.89298334429341,2002,Cabbage Tree Bay Aquatic Reserve,1
Parma unifasciata,-33.8,151.3,2015,10,10,12.5,1,-34_151,21.010322252909344,20.581783294677734,21.160145131914785,20.89298334429341,2002,Cabbage Tree Bay Aquatic Reserve,1
Parma unifasciata,-33.53,151.39,2015,6,8,7.5,1,-34_151,21.010322252909344,18.896404266357425,21.160145131914785,20.38041623433431,NA,NA,0
Parma unifasciata,-33.53,151.39,2015,6,8,10,1,-34_151,21.010322252909344,18.896404266357425,21.160145131914785,20.38041623433431,NA,NA,0
Parma unifasciata,-33.52,151.42,2015,6,8,10,1,-34_151,21.010322252909344,18.896404266357425,21.160145131914785,20.38041623433431,NA,NA,0
Parma unifasciata,-33.52,151.42,2015,6,8,15,8,-34_151,21.010322252909344,18.896404266357425,21.160145131914785,20.38041623433431,NA,NA,0
Parma unifasciata,-33.52,151.42,2015,6,8,20,8,-34_151,21.010322252909344,18.896404266357425,21.160145131914785,20.38041623433431,NA,NA,0
Parma unifasciata,-33.52,151.42,2015,6,8,7.5,2,-34_151,21.010322252909344,18.896404266357425,21.160145131914785,20.38041623433431,NA,NA,0
Parma unifasciata,-33.52,151.42,2015,6,8,10,3,-34_151,21.010322252909344,18.896404266357425,21.160145131914785,20.38041623433431,NA,NA,0
Parma unifasciata,-33.52,151.42,2015,6,8,12.5,8,-34_151,21.010322252909344,18.896404266357425,21.160145131914785,20.38041623433431,NA,NA,0
Parma unifasciata,-33.52,151.42,2015,6,8,15,5,-34_151,21.010322252909344,18.896404266357425,21.160145131914785,20.38041623433431,NA,NA,0
Parma unifasciata,-32.71,152.15,2017,10,21,7.5,1,-33_152,21.88280153274536,20.88638687133789,21.674367571668547,20.07908558589156,1983,Fly Point-Halifax Park,1
Parma unifasciata,-33.8,151.29,2017,3,23,10,1,-34_151,21.212825298309326,24.231016159057617,21.403940033579996,24.16338659101917,2002,Cabbage Tree Bay Aquatic Reserve,1
Parma unifasciata,-33.81,151.31,2017,4,15,12.5,4,-34_151,21.212825298309326,22.832447052001953,21.403940033579996,23.191832796732584,NA,NA,0
Parma unifasciata,-33.81,151.31,2017,4,15,15,4,-34_151,21.212825298309326,22.832447052001953,21.403940033579996,23.191832796732584,NA,NA,0
Parma unifasciata,-33.81,151.31,2017,4,15,20,4,-34_151,21.212825298309326,22.832447052001953,21.403940033579996,23.191832796732584,NA,NA,0
Parma unifasciata,-33.81,151.31,2017,4,15,5,1,-34_151,21.212825298309326,22.832447052001953,21.403940033579996,23.191832796732584,NA,NA,0
Parma unifasciata,-33.81,151.31,2017,4,15,7.5,6,-34_151,21.212825298309326,22.832447052001953,21.403940033579996,23.191832796732584,NA,NA,0
Parma unifasciata,-33.81,151.31,2017,4,15,10,3,-34_151,21.212825298309326,22.832447052001953,21.403940033579996,23.191832796732584,NA,NA,0
Parma unifasciata,-33.81,151.31,2017,4,15,12.5,1,-34_151,21.212825298309326,22.832447052001953,21.403940033579996,23.191832796732584,NA,NA,0
Parma unifasciata,-33.81,151.31,2017,4,15,15,6,-34_151,21.212825298309326,22.832447052001953,21.403940033579996,23.191832796732584,NA,NA,0
Parma unifasciata,-33.81,151.31,2017,4,15,5,2,-34_151,21.212825298309326,22.832447052001953,21.403940033579996,23.191832796732584,NA,NA,0
Parma unifasciata,-33.81,151.31,2017,4,15,7.5,15,-34_151,21.212825298309326,22.832447052001953,21.403940033579996,23.191832796732584,NA,NA,0
Parma unifasciata,-33.81,151.31,2017,4,15,10,5,-34_151,21.212825298309326,22.832447052001953,21.403940033579996,23.191832796732584,NA,NA,0
Parma unifasciata,-33.81,151.31,2017,4,15,12.5,1,-34_151,21.212825298309326,22.832447052001953,21.403940033579996,23.191832796732584,NA,NA,0
Parma unifasciata,-33.81,151.31,2017,4,15,20,1,-34_151,21.212825298309326,22.832447052001953,21.403940033579996,23.191832796732584,NA,NA,0
Parma unifasciata,-33.81,151.31,2017,4,15,7.5,4,-34_151,21.212825298309326,22.832447052001953,21.403940033579996,23.191832796732584,NA,NA,0
Parma unifasciata,-33.81,151.31,2017,4,15,10,3,-34_151,21.212825298309326,22.832447052001953,21.403940033579996,23.191832796732584,NA,NA,0
Parma unifasciata,-33.81,151.31,2017,4,15,12.5,2,-34_151,21.212825298309326,22.832447052001953,21.403940033579996,23.191832796732584,NA,NA,0
Parma unifasciata,-34.07,151.16,2017,4,21,5,2,-34_151,21.212825298309326,22.832447052001953,21.403940033579996,23.191832796732584,NA,NA,0
Parma unifasciata,-34.07,151.16,2017,4,21,7.5,1,-34_151,21.212825298309326,22.832447052001953,21.403940033579996,23.191832796732584,NA,NA,0
Parma unifasciata,-33.92,151.27,2017,5,2,10,1,-34_151,21.212825298309326,20.490291595458984,21.403940033579996,21.21362853819324,NA,NA,0
Parma unifasciata,-33.92,151.27,2017,5,2,2.5,1,-34_151,21.212825298309326,20.490291595458984,21.403940033579996,21.21362853819324,NA,NA,0
Parma unifasciata,-33.92,151.27,2017,5,2,5,1,-34_151,21.212825298309326,20.490291595458984,21.403940033579996,21.21362853819324,NA,NA,0
Parma unifasciata,-33.92,151.27,2017,5,2,7.5,1,-34_151,21.212825298309326,20.490291595458984,21.403940033579996,21.21362853819324,NA,NA,0
Parma unifasciata,-33.92,151.27,2017,5,2,12.5,2,-34_151,21.212825298309326,20.490291595458984,21.403940033579996,21.21362853819324,NA,NA,0
Parma unifasciata,-33.74,151.31,2017,3,27,5,1,-34_151,21.212825298309326,24.231016159057617,21.403940033579996,24.16338659101917,NA,NA,0
Parma unifasciata,-33.74,151.31,2017,3,27,10,1,-34_151,21.212825298309326,24.231016159057617,21.403940033579996,24.16338659101917,NA,NA,0
Parma unifasciata,-33.74,151.31,2017,3,27,12.5,1,-34_151,21.212825298309326,24.231016159057617,21.403940033579996,24.16338659101917,NA,NA,0
Parma unifasciata,-33.74,151.31,2017,3,27,12.5,2,-34_151,21.212825298309326,24.231016159057617,21.403940033579996,24.16338659101917,NA,NA,0
Parma unifasciata,-34,151.25,2017,4,9,10,1,-34_151,21.212825298309326,22.832447052001953,21.403940033579996,23.191832796732584,NA,NA,0
Parma unifasciata,-32.71,152.15,2017,10,21,7.5,2,-33_152,21.88280153274536,20.88638687133789,21.674367571668547,20.07908558589156,1983,Fly Point-Halifax Park,1
Parma unifasciata,-32.71,152.15,2017,10,21,10,3,-33_152,21.88280153274536,20.88638687133789,21.674367571668547,20.07908558589156,1983,Fly Point-Halifax Park,1
Parma unifasciata,-33.53,151.39,2017,4,8,5,2,-34_151,21.212825298309326,22.832447052001953,21.403940033579996,23.191832796732584,NA,NA,0
Parma unifasciata,-33.53,151.39,2017,4,8,7.5,1,-34_151,21.212825298309326,22.832447052001953,21.403940033579996,23.191832796732584,NA,NA,0
Parma unifasciata,-33.53,151.39,2017,4,8,12.5,1,-34_151,21.212825298309326,22.832447052001953,21.403940033579996,23.191832796732584,NA,NA,0
Parma unifasciata,-33.53,151.39,2017,4,9,5,1,-34_151,21.212825298309326,22.832447052001953,21.403940033579996,23.191832796732584,NA,NA,0
Parma unifasciata,-33.53,151.39,2017,4,9,7.5,1,-34_151,21.212825298309326,22.832447052001953,21.403940033579996,23.191832796732584,NA,NA,0
Parma unifasciata,-33.53,151.39,2017,4,9,10,1,-34_151,21.212825298309326,22.832447052001953,21.403940033579996,23.191832796732584,NA,NA,0
Parma unifasciata,-33.53,151.39,2017,4,9,12.5,2,-34_151,21.212825298309326,22.832447052001953,21.403940033579996,23.191832796732584,NA,NA,0
Parma unifasciata,-33.53,151.39,2017,4,9,15,1,-34_151,21.212825298309326,22.832447052001953,21.403940033579996,23.191832796732584,NA,NA,0
Parma unifasciata,-33.53,151.39,2017,4,9,5,2,-34_151,21.212825298309326,22.832447052001953,21.403940033579996,23.191832796732584,NA,NA,0
Parma unifasciata,-33.52,151.42,2017,4,8,7.5,3,-34_151,21.212825298309326,22.832447052001953,21.403940033579996,23.191832796732584,NA,NA,0
Parma unifasciata,-33.52,151.42,2017,4,8,10,3,-34_151,21.212825298309326,22.832447052001953,21.403940033579996,23.191832796732584,NA,NA,0
Parma unifasciata,-33.52,151.42,2017,4,8,12.5,3,-34_151,21.212825298309326,22.832447052001953,21.403940033579996,23.191832796732584,NA,NA,0
Parma unifasciata,-33.52,151.42,2017,4,8,15,5,-34_151,21.212825298309326,22.832447052001953,21.403940033579996,23.191832796732584,NA,NA,0
Parma unifasciata,-33.52,151.42,2017,4,8,20,1,-34_151,21.212825298309326,22.832447052001953,21.403940033579996,23.191832796732584,NA,NA,0
Parma unifasciata,-33.52,151.42,2017,4,8,12.5,2,-34_151,21.212825298309326,22.832447052001953,21.403940033579996,23.191832796732584,NA,NA,0
Parma unifasciata,-33.52,151.42,2017,4,8,15,9,-34_151,21.212825298309326,22.832447052001953,21.403940033579996,23.191832796732584,NA,NA,0
Parma unifasciata,-33.52,151.42,2017,4,8,20,3,-34_151,21.212825298309326,22.832447052001953,21.403940033579996,23.191832796732584,NA,NA,0
Parma unifasciata,-33.52,151.42,2017,4,8,5,1,-34_151,21.212825298309326,22.832447052001953,21.403940033579996,23.191832796732584,NA,NA,0
Parma unifasciata,-33.52,151.42,2017,4,8,7.5,12,-34_151,21.212825298309326,22.832447052001953,21.403940033579996,23.191832796732584,NA,NA,0
Parma unifasciata,-33.52,151.42,2017,4,8,10,12,-34_151,21.212825298309326,22.832447052001953,21.403940033579996,23.191832796732584,NA,NA,0
Parma unifasciata,-33.52,151.42,2017,4,8,12.5,1,-34_151,21.212825298309326,22.832447052001953,21.403940033579996,23.191832796732584,NA,NA,0
Parma unifasciata,-33.52,151.42,2017,4,8,15,1,-34_151,21.212825298309326,22.832447052001953,21.403940033579996,23.191832796732584,NA,NA,0
Parma unifasciata,-33.52,151.42,2017,4,8,7.5,2,-34_151,21.212825298309326,22.832447052001953,21.403940033579996,23.191832796732584,NA,NA,0
Parma unifasciata,-33.52,151.42,2017,4,8,10,2,-34_151,21.212825298309326,22.832447052001953,21.403940033579996,23.191832796732584,NA,NA,0
Parma unifasciata,-33.52,151.42,2017,4,8,12.5,8,-34_151,21.212825298309326,22.832447052001953,21.403940033579996,23.191832796732584,NA,NA,0
Parma unifasciata,-33.52,151.42,2017,4,8,15,10,-34_151,21.212825298309326,22.832447052001953,21.403940033579996,23.191832796732584,NA,NA,0
Parma unifasciata,-33.52,151.42,2017,4,8,20,1,-34_151,21.212825298309326,22.832447052001953,21.403940033579996,23.191832796732584,NA,NA,0
Parma unifasciata,-33.8,151.3,2016,12,6,12.5,1,-34_151,21.222479343414307,22.054065704345703,21.6484481195513,21.74467683607532,2002,Cabbage Tree Bay Aquatic Reserve,1
Parma unifasciata,-33.8,151.3,2016,2,6,7.5,1,-34_151,21.222479343414307,24.56042861938477,21.6484481195513,24.464482373204724,2002,Cabbage Tree Bay Aquatic Reserve,1
Parma unifasciata,-33.82,151.29,2016,12,29,20,10,-34_151,21.222479343414307,22.054065704345703,21.6484481195513,21.74467683607532,NA,NA,0
Parma unifasciata,-33.82,151.29,2016,12,29,25,1,-34_151,21.222479343414307,22.054065704345703,21.6484481195513,21.74467683607532,NA,NA,0
Parma unifasciata,-33.82,151.29,2016,12,29,12.5,7,-34_151,21.222479343414307,22.054065704345703,21.6484481195513,21.74467683607532,NA,NA,0
Parma unifasciata,-33.82,151.29,2016,12,29,15,8,-34_151,21.222479343414307,22.054065704345703,21.6484481195513,21.74467683607532,NA,NA,0
Parma unifasciata,-33.82,151.29,2016,12,29,20,2,-34_151,21.222479343414307,22.054065704345703,21.6484481195513,21.74467683607532,NA,NA,0
Parma unifasciata,-33.82,151.3,2018,4,2,12.5,15,-34_151,20.616589228312176,22.327646255493164,20.38137288106385,22.58066619237264,NA,NA,0
Parma unifasciata,-33.82,151.3,2018,4,2,15,15,-34_151,20.616589228312176,22.327646255493164,20.38137288106385,22.58066619237264,NA,NA,0
Parma unifasciata,-33.82,151.3,2018,4,2,10,7,-34_151,20.616589228312176,22.327646255493164,20.38137288106385,22.58066619237264,NA,NA,0
Parma unifasciata,-33.82,151.3,2018,4,2,12.5,7,-34_151,20.616589228312176,22.327646255493164,20.38137288106385,22.58066619237264,NA,NA,0
Parma unifasciata,-33.82,151.3,2018,4,2,15,7,-34_151,20.616589228312176,22.327646255493164,20.38137288106385,22.58066619237264,NA,NA,0
Parma unifasciata,-33.82,151.3,2018,4,2,7.5,10,-34_151,20.616589228312176,22.327646255493164,20.38137288106385,22.58066619237264,NA,NA,0
Parma unifasciata,-33.82,151.3,2018,4,2,10,10,-34_151,20.616589228312176,22.327646255493164,20.38137288106385,22.58066619237264,NA,NA,0
Parma unifasciata,-33.82,151.3,2018,4,2,12.5,10,-34_151,20.616589228312176,22.327646255493164,20.38137288106385,22.58066619237264,NA,NA,0
Parma unifasciata,-33.82,151.3,2018,4,2,15,10,-34_151,20.616589228312176,22.327646255493164,20.38137288106385,22.58066619237264,NA,NA,0
Parma unifasciata,-33.82,151.3,2018,4,2,7.5,15,-34_151,20.616589228312176,22.327646255493164,20.38137288106385,22.58066619237264,NA,NA,0
Parma unifasciata,-33.82,151.3,2018,4,2,10,15,-34_151,20.616589228312176,22.327646255493164,20.38137288106385,22.58066619237264,NA,NA,0
Parma unifasciata,-33.82,151.3,2018,4,2,12.5,15,-34_151,20.616589228312176,22.327646255493164,20.38137288106385,22.58066619237264,NA,NA,0
Parma unifasciata,-33.82,151.3,2018,4,2,15,15,-34_151,20.616589228312176,22.327646255493164,20.38137288106385,22.58066619237264,NA,NA,0
Parma unifasciata,-30.02,153.27,2018,5,8,5,1,-30_153,23.22174056371053,23.39381217956543,22.980507677637853,23.49219298824187,2002,Solitary Islands Marine Park,1
Parma unifasciata,-30.02,153.27,2018,5,8,7.5,14,-30_153,23.22174056371053,23.39381217956543,22.980507677637853,23.49219298824187,2002,Solitary Islands Marine Park,1
Parma unifasciata,-30.02,153.27,2018,5,8,10,12,-30_153,23.22174056371053,23.39381217956543,22.980507677637853,23.49219298824187,2002,Solitary Islands Marine Park,1
Parma unifasciata,-30.02,153.27,2018,5,8,7.5,9,-30_153,23.22174056371053,23.39381217956543,22.980507677637853,23.49219298824187,2002,Solitary Islands Marine Park,1
Parma unifasciata,-30.02,153.27,2018,5,8,10,10,-30_153,23.22174056371053,23.39381217956543,22.980507677637853,23.49219298824187,2002,Solitary Islands Marine Park,1
Parma unifasciata,-33.84,151.28,2017,12,6,15,1,-34_151,21.212825298309326,22.303253173828125,21.403940033579996,21.79475758152623,NA,NA,0
Parma unifasciata,-33.82,151.29,2018,4,7,5,1,-34_151,20.616589228312176,22.327646255493164,20.38137288106385,22.58066619237264,NA,NA,0
Parma unifasciata,-33.82,151.29,2018,4,7,7.5,1,-34_151,20.616589228312176,22.327646255493164,20.38137288106385,22.58066619237264,NA,NA,0
Parma unifasciata,-33.82,151.29,2018,4,7,10,7,-34_151,20.616589228312176,22.327646255493164,20.38137288106385,22.58066619237264,NA,NA,0
Parma unifasciata,-33.82,151.29,2018,4,7,12.5,6,-34_151,20.616589228312176,22.327646255493164,20.38137288106385,22.58066619237264,NA,NA,0
Parma unifasciata,-33.82,151.29,2018,4,7,15,4,-34_151,20.616589228312176,22.327646255493164,20.38137288106385,22.58066619237264,NA,NA,0
Parma unifasciata,-33.82,151.29,2018,4,7,20,1,-34_151,20.616589228312176,22.327646255493164,20.38137288106385,22.58066619237264,NA,NA,0
Parma unifasciata,-33.82,151.29,2018,4,7,7.5,2,-34_151,20.616589228312176,22.327646255493164,20.38137288106385,22.58066619237264,NA,NA,0
Parma unifasciata,-33.82,151.29,2018,4,7,10,2,-34_151,20.616589228312176,22.327646255493164,20.38137288106385,22.58066619237264,NA,NA,0
Parma unifasciata,-33.82,151.29,2018,4,7,12.5,7,-34_151,20.616589228312176,22.327646255493164,20.38137288106385,22.58066619237264,NA,NA,0
Parma unifasciata,-33.82,151.29,2018,4,7,15,9,-34_151,20.616589228312176,22.327646255493164,20.38137288106385,22.58066619237264,NA,NA,0
Parma unifasciata,-30.02,153.27,2018,5,8,5,30,-30_153,23.22174056371053,23.39381217956543,22.980507677637853,23.49219298824187,2002,Solitary Islands Marine Park,1
Parma unifasciata,-30.02,153.27,2018,5,8,7.5,40,-30_153,23.22174056371053,23.39381217956543,22.980507677637853,23.49219298824187,2002,Solitary Islands Marine Park,1
Parma unifasciata,-30.02,153.27,2018,5,8,10,40,-30_153,23.22174056371053,23.39381217956543,22.980507677637853,23.49219298824187,2002,Solitary Islands Marine Park,1
Parma unifasciata,-30.02,153.27,2018,5,28,5,3,-30_153,23.22174056371053,23.39381217956543,22.980507677637853,23.49219298824187,2002,Solitary Islands Marine Park,1
Parma unifasciata,-30.02,153.27,2018,5,28,7.5,10,-30_153,23.22174056371053,23.39381217956543,22.980507677637853,23.49219298824187,2002,Solitary Islands Marine Park,1
Parma unifasciata,-30.02,153.27,2018,5,28,10,18,-30_153,23.22174056371053,23.39381217956543,22.980507677637853,23.49219298824187,2002,Solitary Islands Marine Park,1
Parma unifasciata,-30.02,153.27,2018,5,28,2.5,1,-30_153,23.22174056371053,23.39381217956543,22.980507677637853,23.49219298824187,2002,Solitary Islands Marine Park,1
Parma unifasciata,-30.02,153.27,2018,5,28,7.5,3,-30_153,23.22174056371053,23.39381217956543,22.980507677637853,23.49219298824187,2002,Solitary Islands Marine Park,1
Parma unifasciata,-30.02,153.27,2018,5,28,10,4,-30_153,23.22174056371053,23.39381217956543,22.980507677637853,23.49219298824187,2002,Solitary Islands Marine Park,1
Parma unifasciata,-30.02,153.27,2018,5,28,12.5,4,-30_153,23.22174056371053,23.39381217956543,22.980507677637853,23.49219298824187,2002,Solitary Islands Marine Park,1
Parma unifasciata,-30.02,153.27,2018,5,28,15,4,-30_153,23.22174056371053,23.39381217956543,22.980507677637853,23.49219298824187,2002,Solitary Islands Marine Park,1
Parma unifasciata,-29.93,153.39,2013,4,26,10,2,-30_153,22.966265360514324,24.360939025878903,22.939593657805137,24.573932762145997,2002,Solitary Islands Marine Park,1
Parma unifasciata,-29.93,153.39,2013,4,26,12.5,12,-30_153,22.966265360514324,24.360939025878903,22.939593657805137,24.573932762145997,2002,Solitary Islands Marine Park,1
Parma unifasciata,-29.93,153.39,2013,4,26,15,5,-30_153,22.966265360514324,24.360939025878903,22.939593657805137,24.573932762145997,2002,Solitary Islands Marine Park,1
Parma unifasciata,-29.93,153.39,2013,4,26,10,1,-30_153,22.966265360514324,24.360939025878903,22.939593657805137,24.573932762145997,2002,Solitary Islands Marine Park,1
Parma unifasciata,-29.93,153.39,2013,4,26,12.5,2,-30_153,22.966265360514324,24.360939025878903,22.939593657805137,24.573932762145997,2002,Solitary Islands Marine Park,1
Parma unifasciata,-29.93,153.39,2013,4,26,15,3,-30_153,22.966265360514324,24.360939025878903,22.939593657805137,24.573932762145997,2002,Solitary Islands Marine Park,1
Parma unifasciata,-29.92,153.39,2013,4,26,7.5,3,-30_153,22.966265360514324,24.360939025878903,22.939593657805137,24.573932762145997,2002,Solitary Islands Marine Park,1
Parma unifasciata,-29.92,153.39,2013,4,26,10,1,-30_153,22.966265360514324,24.360939025878903,22.939593657805137,24.573932762145997,2002,Solitary Islands Marine Park,1
Parma unifasciata,-29.98,153.26,2013,4,27,7.5,8,-30_153,22.966265360514324,24.360939025878903,22.939593657805137,24.573932762145997,NA,NA,0
Parma unifasciata,-29.98,153.26,2013,4,27,10,9,-30_153,22.966265360514324,24.360939025878903,22.939593657805137,24.573932762145997,NA,NA,0
Parma unifasciata,-29.98,153.26,2013,4,27,12.5,12,-30_153,22.966265360514324,24.360939025878903,22.939593657805137,24.573932762145997,NA,NA,0
Parma unifasciata,-29.98,153.26,2013,4,27,5,8,-30_153,22.966265360514324,24.360939025878903,22.939593657805137,24.573932762145997,NA,NA,0
Parma unifasciata,-29.98,153.26,2013,4,27,7.5,3,-30_153,22.966265360514324,24.360939025878903,22.939593657805137,24.573932762145997,NA,NA,0
Parma unifasciata,-29.98,153.26,2013,4,27,10,5,-30_153,22.966265360514324,24.360939025878903,22.939593657805137,24.573932762145997,NA,NA,0
Parma unifasciata,-29.98,153.26,2013,4,27,12.5,11,-30_153,22.966265360514324,24.360939025878903,22.939593657805137,24.573932762145997,NA,NA,0
Parma unifasciata,-29.98,153.26,2013,4,27,15,3,-30_153,22.966265360514324,24.360939025878903,22.939593657805137,24.573932762145997,NA,NA,0
Parma unifasciata,-30.01,153.27,2013,4,27,7.5,7,-30_153,22.966265360514324,24.360939025878903,22.939593657805137,24.573932762145997,NA,NA,0
Parma unifasciata,-30.01,153.27,2013,4,27,10,3,-30_153,22.966265360514324,24.360939025878903,22.939593657805137,24.573932762145997,NA,NA,0
Parma unifasciata,-30.01,153.27,2013,4,27,12.5,30,-30_153,22.966265360514324,24.360939025878903,22.939593657805137,24.573932762145997,NA,NA,0
Parma unifasciata,-30.01,153.27,2013,4,27,15,15,-30_153,22.966265360514324,24.360939025878903,22.939593657805137,24.573932762145997,NA,NA,0
Parma unifasciata,-30.01,153.27,2013,4,27,5,5,-30_153,22.966265360514324,24.360939025878903,22.939593657805137,24.573932762145997,NA,NA,0
Parma unifasciata,-30.01,153.27,2013,4,27,7.5,12,-30_153,22.966265360514324,24.360939025878903,22.939593657805137,24.573932762145997,NA,NA,0
Parma unifasciata,-30.01,153.27,2013,4,27,10,27,-30_153,22.966265360514324,24.360939025878903,22.939593657805137,24.573932762145997,NA,NA,0
Parma unifasciata,-30.01,153.27,2013,4,27,12.5,17,-30_153,22.966265360514324,24.360939025878903,22.939593657805137,24.573932762145997,NA,NA,0
Parma unifasciata,-30.01,153.27,2013,4,27,15,1,-30_153,22.966265360514324,24.360939025878903,22.939593657805137,24.573932762145997,NA,NA,0
Parma unifasciata,-30.24,153.18,2013,4,28,5,4,-30_153,22.966265360514324,24.360939025878903,22.939593657805137,24.573932762145997,NA,NA,0
Parma unifasciata,-30.24,153.18,2013,4,28,7.5,2,-30_153,22.966265360514324,24.360939025878903,22.939593657805137,24.573932762145997,NA,NA,0
Parma unifasciata,-30.24,153.18,2013,4,28,12.5,25,-30_153,22.966265360514324,24.360939025878903,22.939593657805137,24.573932762145997,NA,NA,0
Parma unifasciata,-30.24,153.18,2013,4,28,15,4,-30_153,22.966265360514324,24.360939025878903,22.939593657805137,24.573932762145997,NA,NA,0
Parma unifasciata,-30.01,153.27,2018,5,28,5,30,-30_153,23.22174056371053,23.39381217956543,22.980507677637853,23.49219298824187,NA,NA,0
Parma unifasciata,-30.01,153.27,2018,5,28,7.5,50,-30_153,23.22174056371053,23.39381217956543,22.980507677637853,23.49219298824187,NA,NA,0
Parma unifasciata,-30.01,153.27,2018,5,28,10,40,-30_153,23.22174056371053,23.39381217956543,22.980507677637853,23.49219298824187,NA,NA,0
Parma unifasciata,-30.01,153.27,2018,5,28,5,2,-30_153,23.22174056371053,23.39381217956543,22.980507677637853,23.49219298824187,NA,NA,0
Parma unifasciata,-30.01,153.27,2018,5,28,7.5,3,-30_153,23.22174056371053,23.39381217956543,22.980507677637853,23.49219298824187,NA,NA,0
Parma unifasciata,-30.01,153.27,2018,5,28,10,3,-30_153,23.22174056371053,23.39381217956543,22.980507677637853,23.49219298824187,NA,NA,0
Parma unifasciata,-30.01,153.27,2018,5,28,12.5,8,-30_153,23.22174056371053,23.39381217956543,22.980507677637853,23.49219298824187,NA,NA,0
Parma unifasciata,-30.01,153.27,2018,5,28,15,8,-30_153,23.22174056371053,23.39381217956543,22.980507677637853,23.49219298824187,NA,NA,0
Parma unifasciata,-33.82,151.29,2018,4,7,10,1,-34_151,20.616589228312176,22.327646255493164,20.38137288106385,22.58066619237264,NA,NA,0
Parma unifasciata,-33.82,151.29,2018,4,7,15,3,-34_151,20.616589228312176,22.327646255493164,20.38137288106385,22.58066619237264,NA,NA,0
Parma unifasciata,-30.2,153.27,2013,4,26,12.5,52,-30_153,22.966265360514324,24.360939025878903,22.939593657805137,24.573932762145997,2002,Solitary Islands Marine Park,1
Parma unifasciata,-30.2,153.27,2013,4,26,15,76,-30_153,22.966265360514324,24.360939025878903,22.939593657805137,24.573932762145997,2002,Solitary Islands Marine Park,1
Parma unifasciata,-30.2,153.27,2013,4,26,20,40,-30_153,22.966265360514324,24.360939025878903,22.939593657805137,24.573932762145997,2002,Solitary Islands Marine Park,1
Parma unifasciata,-30.2,153.27,2013,4,26,7.5,50,-30_153,22.966265360514324,24.360939025878903,22.939593657805137,24.573932762145997,2002,Solitary Islands Marine Park,1
Parma unifasciata,-30.02,153.27,2013,4,27,10,43,-30_153,22.966265360514324,24.360939025878903,22.939593657805137,24.573932762145997,2002,Solitary Islands Marine Park,1
Parma unifasciata,-30.02,153.27,2013,4,27,12.5,30,-30_153,22.966265360514324,24.360939025878903,22.939593657805137,24.573932762145997,2002,Solitary Islands Marine Park,1
Parma unifasciata,-30.02,153.27,2013,4,27,15,29,-30_153,22.966265360514324,24.360939025878903,22.939593657805137,24.573932762145997,2002,Solitary Islands Marine Park,1
Parma unifasciata,-30.24,153.18,2013,4,28,10,35,-30_153,22.966265360514324,24.360939025878903,22.939593657805137,24.573932762145997,NA,NA,0
Parma unifasciata,-30.24,153.18,2013,4,28,12.5,20,-30_153,22.966265360514324,24.360939025878903,22.939593657805137,24.573932762145997,NA,NA,0
Parma unifasciata,-30.24,153.18,2013,4,28,15,5,-30_153,22.966265360514324,24.360939025878903,22.939593657805137,24.573932762145997,NA,NA,0
Parma unifasciata,-33.84,151.28,2014,3,15,12.5,1,-34_151,20.82452170054118,23.953439712524418,20.786031686481426,23.464354268966183,NA,NA,0
Parma unifasciata,-33.82,151.3,2014,12,7,7.5,1,-34_151,20.82452170054118,22.184375762939453,20.786031686481426,21.52741898259809,NA,NA,0
Parma unifasciata,-33.82,151.3,2014,12,7,12.5,18,-34_151,20.82452170054118,22.184375762939453,20.786031686481426,21.52741898259809,NA,NA,0
Parma unifasciata,-33.82,151.3,2014,12,7,15,5,-34_151,20.82452170054118,22.184375762939453,20.786031686481426,21.52741898259809,NA,NA,0
Parma unifasciata,-33.82,151.3,2014,12,7,5,3,-34_151,20.82452170054118,22.184375762939453,20.786031686481426,21.52741898259809,NA,NA,0
Parma unifasciata,-33.82,151.3,2014,12,7,20,2,-34_151,20.82452170054118,22.184375762939453,20.786031686481426,21.52741898259809,NA,NA,0
Parma unifasciata,-30.2,153.27,2013,4,26,15,6,-30_153,22.966265360514324,24.360939025878903,22.939593657805137,24.573932762145997,2002,Solitary Islands Marine Park,1
Parma unifasciata,-30.2,153.27,2013,4,26,20,5,-30_153,22.966265360514324,24.360939025878903,22.939593657805137,24.573932762145997,2002,Solitary Islands Marine Park,1
Parma unifasciata,-30.2,153.27,2013,4,26,12.5,13,-30_153,22.966265360514324,24.360939025878903,22.939593657805137,24.573932762145997,2002,Solitary Islands Marine Park,1
Parma unifasciata,-30.2,153.27,2013,4,26,15,1,-30_153,22.966265360514324,24.360939025878903,22.939593657805137,24.573932762145997,2002,Solitary Islands Marine Park,1
Parma unifasciata,-30.2,153.27,2013,4,26,10,5,-30_153,22.966265360514324,24.360939025878903,22.939593657805137,24.573932762145997,2002,Solitary Islands Marine Park,1
Parma unifasciata,-30.2,153.27,2013,4,26,12.5,5,-30_153,22.966265360514324,24.360939025878903,22.939593657805137,24.573932762145997,2002,Solitary Islands Marine Park,1
Parma unifasciata,-30.2,153.27,2013,4,26,15,4,-30_153,22.966265360514324,24.360939025878903,22.939593657805137,24.573932762145997,2002,Solitary Islands Marine Park,1
Parma unifasciata,-30.02,153.27,2013,4,27,7.5,1,-30_153,22.966265360514324,24.360939025878903,22.939593657805137,24.573932762145997,2002,Solitary Islands Marine Park,1
Parma unifasciata,-30.02,153.27,2013,4,27,10,5,-30_153,22.966265360514324,24.360939025878903,22.939593657805137,24.573932762145997,2002,Solitary Islands Marine Park,1
Parma unifasciata,-30.02,153.27,2013,4,27,12.5,12,-30_153,22.966265360514324,24.360939025878903,22.939593657805137,24.573932762145997,2002,Solitary Islands Marine Park,1
Parma unifasciata,-30.02,153.27,2013,4,27,15,11,-30_153,22.966265360514324,24.360939025878903,22.939593657805137,24.573932762145997,2002,Solitary Islands Marine Park,1
Parma unifasciata,-30.02,153.27,2013,4,27,12.5,7,-30_153,22.966265360514324,24.360939025878903,22.939593657805137,24.573932762145997,2002,Solitary Islands Marine Park,1
Parma unifasciata,-30.02,153.27,2013,4,27,15,2,-30_153,22.966265360514324,24.360939025878903,22.939593657805137,24.573932762145997,2002,Solitary Islands Marine Park,1
Parma unifasciata,-30.2,153.27,2013,4,26,7.5,1,-30_153,22.966265360514324,24.360939025878903,22.939593657805137,24.573932762145997,2002,Solitary Islands Marine Park,1
Parma unifasciata,-30.2,153.27,2013,4,26,15,4,-30_153,22.966265360514324,24.360939025878903,22.939593657805137,24.573932762145997,2002,Solitary Islands Marine Park,1
Parma unifasciata,-30.2,153.27,2013,4,26,20,3,-30_153,22.966265360514324,24.360939025878903,22.939593657805137,24.573932762145997,2002,Solitary Islands Marine Park,1
Parma unifasciata,-30.2,153.27,2013,4,26,7.5,2,-30_153,22.966265360514324,24.360939025878903,22.939593657805137,24.573932762145997,2002,Solitary Islands Marine Park,1
Parma unifasciata,-30.2,153.27,2013,4,26,10,2,-30_153,22.966265360514324,24.360939025878903,22.939593657805137,24.573932762145997,2002,Solitary Islands Marine Park,1
Parma unifasciata,-30.2,153.27,2013,4,26,12.5,3,-30_153,22.966265360514324,24.360939025878903,22.939593657805137,24.573932762145997,2002,Solitary Islands Marine Park,1
Parma unifasciata,-30.2,153.27,2013,4,26,10,5,-30_153,22.966265360514324,24.360939025878903,22.939593657805137,24.573932762145997,2002,Solitary Islands Marine Park,1
Parma unifasciata,-30.2,153.27,2013,4,26,15,6,-30_153,22.966265360514324,24.360939025878903,22.939593657805137,24.573932762145997,2002,Solitary Islands Marine Park,1
Parma unifasciata,-30.2,153.27,2013,4,26,2.5,1,-30_153,22.966265360514324,24.360939025878903,22.939593657805137,24.573932762145997,2002,Solitary Islands Marine Park,1
Parma unifasciata,-30.2,153.27,2013,4,26,10,2,-30_153,22.966265360514324,24.360939025878903,22.939593657805137,24.573932762145997,2002,Solitary Islands Marine Park,1
Parma unifasciata,-30.2,153.27,2013,4,26,12.5,3,-30_153,22.966265360514324,24.360939025878903,22.939593657805137,24.573932762145997,2002,Solitary Islands Marine Park,1
Parma unifasciata,-30.2,153.27,2013,4,26,15,1,-30_153,22.966265360514324,24.360939025878903,22.939593657805137,24.573932762145997,2002,Solitary Islands Marine Park,1
Parma unifasciata,-30.02,153.27,2013,4,27,15,1,-30_153,22.966265360514324,24.360939025878903,22.939593657805137,24.573932762145997,2002,Solitary Islands Marine Park,1
Parma unifasciata,-30.02,153.27,2013,4,27,20,12,-30_153,22.966265360514324,24.360939025878903,22.939593657805137,24.573932762145997,2002,Solitary Islands Marine Park,1
Parma unifasciata,-30.02,153.27,2013,4,27,25,1,-30_153,22.966265360514324,24.360939025878903,22.939593657805137,24.573932762145997,2002,Solitary Islands Marine Park,1
Parma unifasciata,-30.02,153.27,2013,4,27,12.5,1,-30_153,22.966265360514324,24.360939025878903,22.939593657805137,24.573932762145997,2002,Solitary Islands Marine Park,1
Parma unifasciata,-30.01,153.27,2013,4,27,7.5,2,-30_153,22.966265360514324,24.360939025878903,22.939593657805137,24.573932762145997,NA,NA,0
Parma unifasciata,-30.01,153.27,2013,4,27,12.5,7,-30_153,22.966265360514324,24.360939025878903,22.939593657805137,24.573932762145997,NA,NA,0
Parma unifasciata,-30.01,153.27,2013,4,27,15,4,-30_153,22.966265360514324,24.360939025878903,22.939593657805137,24.573932762145997,NA,NA,0
Parma unifasciata,-30.01,153.27,2013,4,27,10,1,-30_153,22.966265360514324,24.360939025878903,22.939593657805137,24.573932762145997,NA,NA,0
Parma unifasciata,-30.01,153.27,2013,4,27,12.5,1,-30_153,22.966265360514324,24.360939025878903,22.939593657805137,24.573932762145997,NA,NA,0
Parma unifasciata,-30.01,153.27,2013,4,27,15,2,-30_153,22.966265360514324,24.360939025878903,22.939593657805137,24.573932762145997,NA,NA,0
Parma unifasciata,-33.82,151.29,2014,12,7,15,1,-34_151,20.82452170054118,22.184375762939453,20.786031686481426,21.52741898259809,NA,NA,0
Parma unifasciata,-33.82,151.29,2014,12,7,20,5,-34_151,20.82452170054118,22.184375762939453,20.786031686481426,21.52741898259809,NA,NA,0
Parma unifasciata,-33.82,151.29,2014,12,7,25,3,-34_151,20.82452170054118,22.184375762939453,20.786031686481426,21.52741898259809,NA,NA,0
Parma unifasciata,-33.8,151.3,2014,10,8,10,1,-34_151,20.82452170054118,19.49410057067871,20.786031686481426,19.56854792564146,2002,Cabbage Tree Bay Aquatic Reserve,1
Parma unifasciata,-33.8,151.3,2014,10,8,12.5,1,-34_151,20.82452170054118,19.49410057067871,20.786031686481426,19.56854792564146,2002,Cabbage Tree Bay Aquatic Reserve,1
Parma unifasciata,-30.02,153.27,2013,4,27,5,20,-30_153,22.966265360514324,24.360939025878903,22.939593657805137,24.573932762145997,2002,Solitary Islands Marine Park,1
Parma unifasciata,-30.02,153.27,2013,4,27,7.5,20,-30_153,22.966265360514324,24.360939025878903,22.939593657805137,24.573932762145997,2002,Solitary Islands Marine Park,1
Parma unifasciata,-30.02,153.27,2013,4,27,10,20,-30_153,22.966265360514324,24.360939025878903,22.939593657805137,24.573932762145997,2002,Solitary Islands Marine Park,1
Parma unifasciata,-30.02,153.27,2013,4,27,12.5,130,-30_153,22.966265360514324,24.360939025878903,22.939593657805137,24.573932762145997,2002,Solitary Islands Marine Park,1
Parma unifasciata,-30.02,153.27,2013,4,27,5,2,-30_153,22.966265360514324,24.360939025878903,22.939593657805137,24.573932762145997,2002,Solitary Islands Marine Park,1
Parma unifasciata,-30.02,153.27,2013,4,27,7.5,2,-30_153,22.966265360514324,24.360939025878903,22.939593657805137,24.573932762145997,2002,Solitary Islands Marine Park,1
Parma unifasciata,-30.02,153.27,2013,4,27,10,8,-30_153,22.966265360514324,24.360939025878903,22.939593657805137,24.573932762145997,2002,Solitary Islands Marine Park,1
Parma unifasciata,-30.02,153.27,2013,4,27,12.5,7,-30_153,22.966265360514324,24.360939025878903,22.939593657805137,24.573932762145997,2002,Solitary Islands Marine Park,1
Parma unifasciata,-30.02,153.27,2013,4,27,15,7,-30_153,22.966265360514324,24.360939025878903,22.939593657805137,24.573932762145997,2002,Solitary Islands Marine Park,1
Parma unifasciata,-30.02,153.27,2013,4,27,5,30,-30_153,22.966265360514324,24.360939025878903,22.939593657805137,24.573932762145997,2002,Solitary Islands Marine Park,1
Parma unifasciata,-30.02,153.27,2013,4,27,10,20,-30_153,22.966265360514324,24.360939025878903,22.939593657805137,24.573932762145997,2002,Solitary Islands Marine Park,1
Parma unifasciata,-30.02,153.27,2013,4,27,12.5,100,-30_153,22.966265360514324,24.360939025878903,22.939593657805137,24.573932762145997,2002,Solitary Islands Marine Park,1
Parma unifasciata,-30.02,153.27,2013,4,27,15,30,-30_153,22.966265360514324,24.360939025878903,22.939593657805137,24.573932762145997,2002,Solitary Islands Marine Park,1
Parma unifasciata,-33.84,151.28,2014,4,12,15,1,-34_151,20.82452170054118,23.294639587402344,20.786031686481426,23.608249568939208,NA,NA,0
Parma unifasciata,-30.24,153.18,2013,4,28,10,1,-30_153,22.966265360514324,24.360939025878903,22.939593657805137,24.573932762145997,2002,Solitary Islands Marine Park,1
Parma unifasciata,-30.24,153.18,2013,4,28,15,9,-30_153,22.966265360514324,24.360939025878903,22.939593657805137,24.573932762145997,2002,Solitary Islands Marine Park,1
Parma unifasciata,-30.24,153.18,2013,4,28,20,4,-30_153,22.966265360514324,24.360939025878903,22.939593657805137,24.573932762145997,2002,Solitary Islands Marine Park,1
Parma unifasciata,-30.24,153.18,2013,4,28,25,3,-30_153,22.966265360514324,24.360939025878903,22.939593657805137,24.573932762145997,2002,Solitary Islands Marine Park,1
Parma unifasciata,-30.24,153.18,2013,4,28,7.5,3,-30_153,22.966265360514324,24.360939025878903,22.939593657805137,24.573932762145997,2002,Solitary Islands Marine Park,1
Parma unifasciata,-30.24,153.18,2013,4,28,10,7,-30_153,22.966265360514324,24.360939025878903,22.939593657805137,24.573932762145997,2002,Solitary Islands Marine Park,1
Parma unifasciata,-30.24,153.18,2013,4,28,12.5,16,-30_153,22.966265360514324,24.360939025878903,22.939593657805137,24.573932762145997,2002,Solitary Islands Marine Park,1
Parma unifasciata,-30.24,153.18,2013,4,28,15,3,-30_153,22.966265360514324,24.360939025878903,22.939593657805137,24.573932762145997,2002,Solitary Islands Marine Park,1
Parma unifasciata,-33.95,151.26,2018,3,17,10,1,-34_151,20.616589228312176,23.609176635742188,20.38137288106385,24.080563960536832,NA,NA,0
Parma unifasciata,-33.95,151.26,2018,3,17,12.5,7,-34_151,20.616589228312176,23.609176635742188,20.38137288106385,24.080563960536832,NA,NA,0
Parma unifasciata,-33.95,151.26,2018,3,17,15,5,-34_151,20.616589228312176,23.609176635742188,20.38137288106385,24.080563960536832,NA,NA,0
Parma unifasciata,-33.95,151.26,2018,3,17,7.5,2,-34_151,20.616589228312176,23.609176635742188,20.38137288106385,24.080563960536832,NA,NA,0
Parma unifasciata,-33.95,151.26,2018,3,17,10,5,-34_151,20.616589228312176,23.609176635742188,20.38137288106385,24.080563960536832,NA,NA,0
Parma unifasciata,-33.95,151.26,2018,3,17,12.5,6,-34_151,20.616589228312176,23.609176635742188,20.38137288106385,24.080563960536832,NA,NA,0
Parma unifasciata,-33.95,151.26,2018,3,17,15,3,-34_151,20.616589228312176,23.609176635742188,20.38137288106385,24.080563960536832,NA,NA,0
Parma unifasciata,-30.01,153.27,2013,4,27,7.5,3,-30_153,22.966265360514324,24.360939025878903,22.939593657805137,24.573932762145997,NA,NA,0
Parma unifasciata,-30.01,153.27,2013,4,27,10,11,-30_153,22.966265360514324,24.360939025878903,22.939593657805137,24.573932762145997,NA,NA,0
Parma unifasciata,-30.01,153.27,2013,4,27,12.5,14,-30_153,22.966265360514324,24.360939025878903,22.939593657805137,24.573932762145997,NA,NA,0
Parma unifasciata,-30.01,153.27,2013,4,27,15,10,-30_153,22.966265360514324,24.360939025878903,22.939593657805137,24.573932762145997,NA,NA,0
Parma unifasciata,-30.01,153.27,2013,4,27,20,1,-30_153,22.966265360514324,24.360939025878903,22.939593657805137,24.573932762145997,NA,NA,0
Parma unifasciata,-30.01,153.27,2013,4,27,7.5,6,-30_153,22.966265360514324,24.360939025878903,22.939593657805137,24.573932762145997,NA,NA,0
Parma unifasciata,-30.01,153.27,2013,4,27,10,22,-30_153,22.966265360514324,24.360939025878903,22.939593657805137,24.573932762145997,NA,NA,0
Parma unifasciata,-30.01,153.27,2013,4,27,12.5,19,-30_153,22.966265360514324,24.360939025878903,22.939593657805137,24.573932762145997,NA,NA,0
Parma unifasciata,-30.24,153.18,2013,4,28,7.5,1,-30_153,22.966265360514324,24.360939025878903,22.939593657805137,24.573932762145997,2002,Solitary Islands Marine Park,1
Parma unifasciata,-30.24,153.18,2013,4,28,10,2,-30_153,22.966265360514324,24.360939025878903,22.939593657805137,24.573932762145997,2002,Solitary Islands Marine Park,1
Parma unifasciata,-30.24,153.18,2013,4,28,12.5,3,-30_153,22.966265360514324,24.360939025878903,22.939593657805137,24.573932762145997,2002,Solitary Islands Marine Park,1
Parma unifasciata,-30.24,153.18,2013,4,28,15,1,-30_153,22.966265360514324,24.360939025878903,22.939593657805137,24.573932762145997,2002,Solitary Islands Marine Park,1
Parma unifasciata,-30.24,153.18,2013,4,28,10,10,-30_153,22.966265360514324,24.360939025878903,22.939593657805137,24.573932762145997,2002,Solitary Islands Marine Park,1
Parma unifasciata,-30.24,153.18,2013,4,28,12.5,13,-30_153,22.966265360514324,24.360939025878903,22.939593657805137,24.573932762145997,2002,Solitary Islands Marine Park,1
Parma unifasciata,-30.24,153.18,2013,4,28,15,3,-30_153,22.966265360514324,24.360939025878903,22.939593657805137,24.573932762145997,2002,Solitary Islands Marine Park,1
Parma unifasciata,-29.98,153.26,2013,4,27,10,15,-30_153,22.966265360514324,24.360939025878903,22.939593657805137,24.573932762145997,NA,NA,0
Parma unifasciata,-29.98,153.26,2013,4,27,7.5,10,-30_153,22.966265360514324,24.360939025878903,22.939593657805137,24.573932762145997,NA,NA,0
Parma unifasciata,-29.98,153.26,2013,4,27,10,30,-30_153,22.966265360514324,24.360939025878903,22.939593657805137,24.573932762145997,NA,NA,0
Parma unifasciata,-30.24,153.18,2013,4,28,10,30,-30_153,22.966265360514324,24.360939025878903,22.939593657805137,24.573932762145997,NA,NA,0
Parma unifasciata,-30.24,153.18,2013,4,28,12.5,22,-30_153,22.966265360514324,24.360939025878903,22.939593657805137,24.573932762145997,NA,NA,0
Parma unifasciata,-30.24,153.18,2013,4,28,10,26,-30_153,22.966265360514324,24.360939025878903,22.939593657805137,24.573932762145997,NA,NA,0
Parma unifasciata,-30.24,153.18,2013,4,28,12.5,28,-30_153,22.966265360514324,24.360939025878903,22.939593657805137,24.573932762145997,NA,NA,0
Parma unifasciata,-30.01,153.27,2013,4,27,5,4,-30_153,22.966265360514324,24.360939025878903,22.939593657805137,24.573932762145997,NA,NA,0
Parma unifasciata,-30.01,153.27,2013,4,27,7.5,11,-30_153,22.966265360514324,24.360939025878903,22.939593657805137,24.573932762145997,NA,NA,0
Parma unifasciata,-30.01,153.27,2013,4,27,10,32,-30_153,22.966265360514324,24.360939025878903,22.939593657805137,24.573932762145997,NA,NA,0
Parma unifasciata,-30.01,153.27,2013,4,27,12.5,5,-30_153,22.966265360514324,24.360939025878903,22.939593657805137,24.573932762145997,NA,NA,0
Parma unifasciata,-30.01,153.27,2013,4,27,5,2,-30_153,22.966265360514324,24.360939025878903,22.939593657805137,24.573932762145997,NA,NA,0
Parma unifasciata,-30.01,153.27,2013,4,27,10,20,-30_153,22.966265360514324,24.360939025878903,22.939593657805137,24.573932762145997,NA,NA,0
Parma unifasciata,-30.01,153.27,2013,4,27,12.5,20,-30_153,22.966265360514324,24.360939025878903,22.939593657805137,24.573932762145997,NA,NA,0
Parma unifasciata,-30.2,153.27,2013,4,26,12.5,2,-30_153,22.966265360514324,24.360939025878903,22.939593657805137,24.573932762145997,NA,NA,0
Parma unifasciata,-30.2,153.27,2013,4,26,15,8,-30_153,22.966265360514324,24.360939025878903,22.939593657805137,24.573932762145997,NA,NA,0
Parma unifasciata,-30.2,153.27,2013,4,26,20,7,-30_153,22.966265360514324,24.360939025878903,22.939593657805137,24.573932762145997,NA,NA,0
Parma unifasciata,-30.2,153.27,2013,4,26,25,1,-30_153,22.966265360514324,24.360939025878903,22.939593657805137,24.573932762145997,NA,NA,0
Parma unifasciata,-30.2,153.27,2013,4,26,2.5,8,-30_153,22.966265360514324,24.360939025878903,22.939593657805137,24.573932762145997,NA,NA,0
Parma unifasciata,-30.2,153.27,2013,4,26,5,1,-30_153,22.966265360514324,24.360939025878903,22.939593657805137,24.573932762145997,NA,NA,0
Parma unifasciata,-30.2,153.27,2013,4,26,7.5,5,-30_153,22.966265360514324,24.360939025878903,22.939593657805137,24.573932762145997,NA,NA,0
Parma unifasciata,-30.2,153.27,2013,4,26,10,10,-30_153,22.966265360514324,24.360939025878903,22.939593657805137,24.573932762145997,NA,NA,0
Parma unifasciata,-32.71,152.16,2018,8,5,7.5,3,-33_152,21.402117252349854,17.94134521484375,20.990371204530405,17.520725398935298,1983,Fly Point-Halifax Park,1
Parma unifasciata,-32.71,152.16,2018,8,5,10,5,-33_152,21.402117252349854,17.94134521484375,20.990371204530405,17.520725398935298,1983,Fly Point-Halifax Park,1
Parma unifasciata,-32.71,152.16,2018,8,5,12.5,2,-33_152,21.402117252349854,17.94134521484375,20.990371204530405,17.520725398935298,1983,Fly Point-Halifax Park,1
Parma unifasciata,-32.72,152.14,2018,11,25,2.5,2,-33_152,21.402117252349854,21.269216537475582,20.990371204530405,20.74758285946316,NA,NA,0
Parma unifasciata,-32.72,152.14,2018,11,25,5,1,-33_152,21.402117252349854,21.269216537475582,20.990371204530405,20.74758285946316,NA,NA,0
Parma unifasciata,-32.72,152.14,2018,11,25,7.5,3,-33_152,21.402117252349854,21.269216537475582,20.990371204530405,20.74758285946316,NA,NA,0
Parma unifasciata,-32.72,152.14,2018,11,25,2.5,3,-33_152,21.402117252349854,21.269216537475582,20.990371204530405,20.74758285946316,NA,NA,0
Parma unifasciata,-32.72,152.14,2018,11,25,7.5,2,-33_152,21.402117252349854,21.269216537475582,20.990371204530405,20.74758285946316,NA,NA,0
Parma unifasciata,-32.71,152.16,2018,8,5,7.5,2,-33_152,21.402117252349854,17.94134521484375,20.990371204530405,17.520725398935298,1983,Fly Point-Halifax Park,1
Parma unifasciata,-32.71,152.16,2018,8,5,10,2,-33_152,21.402117252349854,17.94134521484375,20.990371204530405,17.520725398935298,1983,Fly Point-Halifax Park,1
Parma unifasciata,-32.71,152.16,2019,2,9,12.5,2,-33_152,21.577637672424316,24.467557907104492,21.50456922728874,24.282172061148145,1983,Fly Point-Halifax Park,1
Parma unifasciata,-32.71,152.16,2018,8,5,5,1,-33_152,21.402117252349854,17.94134521484375,20.990371204530405,17.520725398935298,1983,Fly Point-Halifax Park,1
Parma unifasciata,-32.71,152.15,2018,10,27,7.5,2,-33_152,21.402117252349854,20.460947036743164,20.990371204530405,20.0220694849568,1983,Fly Point-Halifax Park,1
Parma unifasciata,-32.71,152.15,2018,10,27,7.5,1,-33_152,21.402117252349854,20.460947036743164,20.990371204530405,20.0220694849568,1983,Fly Point-Halifax Park,1
Parma unifasciata,-32.71,152.15,2018,7,29,5,2,-33_152,21.402117252349854,18.56777000427246,20.990371204530405,18.303574844073225,1983,Fly Point-Halifax Park,1
Parma unifasciata,-32.71,152.15,2018,7,29,7.5,2,-33_152,21.402117252349854,18.56777000427246,20.990371204530405,18.303574844073225,1983,Fly Point-Halifax Park,1
Parma unifasciata,-32.79,152.11,2019,5,11,5,2,-33_152,21.577637672424316,21.956663131713867,21.50456922728874,22.877553252763647,NA,NA,0
Parma unifasciata,-32.79,152.11,2019,5,11,10,1,-33_152,21.577637672424316,21.956663131713867,21.50456922728874,22.877553252763647,NA,NA,0
Parma unifasciata,-32.71,152.16,2018,8,5,7.5,1,-33_152,21.402117252349854,17.94134521484375,20.990371204530405,17.520725398935298,1983,Fly Point-Halifax Park,1
Parma unifasciata,-32.71,152.16,2018,8,5,10,3,-33_152,21.402117252349854,17.94134521484375,20.990371204530405,17.520725398935298,1983,Fly Point-Halifax Park,1
Parma unifasciata,-32.71,152.16,2018,8,5,12.5,3,-33_152,21.402117252349854,17.94134521484375,20.990371204530405,17.520725398935298,1983,Fly Point-Halifax Park,1
Parma unifasciata,-32.69,152.22,2019,5,10,12.5,5,-33_152,21.577637672424316,21.956663131713867,21.50456922728874,22.877553252763647,NA,NA,0
Parma unifasciata,-32.69,152.22,2019,5,10,15,2,-33_152,21.577637672424316,21.956663131713867,21.50456922728874,22.877553252763647,NA,NA,0
Parma unifasciata,-32.71,152.15,2019,5,12,7.5,2,-33_152,21.577637672424316,21.956663131713867,21.50456922728874,22.877553252763647,1983,Fly Point-Halifax Park,1
Parma unifasciata,-32.71,152.15,2019,5,12,10,1,-33_152,21.577637672424316,21.956663131713867,21.50456922728874,22.877553252763647,1983,Fly Point-Halifax Park,1
Parma unifasciata,-32.71,152.15,2019,5,12,7.5,1,-33_152,21.577637672424316,21.956663131713867,21.50456922728874,22.877553252763647,1983,Fly Point-Halifax Park,1
Parma unifasciata,-32.71,152.16,2019,5,5,10,1,-33_152,21.577637672424316,21.956663131713867,21.50456922728874,22.877553252763647,1983,Fly Point-Halifax Park,1
Parma unifasciata,-32.69,152.22,2019,5,10,5,2,-33_152,21.577637672424316,21.956663131713867,21.50456922728874,22.877553252763647,NA,NA,0
Parma unifasciata,-32.69,152.22,2019,5,10,7.5,3,-33_152,21.577637672424316,21.956663131713867,21.50456922728874,22.877553252763647,NA,NA,0
Parma unifasciata,-32.69,152.22,2019,5,10,10,2,-33_152,21.577637672424316,21.956663131713867,21.50456922728874,22.877553252763647,NA,NA,0
Parma unifasciata,-32.69,152.22,2019,5,10,12.5,1,-33_152,21.577637672424316,21.956663131713867,21.50456922728874,22.877553252763647,NA,NA,0
Parma unifasciata,-32.69,152.22,2019,5,10,10,8,-33_152,21.577637672424316,21.956663131713867,21.50456922728874,22.877553252763647,NA,NA,0
Parma unifasciata,-32.74,152.19,2019,5,10,5,20,-33_152,21.577637672424316,21.956663131713867,21.50456922728874,22.877553252763647,NA,NA,0
Parma unifasciata,-32.74,152.19,2019,5,10,7.5,31,-33_152,21.577637672424316,21.956663131713867,21.50456922728874,22.877553252763647,NA,NA,0
Parma unifasciata,-32.74,152.19,2019,5,10,10,25,-33_152,21.577637672424316,21.956663131713867,21.50456922728874,22.877553252763647,NA,NA,0
Parma unifasciata,-32.74,152.19,2019,5,10,12.5,3,-33_152,21.577637672424316,21.956663131713867,21.50456922728874,22.877553252763647,NA,NA,0
Parma unifasciata,-32.74,152.19,2019,5,10,15,3,-33_152,21.577637672424316,21.956663131713867,21.50456922728874,22.877553252763647,NA,NA,0
Parma unifasciata,-32.74,152.19,2019,5,10,5,1,-33_152,21.577637672424316,21.956663131713867,21.50456922728874,22.877553252763647,NA,NA,0
Parma unifasciata,-32.74,152.19,2019,5,10,7.5,5,-33_152,21.577637672424316,21.956663131713867,21.50456922728874,22.877553252763647,NA,NA,0
Parma unifasciata,-32.74,152.19,2019,5,10,10,7,-33_152,21.577637672424316,21.956663131713867,21.50456922728874,22.877553252763647,NA,NA,0
Parma unifasciata,-32.79,152.11,2019,5,11,7.5,1,-33_152,21.577637672424316,21.956663131713867,21.50456922728874,22.877553252763647,NA,NA,0
Parma unifasciata,-32.71,152.15,2019,5,12,5,1,-33_152,21.577637672424316,21.956663131713867,21.50456922728874,22.877553252763647,1983,Fly Point-Halifax Park,1
Parma unifasciata,-32.71,152.15,2019,5,12,7.5,1,-33_152,21.577637672424316,21.956663131713867,21.50456922728874,22.877553252763647,1983,Fly Point-Halifax Park,1
Parma unifasciata,-32.71,152.15,2019,5,12,10,1,-33_152,21.577637672424316,21.956663131713867,21.50456922728874,22.877553252763647,1983,Fly Point-Halifax Park,1
Parma unifasciata,-32.71,152.15,2019,5,12,12.5,1,-33_152,21.577637672424316,21.956663131713867,21.50456922728874,22.877553252763647,1983,Fly Point-Halifax Park,1
Parma unifasciata,-32.71,152.16,2019,5,5,5,2,-33_152,21.577637672424316,21.956663131713867,21.50456922728874,22.877553252763647,1983,Fly Point-Halifax Park,1
Parma unifasciata,-32.71,152.16,2019,5,10,5,1,-33_152,21.577637672424316,21.956663131713867,21.50456922728874,22.877553252763647,1983,Fly Point-Halifax Park,1
Parma unifasciata,-32.71,152.16,2019,5,10,7.5,1,-33_152,21.577637672424316,21.956663131713867,21.50456922728874,22.877553252763647,1983,Fly Point-Halifax Park,1
Parma unifasciata,-32.74,152.19,2019,5,10,15,10,-33_152,21.577637672424316,21.956663131713867,21.50456922728874,22.877553252763647,NA,NA,0
Parma unifasciata,-32.74,152.19,2019,5,10,20,7,-33_152,21.577637672424316,21.956663131713867,21.50456922728874,22.877553252763647,NA,NA,0
Parma unifasciata,-32.74,152.19,2019,5,10,10,22,-33_152,21.577637672424316,21.956663131713867,21.50456922728874,22.877553252763647,NA,NA,0
Parma unifasciata,-32.74,152.19,2019,5,10,12.5,28,-33_152,21.577637672424316,21.956663131713867,21.50456922728874,22.877553252763647,NA,NA,0
Parma unifasciata,-32.72,152.14,2019,5,12,10,1,-33_152,21.577637672424316,21.956663131713867,21.50456922728874,22.877553252763647,NA,NA,0
Parma unifasciata,-32.69,152.22,2019,5,10,5,3,-33_152,21.577637672424316,21.956663131713867,21.50456922728874,22.877553252763647,NA,NA,0
Parma unifasciata,-32.69,152.22,2019,5,10,10,3,-33_152,21.577637672424316,21.956663131713867,21.50456922728874,22.877553252763647,NA,NA,0
Parma unifasciata,-32.69,152.22,2019,5,10,5,1,-33_152,21.577637672424316,21.956663131713867,21.50456922728874,22.877553252763647,NA,NA,0
Parma unifasciata,-32.69,152.22,2019,5,10,7.5,3,-33_152,21.577637672424316,21.956663131713867,21.50456922728874,22.877553252763647,NA,NA,0
Parma unifasciata,-32.69,152.22,2019,5,10,10,2,-33_152,21.577637672424316,21.956663131713867,21.50456922728874,22.877553252763647,NA,NA,0
Parma unifasciata,-32.69,152.22,2019,5,10,12.5,4,-33_152,21.577637672424316,21.956663131713867,21.50456922728874,22.877553252763647,NA,NA,0
Parma unifasciata,-32.71,152.16,2019,5,10,12.5,3,-33_152,21.577637672424316,21.956663131713867,21.50456922728874,22.877553252763647,1983,Fly Point-Halifax Park,1
Parma unifasciata,-32.71,152.16,2019,5,10,15,20,-33_152,21.577637672424316,21.956663131713867,21.50456922728874,22.877553252763647,1983,Fly Point-Halifax Park,1
Parma unifasciata,-32.69,152.22,2019,5,10,5,2,-33_152,21.577637672424316,21.956663131713867,21.50456922728874,22.877553252763647,NA,NA,0
Parma unifasciata,-32.69,152.22,2019,5,10,7.5,4,-33_152,21.577637672424316,21.956663131713867,21.50456922728874,22.877553252763647,NA,NA,0
Parma unifasciata,-32.69,152.22,2019,5,10,10,1,-33_152,21.577637672424316,21.956663131713867,21.50456922728874,22.877553252763647,NA,NA,0
Parma unifasciata,-32.69,152.22,2019,5,10,7.5,2,-33_152,21.577637672424316,21.956663131713867,21.50456922728874,22.877553252763647,NA,NA,0
Parma unifasciata,-32.69,152.22,2019,5,10,12.5,1,-33_152,21.577637672424316,21.956663131713867,21.50456922728874,22.877553252763647,NA,NA,0
Parma unifasciata,-32.74,152.19,2019,5,10,5,1,-33_152,21.577637672424316,21.956663131713867,21.50456922728874,22.877553252763647,NA,NA,0
Parma unifasciata,-32.74,152.19,2019,5,10,7.5,5,-33_152,21.577637672424316,21.956663131713867,21.50456922728874,22.877553252763647,NA,NA,0
Parma unifasciata,-32.74,152.19,2019,5,10,10,10,-33_152,21.577637672424316,21.956663131713867,21.50456922728874,22.877553252763647,NA,NA,0
Parma unifasciata,-32.74,152.19,2019,5,10,5,2,-33_152,21.577637672424316,21.956663131713867,21.50456922728874,22.877553252763647,NA,NA,0
Parma unifasciata,-32.74,152.19,2019,5,10,7.5,2,-33_152,21.577637672424316,21.956663131713867,21.50456922728874,22.877553252763647,NA,NA,0
Parma unifasciata,-32.74,152.19,2019,5,10,12.5,10,-33_152,21.577637672424316,21.956663131713867,21.50456922728874,22.877553252763647,NA,NA,0
Parma unifasciata,-32.74,152.19,2019,5,10,15,5,-33_152,21.577637672424316,21.956663131713867,21.50456922728874,22.877553252763647,NA,NA,0
Parma unifasciata,-32.71,152.16,2019,5,11,10,1,-33_152,21.577637672424316,21.956663131713867,21.50456922728874,22.877553252763647,1983,Fly Point-Halifax Park,1
Parma unifasciata,-32.71,152.16,2019,5,11,12.5,1,-33_152,21.577637672424316,21.956663131713867,21.50456922728874,22.877553252763647,1983,Fly Point-Halifax Park,1
Parma unifasciata,-32.71,152.16,2019,5,10,7.5,2,-33_152,21.577637672424316,21.956663131713867,21.50456922728874,22.877553252763647,1983,Fly Point-Halifax Park,1
Parma unifasciata,-32.71,152.16,2019,5,10,10,1,-33_152,21.577637672424316,21.956663131713867,21.50456922728874,22.877553252763647,1983,Fly Point-Halifax Park,1
Parma unifasciata,-33.81,151.31,2019,3,2,5,3,-34_151,20.84144163131714,23.916156768798828,21.110917770883944,24.512580087107995,NA,NA,0
Parma unifasciata,-33.81,151.31,2019,3,2,7.5,2,-34_151,20.84144163131714,23.916156768798828,21.110917770883944,24.512580087107995,NA,NA,0
Parma unifasciata,-33.81,151.31,2019,3,2,10,1,-34_151,20.84144163131714,23.916156768798828,21.110917770883944,24.512580087107995,NA,NA,0
Parma unifasciata,-33.81,151.31,2019,3,2,5,1,-34_151,20.84144163131714,23.916156768798828,21.110917770883944,24.512580087107995,NA,NA,0
Parma unifasciata,-33.81,151.31,2019,3,2,7.5,3,-34_151,20.84144163131714,23.916156768798828,21.110917770883944,24.512580087107995,NA,NA,0
Parma unifasciata,-33.81,151.31,2019,3,2,10,2,-34_151,20.84144163131714,23.916156768798828,21.110917770883944,24.512580087107995,NA,NA,0
Parma unifasciata,-33.81,151.31,2019,3,2,12.5,1,-34_151,20.84144163131714,23.916156768798828,21.110917770883944,24.512580087107995,NA,NA,0
Parma unifasciata,-33.82,151.3,2019,3,3,2.5,2,-34_151,20.84144163131714,23.916156768798828,21.110917770883944,24.512580087107995,NA,NA,0
Parma unifasciata,-33.82,151.3,2019,3,3,5,30,-34_151,20.84144163131714,23.916156768798828,21.110917770883944,24.512580087107995,NA,NA,0
Parma unifasciata,-33.82,151.3,2019,3,3,7.5,20,-34_151,20.84144163131714,23.916156768798828,21.110917770883944,24.512580087107995,NA,NA,0
Parma unifasciata,-33.82,151.3,2019,3,3,10,10,-34_151,20.84144163131714,23.916156768798828,21.110917770883944,24.512580087107995,NA,NA,0
Parma unifasciata,-33.82,151.3,2019,3,3,5,10,-34_151,20.84144163131714,23.916156768798828,21.110917770883944,24.512580087107995,NA,NA,0
Parma unifasciata,-33.82,151.3,2019,3,3,10,30,-34_151,20.84144163131714,23.916156768798828,21.110917770883944,24.512580087107995,NA,NA,0
Parma unifasciata,-33.82,151.3,2019,3,3,12.5,10,-34_151,20.84144163131714,23.916156768798828,21.110917770883944,24.512580087107995,NA,NA,0
Parma unifasciata,-33.82,151.3,2019,3,3,15,1,-34_151,20.84144163131714,23.916156768798828,21.110917770883944,24.512580087107995,NA,NA,0
Parma unifasciata,-33.82,151.29,2019,3,3,7.5,2,-34_151,20.84144163131714,23.916156768798828,21.110917770883944,24.512580087107995,NA,NA,0
Parma unifasciata,-32.79,152.11,2019,5,11,7.5,1,-33_152,21.577637672424316,21.956663131713867,21.50456922728874,22.877553252763647,NA,NA,0
Parma unifasciata,-33.84,151.28,2019,3,2,12.5,2,-34_151,20.84144163131714,23.916156768798828,21.110917770883944,24.512580087107995,NA,NA,0
Parma unifasciata,-33.84,151.28,2019,3,2,20,2,-34_151,20.84144163131714,23.916156768798828,21.110917770883944,24.512580087107995,NA,NA,0
Parma unifasciata,-33.84,151.28,2019,3,2,25,1,-34_151,20.84144163131714,23.916156768798828,21.110917770883944,24.512580087107995,NA,NA,0
Parma unifasciata,-33.82,151.3,2019,3,3,10,1,-34_151,20.84144163131714,23.916156768798828,21.110917770883944,24.512580087107995,NA,NA,0
Parma unifasciata,-33.82,151.3,2019,3,3,12.5,2,-34_151,20.84144163131714,23.916156768798828,21.110917770883944,24.512580087107995,NA,NA,0
Parma unifasciata,-33.82,151.3,2019,3,3,15,16,-34_151,20.84144163131714,23.916156768798828,21.110917770883944,24.512580087107995,NA,NA,0
Parma unifasciata,-33.82,151.3,2019,3,3,20,9,-34_151,20.84144163131714,23.916156768798828,21.110917770883944,24.512580087107995,NA,NA,0
Parma unifasciata,-33.82,151.3,2019,3,3,7.5,2,-34_151,20.84144163131714,23.916156768798828,21.110917770883944,24.512580087107995,NA,NA,0
Parma unifasciata,-33.82,151.3,2019,3,3,12.5,9,-34_151,20.84144163131714,23.916156768798828,21.110917770883944,24.512580087107995,NA,NA,0
Parma unifasciata,-33.82,151.3,2019,3,3,15,7,-34_151,20.84144163131714,23.916156768798828,21.110917770883944,24.512580087107995,NA,NA,0
Parma unifasciata,-33.82,151.3,2019,3,3,20,15,-34_151,20.84144163131714,23.916156768798828,21.110917770883944,24.512580087107995,NA,NA,0
Parma unifasciata,-33.82,151.29,2019,3,3,5,5,-34_151,20.84144163131714,23.916156768798828,21.110917770883944,24.512580087107995,NA,NA,0
Parma unifasciata,-33.82,151.29,2019,3,3,7.5,3,-34_151,20.84144163131714,23.916156768798828,21.110917770883944,24.512580087107995,NA,NA,0
Parma unifasciata,-33.82,151.29,2019,3,3,10,1,-34_151,20.84144163131714,23.916156768798828,21.110917770883944,24.512580087107995,NA,NA,0
Parma unifasciata,-33.82,151.29,2019,3,3,12.5,5,-34_151,20.84144163131714,23.916156768798828,21.110917770883944,24.512580087107995,NA,NA,0
Parma unifasciata,-33.82,151.29,2019,3,3,15,1,-34_151,20.84144163131714,23.916156768798828,21.110917770883944,24.512580087107995,NA,NA,0
Parma unifasciata,-33.82,151.29,2019,3,3,20,2,-34_151,20.84144163131714,23.916156768798828,21.110917770883944,24.512580087107995,NA,NA,0
Parma unifasciata,-33.82,151.29,2019,3,3,7.5,1,-34_151,20.84144163131714,23.916156768798828,21.110917770883944,24.512580087107995,NA,NA,0
Parma unifasciata,-33.82,151.29,2019,3,3,12.5,1,-34_151,20.84144163131714,23.916156768798828,21.110917770883944,24.512580087107995,NA,NA,0
Parma unifasciata,-33.83,151.27,2019,3,3,10,2,-34_151,20.84144163131714,23.916156768798828,21.110917770883944,24.512580087107995,NA,NA,0
Parma unifasciata,-33.83,151.27,2019,3,3,12.5,2,-34_151,20.84144163131714,23.916156768798828,21.110917770883944,24.512580087107995,NA,NA,0
Parma unifasciata,-33.83,151.27,2019,3,3,20,3,-34_151,20.84144163131714,23.916156768798828,21.110917770883944,24.512580087107995,NA,NA,0
Parma unifasciata,-33.81,151.31,2019,3,2,12.5,10,-34_151,20.84144163131714,23.916156768798828,21.110917770883944,24.512580087107995,NA,NA,0
Parma unifasciata,-33.81,151.31,2019,3,2,15,5,-34_151,20.84144163131714,23.916156768798828,21.110917770883944,24.512580087107995,NA,NA,0
Parma unifasciata,-33.81,151.31,2019,3,2,20,20,-34_151,20.84144163131714,23.916156768798828,21.110917770883944,24.512580087107995,NA,NA,0
Parma unifasciata,-33.81,151.31,2019,3,2,12.5,15,-34_151,20.84144163131714,23.916156768798828,21.110917770883944,24.512580087107995,NA,NA,0
Parma unifasciata,-33.81,151.31,2019,3,2,15,10,-34_151,20.84144163131714,23.916156768798828,21.110917770883944,24.512580087107995,NA,NA,0
Parma unifasciata,-33.81,151.31,2019,3,2,20,10,-34_151,20.84144163131714,23.916156768798828,21.110917770883944,24.512580087107995,NA,NA,0
Parma unifasciata,-33.82,151.29,2019,3,2,20,20,-34_151,20.84144163131714,23.916156768798828,21.110917770883944,24.512580087107995,NA,NA,0
Parma unifasciata,-33.82,151.29,2019,3,2,15,10,-34_151,20.84144163131714,23.916156768798828,21.110917770883944,24.512580087107995,NA,NA,0
Parma unifasciata,-33.82,151.29,2019,3,2,20,10,-34_151,20.84144163131714,23.916156768798828,21.110917770883944,24.512580087107995,NA,NA,0
Parma unifasciata,-33.82,151.29,2019,3,2,25,10,-34_151,20.84144163131714,23.916156768798828,21.110917770883944,24.512580087107995,NA,NA,0
Parma unifasciata,-33.92,151.27,2019,3,9,15,2,-34_151,20.84144163131714,23.916156768798828,21.110917770883944,24.512580087107995,NA,NA,0
Parma unifasciata,-33.92,151.27,2019,3,9,20,1,-34_151,20.84144163131714,23.916156768798828,21.110917770883944,24.512580087107995,NA,NA,0
Parma unifasciata,-33.92,151.27,2019,3,9,15,3,-34_151,20.84144163131714,23.916156768798828,21.110917770883944,24.512580087107995,NA,NA,0
Parma unifasciata,-33.81,151.31,2019,3,2,2.5,5,-34_151,20.84144163131714,23.916156768798828,21.110917770883944,24.512580087107995,NA,NA,0
Parma unifasciata,-33.81,151.31,2019,3,2,5,5,-34_151,20.84144163131714,23.916156768798828,21.110917770883944,24.512580087107995,NA,NA,0
Parma unifasciata,-33.81,151.31,2019,3,2,7.5,5,-34_151,20.84144163131714,23.916156768798828,21.110917770883944,24.512580087107995,NA,NA,0
Parma unifasciata,-33.81,151.31,2019,3,2,10,5,-34_151,20.84144163131714,23.916156768798828,21.110917770883944,24.512580087107995,NA,NA,0
Parma unifasciata,-33.81,151.31,2019,3,2,12.5,5,-34_151,20.84144163131714,23.916156768798828,21.110917770883944,24.512580087107995,NA,NA,0
Parma unifasciata,-33.81,151.31,2019,3,2,15,5,-34_151,20.84144163131714,23.916156768798828,21.110917770883944,24.512580087107995,NA,NA,0
Parma unifasciata,-33.82,151.29,2019,3,2,2.5,10,-34_151,20.84144163131714,23.916156768798828,21.110917770883944,24.512580087107995,NA,NA,0
Parma unifasciata,-33.82,151.29,2019,3,2,5,10,-34_151,20.84144163131714,23.916156768798828,21.110917770883944,24.512580087107995,NA,NA,0
Parma unifasciata,-33.82,151.29,2019,3,2,7.5,10,-34_151,20.84144163131714,23.916156768798828,21.110917770883944,24.512580087107995,NA,NA,0
Parma unifasciata,-33.82,151.29,2019,3,2,10,10,-34_151,20.84144163131714,23.916156768798828,21.110917770883944,24.512580087107995,NA,NA,0
Parma unifasciata,-33.82,151.29,2019,3,2,12.5,10,-34_151,20.84144163131714,23.916156768798828,21.110917770883944,24.512580087107995,NA,NA,0
Parma unifasciata,-33.82,151.29,2019,3,2,15,10,-34_151,20.84144163131714,23.916156768798828,21.110917770883944,24.512580087107995,NA,NA,0
Parma unifasciata,-33.82,151.3,2019,3,3,7.5,10,-34_151,20.84144163131714,23.916156768798828,21.110917770883944,24.512580087107995,NA,NA,0
Parma unifasciata,-33.82,151.3,2019,3,3,10,20,-34_151,20.84144163131714,23.916156768798828,21.110917770883944,24.512580087107995,NA,NA,0
Parma unifasciata,-33.82,151.3,2019,3,3,12.5,20,-34_151,20.84144163131714,23.916156768798828,21.110917770883944,24.512580087107995,NA,NA,0
Parma unifasciata,-33.82,151.3,2019,3,3,15,20,-34_151,20.84144163131714,23.916156768798828,21.110917770883944,24.512580087107995,NA,NA,0
Parma unifasciata,-33.82,151.29,2019,3,3,5,3,-34_151,20.84144163131714,23.916156768798828,21.110917770883944,24.512580087107995,NA,NA,0
Parma unifasciata,-33.82,151.29,2019,3,3,7.5,3,-34_151,20.84144163131714,23.916156768798828,21.110917770883944,24.512580087107995,NA,NA,0
Parma unifasciata,-33.82,151.29,2019,3,3,10,2,-34_151,20.84144163131714,23.916156768798828,21.110917770883944,24.512580087107995,NA,NA,0
Parma unifasciata,-33.82,151.29,2019,3,3,12.5,2,-34_151,20.84144163131714,23.916156768798828,21.110917770883944,24.512580087107995,NA,NA,0
Parma unifasciata,-33.82,151.29,2019,3,3,15,2,-34_151,20.84144163131714,23.916156768798828,21.110917770883944,24.512580087107995,NA,NA,0
Parma unifasciata,-34.07,151.13,2019,3,5,12.5,1,-34_151,20.84144163131714,23.916156768798828,21.110917770883944,24.512580087107995,1982,Shiprock Aquatic Reserve,1
Parma unifasciata,-32.71,152.16,2017,1,29,7.5,2,-33_152,21.88280153274536,24.26653289794922,21.674367571668547,23.74881669013731,1983,Fly Point-Halifax Park,1
Parma unifasciata,-32.71,152.16,2017,1,29,10,1,-33_152,21.88280153274536,24.26653289794922,21.674367571668547,23.74881669013731,1983,Fly Point-Halifax Park,1
Parma unifasciata,-32.62,152.33,2018,5,18,10,3,-33_152,21.402117252349854,21.891050338745117,20.990371204530405,21.487203751840894,2007,Port Stephens Great Lake Marine Park,1
Parma unifasciata,-32.62,152.33,2018,5,18,12.5,3,-33_152,21.402117252349854,21.891050338745117,20.990371204530405,21.487203751840894,2007,Port Stephens Great Lake Marine Park,1
Parma unifasciata,-32.62,152.33,2018,5,18,15,6,-33_152,21.402117252349854,21.891050338745117,20.990371204530405,21.487203751840894,2007,Port Stephens Great Lake Marine Park,1
Parma unifasciata,-32.62,152.33,2018,5,18,20,6,-33_152,21.402117252349854,21.891050338745117,20.990371204530405,21.487203751840894,2007,Port Stephens Great Lake Marine Park,1
Parma unifasciata,-32.62,152.33,2018,5,18,12.5,9,-33_152,21.402117252349854,21.891050338745117,20.990371204530405,21.487203751840894,2007,Port Stephens Great Lake Marine Park,1
Parma unifasciata,-32.62,152.33,2018,5,18,15,5,-33_152,21.402117252349854,21.891050338745117,20.990371204530405,21.487203751840894,2007,Port Stephens Great Lake Marine Park,1
Parma unifasciata,-32.62,152.33,2018,5,18,15,5,-33_152,21.402117252349854,21.891050338745117,20.990371204530405,21.487203751840894,2007,Port Stephens Great Lake Marine Park,1
Parma unifasciata,-32.62,152.33,2018,5,18,20,1,-33_152,21.402117252349854,21.891050338745117,20.990371204530405,21.487203751840894,2007,Port Stephens Great Lake Marine Park,1
Parma unifasciata,-32.62,152.33,2018,5,18,12.5,7,-33_152,21.402117252349854,21.891050338745117,20.990371204530405,21.487203751840894,2007,Port Stephens Great Lake Marine Park,1
Parma unifasciata,-32.62,152.33,2018,5,18,15,3,-33_152,21.402117252349854,21.891050338745117,20.990371204530405,21.487203751840894,2007,Port Stephens Great Lake Marine Park,1
Parma unifasciata,-32.6,152.32,2018,5,18,12.5,8,-33_152,21.402117252349854,21.891050338745117,20.990371204530405,21.487203751840894,NA,NA,0
Parma unifasciata,-32.6,152.32,2018,5,18,12.5,2,-33_152,21.402117252349854,21.891050338745117,20.990371204530405,21.487203751840894,NA,NA,0
Parma unifasciata,-32.71,152.16,2018,5,19,15,1,-33_152,21.402117252349854,21.891050338745117,20.990371204530405,21.487203751840894,1983,Fly Point-Halifax Park,1
Parma unifasciata,-32.62,152.33,2018,5,18,5,1,-33_152,21.402117252349854,21.891050338745117,20.990371204530405,21.487203751840894,2007,Port Stephens Great Lake Marine Park,1
Parma unifasciata,-32.62,152.33,2018,5,18,10,15,-33_152,21.402117252349854,21.891050338745117,20.990371204530405,21.487203751840894,2007,Port Stephens Great Lake Marine Park,1
Parma unifasciata,-32.62,152.33,2018,5,18,12.5,10,-33_152,21.402117252349854,21.891050338745117,20.990371204530405,21.487203751840894,2007,Port Stephens Great Lake Marine Park,1
Parma unifasciata,-32.62,152.33,2018,5,18,7.5,1,-33_152,21.402117252349854,21.891050338745117,20.990371204530405,21.487203751840894,2007,Port Stephens Great Lake Marine Park,1
Parma unifasciata,-32.62,152.33,2018,5,18,10,4,-33_152,21.402117252349854,21.891050338745117,20.990371204530405,21.487203751840894,2007,Port Stephens Great Lake Marine Park,1
Parma unifasciata,-32.62,152.33,2018,5,18,12.5,4,-33_152,21.402117252349854,21.891050338745117,20.990371204530405,21.487203751840894,2007,Port Stephens Great Lake Marine Park,1
Parma unifasciata,-32.71,152.16,2018,5,19,5,1,-33_152,21.402117252349854,21.891050338745117,20.990371204530405,21.487203751840894,1983,Fly Point-Halifax Park,1
Parma unifasciata,-32.71,152.16,2018,5,19,7.5,4,-33_152,21.402117252349854,21.891050338745117,20.990371204530405,21.487203751840894,1983,Fly Point-Halifax Park,1
Parma unifasciata,-32.71,152.16,2018,5,19,10,3,-33_152,21.402117252349854,21.891050338745117,20.990371204530405,21.487203751840894,1983,Fly Point-Halifax Park,1
Parma unifasciata,-32.72,152.14,2018,5,20,10,1,-33_152,21.402117252349854,21.891050338745117,20.990371204530405,21.487203751840894,NA,NA,0
Parma unifasciata,-32.72,152.14,2018,5,20,12.5,1,-33_152,21.402117252349854,21.891050338745117,20.990371204530405,21.487203751840894,NA,NA,0
Parma unifasciata,-32.72,152.15,2018,5,21,7.5,1,-33_152,21.402117252349854,21.891050338745117,20.990371204530405,21.487203751840894,NA,NA,0
Parma unifasciata,-32.72,152.14,2018,5,20,5,1,-33_152,21.402117252349854,21.891050338745117,20.990371204530405,21.487203751840894,NA,NA,0
Parma unifasciata,-32.71,152.15,2018,5,21,12.5,1,-33_152,21.402117252349854,21.891050338745117,20.990371204530405,21.487203751840894,1983,Fly Point-Halifax Park,1
Parma unifasciata,-32.71,152.15,2018,5,21,15,1,-33_152,21.402117252349854,21.891050338745117,20.990371204530405,21.487203751840894,1983,Fly Point-Halifax Park,1
Parma unifasciata,-32.71,152.15,2018,5,21,10,1,-33_152,21.402117252349854,21.891050338745117,20.990371204530405,21.487203751840894,1983,Fly Point-Halifax Park,1
Parma unifasciata,-32.72,152.14,2018,5,22,7.5,1,-33_152,21.402117252349854,21.891050338745117,20.990371204530405,21.487203751840894,NA,NA,0
Parma unifasciata,-32.71,152.15,2018,5,21,7.5,3,-33_152,21.402117252349854,21.891050338745117,20.990371204530405,21.487203751840894,1983,Fly Point-Halifax Park,1
Parma unifasciata,-32.71,152.15,2018,5,21,10,2,-33_152,21.402117252349854,21.891050338745117,20.990371204530405,21.487203751840894,1983,Fly Point-Halifax Park,1
Parma unifasciata,-32.71,152.16,2018,5,19,12.5,1,-33_152,21.402117252349854,21.891050338745117,20.990371204530405,21.487203751840894,1983,Fly Point-Halifax Park,1
Parma unifasciata,-32.62,152.33,2018,5,20,7.5,1,-33_152,21.402117252349854,21.891050338745117,20.990371204530405,21.487203751840894,2007,Port Stephens Great Lake Marine Park,1
Parma unifasciata,-32.62,152.33,2018,5,20,12.5,1,-33_152,21.402117252349854,21.891050338745117,20.990371204530405,21.487203751840894,2007,Port Stephens Great Lake Marine Park,1
Parma unifasciata,-32.62,152.33,2018,5,20,15,3,-33_152,21.402117252349854,21.891050338745117,20.990371204530405,21.487203751840894,2007,Port Stephens Great Lake Marine Park,1
Parma unifasciata,-32.62,152.33,2018,5,20,20,2,-33_152,21.402117252349854,21.891050338745117,20.990371204530405,21.487203751840894,2007,Port Stephens Great Lake Marine Park,1
Parma unifasciata,-32.6,152.32,2018,5,20,12.5,7,-33_152,21.402117252349854,21.891050338745117,20.990371204530405,21.487203751840894,NA,NA,0
Parma unifasciata,-32.6,152.32,2018,5,20,15,6,-33_152,21.402117252349854,21.891050338745117,20.990371204530405,21.487203751840894,NA,NA,0
Parma unifasciata,-32.6,152.32,2018,5,20,12.5,2,-33_152,21.402117252349854,21.891050338745117,20.990371204530405,21.487203751840894,NA,NA,0
Parma unifasciata,-32.6,152.32,2018,5,20,15,3,-33_152,21.402117252349854,21.891050338745117,20.990371204530405,21.487203751840894,NA,NA,0
Parma unifasciata,-32.71,152.15,2018,5,21,10,1,-33_152,21.402117252349854,21.891050338745117,20.990371204530405,21.487203751840894,1983,Fly Point-Halifax Park,1
Parma unifasciata,-32.71,152.15,2018,5,21,12.5,1,-33_152,21.402117252349854,21.891050338745117,20.990371204530405,21.487203751840894,1983,Fly Point-Halifax Park,1
Parma unifasciata,-32.62,152.33,2018,5,18,10,2,-33_152,21.402117252349854,21.891050338745117,20.990371204530405,21.487203751840894,2007,Port Stephens Great Lake Marine Park,1
Parma unifasciata,-32.6,152.32,2018,5,18,7.5,5,-33_152,21.402117252349854,21.891050338745117,20.990371204530405,21.487203751840894,NA,NA,0
Parma unifasciata,-32.6,152.32,2018,5,18,10,20,-33_152,21.402117252349854,21.891050338745117,20.990371204530405,21.487203751840894,NA,NA,0
Parma unifasciata,-32.6,152.32,2018,5,18,7.5,1,-33_152,21.402117252349854,21.891050338745117,20.990371204530405,21.487203751840894,NA,NA,0
Parma unifasciata,-32.6,152.32,2018,5,18,10,2,-33_152,21.402117252349854,21.891050338745117,20.990371204530405,21.487203751840894,NA,NA,0
Parma unifasciata,-32.6,152.32,2018,5,18,12.5,2,-33_152,21.402117252349854,21.891050338745117,20.990371204530405,21.487203751840894,NA,NA,0
Parma unifasciata,-32.6,152.32,2018,5,18,15,1,-33_152,21.402117252349854,21.891050338745117,20.990371204530405,21.487203751840894,NA,NA,0
Parma unifasciata,-32.6,152.32,2018,5,18,7.5,1,-33_152,21.402117252349854,21.891050338745117,20.990371204530405,21.487203751840894,NA,NA,0
Parma unifasciata,-32.71,152.16,2018,5,19,5,2,-33_152,21.402117252349854,21.891050338745117,20.990371204530405,21.487203751840894,1983,Fly Point-Halifax Park,1
Parma unifasciata,-32.71,152.16,2018,5,19,7.5,1,-33_152,21.402117252349854,21.891050338745117,20.990371204530405,21.487203751840894,1983,Fly Point-Halifax Park,1
Parma unifasciata,-32.71,152.16,2018,5,19,10,1,-33_152,21.402117252349854,21.891050338745117,20.990371204530405,21.487203751840894,1983,Fly Point-Halifax Park,1
Parma unifasciata,-32.62,152.33,2018,5,20,15,1,-33_152,21.402117252349854,21.891050338745117,20.990371204530405,21.487203751840894,2007,Port Stephens Great Lake Marine Park,1
Parma unifasciata,-32.62,152.33,2018,5,20,20,1,-33_152,21.402117252349854,21.891050338745117,20.990371204530405,21.487203751840894,2007,Port Stephens Great Lake Marine Park,1
Parma unifasciata,-32.62,152.33,2018,5,20,12.5,1,-33_152,21.402117252349854,21.891050338745117,20.990371204530405,21.487203751840894,2007,Port Stephens Great Lake Marine Park,1
Parma unifasciata,-32.6,152.32,2018,5,20,15,10,-33_152,21.402117252349854,21.891050338745117,20.990371204530405,21.487203751840894,NA,NA,0
Parma unifasciata,-32.6,152.32,2018,5,20,20,30,-33_152,21.402117252349854,21.891050338745117,20.990371204530405,21.487203751840894,NA,NA,0
Parma unifasciata,-32.6,152.32,2018,5,20,10,2,-33_152,21.402117252349854,21.891050338745117,20.990371204530405,21.487203751840894,NA,NA,0
Parma unifasciata,-32.6,152.32,2018,5,20,12.5,4,-33_152,21.402117252349854,21.891050338745117,20.990371204530405,21.487203751840894,NA,NA,0
Parma unifasciata,-32.6,152.32,2018,5,20,15,4,-33_152,21.402117252349854,21.891050338745117,20.990371204530405,21.487203751840894,NA,NA,0
Parma unifasciata,-32.71,152.16,2018,5,19,7.5,4,-33_152,21.402117252349854,21.891050338745117,20.990371204530405,21.487203751840894,1983,Fly Point-Halifax Park,1
Parma unifasciata,-32.71,152.16,2018,5,19,10,4,-33_152,21.402117252349854,21.891050338745117,20.990371204530405,21.487203751840894,1983,Fly Point-Halifax Park,1
Parma unifasciata,-32.71,152.16,2018,5,19,12.5,4,-33_152,21.402117252349854,21.891050338745117,20.990371204530405,21.487203751840894,1983,Fly Point-Halifax Park,1
Parma unifasciata,-32.71,152.16,2018,5,19,10,2,-33_152,21.402117252349854,21.891050338745117,20.990371204530405,21.487203751840894,1983,Fly Point-Halifax Park,1
Parma unifasciata,-32.71,152.16,2018,5,19,12.5,1,-33_152,21.402117252349854,21.891050338745117,20.990371204530405,21.487203751840894,1983,Fly Point-Halifax Park,1
Parma unifasciata,-32.62,152.33,2018,5,20,12.5,1,-33_152,21.402117252349854,21.891050338745117,20.990371204530405,21.487203751840894,2007,Port Stephens Great Lake Marine Park,1
Parma unifasciata,-32.62,152.33,2018,5,20,15,5,-33_152,21.402117252349854,21.891050338745117,20.990371204530405,21.487203751840894,2007,Port Stephens Great Lake Marine Park,1
Parma unifasciata,-32.6,152.32,2018,5,20,10,1,-33_152,21.402117252349854,21.891050338745117,20.990371204530405,21.487203751840894,NA,NA,0
Parma unifasciata,-32.6,152.32,2018,5,20,12.5,1,-33_152,21.402117252349854,21.891050338745117,20.990371204530405,21.487203751840894,NA,NA,0
Parma unifasciata,-32.69,152.23,2018,5,6,7.5,3,-33_152,21.402117252349854,21.891050338745117,20.990371204530405,21.487203751840894,2007,Port Stephens Great Lake Marine Park,1
Parma unifasciata,-32.69,152.23,2018,5,6,10,10,-33_152,21.402117252349854,21.891050338745117,20.990371204530405,21.487203751840894,2007,Port Stephens Great Lake Marine Park,1
Parma unifasciata,-32.69,152.23,2018,5,6,12.5,5,-33_152,21.402117252349854,21.891050338745117,20.990371204530405,21.487203751840894,2007,Port Stephens Great Lake Marine Park,1
Parma unifasciata,-32.69,152.23,2018,5,6,15,10,-33_152,21.402117252349854,21.891050338745117,20.990371204530405,21.487203751840894,2007,Port Stephens Great Lake Marine Park,1
Parma unifasciata,-32.62,152.33,2018,5,18,10,12,-33_152,21.402117252349854,21.891050338745117,20.990371204530405,21.487203751840894,2007,Port Stephens Great Lake Marine Park,1
Parma unifasciata,-32.62,152.33,2018,5,18,12.5,15,-33_152,21.402117252349854,21.891050338745117,20.990371204530405,21.487203751840894,2007,Port Stephens Great Lake Marine Park,1
Parma unifasciata,-32.62,152.33,2018,5,18,7.5,3,-33_152,21.402117252349854,21.891050338745117,20.990371204530405,21.487203751840894,2007,Port Stephens Great Lake Marine Park,1
Parma unifasciata,-32.62,152.33,2018,5,18,10,6,-33_152,21.402117252349854,21.891050338745117,20.990371204530405,21.487203751840894,2007,Port Stephens Great Lake Marine Park,1
Parma unifasciata,-32.62,152.33,2018,5,18,12.5,10,-33_152,21.402117252349854,21.891050338745117,20.990371204530405,21.487203751840894,2007,Port Stephens Great Lake Marine Park,1
Parma unifasciata,-32.62,152.33,2018,5,18,15,5,-33_152,21.402117252349854,21.891050338745117,20.990371204530405,21.487203751840894,2007,Port Stephens Great Lake Marine Park,1
Parma unifasciata,-33.8,151.29,2018,1,10,12.5,1,-34_151,20.616589228312176,23.28801155090332,20.38137288106385,22.634515623892508,2002,Cabbage Tree Bay Aquatic Reserve,1
Parma unifasciata,-32.72,152.14,2017,12,16,2.5,2,-33_152,21.88280153274536,22.803253173828125,21.674367571668547,21.337203856437437,NA,NA,0
Parma unifasciata,-32.71,152.23,2017,11,14,7.5,2,-33_152,21.88280153274536,22.1513671875,21.674367571668547,21.123832850986055,NA,NA,0
Parma unifasciata,-32.71,152.23,2017,11,14,12.5,1,-33_152,21.88280153274536,22.1513671875,21.674367571668547,21.123832850986055,NA,NA,0
Parma unifasciata,-32.71,152.23,2017,11,14,7.5,1,-33_152,21.88280153274536,22.1513671875,21.674367571668547,21.123832850986055,NA,NA,0
Parma unifasciata,-32.71,152.23,2017,11,14,10,3,-33_152,21.88280153274536,22.1513671875,21.674367571668547,21.123832850986055,NA,NA,0
Parma unifasciata,-32.62,152.33,2017,11,14,10,10,-33_152,21.88280153274536,22.1513671875,21.674367571668547,21.123832850986055,2007,Port Stephens Great Lake Marine Park,1
Parma unifasciata,-32.62,152.33,2017,11,14,12.5,20,-33_152,21.88280153274536,22.1513671875,21.674367571668547,21.123832850986055,2007,Port Stephens Great Lake Marine Park,1
Parma unifasciata,-32.62,152.33,2017,11,14,7.5,1,-33_152,21.88280153274536,22.1513671875,21.674367571668547,21.123832850986055,2007,Port Stephens Great Lake Marine Park,1
Parma unifasciata,-32.62,152.33,2017,11,14,12.5,7,-33_152,21.88280153274536,22.1513671875,21.674367571668547,21.123832850986055,2007,Port Stephens Great Lake Marine Park,1
Parma unifasciata,-32.6,152.32,2017,11,14,7.5,4,-33_152,21.88280153274536,22.1513671875,21.674367571668547,21.123832850986055,NA,NA,0
Parma unifasciata,-32.6,152.32,2017,11,14,10,9,-33_152,21.88280153274536,22.1513671875,21.674367571668547,21.123832850986055,NA,NA,0
Parma unifasciata,-32.6,152.32,2017,11,14,12.5,4,-33_152,21.88280153274536,22.1513671875,21.674367571668547,21.123832850986055,NA,NA,0
Parma unifasciata,-32.6,152.32,2017,11,14,7.5,2,-33_152,21.88280153274536,22.1513671875,21.674367571668547,21.123832850986055,NA,NA,0
Parma unifasciata,-32.6,152.32,2017,11,14,10,6,-33_152,21.88280153274536,22.1513671875,21.674367571668547,21.123832850986055,NA,NA,0
Parma unifasciata,-32.76,152.17,2017,11,15,10,1,-33_152,21.88280153274536,22.1513671875,21.674367571668547,21.123832850986055,NA,NA,0
Parma unifasciata,-32.76,152.17,2017,11,15,12.5,2,-33_152,21.88280153274536,22.1513671875,21.674367571668547,21.123832850986055,NA,NA,0
Parma unifasciata,-32.76,152.17,2017,11,15,15,1,-33_152,21.88280153274536,22.1513671875,21.674367571668547,21.123832850986055,NA,NA,0
Parma unifasciata,-34,151.23,2018,1,6,12.5,1,-34_151,20.616589228312176,23.28801155090332,20.38137288106385,22.634515623892508,NA,NA,0
Parma unifasciata,-34,151.23,2018,1,6,10,1,-34_151,20.616589228312176,23.28801155090332,20.38137288106385,22.634515623892508,NA,NA,0
Parma unifasciata,-32.75,152.19,2017,11,15,10,1,-33_152,21.88280153274536,22.1513671875,21.674367571668547,21.123832850986055,2007,Port Stephens Great Lake Marine Park,1
Parma unifasciata,-32.75,152.19,2017,11,15,12.5,6,-33_152,21.88280153274536,22.1513671875,21.674367571668547,21.123832850986055,2007,Port Stephens Great Lake Marine Park,1
Parma unifasciata,-33.74,151.31,2018,5,29,15,2,-34_151,20.616589228312176,21.003093719482425,20.38137288106385,19.887015758022184,NA,NA,0
Parma unifasciata,-33.74,151.31,2018,5,29,20,2,-34_151,20.616589228312176,21.003093719482425,20.38137288106385,19.887015758022184,NA,NA,0
Parma unifasciata,-33.74,151.31,2018,5,29,7.5,1,-34_151,20.616589228312176,21.003093719482425,20.38137288106385,19.887015758022184,NA,NA,0
Parma unifasciata,-33.74,151.31,2018,5,29,12.5,2,-34_151,20.616589228312176,21.003093719482425,20.38137288106385,19.887015758022184,NA,NA,0
Parma unifasciata,-33.74,151.31,2018,5,29,12.5,3,-34_151,20.616589228312176,21.003093719482425,20.38137288106385,19.887015758022184,NA,NA,0
Parma unifasciata,-33.74,151.31,2018,5,29,15,1,-34_151,20.616589228312176,21.003093719482425,20.38137288106385,19.887015758022184,NA,NA,0
Parma unifasciata,-32.75,152.19,2017,11,15,12.5,2,-33_152,21.88280153274536,22.1513671875,21.674367571668547,21.123832850986055,2007,Port Stephens Great Lake Marine Park,1
Parma unifasciata,-32.68,152.23,2017,12,17,10,6,-33_152,21.88280153274536,22.803253173828125,21.674367571668547,21.337203856437437,2007,Port Stephens Great Lake Marine Park,1
Parma unifasciata,-32.68,152.23,2017,12,17,12.5,7,-33_152,21.88280153274536,22.803253173828125,21.674367571668547,21.337203856437437,2007,Port Stephens Great Lake Marine Park,1
Parma unifasciata,-32.68,152.23,2017,12,17,15,2,-33_152,21.88280153274536,22.803253173828125,21.674367571668547,21.337203856437437,2007,Port Stephens Great Lake Marine Park,1
Parma unifasciata,-32.71,152.23,2018,4,2,7.5,5,-33_152,21.402117252349854,23.29830551147461,20.990371204530405,22.92547172440423,NA,NA,0
Parma unifasciata,-32.71,152.23,2018,4,2,10,13,-33_152,21.402117252349854,23.29830551147461,20.990371204530405,22.92547172440423,NA,NA,0
Parma unifasciata,-32.71,152.23,2018,4,2,7.5,1,-33_152,21.402117252349854,23.29830551147461,20.990371204530405,22.92547172440423,NA,NA,0
Parma unifasciata,-32.71,152.23,2018,4,2,10,1,-33_152,21.402117252349854,23.29830551147461,20.990371204530405,22.92547172440423,NA,NA,0
Parma unifasciata,-32.71,152.23,2018,4,2,12.5,10,-33_152,21.402117252349854,23.29830551147461,20.990371204530405,22.92547172440423,NA,NA,0
Parma unifasciata,-32.71,152.23,2018,4,2,15,10,-33_152,21.402117252349854,23.29830551147461,20.990371204530405,22.92547172440423,NA,NA,0
Parma unifasciata,-32.74,152.19,2018,4,7,7.5,2,-33_152,21.402117252349854,23.29830551147461,20.990371204530405,22.92547172440423,NA,NA,0
Parma unifasciata,-32.74,152.19,2018,4,7,10,8,-33_152,21.402117252349854,23.29830551147461,20.990371204530405,22.92547172440423,NA,NA,0
Parma unifasciata,-32.74,152.19,2018,4,7,12.5,1,-33_152,21.402117252349854,23.29830551147461,20.990371204530405,22.92547172440423,NA,NA,0
Parma unifasciata,-32.74,152.19,2018,4,7,5,2,-33_152,21.402117252349854,23.29830551147461,20.990371204530405,22.92547172440423,NA,NA,0
Parma unifasciata,-32.74,152.19,2018,4,7,10,5,-33_152,21.402117252349854,23.29830551147461,20.990371204530405,22.92547172440423,NA,NA,0
Parma unifasciata,-32.74,152.19,2018,4,7,12.5,5,-33_152,21.402117252349854,23.29830551147461,20.990371204530405,22.92547172440423,NA,NA,0
Parma unifasciata,-32.74,152.19,2018,4,7,15,4,-33_152,21.402117252349854,23.29830551147461,20.990371204530405,22.92547172440423,NA,NA,0
Parma unifasciata,-32.71,152.16,2018,4,8,7.5,1,-33_152,21.402117252349854,23.29830551147461,20.990371204530405,22.92547172440423,1983,Fly Point-Halifax Park,1
Parma unifasciata,-32.68,152.23,2017,12,17,10,23,-33_152,21.88280153274536,22.803253173828125,21.674367571668547,21.337203856437437,2007,Port Stephens Great Lake Marine Park,1
Parma unifasciata,-32.68,152.23,2017,12,17,12.5,27,-33_152,21.88280153274536,22.803253173828125,21.674367571668547,21.337203856437437,2007,Port Stephens Great Lake Marine Park,1
Parma unifasciata,-32.68,152.23,2017,12,17,15,15,-33_152,21.88280153274536,22.803253173828125,21.674367571668547,21.337203856437437,2007,Port Stephens Great Lake Marine Park,1
Parma unifasciata,-32.71,152.16,2018,4,8,5,2,-33_152,21.402117252349854,23.29830551147461,20.990371204530405,22.92547172440423,1983,Fly Point-Halifax Park,1
Parma unifasciata,-32.71,152.16,2018,4,8,7.5,2,-33_152,21.402117252349854,23.29830551147461,20.990371204530405,22.92547172440423,1983,Fly Point-Halifax Park,1
Parma unifasciata,-32.71,152.16,2018,4,8,10,2,-33_152,21.402117252349854,23.29830551147461,20.990371204530405,22.92547172440423,1983,Fly Point-Halifax Park,1
Parma unifasciata,-32.71,152.16,2018,4,8,12.5,1,-33_152,21.402117252349854,23.29830551147461,20.990371204530405,22.92547172440423,1983,Fly Point-Halifax Park,1
Parma unifasciata,-32.71,152.16,2018,4,8,10,1,-33_152,21.402117252349854,23.29830551147461,20.990371204530405,22.92547172440423,1983,Fly Point-Halifax Park,1
Parma unifasciata,-32.71,152.16,2018,2,2,2.5,2,-33_152,21.402117252349854,24.672088623046875,20.990371204530405,24.555356655802047,1983,Fly Point-Halifax Park,1
Parma unifasciata,-32.79,152.11,2013,12,17,2.5,1,-33_152,21.45964765548706,22.20094871520996,21.34589705349317,21.575214606459426,NA,NA,0
Parma unifasciata,-32.79,152.11,2013,12,17,7.5,2,-33_152,21.45964765548706,22.20094871520996,21.34589705349317,21.575214606459426,NA,NA,0
Parma unifasciata,-32.79,152.11,2013,12,17,10,5,-33_152,21.45964765548706,22.20094871520996,21.34589705349317,21.575214606459426,NA,NA,0
Parma unifasciata,-32.79,152.11,2013,12,17,12.5,6,-33_152,21.45964765548706,22.20094871520996,21.34589705349317,21.575214606459426,NA,NA,0
Parma unifasciata,-32.79,152.11,2013,12,17,15,1,-33_152,21.45964765548706,22.20094871520996,21.34589705349317,21.575214606459426,NA,NA,0
Parma unifasciata,-32.79,152.11,2013,12,17,5,3,-33_152,21.45964765548706,22.20094871520996,21.34589705349317,21.575214606459426,NA,NA,0
Parma unifasciata,-32.79,152.11,2013,12,17,7.5,5,-33_152,21.45964765548706,22.20094871520996,21.34589705349317,21.575214606459426,NA,NA,0
Parma unifasciata,-32.79,152.11,2013,12,17,10,7,-33_152,21.45964765548706,22.20094871520996,21.34589705349317,21.575214606459426,NA,NA,0
Parma unifasciata,-32.79,152.11,2013,12,17,12.5,7,-33_152,21.45964765548706,22.20094871520996,21.34589705349317,21.575214606459426,NA,NA,0
Parma unifasciata,-32.75,152.17,2013,12,19,10,1,-33_152,21.45964765548706,22.20094871520996,21.34589705349317,21.575214606459426,NA,NA,0
Parma unifasciata,-32.69,152.22,2014,3,9,10,1,-33_152,21.514901796976726,24.46648597717285,21.135377792134832,23.85884355729626,NA,NA,0
Parma unifasciata,-32.69,152.22,2014,3,9,5,2,-33_152,21.514901796976726,24.46648597717285,21.135377792134832,23.85884355729626,NA,NA,0
Parma unifasciata,-32.69,152.22,2014,3,9,7.5,2,-33_152,21.514901796976726,24.46648597717285,21.135377792134832,23.85884355729626,NA,NA,0
Parma unifasciata,-32.69,152.22,2014,3,9,10,4,-33_152,21.514901796976726,24.46648597717285,21.135377792134832,23.85884355729626,NA,NA,0
Parma unifasciata,-32.69,152.22,2014,3,9,12.5,1,-33_152,21.514901796976726,24.46648597717285,21.135377792134832,23.85884355729626,NA,NA,0
Parma unifasciata,-32.71,152.23,2014,3,12,7.5,1,-33_152,21.514901796976726,24.46648597717285,21.135377792134832,23.85884355729626,NA,NA,0
Parma unifasciata,-32.71,152.23,2014,3,12,10,26,-33_152,21.514901796976726,24.46648597717285,21.135377792134832,23.85884355729626,NA,NA,0
Parma unifasciata,-32.71,152.23,2014,3,12,12.5,5,-33_152,21.514901796976726,24.46648597717285,21.135377792134832,23.85884355729626,NA,NA,0
Parma unifasciata,-32.71,152.23,2014,3,12,7.5,10,-33_152,21.514901796976726,24.46648597717285,21.135377792134832,23.85884355729626,NA,NA,0
Parma unifasciata,-32.71,152.23,2014,3,12,10,10,-33_152,21.514901796976726,24.46648597717285,21.135377792134832,23.85884355729626,NA,NA,0
Parma unifasciata,-32.71,152.23,2014,3,12,12.5,10,-33_152,21.514901796976726,24.46648597717285,21.135377792134832,23.85884355729626,NA,NA,0
Parma unifasciata,-32.71,152.23,2014,3,12,5,2,-33_152,21.514901796976726,24.46648597717285,21.135377792134832,23.85884355729626,NA,NA,0
Parma unifasciata,-32.71,152.23,2014,3,12,7.5,2,-33_152,21.514901796976726,24.46648597717285,21.135377792134832,23.85884355729626,NA,NA,0
Parma unifasciata,-32.71,152.23,2014,3,12,10,5,-33_152,21.514901796976726,24.46648597717285,21.135377792134832,23.85884355729626,NA,NA,0
Parma unifasciata,-32.71,152.23,2014,3,12,12.5,5,-33_152,21.514901796976726,24.46648597717285,21.135377792134832,23.85884355729626,NA,NA,0
Parma unifasciata,-32.71,152.23,2014,3,12,5,1,-33_152,21.514901796976726,24.46648597717285,21.135377792134832,23.85884355729626,NA,NA,0
Parma unifasciata,-32.71,152.23,2014,3,12,7.5,6,-33_152,21.514901796976726,24.46648597717285,21.135377792134832,23.85884355729626,NA,NA,0
Parma unifasciata,-32.71,152.23,2014,3,12,10,10,-33_152,21.514901796976726,24.46648597717285,21.135377792134832,23.85884355729626,NA,NA,0
Parma unifasciata,-32.71,152.23,2014,3,12,12.5,3,-33_152,21.514901796976726,24.46648597717285,21.135377792134832,23.85884355729626,NA,NA,0
Parma unifasciata,-32.71,152.15,2014,3,21,5,4,-33_152,21.514901796976726,24.46648597717285,21.135377792134832,23.85884355729626,1983,Fly Point-Halifax Park,1
Parma unifasciata,-32.72,152.14,2018,3,24,2.5,1,-33_152,21.402117252349854,24.19745826721191,20.990371204530405,24.072123081453384,NA,NA,0
Parma unifasciata,-32.69,152.22,2018,3,30,12.5,1,-33_152,21.402117252349854,24.19745826721191,20.990371204530405,24.072123081453384,NA,NA,0
Parma unifasciata,-32.69,152.22,2018,3,30,5,1,-33_152,21.402117252349854,24.19745826721191,20.990371204530405,24.072123081453384,NA,NA,0
Parma unifasciata,-32.69,152.22,2018,3,30,10,2,-33_152,21.402117252349854,24.19745826721191,20.990371204530405,24.072123081453384,NA,NA,0
Parma unifasciata,-32.69,152.22,2018,3,30,7.5,1,-33_152,21.402117252349854,24.19745826721191,20.990371204530405,24.072123081453384,NA,NA,0
Parma unifasciata,-32.69,152.22,2018,3,30,10,4,-33_152,21.402117252349854,24.19745826721191,20.990371204530405,24.072123081453384,NA,NA,0
Parma unifasciata,-32.69,152.22,2018,3,30,12.5,5,-33_152,21.402117252349854,24.19745826721191,20.990371204530405,24.072123081453384,NA,NA,0
Parma unifasciata,-32.69,152.22,2018,3,30,15,2,-33_152,21.402117252349854,24.19745826721191,20.990371204530405,24.072123081453384,NA,NA,0
Parma unifasciata,-32.71,152.16,2018,4,1,5,2,-33_152,21.402117252349854,23.29830551147461,20.990371204530405,22.92547172440423,1983,Fly Point-Halifax Park,1
Parma unifasciata,-32.71,152.16,2018,4,1,5,1,-33_152,21.402117252349854,23.29830551147461,20.990371204530405,22.92547172440423,1983,Fly Point-Halifax Park,1
Parma unifasciata,-32.74,152.19,2014,6,22,7.5,3,-33_152,21.514901796976726,20.260608673095703,21.135377792134832,20.043082910113863,NA,NA,0
Parma unifasciata,-32.74,152.19,2014,6,22,10,5,-33_152,21.514901796976726,20.260608673095703,21.135377792134832,20.043082910113863,NA,NA,0
Parma unifasciata,-32.74,152.19,2014,6,22,12.5,1,-33_152,21.514901796976726,20.260608673095703,21.135377792134832,20.043082910113863,NA,NA,0
Parma unifasciata,-32.74,152.19,2014,6,22,7.5,1,-33_152,21.514901796976726,20.260608673095703,21.135377792134832,20.043082910113863,NA,NA,0
Parma unifasciata,-32.74,152.19,2014,6,22,10,6,-33_152,21.514901796976726,20.260608673095703,21.135377792134832,20.043082910113863,NA,NA,0
Parma unifasciata,-32.74,152.19,2014,6,22,12.5,3,-33_152,21.514901796976726,20.260608673095703,21.135377792134832,20.043082910113863,NA,NA,0
Parma unifasciata,-32.74,152.19,2014,9,15,5,1,-33_152,21.514901796976726,19.026870727539063,21.135377792134832,18.7448051876492,NA,NA,0
Parma unifasciata,-32.74,152.19,2014,9,15,7.5,12,-33_152,21.514901796976726,19.026870727539063,21.135377792134832,18.7448051876492,NA,NA,0
Parma unifasciata,-32.74,152.19,2014,9,15,10,7,-33_152,21.514901796976726,19.026870727539063,21.135377792134832,18.7448051876492,NA,NA,0
Parma unifasciata,-32.74,152.19,2014,9,15,7.5,2,-33_152,21.514901796976726,19.026870727539063,21.135377792134832,18.7448051876492,NA,NA,0
Parma unifasciata,-32.74,152.19,2014,9,15,10,2,-33_152,21.514901796976726,19.026870727539063,21.135377792134832,18.7448051876492,NA,NA,0
Parma unifasciata,-32.74,152.19,2014,9,15,12.5,10,-33_152,21.514901796976726,19.026870727539063,21.135377792134832,18.7448051876492,NA,NA,0
Parma unifasciata,-32.74,152.19,2014,9,15,15,10,-33_152,21.514901796976726,19.026870727539063,21.135377792134832,18.7448051876492,NA,NA,0
Parma unifasciata,-32.69,152.23,2014,10,6,7.5,1,-33_152,21.514901796976726,20.33753204345703,21.135377792134832,19.89911247068836,2007,Port Stephens Great Lake Marine Park,0
Parma unifasciata,-32.69,152.23,2014,10,6,10,10,-33_152,21.514901796976726,20.33753204345703,21.135377792134832,19.89911247068836,2007,Port Stephens Great Lake Marine Park,0
Parma unifasciata,-32.69,152.23,2014,10,6,12.5,5,-33_152,21.514901796976726,20.33753204345703,21.135377792134832,19.89911247068836,2007,Port Stephens Great Lake Marine Park,0
Parma unifasciata,-32.69,152.23,2014,10,6,7.5,15,-33_152,21.514901796976726,20.33753204345703,21.135377792134832,19.89911247068836,2007,Port Stephens Great Lake Marine Park,0
Parma unifasciata,-32.69,152.23,2014,10,6,10,20,-33_152,21.514901796976726,20.33753204345703,21.135377792134832,19.89911247068836,2007,Port Stephens Great Lake Marine Park,0
Parma unifasciata,-32.69,152.23,2014,10,6,12.5,10,-33_152,21.514901796976726,20.33753204345703,21.135377792134832,19.89911247068836,2007,Port Stephens Great Lake Marine Park,0
Parma unifasciata,-32.69,152.22,2014,10,6,2.5,1,-33_152,21.514901796976726,20.33753204345703,21.135377792134832,19.89911247068836,NA,NA,0
Parma unifasciata,-32.69,152.22,2014,10,6,7.5,1,-33_152,21.514901796976726,20.33753204345703,21.135377792134832,19.89911247068836,NA,NA,0
Parma unifasciata,-32.69,152.22,2014,10,6,10,2,-33_152,21.514901796976726,20.33753204345703,21.135377792134832,19.89911247068836,NA,NA,0
Parma unifasciata,-32.69,152.22,2014,10,6,12.5,1,-33_152,21.514901796976726,20.33753204345703,21.135377792134832,19.89911247068836,NA,NA,0
Parma unifasciata,-32.74,152.19,2015,5,30,7.5,4,-33_152,21.731586456298828,21.282039642333984,21.574384755366165,22.028655405967463,NA,NA,0
Parma unifasciata,-32.74,152.19,2015,5,30,10,10,-33_152,21.731586456298828,21.282039642333984,21.574384755366165,22.028655405967463,NA,NA,0
Parma unifasciata,-32.74,152.19,2015,5,30,12.5,5,-33_152,21.731586456298828,21.282039642333984,21.574384755366165,22.028655405967463,NA,NA,0
Parma unifasciata,-32.74,152.19,2015,5,30,7.5,3,-33_152,21.731586456298828,21.282039642333984,21.574384755366165,22.028655405967463,NA,NA,0
Parma unifasciata,-32.74,152.19,2015,5,30,10,15,-33_152,21.731586456298828,21.282039642333984,21.574384755366165,22.028655405967463,NA,NA,0
Parma unifasciata,-32.69,152.22,2015,6,27,7.5,3,-33_152,21.731586456298828,19.728328704833984,21.574384755366165,20.657916265063815,NA,NA,0
Parma unifasciata,-32.69,152.22,2015,6,27,10,1,-33_152,21.731586456298828,19.728328704833984,21.574384755366165,20.657916265063815,NA,NA,0
Parma unifasciata,-32.62,152.33,2015,6,28,7.5,2,-33_152,21.731586456298828,19.728328704833984,21.574384755366165,20.657916265063815,2007,Port Stephens Great Lake Marine Park,0
Parma unifasciata,-32.62,152.33,2015,6,28,10,5,-33_152,21.731586456298828,19.728328704833984,21.574384755366165,20.657916265063815,2007,Port Stephens Great Lake Marine Park,0
Parma unifasciata,-32.62,152.33,2015,6,28,12.5,2,-33_152,21.731586456298828,19.728328704833984,21.574384755366165,20.657916265063815,2007,Port Stephens Great Lake Marine Park,0
Parma unifasciata,-32.71,152.16,2014,3,22,7.5,1,-33_152,21.514901796976726,24.46648597717285,21.135377792134832,23.85884355729626,1983,Fly Point-Halifax Park,1
Parma unifasciata,-32.71,152.16,2014,3,22,10,3,-33_152,21.514901796976726,24.46648597717285,21.135377792134832,23.85884355729626,1983,Fly Point-Halifax Park,1
Parma unifasciata,-32.71,152.16,2014,3,22,5,1,-33_152,21.514901796976726,24.46648597717285,21.135377792134832,23.85884355729626,1983,Fly Point-Halifax Park,1
Parma unifasciata,-32.71,152.16,2014,3,22,7.5,2,-33_152,21.514901796976726,24.46648597717285,21.135377792134832,23.85884355729626,1983,Fly Point-Halifax Park,1
Parma unifasciata,-32.71,152.16,2014,3,22,10,2,-33_152,21.514901796976726,24.46648597717285,21.135377792134832,23.85884355729626,1983,Fly Point-Halifax Park,1
Parma unifasciata,-32.71,152.16,2014,3,22,15,1,-33_152,21.514901796976726,24.46648597717285,21.135377792134832,23.85884355729626,1983,Fly Point-Halifax Park,1
Parma unifasciata,-32.62,152.33,2015,6,28,10,7,-33_152,21.731586456298828,19.728328704833984,21.574384755366165,20.657916265063815,2007,Port Stephens Great Lake Marine Park,0
Parma unifasciata,-32.62,152.33,2015,6,28,12.5,5,-33_152,21.731586456298828,19.728328704833984,21.574384755366165,20.657916265063815,2007,Port Stephens Great Lake Marine Park,0
Parma unifasciata,-32.74,152.19,2014,4,23,2.5,3,-33_152,21.514901796976726,23.93252182006836,21.135377792134832,24.030138370725844,NA,NA,0
Parma unifasciata,-32.74,152.19,2014,4,23,5,2,-33_152,21.514901796976726,23.93252182006836,21.135377792134832,24.030138370725844,NA,NA,0
Parma unifasciata,-32.74,152.19,2014,4,23,7.5,4,-33_152,21.514901796976726,23.93252182006836,21.135377792134832,24.030138370725844,NA,NA,0
Parma unifasciata,-32.74,152.19,2014,4,23,5,3,-33_152,21.514901796976726,23.93252182006836,21.135377792134832,24.030138370725844,NA,NA,0
Parma unifasciata,-32.74,152.19,2014,4,23,7.5,2,-33_152,21.514901796976726,23.93252182006836,21.135377792134832,24.030138370725844,NA,NA,0
Parma unifasciata,-32.74,152.19,2014,4,23,10,15,-33_152,21.514901796976726,23.93252182006836,21.135377792134832,24.030138370725844,NA,NA,0
Parma unifasciata,-32.74,152.19,2014,4,23,12.5,15,-33_152,21.514901796976726,23.93252182006836,21.135377792134832,24.030138370725844,NA,NA,0
Parma unifasciata,-32.74,152.19,2014,4,23,15,1,-33_152,21.514901796976726,23.93252182006836,21.135377792134832,24.030138370725844,NA,NA,0
Parma unifasciata,-32.74,152.19,2014,4,23,5,6,-33_152,21.514901796976726,23.93252182006836,21.135377792134832,24.030138370725844,NA,NA,0
Parma unifasciata,-32.74,152.19,2014,4,23,7.5,6,-33_152,21.514901796976726,23.93252182006836,21.135377792134832,24.030138370725844,NA,NA,0
Parma unifasciata,-32.74,152.19,2014,4,23,10,7,-33_152,21.514901796976726,23.93252182006836,21.135377792134832,24.030138370725844,NA,NA,0
Parma unifasciata,-32.74,152.19,2014,4,23,12.5,4,-33_152,21.514901796976726,23.93252182006836,21.135377792134832,24.030138370725844,NA,NA,0
Parma unifasciata,-32.74,152.19,2014,4,23,5,10,-33_152,21.514901796976726,23.93252182006836,21.135377792134832,24.030138370725844,NA,NA,0
Parma unifasciata,-32.74,152.19,2014,4,23,7.5,3,-33_152,21.514901796976726,23.93252182006836,21.135377792134832,24.030138370725844,NA,NA,0
Parma unifasciata,-32.74,152.19,2014,4,23,10,10,-33_152,21.514901796976726,23.93252182006836,21.135377792134832,24.030138370725844,NA,NA,0
Parma unifasciata,-32.74,152.19,2014,4,23,12.5,7,-33_152,21.514901796976726,23.93252182006836,21.135377792134832,24.030138370725844,NA,NA,0
Parma unifasciata,-32.71,152.15,2015,8,9,10,1,-33_152,21.731586456298828,18.89118194580078,21.574384755366165,19.02212321373724,1983,Fly Point-Halifax Park,1
Parma unifasciata,-32.71,152.18,2014,6,3,5,2,-33_152,21.514901796976726,20.260608673095703,21.135377792134832,20.043082910113863,NA,NA,0
Parma unifasciata,-32.71,152.18,2014,6,3,7.5,1,-33_152,21.514901796976726,20.260608673095703,21.135377792134832,20.043082910113863,NA,NA,0
Parma unifasciata,-32.69,152.22,2016,6,18,7.5,2,-33_152,21.81423552831014,21.07072639465332,21.811778390656066,21.400971788830223,NA,NA,0
Parma unifasciata,-32.69,152.22,2016,6,18,5,1,-33_152,21.81423552831014,21.07072639465332,21.811778390656066,21.400971788830223,NA,NA,0
Parma unifasciata,-32.69,152.22,2016,6,18,7.5,1,-33_152,21.81423552831014,21.07072639465332,21.811778390656066,21.400971788830223,NA,NA,0
Parma unifasciata,-32.69,152.22,2016,6,18,10,1,-33_152,21.81423552831014,21.07072639465332,21.811778390656066,21.400971788830223,NA,NA,0
Parma unifasciata,-32.71,152.15,2015,8,9,12.5,1,-33_152,21.731586456298828,18.89118194580078,21.574384755366165,19.02212321373724,1983,Fly Point-Halifax Park,1
Parma unifasciata,-34.07,151.16,2018,4,26,7.5,1,-34_151,20.616589228312176,22.327646255493164,20.38137288106385,22.58066619237264,NA,NA,0
Parma unifasciata,-34.07,151.13,2018,4,19,5,2,-34_151,20.616589228312176,22.327646255493164,20.38137288106385,22.58066619237264,1982,Shiprock Aquatic Reserve,1
Parma unifasciata,-33.99,151.23,2018,3,24,2.5,1,-34_151,20.616589228312176,23.609176635742188,20.38137288106385,24.080563960536832,NA,NA,0
Parma unifasciata,-33.99,151.23,2018,3,24,5,2,-34_151,20.616589228312176,23.609176635742188,20.38137288106385,24.080563960536832,NA,NA,0
Parma unifasciata,-33.99,151.23,2018,3,24,7.5,1,-34_151,20.616589228312176,23.609176635742188,20.38137288106385,24.080563960536832,NA,NA,0
Parma unifasciata,-33.99,151.23,2018,3,24,10,3,-34_151,20.616589228312176,23.609176635742188,20.38137288106385,24.080563960536832,NA,NA,0
Parma unifasciata,-33.99,151.23,2018,3,24,7.5,5,-34_151,20.616589228312176,23.609176635742188,20.38137288106385,24.080563960536832,NA,NA,0
Parma unifasciata,-33.99,151.23,2018,3,24,10,5,-34_151,20.616589228312176,23.609176635742188,20.38137288106385,24.080563960536832,NA,NA,0
Parma unifasciata,-33.92,151.27,2018,5,4,15,1,-34_151,20.616589228312176,21.003093719482425,20.38137288106385,19.887015758022184,NA,NA,0
Parma unifasciata,-33.92,151.27,2018,5,4,10,1,-34_151,20.616589228312176,21.003093719482425,20.38137288106385,19.887015758022184,NA,NA,0
Parma unifasciata,-33.92,151.27,2018,5,4,12.5,1,-34_151,20.616589228312176,21.003093719482425,20.38137288106385,19.887015758022184,NA,NA,0
Parma unifasciata,-33.92,151.27,2018,5,4,12.5,2,-34_151,20.616589228312176,21.003093719482425,20.38137288106385,19.887015758022184,NA,NA,0
Parma unifasciata,-33.92,151.27,2018,5,4,15,1,-34_151,20.616589228312176,21.003093719482425,20.38137288106385,19.887015758022184,NA,NA,0
Parma unifasciata,-33.92,151.27,2018,5,4,20,1,-34_151,20.616589228312176,21.003093719482425,20.38137288106385,19.887015758022184,NA,NA,0
Parma unifasciata,-33.84,151.28,2018,3,28,12.5,1,-34_151,20.616589228312176,23.609176635742188,20.38137288106385,24.080563960536832,NA,NA,0
Parma unifasciata,-33.84,151.28,2018,3,16,7.5,1,-34_151,20.616589228312176,23.609176635742188,20.38137288106385,24.080563960536832,NA,NA,0
Parma unifasciata,-33.84,151.28,2018,3,16,10,1,-34_151,20.616589228312176,23.609176635742188,20.38137288106385,24.080563960536832,NA,NA,0
Parma unifasciata,-33.84,151.28,2018,3,16,15,1,-34_151,20.616589228312176,23.609176635742188,20.38137288106385,24.080563960536832,NA,NA,0
Parma unifasciata,-33.95,151.26,2018,3,17,7.5,8,-34_151,20.616589228312176,23.609176635742188,20.38137288106385,24.080563960536832,NA,NA,0
Parma unifasciata,-33.95,151.26,2018,3,17,10,8,-34_151,20.616589228312176,23.609176635742188,20.38137288106385,24.080563960536832,NA,NA,0
Parma unifasciata,-33.95,151.26,2018,3,17,12.5,7,-34_151,20.616589228312176,23.609176635742188,20.38137288106385,24.080563960536832,NA,NA,0
Parma unifasciata,-33.95,151.26,2018,3,17,15,7,-34_151,20.616589228312176,23.609176635742188,20.38137288106385,24.080563960536832,NA,NA,0
Parma unifasciata,-33.95,151.26,2018,3,17,7.5,6,-34_151,20.616589228312176,23.609176635742188,20.38137288106385,24.080563960536832,NA,NA,0
Parma unifasciata,-33.95,151.26,2018,3,17,10,6,-34_151,20.616589228312176,23.609176635742188,20.38137288106385,24.080563960536832,NA,NA,0
Parma unifasciata,-33.95,151.26,2018,3,17,12.5,6,-34_151,20.616589228312176,23.609176635742188,20.38137288106385,24.080563960536832,NA,NA,0
Parma unifasciata,-33.95,151.26,2018,3,17,15,6,-34_151,20.616589228312176,23.609176635742188,20.38137288106385,24.080563960536832,NA,NA,0
Parma unifasciata,-33.82,151.29,2018,4,7,10,2,-34_151,20.616589228312176,22.327646255493164,20.38137288106385,22.58066619237264,NA,NA,0
Parma unifasciata,-33.82,151.29,2018,4,7,12.5,3,-34_151,20.616589228312176,22.327646255493164,20.38137288106385,22.58066619237264,NA,NA,0
Parma unifasciata,-33.82,151.29,2018,4,7,5,2,-34_151,20.616589228312176,22.327646255493164,20.38137288106385,22.58066619237264,NA,NA,0
Parma unifasciata,-33.82,151.29,2018,4,7,7.5,2,-34_151,20.616589228312176,22.327646255493164,20.38137288106385,22.58066619237264,NA,NA,0
Parma unifasciata,-33.82,151.29,2018,4,7,10,2,-34_151,20.616589228312176,22.327646255493164,20.38137288106385,22.58066619237264,NA,NA,0
Parma unifasciata,-33.82,151.29,2018,4,7,12.5,2,-34_151,20.616589228312176,22.327646255493164,20.38137288106385,22.58066619237264,NA,NA,0
Parma unifasciata,-33.81,151.31,2018,4,2,5,12,-34_151,20.616589228312176,22.327646255493164,20.38137288106385,22.58066619237264,NA,NA,0
Parma unifasciata,-33.81,151.31,2018,4,2,7.5,11,-34_151,20.616589228312176,22.327646255493164,20.38137288106385,22.58066619237264,NA,NA,0
Parma unifasciata,-33.81,151.31,2018,4,2,10,5,-34_151,20.616589228312176,22.327646255493164,20.38137288106385,22.58066619237264,NA,NA,0
Parma unifasciata,-33.81,151.31,2018,4,2,5,7,-34_151,20.616589228312176,22.327646255493164,20.38137288106385,22.58066619237264,NA,NA,0
Parma unifasciata,-33.81,151.31,2018,4,2,7.5,20,-34_151,20.616589228312176,22.327646255493164,20.38137288106385,22.58066619237264,NA,NA,0
Parma unifasciata,-33.81,151.31,2018,4,2,5,6,-34_151,20.616589228312176,22.327646255493164,20.38137288106385,22.58066619237264,NA,NA,0
Parma unifasciata,-33.81,151.31,2018,4,2,7.5,13,-34_151,20.616589228312176,22.327646255493164,20.38137288106385,22.58066619237264,NA,NA,0
Parma unifasciata,-33.81,151.31,2018,4,2,10,25,-34_151,20.616589228312176,22.327646255493164,20.38137288106385,22.58066619237264,NA,NA,0
Parma unifasciata,-33.81,151.31,2018,4,2,12.5,6,-34_151,20.616589228312176,22.327646255493164,20.38137288106385,22.58066619237264,NA,NA,0
Parma unifasciata,-33.81,151.31,2018,4,2,15,6,-34_151,20.616589228312176,22.327646255493164,20.38137288106385,22.58066619237264,NA,NA,0
Parma unifasciata,-33.81,151.31,2018,4,2,7.5,9,-34_151,20.616589228312176,22.327646255493164,20.38137288106385,22.58066619237264,NA,NA,0
Parma unifasciata,-33.81,151.31,2018,4,2,10,21,-34_151,20.616589228312176,22.327646255493164,20.38137288106385,22.58066619237264,NA,NA,0
Parma unifasciata,-33.81,151.31,2018,4,2,12.5,10,-34_151,20.616589228312176,22.327646255493164,20.38137288106385,22.58066619237264,NA,NA,0
Parma unifasciata,-33.81,151.31,2018,4,2,15,1,-34_151,20.616589228312176,22.327646255493164,20.38137288106385,22.58066619237264,NA,NA,0
Parma unifasciata,-33.81,151.31,2018,4,2,5,6,-34_151,20.616589228312176,22.327646255493164,20.38137288106385,22.58066619237264,NA,NA,0
Parma unifasciata,-33.81,151.31,2018,4,2,7.5,6,-34_151,20.616589228312176,22.327646255493164,20.38137288106385,22.58066619237264,NA,NA,0
Parma unifasciata,-33.81,151.31,2018,4,2,10,6,-34_151,20.616589228312176,22.327646255493164,20.38137288106385,22.58066619237264,NA,NA,0
Parma unifasciata,-33.81,151.31,2018,4,2,12.5,6,-34_151,20.616589228312176,22.327646255493164,20.38137288106385,22.58066619237264,NA,NA,0
Parma unifasciata,-33.81,151.31,2018,4,2,15,6,-34_151,20.616589228312176,22.327646255493164,20.38137288106385,22.58066619237264,NA,NA,0
Parma unifasciata,-33.81,151.31,2018,4,2,5,4,-34_151,20.616589228312176,22.327646255493164,20.38137288106385,22.58066619237264,NA,NA,0
Parma unifasciata,-33.81,151.31,2018,4,2,7.5,4,-34_151,20.616589228312176,22.327646255493164,20.38137288106385,22.58066619237264,NA,NA,0
Parma unifasciata,-33.81,151.31,2018,4,2,10,4,-34_151,20.616589228312176,22.327646255493164,20.38137288106385,22.58066619237264,NA,NA,0
Parma unifasciata,-33.81,151.31,2018,4,2,12.5,4,-34_151,20.616589228312176,22.327646255493164,20.38137288106385,22.58066619237264,NA,NA,0
Parma unifasciata,-33.81,151.31,2018,4,2,15,4,-34_151,20.616589228312176,22.327646255493164,20.38137288106385,22.58066619237264,NA,NA,0
Parma unifasciata,-33.81,151.31,2018,4,2,10,4,-34_151,20.616589228312176,22.327646255493164,20.38137288106385,22.58066619237264,NA,NA,0
Parma unifasciata,-33.81,151.31,2018,4,2,12.5,4,-34_151,20.616589228312176,22.327646255493164,20.38137288106385,22.58066619237264,NA,NA,0
Parma unifasciata,-33.81,151.31,2018,4,2,15,3,-34_151,20.616589228312176,22.327646255493164,20.38137288106385,22.58066619237264,NA,NA,0
Parma unifasciata,-33.81,151.31,2018,4,2,7.5,9,-34_151,20.616589228312176,22.327646255493164,20.38137288106385,22.58066619237264,NA,NA,0
Parma unifasciata,-33.81,151.31,2018,4,2,10,7,-34_151,20.616589228312176,22.327646255493164,20.38137288106385,22.58066619237264,NA,NA,0
Parma unifasciata,-33.81,151.31,2018,4,2,12.5,7,-34_151,20.616589228312176,22.327646255493164,20.38137288106385,22.58066619237264,NA,NA,0
Parma unifasciata,-33.81,151.31,2018,4,2,15,7,-34_151,20.616589228312176,22.327646255493164,20.38137288106385,22.58066619237264,NA,NA,0
Parma unifasciata,-33.95,151.26,2018,3,17,2.5,1,-34_151,20.616589228312176,23.609176635742188,20.38137288106385,24.080563960536832,NA,NA,0
Parma unifasciata,-33.95,151.26,2018,3,17,5,1,-34_151,20.616589228312176,23.609176635742188,20.38137288106385,24.080563960536832,NA,NA,0
Parma unifasciata,-33.95,151.26,2018,3,17,12.5,1,-34_151,20.616589228312176,23.609176635742188,20.38137288106385,24.080563960536832,NA,NA,0
Parma unifasciata,-33.95,151.26,2018,3,17,15,5,-34_151,20.616589228312176,23.609176635742188,20.38137288106385,24.080563960536832,NA,NA,0
Parma unifasciata,-33.95,151.26,2018,3,17,20,5,-34_151,20.616589228312176,23.609176635742188,20.38137288106385,24.080563960536832,NA,NA,0
Parma unifasciata,-33.95,151.26,2018,3,17,10,9,-34_151,20.616589228312176,23.609176635742188,20.38137288106385,24.080563960536832,NA,NA,0
Parma unifasciata,-33.95,151.26,2018,3,17,12.5,10,-34_151,20.616589228312176,23.609176635742188,20.38137288106385,24.080563960536832,NA,NA,0
Parma unifasciata,-33.95,151.26,2018,3,17,15,11,-34_151,20.616589228312176,23.609176635742188,20.38137288106385,24.080563960536832,NA,NA,0
Parma unifasciata,-33.95,151.26,2018,3,17,20,7,-34_151,20.616589228312176,23.609176635742188,20.38137288106385,24.080563960536832,NA,NA,0
Parma unifasciata,-33.83,151.26,2018,4,28,5,1,-34_151,20.616589228312176,22.327646255493164,20.38137288106385,22.58066619237264,NA,NA,0
Parma unifasciata,-33.83,151.26,2018,4,28,7.5,1,-34_151,20.616589228312176,22.327646255493164,20.38137288106385,22.58066619237264,NA,NA,0
Parma unifasciata,-33.83,151.26,2018,4,28,10,1,-34_151,20.616589228312176,22.327646255493164,20.38137288106385,22.58066619237264,NA,NA,0
Parma unifasciata,-33.83,151.26,2018,4,28,12.5,1,-34_151,20.616589228312176,22.327646255493164,20.38137288106385,22.58066619237264,NA,NA,0
Parma unifasciata,-33.58,151.33,2018,4,21,12.5,1,-34_151,20.616589228312176,22.327646255493164,20.38137288106385,22.58066619237264,NA,NA,0
Parma unifasciata,-33.58,151.33,2018,4,21,15,1,-34_151,20.616589228312176,22.327646255493164,20.38137288106385,22.58066619237264,NA,NA,0
Parma unifasciata,-33.58,151.33,2018,4,21,7.5,1,-34_151,20.616589228312176,22.327646255493164,20.38137288106385,22.58066619237264,NA,NA,0
Parma unifasciata,-33.58,151.33,2018,4,21,10,1,-34_151,20.616589228312176,22.327646255493164,20.38137288106385,22.58066619237264,NA,NA,0
Parma unifasciata,-33.58,151.33,2018,4,21,10,2,-34_151,20.616589228312176,22.327646255493164,20.38137288106385,22.58066619237264,NA,NA,0
Parma unifasciata,-33.58,151.33,2018,4,21,12.5,3,-34_151,20.616589228312176,22.327646255493164,20.38137288106385,22.58066619237264,NA,NA,0
Parma unifasciata,-33.58,151.33,2018,4,21,7.5,1,-34_151,20.616589228312176,22.327646255493164,20.38137288106385,22.58066619237264,NA,NA,0
Parma unifasciata,-33.58,151.33,2018,4,21,10,10,-34_151,20.616589228312176,22.327646255493164,20.38137288106385,22.58066619237264,NA,NA,0
Parma unifasciata,-33.58,151.33,2018,4,21,12.5,3,-34_151,20.616589228312176,22.327646255493164,20.38137288106385,22.58066619237264,NA,NA,0
Parma unifasciata,-33.58,151.33,2018,4,21,7.5,2,-34_151,20.616589228312176,22.327646255493164,20.38137288106385,22.58066619237264,NA,NA,0
Parma unifasciata,-33.58,151.33,2018,4,21,10,2,-34_151,20.616589228312176,22.327646255493164,20.38137288106385,22.58066619237264,NA,NA,0
Parma unifasciata,-33.62,151.34,2018,4,21,7.5,7,-34_151,20.616589228312176,22.327646255493164,20.38137288106385,22.58066619237264,NA,NA,0
Parma unifasciata,-33.62,151.34,2018,4,21,10,8,-34_151,20.616589228312176,22.327646255493164,20.38137288106385,22.58066619237264,NA,NA,0
Parma unifasciata,-33.62,151.34,2018,4,21,12.5,8,-34_151,20.616589228312176,22.327646255493164,20.38137288106385,22.58066619237264,NA,NA,0
Parma unifasciata,-33.62,151.34,2018,4,21,15,7,-34_151,20.616589228312176,22.327646255493164,20.38137288106385,22.58066619237264,NA,NA,0
Parma unifasciata,-33.82,151.3,2018,4,2,2.5,2,-34_151,20.616589228312176,22.327646255493164,20.38137288106385,22.58066619237264,NA,NA,0
Parma unifasciata,-33.82,151.3,2018,4,2,5,5,-34_151,20.616589228312176,22.327646255493164,20.38137288106385,22.58066619237264,NA,NA,0
Parma unifasciata,-33.82,151.3,2018,4,2,7.5,5,-34_151,20.616589228312176,22.327646255493164,20.38137288106385,22.58066619237264,NA,NA,0
Parma unifasciata,-33.82,151.3,2018,4,2,10,5,-34_151,20.616589228312176,22.327646255493164,20.38137288106385,22.58066619237264,NA,NA,0
Parma unifasciata,-33.82,151.3,2018,4,2,12.5,5,-34_151,20.616589228312176,22.327646255493164,20.38137288106385,22.58066619237264,NA,NA,0
Parma unifasciata,-33.82,151.3,2018,4,2,15,1,-34_151,20.616589228312176,22.327646255493164,20.38137288106385,22.58066619237264,NA,NA,0
Parma unifasciata,-33.82,151.3,2018,4,2,25,1,-34_151,20.616589228312176,22.327646255493164,20.38137288106385,22.58066619237264,NA,NA,0
Parma unifasciata,-33.82,151.3,2018,4,2,2.5,30,-34_151,20.616589228312176,22.327646255493164,20.38137288106385,22.58066619237264,NA,NA,0
Parma unifasciata,-33.82,151.3,2018,4,2,5,40,-34_151,20.616589228312176,22.327646255493164,20.38137288106385,22.58066619237264,NA,NA,0
Parma unifasciata,-33.82,151.3,2018,4,2,7.5,20,-34_151,20.616589228312176,22.327646255493164,20.38137288106385,22.58066619237264,NA,NA,0
Parma unifasciata,-33.82,151.3,2018,4,2,10,10,-34_151,20.616589228312176,22.327646255493164,20.38137288106385,22.58066619237264,NA,NA,0
Parma unifasciata,-33.82,151.3,2018,4,2,12.5,10,-34_151,20.616589228312176,22.327646255493164,20.38137288106385,22.58066619237264,NA,NA,0
Parma unifasciata,-33.82,151.3,2018,4,2,7.5,7,-34_151,20.616589228312176,22.327646255493164,20.38137288106385,22.58066619237264,NA,NA,0
Parma unifasciata,-33.82,151.3,2018,4,2,10,6,-34_151,20.616589228312176,22.327646255493164,20.38137288106385,22.58066619237264,NA,NA,0
Parma unifasciata,-33.82,151.3,2018,4,2,12.5,10,-34_151,20.616589228312176,22.327646255493164,20.38137288106385,22.58066619237264,NA,NA,0
Parma unifasciata,-33.82,151.3,2018,4,2,15,13,-34_151,20.616589228312176,22.327646255493164,20.38137288106385,22.58066619237264,NA,NA,0
Parma unifasciata,-33.62,151.34,2018,4,21,12.5,3,-34_151,20.616589228312176,22.327646255493164,20.38137288106385,22.58066619237264,NA,NA,0
Parma unifasciata,-33.62,151.34,2018,4,21,15,4,-34_151,20.616589228312176,22.327646255493164,20.38137288106385,22.58066619237264,NA,NA,0
Parma unifasciata,-33.62,151.34,2018,4,21,20,1,-34_151,20.616589228312176,22.327646255493164,20.38137288106385,22.58066619237264,NA,NA,0
Parma unifasciata,-33.62,151.34,2018,4,21,7.5,1,-34_151,20.616589228312176,22.327646255493164,20.38137288106385,22.58066619237264,NA,NA,0
Parma unifasciata,-33.62,151.34,2018,4,21,10,12,-34_151,20.616589228312176,22.327646255493164,20.38137288106385,22.58066619237264,NA,NA,0
Parma unifasciata,-33.62,151.34,2018,4,21,7.5,45,-34_151,20.616589228312176,22.327646255493164,20.38137288106385,22.58066619237264,NA,NA,0
Parma unifasciata,-33.62,151.34,2018,4,21,10,40,-34_151,20.616589228312176,22.327646255493164,20.38137288106385,22.58066619237264,NA,NA,0
Parma unifasciata,-33.62,151.34,2018,4,21,7.5,1,-34_151,20.616589228312176,22.327646255493164,20.38137288106385,22.58066619237264,NA,NA,0
Parma unifasciata,-33.62,151.34,2018,4,21,10,5,-34_151,20.616589228312176,22.327646255493164,20.38137288106385,22.58066619237264,NA,NA,0
Parma unifasciata,-33.62,151.34,2018,4,21,5,1,-34_151,20.616589228312176,22.327646255493164,20.38137288106385,22.58066619237264,NA,NA,0
Parma unifasciata,-33.62,151.34,2018,4,21,10,1,-34_151,20.616589228312176,22.327646255493164,20.38137288106385,22.58066619237264,NA,NA,0
Parma unifasciata,-33.62,151.34,2018,4,21,15,1,-34_151,20.616589228312176,22.327646255493164,20.38137288106385,22.58066619237264,NA,NA,0
Parma unifasciata,-33.62,151.34,2018,4,21,7.5,1,-34_151,20.616589228312176,22.327646255493164,20.38137288106385,22.58066619237264,NA,NA,0
Parma unifasciata,-33.62,151.34,2018,4,21,12.5,1,-34_151,20.616589228312176,22.327646255493164,20.38137288106385,22.58066619237264,NA,NA,0
Parma unifasciata,-34,151.25,2018,3,30,5,1,-34_151,20.616589228312176,23.609176635742188,20.38137288106385,24.080563960536832,NA,NA,0
Parma unifasciata,-34,151.25,2018,3,30,7.5,6,-34_151,20.616589228312176,23.609176635742188,20.38137288106385,24.080563960536832,NA,NA,0
Parma unifasciata,-34,151.25,2018,3,30,10,8,-34_151,20.616589228312176,23.609176635742188,20.38137288106385,24.080563960536832,NA,NA,0
Parma unifasciata,-34,151.25,2018,3,30,12.5,2,-34_151,20.616589228312176,23.609176635742188,20.38137288106385,24.080563960536832,NA,NA,0
Parma unifasciata,-34,151.25,2018,3,30,7.5,3,-34_151,20.616589228312176,23.609176635742188,20.38137288106385,24.080563960536832,NA,NA,0
Parma unifasciata,-34,151.25,2018,3,30,10,2,-34_151,20.616589228312176,23.609176635742188,20.38137288106385,24.080563960536832,NA,NA,0
Parma unifasciata,-34,151.25,2018,3,30,7.5,1,-34_151,20.616589228312176,23.609176635742188,20.38137288106385,24.080563960536832,NA,NA,0
Parma unifasciata,-34,151.25,2018,3,30,10,3,-34_151,20.616589228312176,23.609176635742188,20.38137288106385,24.080563960536832,NA,NA,0
Parma unifasciata,-34,151.25,2018,3,30,12.5,1,-34_151,20.616589228312176,23.609176635742188,20.38137288106385,24.080563960536832,NA,NA,0
Parma unifasciata,-34,151.25,2018,3,30,2.5,1,-34_151,20.616589228312176,23.609176635742188,20.38137288106385,24.080563960536832,NA,NA,0
Parma unifasciata,-34.04,151.2,2018,3,30,5,1,-34_151,20.616589228312176,23.609176635742188,20.38137288106385,24.080563960536832,NA,NA,0
Parma unifasciata,-30.02,153.27,2018,5,8,12.5,15,-30_153,23.22174056371053,23.39381217956543,22.980507677637853,23.49219298824187,2002,Solitary Islands Marine Park,1
Parma unifasciata,-30.02,153.27,2018,5,8,15,7,-30_153,23.22174056371053,23.39381217956543,22.980507677637853,23.49219298824187,2002,Solitary Islands Marine Park,1
Parma unifasciata,-30.02,153.27,2018,5,8,12.5,18,-30_153,23.22174056371053,23.39381217956543,22.980507677637853,23.49219298824187,2002,Solitary Islands Marine Park,1
Parma unifasciata,-30.02,153.27,2018,5,8,15,12,-30_153,23.22174056371053,23.39381217956543,22.980507677637853,23.49219298824187,2002,Solitary Islands Marine Park,1
Parma unifasciata,-30.02,153.27,2018,5,8,5,7,-30_153,23.22174056371053,23.39381217956543,22.980507677637853,23.49219298824187,2002,Solitary Islands Marine Park,1
Parma unifasciata,-30.02,153.27,2018,5,8,7.5,100,-30_153,23.22174056371053,23.39381217956543,22.980507677637853,23.49219298824187,2002,Solitary Islands Marine Park,1
Parma unifasciata,-30.02,153.27,2018,5,8,10,51,-30_153,23.22174056371053,23.39381217956543,22.980507677637853,23.49219298824187,2002,Solitary Islands Marine Park,1
Parma unifasciata,-30.02,153.27,2018,5,8,5,3,-30_153,23.22174056371053,23.39381217956543,22.980507677637853,23.49219298824187,2002,Solitary Islands Marine Park,1
Parma unifasciata,-30.02,153.27,2018,5,8,7.5,101,-30_153,23.22174056371053,23.39381217956543,22.980507677637853,23.49219298824187,2002,Solitary Islands Marine Park,1
Parma unifasciata,-30.02,153.27,2018,5,8,10,40,-30_153,23.22174056371053,23.39381217956543,22.980507677637853,23.49219298824187,2002,Solitary Islands Marine Park,1
Parma unifasciata,-30.02,153.27,2018,5,8,5,7,-30_153,23.22174056371053,23.39381217956543,22.980507677637853,23.49219298824187,2002,Solitary Islands Marine Park,1
Parma unifasciata,-30.02,153.27,2018,5,8,7.5,10,-30_153,23.22174056371053,23.39381217956543,22.980507677637853,23.49219298824187,2002,Solitary Islands Marine Park,1
Parma unifasciata,-30.02,153.27,2018,5,8,10,50,-30_153,23.22174056371053,23.39381217956543,22.980507677637853,23.49219298824187,2002,Solitary Islands Marine Park,1
Parma unifasciata,-33.82,151.3,2018,4,2,7.5,4,-34_151,20.616589228312176,22.327646255493164,20.38137288106385,22.58066619237264,NA,NA,0
Parma unifasciata,-33.82,151.3,2018,4,2,10,2,-34_151,20.616589228312176,22.327646255493164,20.38137288106385,22.58066619237264,NA,NA,0
Parma unifasciata,-33.82,151.3,2018,4,2,12.5,5,-34_151,20.616589228312176,22.327646255493164,20.38137288106385,22.58066619237264,NA,NA,0
Parma unifasciata,-33.82,151.3,2018,4,2,15,10,-34_151,20.616589228312176,22.327646255493164,20.38137288106385,22.58066619237264,NA,NA,0
Parma unifasciata,-30.24,153.18,2019,7,29,7.5,50,-30_153,23.22229766845703,21.277053833007813,22.8868296359175,21.37999951762538,2002,Solitary Islands Marine Park,1
Parma unifasciata,-30.24,153.18,2019,7,29,10,100,-30_153,23.22229766845703,21.277053833007813,22.8868296359175,21.37999951762538,2002,Solitary Islands Marine Park,1
Parma unifasciata,-30.24,153.18,2019,7,29,12.5,10,-30_153,23.22229766845703,21.277053833007813,22.8868296359175,21.37999951762538,2002,Solitary Islands Marine Park,1
Parma unifasciata,-30.24,153.18,2019,7,29,7.5,15,-30_153,23.22229766845703,21.277053833007813,22.8868296359175,21.37999951762538,NA,NA,0
Parma unifasciata,-30.24,153.18,2019,7,29,10,25,-30_153,23.22229766845703,21.277053833007813,22.8868296359175,21.37999951762538,NA,NA,0
Parma unifasciata,-30.24,153.18,2019,7,29,12.5,30,-30_153,23.22229766845703,21.277053833007813,22.8868296359175,21.37999951762538,NA,NA,0
Parma unifasciata,-30.24,153.18,2019,7,29,7.5,20,-30_153,23.22229766845703,21.277053833007813,22.8868296359175,21.37999951762538,NA,NA,0
Parma unifasciata,-30.24,153.18,2019,7,29,10,15,-30_153,23.22229766845703,21.277053833007813,22.8868296359175,21.37999951762538,NA,NA,0
Parma unifasciata,-30.24,153.18,2019,7,29,12.5,20,-30_153,23.22229766845703,21.277053833007813,22.8868296359175,21.37999951762538,NA,NA,0
Parma unifasciata,-32.71,152.15,2019,7,26,5,1,-33_152,21.577637672424316,19.509727478027344,21.50456922728874,20.088655420528944,1983,Fly Point-Halifax Park,1
Parma unifasciata,-32.71,152.15,2019,7,26,7.5,1,-33_152,21.577637672424316,19.509727478027344,21.50456922728874,20.088655420528944,1983,Fly Point-Halifax Park,1
Parma unifasciata,-32.71,152.15,2019,7,26,10,3,-33_152,21.577637672424316,19.509727478027344,21.50456922728874,20.088655420528944,1983,Fly Point-Halifax Park,1
Parma unifasciata,-32.71,152.15,2019,7,26,12.5,2,-33_152,21.577637672424316,19.509727478027344,21.50456922728874,20.088655420528944,1983,Fly Point-Halifax Park,1
Parma unifasciata,-32.71,152.15,2019,7,26,15,1,-33_152,21.577637672424316,19.509727478027344,21.50456922728874,20.088655420528944,1983,Fly Point-Halifax Park,1
Parma unifasciata,-30.16,153.23,2019,7,20,10,40,-30_153,23.22229766845703,21.277053833007813,22.8868296359175,21.37999951762538,2002,Solitary Islands Marine Park,1
Parma unifasciata,-30.16,153.23,2019,7,20,12.5,35,-30_153,23.22229766845703,21.277053833007813,22.8868296359175,21.37999951762538,2002,Solitary Islands Marine Park,1
Parma unifasciata,-30.16,153.23,2019,7,20,7.5,2,-30_153,23.22229766845703,21.277053833007813,22.8868296359175,21.37999951762538,2002,Solitary Islands Marine Park,1
Parma unifasciata,-30.16,153.23,2019,7,20,10,8,-30_153,23.22229766845703,21.277053833007813,22.8868296359175,21.37999951762538,2002,Solitary Islands Marine Park,1
Parma unifasciata,-30.16,153.23,2019,7,20,12.5,6,-30_153,23.22229766845703,21.277053833007813,22.8868296359175,21.37999951762538,2002,Solitary Islands Marine Park,1
Parma unifasciata,-30.15,153.23,2019,7,20,10,25,-30_153,23.22229766845703,21.277053833007813,22.8868296359175,21.37999951762538,NA,NA,0
Parma unifasciata,-30.15,153.23,2019,7,20,12.5,15,-30_153,23.22229766845703,21.277053833007813,22.8868296359175,21.37999951762538,NA,NA,0
Parma unifasciata,-30.15,153.23,2019,7,20,10,20,-30_153,23.22229766845703,21.277053833007813,22.8868296359175,21.37999951762538,NA,NA,0
Parma unifasciata,-30.24,153.18,2019,7,29,5,3,-30_153,23.22229766845703,21.277053833007813,22.8868296359175,21.37999951762538,2002,Solitary Islands Marine Park,1
Parma unifasciata,-30.24,153.18,2019,7,29,7.5,15,-30_153,23.22229766845703,21.277053833007813,22.8868296359175,21.37999951762538,2002,Solitary Islands Marine Park,1
Parma unifasciata,-30.24,153.18,2019,7,29,10,30,-30_153,23.22229766845703,21.277053833007813,22.8868296359175,21.37999951762538,2002,Solitary Islands Marine Park,1
Parma unifasciata,-30.24,153.18,2019,7,29,12.5,20,-30_153,23.22229766845703,21.277053833007813,22.8868296359175,21.37999951762538,2002,Solitary Islands Marine Park,1
Parma unifasciata,-30.24,153.18,2019,7,29,10,15,-30_153,23.22229766845703,21.277053833007813,22.8868296359175,21.37999951762538,2002,Solitary Islands Marine Park,1
Parma unifasciata,-30.24,153.18,2019,7,29,12.5,10,-30_153,23.22229766845703,21.277053833007813,22.8868296359175,21.37999951762538,2002,Solitary Islands Marine Park,1
Parma unifasciata,-30.24,153.18,2019,7,29,5,2,-30_153,23.22229766845703,21.277053833007813,22.8868296359175,21.37999951762538,NA,NA,0
Parma unifasciata,-30.24,153.18,2019,7,29,7.5,1,-30_153,23.22229766845703,21.277053833007813,22.8868296359175,21.37999951762538,NA,NA,0
Parma unifasciata,-30.24,153.18,2019,7,29,10,45,-30_153,23.22229766845703,21.277053833007813,22.8868296359175,21.37999951762538,NA,NA,0
Parma unifasciata,-30.24,153.18,2019,7,29,12.5,55,-30_153,23.22229766845703,21.277053833007813,22.8868296359175,21.37999951762538,NA,NA,0
Parma unifasciata,-30.24,153.18,2019,7,29,10,20,-30_153,23.22229766845703,21.277053833007813,22.8868296359175,21.37999951762538,NA,NA,0
Parma unifasciata,-30.24,153.18,2019,7,29,12.5,15,-30_153,23.22229766845703,21.277053833007813,22.8868296359175,21.37999951762538,NA,NA,0
Parma unifasciata,-32.71,152.15,2019,11,17,7.5,1,-33_152,21.577637672424316,20.899921417236328,21.50456922728874,20.436194043689305,1983,Fly Point-Halifax Park,1
Parma unifasciata,-32.71,152.16,2019,10,19,12.5,3,-33_152,21.577637672424316,19.736297607421875,21.50456922728874,19.481746812020575,1983,Fly Point-Halifax Park,1
Parma unifasciata,-32.71,152.16,2019,10,19,15,1,-33_152,21.577637672424316,19.736297607421875,21.50456922728874,19.481746812020575,1983,Fly Point-Halifax Park,1
Parma unifasciata,-32.71,152.16,2019,10,20,12.5,1,-33_152,21.577637672424316,19.736297607421875,21.50456922728874,19.481746812020575,1983,Fly Point-Halifax Park,1
Parma unifasciata,-32.71,152.16,2019,10,20,2.5,2,-33_152,21.577637672424316,19.736297607421875,21.50456922728874,19.481746812020575,1983,Fly Point-Halifax Park,1
Parma unifasciata,-32.71,152.16,2019,10,20,7.5,1,-33_152,21.577637672424316,19.736297607421875,21.50456922728874,19.481746812020575,1983,Fly Point-Halifax Park,1
Parma unifasciata,-32.72,152.14,2019,10,26,2.5,1,-33_152,21.577637672424316,19.736297607421875,21.50456922728874,19.481746812020575,NA,NA,0
Parma unifasciata,-32.72,152.14,2019,10,26,7.5,1,-33_152,21.577637672424316,19.736297607421875,21.50456922728874,19.481746812020575,NA,NA,0
Parma unifasciata,-33.8,151.3,2019,11,16,12.5,1,-34_151,20.84144163131714,20.113094329833984,21.110917770883944,19.948749542236328,2002,Cabbage Tree Bay Aquatic Reserve,1
Parma unifasciata,-34.07,151.16,2018,6,16,15,1,-34_151,20.616589228312176,18.79426383972168,20.38137288106385,19.426582940419515,NA,NA,0
Parma unifasciata,-33.8,151.28,2020,1,4,12.5,1,-34_151,20.47879107793172,23.338397979736328,20.320949783510542,22.70733819469329,NA,NA,0
Parma unifasciata,-33.84,151.28,2020,1,11,5,2,-34_151,20.47879107793172,23.338397979736328,20.320949783510542,22.70733819469329,NA,NA,0
Parma unifasciata,-33.84,151.28,2020,1,11,10,1,-34_151,20.47879107793172,23.338397979736328,20.320949783510542,22.70733819469329,NA,NA,0
Parma unifasciata,-33.84,151.28,2020,1,11,12.5,1,-34_151,20.47879107793172,23.338397979736328,20.320949783510542,22.70733819469329,NA,NA,0
Parma unifasciata,-33.84,151.28,2020,1,25,12.5,1,-34_151,20.47879107793172,23.338397979736328,20.320949783510542,22.70733819469329,NA,NA,0
Parma unifasciata,-33.84,151.28,2020,1,11,7.5,2,-34_151,20.47879107793172,23.338397979736328,20.320949783510542,22.70733819469329,NA,NA,0
Parma unifasciata,-33.99,151.23,2019,2,23,10,1,-34_151,20.84144163131714,23.90707015991211,21.110917770883944,24.19624936580658,NA,NA,0
Parma unifasciata,-33.99,151.23,2019,2,23,12.5,1,-34_151,20.84144163131714,23.90707015991211,21.110917770883944,24.19624936580658,NA,NA,0
Parma unifasciata,-33.8,151.29,2019,2,14,15,1,-34_151,20.84144163131714,23.90707015991211,21.110917770883944,24.19624936580658,2002,Cabbage Tree Bay Aquatic Reserve,1
Parma unifasciata,-33.8,151.29,2019,2,14,20,1,-34_151,20.84144163131714,23.90707015991211,21.110917770883944,24.19624936580658,2002,Cabbage Tree Bay Aquatic Reserve,1
Parma unifasciata,-33.8,151.27,2019,2,14,20,2,-34_151,20.84144163131714,23.90707015991211,21.110917770883944,24.19624936580658,NA,NA,0
Parma unifasciata,-33.99,151.23,2019,2,3,12.5,1,-34_151,20.84144163131714,23.90707015991211,21.110917770883944,24.19624936580658,NA,NA,0
Parma unifasciata,-33.8,151.3,2019,2,8,12.5,1,-34_151,20.84144163131714,23.90707015991211,21.110917770883944,24.19624936580658,2002,Cabbage Tree Bay Aquatic Reserve,1
Parma unifasciata,-33.99,151.23,2019,2,3,7.5,1,-34_151,20.84144163131714,23.90707015991211,21.110917770883944,24.19624936580658,NA,NA,0
Parma unifasciata,-33.99,151.23,2019,2,3,10,1,-34_151,20.84144163131714,23.90707015991211,21.110917770883944,24.19624936580658,NA,NA,0
Parma unifasciata,-33.99,151.23,2019,2,3,12.5,3,-34_151,20.84144163131714,23.90707015991211,21.110917770883944,24.19624936580658,NA,NA,0
Parma unifasciata,-33.99,151.23,2019,2,3,15,3,-34_151,20.84144163131714,23.90707015991211,21.110917770883944,24.19624936580658,NA,NA,0
Parma unifasciata,-33.99,151.23,2019,2,3,12.5,1,-34_151,20.84144163131714,23.90707015991211,21.110917770883944,24.19624936580658,NA,NA,0
Parma unifasciata,-33.99,151.23,2019,2,3,15,2,-34_151,20.84144163131714,23.90707015991211,21.110917770883944,24.19624936580658,NA,NA,0
Parma unifasciata,-33.8,151.3,2019,2,8,12.5,1,-34_151,20.84144163131714,23.90707015991211,21.110917770883944,24.19624936580658,2002,Cabbage Tree Bay Aquatic Reserve,1
Parma unifasciata,-33.8,151.3,2019,2,8,2.5,5,-34_151,20.84144163131714,23.90707015991211,21.110917770883944,24.19624936580658,2002,Cabbage Tree Bay Aquatic Reserve,1
Parma unifasciata,-33.8,151.3,2019,2,8,5,5,-34_151,20.84144163131714,23.90707015991211,21.110917770883944,24.19624936580658,2002,Cabbage Tree Bay Aquatic Reserve,1
Parma unifasciata,-33.8,151.3,2019,2,8,7.5,5,-34_151,20.84144163131714,23.90707015991211,21.110917770883944,24.19624936580658,2002,Cabbage Tree Bay Aquatic Reserve,1
Parma unifasciata,-33.8,151.3,2019,2,8,10,5,-34_151,20.84144163131714,23.90707015991211,21.110917770883944,24.19624936580658,2002,Cabbage Tree Bay Aquatic Reserve,1
Parma unifasciata,-34,151.23,2019,2,10,12.5,1,-34_151,20.84144163131714,23.90707015991211,21.110917770883944,24.19624936580658,NA,NA,0
Parma unifasciata,-33.8,151.29,2019,2,14,5,1,-34_151,20.84144163131714,23.90707015991211,21.110917770883944,24.19624936580658,2002,Cabbage Tree Bay Aquatic Reserve,1
Parma unifasciata,-30.2,153.27,2019,5,17,12.5,10,-30_153,23.22229766845703,23.360538482666016,22.8868296359175,23.510967205416772,2002,Solitary Islands Marine Park,1
Parma unifasciata,-30.2,153.27,2019,5,17,7.5,15,-30_153,23.22229766845703,23.360538482666016,22.8868296359175,23.510967205416772,2002,Solitary Islands Marine Park,1
Parma unifasciata,-30.2,153.27,2019,5,17,10,20,-30_153,23.22229766845703,23.360538482666016,22.8868296359175,23.510967205416772,2002,Solitary Islands Marine Park,1
Parma unifasciata,-30.2,153.27,2019,5,17,12.5,25,-30_153,23.22229766845703,23.360538482666016,22.8868296359175,23.510967205416772,2002,Solitary Islands Marine Park,1
Parma unifasciata,-30.2,153.27,2019,5,17,15,3,-30_153,23.22229766845703,23.360538482666016,22.8868296359175,23.510967205416772,2002,Solitary Islands Marine Park,1
Parma unifasciata,-30.2,153.26,2019,5,17,15,20,-30_153,23.22229766845703,23.360538482666016,22.8868296359175,23.510967205416772,2002,Solitary Islands Marine Park,1
Parma unifasciata,-30.2,153.26,2019,5,17,10,5,-30_153,23.22229766845703,23.360538482666016,22.8868296359175,23.510967205416772,2002,Solitary Islands Marine Park,1
Parma unifasciata,-30.2,153.26,2019,5,17,12.5,4,-30_153,23.22229766845703,23.360538482666016,22.8868296359175,23.510967205416772,2002,Solitary Islands Marine Park,1
Parma unifasciata,-30.2,153.26,2019,5,17,15,4,-30_153,23.22229766845703,23.360538482666016,22.8868296359175,23.510967205416772,2002,Solitary Islands Marine Park,1
Parma unifasciata,-29.93,153.39,2019,5,18,12.5,10,-30_153,23.22229766845703,23.360538482666016,22.8868296359175,23.510967205416772,2002,Solitary Islands Marine Park,1
Parma unifasciata,-29.93,153.39,2019,5,18,15,2,-30_153,23.22229766845703,23.360538482666016,22.8868296359175,23.510967205416772,2002,Solitary Islands Marine Park,1
Parma unifasciata,-30.21,153.27,2019,5,17,10,10,-30_153,23.22229766845703,23.360538482666016,22.8868296359175,23.510967205416772,2002,Solitary Islands Marine Park,1
Parma unifasciata,-30.21,153.27,2019,5,17,12.5,15,-30_153,23.22229766845703,23.360538482666016,22.8868296359175,23.510967205416772,2002,Solitary Islands Marine Park,1
Parma unifasciata,-29.93,153.39,2019,5,18,7.5,5,-30_153,23.22229766845703,23.360538482666016,22.8868296359175,23.510967205416772,2002,Solitary Islands Marine Park,1
Parma unifasciata,-29.93,153.39,2019,5,18,10,25,-30_153,23.22229766845703,23.360538482666016,22.8868296359175,23.510967205416772,2002,Solitary Islands Marine Park,1
Parma unifasciata,-29.93,153.39,2019,5,18,12.5,5,-30_153,23.22229766845703,23.360538482666016,22.8868296359175,23.510967205416772,2002,Solitary Islands Marine Park,1
Parma unifasciata,-29.92,153.39,2019,5,18,7.5,4,-30_153,23.22229766845703,23.360538482666016,22.8868296359175,23.510967205416772,2002,Solitary Islands Marine Park,1
Parma unifasciata,-29.92,153.39,2019,5,18,10,2,-30_153,23.22229766845703,23.360538482666016,22.8868296359175,23.510967205416772,2002,Solitary Islands Marine Park,1
Parma unifasciata,-30.02,153.27,2019,5,14,7.5,50,-30_153,23.22229766845703,23.360538482666016,22.8868296359175,23.510967205416772,2002,Solitary Islands Marine Park,1
Parma unifasciata,-30.02,153.27,2019,5,14,10,25,-30_153,23.22229766845703,23.360538482666016,22.8868296359175,23.510967205416772,2002,Solitary Islands Marine Park,1
Parma unifasciata,-30.02,153.27,2019,5,14,12.5,5,-30_153,23.22229766845703,23.360538482666016,22.8868296359175,23.510967205416772,2002,Solitary Islands Marine Park,1
Parma unifasciata,-29.93,153.39,2019,5,18,7.5,1,-30_153,23.22229766845703,23.360538482666016,22.8868296359175,23.510967205416772,2002,Solitary Islands Marine Park,1
Parma unifasciata,-30.02,153.27,2019,5,14,7.5,20,-30_153,23.22229766845703,23.360538482666016,22.8868296359175,23.510967205416772,2002,Solitary Islands Marine Park,1
Parma unifasciata,-30.02,153.27,2019,5,14,10,30,-30_153,23.22229766845703,23.360538482666016,22.8868296359175,23.510967205416772,2002,Solitary Islands Marine Park,1
Parma unifasciata,-29.93,153.39,2019,5,18,10,2,-30_153,23.22229766845703,23.360538482666016,22.8868296359175,23.510967205416772,2002,Solitary Islands Marine Park,1
Parma unifasciata,-29.93,153.39,2019,5,18,12.5,1,-30_153,23.22229766845703,23.360538482666016,22.8868296359175,23.510967205416772,2002,Solitary Islands Marine Park,1
Parma unifasciata,-30.02,153.27,2019,5,14,7.5,20,-30_153,23.22229766845703,23.360538482666016,22.8868296359175,23.510967205416772,2002,Solitary Islands Marine Park,1
Parma unifasciata,-30.02,153.27,2019,5,14,10,30,-30_153,23.22229766845703,23.360538482666016,22.8868296359175,23.510967205416772,2002,Solitary Islands Marine Park,1
Parma unifasciata,-30.02,153.27,2019,5,14,12.5,5,-30_153,23.22229766845703,23.360538482666016,22.8868296359175,23.510967205416772,2002,Solitary Islands Marine Park,1
Parma unifasciata,-30.02,153.27,2019,5,14,10,40,-30_153,23.22229766845703,23.360538482666016,22.8868296359175,23.510967205416772,2002,Solitary Islands Marine Park,1
Parma unifasciata,-30.02,153.27,2019,5,14,12.5,10,-30_153,23.22229766845703,23.360538482666016,22.8868296359175,23.510967205416772,2002,Solitary Islands Marine Park,1
Parma unifasciata,-30.2,153.27,2019,5,17,7.5,25,-30_153,23.22229766845703,23.360538482666016,22.8868296359175,23.510967205416772,2002,Solitary Islands Marine Park,1
Parma unifasciata,-30.2,153.27,2019,5,17,10,50,-30_153,23.22229766845703,23.360538482666016,22.8868296359175,23.510967205416772,2002,Solitary Islands Marine Park,1
Parma unifasciata,-30.2,153.27,2019,5,17,12.5,5,-30_153,23.22229766845703,23.360538482666016,22.8868296359175,23.510967205416772,2002,Solitary Islands Marine Park,1
Parma unifasciata,-30.2,153.27,2019,5,17,7.5,15,-30_153,23.22229766845703,23.360538482666016,22.8868296359175,23.510967205416772,2002,Solitary Islands Marine Park,1
Parma unifasciata,-30.2,153.27,2019,5,17,10,40,-30_153,23.22229766845703,23.360538482666016,22.8868296359175,23.510967205416772,2002,Solitary Islands Marine Park,1
Parma unifasciata,-30.2,153.27,2019,5,17,12.5,12,-30_153,23.22229766845703,23.360538482666016,22.8868296359175,23.510967205416772,2002,Solitary Islands Marine Park,1
Parma unifasciata,-30.21,153.27,2019,5,17,10,20,-30_153,23.22229766845703,23.360538482666016,22.8868296359175,23.510967205416772,2002,Solitary Islands Marine Park,1
Parma unifasciata,-30.21,153.27,2019,5,17,12.5,25,-30_153,23.22229766845703,23.360538482666016,22.8868296359175,23.510967205416772,2002,Solitary Islands Marine Park,1
Parma unifasciata,-30.2,153.27,2019,5,17,5,2,-30_153,23.22229766845703,23.360538482666016,22.8868296359175,23.510967205416772,2002,Solitary Islands Marine Park,1
Parma unifasciata,-30.2,153.27,2019,5,17,10,32,-30_153,23.22229766845703,23.360538482666016,22.8868296359175,23.510967205416772,2002,Solitary Islands Marine Park,1
Parma unifasciata,-30.2,153.27,2019,5,17,12.5,25,-30_153,23.22229766845703,23.360538482666016,22.8868296359175,23.510967205416772,2002,Solitary Islands Marine Park,1
Parma unifasciata,-29.93,153.39,2019,5,18,10,3,-30_153,23.22229766845703,23.360538482666016,22.8868296359175,23.510967205416772,2002,Solitary Islands Marine Park,1
Parma unifasciata,-29.93,153.39,2019,5,18,12.5,2,-30_153,23.22229766845703,23.360538482666016,22.8868296359175,23.510967205416772,2002,Solitary Islands Marine Park,1
Parma unifasciata,-30.2,153.27,2019,5,17,10,30,-30_153,23.22229766845703,23.360538482666016,22.8868296359175,23.510967205416772,2002,Solitary Islands Marine Park,1
Parma unifasciata,-30.2,153.27,2019,5,17,12.5,10,-30_153,23.22229766845703,23.360538482666016,22.8868296359175,23.510967205416772,2002,Solitary Islands Marine Park,1
Parma unifasciata,-30.2,153.27,2019,5,17,15,10,-30_153,23.22229766845703,23.360538482666016,22.8868296359175,23.510967205416772,2002,Solitary Islands Marine Park,1
Parma unifasciata,-30.2,153.26,2019,5,17,12.5,5,-30_153,23.22229766845703,23.360538482666016,22.8868296359175,23.510967205416772,2002,Solitary Islands Marine Park,1
Parma unifasciata,-30.2,153.26,2019,5,17,15,5,-30_153,23.22229766845703,23.360538482666016,22.8868296359175,23.510967205416772,2002,Solitary Islands Marine Park,1
Parma unifasciata,-30.2,153.26,2019,5,17,10,10,-30_153,23.22229766845703,23.360538482666016,22.8868296359175,23.510967205416772,2002,Solitary Islands Marine Park,1
Parma unifasciata,-29.93,153.39,2019,5,18,10,5,-30_153,23.22229766845703,23.360538482666016,22.8868296359175,23.510967205416772,2002,Solitary Islands Marine Park,1
Parma unifasciata,-29.93,153.39,2019,5,18,5,3,-30_153,23.22229766845703,23.360538482666016,22.8868296359175,23.510967205416772,2002,Solitary Islands Marine Park,1
Parma unifasciata,-29.93,153.39,2019,5,18,10,45,-30_153,23.22229766845703,23.360538482666016,22.8868296359175,23.510967205416772,2002,Solitary Islands Marine Park,1
Parma unifasciata,-29.93,153.39,2019,5,18,12.5,55,-30_153,23.22229766845703,23.360538482666016,22.8868296359175,23.510967205416772,2002,Solitary Islands Marine Park,1
Parma unifasciata,-29.93,153.39,2019,5,18,12.5,5,-30_153,23.22229766845703,23.360538482666016,22.8868296359175,23.510967205416772,2002,Solitary Islands Marine Park,1
Parma unifasciata,-29.93,153.39,2019,5,18,15,5,-30_153,23.22229766845703,23.360538482666016,22.8868296359175,23.510967205416772,2002,Solitary Islands Marine Park,1
Parma unifasciata,-29.92,153.39,2019,5,18,7.5,11,-30_153,23.22229766845703,23.360538482666016,22.8868296359175,23.510967205416772,2002,Solitary Islands Marine Park,1
Parma unifasciata,-29.92,153.39,2019,5,18,10,25,-30_153,23.22229766845703,23.360538482666016,22.8868296359175,23.510967205416772,2002,Solitary Islands Marine Park,1
Parma unifasciata,-29.92,153.39,2019,5,18,5,1,-30_153,23.22229766845703,23.360538482666016,22.8868296359175,23.510967205416772,2002,Solitary Islands Marine Park,1
Parma unifasciata,-29.92,153.39,2019,5,18,12.5,5,-30_153,23.22229766845703,23.360538482666016,22.8868296359175,23.510967205416772,2002,Solitary Islands Marine Park,1
Parma unifasciata,-29.93,153.39,2019,5,18,10,7,-30_153,23.22229766845703,23.360538482666016,22.8868296359175,23.510967205416772,2002,Solitary Islands Marine Park,1
Parma unifasciata,-30.02,153.27,2019,5,14,7.5,2,-30_153,23.22229766845703,23.360538482666016,22.8868296359175,23.510967205416772,2002,Solitary Islands Marine Park,1
Parma unifasciata,-30.02,153.27,2019,5,14,12.5,4,-30_153,23.22229766845703,23.360538482666016,22.8868296359175,23.510967205416772,2002,Solitary Islands Marine Park,1
Parma unifasciata,-30.02,153.27,2019,5,14,15,12,-30_153,23.22229766845703,23.360538482666016,22.8868296359175,23.510967205416772,2002,Solitary Islands Marine Park,1
Parma unifasciata,-30.02,153.27,2019,5,14,12.5,9,-30_153,23.22229766845703,23.360538482666016,22.8868296359175,23.510967205416772,2002,Solitary Islands Marine Park,1
Parma unifasciata,-30.02,153.27,2019,5,14,15,15,-30_153,23.22229766845703,23.360538482666016,22.8868296359175,23.510967205416772,2002,Solitary Islands Marine Park,1
Parma unifasciata,-30.02,153.27,2019,5,14,10,10,-30_153,23.22229766845703,23.360538482666016,22.8868296359175,23.510967205416772,2002,Solitary Islands Marine Park,1
Parma unifasciata,-30.02,153.27,2019,5,14,12.5,17,-30_153,23.22229766845703,23.360538482666016,22.8868296359175,23.510967205416772,2002,Solitary Islands Marine Park,1
Parma unifasciata,-30.02,153.27,2019,5,14,7.5,1,-30_153,23.22229766845703,23.360538482666016,22.8868296359175,23.510967205416772,2002,Solitary Islands Marine Park,1
Parma unifasciata,-30.02,153.27,2019,5,14,12.5,15,-30_153,23.22229766845703,23.360538482666016,22.8868296359175,23.510967205416772,2002,Solitary Islands Marine Park,1
Parma unifasciata,-30.2,153.27,2019,5,17,12.5,4,-30_153,23.22229766845703,23.360538482666016,22.8868296359175,23.510967205416772,2002,Solitary Islands Marine Park,1
Parma unifasciata,-30.2,153.27,2019,5,17,15,14,-30_153,23.22229766845703,23.360538482666016,22.8868296359175,23.510967205416772,2002,Solitary Islands Marine Park,1
Parma unifasciata,-30.2,153.27,2019,5,17,12.5,8,-30_153,23.22229766845703,23.360538482666016,22.8868296359175,23.510967205416772,2002,Solitary Islands Marine Park,1
Parma unifasciata,-30.2,153.27,2019,5,17,15,12,-30_153,23.22229766845703,23.360538482666016,22.8868296359175,23.510967205416772,2002,Solitary Islands Marine Park,1
Parma unifasciata,-30.21,153.27,2019,5,17,10,9,-30_153,23.22229766845703,23.360538482666016,22.8868296359175,23.510967205416772,2002,Solitary Islands Marine Park,1
Parma unifasciata,-30.21,153.27,2019,5,17,12.5,12,-30_153,23.22229766845703,23.360538482666016,22.8868296359175,23.510967205416772,2002,Solitary Islands Marine Park,1
Parma unifasciata,-30.21,153.27,2019,5,17,15,9,-30_153,23.22229766845703,23.360538482666016,22.8868296359175,23.510967205416772,2002,Solitary Islands Marine Park,1
Parma unifasciata,-30.21,153.27,2019,5,17,10,4,-30_153,23.22229766845703,23.360538482666016,22.8868296359175,23.510967205416772,2002,Solitary Islands Marine Park,1
Parma unifasciata,-30.21,153.27,2019,5,17,12.5,2,-30_153,23.22229766845703,23.360538482666016,22.8868296359175,23.510967205416772,2002,Solitary Islands Marine Park,1
Parma unifasciata,-30.21,153.27,2019,5,17,15,6,-30_153,23.22229766845703,23.360538482666016,22.8868296359175,23.510967205416772,2002,Solitary Islands Marine Park,1
Parma unifasciata,-29.93,153.39,2019,5,18,12.5,10,-30_153,23.22229766845703,23.360538482666016,22.8868296359175,23.510967205416772,2002,Solitary Islands Marine Park,1
Parma unifasciata,-29.93,153.39,2019,5,18,15,10,-30_153,23.22229766845703,23.360538482666016,22.8868296359175,23.510967205416772,2002,Solitary Islands Marine Park,1
Parma unifasciata,-29.93,153.39,2019,5,18,12.5,5,-30_153,23.22229766845703,23.360538482666016,22.8868296359175,23.510967205416772,2002,Solitary Islands Marine Park,1
Parma unifasciata,-29.93,153.39,2019,5,18,12.5,5,-30_153,23.22229766845703,23.360538482666016,22.8868296359175,23.510967205416772,2002,Solitary Islands Marine Park,1
Parma unifasciata,-29.93,153.39,2019,5,18,15,6,-30_153,23.22229766845703,23.360538482666016,22.8868296359175,23.510967205416772,2002,Solitary Islands Marine Park,1
Parma unifasciata,-29.93,153.39,2019,5,18,12.5,12,-30_153,23.22229766845703,23.360538482666016,22.8868296359175,23.510967205416772,2002,Solitary Islands Marine Park,1
Parma unifasciata,-29.93,153.39,2019,5,18,15,10,-30_153,23.22229766845703,23.360538482666016,22.8868296359175,23.510967205416772,2002,Solitary Islands Marine Park,1
Parma unifasciata,-30.3,153.15,2019,5,23,10,2,-30_153,23.22229766845703,23.360538482666016,22.8868296359175,23.510967205416772,NA,NA,0
Parma unifasciata,-30.3,153.15,2019,5,23,12.5,5,-30_153,23.22229766845703,23.360538482666016,22.8868296359175,23.510967205416772,NA,NA,0
Parma unifasciata,-30.3,153.15,2019,5,23,15,2,-30_153,23.22229766845703,23.360538482666016,22.8868296359175,23.510967205416772,NA,NA,0
Parma unifasciata,-30.3,153.15,2019,5,23,7.5,2,-30_153,23.22229766845703,23.360538482666016,22.8868296359175,23.510967205416772,NA,NA,0
Parma unifasciata,-30.3,153.15,2019,5,23,10,4,-30_153,23.22229766845703,23.360538482666016,22.8868296359175,23.510967205416772,NA,NA,0
Parma unifasciata,-30.16,153.23,2019,7,20,12.5,10,-30_153,23.22229766845703,21.277053833007813,22.8868296359175,21.37999951762538,2002,Solitary Islands Marine Park,1
Parma unifasciata,-30.15,153.23,2019,7,20,5,1,-30_153,23.22229766845703,21.277053833007813,22.8868296359175,21.37999951762538,NA,NA,0
Parma unifasciata,-30.15,153.23,2019,7,20,7.5,10,-30_153,23.22229766845703,21.277053833007813,22.8868296359175,21.37999951762538,NA,NA,0
Parma unifasciata,-30.15,153.23,2019,7,20,10,30,-30_153,23.22229766845703,21.277053833007813,22.8868296359175,21.37999951762538,NA,NA,0
Parma unifasciata,-30.15,153.23,2019,7,20,12.5,45,-30_153,23.22229766845703,21.277053833007813,22.8868296359175,21.37999951762538,NA,NA,0
Parma unifasciata,-30.15,153.23,2019,7,20,7.5,20,-30_153,23.22229766845703,21.277053833007813,22.8868296359175,21.37999951762538,NA,NA,0
Parma unifasciata,-30.15,153.23,2019,7,20,10,20,-30_153,23.22229766845703,21.277053833007813,22.8868296359175,21.37999951762538,NA,NA,0
Parma unifasciata,-30.15,153.23,2019,7,20,12.5,60,-30_153,23.22229766845703,21.277053833007813,22.8868296359175,21.37999951762538,NA,NA,0
Parma unifasciata,-32.71,152.16,2019,8,3,7.5,2,-33_152,21.577637672424316,19.10185813903809,21.50456922728874,19.27037590293474,1983,Fly Point-Halifax Park,1
Parma unifasciata,-32.71,152.16,2019,8,3,10,1,-33_152,21.577637672424316,19.10185813903809,21.50456922728874,19.27037590293474,1983,Fly Point-Halifax Park,1
Parma unifasciata,-30.16,153.23,2019,7,20,7.5,15,-30_153,23.22229766845703,21.277053833007813,22.8868296359175,21.37999951762538,2002,Solitary Islands Marine Park,1
Parma unifasciata,-30.16,153.23,2019,7,20,10,20,-30_153,23.22229766845703,21.277053833007813,22.8868296359175,21.37999951762538,2002,Solitary Islands Marine Park,1
Parma unifasciata,-30.16,153.23,2019,7,20,12.5,5,-30_153,23.22229766845703,21.277053833007813,22.8868296359175,21.37999951762538,2002,Solitary Islands Marine Park,1
Parma unifasciata,-30.16,153.23,2019,7,20,10,30,-30_153,23.22229766845703,21.277053833007813,22.8868296359175,21.37999951762538,2002,Solitary Islands Marine Park,1
Parma unifasciata,-33.82,151.3,2021,3,13,5,4,-34_151,20.64797862370809,22.626602172851563,20.950210547590647,24.65338659286499,NA,NA,0
Parma unifasciata,-33.82,151.3,2021,3,13,7.5,4,-34_151,20.64797862370809,22.626602172851563,20.950210547590647,24.65338659286499,NA,NA,0
Parma unifasciata,-33.82,151.3,2021,3,13,10,4,-34_151,20.64797862370809,22.626602172851563,20.950210547590647,24.65338659286499,NA,NA,0
Parma unifasciata,-33.82,151.3,2021,3,13,12.5,4,-34_151,20.64797862370809,22.626602172851563,20.950210547590647,24.65338659286499,NA,NA,0
Parma unifasciata,-33.82,151.3,2021,3,13,15,4,-34_151,20.64797862370809,22.626602172851563,20.950210547590647,24.65338659286499,NA,NA,0
Parma unifasciata,-33.82,151.3,2021,3,13,5,6,-34_151,20.64797862370809,22.626602172851563,20.950210547590647,24.65338659286499,NA,NA,0
Parma unifasciata,-33.82,151.3,2021,3,13,7.5,6,-34_151,20.64797862370809,22.626602172851563,20.950210547590647,24.65338659286499,NA,NA,0
Parma unifasciata,-33.82,151.3,2021,3,13,10,6,-34_151,20.64797862370809,22.626602172851563,20.950210547590647,24.65338659286499,NA,NA,0
Parma unifasciata,-33.82,151.3,2021,3,13,12.5,6,-34_151,20.64797862370809,22.626602172851563,20.950210547590647,24.65338659286499,NA,NA,0
Parma unifasciata,-33.82,151.3,2021,3,13,15,6,-34_151,20.64797862370809,22.626602172851563,20.950210547590647,24.65338659286499,NA,NA,0
Parma unifasciata,-33.81,151.27,2021,4,5,10,1,-34_151,20.64797862370809,22.47407341003418,20.950210547590647,22.6909161567688,NA,NA,0
Parma unifasciata,-33.81,151.27,2021,4,5,12.5,2,-34_151,20.64797862370809,22.47407341003418,20.950210547590647,22.6909161567688,NA,NA,0
Parma unifasciata,-33.81,151.27,2021,4,5,5,1,-34_151,20.64797862370809,22.47407341003418,20.950210547590647,22.6909161567688,NA,NA,0
Parma unifasciata,-33.81,151.27,2021,4,5,10,3,-34_151,20.64797862370809,22.47407341003418,20.950210547590647,22.6909161567688,NA,NA,0
Parma unifasciata,-33.81,151.27,2021,4,5,12.5,3,-34_151,20.64797862370809,22.47407341003418,20.950210547590647,22.6909161567688,NA,NA,0
Parma unifasciata,-33.99,151.23,2020,12,28,12.5,1,-34_151,20.47879107793172,21.796039581298828,20.320949783510542,21.38145117605886,NA,NA,0
Parma unifasciata,-33.82,151.3,2021,3,13,7.5,5,-34_151,20.64797862370809,22.626602172851563,20.950210547590647,24.65338659286499,NA,NA,0
Parma unifasciata,-33.82,151.3,2021,3,13,10,5,-34_151,20.64797862370809,22.626602172851563,20.950210547590647,24.65338659286499,NA,NA,0
Parma unifasciata,-33.82,151.3,2021,3,13,12.5,10,-34_151,20.64797862370809,22.626602172851563,20.950210547590647,24.65338659286499,NA,NA,0
Parma unifasciata,-33.82,151.3,2021,3,13,15,10,-34_151,20.64797862370809,22.626602172851563,20.950210547590647,24.65338659286499,NA,NA,0
Parma unifasciata,-33.82,151.3,2021,3,13,10,10,-34_151,20.64797862370809,22.626602172851563,20.950210547590647,24.65338659286499,NA,NA,0
Parma unifasciata,-33.82,151.3,2021,3,13,12.5,25,-34_151,20.64797862370809,22.626602172851563,20.950210547590647,24.65338659286499,NA,NA,0
Parma unifasciata,-33.82,151.29,2021,3,13,10,5,-34_151,20.64797862370809,22.626602172851563,20.950210547590647,24.65338659286499,NA,NA,0
Parma unifasciata,-33.82,151.29,2021,3,13,12.5,20,-34_151,20.64797862370809,22.626602172851563,20.950210547590647,24.65338659286499,NA,NA,0
Parma unifasciata,-33.82,151.29,2021,3,13,7.5,7,-34_151,20.64797862370809,22.626602172851563,20.950210547590647,24.65338659286499,NA,NA,0
Parma unifasciata,-33.82,151.29,2021,3,13,10,8,-34_151,20.64797862370809,22.626602172851563,20.950210547590647,24.65338659286499,NA,NA,0
Parma unifasciata,-33.82,151.29,2021,3,13,12.5,8,-34_151,20.64797862370809,22.626602172851563,20.950210547590647,24.65338659286499,NA,NA,0
Parma unifasciata,-33.82,151.29,2021,3,13,15,7,-34_151,20.64797862370809,22.626602172851563,20.950210547590647,24.65338659286499,NA,NA,0
Parma unifasciata,-33.82,151.29,2021,3,13,12.5,1,-34_151,20.64797862370809,22.626602172851563,20.950210547590647,24.65338659286499,NA,NA,0
Parma unifasciata,-33.82,151.29,2021,3,13,15,10,-34_151,20.64797862370809,22.626602172851563,20.950210547590647,24.65338659286499,NA,NA,0
Parma unifasciata,-33.82,151.29,2021,3,13,12.5,10,-34_151,20.64797862370809,22.626602172851563,20.950210547590647,24.65338659286499,NA,NA,0
Parma unifasciata,-33.99,151.23,2020,11,28,5,1,-34_151,20.47879107793172,19.730010986328125,20.320949783510542,20.015332873662313,NA,NA,0
Parma unifasciata,-33.99,151.23,2020,11,28,10,1,-34_151,20.47879107793172,19.730010986328125,20.320949783510542,20.015332873662313,NA,NA,0
Parma unifasciata,-33.99,151.23,2020,11,28,12.5,1,-34_151,20.47879107793172,19.730010986328125,20.320949783510542,20.015332873662313,NA,NA,0
Parma unifasciata,-33.99,151.23,2020,11,28,7.5,1,-34_151,20.47879107793172,19.730010986328125,20.320949783510542,20.015332873662313,NA,NA,0
Parma unifasciata,-33.99,151.23,2020,11,28,12.5,5,-34_151,20.47879107793172,19.730010986328125,20.320949783510542,20.015332873662313,NA,NA,0
Parma unifasciata,-33.99,151.23,2020,11,28,15,1,-34_151,20.47879107793172,19.730010986328125,20.320949783510542,20.015332873662313,NA,NA,0
Parma unifasciata,-33.81,151.31,2021,4,3,2.5,1,-34_151,20.64797862370809,22.47407341003418,20.950210547590647,22.6909161567688,NA,NA,0
Parma unifasciata,-33.81,151.31,2021,4,3,5,1,-34_151,20.64797862370809,22.47407341003418,20.950210547590647,22.6909161567688,NA,NA,0
Parma unifasciata,-33.81,151.31,2021,4,3,7.5,2,-34_151,20.64797862370809,22.47407341003418,20.950210547590647,22.6909161567688,NA,NA,0
Parma unifasciata,-33.81,151.31,2021,4,3,10,1,-34_151,20.64797862370809,22.47407341003418,20.950210547590647,22.6909161567688,NA,NA,0
Parma unifasciata,-33.81,151.31,2021,4,3,12.5,1,-34_151,20.64797862370809,22.47407341003418,20.950210547590647,22.6909161567688,NA,NA,0
Parma unifasciata,-33.81,151.31,2021,4,3,15,1,-34_151,20.64797862370809,22.47407341003418,20.950210547590647,22.6909161567688,NA,NA,0
Parma unifasciata,-33.81,151.31,2021,4,3,5,5,-34_151,20.64797862370809,22.47407341003418,20.950210547590647,22.6909161567688,NA,NA,0
Parma unifasciata,-33.81,151.31,2021,4,3,10,5,-34_151,20.64797862370809,22.47407341003418,20.950210547590647,22.6909161567688,NA,NA,0
Parma unifasciata,-33.81,151.31,2021,4,3,12.5,5,-34_151,20.64797862370809,22.47407341003418,20.950210547590647,22.6909161567688,NA,NA,0
Parma unifasciata,-33.81,151.27,2021,4,5,10,1,-34_151,20.64797862370809,22.47407341003418,20.950210547590647,22.6909161567688,NA,NA,0
Parma unifasciata,-33.81,151.27,2021,4,5,12.5,2,-34_151,20.64797862370809,22.47407341003418,20.950210547590647,22.6909161567688,NA,NA,0
Parma unifasciata,-33.84,151.28,2021,3,7,12.5,1,-34_151,20.64797862370809,22.626602172851563,20.950210547590647,24.65338659286499,NA,NA,0
Parma unifasciata,-33.82,151.3,2021,3,13,15,30,-34_151,20.64797862370809,22.626602172851563,20.950210547590647,24.65338659286499,NA,NA,0
Parma unifasciata,-33.82,151.29,2021,3,13,10,5,-34_151,20.64797862370809,22.626602172851563,20.950210547590647,24.65338659286499,NA,NA,0
Parma unifasciata,-33.82,151.29,2021,3,13,12.5,20,-34_151,20.64797862370809,22.626602172851563,20.950210547590647,24.65338659286499,NA,NA,0
Parma unifasciata,-33.82,151.29,2021,3,13,15,10,-34_151,20.64797862370809,22.626602172851563,20.950210547590647,24.65338659286499,NA,NA,0
Parma unifasciata,-33.8,151.3,2019,11,16,7.5,5,-34_151,20.84144163131714,20.113094329833984,21.110917770883944,19.948749542236328,2002,Cabbage Tree Bay Aquatic Reserve,1
Parma unifasciata,-33.8,151.3,2019,11,16,7.5,2,-34_151,20.84144163131714,20.113094329833984,21.110917770883944,19.948749542236328,2002,Cabbage Tree Bay Aquatic Reserve,1
Parma unifasciata,-33.8,151.3,2020,3,21,10,1,-34_151,20.47879107793172,23.24465560913086,20.320949783510542,22.50378973253312,2002,Cabbage Tree Bay Aquatic Reserve,1
Parma unifasciata,-33.8,151.29,2020,3,7,7.5,1,-34_151,20.47879107793172,23.24465560913086,20.320949783510542,22.50378973253312,2002,Cabbage Tree Bay Aquatic Reserve,1
Parma unifasciata,-33.8,151.29,2020,3,7,15,1,-34_151,20.47879107793172,23.24465560913086,20.320949783510542,22.50378973253312,2002,Cabbage Tree Bay Aquatic Reserve,1
Parma unifasciata,-33.8,151.3,2020,3,21,2.5,1,-34_151,20.47879107793172,23.24465560913086,20.320949783510542,22.50378973253312,2002,Cabbage Tree Bay Aquatic Reserve,1
Parma unifasciata,-33.99,151.23,2020,3,22,7.5,1,-34_151,20.47879107793172,23.24465560913086,20.320949783510542,22.50378973253312,NA,NA,0
Parma unifasciata,-33.99,151.23,2020,3,22,10,1,-34_151,20.47879107793172,23.24465560913086,20.320949783510542,22.50378973253312,NA,NA,0
Parma unifasciata,-33.99,151.23,2020,3,22,12.5,1,-34_151,20.47879107793172,23.24465560913086,20.320949783510542,22.50378973253312,NA,NA,0
Parma unifasciata,-33.99,151.23,2020,3,22,15,2,-34_151,20.47879107793172,23.24465560913086,20.320949783510542,22.50378973253312,NA,NA,0
Parma unifasciata,-33.99,151.23,2020,3,22,20,1,-34_151,20.47879107793172,23.24465560913086,20.320949783510542,22.50378973253312,NA,NA,0
Parma unifasciata,-30.11,153.21,2019,8,29,7.5,1,-30_153,23.22229766845703,20.344894409179688,22.8868296359175,20.35380600960024,NA,NA,0
Parma unifasciata,-30.11,153.21,2019,8,29,10,1,-30_153,23.22229766845703,20.344894409179688,22.8868296359175,20.35380600960024,NA,NA,0
Parma unifasciata,-30.11,153.21,2019,8,29,7.5,2,-30_153,23.22229766845703,20.344894409179688,22.8868296359175,20.35380600960024,NA,NA,0
Parma unifasciata,-32.72,152.14,2019,12,13,7.5,1,-33_152,21.577637672424316,22.561962127685547,21.50456922728874,21.2059135078102,NA,NA,0
Parma unifasciata,-33.99,151.23,2018,11,21,7.5,1,-34_151,20.616589228312176,20.54950904846191,20.38137288106385,20.239166259765625,NA,NA,0
Parma unifasciata,-33.99,151.23,2018,11,21,10,3,-34_151,20.616589228312176,20.54950904846191,20.38137288106385,20.239166259765625,NA,NA,0
Parma unifasciata,-33.99,151.23,2018,11,21,12.5,4,-34_151,20.616589228312176,20.54950904846191,20.38137288106385,20.239166259765625,NA,NA,0
Parma unifasciata,-33.99,151.23,2018,11,21,15,1,-34_151,20.616589228312176,20.54950904846191,20.38137288106385,20.239166259765625,NA,NA,0
Parma unifasciata,-30.3,153.15,2020,4,22,5,5,-30_153,23.264252185821533,24.585580825805664,23.165099894899974,24.51933280944824,NA,NA,0
Parma unifasciata,-30.3,153.15,2020,4,22,7.5,2,-30_153,23.264252185821533,24.585580825805664,23.165099894899974,24.51933280944824,NA,NA,0
Parma unifasciata,-30.3,153.15,2020,4,22,10,2,-30_153,23.264252185821533,24.585580825805664,23.165099894899974,24.51933280944824,NA,NA,0
Parma unifasciata,-30.3,153.15,2020,4,22,5,2,-30_153,23.264252185821533,24.585580825805664,23.165099894899974,24.51933280944824,NA,NA,0
Parma unifasciata,-30.3,153.15,2020,4,22,10,5,-30_153,23.264252185821533,24.585580825805664,23.165099894899974,24.51933280944824,NA,NA,0
Parma unifasciata,-30.24,153.18,2020,10,11,5,8,-30_153,23.264252185821533,22.66061782836914,23.165099894899974,22.28251565502536,2002,Solitary Islands Marine Park,1
Parma unifasciata,-30.24,153.18,2020,10,11,7.5,4,-30_153,23.264252185821533,22.66061782836914,23.165099894899974,22.28251565502536,2002,Solitary Islands Marine Park,1
Parma unifasciata,-30.24,153.18,2020,10,11,10,20,-30_153,23.264252185821533,22.66061782836914,23.165099894899974,22.28251565502536,2002,Solitary Islands Marine Park,1
Parma unifasciata,-30.24,153.18,2020,10,11,12.5,1,-30_153,23.264252185821533,22.66061782836914,23.165099894899974,22.28251565502536,2002,Solitary Islands Marine Park,1
Parma unifasciata,-30.24,153.18,2020,10,11,10,10,-30_153,23.264252185821533,22.66061782836914,23.165099894899974,22.28251565502536,2002,Solitary Islands Marine Park,1
Parma unifasciata,-30.24,153.18,2020,10,11,12.5,20,-30_153,23.264252185821533,22.66061782836914,23.165099894899974,22.28251565502536,2002,Solitary Islands Marine Park,1
Parma unifasciata,-30.24,153.18,2020,10,11,15,10,-30_153,23.264252185821533,22.66061782836914,23.165099894899974,22.28251565502536,2002,Solitary Islands Marine Park,1
Parma unifasciata,-30.16,153.23,2020,10,3,5,5,-30_153,23.264252185821533,22.66061782836914,23.165099894899974,22.28251565502536,2002,Solitary Islands Marine Park,1
Parma unifasciata,-30.16,153.23,2020,10,3,7.5,10,-30_153,23.264252185821533,22.66061782836914,23.165099894899974,22.28251565502536,2002,Solitary Islands Marine Park,1
Parma unifasciata,-30.16,153.23,2020,10,3,10,5,-30_153,23.264252185821533,22.66061782836914,23.165099894899974,22.28251565502536,2002,Solitary Islands Marine Park,1
Parma unifasciata,-33.92,151.27,2020,7,3,10,1,-34_151,20.47879107793172,18.475727081298828,20.320949783510542,18.03080604922387,NA,NA,0
Parma unifasciata,-30.02,153.27,2020,8,14,7.5,5,-30_153,23.264252185821533,20.701251983642575,23.165099894899974,20.338386671004756,2002,Solitary Islands Marine Park,1
Parma unifasciata,-30.02,153.27,2020,8,14,10,10,-30_153,23.264252185821533,20.701251983642575,23.165099894899974,20.338386671004756,2002,Solitary Islands Marine Park,1
Parma unifasciata,-30.02,153.27,2020,8,14,12.5,20,-30_153,23.264252185821533,20.701251983642575,23.165099894899974,20.338386671004756,2002,Solitary Islands Marine Park,1
Parma unifasciata,-30.02,153.27,2020,8,14,12.5,10,-30_153,23.264252185821533,20.701251983642575,23.165099894899974,20.338386671004756,2002,Solitary Islands Marine Park,1
Parma unifasciata,-30.02,153.27,2020,8,14,10,10,-30_153,23.264252185821533,20.701251983642575,23.165099894899974,20.338386671004756,2002,Solitary Islands Marine Park,1
Parma unifasciata,-30.02,153.27,2020,8,14,12.5,20,-30_153,23.264252185821533,20.701251983642575,23.165099894899974,20.338386671004756,2002,Solitary Islands Marine Park,1
Parma unifasciata,-30.02,153.27,2020,8,14,7.5,5,-30_153,23.264252185821533,20.701251983642575,23.165099894899974,20.338386671004756,2002,Solitary Islands Marine Park,1
Parma unifasciata,-30.02,153.27,2020,8,14,12.5,5,-30_153,23.264252185821533,20.701251983642575,23.165099894899974,20.338386671004756,2002,Solitary Islands Marine Park,1
Parma unifasciata,-30.02,153.27,2020,8,14,7.5,15,-30_153,23.264252185821533,20.701251983642575,23.165099894899974,20.338386671004756,2002,Solitary Islands Marine Park,1
Parma unifasciata,-30.02,153.27,2020,8,14,10,25,-30_153,23.264252185821533,20.701251983642575,23.165099894899974,20.338386671004756,2002,Solitary Islands Marine Park,1
Parma unifasciata,-30.02,153.27,2020,8,14,5,1,-30_153,23.264252185821533,20.701251983642575,23.165099894899974,20.338386671004756,2002,Solitary Islands Marine Park,1
Parma unifasciata,-30.02,153.27,2020,8,14,7.5,10,-30_153,23.264252185821533,20.701251983642575,23.165099894899974,20.338386671004756,2002,Solitary Islands Marine Park,1
Parma unifasciata,-30.02,153.27,2020,8,14,10,20,-30_153,23.264252185821533,20.701251983642575,23.165099894899974,20.338386671004756,2002,Solitary Islands Marine Park,1
Parma unifasciata,-30.02,153.27,2020,8,14,7.5,10,-30_153,23.264252185821533,20.701251983642575,23.165099894899974,20.338386671004756,2002,Solitary Islands Marine Park,1
Parma unifasciata,-30.02,153.27,2020,8,14,10,5,-30_153,23.264252185821533,20.701251983642575,23.165099894899974,20.338386671004756,2002,Solitary Islands Marine Park,1
Parma unifasciata,-30.02,153.27,2020,8,14,10,10,-30_153,23.264252185821533,20.701251983642575,23.165099894899974,20.338386671004756,2002,Solitary Islands Marine Park,1
Parma unifasciata,-33.89,151.28,2020,6,16,12.5,1,-34_151,20.47879107793172,18.79773330688477,20.320949783510542,19.131832981109618,NA,NA,0
Parma unifasciata,-33.89,151.28,2020,6,16,15,3,-34_151,20.47879107793172,18.79773330688477,20.320949783510542,19.131832981109618,NA,NA,0
Parma unifasciata,-33.89,151.28,2020,6,16,10,5,-34_151,20.47879107793172,18.79773330688477,20.320949783510542,19.131832981109618,NA,NA,0
Parma unifasciata,-33.89,151.28,2020,6,16,12.5,5,-34_151,20.47879107793172,18.79773330688477,20.320949783510542,19.131832981109618,NA,NA,0
Parma unifasciata,-33.89,151.28,2020,6,16,5,1,-34_151,20.47879107793172,18.79773330688477,20.320949783510542,19.131832981109618,NA,NA,0
Parma unifasciata,-33.89,151.28,2020,6,16,7.5,1,-34_151,20.47879107793172,18.79773330688477,20.320949783510542,19.131832981109618,NA,NA,0
Parma unifasciata,-33.89,151.28,2020,6,16,10,5,-34_151,20.47879107793172,18.79773330688477,20.320949783510542,19.131832981109618,NA,NA,0
Parma unifasciata,-33.89,151.28,2020,6,16,12.5,5,-34_151,20.47879107793172,18.79773330688477,20.320949783510542,19.131832981109618,NA,NA,0
Parma unifasciata,-33.89,151.28,2020,6,16,15,5,-34_151,20.47879107793172,18.79773330688477,20.320949783510542,19.131832981109618,NA,NA,0
Parma unifasciata,-33.89,151.28,2020,6,16,5,2,-34_151,20.47879107793172,18.79773330688477,20.320949783510542,19.131832981109618,NA,NA,0
Parma unifasciata,-33.89,151.28,2020,6,16,7.5,2,-34_151,20.47879107793172,18.79773330688477,20.320949783510542,19.131832981109618,NA,NA,0
Parma unifasciata,-33.89,151.28,2020,6,16,10,3,-34_151,20.47879107793172,18.79773330688477,20.320949783510542,19.131832981109618,NA,NA,0
Parma unifasciata,-33.89,151.28,2020,6,16,12.5,3,-34_151,20.47879107793172,18.79773330688477,20.320949783510542,19.131832981109618,NA,NA,0
Parma unifasciata,-33.89,151.28,2020,6,16,15,3,-34_151,20.47879107793172,18.79773330688477,20.320949783510542,19.131832981109618,NA,NA,0
Parma unifasciata,-33.78,151.29,2020,6,22,12.5,1,-34_151,20.47879107793172,18.79773330688477,20.320949783510542,19.131832981109618,NA,NA,0
Parma unifasciata,-33.78,151.29,2020,6,22,12.5,2,-34_151,20.47879107793172,18.79773330688477,20.320949783510542,19.131832981109618,NA,NA,0
Parma unifasciata,-33.78,151.29,2020,6,22,5,1,-34_151,20.47879107793172,18.79773330688477,20.320949783510542,19.131832981109618,NA,NA,0
Parma unifasciata,-33.83,151.26,2020,7,5,12.5,1,-34_151,20.47879107793172,18.475727081298828,20.320949783510542,18.03080604922387,NA,NA,0
Parma unifasciata,-33.82,151.3,2020,7,19,12.5,5,-34_151,20.47879107793172,18.475727081298828,20.320949783510542,18.03080604922387,NA,NA,0
Parma unifasciata,-33.82,151.3,2020,7,19,15,15,-34_151,20.47879107793172,18.475727081298828,20.320949783510542,18.03080604922387,NA,NA,0
Parma unifasciata,-33.82,151.3,2020,7,19,12.5,10,-34_151,20.47879107793172,18.475727081298828,20.320949783510542,18.03080604922387,NA,NA,0
Parma unifasciata,-33.82,151.3,2020,7,19,15,20,-34_151,20.47879107793172,18.475727081298828,20.320949783510542,18.03080604922387,NA,NA,0
Parma unifasciata,-33.82,151.3,2020,7,19,10,4,-34_151,20.47879107793172,18.475727081298828,20.320949783510542,18.03080604922387,NA,NA,0
Parma unifasciata,-33.82,151.3,2020,7,19,12.5,5,-34_151,20.47879107793172,18.475727081298828,20.320949783510542,18.03080604922387,NA,NA,0
Parma unifasciata,-33.82,151.3,2020,7,19,15,5,-34_151,20.47879107793172,18.475727081298828,20.320949783510542,18.03080604922387,NA,NA,0
Parma unifasciata,-30.16,153.23,2020,10,3,5,10,-30_153,23.264252185821533,22.66061782836914,23.165099894899974,22.28251565502536,2002,Solitary Islands Marine Park,1
Parma unifasciata,-30.16,153.23,2020,10,3,7.5,20,-30_153,23.264252185821533,22.66061782836914,23.165099894899974,22.28251565502536,2002,Solitary Islands Marine Park,1
Parma unifasciata,-30.16,153.23,2020,10,3,10,15,-30_153,23.264252185821533,22.66061782836914,23.165099894899974,22.28251565502536,2002,Solitary Islands Marine Park,1
Parma unifasciata,-30.15,153.23,2020,10,3,5,4,-30_153,23.264252185821533,22.66061782836914,23.165099894899974,22.28251565502536,NA,NA,0
Parma unifasciata,-30.15,153.23,2020,10,3,7.5,50,-30_153,23.264252185821533,22.66061782836914,23.165099894899974,22.28251565502536,NA,NA,0
Parma unifasciata,-30.15,153.23,2020,10,3,10,25,-30_153,23.264252185821533,22.66061782836914,23.165099894899974,22.28251565502536,NA,NA,0
Parma unifasciata,-30.15,153.23,2020,10,3,5,1,-30_153,23.264252185821533,22.66061782836914,23.165099894899974,22.28251565502536,NA,NA,0
Parma unifasciata,-30.24,153.18,2020,10,11,7.5,10,-30_153,23.264252185821533,22.66061782836914,23.165099894899974,22.28251565502536,NA,NA,0
Parma unifasciata,-30.24,153.18,2020,10,11,10,20,-30_153,23.264252185821533,22.66061782836914,23.165099894899974,22.28251565502536,NA,NA,0
Parma unifasciata,-30.24,153.18,2020,10,11,12.5,5,-30_153,23.264252185821533,22.66061782836914,23.165099894899974,22.28251565502536,NA,NA,0
Parma unifasciata,-30.24,153.18,2020,10,11,10,25,-30_153,23.264252185821533,22.66061782836914,23.165099894899974,22.28251565502536,NA,NA,0
Parma unifasciata,-30.24,153.18,2020,10,11,12.5,10,-30_153,23.264252185821533,22.66061782836914,23.165099894899974,22.28251565502536,NA,NA,0
Parma unifasciata,-30.24,153.18,2020,10,11,5,2,-30_153,23.264252185821533,22.66061782836914,23.165099894899974,22.28251565502536,2002,Solitary Islands Marine Park,1
Parma unifasciata,-30.24,153.18,2020,10,11,7.5,10,-30_153,23.264252185821533,22.66061782836914,23.165099894899974,22.28251565502536,2002,Solitary Islands Marine Park,1
Parma unifasciata,-30.24,153.18,2020,10,11,10,15,-30_153,23.264252185821533,22.66061782836914,23.165099894899974,22.28251565502536,2002,Solitary Islands Marine Park,1
Parma unifasciata,-30.24,153.18,2020,10,11,12.5,5,-30_153,23.264252185821533,22.66061782836914,23.165099894899974,22.28251565502536,2002,Solitary Islands Marine Park,1
Parma unifasciata,-30.24,153.18,2020,10,11,5,3,-30_153,23.264252185821533,22.66061782836914,23.165099894899974,22.28251565502536,2002,Solitary Islands Marine Park,1
Parma unifasciata,-30.24,153.18,2020,10,11,7.5,15,-30_153,23.264252185821533,22.66061782836914,23.165099894899974,22.28251565502536,2002,Solitary Islands Marine Park,1
Parma unifasciata,-30.24,153.18,2020,10,11,10,20,-30_153,23.264252185821533,22.66061782836914,23.165099894899974,22.28251565502536,2002,Solitary Islands Marine Park,1
Parma unifasciata,-30.2,153.27,2020,10,29,5,1,-30_153,23.264252185821533,22.66061782836914,23.165099894899974,22.28251565502536,2002,Solitary Islands Marine Park,1
Parma unifasciata,-30.2,153.27,2020,10,29,7.5,5,-30_153,23.264252185821533,22.66061782836914,23.165099894899974,22.28251565502536,2002,Solitary Islands Marine Park,1
Parma unifasciata,-30.2,153.27,2020,10,29,10,10,-30_153,23.264252185821533,22.66061782836914,23.165099894899974,22.28251565502536,2002,Solitary Islands Marine Park,1
Parma unifasciata,-30.2,153.27,2020,10,29,12.5,10,-30_153,23.264252185821533,22.66061782836914,23.165099894899974,22.28251565502536,2002,Solitary Islands Marine Park,1
Parma unifasciata,-33.82,151.3,2020,7,19,7.5,1,-34_151,20.47879107793172,18.475727081298828,20.320949783510542,18.03080604922387,NA,NA,0
Parma unifasciata,-33.82,151.3,2020,7,19,10,1,-34_151,20.47879107793172,18.475727081298828,20.320949783510542,18.03080604922387,NA,NA,0
Parma unifasciata,-33.82,151.3,2020,7,19,12.5,8,-34_151,20.47879107793172,18.475727081298828,20.320949783510542,18.03080604922387,NA,NA,0
Parma unifasciata,-33.82,151.3,2020,7,19,15,9,-34_151,20.47879107793172,18.475727081298828,20.320949783510542,18.03080604922387,NA,NA,0
Parma unifasciata,-33.82,151.3,2020,7,19,10,7,-34_151,20.47879107793172,18.475727081298828,20.320949783510542,18.03080604922387,NA,NA,0
Parma unifasciata,-33.82,151.3,2020,7,19,12.5,7,-34_151,20.47879107793172,18.475727081298828,20.320949783510542,18.03080604922387,NA,NA,0
Parma unifasciata,-33.82,151.3,2020,7,19,15,8,-34_151,20.47879107793172,18.475727081298828,20.320949783510542,18.03080604922387,NA,NA,0
Parma unifasciata,-33.82,151.3,2020,7,19,10,6,-34_151,20.47879107793172,18.475727081298828,20.320949783510542,18.03080604922387,NA,NA,0
Parma unifasciata,-33.82,151.3,2020,7,19,15,7,-34_151,20.47879107793172,18.475727081298828,20.320949783510542,18.03080604922387,NA,NA,0
Parma unifasciata,-33.82,151.29,2020,7,19,10,5,-34_151,20.47879107793172,18.475727081298828,20.320949783510542,18.03080604922387,NA,NA,0
Parma unifasciata,-33.82,151.29,2020,7,19,12.5,15,-34_151,20.47879107793172,18.475727081298828,20.320949783510542,18.03080604922387,NA,NA,0
Parma unifasciata,-33.82,151.29,2020,7,19,15,5,-34_151,20.47879107793172,18.475727081298828,20.320949783510542,18.03080604922387,NA,NA,0
Parma unifasciata,-33.82,151.29,2020,7,19,7.5,1,-34_151,20.47879107793172,18.475727081298828,20.320949783510542,18.03080604922387,NA,NA,0
Parma unifasciata,-33.82,151.29,2020,7,19,10,3,-34_151,20.47879107793172,18.475727081298828,20.320949783510542,18.03080604922387,NA,NA,0
Parma unifasciata,-33.82,151.29,2020,7,19,12.5,4,-34_151,20.47879107793172,18.475727081298828,20.320949783510542,18.03080604922387,NA,NA,0
Parma unifasciata,-33.81,151.31,2020,7,25,7.5,2,-34_151,20.47879107793172,18.475727081298828,20.320949783510542,18.03080604922387,NA,NA,0
Parma unifasciata,-33.81,151.31,2020,7,25,10,5,-34_151,20.47879107793172,18.475727081298828,20.320949783510542,18.03080604922387,NA,NA,0
Parma unifasciata,-33.81,151.31,2020,7,25,12.5,5,-34_151,20.47879107793172,18.475727081298828,20.320949783510542,18.03080604922387,NA,NA,0
Parma unifasciata,-33.81,151.31,2020,7,25,10,7,-34_151,20.47879107793172,18.475727081298828,20.320949783510542,18.03080604922387,NA,NA,0
Parma unifasciata,-33.81,151.31,2020,7,25,12.5,10,-34_151,20.47879107793172,18.475727081298828,20.320949783510542,18.03080604922387,NA,NA,0
Parma unifasciata,-33.81,151.31,2020,7,25,15,3,-34_151,20.47879107793172,18.475727081298828,20.320949783510542,18.03080604922387,NA,NA,0
Parma unifasciata,-33.81,151.31,2020,7,25,7.5,3,-34_151,20.47879107793172,18.475727081298828,20.320949783510542,18.03080604922387,NA,NA,0
Parma unifasciata,-33.81,151.31,2020,7,25,10,3,-34_151,20.47879107793172,18.475727081298828,20.320949783510542,18.03080604922387,NA,NA,0
Parma unifasciata,-33.81,151.31,2020,7,25,12.5,3,-34_151,20.47879107793172,18.475727081298828,20.320949783510542,18.03080604922387,NA,NA,0
Parma unifasciata,-33.81,151.31,2020,7,25,15,3,-34_151,20.47879107793172,18.475727081298828,20.320949783510542,18.03080604922387,NA,NA,0
Parma unifasciata,-33.81,151.31,2020,7,25,5,2,-34_151,20.47879107793172,18.475727081298828,20.320949783510542,18.03080604922387,NA,NA,0
Parma unifasciata,-33.81,151.31,2020,7,25,7.5,2,-34_151,20.47879107793172,18.475727081298828,20.320949783510542,18.03080604922387,NA,NA,0
Parma unifasciata,-33.81,151.31,2020,7,25,10,2,-34_151,20.47879107793172,18.475727081298828,20.320949783510542,18.03080604922387,NA,NA,0
Parma unifasciata,-33.81,151.31,2020,7,25,12.5,2,-34_151,20.47879107793172,18.475727081298828,20.320949783510542,18.03080604922387,NA,NA,0
Parma unifasciata,-33.81,151.31,2020,7,25,15,2,-34_151,20.47879107793172,18.475727081298828,20.320949783510542,18.03080604922387,NA,NA,0
Parma unifasciata,-30.2,153.27,2020,10,29,10,30,-30_153,23.264252185821533,22.66061782836914,23.165099894899974,22.28251565502536,2002,Solitary Islands Marine Park,1
Parma unifasciata,-30.2,153.27,2020,10,29,12.5,32,-30_153,23.264252185821533,22.66061782836914,23.165099894899974,22.28251565502536,2002,Solitary Islands Marine Park,1
Parma unifasciata,-30.2,153.27,2020,10,29,15,10,-30_153,23.264252185821533,22.66061782836914,23.165099894899974,22.28251565502536,2002,Solitary Islands Marine Park,1
Parma unifasciata,-30.2,153.26,2020,10,29,10,5,-30_153,23.264252185821533,22.66061782836914,23.165099894899974,22.28251565502536,2002,Solitary Islands Marine Park,1
Parma unifasciata,-30.2,153.26,2020,10,29,12.5,5,-30_153,23.264252185821533,22.66061782836914,23.165099894899974,22.28251565502536,2002,Solitary Islands Marine Park,1
Parma unifasciata,-30.2,153.26,2020,10,29,15,2,-30_153,23.264252185821533,22.66061782836914,23.165099894899974,22.28251565502536,2002,Solitary Islands Marine Park,1
Parma unifasciata,-30.2,153.26,2020,10,29,10,45,-30_153,23.264252185821533,22.66061782836914,23.165099894899974,22.28251565502536,2002,Solitary Islands Marine Park,1
Parma unifasciata,-30.2,153.26,2020,10,29,12.5,8,-30_153,23.264252185821533,22.66061782836914,23.165099894899974,22.28251565502536,2002,Solitary Islands Marine Park,1
Parma unifasciata,-30.2,153.27,2020,10,29,10,2,-30_153,23.264252185821533,22.66061782836914,23.165099894899974,22.28251565502536,2002,Solitary Islands Marine Park,1
Parma unifasciata,-30.2,153.27,2020,10,29,12.5,2,-30_153,23.264252185821533,22.66061782836914,23.165099894899974,22.28251565502536,2002,Solitary Islands Marine Park,1
Parma unifasciata,-30.2,153.27,2020,10,29,7.5,3,-30_153,23.264252185821533,22.66061782836914,23.165099894899974,22.28251565502536,2002,Solitary Islands Marine Park,1
Parma unifasciata,-30.2,153.26,2020,10,29,12.5,10,-30_153,23.264252185821533,22.66061782836914,23.165099894899974,22.28251565502536,2002,Solitary Islands Marine Park,1
Parma unifasciata,-30.2,153.26,2020,10,29,15,34,-30_153,23.264252185821533,22.66061782836914,23.165099894899974,22.28251565502536,2002,Solitary Islands Marine Park,1
Parma unifasciata,-30.2,153.26,2020,10,29,10,10,-30_153,23.264252185821533,22.66061782836914,23.165099894899974,22.28251565502536,2002,Solitary Islands Marine Park,1
Parma unifasciata,-30.2,153.27,2020,10,29,7.5,13,-30_153,23.264252185821533,22.66061782836914,23.165099894899974,22.28251565502536,2002,Solitary Islands Marine Park,1
Parma unifasciata,-30.2,153.27,2020,10,29,10,10,-30_153,23.264252185821533,22.66061782836914,23.165099894899974,22.28251565502536,2002,Solitary Islands Marine Park,1
Parma unifasciata,-30.2,153.27,2020,10,29,12.5,4,-30_153,23.264252185821533,22.66061782836914,23.165099894899974,22.28251565502536,2002,Solitary Islands Marine Park,1
Parma unifasciata,-30.2,153.27,2020,10,29,15,9,-30_153,23.264252185821533,22.66061782836914,23.165099894899974,22.28251565502536,2002,Solitary Islands Marine Park,1
Parma unifasciata,-30.2,153.27,2020,10,29,7.5,7,-30_153,23.264252185821533,22.66061782836914,23.165099894899974,22.28251565502536,2002,Solitary Islands Marine Park,1
Parma unifasciata,-30.2,153.27,2020,10,29,12.5,5,-30_153,23.264252185821533,22.66061782836914,23.165099894899974,22.28251565502536,2002,Solitary Islands Marine Park,1
Parma unifasciata,-30.2,153.27,2020,10,29,15,12,-30_153,23.264252185821533,22.66061782836914,23.165099894899974,22.28251565502536,2002,Solitary Islands Marine Park,1
Parma unifasciata,-30.21,153.27,2020,10,29,5,8,-30_153,23.264252185821533,22.66061782836914,23.165099894899974,22.28251565502536,2002,Solitary Islands Marine Park,1
Parma unifasciata,-30.21,153.27,2020,10,29,10,12,-30_153,23.264252185821533,22.66061782836914,23.165099894899974,22.28251565502536,2002,Solitary Islands Marine Park,1
Parma unifasciata,-30.21,153.27,2020,10,29,12.5,18,-30_153,23.264252185821533,22.66061782836914,23.165099894899974,22.28251565502536,2002,Solitary Islands Marine Park,1
Parma unifasciata,-30.21,153.27,2020,10,29,15,7,-30_153,23.264252185821533,22.66061782836914,23.165099894899974,22.28251565502536,2002,Solitary Islands Marine Park,1
Parma unifasciata,-30.21,153.27,2020,10,29,5,2,-30_153,23.264252185821533,22.66061782836914,23.165099894899974,22.28251565502536,2002,Solitary Islands Marine Park,1
Parma unifasciata,-30.21,153.27,2020,10,29,7.5,1,-30_153,23.264252185821533,22.66061782836914,23.165099894899974,22.28251565502536,2002,Solitary Islands Marine Park,1
Parma unifasciata,-30.21,153.27,2020,10,29,10,10,-30_153,23.264252185821533,22.66061782836914,23.165099894899974,22.28251565502536,2002,Solitary Islands Marine Park,1
Parma unifasciata,-30.21,153.27,2020,10,29,12.5,15,-30_153,23.264252185821533,22.66061782836914,23.165099894899974,22.28251565502536,2002,Solitary Islands Marine Park,1
Parma unifasciata,-30.21,153.27,2020,10,29,15,3,-30_153,23.264252185821533,22.66061782836914,23.165099894899974,22.28251565502536,2002,Solitary Islands Marine Park,1
Parma unifasciata,-30.21,153.27,2020,10,29,7.5,20,-30_153,23.264252185821533,22.66061782836914,23.165099894899974,22.28251565502536,2002,Solitary Islands Marine Park,1
Parma unifasciata,-30.21,153.27,2020,10,29,10,20,-30_153,23.264252185821533,22.66061782836914,23.165099894899974,22.28251565502536,2002,Solitary Islands Marine Park,1
Parma unifasciata,-30.21,153.27,2020,10,29,7.5,30,-30_153,23.264252185821533,22.66061782836914,23.165099894899974,22.28251565502536,2002,Solitary Islands Marine Park,1
Parma unifasciata,-30.21,153.27,2020,10,29,10,30,-30_153,23.264252185821533,22.66061782836914,23.165099894899974,22.28251565502536,2002,Solitary Islands Marine Park,1
Parma unifasciata,-30.2,153.27,2020,10,29,7.5,7,-30_153,23.264252185821533,22.66061782836914,23.165099894899974,22.28251565502536,2002,Solitary Islands Marine Park,1
Parma unifasciata,-30.2,153.27,2020,10,29,10,5,-30_153,23.264252185821533,22.66061782836914,23.165099894899974,22.28251565502536,2002,Solitary Islands Marine Park,1
Parma unifasciata,-30.2,153.27,2020,10,29,7.5,20,-30_153,23.264252185821533,22.66061782836914,23.165099894899974,22.28251565502536,2002,Solitary Islands Marine Park,1
Parma unifasciata,-30.2,153.27,2020,10,29,10,7,-30_153,23.264252185821533,22.66061782836914,23.165099894899974,22.28251565502536,2002,Solitary Islands Marine Park,1
Parma unifasciata,-30.15,153.23,2020,10,3,7.5,5,-30_153,23.264252185821533,22.66061782836914,23.165099894899974,22.28251565502536,NA,NA,0
Parma unifasciata,-30.15,153.23,2020,10,3,10,5,-30_153,23.264252185821533,22.66061782836914,23.165099894899974,22.28251565502536,NA,NA,0
Parma unifasciata,-30.15,153.23,2020,10,3,12.5,10,-30_153,23.264252185821533,22.66061782836914,23.165099894899974,22.28251565502536,NA,NA,0
Parma unifasciata,-30.15,153.23,2020,10,3,15,5,-30_153,23.264252185821533,22.66061782836914,23.165099894899974,22.28251565502536,NA,NA,0
Parma unifasciata,-30.15,153.23,2020,10,3,5,2,-30_153,23.264252185821533,22.66061782836914,23.165099894899974,22.28251565502536,NA,NA,0
Parma unifasciata,-30.15,153.23,2020,10,3,7.5,3,-30_153,23.264252185821533,22.66061782836914,23.165099894899974,22.28251565502536,NA,NA,0
Parma unifasciata,-30.15,153.23,2020,10,3,10,10,-30_153,23.264252185821533,22.66061782836914,23.165099894899974,22.28251565502536,NA,NA,0
Parma unifasciata,-30.15,153.23,2020,10,3,15,15,-30_153,23.264252185821533,22.66061782836914,23.165099894899974,22.28251565502536,NA,NA,0
Parma unifasciata,-30.16,153.23,2020,10,3,7.5,3,-30_153,23.264252185821533,22.66061782836914,23.165099894899974,22.28251565502536,2002,Solitary Islands Marine Park,1
Parma unifasciata,-30.16,153.23,2020,10,3,10,5,-30_153,23.264252185821533,22.66061782836914,23.165099894899974,22.28251565502536,2002,Solitary Islands Marine Park,1
Parma unifasciata,-30.16,153.23,2020,10,3,12.5,10,-30_153,23.264252185821533,22.66061782836914,23.165099894899974,22.28251565502536,2002,Solitary Islands Marine Park,1
Parma unifasciata,-30.16,153.23,2020,10,3,15,2,-30_153,23.264252185821533,22.66061782836914,23.165099894899974,22.28251565502536,2002,Solitary Islands Marine Park,1
Parma unifasciata,-30.16,153.23,2020,10,3,5,1,-30_153,23.264252185821533,22.66061782836914,23.165099894899974,22.28251565502536,2002,Solitary Islands Marine Park,1
Parma unifasciata,-30.16,153.23,2020,10,3,7.5,4,-30_153,23.264252185821533,22.66061782836914,23.165099894899974,22.28251565502536,2002,Solitary Islands Marine Park,1
Parma unifasciata,-30.16,153.23,2020,10,3,10,7,-30_153,23.264252185821533,22.66061782836914,23.165099894899974,22.28251565502536,2002,Solitary Islands Marine Park,1
Parma unifasciata,-30.16,153.23,2020,10,3,12.5,5,-30_153,23.264252185821533,22.66061782836914,23.165099894899974,22.28251565502536,2002,Solitary Islands Marine Park,1
Parma unifasciata,-30.24,153.18,2020,10,11,10,29,-30_153,23.264252185821533,22.66061782836914,23.165099894899974,22.28251565502536,NA,NA,0
Parma unifasciata,-30.24,153.18,2020,10,11,12.5,5,-30_153,23.264252185821533,22.66061782836914,23.165099894899974,22.28251565502536,NA,NA,0
Parma unifasciata,-30.24,153.18,2020,10,11,2.5,1,-30_153,23.264252185821533,22.66061782836914,23.165099894899974,22.28251565502536,NA,NA,0
Parma unifasciata,-30.24,153.18,2020,10,11,5,1,-30_153,23.264252185821533,22.66061782836914,23.165099894899974,22.28251565502536,NA,NA,0
Parma unifasciata,-30.24,153.18,2020,10,11,12.5,25,-30_153,23.264252185821533,22.66061782836914,23.165099894899974,22.28251565502536,NA,NA,0
Parma unifasciata,-30.24,153.18,2020,10,11,15,15,-30_153,23.264252185821533,22.66061782836914,23.165099894899974,22.28251565502536,NA,NA,0
Parma unifasciata,-30.15,153.23,2021,6,12,10,20,-30_153,23.144508202870686,21.373558044433594,22.95066338804033,21.280932896931965,NA,NA,0
Parma unifasciata,-30.15,153.23,2021,6,12,12.5,25,-30_153,23.144508202870686,21.373558044433594,22.95066338804033,21.280932896931965,NA,NA,0
Parma unifasciata,-30.15,153.23,2021,6,12,15,20,-30_153,23.144508202870686,21.373558044433594,22.95066338804033,21.280932896931965,NA,NA,0
Parma unifasciata,-30.15,153.23,2021,6,12,7.5,1,-30_153,23.144508202870686,21.373558044433594,22.95066338804033,21.280932896931965,NA,NA,0
Parma unifasciata,-30.15,153.23,2021,6,12,10,5,-30_153,23.144508202870686,21.373558044433594,22.95066338804033,21.280932896931965,NA,NA,0
Parma unifasciata,-30.15,153.23,2021,6,12,12.5,10,-30_153,23.144508202870686,21.373558044433594,22.95066338804033,21.280932896931965,NA,NA,0
Parma unifasciata,-30.15,153.23,2021,6,12,15,5,-30_153,23.144508202870686,21.373558044433594,22.95066338804033,21.280932896931965,NA,NA,0
Parma unifasciata,-30.16,153.23,2021,6,12,7.5,1,-30_153,23.144508202870686,21.373558044433594,22.95066338804033,21.280932896931965,2002,Solitary Islands Marine Park,1
Parma unifasciata,-30.16,153.23,2021,6,12,10,3,-30_153,23.144508202870686,21.373558044433594,22.95066338804033,21.280932896931965,2002,Solitary Islands Marine Park,1
Parma unifasciata,-30.16,153.23,2021,6,12,12.5,5,-30_153,23.144508202870686,21.373558044433594,22.95066338804033,21.280932896931965,2002,Solitary Islands Marine Park,1
Parma unifasciata,-30.16,153.23,2021,6,12,15,5,-30_153,23.144508202870686,21.373558044433594,22.95066338804033,21.280932896931965,2002,Solitary Islands Marine Park,1
Parma unifasciata,-30.16,153.23,2021,6,12,7.5,2,-30_153,23.144508202870686,21.373558044433594,22.95066338804033,21.280932896931965,2002,Solitary Islands Marine Park,1
Parma unifasciata,-30.16,153.23,2021,6,12,10,5,-30_153,23.144508202870686,21.373558044433594,22.95066338804033,21.280932896931965,2002,Solitary Islands Marine Park,1
Parma unifasciata,-33.82,151.3,2022,5,7,7.5,3,-34_151,20.85954205195109,21.968141555786133,21.210269496203445,22.905321982599073,NA,NA,0
Parma unifasciata,-33.82,151.3,2022,5,7,10,3,-34_151,20.85954205195109,21.968141555786133,21.210269496203445,22.905321982599073,NA,NA,0
Parma unifasciata,-33.82,151.3,2022,5,7,12.5,3,-34_151,20.85954205195109,21.968141555786133,21.210269496203445,22.905321982599073,NA,NA,0
Parma unifasciata,-33.82,151.3,2022,5,7,15,3,-34_151,20.85954205195109,21.968141555786133,21.210269496203445,22.905321982599073,NA,NA,0
Parma unifasciata,-33.99,151.23,2021,12,10,15,1,-34_151,20.64797862370809,22.177095413208008,20.950210547590647,22.682096265977428,NA,NA,0
Parma unifasciata,-32.62,152.33,2022,5,6,7.5,5,-33_152,21.485846201578777,22.43151473999023,21.511151635625456,22.308305940320416,2007,Port Stephens Great Lake Marine Park,1
Parma unifasciata,-32.62,152.33,2022,5,6,10,10,-33_152,21.485846201578777,22.43151473999023,21.511151635625456,22.308305940320416,2007,Port Stephens Great Lake Marine Park,1
Parma unifasciata,-32.62,152.33,2022,5,6,12.5,5,-33_152,21.485846201578777,22.43151473999023,21.511151635625456,22.308305940320416,2007,Port Stephens Great Lake Marine Park,1
Parma unifasciata,-32.62,152.33,2022,5,6,5,1,-33_152,21.485846201578777,22.43151473999023,21.511151635625456,22.308305940320416,2007,Port Stephens Great Lake Marine Park,1
Parma unifasciata,-32.62,152.33,2022,5,6,10,2,-33_152,21.485846201578777,22.43151473999023,21.511151635625456,22.308305940320416,2007,Port Stephens Great Lake Marine Park,1
Parma unifasciata,-32.62,152.33,2022,5,6,12.5,3,-33_152,21.485846201578777,22.43151473999023,21.511151635625456,22.308305940320416,2007,Port Stephens Great Lake Marine Park,1
Parma unifasciata,-32.62,152.33,2022,5,6,15,6,-33_152,21.485846201578777,22.43151473999023,21.511151635625456,22.308305940320416,2007,Port Stephens Great Lake Marine Park,1
Parma unifasciata,-32.62,152.33,2022,5,6,20,2,-33_152,21.485846201578777,22.43151473999023,21.511151635625456,22.308305940320416,2007,Port Stephens Great Lake Marine Park,1
Parma unifasciata,-32.62,152.33,2022,5,6,12.5,15,-33_152,21.485846201578777,22.43151473999023,21.511151635625456,22.308305940320416,2007,Port Stephens Great Lake Marine Park,1
Parma unifasciata,-32.62,152.33,2022,5,6,15,15,-33_152,21.485846201578777,22.43151473999023,21.511151635625456,22.308305940320416,2007,Port Stephens Great Lake Marine Park,1
Parma unifasciata,-32.62,152.33,2022,5,6,12.5,5,-33_152,21.485846201578777,22.43151473999023,21.511151635625456,22.308305940320416,2007,Port Stephens Great Lake Marine Park,1
Parma unifasciata,-32.62,152.33,2022,5,6,10,10,-33_152,21.485846201578777,22.43151473999023,21.511151635625456,22.308305940320416,2007,Port Stephens Great Lake Marine Park,1
Parma unifasciata,-32.62,152.33,2022,5,6,15,10,-33_152,21.485846201578777,22.43151473999023,21.511151635625456,22.308305940320416,2007,Port Stephens Great Lake Marine Park,1
Parma unifasciata,-32.75,152.17,2022,5,8,10,1,-33_152,21.485846201578777,22.43151473999023,21.511151635625456,22.308305940320416,NA,NA,0
Parma unifasciata,-32.62,152.33,2022,5,6,15,2,-33_152,21.485846201578777,22.43151473999023,21.511151635625456,22.308305940320416,2007,Port Stephens Great Lake Marine Park,1
Parma unifasciata,-32.62,152.33,2022,5,6,20,10,-33_152,21.485846201578777,22.43151473999023,21.511151635625456,22.308305940320416,2007,Port Stephens Great Lake Marine Park,1
Parma unifasciata,-32.62,152.33,2022,5,6,12.5,5,-33_152,21.485846201578777,22.43151473999023,21.511151635625456,22.308305940320416,2007,Port Stephens Great Lake Marine Park,1
Parma unifasciata,-32.62,152.33,2022,5,6,15,5,-33_152,21.485846201578777,22.43151473999023,21.511151635625456,22.308305940320416,2007,Port Stephens Great Lake Marine Park,1
Parma unifasciata,-32.71,152.16,2022,5,7,10,2,-33_152,21.485846201578777,22.43151473999023,21.511151635625456,22.308305940320416,1983,Fly Point-Halifax Park,1
Parma unifasciata,-32.62,152.33,2022,5,6,10,1,-33_152,21.485846201578777,22.43151473999023,21.511151635625456,22.308305940320416,2007,Port Stephens Great Lake Marine Park,1
Parma unifasciata,-32.62,152.33,2022,5,6,12.5,1,-33_152,21.485846201578777,22.43151473999023,21.511151635625456,22.308305940320416,2007,Port Stephens Great Lake Marine Park,1
Parma unifasciata,-32.62,152.33,2022,5,6,10,4,-33_152,21.485846201578777,22.43151473999023,21.511151635625456,22.308305940320416,2007,Port Stephens Great Lake Marine Park,1
Parma unifasciata,-32.62,152.33,2022,5,6,12.5,4,-33_152,21.485846201578777,22.43151473999023,21.511151635625456,22.308305940320416,2007,Port Stephens Great Lake Marine Park,1
Parma unifasciata,-32.71,152.15,2022,5,8,7.5,2,-33_152,21.485846201578777,22.43151473999023,21.511151635625456,22.308305940320416,1983,Fly Point-Halifax Park,1
Parma unifasciata,-32.62,152.33,2022,5,6,5,2,-33_152,21.485846201578777,22.43151473999023,21.511151635625456,22.308305940320416,2007,Port Stephens Great Lake Marine Park,1
Parma unifasciata,-32.62,152.33,2022,5,6,7.5,20,-33_152,21.485846201578777,22.43151473999023,21.511151635625456,22.308305940320416,2007,Port Stephens Great Lake Marine Park,1
Parma unifasciata,-32.62,152.33,2022,5,6,10,100,-33_152,21.485846201578777,22.43151473999023,21.511151635625456,22.308305940320416,2007,Port Stephens Great Lake Marine Park,1
Parma unifasciata,-32.62,152.33,2022,5,6,12.5,50,-33_152,21.485846201578777,22.43151473999023,21.511151635625456,22.308305940320416,2007,Port Stephens Great Lake Marine Park,1
Parma unifasciata,-32.62,152.33,2022,5,6,7.5,10,-33_152,21.485846201578777,22.43151473999023,21.511151635625456,22.308305940320416,2007,Port Stephens Great Lake Marine Park,1
Parma unifasciata,-32.62,152.33,2022,5,6,10,30,-33_152,21.485846201578777,22.43151473999023,21.511151635625456,22.308305940320416,2007,Port Stephens Great Lake Marine Park,1
Parma unifasciata,-32.62,152.33,2022,5,6,12.5,30,-33_152,21.485846201578777,22.43151473999023,21.511151635625456,22.308305940320416,2007,Port Stephens Great Lake Marine Park,1
Parma unifasciata,-32.71,152.15,2022,2,6,5,2,-33_152,21.485846201578777,25.05010223388672,21.511151635625456,25.56294580300649,1983,Fly Point-Halifax Park,1
Parma unifasciata,-30.02,153.27,2022,5,4,5,1,-30_153,23.17070722579956,23.499481201171875,22.86009501290944,23.86316082862116,2002,Solitary Islands Marine Park,1
Parma unifasciata,-30.02,153.27,2022,5,4,7.5,6,-30_153,23.17070722579956,23.499481201171875,22.86009501290944,23.86316082862116,2002,Solitary Islands Marine Park,1
Parma unifasciata,-30.02,153.27,2022,5,4,10,19,-30_153,23.17070722579956,23.499481201171875,22.86009501290944,23.86316082862116,2002,Solitary Islands Marine Park,1
Parma unifasciata,-30.02,153.27,2022,5,4,12.5,30,-30_153,23.17070722579956,23.499481201171875,22.86009501290944,23.86316082862116,2002,Solitary Islands Marine Park,1
Parma unifasciata,-30.02,153.27,2022,5,4,10,3,-30_153,23.17070722579956,23.499481201171875,22.86009501290944,23.86316082862116,2002,Solitary Islands Marine Park,1
Parma unifasciata,-30.02,153.27,2022,5,4,12.5,10,-30_153,23.17070722579956,23.499481201171875,22.86009501290944,23.86316082862116,2002,Solitary Islands Marine Park,1
Parma unifasciata,-30.02,153.27,2022,5,4,15,4,-30_153,23.17070722579956,23.499481201171875,22.86009501290944,23.86316082862116,2002,Solitary Islands Marine Park,1
Parma unifasciata,-30.02,153.27,2022,5,4,7.5,2,-30_153,23.17070722579956,23.499481201171875,22.86009501290944,23.86316082862116,2002,Solitary Islands Marine Park,1
Parma unifasciata,-30.02,153.27,2022,5,4,10,25,-30_153,23.17070722579956,23.499481201171875,22.86009501290944,23.86316082862116,2002,Solitary Islands Marine Park,1
Parma unifasciata,-30.02,153.27,2022,5,4,12.5,6,-30_153,23.17070722579956,23.499481201171875,22.86009501290944,23.86316082862116,2002,Solitary Islands Marine Park,1
Parma unifasciata,-30.02,153.27,2022,5,4,10,5,-30_153,23.17070722579956,23.499481201171875,22.86009501290944,23.86316082862116,2002,Solitary Islands Marine Park,1
Parma unifasciata,-30.02,153.27,2022,5,4,12.5,5,-30_153,23.17070722579956,23.499481201171875,22.86009501290944,23.86316082862116,2002,Solitary Islands Marine Park,1
Parma unifasciata,-30.02,153.27,2022,5,4,7.5,25,-30_153,23.17070722579956,23.499481201171875,22.86009501290944,23.86316082862116,2002,Solitary Islands Marine Park,1
Parma unifasciata,-30.02,153.27,2022,5,4,10,50,-30_153,23.17070722579956,23.499481201171875,22.86009501290944,23.86316082862116,2002,Solitary Islands Marine Park,1
Parma unifasciata,-30.02,153.27,2022,5,4,7.5,30,-30_153,23.17070722579956,23.499481201171875,22.86009501290944,23.86316082862116,2002,Solitary Islands Marine Park,1
Parma unifasciata,-30.02,153.27,2022,5,4,10,75,-30_153,23.17070722579956,23.499481201171875,22.86009501290944,23.86316082862116,2002,Solitary Islands Marine Park,1
Parma unifasciata,-30.02,153.27,2022,5,4,5,5,-30_153,23.17070722579956,23.499481201171875,22.86009501290944,23.86316082862116,2002,Solitary Islands Marine Park,1
Parma unifasciata,-30.02,153.27,2022,5,4,7.5,25,-30_153,23.17070722579956,23.499481201171875,22.86009501290944,23.86316082862116,2002,Solitary Islands Marine Park,1
Parma unifasciata,-30.02,153.27,2022,5,4,10,100,-30_153,23.17070722579956,23.499481201171875,22.86009501290944,23.86316082862116,2002,Solitary Islands Marine Park,1
Parma unifasciata,-30.02,153.27,2022,5,4,5,2,-30_153,23.17070722579956,23.499481201171875,22.86009501290944,23.86316082862116,2002,Solitary Islands Marine Park,1
Parma unifasciata,-30.02,153.27,2022,5,4,7.5,50,-30_153,23.17070722579956,23.499481201171875,22.86009501290944,23.86316082862116,2002,Solitary Islands Marine Park,1
Parma unifasciata,-33.84,151.28,2021,12,11,12.5,1,-34_151,20.64797862370809,22.177095413208008,20.950210547590647,22.682096265977428,NA,NA,0
Parma unifasciata,-33.99,151.23,2022,1,3,12.5,4,-34_151,20.85954205195109,23.8652400970459,21.210269496203445,23.798467174653084,NA,NA,0
Parma unifasciata,-33.99,151.23,2022,1,3,12.5,3,-34_151,20.85954205195109,23.8652400970459,21.210269496203445,23.798467174653084,NA,NA,0
Parma unifasciata,-33.8,151.3,2021,12,12,12.5,1,-34_151,20.64797862370809,22.177095413208008,20.950210547590647,22.682096265977428,2002,Cabbage Tree Bay Aquatic Reserve,1
Parma unifasciata,-33.8,151.3,2021,12,12,12.5,2,-34_151,20.64797862370809,22.177095413208008,20.950210547590647,22.682096265977428,2002,Cabbage Tree Bay Aquatic Reserve,1
Parma unifasciata,-33.8,151.3,2021,12,12,15,1,-34_151,20.64797862370809,22.177095413208008,20.950210547590647,22.682096265977428,2002,Cabbage Tree Bay Aquatic Reserve,1
Parma unifasciata,-33.99,151.23,2021,12,10,10,1,-34_151,20.64797862370809,22.177095413208008,20.950210547590647,22.682096265977428,NA,NA,0
Parma unifasciata,-33.81,151.31,2022,4,30,5,11,-34_151,20.85954205195109,22.986236572265625,21.210269496203445,23.226666116714476,NA,NA,0
Parma unifasciata,-33.81,151.31,2022,4,30,7.5,11,-34_151,20.85954205195109,22.986236572265625,21.210269496203445,23.226666116714476,NA,NA,0
Parma unifasciata,-33.81,151.31,2022,4,30,12.5,1,-34_151,20.85954205195109,22.986236572265625,21.210269496203445,23.226666116714476,NA,NA,0
Parma unifasciata,-33.81,151.31,2022,4,30,15,12,-34_151,20.85954205195109,22.986236572265625,21.210269496203445,23.226666116714476,NA,NA,0
Parma unifasciata,-33.81,151.31,2022,4,30,10,10,-34_151,20.85954205195109,22.986236572265625,21.210269496203445,23.226666116714476,NA,NA,0
Parma unifasciata,-33.81,151.31,2022,4,30,12.5,10,-34_151,20.85954205195109,22.986236572265625,21.210269496203445,23.226666116714476,NA,NA,0
Parma unifasciata,-33.81,151.31,2022,4,30,15,1,-34_151,20.85954205195109,22.986236572265625,21.210269496203445,23.226666116714476,NA,NA,0
Parma unifasciata,-33.82,151.3,2022,5,7,15,1,-34_151,20.85954205195109,21.968141555786133,21.210269496203445,22.905321982599073,NA,NA,0
Parma unifasciata,-33.82,151.3,2022,5,7,12.5,2,-34_151,20.85954205195109,21.968141555786133,21.210269496203445,22.905321982599073,NA,NA,0
Parma unifasciata,-33.82,151.3,2022,5,7,15,1,-34_151,20.85954205195109,21.968141555786133,21.210269496203445,22.905321982599073,NA,NA,0
Parma unifasciata,-33.99,151.23,2021,12,10,12.5,1,-34_151,20.64797862370809,22.177095413208008,20.950210547590647,22.682096265977428,NA,NA,0
Parma unifasciata,-30.02,153.27,2021,6,7,7.5,10,-30_153,23.144508202870686,21.373558044433594,22.95066338804033,21.280932896931965,2002,Solitary Islands Marine Park,1
Parma unifasciata,-30.02,153.27,2021,6,7,10,20,-30_153,23.144508202870686,21.373558044433594,22.95066338804033,21.280932896931965,2002,Solitary Islands Marine Park,1
Parma unifasciata,-30.02,153.27,2021,6,7,12.5,5,-30_153,23.144508202870686,21.373558044433594,22.95066338804033,21.280932896931965,2002,Solitary Islands Marine Park,1
Parma unifasciata,-30.02,153.27,2021,6,7,7.5,15,-30_153,23.144508202870686,21.373558044433594,22.95066338804033,21.280932896931965,2002,Solitary Islands Marine Park,1
Parma unifasciata,-30.02,153.27,2021,6,7,10,15,-30_153,23.144508202870686,21.373558044433594,22.95066338804033,21.280932896931965,2002,Solitary Islands Marine Park,1
Parma unifasciata,-30.02,153.27,2021,6,7,12.5,10,-30_153,23.144508202870686,21.373558044433594,22.95066338804033,21.280932896931965,2002,Solitary Islands Marine Park,1
Parma unifasciata,-30.02,153.27,2021,6,7,7.5,10,-30_153,23.144508202870686,21.373558044433594,22.95066338804033,21.280932896931965,2002,Solitary Islands Marine Park,1
Parma unifasciata,-30.02,153.27,2021,6,7,10,30,-30_153,23.144508202870686,21.373558044433594,22.95066338804033,21.280932896931965,2002,Solitary Islands Marine Park,1
Parma unifasciata,-30.02,153.27,2021,6,7,12.5,20,-30_153,23.144508202870686,21.373558044433594,22.95066338804033,21.280932896931965,2002,Solitary Islands Marine Park,1
Parma unifasciata,-30.02,153.27,2021,6,7,7.5,15,-30_153,23.144508202870686,21.373558044433594,22.95066338804033,21.280932896931965,2002,Solitary Islands Marine Park,1
Parma unifasciata,-30.02,153.27,2021,6,7,10,25,-30_153,23.144508202870686,21.373558044433594,22.95066338804033,21.280932896931965,2002,Solitary Islands Marine Park,1
Parma unifasciata,-30.02,153.27,2021,6,7,12.5,25,-30_153,23.144508202870686,21.373558044433594,22.95066338804033,21.280932896931965,2002,Solitary Islands Marine Park,1
Parma unifasciata,-30.15,153.23,2021,6,12,7.5,30,-30_153,23.144508202870686,21.373558044433594,22.95066338804033,21.280932896931965,NA,NA,0
Parma unifasciata,-30.15,153.23,2021,6,12,10,20,-30_153,23.144508202870686,21.373558044433594,22.95066338804033,21.280932896931965,NA,NA,0
Parma unifasciata,-30.15,153.23,2021,6,12,7.5,50,-30_153,23.144508202870686,21.373558044433594,22.95066338804033,21.280932896931965,NA,NA,0
Parma unifasciata,-30.15,153.23,2021,6,12,10,30,-30_153,23.144508202870686,21.373558044433594,22.95066338804033,21.280932896931965,NA,NA,0
Parma unifasciata,-30.16,153.23,2021,6,12,7.5,30,-30_153,23.144508202870686,21.373558044433594,22.95066338804033,21.280932896931965,2002,Solitary Islands Marine Park,1
Parma unifasciata,-30.16,153.23,2021,6,12,10,50,-30_153,23.144508202870686,21.373558044433594,22.95066338804033,21.280932896931965,2002,Solitary Islands Marine Park,1
Parma unifasciata,-30.02,153.27,2021,6,7,7.5,10,-30_153,23.144508202870686,21.373558044433594,22.95066338804033,21.280932896931965,2002,Solitary Islands Marine Park,1
Parma unifasciata,-30.02,153.27,2021,6,7,10,10,-30_153,23.144508202870686,21.373558044433594,22.95066338804033,21.280932896931965,2002,Solitary Islands Marine Park,1
Parma unifasciata,-30.02,153.27,2021,6,7,12.5,10,-30_153,23.144508202870686,21.373558044433594,22.95066338804033,21.280932896931965,2002,Solitary Islands Marine Park,1
Parma unifasciata,-30.06,153.2,2021,9,1,7.5,1,-30_153,23.144508202870686,21.271814346313477,22.95066338804033,20.41826623280843,NA,NA,0
Parma unifasciata,-30.06,153.2,2021,9,1,5,2,-30_153,23.144508202870686,21.271814346313477,22.95066338804033,20.41826623280843,NA,NA,0
Parma unifasciata,-30.06,153.2,2021,9,1,7.5,5,-30_153,23.144508202870686,21.271814346313477,22.95066338804033,20.41826623280843,NA,NA,0
Parma unifasciata,-30.06,153.2,2021,9,1,10,2,-30_153,23.144508202870686,21.271814346313477,22.95066338804033,20.41826623280843,NA,NA,0
Parma unifasciata,-30.11,153.2,2021,8,13,7.5,1,-30_153,23.144508202870686,20.553932189941406,22.95066338804033,19.93354796132734,NA,NA,0
Parma unifasciata,-30.11,153.2,2021,8,13,10,1,-30_153,23.144508202870686,20.553932189941406,22.95066338804033,19.93354796132734,NA,NA,0
Parma unifasciata,-30.02,153.27,2023,4,12,5,15,-30_153,23.437246799468994,24.92647933959961,22.815611016546466,24.66266615549723,2002,Solitary Islands Marine Park,1
Parma unifasciata,-30.02,153.27,2023,4,12,7.5,25,-30_153,23.437246799468994,24.92647933959961,22.815611016546466,24.66266615549723,2002,Solitary Islands Marine Park,1
Parma unifasciata,-30.02,153.27,2023,4,12,10,150,-30_153,23.437246799468994,24.92647933959961,22.815611016546466,24.66266615549723,2002,Solitary Islands Marine Park,1
Parma unifasciata,-30.02,153.27,2023,4,12,10,100,-30_153,23.437246799468994,24.92647933959961,22.815611016546466,24.66266615549723,2002,Solitary Islands Marine Park,1
Parma unifasciata,-33.84,151.28,2023,5,20,12.5,1,-34_151,21.129122734069824,20.472261428833008,21.098143480197017,20.932418884769564,NA,NA,0
Parma unifasciata,-33.8,151.28,2023,3,11,12.5,1,-34_151,21.129122734069824,24.101327896118164,21.098143480197017,23.9985478308893,NA,NA,0
Parma unifasciata,-33.82,151.3,2023,4,8,10,10,-34_151,21.129122734069824,22.6852970123291,21.098143480197017,22.736249494552613,NA,NA,0
Parma unifasciata,-33.82,151.3,2023,4,8,12.5,5,-34_151,21.129122734069824,22.6852970123291,21.098143480197017,22.736249494552613,NA,NA,0
Parma unifasciata,-33.82,151.3,2023,4,8,10,2,-34_151,21.129122734069824,22.6852970123291,21.098143480197017,22.736249494552613,NA,NA,0
Parma unifasciata,-33.82,151.3,2023,4,8,12.5,3,-34_151,21.129122734069824,22.6852970123291,21.098143480197017,22.736249494552613,NA,NA,0
Parma unifasciata,-33.92,151.27,2023,5,7,7.5,1,-34_151,21.129122734069824,20.472261428833008,21.098143480197017,20.932418884769564,NA,NA,0
Parma unifasciata,-33.92,151.27,2023,5,7,5,1,-34_151,21.129122734069824,20.472261428833008,21.098143480197017,20.932418884769564,NA,NA,0
Parma unifasciata,-33.92,151.27,2023,5,7,10,1,-34_151,21.129122734069824,20.472261428833008,21.098143480197017,20.932418884769564,NA,NA,0
Parma unifasciata,-34,151.24,2023,3,5,10,1,-34_151,21.129122734069824,24.101327896118164,21.098143480197017,23.9985478308893,NA,NA,0
Parma unifasciata,-33.83,151.27,2023,4,10,15,1,-34_151,21.129122734069824,22.6852970123291,21.098143480197017,22.736249494552613,NA,NA,0
Parma unifasciata,-29.92,153.39,2023,4,12,5,1,-30_153,23.437246799468994,24.92647933959961,22.815611016546466,24.66266615549723,2002,Solitary Islands Marine Park,1
Parma unifasciata,-29.92,153.39,2023,4,12,7.5,1,-30_153,23.437246799468994,24.92647933959961,22.815611016546466,24.66266615549723,2002,Solitary Islands Marine Park,1
Parma unifasciata,-30.02,153.27,2023,4,12,7.5,2,-30_153,23.437246799468994,24.92647933959961,22.815611016546466,24.66266615549723,2002,Solitary Islands Marine Park,1
Parma unifasciata,-30.02,153.27,2023,4,12,10,10,-30_153,23.437246799468994,24.92647933959961,22.815611016546466,24.66266615549723,2002,Solitary Islands Marine Park,1
Parma unifasciata,-30.02,153.27,2023,4,12,12.5,5,-30_153,23.437246799468994,24.92647933959961,22.815611016546466,24.66266615549723,2002,Solitary Islands Marine Park,1
Parma unifasciata,-30.02,153.27,2023,4,12,5,1,-30_153,23.437246799468994,24.92647933959961,22.815611016546466,24.66266615549723,2002,Solitary Islands Marine Park,1
Parma unifasciata,-30.02,153.27,2023,4,12,10,3,-30_153,23.437246799468994,24.92647933959961,22.815611016546466,24.66266615549723,2002,Solitary Islands Marine Park,1
Parma unifasciata,-33.99,151.23,2023,2,19,15,1,-34_151,21.129122734069824,24.716724395751953,21.098143480197017,24.29107085296086,NA,NA,0
Parma unifasciata,-33.99,151.23,2023,2,19,12.5,1,-34_151,21.129122734069824,24.716724395751953,21.098143480197017,24.29107085296086,NA,NA,0
Parma unifasciata,-33.82,151.29,2023,4,8,10,1,-34_151,21.129122734069824,22.6852970123291,21.098143480197017,22.736249494552613,NA,NA,0
Parma unifasciata,-33.82,151.29,2023,4,8,12.5,5,-34_151,21.129122734069824,22.6852970123291,21.098143480197017,22.736249494552613,NA,NA,0
Parma unifasciata,-33.82,151.29,2023,4,8,10,5,-34_151,21.129122734069824,22.6852970123291,21.098143480197017,22.736249494552613,NA,NA,0
Parma unifasciata,-33.8,151.29,2023,3,23,10,1,-34_151,21.129122734069824,24.101327896118164,21.098143480197017,23.9985478308893,2002,Cabbage Tree Bay Aquatic Reserve,1
Parma unifasciata,-33.8,151.29,2023,3,23,12.5,1,-34_151,21.129122734069824,24.101327896118164,21.098143480197017,23.9985478308893,2002,Cabbage Tree Bay Aquatic Reserve,1
Parma unifasciata,-33.82,151.29,2023,4,8,7.5,9,-34_151,21.129122734069824,22.6852970123291,21.098143480197017,22.736249494552613,NA,NA,0
Parma unifasciata,-33.82,151.29,2023,4,8,10,9,-34_151,21.129122734069824,22.6852970123291,21.098143480197017,22.736249494552613,NA,NA,0
Parma unifasciata,-33.82,151.29,2023,4,8,12.5,9,-34_151,21.129122734069824,22.6852970123291,21.098143480197017,22.736249494552613,NA,NA,0
Parma unifasciata,-33.82,151.29,2023,4,8,15,9,-34_151,21.129122734069824,22.6852970123291,21.098143480197017,22.736249494552613,NA,NA,0
Parma unifasciata,-33.82,151.29,2023,4,8,7.5,5,-34_151,21.129122734069824,22.6852970123291,21.098143480197017,22.736249494552613,NA,NA,0
Parma unifasciata,-33.82,151.29,2023,4,8,10,5,-34_151,21.129122734069824,22.6852970123291,21.098143480197017,22.736249494552613,NA,NA,0
Parma unifasciata,-33.82,151.29,2023,4,8,12.5,5,-34_151,21.129122734069824,22.6852970123291,21.098143480197017,22.736249494552613,NA,NA,0
Parma unifasciata,-33.82,151.29,2023,4,8,15,5,-34_151,21.129122734069824,22.6852970123291,21.098143480197017,22.736249494552613,NA,NA,0
Parma unifasciata,-33.82,151.3,2023,4,8,2.5,1,-34_151,21.129122734069824,22.6852970123291,21.098143480197017,22.736249494552613,NA,NA,0
Parma unifasciata,-33.82,151.3,2023,4,8,5,1,-34_151,21.129122734069824,22.6852970123291,21.098143480197017,22.736249494552613,NA,NA,0
Parma unifasciata,-33.82,151.3,2023,4,8,7.5,2,-34_151,21.129122734069824,22.6852970123291,21.098143480197017,22.736249494552613,NA,NA,0
Parma unifasciata,-33.82,151.3,2023,4,8,10,1,-34_151,21.129122734069824,22.6852970123291,21.098143480197017,22.736249494552613,NA,NA,0
Parma unifasciata,-33.82,151.3,2023,4,8,5,10,-34_151,21.129122734069824,22.6852970123291,21.098143480197017,22.736249494552613,NA,NA,0
Parma unifasciata,-33.82,151.3,2023,4,8,7.5,10,-34_151,21.129122734069824,22.6852970123291,21.098143480197017,22.736249494552613,NA,NA,0
Parma unifasciata,-33.82,151.3,2023,4,8,12.5,1,-34_151,21.129122734069824,22.6852970123291,21.098143480197017,22.736249494552613,NA,NA,0
Parma unifasciata,-33.82,151.3,2023,4,8,15,1,-34_151,21.129122734069824,22.6852970123291,21.098143480197017,22.736249494552613,NA,NA,0
Parma unifasciata,-33.82,151.29,2023,4,8,7.5,10,-34_151,21.129122734069824,22.6852970123291,21.098143480197017,22.736249494552613,NA,NA,0
Parma unifasciata,-33.82,151.29,2023,4,8,10,10,-34_151,21.129122734069824,22.6852970123291,21.098143480197017,22.736249494552613,NA,NA,0
Parma unifasciata,-33.82,151.29,2023,4,8,12.5,2,-34_151,21.129122734069824,22.6852970123291,21.098143480197017,22.736249494552613,NA,NA,0
Parma unifasciata,-33.82,151.29,2023,4,8,2.5,2,-34_151,21.129122734069824,22.6852970123291,21.098143480197017,22.736249494552613,NA,NA,0
Parma unifasciata,-33.82,151.29,2023,4,8,5,3,-34_151,21.129122734069824,22.6852970123291,21.098143480197017,22.736249494552613,NA,NA,0
Parma unifasciata,-33.82,151.29,2023,4,8,10,11,-34_151,21.129122734069824,22.6852970123291,21.098143480197017,22.736249494552613,NA,NA,0
Parma unifasciata,-33.82,151.29,2023,4,8,12.5,40,-34_151,21.129122734069824,22.6852970123291,21.098143480197017,22.736249494552613,NA,NA,0
Parma unifasciata,-33.82,151.29,2023,4,8,15,15,-34_151,21.129122734069824,22.6852970123291,21.098143480197017,22.736249494552613,NA,NA,0
Parma unifasciata,-33.82,151.3,2023,4,8,7.5,7,-34_151,21.129122734069824,22.6852970123291,21.098143480197017,22.736249494552613,NA,NA,0
Parma unifasciata,-33.82,151.3,2023,4,8,10,7,-34_151,21.129122734069824,22.6852970123291,21.098143480197017,22.736249494552613,NA,NA,0
Parma unifasciata,-33.82,151.3,2023,4,8,12.5,7,-34_151,21.129122734069824,22.6852970123291,21.098143480197017,22.736249494552613,NA,NA,0
Parma unifasciata,-33.82,151.3,2023,4,8,7.5,8,-34_151,21.129122734069824,22.6852970123291,21.098143480197017,22.736249494552613,NA,NA,0
Parma unifasciata,-33.82,151.3,2023,4,8,10,8,-34_151,21.129122734069824,22.6852970123291,21.098143480197017,22.736249494552613,NA,NA,0
Parma unifasciata,-33.82,151.3,2023,4,8,12.5,8,-34_151,21.129122734069824,22.6852970123291,21.098143480197017,22.736249494552613,NA,NA,0
Parma unifasciata,-30.2,153.27,2021,9,11,10,5,-30_153,23.144508202870686,21.271814346313477,22.95066338804033,20.41826623280843,2002,Solitary Islands Marine Park,1
Parma unifasciata,-30.2,153.27,2021,9,11,12.5,10,-30_153,23.144508202870686,21.271814346313477,22.95066338804033,20.41826623280843,2002,Solitary Islands Marine Park,1
Parma unifasciata,-30.2,153.26,2021,9,11,2.5,1,-30_153,23.144508202870686,21.271814346313477,22.95066338804033,20.41826623280843,2002,Solitary Islands Marine Park,1
Parma unifasciata,-30.2,153.26,2021,9,11,5,5,-30_153,23.144508202870686,21.271814346313477,22.95066338804033,20.41826623280843,2002,Solitary Islands Marine Park,1
Parma unifasciata,-30.2,153.26,2021,9,11,7.5,14,-30_153,23.144508202870686,21.271814346313477,22.95066338804033,20.41826623280843,2002,Solitary Islands Marine Park,1
Parma unifasciata,-30.2,153.26,2021,9,11,10,3,-30_153,23.144508202870686,21.271814346313477,22.95066338804033,20.41826623280843,2002,Solitary Islands Marine Park,1
Parma unifasciata,-30.2,153.26,2021,9,11,7.5,3,-30_153,23.144508202870686,21.271814346313477,22.95066338804033,20.41826623280843,2002,Solitary Islands Marine Park,1
Parma unifasciata,-30.2,153.26,2021,9,11,10,5,-30_153,23.144508202870686,21.271814346313477,22.95066338804033,20.41826623280843,2002,Solitary Islands Marine Park,1
Parma unifasciata,-30.2,153.26,2021,9,11,12.5,10,-30_153,23.144508202870686,21.271814346313477,22.95066338804033,20.41826623280843,2002,Solitary Islands Marine Park,1
Parma unifasciata,-35.07,150.7,2016,4,4,7.5,1,-35_151,20.669610341389973,22.880043029785156,21.274100916582,22.28422171274821,NA,NA,0
Parma unifasciata,-35.07,150.7,2016,4,4,10,1,-35_151,20.669610341389973,22.880043029785156,21.274100916582,22.28422171274821,NA,NA,0
Parma unifasciata,-35.08,150.79,2016,4,2,7.5,1,-35_151,20.669610341389973,22.880043029785156,21.274100916582,22.28422171274821,2002,Jervis Bay Marine Park,1
Parma unifasciata,-30.2,153.27,2021,9,11,10,25,-30_153,23.144508202870686,21.271814346313477,22.95066338804033,20.41826623280843,2002,Solitary Islands Marine Park,1
Parma unifasciata,-29.7,153.4,2023,6,14,15,2,-30_153,23.437246799468994,22.37692642211914,22.815611016546466,21.1978662109375,2002,Solitary Islands Marine Park,1
Parma unifasciata,-29.7,153.4,2023,6,14,20,3,-30_153,23.437246799468994,22.37692642211914,22.815611016546466,21.1978662109375,2002,Solitary Islands Marine Park,1
Parma unifasciata,-29.7,153.4,2023,6,14,20,4,-30_153,23.437246799468994,22.37692642211914,22.815611016546466,21.1978662109375,2002,Solitary Islands Marine Park,1
Parma unifasciata,-29.7,153.4,2023,6,14,15,12,-30_153,23.437246799468994,22.37692642211914,22.815611016546466,21.1978662109375,2002,Solitary Islands Marine Park,1
Parma unifasciata,-29.7,153.4,2023,6,14,20,14,-30_153,23.437246799468994,22.37692642211914,22.815611016546466,21.1978662109375,2002,Solitary Islands Marine Park,1
Parma unifasciata,-29.7,153.4,2023,6,14,15,18,-30_153,23.437246799468994,22.37692642211914,22.815611016546466,21.1978662109375,2002,Solitary Islands Marine Park,1
Parma unifasciata,-29.7,153.4,2023,6,14,20,16,-30_153,23.437246799468994,22.37692642211914,22.815611016546466,21.1978662109375,2002,Solitary Islands Marine Park,1
Parma unifasciata,-33.83,151.28,2022,5,10,7.5,1,-34_151,20.85954205195109,21.968141555786133,21.210269496203445,22.905321982599073,NA,NA,0
Parma unifasciata,-33.83,151.28,2022,5,10,5,1,-34_151,20.85954205195109,21.968141555786133,21.210269496203445,22.905321982599073,NA,NA,0
Parma unifasciata,-33.81,151.31,2022,5,15,7.5,2,-34_151,20.85954205195109,21.968141555786133,21.210269496203445,22.905321982599073,NA,NA,0
Parma unifasciata,-33.81,151.31,2022,5,15,12.5,11,-34_151,20.85954205195109,21.968141555786133,21.210269496203445,22.905321982599073,NA,NA,0
Parma unifasciata,-33.81,151.31,2022,5,15,15,2,-34_151,20.85954205195109,21.968141555786133,21.210269496203445,22.905321982599073,NA,NA,0
Parma unifasciata,-33.81,151.31,2022,5,15,7.5,1,-34_151,20.85954205195109,21.968141555786133,21.210269496203445,22.905321982599073,NA,NA,0
Parma unifasciata,-33.81,151.31,2022,5,15,10,1,-34_151,20.85954205195109,21.968141555786133,21.210269496203445,22.905321982599073,NA,NA,0
Parma unifasciata,-33.81,151.31,2022,5,15,12.5,13,-34_151,20.85954205195109,21.968141555786133,21.210269496203445,22.905321982599073,NA,NA,0
Parma unifasciata,-33.81,151.31,2022,5,15,15,1,-34_151,20.85954205195109,21.968141555786133,21.210269496203445,22.905321982599073,NA,NA,0
Parma unifasciata,-33.82,151.29,2022,5,7,12.5,2,-34_151,20.85954205195109,21.968141555786133,21.210269496203445,22.905321982599073,NA,NA,0
Parma unifasciata,-33.82,151.29,2022,5,7,15,5,-34_151,20.85954205195109,21.968141555786133,21.210269496203445,22.905321982599073,NA,NA,0
Parma unifasciata,-33.82,151.29,2022,5,7,7.5,5,-34_151,20.85954205195109,21.968141555786133,21.210269496203445,22.905321982599073,NA,NA,0
Parma unifasciata,-33.82,151.29,2022,5,7,10,5,-34_151,20.85954205195109,21.968141555786133,21.210269496203445,22.905321982599073,NA,NA,0
Parma unifasciata,-33.82,151.29,2022,5,7,12.5,5,-34_151,20.85954205195109,21.968141555786133,21.210269496203445,22.905321982599073,NA,NA,0
Parma unifasciata,-33.82,151.29,2022,5,7,15,2,-34_151,20.85954205195109,21.968141555786133,21.210269496203445,22.905321982599073,NA,NA,0
Parma unifasciata,-33.82,151.29,2022,5,7,7.5,4,-34_151,20.85954205195109,21.968141555786133,21.210269496203445,22.905321982599073,NA,NA,0
Parma unifasciata,-33.82,151.29,2022,5,7,15,4,-34_151,20.85954205195109,21.968141555786133,21.210269496203445,22.905321982599073,NA,NA,0
Parma unifasciata,-33.84,151.29,2022,5,15,12.5,10,-34_151,20.85954205195109,21.968141555786133,21.210269496203445,22.905321982599073,NA,NA,0
Parma unifasciata,-33.84,151.29,2022,5,15,15,2,-34_151,20.85954205195109,21.968141555786133,21.210269496203445,22.905321982599073,NA,NA,0
Parma unifasciata,-33.84,151.29,2022,5,15,7.5,5,-34_151,20.85954205195109,21.968141555786133,21.210269496203445,22.905321982599073,NA,NA,0
Parma unifasciata,-33.84,151.29,2022,5,15,12.5,6,-34_151,20.85954205195109,21.968141555786133,21.210269496203445,22.905321982599073,NA,NA,0
Parma unifasciata,-33.84,151.29,2022,5,15,15,5,-34_151,20.85954205195109,21.968141555786133,21.210269496203445,22.905321982599073,NA,NA,0
Parma unifasciata,-33.99,151.23,2023,7,16,12.5,3,-34_151,21.129122734069824,18.543296813964844,21.098143480197017,18.46580608429447,NA,NA,0
Parma unifasciata,-33.99,151.23,2023,7,16,15,3,-34_151,21.129122734069824,18.543296813964844,21.098143480197017,18.46580608429447,NA,NA,0
Parma unifasciata,-33.99,151.23,2023,7,16,10,1,-34_151,21.129122734069824,18.543296813964844,21.098143480197017,18.46580608429447,NA,NA,0
Parma unifasciata,-33.99,151.23,2023,7,16,12.5,1,-34_151,21.129122734069824,18.543296813964844,21.098143480197017,18.46580608429447,NA,NA,0
Parma unifasciata,-33.99,151.23,2023,7,16,15,4,-34_151,21.129122734069824,18.543296813964844,21.098143480197017,18.46580608429447,NA,NA,0
Parma unifasciata,-32.71,152.16,2024,3,9,5,2,-33_152,21.951420148213703,24.8126220703125,21.69310426197982,23.836693030531688,1983,Fly Point-Halifax Park,1
Parma unifasciata,-32.71,152.16,2024,3,9,7.5,1,-33_152,21.951420148213703,24.8126220703125,21.69310426197982,23.836693030531688,1983,Fly Point-Halifax Park,1
Parma unifasciata,-32.71,152.16,2024,3,9,10,2,-33_152,21.951420148213703,24.8126220703125,21.69310426197982,23.836693030531688,1983,Fly Point-Halifax Park,1
Parma unifasciata,-32.71,152.16,2024,3,9,12.5,2,-33_152,21.951420148213703,24.8126220703125,21.69310426197982,23.836693030531688,1983,Fly Point-Halifax Park,1
Parma unifasciata,-32.71,152.16,2024,3,9,5,1,-33_152,21.951420148213703,24.8126220703125,21.69310426197982,23.836693030531688,1983,Fly Point-Halifax Park,1
Parma unifasciata,-32.71,152.16,2024,3,9,7.5,5,-33_152,21.951420148213703,24.8126220703125,21.69310426197982,23.836693030531688,1983,Fly Point-Halifax Park,1
Parma unifasciata,-32.71,152.16,2024,3,9,10,5,-33_152,21.951420148213703,24.8126220703125,21.69310426197982,23.836693030531688,1983,Fly Point-Halifax Park,1
Parma unifasciata,-33.8,151.29,2023,12,16,15,1,-34_151,21.129122734069824,22.388893127441406,21.098143480197017,22.514596246903945,2002,Cabbage Tree Bay Aquatic Reserve,1
Parma unifasciata,-33.99,151.23,2023,8,9,15,2,-34_151,21.129122734069824,18.231184005737305,21.098143480197017,18.28927384653399,NA,NA,0
Parma unifasciata,-33.99,151.23,2023,8,9,20,1,-34_151,21.129122734069824,18.231184005737305,21.098143480197017,18.28927384653399,NA,NA,0
Parma unifasciata,-33.99,151.23,2023,8,9,15,5,-34_151,21.129122734069824,18.231184005737305,21.098143480197017,18.28927384653399,NA,NA,0
Parma unifasciata,-33.99,151.23,2023,8,9,20,2,-34_151,21.129122734069824,18.231184005737305,21.098143480197017,18.28927384653399,NA,NA,0
Parma unifasciata,-32.71,152.16,2024,3,15,10,1,-33_152,21.951420148213703,24.8126220703125,21.69310426197982,23.836693030531688,1983,Fly Point-Halifax Park,1
Parma unifasciata,-32.72,152.15,2024,2,25,5,1,-33_152,21.951420148213703,25.276979446411133,21.69310426197982,25.077384477374196,NA,NA,0
Parma unifasciata,-32.72,152.15,2024,2,25,7.5,1,-33_152,21.951420148213703,25.276979446411133,21.69310426197982,25.077384477374196,NA,NA,0
Parma unifasciata,-32.71,152.15,2024,3,17,5,1,-33_152,21.951420148213703,24.8126220703125,21.69310426197982,23.836693030531688,1983,Fly Point-Halifax Park,1
Parma unifasciata,-32.74,152.19,2024,5,26,7.5,1,-33_152,21.951420148213703,22.405046463012695,21.69310426197982,21.77204256673013,NA,NA,0
Parma unifasciata,-32.74,152.19,2024,5,26,10,2,-33_152,21.951420148213703,22.405046463012695,21.69310426197982,21.77204256673013,NA,NA,0
Parma unifasciata,-32.74,152.19,2024,5,26,12.5,2,-33_152,21.951420148213703,22.405046463012695,21.69310426197982,21.77204256673013,NA,NA,0
Parma unifasciata,-32.74,152.19,2024,5,26,15,2,-33_152,21.951420148213703,22.405046463012695,21.69310426197982,21.77204256673013,NA,NA,0
Parma unifasciata,-32.74,152.19,2024,5,26,12.5,3,-33_152,21.951420148213703,22.405046463012695,21.69310426197982,21.77204256673013,NA,NA,0
Parma unifasciata,-32.6,152.32,2024,5,24,12.5,1,-33_152,21.951420148213703,22.405046463012695,21.69310426197982,21.77204256673013,NA,NA,0
Parma unifasciata,-32.6,152.32,2024,5,24,15,5,-33_152,21.951420148213703,22.405046463012695,21.69310426197982,21.77204256673013,NA,NA,0
Parma unifasciata,-32.6,152.32,2024,5,24,12.5,16,-33_152,21.951420148213703,22.405046463012695,21.69310426197982,21.77204256673013,NA,NA,0
Parma unifasciata,-32.6,152.32,2024,5,24,15,10,-33_152,21.951420148213703,22.405046463012695,21.69310426197982,21.77204256673013,NA,NA,0
Parma unifasciata,-32.74,152.19,2024,5,26,10,2,-33_152,21.951420148213703,22.405046463012695,21.69310426197982,21.77204256673013,NA,NA,0
Parma unifasciata,-32.74,152.19,2024,5,26,12.5,2,-33_152,21.951420148213703,22.405046463012695,21.69310426197982,21.77204256673013,NA,NA,0
Parma unifasciata,-32.74,152.19,2024,5,26,7.5,2,-33_152,21.951420148213703,22.405046463012695,21.69310426197982,21.77204256673013,NA,NA,0
Parma unifasciata,-32.74,152.19,2024,5,26,10,5,-33_152,21.951420148213703,22.405046463012695,21.69310426197982,21.77204256673013,NA,NA,0
Parma unifasciata,-32.74,152.19,2024,5,26,12.5,5,-33_152,21.951420148213703,22.405046463012695,21.69310426197982,21.77204256673013,NA,NA,0
Parma unifasciata,-32.6,152.32,2024,5,24,12.5,3,-33_152,21.951420148213703,22.405046463012695,21.69310426197982,21.77204256673013,NA,NA,0
Parma unifasciata,-32.6,152.32,2024,5,24,15,3,-33_152,21.951420148213703,22.405046463012695,21.69310426197982,21.77204256673013,NA,NA,0
Parma unifasciata,-32.71,152.16,2024,5,25,5,1,-33_152,21.951420148213703,22.405046463012695,21.69310426197982,21.77204256673013,1983,Fly Point-Halifax Park,1
Parma unifasciata,-32.79,152.09,2024,5,16,7.5,3,-33_152,21.951420148213703,22.405046463012695,21.69310426197982,21.77204256673013,NA,NA,0
Parma unifasciata,-32.79,152.09,2024,5,16,10,3,-33_152,21.951420148213703,22.405046463012695,21.69310426197982,21.77204256673013,NA,NA,0
Parma unifasciata,-32.62,152.33,2024,5,24,10,1,-33_152,21.951420148213703,22.405046463012695,21.69310426197982,21.77204256673013,2007,Port Stephens Great Lake Marine Park,1
Parma unifasciata,-32.62,152.33,2024,5,24,12.5,1,-33_152,21.951420148213703,22.405046463012695,21.69310426197982,21.77204256673013,2007,Port Stephens Great Lake Marine Park,1
Parma unifasciata,-32.62,152.33,2024,5,24,15,1,-33_152,21.951420148213703,22.405046463012695,21.69310426197982,21.77204256673013,2007,Port Stephens Great Lake Marine Park,1
Parma unifasciata,-32.62,152.33,2024,5,24,7.5,6,-33_152,21.951420148213703,22.405046463012695,21.69310426197982,21.77204256673013,2007,Port Stephens Great Lake Marine Park,1
Parma unifasciata,-32.62,152.33,2024,5,24,10,6,-33_152,21.951420148213703,22.405046463012695,21.69310426197982,21.77204256673013,2007,Port Stephens Great Lake Marine Park,1
Parma unifasciata,-32.6,152.32,2024,5,24,12.5,2,-33_152,21.951420148213703,22.405046463012695,21.69310426197982,21.77204256673013,NA,NA,0
Parma unifasciata,-32.6,152.32,2024,5,24,15,4,-33_152,21.951420148213703,22.405046463012695,21.69310426197982,21.77204256673013,NA,NA,0
Parma unifasciata,-32.6,152.32,2024,5,24,20,2,-33_152,21.951420148213703,22.405046463012695,21.69310426197982,21.77204256673013,NA,NA,0
Parma unifasciata,-32.62,152.33,2024,5,24,12.5,9,-33_152,21.951420148213703,22.405046463012695,21.69310426197982,21.77204256673013,2007,Port Stephens Great Lake Marine Park,1
Parma unifasciata,-32.62,152.33,2024,5,24,15,14,-33_152,21.951420148213703,22.405046463012695,21.69310426197982,21.77204256673013,2007,Port Stephens Great Lake Marine Park,1
Parma unifasciata,-32.62,152.33,2024,5,24,10,7,-33_152,21.951420148213703,22.405046463012695,21.69310426197982,21.77204256673013,2007,Port Stephens Great Lake Marine Park,1
Parma unifasciata,-32.62,152.33,2024,5,24,12.5,7,-33_152,21.951420148213703,22.405046463012695,21.69310426197982,21.77204256673013,2007,Port Stephens Great Lake Marine Park,1
Parma unifasciata,-32.62,152.33,2024,5,24,15,11,-33_152,21.951420148213703,22.405046463012695,21.69310426197982,21.77204256673013,2007,Port Stephens Great Lake Marine Park,1
Parma unifasciata,-32.71,152.16,2024,5,26,12.5,1,-33_152,21.951420148213703,22.405046463012695,21.69310426197982,21.77204256673013,1983,Fly Point-Halifax Park,1
Parma unifasciata,-32.71,152.16,2024,5,26,15,2,-33_152,21.951420148213703,22.405046463012695,21.69310426197982,21.77204256673013,1983,Fly Point-Halifax Park,1
Parma unifasciata,-32.71,152.16,2024,5,26,7.5,1,-33_152,21.951420148213703,22.405046463012695,21.69310426197982,21.77204256673013,1983,Fly Point-Halifax Park,1
Parma unifasciata,-32.62,152.33,2024,5,24,12.5,2,-33_152,21.951420148213703,22.405046463012695,21.69310426197982,21.77204256673013,2007,Port Stephens Great Lake Marine Park,1
Parma unifasciata,-32.79,152.09,2024,5,16,5,1,-33_152,21.951420148213703,22.405046463012695,21.69310426197982,21.77204256673013,NA,NA,0
Parma unifasciata,-32.79,152.09,2024,5,16,10,2,-33_152,21.951420148213703,22.405046463012695,21.69310426197982,21.77204256673013,NA,NA,0
Parma unifasciata,-32.6,152.32,2024,5,24,10,6,-33_152,21.951420148213703,22.405046463012695,21.69310426197982,21.77204256673013,NA,NA,0
Parma unifasciata,-32.6,152.32,2024,5,24,12.5,7,-33_152,21.951420148213703,22.405046463012695,21.69310426197982,21.77204256673013,NA,NA,0
Parma unifasciata,-32.6,152.32,2024,5,24,15,5,-33_152,21.951420148213703,22.405046463012695,21.69310426197982,21.77204256673013,NA,NA,0
Parma unifasciata,-32.6,152.32,2024,5,24,20,2,-33_152,21.951420148213703,22.405046463012695,21.69310426197982,21.77204256673013,NA,NA,0
Parma unifasciata,-32.6,152.32,2024,5,24,7.5,20,-33_152,21.951420148213703,22.405046463012695,21.69310426197982,21.77204256673013,NA,NA,0
Parma unifasciata,-32.6,152.32,2024,5,24,10,40,-33_152,21.951420148213703,22.405046463012695,21.69310426197982,21.77204256673013,NA,NA,0
Parma unifasciata,-32.74,152.19,2024,5,26,5,2,-33_152,21.951420148213703,22.405046463012695,21.69310426197982,21.77204256673013,NA,NA,0
Parma unifasciata,-32.74,152.19,2024,5,26,7.5,1,-33_152,21.951420148213703,22.405046463012695,21.69310426197982,21.77204256673013,NA,NA,0
Parma unifasciata,-32.74,152.19,2024,5,26,10,2,-33_152,21.951420148213703,22.405046463012695,21.69310426197982,21.77204256673013,NA,NA,0
Parma unifasciata,-32.74,152.19,2024,5,26,5,1,-33_152,21.951420148213703,22.405046463012695,21.69310426197982,21.77204256673013,NA,NA,0
Parma unifasciata,-32.74,152.19,2024,5,26,7.5,6,-33_152,21.951420148213703,22.405046463012695,21.69310426197982,21.77204256673013,NA,NA,0
Parma unifasciata,-32.74,152.19,2024,5,26,10,5,-33_152,21.951420148213703,22.405046463012695,21.69310426197982,21.77204256673013,NA,NA,0
Parma unifasciata,-32.69,152.22,2024,5,26,5,2,-33_152,21.951420148213703,22.405046463012695,21.69310426197982,21.77204256673013,NA,NA,0
Parma unifasciata,-32.69,152.22,2024,5,26,7.5,3,-33_152,21.951420148213703,22.405046463012695,21.69310426197982,21.77204256673013,NA,NA,0
Parma unifasciata,-32.69,152.22,2024,5,26,10,2,-33_152,21.951420148213703,22.405046463012695,21.69310426197982,21.77204256673013,NA,NA,0
Parma unifasciata,-32.69,152.22,2024,5,26,12.5,2,-33_152,21.951420148213703,22.405046463012695,21.69310426197982,21.77204256673013,NA,NA,0
Parma unifasciata,-32.71,152.16,2024,5,26,12.5,2,-33_152,21.951420148213703,22.405046463012695,21.69310426197982,21.77204256673013,1983,Fly Point-Halifax Park,1
Parma unifasciata,-32.71,152.16,2024,5,26,15,4,-33_152,21.951420148213703,22.405046463012695,21.69310426197982,21.77204256673013,1983,Fly Point-Halifax Park,1
Parma unifasciata,-32.71,152.16,2024,5,26,5,1,-33_152,21.951420148213703,22.405046463012695,21.69310426197982,21.77204256673013,1983,Fly Point-Halifax Park,1
Parma unifasciata,-32.71,152.16,2024,5,26,7.5,2,-33_152,21.951420148213703,22.405046463012695,21.69310426197982,21.77204256673013,1983,Fly Point-Halifax Park,1
Parma unifasciata,-32.71,152.16,2024,5,26,10,2,-33_152,21.951420148213703,22.405046463012695,21.69310426197982,21.77204256673013,1983,Fly Point-Halifax Park,1
Parma unifasciata,-32.69,152.22,2024,5,26,12.5,8,-33_152,21.951420148213703,22.405046463012695,21.69310426197982,21.77204256673013,NA,NA,0
Parma unifasciata,-32.69,152.22,2024,5,26,15,2,-33_152,21.951420148213703,22.405046463012695,21.69310426197982,21.77204256673013,NA,NA,0
Parma unifasciata,-32.69,152.22,2024,5,26,12.5,5,-33_152,21.951420148213703,22.405046463012695,21.69310426197982,21.77204256673013,NA,NA,0
Parma unifasciata,-32.69,152.22,2024,5,26,15,3,-33_152,21.951420148213703,22.405046463012695,21.69310426197982,21.77204256673013,NA,NA,0
Parma unifasciata,-32.6,152.32,2024,5,24,10,3,-33_152,21.951420148213703,22.405046463012695,21.69310426197982,21.77204256673013,NA,NA,0
Parma unifasciata,-32.6,152.32,2024,5,24,12.5,4,-33_152,21.951420148213703,22.405046463012695,21.69310426197982,21.77204256673013,NA,NA,0
Parma unifasciata,-32.6,152.32,2024,5,24,15,5,-33_152,21.951420148213703,22.405046463012695,21.69310426197982,21.77204256673013,NA,NA,0
Parma unifasciata,-32.6,152.32,2024,5,24,10,2,-33_152,21.951420148213703,22.405046463012695,21.69310426197982,21.77204256673013,NA,NA,0
Parma unifasciata,-32.6,152.32,2024,5,24,12.5,10,-33_152,21.951420148213703,22.405046463012695,21.69310426197982,21.77204256673013,NA,NA,0
Parma unifasciata,-32.71,152.23,2024,11,20,10,7,-33_152,21.951420148213703,21.45746421813965,21.69310426197982,21.42383286688063,NA,NA,0
Parma unifasciata,-32.71,152.23,2024,11,20,12.5,20,-33_152,21.951420148213703,21.45746421813965,21.69310426197982,21.42383286688063,NA,NA,0
Parma unifasciata,-32.71,152.23,2024,11,20,10,5,-33_152,21.951420148213703,21.45746421813965,21.69310426197982,21.42383286688063,NA,NA,0
Parma unifasciata,-32.71,152.23,2024,11,20,12.5,30,-33_152,21.951420148213703,21.45746421813965,21.69310426197982,21.42383286688063,NA,NA,0
Parma unifasciata,-32.6,152.32,2024,11,12,10,3,-33_152,21.951420148213703,21.45746421813965,21.69310426197982,21.42383286688063,NA,NA,0
Parma unifasciata,-32.6,152.32,2024,11,12,12.5,11,-33_152,21.951420148213703,21.45746421813965,21.69310426197982,21.42383286688063,NA,NA,0
Parma unifasciata,-32.6,152.32,2024,11,12,15,1,-33_152,21.951420148213703,21.45746421813965,21.69310426197982,21.42383286688063,NA,NA,0
Parma unifasciata,-32.6,152.32,2024,11,12,7.5,1,-33_152,21.951420148213703,21.45746421813965,21.69310426197982,21.42383286688063,NA,NA,0
Parma unifasciata,-32.6,152.32,2024,11,12,10,7,-33_152,21.951420148213703,21.45746421813965,21.69310426197982,21.42383286688063,NA,NA,0
Parma unifasciata,-32.6,152.32,2024,11,12,12.5,14,-33_152,21.951420148213703,21.45746421813965,21.69310426197982,21.42383286688063,NA,NA,0
Parma unifasciata,-32.75,152.19,2024,11,20,10,3,-33_152,21.951420148213703,21.45746421813965,21.69310426197982,21.42383286688063,2007,Port Stephens Great Lake Marine Park,1
Parma unifasciata,-32.75,152.19,2024,11,20,12.5,7,-33_152,21.951420148213703,21.45746421813965,21.69310426197982,21.42383286688063,2007,Port Stephens Great Lake Marine Park,1
Parma unifasciata,-32.75,152.19,2024,11,20,15,1,-33_152,21.951420148213703,21.45746421813965,21.69310426197982,21.42383286688063,2007,Port Stephens Great Lake Marine Park,1
Parma unifasciata,-32.75,152.19,2024,11,20,10,1,-33_152,21.951420148213703,21.45746421813965,21.69310426197982,21.42383286688063,2007,Port Stephens Great Lake Marine Park,1
Parma unifasciata,-32.75,152.19,2024,11,20,12.5,11,-33_152,21.951420148213703,21.45746421813965,21.69310426197982,21.42383286688063,2007,Port Stephens Great Lake Marine Park,1
Parma unifasciata,-32.62,152.33,2024,11,12,10,10,-33_152,21.951420148213703,21.45746421813965,21.69310426197982,21.42383286688063,2007,Port Stephens Great Lake Marine Park,1
Parma unifasciata,-32.62,152.33,2024,11,12,12.5,13,-33_152,21.951420148213703,21.45746421813965,21.69310426197982,21.42383286688063,2007,Port Stephens Great Lake Marine Park,1
Parma unifasciata,-32.62,152.33,2024,11,12,7.5,1,-33_152,21.951420148213703,21.45746421813965,21.69310426197982,21.42383286688063,2007,Port Stephens Great Lake Marine Park,1
Parma unifasciata,-32.62,152.33,2024,11,12,10,4,-33_152,21.951420148213703,21.45746421813965,21.69310426197982,21.42383286688063,2007,Port Stephens Great Lake Marine Park,1
Parma unifasciata,-32.62,152.33,2024,11,12,12.5,10,-33_152,21.951420148213703,21.45746421813965,21.69310426197982,21.42383286688063,2007,Port Stephens Great Lake Marine Park,1
Parma unifasciata,-32.62,152.33,2024,11,12,15,5,-33_152,21.951420148213703,21.45746421813965,21.69310426197982,21.42383286688063,2007,Port Stephens Great Lake Marine Park,1
Parma unifasciata,-32.76,152.17,2024,11,20,10,1,-33_152,21.951420148213703,21.45746421813965,21.69310426197982,21.42383286688063,NA,NA,0
Parma unifasciata,-32.76,152.17,2024,11,20,12.5,13,-33_152,21.951420148213703,21.45746421813965,21.69310426197982,21.42383286688063,NA,NA,0
Parma unifasciata,-32.76,152.17,2024,11,20,15,5,-33_152,21.951420148213703,21.45746421813965,21.69310426197982,21.42383286688063,NA,NA,0
Parma unifasciata,-32.76,152.17,2024,11,20,12.5,1,-33_152,21.951420148213703,21.45746421813965,21.69310426197982,21.42383286688063,NA,NA,0
Parma unifasciata,-32.68,152.23,2024,11,12,7.5,2,-33_152,21.951420148213703,21.45746421813965,21.69310426197982,21.42383286688063,2007,Port Stephens Great Lake Marine Park,1
Parma unifasciata,-32.68,152.23,2024,11,12,10,15,-33_152,21.951420148213703,21.45746421813965,21.69310426197982,21.42383286688063,2007,Port Stephens Great Lake Marine Park,1
Parma unifasciata,-32.68,152.23,2024,11,12,12.5,18,-33_152,21.951420148213703,21.45746421813965,21.69310426197982,21.42383286688063,2007,Port Stephens Great Lake Marine Park,1
Parma unifasciata,-32.68,152.23,2024,11,12,12.5,40,-33_152,21.951420148213703,21.45746421813965,21.69310426197982,21.42383286688063,2007,Port Stephens Great Lake Marine Park,1
Parma unifasciata,-32.68,152.23,2024,11,12,15,5,-33_152,21.951420148213703,21.45746421813965,21.69310426197982,21.42383286688063,2007,Port Stephens Great Lake Marine Park,1
Parma unifasciata,-32.72,152.15,2025,1,3,10,1,-33_152,21.96507183710734,24.189916610717773,21.869863116580444,23.711128439954532,NA,NA,0
Parma unifasciata,-32.72,152.15,2025,1,3,12.5,1,-33_152,21.96507183710734,24.189916610717773,21.869863116580444,23.711128439954532,NA,NA,0
Parma unifasciata,-32.71,152.16,2025,1,12,2.5,1,-33_152,21.96507183710734,24.189916610717773,21.869863116580444,23.711128439954532,1983,Fly Point-Halifax Park,1
Parma unifasciata,-32.71,152.16,2025,1,12,5,3,-33_152,21.96507183710734,24.189916610717773,21.869863116580444,23.711128439954532,1983,Fly Point-Halifax Park,1
Parma unifasciata,-32.71,152.16,2025,1,12,7.5,10,-33_152,21.96507183710734,24.189916610717773,21.869863116580444,23.711128439954532,1983,Fly Point-Halifax Park,1
Parma unifasciata,-32.71,152.16,2025,1,12,10,7,-33_152,21.96507183710734,24.189916610717773,21.869863116580444,23.711128439954532,1983,Fly Point-Halifax Park,1
Parma unifasciata,-32.71,152.16,2025,1,12,5,2,-33_152,21.96507183710734,24.189916610717773,21.869863116580444,23.711128439954532,1983,Fly Point-Halifax Park,1
Parma unifasciata,-32.71,152.16,2025,1,12,7.5,2,-33_152,21.96507183710734,24.189916610717773,21.869863116580444,23.711128439954532,1983,Fly Point-Halifax Park,1
Parma unifasciata,-32.71,152.16,2025,1,12,10,2,-33_152,21.96507183710734,24.189916610717773,21.869863116580444,23.711128439954532,1983,Fly Point-Halifax Park,1
Parma unifasciata,-32.74,152.19,2025,3,23,5,1,-33_152,21.96507183710734,24.03554916381836,21.869863116580444,24.37680054736394,NA,NA,0
Parma unifasciata,-32.74,152.19,2025,3,23,10,1,-33_152,21.96507183710734,24.03554916381836,21.869863116580444,24.37680054736394,NA,NA,0
Parma unifasciata,-32.74,152.19,2025,3,23,12.5,3,-33_152,21.96507183710734,24.03554916381836,21.869863116580444,24.37680054736394,NA,NA,0
Parma unifasciata,-32.74,152.19,2025,3,23,15,7,-33_152,21.96507183710734,24.03554916381836,21.869863116580444,24.37680054736394,NA,NA,0
Parma unifasciata,-32.74,152.19,2025,3,23,7.5,5,-33_152,21.96507183710734,24.03554916381836,21.869863116580444,24.37680054736394,NA,NA,0
Parma unifasciata,-32.74,152.19,2025,3,23,10,5,-33_152,21.96507183710734,24.03554916381836,21.869863116580444,24.37680054736394,NA,NA,0
Parma unifasciata,-32.69,152.22,2025,3,23,5,1,-33_152,21.96507183710734,24.03554916381836,21.869863116580444,24.37680054736394,NA,NA,0
Parma unifasciata,-32.69,152.22,2025,3,23,10,1,-33_152,21.96507183710734,24.03554916381836,21.869863116580444,24.37680054736394,NA,NA,0
Parma unifasciata,-32.71,152.16,2025,3,15,5,2,-33_152,21.96507183710734,24.03554916381836,21.869863116580444,24.37680054736394,1983,Fly Point-Halifax Park,1
Parma unifasciata,-32.71,152.16,2025,3,15,7.5,2,-33_152,21.96507183710734,24.03554916381836,21.869863116580444,24.37680054736394,1983,Fly Point-Halifax Park,1
Parma unifasciata,-32.71,152.16,2025,3,15,7.5,5,-33_152,21.96507183710734,24.03554916381836,21.869863116580444,24.37680054736394,1983,Fly Point-Halifax Park,1
Parma unifasciata,-32.71,152.16,2025,3,15,10,2,-33_152,21.96507183710734,24.03554916381836,21.869863116580444,24.37680054736394,1983,Fly Point-Halifax Park,1
Parma unifasciata,-32.71,152.16,2025,3,15,12.5,1,-33_152,21.96507183710734,24.03554916381836,21.869863116580444,24.37680054736394,1983,Fly Point-Halifax Park,1
Parma unifasciata,-32.75,152.17,2025,3,20,5,1,-33_152,21.96507183710734,24.03554916381836,21.869863116580444,24.37680054736394,NA,NA,0
Parma unifasciata,-32.75,152.17,2025,3,20,7.5,1,-33_152,21.96507183710734,24.03554916381836,21.869863116580444,24.37680054736394,NA,NA,0
Parma unifasciata,-32.75,152.17,2025,3,20,5,2,-33_152,21.96507183710734,24.03554916381836,21.869863116580444,24.37680054736394,NA,NA,0
Parma unifasciata,-32.6,152.32,2025,3,22,10,2,-33_152,21.96507183710734,24.03554916381836,21.869863116580444,24.37680054736394,NA,NA,0
Parma unifasciata,-32.6,152.32,2025,3,22,12.5,10,-33_152,21.96507183710734,24.03554916381836,21.869863116580444,24.37680054736394,NA,NA,0
Parma unifasciata,-32.6,152.32,2025,3,22,15,7,-33_152,21.96507183710734,24.03554916381836,21.869863116580444,24.37680054736394,NA,NA,0
Parma unifasciata,-32.6,152.32,2025,3,22,2.5,1,-33_152,21.96507183710734,24.03554916381836,21.869863116580444,24.37680054736394,NA,NA,0
Parma unifasciata,-32.6,152.32,2025,3,22,5,1,-33_152,21.96507183710734,24.03554916381836,21.869863116580444,24.37680054736394,NA,NA,0
Parma unifasciata,-32.6,152.32,2025,3,22,7.5,10,-33_152,21.96507183710734,24.03554916381836,21.869863116580444,24.37680054736394,NA,NA,0
Parma unifasciata,-32.6,152.32,2025,3,22,10,20,-33_152,21.96507183710734,24.03554916381836,21.869863116580444,24.37680054736394,NA,NA,0
Parma unifasciata,-32.6,152.32,2025,3,22,12.5,3,-33_152,21.96507183710734,24.03554916381836,21.869863116580444,24.37680054736394,NA,NA,0
Parma unifasciata,-32.6,152.32,2025,3,22,15,13,-33_152,21.96507183710734,24.03554916381836,21.869863116580444,24.37680054736394,NA,NA,0
Parma unifasciata,-32.6,152.32,2025,3,22,12.5,25,-33_152,21.96507183710734,24.03554916381836,21.869863116580444,24.37680054736394,NA,NA,0
Parma unifasciata,-32.6,152.32,2025,3,22,15,50,-33_152,21.96507183710734,24.03554916381836,21.869863116580444,24.37680054736394,NA,NA,0
Parma unifasciata,-32.69,152.22,2025,3,23,10,1,-33_152,21.96507183710734,24.03554916381836,21.869863116580444,24.37680054736394,NA,NA,0
Parma unifasciata,-32.69,152.22,2025,3,23,12.5,2,-33_152,21.96507183710734,24.03554916381836,21.869863116580444,24.37680054736394,NA,NA,0
Parma unifasciata,-32.69,152.22,2025,3,23,15,1,-33_152,21.96507183710734,24.03554916381836,21.869863116580444,24.37680054736394,NA,NA,0
Parma unifasciata,-32.69,152.22,2025,3,23,2.5,3,-33_152,21.96507183710734,24.03554916381836,21.869863116580444,24.37680054736394,NA,NA,0
Parma unifasciata,-32.69,152.22,2025,3,23,5,22,-33_152,21.96507183710734,24.03554916381836,21.869863116580444,24.37680054736394,NA,NA,0
Parma unifasciata,-32.69,152.22,2025,3,23,7.5,11,-33_152,21.96507183710734,24.03554916381836,21.869863116580444,24.37680054736394,NA,NA,0
Parma unifasciata,-32.69,152.22,2025,3,23,10,11,-33_152,21.96507183710734,24.03554916381836,21.869863116580444,24.37680054736394,NA,NA,0
Parma unifasciata,-32.79,152.11,2025,2,23,5,2,-33_152,21.96507183710734,25.67369079589844,21.869863116580444,24.3529756523314,NA,NA,0
Parma unifasciata,-32.79,152.11,2025,2,23,7.5,1,-33_152,21.96507183710734,25.67369079589844,21.869863116580444,24.3529756523314,NA,NA,0
Parma unifasciata,-32.79,152.11,2025,2,23,10,2,-33_152,21.96507183710734,25.67369079589844,21.869863116580444,24.3529756523314,NA,NA,0
Parma unifasciata,-32.79,152.11,2025,2,23,12.5,1,-33_152,21.96507183710734,25.67369079589844,21.869863116580444,24.3529756523314,NA,NA,0
Parma unifasciata,-32.79,152.11,2025,2,23,5,1,-33_152,21.96507183710734,25.67369079589844,21.869863116580444,24.3529756523314,NA,NA,0
Parma unifasciata,-32.79,152.11,2025,2,23,10,1,-33_152,21.96507183710734,25.67369079589844,21.869863116580444,24.3529756523314,NA,NA,0
Parma unifasciata,-32.79,152.11,2025,2,23,12.5,2,-33_152,21.96507183710734,25.67369079589844,21.869863116580444,24.3529756523314,NA,NA,0
Parma unifasciata,-32.6,152.32,2025,3,22,5,10,-33_152,21.96507183710734,24.03554916381836,21.869863116580444,24.37680054736394,NA,NA,0
Parma unifasciata,-32.6,152.32,2025,3,22,7.5,2,-33_152,21.96507183710734,24.03554916381836,21.869863116580444,24.37680054736394,NA,NA,0
Parma unifasciata,-32.6,152.32,2025,3,22,10,12,-33_152,21.96507183710734,24.03554916381836,21.869863116580444,24.37680054736394,NA,NA,0
Parma unifasciata,-32.6,152.32,2025,3,22,12.5,8,-33_152,21.96507183710734,24.03554916381836,21.869863116580444,24.37680054736394,NA,NA,0
Parma unifasciata,-32.6,152.32,2025,3,22,5,1,-33_152,21.96507183710734,24.03554916381836,21.869863116580444,24.37680054736394,NA,NA,0
Parma unifasciata,-32.6,152.32,2025,3,22,10,10,-33_152,21.96507183710734,24.03554916381836,21.869863116580444,24.37680054736394,NA,NA,0
Parma unifasciata,-32.6,152.32,2025,3,22,12.5,15,-33_152,21.96507183710734,24.03554916381836,21.869863116580444,24.37680054736394,NA,NA,0
Parma unifasciata,-32.79,152.11,2025,2,23,5,2,-33_152,21.96507183710734,25.67369079589844,21.869863116580444,24.3529756523314,NA,NA,0
Parma unifasciata,-32.69,152.22,2025,3,23,7.5,5,-33_152,21.96507183710734,24.03554916381836,21.869863116580444,24.37680054736394,NA,NA,0
Parma unifasciata,-32.71,152.16,2025,3,15,2.5,1,-33_152,21.96507183710734,24.03554916381836,21.869863116580444,24.37680054736394,1983,Fly Point-Halifax Park,1
Parma unifasciata,-32.71,152.16,2025,3,15,5,1,-33_152,21.96507183710734,24.03554916381836,21.869863116580444,24.37680054736394,1983,Fly Point-Halifax Park,1
Parma unifasciata,-32.74,152.19,2025,3,23,10,1,-33_152,21.96507183710734,24.03554916381836,21.869863116580444,24.37680054736394,NA,NA,0
Parma unifasciata,-32.74,152.19,2025,3,23,15,1,-33_152,21.96507183710734,24.03554916381836,21.869863116580444,24.37680054736394,NA,NA,0
Parma unifasciata,-32.74,152.19,2025,3,23,5,3,-33_152,21.96507183710734,24.03554916381836,21.869863116580444,24.37680054736394,NA,NA,0
Parma unifasciata,-32.71,152.16,2025,3,14,7.5,1,-33_152,21.96507183710734,24.03554916381836,21.869863116580444,24.37680054736394,1983,Fly Point-Halifax Park,1
Parma unifasciata,-32.75,152.17,2025,3,20,10,1,-33_152,21.96507183710734,24.03554916381836,21.869863116580444,24.37680054736394,NA,NA,0
Parma unifasciata,-32.74,152.19,2025,3,23,5,2,-33_152,21.96507183710734,24.03554916381836,21.869863116580444,24.37680054736394,NA,NA,0
Parma unifasciata,-32.74,152.19,2025,3,23,10,3,-33_152,21.96507183710734,24.03554916381836,21.869863116580444,24.37680054736394,NA,NA,0
Parma unifasciata,-32.74,152.19,2025,3,23,12.5,3,-33_152,21.96507183710734,24.03554916381836,21.869863116580444,24.37680054736394,NA,NA,0
Parma unifasciata,-32.74,152.19,2025,3,23,7.5,2,-33_152,21.96507183710734,24.03554916381836,21.869863116580444,24.37680054736394,NA,NA,0
Parma unifasciata,-32.74,152.19,2025,3,23,10,5,-33_152,21.96507183710734,24.03554916381836,21.869863116580444,24.37680054736394,NA,NA,0
Parma unifasciata,-32.74,152.19,2025,3,23,12.5,5,-33_152,21.96507183710734,24.03554916381836,21.869863116580444,24.37680054736394,NA,NA,0
Parma unifasciata,-32.71,152.16,2025,3,15,10,1,-33_152,21.96507183710734,24.03554916381836,21.869863116580444,24.37680054736394,1983,Fly Point-Halifax Park,1
Parma unifasciata,-32.71,152.16,2025,3,15,12.5,1,-33_152,21.96507183710734,24.03554916381836,21.869863116580444,24.37680054736394,1983,Fly Point-Halifax Park,1
Parma unifasciata,-32.71,152.16,2025,3,15,15,2,-33_152,21.96507183710734,24.03554916381836,21.869863116580444,24.37680054736394,1983,Fly Point-Halifax Park,1
Parma unifasciata,-32.72,152.15,2025,3,1,5,1,-33_152,21.96507183710734,24.03554916381836,21.869863116580444,24.37680054736394,NA,NA,0
Parma unifasciata,-32.62,152.33,2025,3,22,5,2,-33_152,21.96507183710734,24.03554916381836,21.869863116580444,24.37680054736394,2007,Port Stephens Great Lake Marine Park,1
Parma unifasciata,-32.62,152.33,2025,3,22,7.5,1,-33_152,21.96507183710734,24.03554916381836,21.869863116580444,24.37680054736394,2007,Port Stephens Great Lake Marine Park,1
Parma unifasciata,-32.62,152.33,2025,3,22,10,3,-33_152,21.96507183710734,24.03554916381836,21.869863116580444,24.37680054736394,2007,Port Stephens Great Lake Marine Park,1
Parma unifasciata,-32.62,152.33,2025,3,22,5,1,-33_152,21.96507183710734,24.03554916381836,21.869863116580444,24.37680054736394,2007,Port Stephens Great Lake Marine Park,1
Parma unifasciata,-32.62,152.33,2025,3,22,10,5,-33_152,21.96507183710734,24.03554916381836,21.869863116580444,24.37680054736394,2007,Port Stephens Great Lake Marine Park,1
Parma unifasciata,-32.62,152.33,2025,3,22,12.5,5,-33_152,21.96507183710734,24.03554916381836,21.869863116580444,24.37680054736394,2007,Port Stephens Great Lake Marine Park,1
Parma unifasciata,-33.84,151.28,2025,3,1,12.5,1,-34_151,21.187352498372395,23.450756072998047,21.260576019779084,23.964112343326693,NA,NA,0
Parma unifasciata,-33.81,151.31,2025,4,6,5,1,-34_151,21.187352498372395,22.778133392333984,21.260576019779084,23.954416195551556,NA,NA,0
Parma unifasciata,-33.81,151.31,2025,4,6,7.5,2,-34_151,21.187352498372395,22.778133392333984,21.260576019779084,23.954416195551556,NA,NA,0
Parma unifasciata,-33.81,151.31,2025,4,6,10,1,-34_151,21.187352498372395,22.778133392333984,21.260576019779084,23.954416195551556,NA,NA,0
Parma unifasciata,-33.81,151.31,2025,4,6,5,2,-34_151,21.187352498372395,22.778133392333984,21.260576019779084,23.954416195551556,NA,NA,0
Parma unifasciata,-33.8,151.29,2025,2,22,7.5,1,-34_151,21.187352498372395,24.86787796020508,21.260576019779084,24.045178072793146,2002,Cabbage Tree Bay Aquatic Reserve,1
Parma unifasciata,-33.92,151.26,2025,3,22,10,1,-34_151,21.187352498372395,23.450756072998047,21.260576019779084,23.964112343326693,NA,NA,0
Parma unifasciata,-33.81,151.31,2025,6,4,5,4,-34_151,21.187352498372395,19.616315841674805,21.260576019779084,19.09166630109151,NA,NA,0
Parma unifasciata,-33.81,151.31,2025,6,4,7.5,2,-34_151,21.187352498372395,19.616315841674805,21.260576019779084,19.09166630109151,NA,NA,0
Parma unifasciata,-33.81,151.31,2025,6,4,10,3,-34_151,21.187352498372395,19.616315841674805,21.260576019779084,19.09166630109151,NA,NA,0
Parma unifasciata,-33.81,151.31,2025,6,4,12.5,6,-34_151,21.187352498372395,19.616315841674805,21.260576019779084,19.09166630109151,NA,NA,0
Parma unifasciata,-33.81,151.31,2025,6,4,15,5,-34_151,21.187352498372395,19.616315841674805,21.260576019779084,19.09166630109151,NA,NA,0
Parma unifasciata,-33.81,151.31,2025,6,4,5,3,-34_151,21.187352498372395,19.616315841674805,21.260576019779084,19.09166630109151,NA,NA,0
Parma unifasciata,-33.81,151.31,2025,6,4,7.5,3,-34_151,21.187352498372395,19.616315841674805,21.260576019779084,19.09166630109151,NA,NA,0
Parma unifasciata,-33.81,151.31,2025,6,4,10,6,-34_151,21.187352498372395,19.616315841674805,21.260576019779084,19.09166630109151,NA,NA,0
Parma unifasciata,-33.81,151.31,2025,6,4,15,3,-34_151,21.187352498372395,19.616315841674805,21.260576019779084,19.09166630109151,NA,NA,0
Parma unifasciata,-33.99,151.23,2025,2,8,12.5,3,-34_151,21.187352498372395,24.86787796020508,21.260576019779084,24.045178072793146,NA,NA,0
Parma unifasciata,-33.99,151.23,2025,2,8,15,1,-34_151,21.187352498372395,24.86787796020508,21.260576019779084,24.045178072793146,NA,NA,0
Parma unifasciata,-33.99,151.23,2025,2,8,7.5,3,-34_151,21.187352498372395,24.86787796020508,21.260576019779084,24.045178072793146,NA,NA,0
