species,latitude,longitude,year,month,day,size_class,total,location,sst_year_met,sst_month_met,sst_mean_annual,sst_month_noaa,year_of_protection,rls_mpa,MPA
Parma polylepis,-31.52,159.04,2010,2,13,15,5,-32_159,21.72306474049886,25.04777717590332,22.036905469780876,25.60339229447501,NA,NA,0
Parma polylepis,-31.52,159.04,2010,2,13,20,1,-32_159,21.72306474049886,25.04777717590332,22.036905469780876,25.60339229447501,NA,NA,0
Parma polylepis,-31.52,159.04,2010,2,13,10,1,-32_159,21.72306474049886,25.04777717590332,22.036905469780876,25.60339229447501,NA,NA,0
Parma polylepis,-31.52,159.04,2010,2,13,12.5,1,-32_159,21.72306474049886,25.04777717590332,22.036905469780876,25.60339229447501,NA,NA,0
Parma polylepis,-31.52,159.04,2010,2,13,15,6,-32_159,21.72306474049886,25.04777717590332,22.036905469780876,25.60339229447501,NA,NA,0
Parma polylepis,-31.52,159.04,2010,2,13,20,2,-32_159,21.72306474049886,25.04777717590332,22.036905469780876,25.60339229447501,NA,NA,0
Parma polylepis,-31.5,159.07,2009,2,1,20,1,-32_159,21.176898956298828,24.173982620239254,21.653498089423376,25.09160658291408,2004,Lord Howe Island Marine Park,0
Parma polylepis,-31.52,159.04,2010,2,13,25,16,-32_159,21.72306474049886,25.04777717590332,22.036905469780876,25.60339229447501,NA,NA,0
Parma polylepis,-31.52,159.04,2010,2,13,20,4,-32_159,21.72306474049886,25.04777717590332,22.036905469780876,25.60339229447501,NA,NA,0
Parma polylepis,-31.56,159.07,2009,2,4,10,3,-32_159,21.176898956298828,24.173982620239254,21.653498089423376,25.09160658291408,NA,NA,0
Parma polylepis,-31.52,159.04,2010,2,13,20,4,-32_159,21.72306474049886,25.04777717590332,22.036905469780876,25.60339229447501,NA,NA,0
Parma polylepis,-31.52,159.04,2010,2,13,25,4,-32_159,21.72306474049886,25.04777717590332,22.036905469780876,25.60339229447501,NA,NA,0
Parma polylepis,-31.56,159.07,2009,2,4,15,1,-32_159,21.176898956298828,24.173982620239254,21.653498089423376,25.09160658291408,NA,NA,0
Parma polylepis,-31.56,159.07,2009,2,4,20,2,-32_159,21.176898956298828,24.173982620239254,21.653498089423376,25.09160658291408,NA,NA,0
Parma polylepis,-31.56,159.07,2009,2,4,15,2,-32_159,21.176898956298828,24.173982620239254,21.653498089423376,25.09160658291408,NA,NA,0
Parma polylepis,-31.52,159.04,2010,2,13,20,2,-32_159,21.72306474049886,25.04777717590332,22.036905469780876,25.60339229447501,NA,NA,0
Parma polylepis,-31.52,159.04,2010,2,13,25,5,-32_159,21.72306474049886,25.04777717590332,22.036905469780876,25.60339229447501,NA,NA,0
Parma polylepis,-31.52,159.04,2010,2,13,30,1,-32_159,21.72306474049886,25.04777717590332,22.036905469780876,25.60339229447501,NA,NA,0
Parma polylepis,-31.56,159.07,2010,2,8,20,2,-32_159,21.72306474049886,25.04777717590332,22.036905469780876,25.60339229447501,NA,NA,0
Parma polylepis,-31.56,159.07,2010,2,8,25,3,-32_159,21.72306474049886,25.04777717590332,22.036905469780876,25.60339229447501,NA,NA,0
Parma polylepis,-31.56,159.07,2010,2,8,30,1,-32_159,21.72306474049886,25.04777717590332,22.036905469780876,25.60339229447501,NA,NA,0
Parma polylepis,-31.56,159.07,2010,2,8,20,1,-32_159,21.72306474049886,25.04777717590332,22.036905469780876,25.60339229447501,NA,NA,0
Parma polylepis,-31.5,159.07,2009,2,1,15,2,-32_159,21.176898956298828,24.173982620239254,21.653498089423376,25.09160658291408,2004,Lord Howe Island Marine Park,0
Parma polylepis,-31.5,159.07,2009,2,1,20,2,-32_159,21.176898956298828,24.173982620239254,21.653498089423376,25.09160658291408,2004,Lord Howe Island Marine Park,0
Parma polylepis,-31.56,159.07,2010,2,8,15,8,-32_159,21.72306474049886,25.04777717590332,22.036905469780876,25.60339229447501,NA,NA,0
Parma polylepis,-31.56,159.07,2010,2,8,20,3,-32_159,21.72306474049886,25.04777717590332,22.036905469780876,25.60339229447501,NA,NA,0
Parma polylepis,-31.56,159.07,2010,2,8,25,1,-32_159,21.72306474049886,25.04777717590332,22.036905469780876,25.60339229447501,NA,NA,0
Parma polylepis,-31.56,159.07,2010,2,8,10,1,-32_159,21.72306474049886,25.04777717590332,22.036905469780876,25.60339229447501,NA,NA,0
Parma polylepis,-31.56,159.07,2010,2,8,12.5,2,-32_159,21.72306474049886,25.04777717590332,22.036905469780876,25.60339229447501,NA,NA,0
Parma polylepis,-31.56,159.07,2010,2,8,15,1,-32_159,21.72306474049886,25.04777717590332,22.036905469780876,25.60339229447501,NA,NA,0
Parma polylepis,-31.54,159.05,2009,1,31,20,1,-32_159,21.176898956298828,23.308124542236328,21.653498089423376,23.340644621079967,2004,Lord Howe Island Marine Park,0
Parma polylepis,-31.54,159.05,2009,1,31,25,3,-32_159,21.176898956298828,23.308124542236328,21.653498089423376,23.340644621079967,2004,Lord Howe Island Marine Park,0
Parma polylepis,-31.54,159.05,2009,1,31,15,2,-32_159,21.176898956298828,23.308124542236328,21.653498089423376,23.340644621079967,2004,Lord Howe Island Marine Park,0
Parma polylepis,-31.54,159.05,2009,1,31,20,3,-32_159,21.176898956298828,23.308124542236328,21.653498089423376,23.340644621079967,2004,Lord Howe Island Marine Park,0
Parma polylepis,-31.54,159.05,2009,1,31,15,3,-32_159,21.176898956298828,23.308124542236328,21.653498089423376,23.340644621079967,2004,Lord Howe Island Marine Park,0
Parma polylepis,-31.54,159.05,2009,1,31,20,7,-32_159,21.176898956298828,23.308124542236328,21.653498089423376,23.340644621079967,2004,Lord Howe Island Marine Park,0
Parma polylepis,-31.54,159.05,2009,1,31,25,4,-32_159,21.176898956298828,23.308124542236328,21.653498089423376,23.340644621079967,2004,Lord Howe Island Marine Park,0
Parma polylepis,-31.54,159.05,2009,1,31,25,2,-32_159,21.176898956298828,23.308124542236328,21.653498089423376,23.340644621079967,2004,Lord Howe Island Marine Park,0
Parma polylepis,-31.5,159.07,2009,2,1,25,2,-32_159,21.176898956298828,24.173982620239254,21.653498089423376,25.09160658291408,2004,Lord Howe Island Marine Park,0
Parma polylepis,-31.54,159.05,2009,1,31,10,3,-32_159,21.176898956298828,23.308124542236328,21.653498089423376,23.340644621079967,2004,Lord Howe Island Marine Park,0
Parma polylepis,-31.54,159.05,2009,1,31,12.5,3,-32_159,21.176898956298828,23.308124542236328,21.653498089423376,23.340644621079967,2004,Lord Howe Island Marine Park,0
Parma polylepis,-31.54,159.05,2009,1,31,15,1,-32_159,21.176898956298828,23.308124542236328,21.653498089423376,23.340644621079967,2004,Lord Howe Island Marine Park,0
Parma polylepis,-31.54,159.05,2010,2,9,10,1,-32_159,21.72306474049886,25.04777717590332,22.036905469780876,25.60339229447501,2004,Lord Howe Island Marine Park,0
Parma polylepis,-31.54,159.05,2010,2,9,12.5,7,-32_159,21.72306474049886,25.04777717590332,22.036905469780876,25.60339229447501,2004,Lord Howe Island Marine Park,0
Parma polylepis,-31.54,159.05,2010,2,9,15,1,-32_159,21.72306474049886,25.04777717590332,22.036905469780876,25.60339229447501,2004,Lord Howe Island Marine Park,0
Parma polylepis,-31.5,159.07,2009,2,2,12.5,1,-32_159,21.176898956298828,24.173982620239254,21.653498089423376,25.09160658291408,2004,Lord Howe Island Marine Park,0
Parma polylepis,-31.5,159.07,2009,2,2,20,1,-32_159,21.176898956298828,24.173982620239254,21.653498089423376,25.09160658291408,2004,Lord Howe Island Marine Park,0
Parma polylepis,-31.54,159.05,2010,2,9,12.5,4,-32_159,21.72306474049886,25.04777717590332,22.036905469780876,25.60339229447501,2004,Lord Howe Island Marine Park,0
Parma polylepis,-31.54,159.05,2010,2,9,12.5,1,-32_159,21.72306474049886,25.04777717590332,22.036905469780876,25.60339229447501,2004,Lord Howe Island Marine Park,0
Parma polylepis,-31.54,159.05,2010,2,9,15,1,-32_159,21.72306474049886,25.04777717590332,22.036905469780876,25.60339229447501,2004,Lord Howe Island Marine Park,0
Parma polylepis,-31.54,159.05,2010,2,9,20,1,-32_159,21.72306474049886,25.04777717590332,22.036905469780876,25.60339229447501,2004,Lord Howe Island Marine Park,0
Parma polylepis,-31.54,159.05,2010,2,9,25,1,-32_159,21.72306474049886,25.04777717590332,22.036905469780876,25.60339229447501,2004,Lord Howe Island Marine Park,0
Parma polylepis,-31.52,159.04,2009,2,1,10,1,-32_159,21.176898956298828,24.173982620239254,21.653498089423376,25.09160658291408,2004,Lord Howe Island Marine Park,0
Parma polylepis,-31.52,159.04,2009,2,1,15,1,-32_159,21.176898956298828,24.173982620239254,21.653498089423376,25.09160658291408,2004,Lord Howe Island Marine Park,0
Parma polylepis,-31.52,159.04,2009,2,1,20,2,-32_159,21.176898956298828,24.173982620239254,21.653498089423376,25.09160658291408,2004,Lord Howe Island Marine Park,0
Parma polylepis,-31.52,159.04,2009,2,1,25,2,-32_159,21.176898956298828,24.173982620239254,21.653498089423376,25.09160658291408,2004,Lord Howe Island Marine Park,0
Parma polylepis,-31.5,159.07,2009,2,2,15,2,-32_159,21.176898956298828,24.173982620239254,21.653498089423376,25.09160658291408,2004,Lord Howe Island Marine Park,0
Parma polylepis,-31.52,159.04,2009,2,1,25,5,-32_159,21.176898956298828,24.173982620239254,21.653498089423376,25.09160658291408,2004,Lord Howe Island Marine Park,0
Parma polylepis,-31.52,159.04,2009,2,1,20,1,-32_159,21.176898956298828,24.173982620239254,21.653498089423376,25.09160658291408,2004,Lord Howe Island Marine Park,0
Parma polylepis,-31.52,159.04,2009,2,1,12.5,2,-32_159,21.176898956298828,24.173982620239254,21.653498089423376,25.09160658291408,2004,Lord Howe Island Marine Park,0
Parma polylepis,-31.52,159.04,2009,2,1,12.5,4,-32_159,21.176898956298828,24.173982620239254,21.653498089423376,25.09160658291408,2004,Lord Howe Island Marine Park,0
Parma polylepis,-31.52,159.04,2009,2,1,15,2,-32_159,21.176898956298828,24.173982620239254,21.653498089423376,25.09160658291408,2004,Lord Howe Island Marine Park,0
Parma polylepis,-31.5,159.07,2010,2,10,20,2,-32_159,21.72306474049886,25.04777717590332,22.036905469780876,25.60339229447501,2004,Lord Howe Island Marine Park,0
Parma polylepis,-31.5,159.07,2010,2,10,25,2,-32_159,21.72306474049886,25.04777717590332,22.036905469780876,25.60339229447501,2004,Lord Howe Island Marine Park,0
Parma polylepis,-31.52,159.04,2010,2,13,12.5,3,-32_159,21.72306474049886,25.04777717590332,22.036905469780876,25.60339229447501,2004,Lord Howe Island Marine Park,0
Parma polylepis,-31.52,159.04,2010,2,13,15,4,-32_159,21.72306474049886,25.04777717590332,22.036905469780876,25.60339229447501,2004,Lord Howe Island Marine Park,0
Parma polylepis,-31.52,159.04,2010,2,13,12.5,5,-32_159,21.72306474049886,25.04777717590332,22.036905469780876,25.60339229447501,2004,Lord Howe Island Marine Park,0
Parma polylepis,-31.52,159.04,2010,2,13,15,9,-32_159,21.72306474049886,25.04777717590332,22.036905469780876,25.60339229447501,2004,Lord Howe Island Marine Park,0
Parma polylepis,-31.52,159.04,2010,2,13,20,3,-32_159,21.72306474049886,25.04777717590332,22.036905469780876,25.60339229447501,2004,Lord Howe Island Marine Park,0
Parma polylepis,-31.52,159.04,2010,2,13,15,2,-32_159,21.72306474049886,25.04777717590332,22.036905469780876,25.60339229447501,2004,Lord Howe Island Marine Park,0
Parma polylepis,-31.52,159.04,2010,2,13,20,2,-32_159,21.72306474049886,25.04777717590332,22.036905469780876,25.60339229447501,2004,Lord Howe Island Marine Park,0
Parma polylepis,-31.52,159.04,2010,2,13,25,1,-32_159,21.72306474049886,25.04777717590332,22.036905469780876,25.60339229447501,2004,Lord Howe Island Marine Park,0
Parma polylepis,-31.5,159.07,2009,2,7,15,1,-32_159,21.176898956298828,24.173982620239254,21.653498089423376,25.09160658291408,NA,NA,0
Parma polylepis,-31.5,159.07,2009,2,7,20,2,-32_159,21.176898956298828,24.173982620239254,21.653498089423376,25.09160658291408,NA,NA,0
Parma polylepis,-31.5,159.07,2009,2,7,15,1,-32_159,21.176898956298828,24.173982620239254,21.653498089423376,25.09160658291408,NA,NA,0
Parma polylepis,-31.5,159.07,2010,2,10,20,2,-32_159,21.72306474049886,25.04777717590332,22.036905469780876,25.60339229447501,2004,Lord Howe Island Marine Park,0
Parma polylepis,-31.5,159.07,2010,2,10,25,2,-32_159,21.72306474049886,25.04777717590332,22.036905469780876,25.60339229447501,2004,Lord Howe Island Marine Park,0
Parma polylepis,-31.5,159.07,2009,2,7,7.5,1,-32_159,21.176898956298828,24.173982620239254,21.653498089423376,25.09160658291408,NA,NA,0
Parma polylepis,-31.5,159.07,2009,2,7,10,1,-32_159,21.176898956298828,24.173982620239254,21.653498089423376,25.09160658291408,NA,NA,0
Parma polylepis,-31.5,159.07,2009,2,7,15,1,-32_159,21.176898956298828,24.173982620239254,21.653498089423376,25.09160658291408,NA,NA,0
Parma polylepis,-31.5,159.07,2010,2,10,20,1,-32_159,21.72306474049886,25.04777717590332,22.036905469780876,25.60339229447501,2004,Lord Howe Island Marine Park,0
Parma polylepis,-31.5,159.07,2010,2,10,12.5,2,-32_159,21.72306474049886,25.04777717590332,22.036905469780876,25.60339229447501,2004,Lord Howe Island Marine Park,0
Parma polylepis,-31.5,159.07,2010,2,10,15,4,-32_159,21.72306474049886,25.04777717590332,22.036905469780876,25.60339229447501,2004,Lord Howe Island Marine Park,0
Parma polylepis,-31.5,159.07,2010,2,10,20,1,-32_159,21.72306474049886,25.04777717590332,22.036905469780876,25.60339229447501,2004,Lord Howe Island Marine Park,0
Parma polylepis,-31.5,159.07,2010,2,10,12.5,8,-32_159,21.72306474049886,25.04777717590332,22.036905469780876,25.60339229447501,2004,Lord Howe Island Marine Park,0
Parma polylepis,-31.5,159.07,2010,2,10,25,4,-32_159,21.72306474049886,25.04777717590332,22.036905469780876,25.60339229447501,2004,Lord Howe Island Marine Park,0
Parma polylepis,-31.5,159.07,2010,2,10,15,1,-32_159,21.72306474049886,25.04777717590332,22.036905469780876,25.60339229447501,2004,Lord Howe Island Marine Park,0
Parma polylepis,-31.5,159.07,2010,2,10,20,1,-32_159,21.72306474049886,25.04777717590332,22.036905469780876,25.60339229447501,2004,Lord Howe Island Marine Park,0
Parma polylepis,-31.58,159.07,2009,2,6,12.5,7,-32_159,21.176898956298828,24.173982620239254,21.653498089423376,25.09160658291408,NA,NA,0
Parma polylepis,-31.58,159.07,2009,2,6,7.5,1,-32_159,21.176898956298828,24.173982620239254,21.653498089423376,25.09160658291408,NA,NA,0
Parma polylepis,-31.5,159.07,2010,2,10,12.5,1,-32_159,21.72306474049886,25.04777717590332,22.036905469780876,25.60339229447501,2004,Lord Howe Island Marine Park,0
Parma polylepis,-31.5,159.07,2010,2,10,15,2,-32_159,21.72306474049886,25.04777717590332,22.036905469780876,25.60339229447501,2004,Lord Howe Island Marine Park,0
Parma polylepis,-31.52,159.04,2009,2,7,10,1,-32_159,21.176898956298828,24.173982620239254,21.653498089423376,25.09160658291408,2004,Lord Howe Island Marine Park,0
Parma polylepis,-31.52,159.04,2009,2,7,12.5,1,-32_159,21.176898956298828,24.173982620239254,21.653498089423376,25.09160658291408,2004,Lord Howe Island Marine Park,0
Parma polylepis,-31.52,159.04,2009,2,7,15,1,-32_159,21.176898956298828,24.173982620239254,21.653498089423376,25.09160658291408,2004,Lord Howe Island Marine Park,0
Parma polylepis,-31.52,159.04,2009,2,7,20,1,-32_159,21.176898956298828,24.173982620239254,21.653498089423376,25.09160658291408,2004,Lord Howe Island Marine Park,0
Parma polylepis,-31.52,159.04,2009,2,7,12.5,1,-32_159,21.176898956298828,24.173982620239254,21.653498089423376,25.09160658291408,2004,Lord Howe Island Marine Park,0
Parma polylepis,-31.52,159.04,2009,2,7,15,2,-32_159,21.176898956298828,24.173982620239254,21.653498089423376,25.09160658291408,2004,Lord Howe Island Marine Park,0
Parma polylepis,-31.52,159.04,2009,2,7,20,1,-32_159,21.176898956298828,24.173982620239254,21.653498089423376,25.09160658291408,2004,Lord Howe Island Marine Park,0
Parma polylepis,-31.52,159.04,2009,2,7,25,1,-32_159,21.176898956298828,24.173982620239254,21.653498089423376,25.09160658291408,2004,Lord Howe Island Marine Park,0
Parma polylepis,-31.52,159.04,2009,2,7,12.5,1,-32_159,21.176898956298828,24.173982620239254,21.653498089423376,25.09160658291408,2004,Lord Howe Island Marine Park,0
Parma polylepis,-31.52,159.04,2009,2,7,15,3,-32_159,21.176898956298828,24.173982620239254,21.653498089423376,25.09160658291408,2004,Lord Howe Island Marine Park,0
Parma polylepis,-31.52,159.04,2009,2,7,15,1,-32_159,21.176898956298828,24.173982620239254,21.653498089423376,25.09160658291408,2004,Lord Howe Island Marine Park,0
Parma polylepis,-31.52,159.04,2009,2,7,20,1,-32_159,21.176898956298828,24.173982620239254,21.653498089423376,25.09160658291408,2004,Lord Howe Island Marine Park,0
Parma polylepis,-31.52,159.04,2009,2,7,25,1,-32_159,21.176898956298828,24.173982620239254,21.653498089423376,25.09160658291408,2004,Lord Howe Island Marine Park,0
Parma polylepis,-31.52,159.04,2009,2,7,30,1,-32_159,21.176898956298828,24.173982620239254,21.653498089423376,25.09160658291408,2004,Lord Howe Island Marine Park,0
Parma polylepis,-31.52,159.04,2009,2,7,20,1,-32_159,21.176898956298828,24.173982620239254,21.653498089423376,25.09160658291408,2004,Lord Howe Island Marine Park,0
Parma polylepis,-31.52,159.04,2009,2,7,25,3,-32_159,21.176898956298828,24.173982620239254,21.653498089423376,25.09160658291408,2004,Lord Howe Island Marine Park,0
Parma polylepis,-31.52,159.04,2009,2,7,15,1,-32_159,21.176898956298828,24.173982620239254,21.653498089423376,25.09160658291408,2004,Lord Howe Island Marine Park,0
Parma polylepis,-31.52,159.04,2009,2,7,20,1,-32_159,21.176898956298828,24.173982620239254,21.653498089423376,25.09160658291408,2004,Lord Howe Island Marine Park,0
Parma polylepis,-31.52,159.04,2009,2,7,25,1,-32_159,21.176898956298828,24.173982620239254,21.653498089423376,25.09160658291408,2004,Lord Howe Island Marine Park,0
Parma polylepis,-31.52,159.04,2009,2,7,20,3,-32_159,21.176898956298828,24.173982620239254,21.653498089423376,25.09160658291408,2004,Lord Howe Island Marine Park,0
Parma polylepis,-31.52,159.04,2009,2,7,35,1,-32_159,21.176898956298828,24.173982620239254,21.653498089423376,25.09160658291408,2004,Lord Howe Island Marine Park,0
Parma polylepis,-31.52,159.04,2010,2,10,12.5,2,-32_159,21.72306474049886,25.04777717590332,22.036905469780876,25.60339229447501,2004,Lord Howe Island Marine Park,0
Parma polylepis,-31.52,159.04,2010,2,10,15,4,-32_159,21.72306474049886,25.04777717590332,22.036905469780876,25.60339229447501,2004,Lord Howe Island Marine Park,0
Parma polylepis,-31.52,159.04,2010,2,10,20,3,-32_159,21.72306474049886,25.04777717590332,22.036905469780876,25.60339229447501,2004,Lord Howe Island Marine Park,0
Parma polylepis,-31.52,159.04,2010,2,10,15,7,-32_159,21.72306474049886,25.04777717590332,22.036905469780876,25.60339229447501,2004,Lord Howe Island Marine Park,0
Parma polylepis,-31.52,159.04,2010,2,10,20,1,-32_159,21.72306474049886,25.04777717590332,22.036905469780876,25.60339229447501,2004,Lord Howe Island Marine Park,0
Parma polylepis,-31.52,159.04,2010,2,10,20,4,-32_159,21.72306474049886,25.04777717590332,22.036905469780876,25.60339229447501,2004,Lord Howe Island Marine Park,0
Parma polylepis,-31.52,159.04,2010,2,10,25,3,-32_159,21.72306474049886,25.04777717590332,22.036905469780876,25.60339229447501,2004,Lord Howe Island Marine Park,0
Parma polylepis,-31.52,159.04,2010,2,10,15,2,-32_159,21.72306474049886,25.04777717590332,22.036905469780876,25.60339229447501,2004,Lord Howe Island Marine Park,0
Parma polylepis,-31.52,159.04,2010,2,10,20,1,-32_159,21.72306474049886,25.04777717590332,22.036905469780876,25.60339229447501,2004,Lord Howe Island Marine Park,0
Parma polylepis,-31.5,159.07,2009,2,2,12.5,3,-32_159,21.176898956298828,24.173982620239254,21.653498089423376,25.09160658291408,2004,Lord Howe Island Marine Park,0
Parma polylepis,-31.5,159.07,2009,2,2,15,1,-32_159,21.176898956298828,24.173982620239254,21.653498089423376,25.09160658291408,2004,Lord Howe Island Marine Park,0
Parma polylepis,-31.5,159.07,2009,2,2,12.5,2,-32_159,21.176898956298828,24.173982620239254,21.653498089423376,25.09160658291408,2004,Lord Howe Island Marine Park,0
Parma polylepis,-31.5,159.07,2009,2,2,15,2,-32_159,21.176898956298828,24.173982620239254,21.653498089423376,25.09160658291408,2004,Lord Howe Island Marine Park,0
Parma polylepis,-31.5,159.07,2009,2,2,25,3,-32_159,21.176898956298828,24.173982620239254,21.653498089423376,25.09160658291408,2004,Lord Howe Island Marine Park,0
Parma polylepis,-31.5,159.07,2009,2,2,20,1,-32_159,21.176898956298828,24.173982620239254,21.653498089423376,25.09160658291408,2004,Lord Howe Island Marine Park,0
Parma polylepis,-31.5,159.07,2009,2,2,25,6,-32_159,21.176898956298828,24.173982620239254,21.653498089423376,25.09160658291408,2004,Lord Howe Island Marine Park,0
Parma polylepis,-31.5,159.07,2009,2,2,12.5,1,-32_159,21.176898956298828,24.173982620239254,21.653498089423376,25.09160658291408,2004,Lord Howe Island Marine Park,0
Parma polylepis,-31.5,159.07,2009,2,2,15,5,-32_159,21.176898956298828,24.173982620239254,21.653498089423376,25.09160658291408,2004,Lord Howe Island Marine Park,0
Parma polylepis,-31.5,159.07,2009,2,2,12.5,2,-32_159,21.176898956298828,24.173982620239254,21.653498089423376,25.09160658291408,2004,Lord Howe Island Marine Park,0
Parma polylepis,-31.5,159.07,2009,2,2,15,2,-32_159,21.176898956298828,24.173982620239254,21.653498089423376,25.09160658291408,2004,Lord Howe Island Marine Park,0
Parma polylepis,-31.5,159.07,2010,2,10,2.5,1,-32_159,21.72306474049886,25.04777717590332,22.036905469780876,25.60339229447501,2004,Lord Howe Island Marine Park,0
Parma polylepis,-31.5,159.07,2010,2,10,15,4,-32_159,21.72306474049886,25.04777717590332,22.036905469780876,25.60339229447501,2004,Lord Howe Island Marine Park,0
Parma polylepis,-31.5,159.07,2010,2,10,15,2,-32_159,21.72306474049886,25.04777717590332,22.036905469780876,25.60339229447501,2004,Lord Howe Island Marine Park,0
Parma polylepis,-31.5,159.07,2010,2,10,15,2,-32_159,21.72306474049886,25.04777717590332,22.036905469780876,25.60339229447501,2004,Lord Howe Island Marine Park,0
Parma polylepis,-31.5,159.07,2010,2,10,25,1,-32_159,21.72306474049886,25.04777717590332,22.036905469780876,25.60339229447501,2004,Lord Howe Island Marine Park,0
Parma polylepis,-31.5,159.07,2010,2,10,20,1,-32_159,21.72306474049886,25.04777717590332,22.036905469780876,25.60339229447501,2004,Lord Howe Island Marine Park,0
Parma polylepis,-31.6,159.08,2010,2,12,15,8,-32_159,21.72306474049886,25.04777717590332,22.036905469780876,25.60339229447501,2004,Lord Howe Island Marine Park,0
Parma polylepis,-31.6,159.08,2010,2,12,20,2,-32_159,21.72306474049886,25.04777717590332,22.036905469780876,25.60339229447501,2004,Lord Howe Island Marine Park,0
Parma polylepis,-31.6,159.08,2010,2,12,12.5,2,-32_159,21.72306474049886,25.04777717590332,22.036905469780876,25.60339229447501,2004,Lord Howe Island Marine Park,0
Parma polylepis,-31.6,159.08,2010,2,12,15,3,-32_159,21.72306474049886,25.04777717590332,22.036905469780876,25.60339229447501,2004,Lord Howe Island Marine Park,0
Parma polylepis,-31.6,159.08,2010,2,12,20,2,-32_159,21.72306474049886,25.04777717590332,22.036905469780876,25.60339229447501,2004,Lord Howe Island Marine Park,0
Parma polylepis,-31.6,159.08,2010,2,12,15,1,-32_159,21.72306474049886,25.04777717590332,22.036905469780876,25.60339229447501,2004,Lord Howe Island Marine Park,0
Parma polylepis,-31.6,159.08,2010,2,12,20,1,-32_159,21.72306474049886,25.04777717590332,22.036905469780876,25.60339229447501,2004,Lord Howe Island Marine Park,0
Parma polylepis,-31.57,159.1,2010,2,12,12.5,1,-32_159,21.72306474049886,25.04777717590332,22.036905469780876,25.60339229447501,2004,Lord Howe Island Marine Park,0
Parma polylepis,-31.57,159.1,2010,2,12,15,4,-32_159,21.72306474049886,25.04777717590332,22.036905469780876,25.60339229447501,2004,Lord Howe Island Marine Park,0
Parma polylepis,-31.57,159.1,2010,2,12,15,7,-32_159,21.72306474049886,25.04777717590332,22.036905469780876,25.60339229447501,2004,Lord Howe Island Marine Park,0
Parma polylepis,-31.57,159.1,2010,2,12,5,1,-32_159,21.72306474049886,25.04777717590332,22.036905469780876,25.60339229447501,2004,Lord Howe Island Marine Park,0
Parma polylepis,-31.57,159.1,2010,2,12,7.5,1,-32_159,21.72306474049886,25.04777717590332,22.036905469780876,25.60339229447501,2004,Lord Howe Island Marine Park,0
Parma polylepis,-31.57,159.1,2010,2,12,15,1,-32_159,21.72306474049886,25.04777717590332,22.036905469780876,25.60339229447501,2004,Lord Howe Island Marine Park,0
Parma polylepis,-31.57,159.1,2010,2,12,20,6,-32_159,21.72306474049886,25.04777717590332,22.036905469780876,25.60339229447501,2004,Lord Howe Island Marine Park,0
Parma polylepis,-31.57,159.1,2010,2,12,12.5,1,-32_159,21.72306474049886,25.04777717590332,22.036905469780876,25.60339229447501,2004,Lord Howe Island Marine Park,0
Parma polylepis,-31.57,159.1,2010,2,12,20,2,-32_159,21.72306474049886,25.04777717590332,22.036905469780876,25.60339229447501,2004,Lord Howe Island Marine Park,0
Parma polylepis,-31.56,159.1,2010,2,12,12.5,7,-32_159,21.72306474049886,25.04777717590332,22.036905469780876,25.60339229447501,NA,NA,0
Parma polylepis,-31.56,159.1,2010,2,12,15,7,-32_159,21.72306474049886,25.04777717590332,22.036905469780876,25.60339229447501,NA,NA,0
Parma polylepis,-31.58,159.07,2009,2,6,25,1,-32_159,21.176898956298828,24.173982620239254,21.653498089423376,25.09160658291408,NA,NA,0
Parma polylepis,-31.58,159.07,2010,2,9,20,5,-32_159,21.72306474049886,25.04777717590332,22.036905469780876,25.60339229447501,NA,NA,0
Parma polylepis,-31.58,159.07,2010,2,9,25,2,-32_159,21.72306474049886,25.04777717590332,22.036905469780876,25.60339229447501,NA,NA,0
Parma polylepis,-31.58,159.07,2010,2,9,25,4,-32_159,21.72306474049886,25.04777717590332,22.036905469780876,25.60339229447501,NA,NA,0
Parma polylepis,-31.58,159.07,2009,2,6,15,1,-32_159,21.176898956298828,24.173982620239254,21.653498089423376,25.09160658291408,NA,NA,0
Parma polylepis,-31.58,159.07,2009,2,6,12.5,1,-32_159,21.176898956298828,24.173982620239254,21.653498089423376,25.09160658291408,NA,NA,0
Parma polylepis,-31.58,159.07,2009,2,6,25,3,-32_159,21.176898956298828,24.173982620239254,21.653498089423376,25.09160658291408,NA,NA,0
Parma polylepis,-31.58,159.07,2009,2,6,20,1,-32_159,21.176898956298828,24.173982620239254,21.653498089423376,25.09160658291408,NA,NA,0
Parma polylepis,-31.58,159.07,2009,2,6,25,4,-32_159,21.176898956298828,24.173982620239254,21.653498089423376,25.09160658291408,NA,NA,0
Parma polylepis,-31.58,159.07,2009,2,6,15,1,-32_159,21.176898956298828,24.173982620239254,21.653498089423376,25.09160658291408,NA,NA,0
Parma polylepis,-31.58,159.07,2009,2,6,20,1,-32_159,21.176898956298828,24.173982620239254,21.653498089423376,25.09160658291408,NA,NA,0
Parma polylepis,-31.5,159.07,2009,2,7,20,1,-32_159,21.176898956298828,24.173982620239254,21.653498089423376,25.09160658291408,NA,NA,0
Parma polylepis,-31.5,159.07,2009,2,7,20,1,-32_159,21.176898956298828,24.173982620239254,21.653498089423376,25.09160658291408,NA,NA,0
Parma polylepis,-31.5,159.07,2009,2,7,2.5,1,-32_159,21.176898956298828,24.173982620239254,21.653498089423376,25.09160658291408,NA,NA,0
Parma polylepis,-31.5,159.07,2009,2,7,25,2,-32_159,21.176898956298828,24.173982620239254,21.653498089423376,25.09160658291408,NA,NA,0
Parma polylepis,-31.5,159.07,2010,2,11,25,2,-32_159,21.72306474049886,25.04777717590332,22.036905469780876,25.60339229447501,NA,NA,0
Parma polylepis,-31.5,159.07,2010,2,11,15,2,-32_159,21.72306474049886,25.04777717590332,22.036905469780876,25.60339229447501,NA,NA,0
Parma polylepis,-31.5,159.07,2010,2,11,20,3,-32_159,21.72306474049886,25.04777717590332,22.036905469780876,25.60339229447501,NA,NA,0
Parma polylepis,-31.5,159.07,2010,2,11,12.5,1,-32_159,21.72306474049886,25.04777717590332,22.036905469780876,25.60339229447501,NA,NA,0
Parma polylepis,-31.5,159.07,2010,2,11,15,3,-32_159,21.72306474049886,25.04777717590332,22.036905469780876,25.60339229447501,NA,NA,0
Parma polylepis,-31.5,159.07,2010,2,11,12.5,2,-32_159,21.72306474049886,25.04777717590332,22.036905469780876,25.60339229447501,NA,NA,0
Parma polylepis,-31.5,159.07,2009,2,2,15,1,-32_159,21.176898956298828,24.173982620239254,21.653498089423376,25.09160658291408,2004,Lord Howe Island Marine Park,0
Parma polylepis,-31.5,159.07,2009,2,2,20,1,-32_159,21.176898956298828,24.173982620239254,21.653498089423376,25.09160658291408,2004,Lord Howe Island Marine Park,0
Parma polylepis,-31.5,159.07,2009,2,2,12.5,1,-32_159,21.176898956298828,24.173982620239254,21.653498089423376,25.09160658291408,2004,Lord Howe Island Marine Park,0
Parma polylepis,-31.5,159.07,2009,2,2,15,2,-32_159,21.176898956298828,24.173982620239254,21.653498089423376,25.09160658291408,2004,Lord Howe Island Marine Park,0
Parma polylepis,-31.52,159.03,2010,2,11,12.5,2,-32_159,21.72306474049886,25.04777717590332,22.036905469780876,25.60339229447501,NA,NA,0
Parma polylepis,-31.52,159.03,2010,2,11,15,2,-32_159,21.72306474049886,25.04777717590332,22.036905469780876,25.60339229447501,NA,NA,0
Parma polylepis,-31.52,159.03,2010,2,11,25,3,-32_159,21.72306474049886,25.04777717590332,22.036905469780876,25.60339229447501,NA,NA,0
Parma polylepis,-31.52,159.03,2010,2,11,15,5,-32_159,21.72306474049886,25.04777717590332,22.036905469780876,25.60339229447501,NA,NA,0
Parma polylepis,-31.52,159.03,2010,2,11,20,3,-32_159,21.72306474049886,25.04777717590332,22.036905469780876,25.60339229447501,NA,NA,0
Parma polylepis,-31.52,159.03,2010,2,11,25,5,-32_159,21.72306474049886,25.04777717590332,22.036905469780876,25.60339229447501,NA,NA,0
Parma polylepis,-31.52,159.03,2010,2,11,10,1,-32_159,21.72306474049886,25.04777717590332,22.036905469780876,25.60339229447501,NA,NA,0
Parma polylepis,-31.52,159.03,2010,2,11,15,3,-32_159,21.72306474049886,25.04777717590332,22.036905469780876,25.60339229447501,NA,NA,0
Parma polylepis,-31.56,159.1,2010,2,12,12.5,1,-32_159,21.72306474049886,25.04777717590332,22.036905469780876,25.60339229447501,NA,NA,0
Parma polylepis,-31.56,159.1,2010,2,12,15,2,-32_159,21.72306474049886,25.04777717590332,22.036905469780876,25.60339229447501,NA,NA,0
Parma polylepis,-31.56,159.1,2010,2,12,20,1,-32_159,21.72306474049886,25.04777717590332,22.036905469780876,25.60339229447501,NA,NA,0
Parma polylepis,-31.52,159.03,2010,2,11,12.5,6,-32_159,21.72306474049886,25.04777717590332,22.036905469780876,25.60339229447501,NA,NA,0
Parma polylepis,-31.52,159.03,2010,2,11,15,4,-32_159,21.72306474049886,25.04777717590332,22.036905469780876,25.60339229447501,NA,NA,0
Parma polylepis,-31.52,159.03,2010,2,11,15,2,-32_159,21.72306474049886,25.04777717590332,22.036905469780876,25.60339229447501,NA,NA,0
Parma polylepis,-31.52,159.05,2009,2,5,20,1,-32_159,21.176898956298828,24.173982620239254,21.653498089423376,25.09160658291408,2004,Lord Howe Island Marine Park,0
Parma polylepis,-31.52,159.05,2009,2,5,20,1,-32_159,21.176898956298828,24.173982620239254,21.653498089423376,25.09160658291408,2004,Lord Howe Island Marine Park,0
Parma polylepis,-31.52,159.03,2010,2,11,12.5,3,-32_159,21.72306474049886,25.04777717590332,22.036905469780876,25.60339229447501,NA,NA,0
Parma polylepis,-31.52,159.03,2010,2,11,15,4,-32_159,21.72306474049886,25.04777717590332,22.036905469780876,25.60339229447501,NA,NA,0
Parma polylepis,-31.52,159.05,2009,2,5,7.5,1,-32_159,21.176898956298828,24.173982620239254,21.653498089423376,25.09160658291408,2004,Lord Howe Island Marine Park,0
Parma polylepis,-31.52,159.05,2009,2,5,12.5,1,-32_159,21.176898956298828,24.173982620239254,21.653498089423376,25.09160658291408,2004,Lord Howe Island Marine Park,0
Parma polylepis,-31.52,159.05,2009,2,5,15,1,-32_159,21.176898956298828,24.173982620239254,21.653498089423376,25.09160658291408,2004,Lord Howe Island Marine Park,0
Parma polylepis,-31.52,159.05,2010,2,8,7.5,1,-32_159,21.72306474049886,25.04777717590332,22.036905469780876,25.60339229447501,2004,Lord Howe Island Marine Park,0
Parma polylepis,-31.52,159.05,2010,2,8,10,3,-32_159,21.72306474049886,25.04777717590332,22.036905469780876,25.60339229447501,2004,Lord Howe Island Marine Park,0
Parma polylepis,-31.52,159.05,2010,2,8,10,2,-32_159,21.72306474049886,25.04777717590332,22.036905469780876,25.60339229447501,2004,Lord Howe Island Marine Park,0
Parma polylepis,-31.55,159.06,2010,2,9,12.5,2,-32_159,21.72306474049886,25.04777717590332,22.036905469780876,25.60339229447501,2004,Lord Howe Island Marine Park,0
Parma polylepis,-31.55,159.06,2010,2,9,15,3,-32_159,21.72306474049886,25.04777717590332,22.036905469780876,25.60339229447501,2004,Lord Howe Island Marine Park,0
Parma polylepis,-31.52,159.05,2009,2,5,12.5,2,-32_159,21.176898956298828,24.173982620239254,21.653498089423376,25.09160658291408,2004,Lord Howe Island Marine Park,0
Parma polylepis,-31.52,159.05,2009,2,5,15,2,-32_159,21.176898956298828,24.173982620239254,21.653498089423376,25.09160658291408,2004,Lord Howe Island Marine Park,0
Parma polylepis,-31.55,159.06,2010,2,9,15,2,-32_159,21.72306474049886,25.04777717590332,22.036905469780876,25.60339229447501,2004,Lord Howe Island Marine Park,0
Parma polylepis,-31.55,159.06,2010,2,9,15,3,-32_159,21.72306474049886,25.04777717590332,22.036905469780876,25.60339229447501,2004,Lord Howe Island Marine Park,0
Parma polylepis,-31.55,159.06,2010,2,9,20,2,-32_159,21.72306474049886,25.04777717590332,22.036905469780876,25.60339229447501,2004,Lord Howe Island Marine Park,0
Parma polylepis,-31.55,159.06,2010,2,9,25,2,-32_159,21.72306474049886,25.04777717590332,22.036905469780876,25.60339229447501,2004,Lord Howe Island Marine Park,0
Parma polylepis,-31.55,159.06,2010,2,9,10,3,-32_159,21.72306474049886,25.04777717590332,22.036905469780876,25.60339229447501,2004,Lord Howe Island Marine Park,0
Parma polylepis,-31.55,159.06,2010,2,9,15,17,-32_159,21.72306474049886,25.04777717590332,22.036905469780876,25.60339229447501,2004,Lord Howe Island Marine Park,0
Parma polylepis,-31.55,159.06,2010,2,9,12.5,10,-32_159,21.72306474049886,25.04777717590332,22.036905469780876,25.60339229447501,2004,Lord Howe Island Marine Park,0
Parma polylepis,-31.55,159.06,2010,2,9,20,2,-32_159,21.72306474049886,25.04777717590332,22.036905469780876,25.60339229447501,2004,Lord Howe Island Marine Park,0
Parma polylepis,-31.55,159.06,2010,2,9,25,3,-32_159,21.72306474049886,25.04777717590332,22.036905469780876,25.60339229447501,2004,Lord Howe Island Marine Park,0
Parma polylepis,-31.55,159.06,2010,2,9,25,1,-32_159,21.72306474049886,25.04777717590332,22.036905469780876,25.60339229447501,2004,Lord Howe Island Marine Park,0
Parma polylepis,-31.51,159.06,2009,2,2,15,1,-32_159,21.176898956298828,24.173982620239254,21.653498089423376,25.09160658291408,2004,Lord Howe Island Marine Park,0
Parma polylepis,-31.51,159.06,2009,2,2,20,3,-32_159,21.176898956298828,24.173982620239254,21.653498089423376,25.09160658291408,2004,Lord Howe Island Marine Park,0
Parma polylepis,-31.51,159.06,2009,2,2,20,2,-32_159,21.176898956298828,24.173982620239254,21.653498089423376,25.09160658291408,2004,Lord Howe Island Marine Park,0
Parma polylepis,-31.51,159.06,2009,2,2,20,1,-32_159,21.176898956298828,24.173982620239254,21.653498089423376,25.09160658291408,2004,Lord Howe Island Marine Park,0
Parma polylepis,-31.51,159.06,2009,2,2,25,1,-32_159,21.176898956298828,24.173982620239254,21.653498089423376,25.09160658291408,2004,Lord Howe Island Marine Park,0
Parma polylepis,-31.51,159.06,2009,2,2,20,2,-32_159,21.176898956298828,24.173982620239254,21.653498089423376,25.09160658291408,2004,Lord Howe Island Marine Park,0
Parma polylepis,-31.51,159.06,2009,2,2,25,6,-32_159,21.176898956298828,24.173982620239254,21.653498089423376,25.09160658291408,2004,Lord Howe Island Marine Park,0
Parma polylepis,-31.51,159.06,2009,2,2,12.5,1,-32_159,21.176898956298828,24.173982620239254,21.653498089423376,25.09160658291408,2004,Lord Howe Island Marine Park,0
Parma polylepis,-31.51,159.06,2009,2,2,15,3,-32_159,21.176898956298828,24.173982620239254,21.653498089423376,25.09160658291408,2004,Lord Howe Island Marine Park,0
Parma polylepis,-31.51,159.06,2009,2,2,12.5,2,-32_159,21.176898956298828,24.173982620239254,21.653498089423376,25.09160658291408,2004,Lord Howe Island Marine Park,0
Parma polylepis,-31.51,159.06,2009,2,2,12.5,1,-32_159,21.176898956298828,24.173982620239254,21.653498089423376,25.09160658291408,2004,Lord Howe Island Marine Park,0
Parma polylepis,-31.51,159.06,2009,2,2,15,3,-32_159,21.176898956298828,24.173982620239254,21.653498089423376,25.09160658291408,2004,Lord Howe Island Marine Park,0
Parma polylepis,-31.51,159.06,2009,2,2,15,2,-32_159,21.176898956298828,24.173982620239254,21.653498089423376,25.09160658291408,2004,Lord Howe Island Marine Park,0
Parma polylepis,-31.51,159.06,2009,2,2,20,2,-32_159,21.176898956298828,24.173982620239254,21.653498089423376,25.09160658291408,2004,Lord Howe Island Marine Park,0
Parma polylepis,-31.51,159.06,2009,2,2,15,1,-32_159,21.176898956298828,24.173982620239254,21.653498089423376,25.09160658291408,2004,Lord Howe Island Marine Park,0
Parma polylepis,-31.51,159.06,2009,2,2,25,1,-32_159,21.176898956298828,24.173982620239254,21.653498089423376,25.09160658291408,2004,Lord Howe Island Marine Park,0
Parma polylepis,-31.51,159.06,2010,2,10,20,4,-32_159,21.72306474049886,25.04777717590332,22.036905469780876,25.60339229447501,2004,Lord Howe Island Marine Park,0
Parma polylepis,-31.51,159.06,2010,2,10,25,2,-32_159,21.72306474049886,25.04777717590332,22.036905469780876,25.60339229447501,2004,Lord Howe Island Marine Park,0
Parma polylepis,-31.52,159.05,2010,2,8,15,1,-32_159,21.72306474049886,25.04777717590332,22.036905469780876,25.60339229447501,2004,Lord Howe Island Marine Park,0
Parma polylepis,-31.58,159.07,2009,2,6,7.5,3,-32_159,21.176898956298828,24.173982620239254,21.653498089423376,25.09160658291408,NA,NA,0
Parma polylepis,-31.58,159.07,2009,2,6,10,1,-32_159,21.176898956298828,24.173982620239254,21.653498089423376,25.09160658291408,NA,NA,0
Parma polylepis,-31.58,159.07,2009,2,6,12.5,6,-32_159,21.176898956298828,24.173982620239254,21.653498089423376,25.09160658291408,NA,NA,0
Parma polylepis,-31.58,159.07,2009,2,6,10,1,-32_159,21.176898956298828,24.173982620239254,21.653498089423376,25.09160658291408,NA,NA,0
Parma polylepis,-31.58,159.07,2009,2,6,20,1,-32_159,21.176898956298828,24.173982620239254,21.653498089423376,25.09160658291408,NA,NA,0
Parma polylepis,-31.58,159.07,2010,2,9,12.5,3,-32_159,21.72306474049886,25.04777717590332,22.036905469780876,25.60339229447501,NA,NA,0
Parma polylepis,-31.58,159.07,2010,2,9,15,4,-32_159,21.72306474049886,25.04777717590332,22.036905469780876,25.60339229447501,NA,NA,0
Parma polylepis,-31.58,159.07,2010,2,9,12.5,2,-32_159,21.72306474049886,25.04777717590332,22.036905469780876,25.60339229447501,NA,NA,0
Parma polylepis,-31.58,159.07,2010,2,9,15,1,-32_159,21.72306474049886,25.04777717590332,22.036905469780876,25.60339229447501,NA,NA,0
Parma polylepis,-31.58,159.07,2010,2,9,15,1,-32_159,21.72306474049886,25.04777717590332,22.036905469780876,25.60339229447501,NA,NA,0
Parma polylepis,-31.58,159.07,2010,2,9,20,3,-32_159,21.72306474049886,25.04777717590332,22.036905469780876,25.60339229447501,NA,NA,0
Parma polylepis,-31.58,159.07,2010,2,9,25,5,-32_159,21.72306474049886,25.04777717590332,22.036905469780876,25.60339229447501,NA,NA,0
Parma polylepis,-31.58,159.07,2010,2,9,30,1,-32_159,21.72306474049886,25.04777717590332,22.036905469780876,25.60339229447501,NA,NA,0
Parma polylepis,-31.51,159.06,2010,2,10,15,4,-32_159,21.72306474049886,25.04777717590332,22.036905469780876,25.60339229447501,2004,Lord Howe Island Marine Park,0
Parma polylepis,-31.51,159.06,2010,2,10,20,1,-32_159,21.72306474049886,25.04777717590332,22.036905469780876,25.60339229447501,2004,Lord Howe Island Marine Park,0
Parma polylepis,-31.51,159.06,2010,2,10,20,1,-32_159,21.72306474049886,25.04777717590332,22.036905469780876,25.60339229447501,2004,Lord Howe Island Marine Park,0
Parma polylepis,-31.51,159.06,2010,2,10,25,8,-32_159,21.72306474049886,25.04777717590332,22.036905469780876,25.60339229447501,2004,Lord Howe Island Marine Park,0
Parma polylepis,-31.51,159.06,2010,2,10,15,7,-32_159,21.72306474049886,25.04777717590332,22.036905469780876,25.60339229447501,2004,Lord Howe Island Marine Park,0
Parma polylepis,-31.51,159.06,2010,2,10,20,6,-32_159,21.72306474049886,25.04777717590332,22.036905469780876,25.60339229447501,2004,Lord Howe Island Marine Park,0
Parma polylepis,-31.51,159.06,2010,2,10,25,1,-32_159,21.72306474049886,25.04777717590332,22.036905469780876,25.60339229447501,2004,Lord Howe Island Marine Park,0
Parma polylepis,-31.51,159.06,2010,2,10,20,3,-32_159,21.72306474049886,25.04777717590332,22.036905469780876,25.60339229447501,2004,Lord Howe Island Marine Park,0
Parma polylepis,-31.51,159.06,2010,2,10,25,3,-32_159,21.72306474049886,25.04777717590332,22.036905469780876,25.60339229447501,2004,Lord Howe Island Marine Park,0
Parma polylepis,-31.51,159.06,2010,2,10,30,3,-32_159,21.72306474049886,25.04777717590332,22.036905469780876,25.60339229447501,2004,Lord Howe Island Marine Park,0
Parma polylepis,-31.76,159.24,2010,2,11,20,1,-32_159,21.72306474049886,25.04777717590332,22.036905469780876,25.60339229447501,NA,NA,0
Parma polylepis,-31.76,159.24,2010,2,11,25,2,-32_159,21.72306474049886,25.04777717590332,22.036905469780876,25.60339229447501,NA,NA,0
Parma polylepis,-31.76,159.24,2010,2,11,12.5,4,-32_159,21.72306474049886,25.04777717590332,22.036905469780876,25.60339229447501,NA,NA,0
Parma polylepis,-31.76,159.24,2010,2,11,15,2,-32_159,21.72306474049886,25.04777717590332,22.036905469780876,25.60339229447501,NA,NA,0
Parma polylepis,-31.75,159.24,2010,2,11,12.5,3,-32_159,21.72306474049886,25.04777717590332,22.036905469780876,25.60339229447501,2004,Lord Howe Island Marine Park,0
Parma polylepis,-31.75,159.24,2010,2,11,20,7,-32_159,21.72306474049886,25.04777717590332,22.036905469780876,25.60339229447501,2004,Lord Howe Island Marine Park,0
Parma polylepis,-31.75,159.24,2010,2,11,20,2,-32_159,21.72306474049886,25.04777717590332,22.036905469780876,25.60339229447501,2004,Lord Howe Island Marine Park,0
Parma polylepis,-31.75,159.24,2010,2,11,25,2,-32_159,21.72306474049886,25.04777717590332,22.036905469780876,25.60339229447501,2004,Lord Howe Island Marine Park,0
Parma polylepis,-31.53,159.06,2010,2,14,12.5,3,-32_159,21.72306474049886,25.04777717590332,22.036905469780876,25.60339229447501,NA,NA,0
Parma polylepis,-31.53,159.06,2010,2,14,15,7,-32_159,21.72306474049886,25.04777717590332,22.036905469780876,25.60339229447501,NA,NA,0
Parma polylepis,-31.53,159.06,2010,2,14,12.5,4,-32_159,21.72306474049886,25.04777717590332,22.036905469780876,25.60339229447501,NA,NA,0
Parma polylepis,-31.53,159.06,2010,2,14,15,2,-32_159,21.72306474049886,25.04777717590332,22.036905469780876,25.60339229447501,NA,NA,0
Parma polylepis,-31.51,159.07,2010,2,12,12.5,5,-32_159,21.72306474049886,25.04777717590332,22.036905469780876,25.60339229447501,2004,Lord Howe Island Marine Park,0
Parma polylepis,-31.51,159.07,2010,2,12,15,3,-32_159,21.72306474049886,25.04777717590332,22.036905469780876,25.60339229447501,2004,Lord Howe Island Marine Park,0
Parma polylepis,-31.51,159.07,2010,2,12,20,2,-32_159,21.72306474049886,25.04777717590332,22.036905469780876,25.60339229447501,2004,Lord Howe Island Marine Park,0
Parma polylepis,-31.51,159.07,2010,2,12,25,3,-32_159,21.72306474049886,25.04777717590332,22.036905469780876,25.60339229447501,2004,Lord Howe Island Marine Park,0
Parma polylepis,-31.51,159.07,2010,2,12,20,2,-32_159,21.72306474049886,25.04777717590332,22.036905469780876,25.60339229447501,2004,Lord Howe Island Marine Park,0
Parma polylepis,-31.51,159.07,2010,2,12,25,1,-32_159,21.72306474049886,25.04777717590332,22.036905469780876,25.60339229447501,2004,Lord Howe Island Marine Park,0
Parma polylepis,-31.51,159.04,2009,2,3,12.5,1,-32_159,21.176898956298828,24.173982620239254,21.653498089423376,25.09160658291408,NA,NA,0
Parma polylepis,-31.51,159.04,2009,2,3,15,2,-32_159,21.176898956298828,24.173982620239254,21.653498089423376,25.09160658291408,NA,NA,0
Parma polylepis,-31.51,159.04,2009,2,3,15,3,-32_159,21.176898956298828,24.173982620239254,21.653498089423376,25.09160658291408,NA,NA,0
Parma polylepis,-31.51,159.07,2010,2,12,15,3,-32_159,21.72306474049886,25.04777717590332,22.036905469780876,25.60339229447501,2004,Lord Howe Island Marine Park,0
Parma polylepis,-31.51,159.07,2010,2,12,20,2,-32_159,21.72306474049886,25.04777717590332,22.036905469780876,25.60339229447501,2004,Lord Howe Island Marine Park,0
Parma polylepis,-31.51,159.07,2010,2,12,25,3,-32_159,21.72306474049886,25.04777717590332,22.036905469780876,25.60339229447501,2004,Lord Howe Island Marine Park,0
Parma polylepis,-31.51,159.04,2009,2,3,25,6,-32_159,21.176898956298828,24.173982620239254,21.653498089423376,25.09160658291408,NA,NA,0
Parma polylepis,-31.51,159.04,2009,2,3,20,2,-32_159,21.176898956298828,24.173982620239254,21.653498089423376,25.09160658291408,NA,NA,0
Parma polylepis,-31.51,159.04,2009,2,3,25,2,-32_159,21.176898956298828,24.173982620239254,21.653498089423376,25.09160658291408,NA,NA,0
Parma polylepis,-31.51,159.04,2010,2,12,15,2,-32_159,21.72306474049886,25.04777717590332,22.036905469780876,25.60339229447501,NA,NA,0
Parma polylepis,-31.51,159.04,2010,2,12,20,1,-32_159,21.72306474049886,25.04777717590332,22.036905469780876,25.60339229447501,NA,NA,0
Parma polylepis,-31.51,159.04,2010,2,12,20,2,-32_159,21.72306474049886,25.04777717590332,22.036905469780876,25.60339229447501,NA,NA,0
Parma polylepis,-31.51,159.04,2010,2,12,25,4,-32_159,21.72306474049886,25.04777717590332,22.036905469780876,25.60339229447501,NA,NA,0
Parma polylepis,-31.51,159.07,2010,2,12,25,1,-32_159,21.72306474049886,25.04777717590332,22.036905469780876,25.60339229447501,2004,Lord Howe Island Marine Park,0
Parma polylepis,-31.51,159.04,2010,2,12,20,3,-32_159,21.72306474049886,25.04777717590332,22.036905469780876,25.60339229447501,NA,NA,0
Parma polylepis,-31.51,159.04,2010,2,12,25,3,-32_159,21.72306474049886,25.04777717590332,22.036905469780876,25.60339229447501,NA,NA,0
Parma polylepis,-31.51,159.04,2009,2,3,12.5,1,-32_159,21.176898956298828,24.173982620239254,21.653498089423376,25.09160658291408,NA,NA,0
Parma polylepis,-31.51,159.04,2009,2,3,15,1,-32_159,21.176898956298828,24.173982620239254,21.653498089423376,25.09160658291408,NA,NA,0
Parma polylepis,-31.51,159.04,2009,2,3,20,2,-32_159,21.176898956298828,24.173982620239254,21.653498089423376,25.09160658291408,NA,NA,0
Parma polylepis,-31.51,159.04,2009,2,3,5,1,-32_159,21.176898956298828,24.173982620239254,21.653498089423376,25.09160658291408,NA,NA,0
Parma polylepis,-31.51,159.04,2009,2,3,7.5,2,-32_159,21.176898956298828,24.173982620239254,21.653498089423376,25.09160658291408,NA,NA,0
Parma polylepis,-31.51,159.04,2009,2,3,10,3,-32_159,21.176898956298828,24.173982620239254,21.653498089423376,25.09160658291408,NA,NA,0
Parma polylepis,-31.51,159.04,2009,2,3,12.5,2,-32_159,21.176898956298828,24.173982620239254,21.653498089423376,25.09160658291408,NA,NA,0
Parma polylepis,-31.51,159.04,2009,2,3,7.5,1,-32_159,21.176898956298828,24.173982620239254,21.653498089423376,25.09160658291408,NA,NA,0
Parma polylepis,-31.51,159.04,2009,2,3,12.5,1,-32_159,21.176898956298828,24.173982620239254,21.653498089423376,25.09160658291408,NA,NA,0
Parma polylepis,-31.51,159.04,2010,2,12,20,1,-32_159,21.72306474049886,25.04777717590332,22.036905469780876,25.60339229447501,NA,NA,0
Parma polylepis,-31.51,159.04,2010,2,12,5,1,-32_159,21.72306474049886,25.04777717590332,22.036905469780876,25.60339229447501,NA,NA,0
Parma polylepis,-31.51,159.04,2010,2,12,15,1,-32_159,21.72306474049886,25.04777717590332,22.036905469780876,25.60339229447501,NA,NA,0
Parma polylepis,-31.51,159.04,2010,2,12,20,3,-32_159,21.72306474049886,25.04777717590332,22.036905469780876,25.60339229447501,NA,NA,0
Parma polylepis,-31.51,159.04,2010,2,12,10,1,-32_159,21.72306474049886,25.04777717590332,22.036905469780876,25.60339229447501,NA,NA,0
Parma polylepis,-31.51,159.04,2010,2,12,20,2,-32_159,21.72306474049886,25.04777717590332,22.036905469780876,25.60339229447501,NA,NA,0
Parma polylepis,-31.51,159.04,2010,2,12,20,3,-32_159,21.72306474049886,25.04777717590332,22.036905469780876,25.60339229447501,NA,NA,0
Parma polylepis,-31.51,159.04,2010,2,12,25,1,-32_159,21.72306474049886,25.04777717590332,22.036905469780876,25.60339229447501,NA,NA,0
Parma polylepis,-31.55,159.06,2009,1,31,20,2,-32_159,21.176898956298828,23.308124542236328,21.653498089423376,23.340644621079967,2004,Lord Howe Island Marine Park,0
Parma polylepis,-31.58,159.07,2010,2,9,20,6,-32_159,21.72306474049886,25.04777717590332,22.036905469780876,25.60339229447501,NA,NA,0
Parma polylepis,-31.58,159.07,2010,2,9,25,4,-32_159,21.72306474049886,25.04777717590332,22.036905469780876,25.60339229447501,NA,NA,0
Parma polylepis,-31.58,159.07,2010,2,9,30,4,-32_159,21.72306474049886,25.04777717590332,22.036905469780876,25.60339229447501,NA,NA,0
Parma polylepis,-31.58,159.07,2010,2,9,12.5,5,-32_159,21.72306474049886,25.04777717590332,22.036905469780876,25.60339229447501,NA,NA,0
Parma polylepis,-31.58,159.07,2010,2,9,10,1,-32_159,21.72306474049886,25.04777717590332,22.036905469780876,25.60339229447501,NA,NA,0
Parma polylepis,-31.58,159.07,2010,2,9,12.5,2,-32_159,21.72306474049886,25.04777717590332,22.036905469780876,25.60339229447501,NA,NA,0
Parma polylepis,-31.57,159.07,2009,2,4,15,2,-32_159,21.176898956298828,24.173982620239254,21.653498089423376,25.09160658291408,NA,NA,0
Parma polylepis,-31.57,159.07,2009,2,4,10,3,-32_159,21.176898956298828,24.173982620239254,21.653498089423376,25.09160658291408,NA,NA,0
Parma polylepis,-31.57,159.07,2009,2,4,12.5,2,-32_159,21.176898956298828,24.173982620239254,21.653498089423376,25.09160658291408,NA,NA,0
Parma polylepis,-31.57,159.07,2009,2,4,20,2,-32_159,21.176898956298828,24.173982620239254,21.653498089423376,25.09160658291408,NA,NA,0
Parma polylepis,-31.55,159.06,2009,1,31,15,2,-32_159,21.176898956298828,23.308124542236328,21.653498089423376,23.340644621079967,2004,Lord Howe Island Marine Park,0
Parma polylepis,-31.55,159.06,2009,1,31,12.5,3,-32_159,21.176898956298828,23.308124542236328,21.653498089423376,23.340644621079967,2004,Lord Howe Island Marine Park,0
Parma polylepis,-31.55,159.06,2009,1,31,20,2,-32_159,21.176898956298828,23.308124542236328,21.653498089423376,23.340644621079967,2004,Lord Howe Island Marine Park,0
Parma polylepis,-31.55,159.06,2009,1,31,12.5,1,-32_159,21.176898956298828,23.308124542236328,21.653498089423376,23.340644621079967,2004,Lord Howe Island Marine Park,0
Parma polylepis,-31.55,159.06,2009,1,31,15,1,-32_159,21.176898956298828,23.308124542236328,21.653498089423376,23.340644621079967,2004,Lord Howe Island Marine Park,0
Parma polylepis,-31.53,159.05,2009,2,8,15,2,-32_159,21.176898956298828,24.173982620239254,21.653498089423376,25.09160658291408,NA,NA,0
Parma polylepis,-31.53,159.05,2009,2,8,15,3,-32_159,21.176898956298828,24.173982620239254,21.653498089423376,25.09160658291408,NA,NA,0
Parma polylepis,-31.52,159.08,2010,2,18,20,3,-32_159,21.72306474049886,25.04777717590332,22.036905469780876,25.60339229447501,NA,NA,0
Parma polylepis,-31.53,159.05,2009,2,8,25,4,-32_159,21.176898956298828,24.173982620239254,21.653498089423376,25.09160658291408,NA,NA,0
Parma polylepis,-31.53,159.05,2009,2,8,25,5,-32_159,21.176898956298828,24.173982620239254,21.653498089423376,25.09160658291408,NA,NA,0
Parma polylepis,-31.52,159.08,2010,2,18,25,3,-32_159,21.72306474049886,25.04777717590332,22.036905469780876,25.60339229447501,NA,NA,0
Parma polylepis,-31.53,159.05,2009,2,8,15,3,-32_159,21.176898956298828,24.173982620239254,21.653498089423376,25.09160658291408,NA,NA,0
Parma polylepis,-31.53,159.05,2009,2,8,20,2,-32_159,21.176898956298828,24.173982620239254,21.653498089423376,25.09160658291408,NA,NA,0
Parma polylepis,-31.53,159.05,2009,2,8,15,4,-32_159,21.176898956298828,24.173982620239254,21.653498089423376,25.09160658291408,NA,NA,0
Parma polylepis,-31.53,159.05,2009,2,8,20,1,-32_159,21.176898956298828,24.173982620239254,21.653498089423376,25.09160658291408,NA,NA,0
Parma polylepis,-31.53,159.05,2009,2,8,15,1,-32_159,21.176898956298828,24.173982620239254,21.653498089423376,25.09160658291408,NA,NA,0
Parma polylepis,-31.53,159.05,2009,2,8,20,2,-32_159,21.176898956298828,24.173982620239254,21.653498089423376,25.09160658291408,NA,NA,0
Parma polylepis,-31.53,159.05,2009,2,8,25,1,-32_159,21.176898956298828,24.173982620239254,21.653498089423376,25.09160658291408,NA,NA,0
Parma polylepis,-31.52,159.08,2010,2,18,25,4,-32_159,21.72306474049886,25.04777717590332,22.036905469780876,25.60339229447501,NA,NA,0
Parma polylepis,-31.53,159.05,2009,2,8,35,1,-32_159,21.176898956298828,24.173982620239254,21.653498089423376,25.09160658291408,NA,NA,0
Parma polylepis,-31.55,159.06,2009,1,31,20,1,-32_159,21.176898956298828,23.308124542236328,21.653498089423376,23.340644621079967,2004,Lord Howe Island Marine Park,0
Parma polylepis,-31.55,159.06,2009,1,31,25,2,-32_159,21.176898956298828,23.308124542236328,21.653498089423376,23.340644621079967,2004,Lord Howe Island Marine Park,0
Parma polylepis,-31.55,159.06,2009,1,31,30,2,-32_159,21.176898956298828,23.308124542236328,21.653498089423376,23.340644621079967,2004,Lord Howe Island Marine Park,0
Parma polylepis,-31.55,159.06,2009,1,31,20,2,-32_159,21.176898956298828,23.308124542236328,21.653498089423376,23.340644621079967,2004,Lord Howe Island Marine Park,0
Parma polylepis,-31.55,159.06,2009,1,31,25,5,-32_159,21.176898956298828,23.308124542236328,21.653498089423376,23.340644621079967,2004,Lord Howe Island Marine Park,0
Parma polylepis,-31.55,159.06,2009,1,31,15,1,-32_159,21.176898956298828,23.308124542236328,21.653498089423376,23.340644621079967,2004,Lord Howe Island Marine Park,0
Parma polylepis,-31.55,159.06,2009,1,31,20,4,-32_159,21.176898956298828,23.308124542236328,21.653498089423376,23.340644621079967,2004,Lord Howe Island Marine Park,0
Parma polylepis,-31.55,159.06,2009,1,31,20,3,-32_159,21.176898956298828,23.308124542236328,21.653498089423376,23.340644621079967,2004,Lord Howe Island Marine Park,0
Parma polylepis,-31.55,159.06,2009,1,31,25,3,-32_159,21.176898956298828,23.308124542236328,21.653498089423376,23.340644621079967,2004,Lord Howe Island Marine Park,0
Parma polylepis,-31.52,159.08,2010,2,18,15,1,-32_159,21.72306474049886,25.04777717590332,22.036905469780876,25.60339229447501,NA,NA,0
Parma polylepis,-31.52,159.08,2010,2,18,20,3,-32_159,21.72306474049886,25.04777717590332,22.036905469780876,25.60339229447501,NA,NA,0
Parma polylepis,-31.52,159.08,2010,2,18,12.5,2,-32_159,21.72306474049886,25.04777717590332,22.036905469780876,25.60339229447501,NA,NA,0
Parma polylepis,-31.52,159.08,2010,2,18,20,1,-32_159,21.72306474049886,25.04777717590332,22.036905469780876,25.60339229447501,NA,NA,0
Parma polylepis,-31.52,159.08,2010,2,18,12.5,2,-32_159,21.72306474049886,25.04777717590332,22.036905469780876,25.60339229447501,NA,NA,0
Parma polylepis,-31.52,159.08,2010,2,18,15,4,-32_159,21.72306474049886,25.04777717590332,22.036905469780876,25.60339229447501,NA,NA,0
Parma polylepis,-31.52,159.08,2010,2,18,12.5,4,-32_159,21.72306474049886,25.04777717590332,22.036905469780876,25.60339229447501,NA,NA,0
Parma polylepis,-31.52,159.08,2010,2,18,15,8,-32_159,21.72306474049886,25.04777717590332,22.036905469780876,25.60339229447501,NA,NA,0
Parma polylepis,-31.52,159.08,2010,2,18,12.5,2,-32_159,21.72306474049886,25.04777717590332,22.036905469780876,25.60339229447501,NA,NA,0
Parma polylepis,-31.52,159.08,2010,2,18,15,5,-32_159,21.72306474049886,25.04777717590332,22.036905469780876,25.60339229447501,NA,NA,0
Parma polylepis,-31.52,159.08,2010,2,18,20,1,-32_159,21.72306474049886,25.04777717590332,22.036905469780876,25.60339229447501,NA,NA,0
Parma polylepis,-31.52,159.08,2010,2,18,10,2,-32_159,21.72306474049886,25.04777717590332,22.036905469780876,25.60339229447501,NA,NA,0
Parma polylepis,-31.52,159.08,2010,2,18,12.5,1,-32_159,21.72306474049886,25.04777717590332,22.036905469780876,25.60339229447501,NA,NA,0
Parma polylepis,-31.52,159.08,2010,2,18,10,1,-32_159,21.72306474049886,25.04777717590332,22.036905469780876,25.60339229447501,NA,NA,0
Parma polylepis,-31.52,159.08,2010,2,18,20,1,-32_159,21.72306474049886,25.04777717590332,22.036905469780876,25.60339229447501,NA,NA,0
Parma polylepis,-31.52,159.08,2010,2,18,25,12,-32_159,21.72306474049886,25.04777717590332,22.036905469780876,25.60339229447501,NA,NA,0
Parma polylepis,-31.52,159.08,2010,2,18,15,3,-32_159,21.72306474049886,25.04777717590332,22.036905469780876,25.60339229447501,NA,NA,0
Parma polylepis,-31.52,159.08,2010,2,18,20,6,-32_159,21.72306474049886,25.04777717590332,22.036905469780876,25.60339229447501,NA,NA,0
Parma polylepis,-31.52,159.08,2010,2,18,25,2,-32_159,21.72306474049886,25.04777717590332,22.036905469780876,25.60339229447501,NA,NA,0
Parma polylepis,-31.52,159.05,2009,2,5,15,1,-32_159,21.176898956298828,24.173982620239254,21.653498089423376,25.09160658291408,2004,Lord Howe Island Marine Park,0
Parma polylepis,-31.52,159.05,2009,2,5,20,2,-32_159,21.176898956298828,24.173982620239254,21.653498089423376,25.09160658291408,2004,Lord Howe Island Marine Park,0
Parma polylepis,-31.52,159.05,2009,2,5,12.5,3,-32_159,21.176898956298828,24.173982620239254,21.653498089423376,25.09160658291408,2004,Lord Howe Island Marine Park,0
Parma polylepis,-31.52,159.05,2009,2,5,20,2,-32_159,21.176898956298828,24.173982620239254,21.653498089423376,25.09160658291408,2004,Lord Howe Island Marine Park,0
Parma polylepis,-31.52,159.05,2009,2,5,25,1,-32_159,21.176898956298828,24.173982620239254,21.653498089423376,25.09160658291408,2004,Lord Howe Island Marine Park,0
Parma polylepis,-31.52,159.05,2010,2,14,12.5,5,-32_159,21.72306474049886,25.04777717590332,22.036905469780876,25.60339229447501,2004,Lord Howe Island Marine Park,0
Parma polylepis,-31.52,159.05,2010,2,14,15,3,-32_159,21.72306474049886,25.04777717590332,22.036905469780876,25.60339229447501,2004,Lord Howe Island Marine Park,0
Parma polylepis,-31.52,159.05,2010,2,14,20,5,-32_159,21.72306474049886,25.04777717590332,22.036905469780876,25.60339229447501,2004,Lord Howe Island Marine Park,0
Parma polylepis,-31.55,159.06,2010,2,9,20,1,-32_159,21.72306474049886,25.04777717590332,22.036905469780876,25.60339229447501,2004,Lord Howe Island Marine Park,0
Parma polylepis,-31.55,159.06,2010,2,9,25,2,-32_159,21.72306474049886,25.04777717590332,22.036905469780876,25.60339229447501,2004,Lord Howe Island Marine Park,0
Parma polylepis,-31.55,159.06,2010,2,9,15,1,-32_159,21.72306474049886,25.04777717590332,22.036905469780876,25.60339229447501,2004,Lord Howe Island Marine Park,0
Parma polylepis,-31.55,159.06,2010,2,9,20,3,-32_159,21.72306474049886,25.04777717590332,22.036905469780876,25.60339229447501,2004,Lord Howe Island Marine Park,0
Parma polylepis,-31.55,159.06,2010,2,9,7.5,1,-32_159,21.72306474049886,25.04777717590332,22.036905469780876,25.60339229447501,2004,Lord Howe Island Marine Park,0
Parma polylepis,-31.55,159.06,2010,2,9,15,1,-32_159,21.72306474049886,25.04777717590332,22.036905469780876,25.60339229447501,2004,Lord Howe Island Marine Park,0
Parma polylepis,-31.55,159.06,2010,2,9,20,1,-32_159,21.72306474049886,25.04777717590332,22.036905469780876,25.60339229447501,2004,Lord Howe Island Marine Park,0
Parma polylepis,-31.55,159.06,2010,2,9,25,3,-32_159,21.72306474049886,25.04777717590332,22.036905469780876,25.60339229447501,2004,Lord Howe Island Marine Park,0
Parma polylepis,-31.54,159.06,2009,2,8,7.5,2,-32_159,21.176898956298828,24.173982620239254,21.653498089423376,25.09160658291408,2004,Lord Howe Island Marine Park,0
Parma polylepis,-31.54,159.06,2009,2,8,12.5,2,-32_159,21.176898956298828,24.173982620239254,21.653498089423376,25.09160658291408,2004,Lord Howe Island Marine Park,0
Parma polylepis,-31.57,159.07,2009,2,4,15,4,-32_159,21.176898956298828,24.173982620239254,21.653498089423376,25.09160658291408,NA,NA,0
Parma polylepis,-31.57,159.07,2009,2,4,20,1,-32_159,21.176898956298828,24.173982620239254,21.653498089423376,25.09160658291408,NA,NA,0
Parma polylepis,-31.57,159.07,2009,2,4,25,1,-32_159,21.176898956298828,24.173982620239254,21.653498089423376,25.09160658291408,NA,NA,0
Parma polylepis,-31.57,159.07,2009,2,4,25,1,-32_159,21.176898956298828,24.173982620239254,21.653498089423376,25.09160658291408,NA,NA,0
Parma polylepis,-31.57,159.07,2009,2,4,25,2,-32_159,21.176898956298828,24.173982620239254,21.653498089423376,25.09160658291408,NA,NA,0
Parma polylepis,-31.57,159.07,2010,2,8,25,2,-32_159,21.72306474049886,25.04777717590332,22.036905469780876,25.60339229447501,NA,NA,0
Parma polylepis,-31.57,159.07,2010,2,8,30,1,-32_159,21.72306474049886,25.04777717590332,22.036905469780876,25.60339229447501,NA,NA,0
Parma polylepis,-31.57,159.07,2010,2,8,20,1,-32_159,21.72306474049886,25.04777717590332,22.036905469780876,25.60339229447501,NA,NA,0
Parma polylepis,-31.57,159.07,2010,2,8,25,4,-32_159,21.72306474049886,25.04777717590332,22.036905469780876,25.60339229447501,NA,NA,0
Parma polylepis,-31.57,159.07,2010,2,8,30,2,-32_159,21.72306474049886,25.04777717590332,22.036905469780876,25.60339229447501,NA,NA,0
Parma polylepis,-31.57,159.07,2010,2,8,15,3,-32_159,21.72306474049886,25.04777717590332,22.036905469780876,25.60339229447501,NA,NA,0
Parma polylepis,-31.57,159.07,2010,2,8,20,4,-32_159,21.72306474049886,25.04777717590332,22.036905469780876,25.60339229447501,NA,NA,0
Parma polylepis,-31.52,159.05,2010,2,14,25,1,-32_159,21.72306474049886,25.04777717590332,22.036905469780876,25.60339229447501,2004,Lord Howe Island Marine Park,0
Parma polylepis,-31.52,159.05,2010,2,14,25,1,-32_159,21.72306474049886,25.04777717590332,22.036905469780876,25.60339229447501,2004,Lord Howe Island Marine Park,0
Parma polylepis,-31.52,159.05,2010,2,14,20,1,-32_159,21.72306474049886,25.04777717590332,22.036905469780876,25.60339229447501,2004,Lord Howe Island Marine Park,0
Parma polylepis,-31.52,159.05,2010,2,14,25,1,-32_159,21.72306474049886,25.04777717590332,22.036905469780876,25.60339229447501,2004,Lord Howe Island Marine Park,0
Parma polylepis,-31.52,159.05,2010,2,14,20,1,-32_159,21.72306474049886,25.04777717590332,22.036905469780876,25.60339229447501,2004,Lord Howe Island Marine Park,0
Parma polylepis,-31.53,159.05,2009,2,8,10,1,-32_159,21.176898956298828,24.173982620239254,21.653498089423376,25.09160658291408,NA,NA,0
Parma polylepis,-31.53,159.05,2009,2,8,12.5,4,-32_159,21.176898956298828,24.173982620239254,21.653498089423376,25.09160658291408,NA,NA,0
Parma polylepis,-31.53,159.05,2009,2,8,15,1,-32_159,21.176898956298828,24.173982620239254,21.653498089423376,25.09160658291408,NA,NA,0
Parma polylepis,-31.54,159.06,2009,2,8,15,1,-32_159,21.176898956298828,24.173982620239254,21.653498089423376,25.09160658291408,2004,Lord Howe Island Marine Park,0
Parma polylepis,-31.54,159.06,2009,2,8,20,1,-32_159,21.176898956298828,24.173982620239254,21.653498089423376,25.09160658291408,2004,Lord Howe Island Marine Park,0
Parma polylepis,-31.54,159.06,2009,2,8,25,1,-32_159,21.176898956298828,24.173982620239254,21.653498089423376,25.09160658291408,2004,Lord Howe Island Marine Park,0
Parma polylepis,-31.53,159.05,2009,2,8,20,1,-32_159,21.176898956298828,24.173982620239254,21.653498089423376,25.09160658291408,NA,NA,0
Parma polylepis,-31.53,159.05,2009,2,8,25,2,-32_159,21.176898956298828,24.173982620239254,21.653498089423376,25.09160658291408,NA,NA,0
Parma polylepis,-31.54,159.06,2010,2,16,7.5,1,-32_159,21.72306474049886,25.04777717590332,22.036905469780876,25.60339229447501,2004,Lord Howe Island Marine Park,0
Parma polylepis,-31.54,159.06,2010,2,16,10,5,-32_159,21.72306474049886,25.04777717590332,22.036905469780876,25.60339229447501,2004,Lord Howe Island Marine Park,0
Parma polylepis,-31.54,159.06,2010,2,16,12.5,3,-32_159,21.72306474049886,25.04777717590332,22.036905469780876,25.60339229447501,2004,Lord Howe Island Marine Park,0
Parma polylepis,-31.54,159.06,2010,2,16,10,7,-32_159,21.72306474049886,25.04777717590332,22.036905469780876,25.60339229447501,2004,Lord Howe Island Marine Park,0
Parma polylepis,-31.54,159.06,2010,2,16,12.5,2,-32_159,21.72306474049886,25.04777717590332,22.036905469780876,25.60339229447501,2004,Lord Howe Island Marine Park,0
Parma polylepis,-31.54,159.06,2010,2,16,10,10,-32_159,21.72306474049886,25.04777717590332,22.036905469780876,25.60339229447501,2004,Lord Howe Island Marine Park,0
Parma polylepis,-31.54,159.06,2010,2,16,12.5,10,-32_159,21.72306474049886,25.04777717590332,22.036905469780876,25.60339229447501,2004,Lord Howe Island Marine Park,0
Parma polylepis,-31.54,159.06,2010,2,16,15,15,-32_159,21.72306474049886,25.04777717590332,22.036905469780876,25.60339229447501,2004,Lord Howe Island Marine Park,0
Parma polylepis,-31.54,159.06,2010,2,16,5,1,-32_159,21.72306474049886,25.04777717590332,22.036905469780876,25.60339229447501,2004,Lord Howe Island Marine Park,0
Parma polylepis,-31.54,159.06,2010,2,16,10,15,-32_159,21.72306474049886,25.04777717590332,22.036905469780876,25.60339229447501,2004,Lord Howe Island Marine Park,0
Parma polylepis,-31.54,159.06,2010,2,16,12.5,6,-32_159,21.72306474049886,25.04777717590332,22.036905469780876,25.60339229447501,2004,Lord Howe Island Marine Park,0
Parma polylepis,-31.53,159.05,2009,2,8,12.5,5,-32_159,21.176898956298828,24.173982620239254,21.653498089423376,25.09160658291408,NA,NA,0
Parma polylepis,-31.54,159.06,2010,2,16,15,3,-32_159,21.72306474049886,25.04777717590332,22.036905469780876,25.60339229447501,2004,Lord Howe Island Marine Park,0
Parma polylepis,-31.54,159.06,2010,2,16,12.5,4,-32_159,21.72306474049886,25.04777717590332,22.036905469780876,25.60339229447501,2004,Lord Howe Island Marine Park,0
Parma polylepis,-31.54,159.06,2010,2,16,25,3,-32_159,21.72306474049886,25.04777717590332,22.036905469780876,25.60339229447501,2004,Lord Howe Island Marine Park,0
Parma polylepis,-31.53,159.05,2009,2,8,20,3,-32_159,21.176898956298828,24.173982620239254,21.653498089423376,25.09160658291408,NA,NA,0
Parma polylepis,-31.53,159.05,2009,2,8,25,1,-32_159,21.176898956298828,24.173982620239254,21.653498089423376,25.09160658291408,NA,NA,0
Parma polylepis,-31.54,159.06,2010,2,16,15,2,-32_159,21.72306474049886,25.04777717590332,22.036905469780876,25.60339229447501,2004,Lord Howe Island Marine Park,0
Parma polylepis,-31.54,159.06,2010,2,16,20,2,-32_159,21.72306474049886,25.04777717590332,22.036905469780876,25.60339229447501,2004,Lord Howe Island Marine Park,0
Parma polylepis,-31.53,159.05,2010,2,8,12.5,2,-32_159,21.72306474049886,25.04777717590332,22.036905469780876,25.60339229447501,NA,NA,0
Parma polylepis,-31.53,159.05,2010,2,8,15,3,-32_159,21.72306474049886,25.04777717590332,22.036905469780876,25.60339229447501,NA,NA,0
Parma polylepis,-31.53,159.05,2010,2,8,25,7,-32_159,21.72306474049886,25.04777717590332,22.036905469780876,25.60339229447501,NA,NA,0
Parma polylepis,-31.53,159.05,2010,2,8,15,5,-32_159,21.72306474049886,25.04777717590332,22.036905469780876,25.60339229447501,NA,NA,0
Parma polylepis,-31.53,159.05,2010,2,8,12.5,1,-32_159,21.72306474049886,25.04777717590332,22.036905469780876,25.60339229447501,NA,NA,0
Parma polylepis,-31.53,159.05,2010,2,8,15,2,-32_159,21.72306474049886,25.04777717590332,22.036905469780876,25.60339229447501,NA,NA,0
Parma polylepis,-31.53,159.05,2010,2,8,15,3,-32_159,21.72306474049886,25.04777717590332,22.036905469780876,25.60339229447501,NA,NA,0
Parma polylepis,-31.53,159.05,2010,2,8,25,4,-32_159,21.72306474049886,25.04777717590332,22.036905469780876,25.60339229447501,NA,NA,0
Parma polylepis,-31.53,159.05,2010,2,8,15,2,-32_159,21.72306474049886,25.04777717590332,22.036905469780876,25.60339229447501,NA,NA,0
Parma polylepis,-31.53,159.05,2010,2,8,20,2,-32_159,21.72306474049886,25.04777717590332,22.036905469780876,25.60339229447501,NA,NA,0
Parma polylepis,-31.57,159.07,2010,2,8,15,1,-32_159,21.72306474049886,25.04777717590332,22.036905469780876,25.60339229447501,NA,NA,0
Parma polylepis,-31.57,159.07,2010,2,8,25,1,-32_159,21.72306474049886,25.04777717590332,22.036905469780876,25.60339229447501,NA,NA,0
Parma polylepis,-31.56,159.07,2009,2,4,10,1,-32_159,21.176898956298828,24.173982620239254,21.653498089423376,25.09160658291408,NA,NA,0
Parma polylepis,-31.56,159.07,2009,2,4,12.5,2,-32_159,21.176898956298828,24.173982620239254,21.653498089423376,25.09160658291408,NA,NA,0
Parma polylepis,-31.56,159.07,2009,2,4,15,1,-32_159,21.176898956298828,24.173982620239254,21.653498089423376,25.09160658291408,NA,NA,0
Parma polylepis,-31.56,159.07,2009,2,4,20,1,-32_159,21.176898956298828,24.173982620239254,21.653498089423376,25.09160658291408,NA,NA,0
Parma polylepis,-31.56,159.07,2009,2,4,7.5,2,-32_159,21.176898956298828,24.173982620239254,21.653498089423376,25.09160658291408,NA,NA,0
Parma polylepis,-31.56,159.07,2009,2,4,20,2,-32_159,21.176898956298828,24.173982620239254,21.653498089423376,25.09160658291408,NA,NA,0
Parma polylepis,-31.56,159.07,2009,2,4,25,2,-32_159,21.176898956298828,24.173982620239254,21.653498089423376,25.09160658291408,NA,NA,0
Parma polylepis,-31.56,159.07,2009,2,4,20,1,-32_159,21.176898956298828,24.173982620239254,21.653498089423376,25.09160658291408,NA,NA,0
Parma polylepis,-31.56,159.07,2010,2,8,20,2,-32_159,21.72306474049886,25.04777717590332,22.036905469780876,25.60339229447501,NA,NA,0
Parma polylepis,-31.56,159.07,2010,2,8,25,3,-32_159,21.72306474049886,25.04777717590332,22.036905469780876,25.60339229447501,NA,NA,0
Parma polylepis,-31.56,159.07,2010,2,8,30,1,-32_159,21.72306474049886,25.04777717590332,22.036905469780876,25.60339229447501,NA,NA,0
Parma polylepis,-31.56,159.07,2010,2,8,10,1,-32_159,21.72306474049886,25.04777717590332,22.036905469780876,25.60339229447501,NA,NA,0
Parma polylepis,-31.56,159.07,2010,2,8,25,1,-32_159,21.72306474049886,25.04777717590332,22.036905469780876,25.60339229447501,NA,NA,0
Parma polylepis,-31.56,159.07,2010,2,8,20,1,-32_159,21.72306474049886,25.04777717590332,22.036905469780876,25.60339229447501,NA,NA,0
Parma polylepis,-31.56,159.07,2010,2,8,25,2,-32_159,21.72306474049886,25.04777717590332,22.036905469780876,25.60339229447501,NA,NA,0
Parma polylepis,-31.53,159.05,2010,2,8,15,3,-32_159,21.72306474049886,25.04777717590332,22.036905469780876,25.60339229447501,NA,NA,0
Parma polylepis,-31.53,159.05,2010,2,8,20,4,-32_159,21.72306474049886,25.04777717590332,22.036905469780876,25.60339229447501,NA,NA,0
Parma polylepis,-31.53,159.05,2010,2,9,15,2,-32_159,21.72306474049886,25.04777717590332,22.036905469780876,25.60339229447501,NA,NA,0
Parma polylepis,-31.53,159.05,2010,2,9,20,2,-32_159,21.72306474049886,25.04777717590332,22.036905469780876,25.60339229447501,NA,NA,0
Parma polylepis,-31.53,159.05,2010,2,9,15,3,-32_159,21.72306474049886,25.04777717590332,22.036905469780876,25.60339229447501,NA,NA,0
Parma polylepis,-31.53,159.05,2010,2,9,20,3,-32_159,21.72306474049886,25.04777717590332,22.036905469780876,25.60339229447501,NA,NA,0
Parma polylepis,-31.51,159.04,2010,2,12,5,1,-32_159,21.72306474049886,25.04777717590332,22.036905469780876,25.60339229447501,NA,NA,0
Parma polylepis,-31.51,159.04,2010,2,12,10,1,-32_159,21.72306474049886,25.04777717590332,22.036905469780876,25.60339229447501,NA,NA,0
Parma polylepis,-31.51,159.04,2010,2,12,12.5,1,-32_159,21.72306474049886,25.04777717590332,22.036905469780876,25.60339229447501,NA,NA,0
Parma polylepis,-31.51,159.04,2010,2,12,15,3,-32_159,21.72306474049886,25.04777717590332,22.036905469780876,25.60339229447501,NA,NA,0
Parma polylepis,-31.51,159.04,2010,2,12,10,1,-32_159,21.72306474049886,25.04777717590332,22.036905469780876,25.60339229447501,NA,NA,0
Parma polylepis,-31.51,159.04,2010,2,12,12.5,2,-32_159,21.72306474049886,25.04777717590332,22.036905469780876,25.60339229447501,NA,NA,0
Parma polylepis,-31.51,159.04,2010,2,12,12.5,1,-32_159,21.72306474049886,25.04777717590332,22.036905469780876,25.60339229447501,NA,NA,0
Parma polylepis,-31.51,159.05,2010,2,13,15,1,-32_159,21.72306474049886,25.04777717590332,22.036905469780876,25.60339229447501,2004,Lord Howe Island Marine Park,0
Parma polylepis,-31.51,159.05,2010,2,13,20,2,-32_159,21.72306474049886,25.04777717590332,22.036905469780876,25.60339229447501,2004,Lord Howe Island Marine Park,0
Parma polylepis,-31.51,159.05,2010,2,13,25,2,-32_159,21.72306474049886,25.04777717590332,22.036905469780876,25.60339229447501,2004,Lord Howe Island Marine Park,0
Parma polylepis,-31.51,159.05,2010,2,13,20,3,-32_159,21.72306474049886,25.04777717590332,22.036905469780876,25.60339229447501,2004,Lord Howe Island Marine Park,0
Parma polylepis,-31.51,159.05,2010,2,13,25,1,-32_159,21.72306474049886,25.04777717590332,22.036905469780876,25.60339229447501,2004,Lord Howe Island Marine Park,0
Parma polylepis,-31.51,159.05,2010,2,13,20,1,-32_159,21.72306474049886,25.04777717590332,22.036905469780876,25.60339229447501,2004,Lord Howe Island Marine Park,0
Parma polylepis,-31.51,159.05,2010,2,13,10,3,-32_159,21.72306474049886,25.04777717590332,22.036905469780876,25.60339229447501,2004,Lord Howe Island Marine Park,0
Parma polylepis,-31.51,159.05,2010,2,13,12.5,2,-32_159,21.72306474049886,25.04777717590332,22.036905469780876,25.60339229447501,2004,Lord Howe Island Marine Park,0
Parma polylepis,-31.51,159.05,2010,2,13,15,3,-32_159,21.72306474049886,25.04777717590332,22.036905469780876,25.60339229447501,2004,Lord Howe Island Marine Park,0
Parma polylepis,-31.51,159.05,2010,2,13,10,2,-32_159,21.72306474049886,25.04777717590332,22.036905469780876,25.60339229447501,2004,Lord Howe Island Marine Park,0
Parma polylepis,-31.51,159.05,2010,2,13,12.5,4,-32_159,21.72306474049886,25.04777717590332,22.036905469780876,25.60339229447501,2004,Lord Howe Island Marine Park,0
Parma polylepis,-31.51,159.05,2010,2,13,15,1,-32_159,21.72306474049886,25.04777717590332,22.036905469780876,25.60339229447501,2004,Lord Howe Island Marine Park,0
Parma polylepis,-31.54,159.11,2010,2,13,12.5,2,-32_159,21.72306474049886,25.04777717590332,22.036905469780876,25.60339229447501,NA,NA,0
Parma polylepis,-31.54,159.11,2010,2,13,15,7,-32_159,21.72306474049886,25.04777717590332,22.036905469780876,25.60339229447501,NA,NA,0
Parma polylepis,-31.54,159.11,2010,2,13,5,6,-32_159,21.72306474049886,25.04777717590332,22.036905469780876,25.60339229447501,NA,NA,0
Parma polylepis,-31.54,159.11,2010,2,13,12.5,3,-32_159,21.72306474049886,25.04777717590332,22.036905469780876,25.60339229447501,NA,NA,0
Parma polylepis,-31.54,159.11,2010,2,13,15,12,-32_159,21.72306474049886,25.04777717590332,22.036905469780876,25.60339229447501,NA,NA,0
Parma polylepis,-31.54,159.11,2010,2,13,7.5,1,-32_159,21.72306474049886,25.04777717590332,22.036905469780876,25.60339229447501,NA,NA,0
Parma polylepis,-31.54,159.11,2010,2,13,15,2,-32_159,21.72306474049886,25.04777717590332,22.036905469780876,25.60339229447501,NA,NA,0
Parma polylepis,-31.54,159.11,2010,2,13,20,2,-32_159,21.72306474049886,25.04777717590332,22.036905469780876,25.60339229447501,NA,NA,0
Parma polylepis,-31.54,159.11,2010,2,13,2.5,4,-32_159,21.72306474049886,25.04777717590332,22.036905469780876,25.60339229447501,NA,NA,0
Parma polylepis,-31.54,159.11,2010,2,13,25,1,-32_159,21.72306474049886,25.04777717590332,22.036905469780876,25.60339229447501,NA,NA,0
Parma polylepis,-31.52,159.07,2010,2,17,20,3,-32_159,21.72306474049886,25.04777717590332,22.036905469780876,25.60339229447501,2004,Lord Howe Island Marine Park,0
Parma polylepis,-31.52,159.07,2010,2,17,25,4,-32_159,21.72306474049886,25.04777717590332,22.036905469780876,25.60339229447501,2004,Lord Howe Island Marine Park,0
Parma polylepis,-31.52,159.07,2010,2,17,15,15,-32_159,21.72306474049886,25.04777717590332,22.036905469780876,25.60339229447501,2004,Lord Howe Island Marine Park,0
Parma polylepis,-31.52,159.07,2010,2,17,20,15,-32_159,21.72306474049886,25.04777717590332,22.036905469780876,25.60339229447501,2004,Lord Howe Island Marine Park,0
Parma polylepis,-31.52,159.07,2010,2,17,25,8,-32_159,21.72306474049886,25.04777717590332,22.036905469780876,25.60339229447501,2004,Lord Howe Island Marine Park,0
Parma polylepis,-31.52,159.07,2010,2,17,30,5,-32_159,21.72306474049886,25.04777717590332,22.036905469780876,25.60339229447501,2004,Lord Howe Island Marine Park,0
Parma polylepis,-31.52,159.07,2010,2,17,20,7,-32_159,21.72306474049886,25.04777717590332,22.036905469780876,25.60339229447501,2004,Lord Howe Island Marine Park,0
Parma polylepis,-31.52,159.07,2010,2,17,25,2,-32_159,21.72306474049886,25.04777717590332,22.036905469780876,25.60339229447501,2004,Lord Howe Island Marine Park,0
Parma polylepis,-31.52,159.07,2010,2,17,15,1,-32_159,21.72306474049886,25.04777717590332,22.036905469780876,25.60339229447501,2004,Lord Howe Island Marine Park,0
Parma polylepis,-31.52,159.07,2010,2,17,20,3,-32_159,21.72306474049886,25.04777717590332,22.036905469780876,25.60339229447501,2004,Lord Howe Island Marine Park,0
Parma polylepis,-31.52,159.07,2010,2,17,25,6,-32_159,21.72306474049886,25.04777717590332,22.036905469780876,25.60339229447501,2004,Lord Howe Island Marine Park,0
Parma polylepis,-31.52,159.07,2010,2,17,10,2,-32_159,21.72306474049886,25.04777717590332,22.036905469780876,25.60339229447501,2004,Lord Howe Island Marine Park,0
Parma polylepis,-31.52,159.07,2010,2,17,12.5,1,-32_159,21.72306474049886,25.04777717590332,22.036905469780876,25.60339229447501,2004,Lord Howe Island Marine Park,0
Parma polylepis,-31.52,159.07,2010,2,17,15,3,-32_159,21.72306474049886,25.04777717590332,22.036905469780876,25.60339229447501,2004,Lord Howe Island Marine Park,0
Parma polylepis,-31.52,159.07,2010,2,17,12.5,3,-32_159,21.72306474049886,25.04777717590332,22.036905469780876,25.60339229447501,2004,Lord Howe Island Marine Park,0
Parma polylepis,-31.52,159.07,2010,2,17,15,9,-32_159,21.72306474049886,25.04777717590332,22.036905469780876,25.60339229447501,2004,Lord Howe Island Marine Park,0
Parma polylepis,-31.52,159.07,2010,2,17,20,4,-32_159,21.72306474049886,25.04777717590332,22.036905469780876,25.60339229447501,2004,Lord Howe Island Marine Park,0
Parma polylepis,-31.52,159.07,2010,2,17,15,4,-32_159,21.72306474049886,25.04777717590332,22.036905469780876,25.60339229447501,2004,Lord Howe Island Marine Park,0
Parma polylepis,-31.52,159.07,2010,2,17,20,8,-32_159,21.72306474049886,25.04777717590332,22.036905469780876,25.60339229447501,2004,Lord Howe Island Marine Park,0
Parma polylepis,-31.51,159.05,2010,2,18,12.5,2,-32_159,21.72306474049886,25.04777717590332,22.036905469780876,25.60339229447501,2004,Lord Howe Island Marine Park,0
Parma polylepis,-31.51,159.05,2010,2,18,15,2,-32_159,21.72306474049886,25.04777717590332,22.036905469780876,25.60339229447501,2004,Lord Howe Island Marine Park,0
Parma polylepis,-31.51,159.05,2010,2,18,20,3,-32_159,21.72306474049886,25.04777717590332,22.036905469780876,25.60339229447501,2004,Lord Howe Island Marine Park,0
Parma polylepis,-31.51,159.05,2010,2,18,15,3,-32_159,21.72306474049886,25.04777717590332,22.036905469780876,25.60339229447501,2004,Lord Howe Island Marine Park,0
Parma polylepis,-31.51,159.05,2010,2,18,20,8,-32_159,21.72306474049886,25.04777717590332,22.036905469780876,25.60339229447501,2004,Lord Howe Island Marine Park,0
Parma polylepis,-31.51,159.05,2010,2,18,25,15,-32_159,21.72306474049886,25.04777717590332,22.036905469780876,25.60339229447501,2004,Lord Howe Island Marine Park,0
Parma polylepis,-31.51,159.05,2010,2,18,5,1,-32_159,21.72306474049886,25.04777717590332,22.036905469780876,25.60339229447501,2004,Lord Howe Island Marine Park,0
Parma polylepis,-31.51,159.05,2010,2,18,20,5,-32_159,21.72306474049886,25.04777717590332,22.036905469780876,25.60339229447501,2004,Lord Howe Island Marine Park,0
Parma polylepis,-31.51,159.05,2010,2,18,25,3,-32_159,21.72306474049886,25.04777717590332,22.036905469780876,25.60339229447501,2004,Lord Howe Island Marine Park,0
Parma polylepis,-31.51,159.05,2010,2,18,10,4,-32_159,21.72306474049886,25.04777717590332,22.036905469780876,25.60339229447501,2004,Lord Howe Island Marine Park,0
Parma polylepis,-31.51,159.05,2010,2,18,12.5,2,-32_159,21.72306474049886,25.04777717590332,22.036905469780876,25.60339229447501,2004,Lord Howe Island Marine Park,0
Parma polylepis,-31.56,159.07,2010,2,8,12.5,1,-32_159,21.72306474049886,25.04777717590332,22.036905469780876,25.60339229447501,NA,NA,0
Parma polylepis,-31.56,159.07,2009,2,4,7.5,2,-32_159,21.176898956298828,24.173982620239254,21.653498089423376,25.09160658291408,NA,NA,0
Parma polylepis,-31.56,159.07,2009,2,4,10,1,-32_159,21.176898956298828,24.173982620239254,21.653498089423376,25.09160658291408,NA,NA,0
Parma polylepis,-31.56,159.07,2009,2,4,15,1,-32_159,21.176898956298828,24.173982620239254,21.653498089423376,25.09160658291408,NA,NA,0
Parma polylepis,-31.56,159.07,2009,2,4,20,2,-32_159,21.176898956298828,24.173982620239254,21.653498089423376,25.09160658291408,NA,NA,0
Parma polylepis,-31.55,159.07,2009,2,6,10,2,-32_159,21.176898956298828,24.173982620239254,21.653498089423376,25.09160658291408,NA,NA,0
Parma polylepis,-31.55,159.07,2009,2,6,12.5,2,-32_159,21.176898956298828,24.173982620239254,21.653498089423376,25.09160658291408,NA,NA,0
Parma polylepis,-31.55,159.07,2009,2,6,15,1,-32_159,21.176898956298828,24.173982620239254,21.653498089423376,25.09160658291408,NA,NA,0
Parma polylepis,-31.55,159.07,2009,2,6,20,3,-32_159,21.176898956298828,24.173982620239254,21.653498089423376,25.09160658291408,NA,NA,0
Parma polylepis,-31.55,159.07,2009,2,6,10,1,-32_159,21.176898956298828,24.173982620239254,21.653498089423376,25.09160658291408,NA,NA,0
Parma polylepis,-31.55,159.07,2009,2,6,25,1,-32_159,21.176898956298828,24.173982620239254,21.653498089423376,25.09160658291408,NA,NA,0
Parma polylepis,-31.52,159.04,2009,2,1,12.5,4,-32_159,21.176898956298828,24.173982620239254,21.653498089423376,25.09160658291408,NA,NA,0
Parma polylepis,-31.52,159.04,2009,2,1,10,1,-32_159,21.176898956298828,24.173982620239254,21.653498089423376,25.09160658291408,NA,NA,0
Parma polylepis,-31.52,159.04,2009,2,1,12.5,1,-32_159,21.176898956298828,24.173982620239254,21.653498089423376,25.09160658291408,NA,NA,0
Parma polylepis,-31.52,159.04,2009,2,1,12.5,2,-32_159,21.176898956298828,24.173982620239254,21.653498089423376,25.09160658291408,NA,NA,0
Parma polylepis,-31.52,159.04,2009,2,1,15,2,-32_159,21.176898956298828,24.173982620239254,21.653498089423376,25.09160658291408,NA,NA,0
Parma polylepis,-31.52,159.04,2009,2,1,20,1,-32_159,21.176898956298828,24.173982620239254,21.653498089423376,25.09160658291408,NA,NA,0
Parma polylepis,-31.52,159.04,2010,2,13,10,2,-32_159,21.72306474049886,25.04777717590332,22.036905469780876,25.60339229447501,NA,NA,0
Parma polylepis,-31.52,159.04,2010,2,13,12.5,3,-32_159,21.72306474049886,25.04777717590332,22.036905469780876,25.60339229447501,NA,NA,0
Parma polylepis,-31.5,159.06,2010,2,10,12.5,1,-32_159,21.72306474049886,25.04777717590332,22.036905469780876,25.60339229447501,2004,Lord Howe Island Marine Park,0
Parma polylepis,-31.55,159.07,2009,2,6,20,2,-32_159,21.176898956298828,24.173982620239254,21.653498089423376,25.09160658291408,NA,NA,0
Parma polylepis,-31.55,159.06,2010,2,19,15,1,-32_159,21.72306474049886,25.04777717590332,22.036905469780876,25.60339229447501,2004,Lord Howe Island Marine Park,0
Parma polylepis,-31.55,159.06,2010,2,19,20,2,-32_159,21.72306474049886,25.04777717590332,22.036905469780876,25.60339229447501,2004,Lord Howe Island Marine Park,0
Parma polylepis,-31.55,159.06,2010,2,19,25,1,-32_159,21.72306474049886,25.04777717590332,22.036905469780876,25.60339229447501,2004,Lord Howe Island Marine Park,0
Parma polylepis,-31.55,159.06,2010,2,19,25,17,-32_159,21.72306474049886,25.04777717590332,22.036905469780876,25.60339229447501,2004,Lord Howe Island Marine Park,0
Parma polylepis,-31.55,159.06,2010,2,19,25,12,-32_159,21.72306474049886,25.04777717590332,22.036905469780876,25.60339229447501,2004,Lord Howe Island Marine Park,0
Parma polylepis,-31.51,159.05,2010,2,18,15,1,-32_159,21.72306474049886,25.04777717590332,22.036905469780876,25.60339229447501,2004,Lord Howe Island Marine Park,0
Parma polylepis,-31.54,159.07,2009,2,3,10,1,-32_159,21.176898956298828,24.173982620239254,21.653498089423376,25.09160658291408,2004,Lord Howe Island Marine Park,0
Parma polylepis,-31.54,159.07,2009,2,3,12.5,1,-32_159,21.176898956298828,24.173982620239254,21.653498089423376,25.09160658291408,2004,Lord Howe Island Marine Park,0
Parma polylepis,-31.51,159.05,2010,2,18,20,6,-32_159,21.72306474049886,25.04777717590332,22.036905469780876,25.60339229447501,2004,Lord Howe Island Marine Park,0
Parma polylepis,-31.54,159.07,2009,2,3,7.5,1,-32_159,21.176898956298828,24.173982620239254,21.653498089423376,25.09160658291408,2004,Lord Howe Island Marine Park,0
Parma polylepis,-31.54,159.07,2009,2,3,10,2,-32_159,21.176898956298828,24.173982620239254,21.653498089423376,25.09160658291408,2004,Lord Howe Island Marine Park,0
Parma polylepis,-31.54,159.07,2009,2,3,20,1,-32_159,21.176898956298828,24.173982620239254,21.653498089423376,25.09160658291408,2004,Lord Howe Island Marine Park,0
Parma polylepis,-31.54,159.07,2009,2,3,15,1,-32_159,21.176898956298828,24.173982620239254,21.653498089423376,25.09160658291408,2004,Lord Howe Island Marine Park,0
Parma polylepis,-31.54,159.07,2010,2,7,15,1,-32_159,21.72306474049886,25.04777717590332,22.036905469780876,25.60339229447501,2004,Lord Howe Island Marine Park,0
Parma polylepis,-31.51,159.05,2010,2,18,12.5,2,-32_159,21.72306474049886,25.04777717590332,22.036905469780876,25.60339229447501,2004,Lord Howe Island Marine Park,0
Parma polylepis,-31.51,159.05,2010,2,18,15,3,-32_159,21.72306474049886,25.04777717590332,22.036905469780876,25.60339229447501,2004,Lord Howe Island Marine Park,0
Parma polylepis,-31.51,159.05,2010,2,18,15,1,-32_159,21.72306474049886,25.04777717590332,22.036905469780876,25.60339229447501,2004,Lord Howe Island Marine Park,0
Parma polylepis,-31.51,159.05,2010,2,18,20,1,-32_159,21.72306474049886,25.04777717590332,22.036905469780876,25.60339229447501,2004,Lord Howe Island Marine Park,0
Parma polylepis,-31.54,159.07,2009,2,3,20,1,-32_159,21.176898956298828,24.173982620239254,21.653498089423376,25.09160658291408,2004,Lord Howe Island Marine Park,0
Parma polylepis,-31.55,159.06,2010,2,19,15,2,-32_159,21.72306474049886,25.04777717590332,22.036905469780876,25.60339229447501,2004,Lord Howe Island Marine Park,0
Parma polylepis,-31.55,159.06,2010,2,19,20,6,-32_159,21.72306474049886,25.04777717590332,22.036905469780876,25.60339229447501,2004,Lord Howe Island Marine Park,0
Parma polylepis,-31.54,159.07,2009,2,3,15,1,-32_159,21.176898956298828,24.173982620239254,21.653498089423376,25.09160658291408,2004,Lord Howe Island Marine Park,0
Parma polylepis,-31.54,159.07,2009,2,3,25,1,-32_159,21.176898956298828,24.173982620239254,21.653498089423376,25.09160658291408,2004,Lord Howe Island Marine Park,0
Parma polylepis,-31.55,159.06,2010,2,19,20,5,-32_159,21.72306474049886,25.04777717590332,22.036905469780876,25.60339229447501,2004,Lord Howe Island Marine Park,0
Parma polylepis,-31.55,159.06,2010,2,19,25,3,-32_159,21.72306474049886,25.04777717590332,22.036905469780876,25.60339229447501,2004,Lord Howe Island Marine Park,0
Parma polylepis,-31.55,159.07,2009,2,6,15,1,-32_159,21.176898956298828,24.173982620239254,21.653498089423376,25.09160658291408,NA,NA,0
Parma polylepis,-31.55,159.07,2009,2,6,12.5,2,-32_159,21.176898956298828,24.173982620239254,21.653498089423376,25.09160658291408,NA,NA,0
Parma polylepis,-31.55,159.07,2009,2,6,15,2,-32_159,21.176898956298828,24.173982620239254,21.653498089423376,25.09160658291408,NA,NA,0
Parma polylepis,-31.55,159.07,2009,2,6,20,1,-32_159,21.176898956298828,24.173982620239254,21.653498089423376,25.09160658291408,NA,NA,0
Parma polylepis,-31.55,159.07,2009,2,6,12.5,1,-32_159,21.176898956298828,24.173982620239254,21.653498089423376,25.09160658291408,NA,NA,0
Parma polylepis,-31.55,159.07,2009,2,6,15,4,-32_159,21.176898956298828,24.173982620239254,21.653498089423376,25.09160658291408,NA,NA,0
Parma polylepis,-31.55,159.07,2009,2,6,30,2,-32_159,21.176898956298828,24.173982620239254,21.653498089423376,25.09160658291408,NA,NA,0
Parma polylepis,-31.55,159.07,2010,2,9,15,2,-32_159,21.72306474049886,25.04777717590332,22.036905469780876,25.60339229447501,NA,NA,0
Parma polylepis,-31.55,159.07,2010,2,9,20,14,-32_159,21.72306474049886,25.04777717590332,22.036905469780876,25.60339229447501,NA,NA,0
Parma polylepis,-31.55,159.07,2010,2,9,20,1,-32_159,21.72306474049886,25.04777717590332,22.036905469780876,25.60339229447501,NA,NA,0
Parma polylepis,-31.55,159.07,2010,2,9,25,1,-32_159,21.72306474049886,25.04777717590332,22.036905469780876,25.60339229447501,NA,NA,0
Parma polylepis,-31.55,159.07,2010,2,9,12.5,1,-32_159,21.72306474049886,25.04777717590332,22.036905469780876,25.60339229447501,NA,NA,0
Parma polylepis,-31.55,159.07,2010,2,9,15,3,-32_159,21.72306474049886,25.04777717590332,22.036905469780876,25.60339229447501,NA,NA,0
Parma polylepis,-31.55,159.07,2010,2,9,20,3,-32_159,21.72306474049886,25.04777717590332,22.036905469780876,25.60339229447501,NA,NA,0
Parma polylepis,-31.55,159.07,2010,2,9,15,1,-32_159,21.72306474049886,25.04777717590332,22.036905469780876,25.60339229447501,NA,NA,0
Parma polylepis,-31.5,159.06,2009,2,1,25,5,-32_159,21.176898956298828,24.173982620239254,21.653498089423376,25.09160658291408,2004,Lord Howe Island Marine Park,0
Parma polylepis,-31.5,159.06,2009,2,1,25,6,-32_159,21.176898956298828,24.173982620239254,21.653498089423376,25.09160658291408,2004,Lord Howe Island Marine Park,0
Parma polylepis,-31.5,159.06,2009,2,1,15,3,-32_159,21.176898956298828,24.173982620239254,21.653498089423376,25.09160658291408,2004,Lord Howe Island Marine Park,0
Parma polylepis,-31.5,159.06,2009,2,1,20,3,-32_159,21.176898956298828,24.173982620239254,21.653498089423376,25.09160658291408,2004,Lord Howe Island Marine Park,0
Parma polylepis,-31.54,159.07,2009,2,3,20,1,-32_159,21.176898956298828,24.173982620239254,21.653498089423376,25.09160658291408,2004,Lord Howe Island Marine Park,0
Parma polylepis,-31.55,159.07,2009,2,6,7.5,1,-32_159,21.176898956298828,24.173982620239254,21.653498089423376,25.09160658291408,NA,NA,0
Parma polylepis,-31.55,159.07,2009,2,6,20,2,-32_159,21.176898956298828,24.173982620239254,21.653498089423376,25.09160658291408,NA,NA,0
Parma polylepis,-31.55,159.07,2009,2,6,25,2,-32_159,21.176898956298828,24.173982620239254,21.653498089423376,25.09160658291408,NA,NA,0
Parma polylepis,-31.55,159.07,2010,2,9,7.5,1,-32_159,21.72306474049886,25.04777717590332,22.036905469780876,25.60339229447501,NA,NA,0
Parma polylepis,-31.55,159.07,2010,2,9,10,2,-32_159,21.72306474049886,25.04777717590332,22.036905469780876,25.60339229447501,NA,NA,0
Parma polylepis,-31.55,159.07,2010,2,9,12.5,4,-32_159,21.72306474049886,25.04777717590332,22.036905469780876,25.60339229447501,NA,NA,0
Parma polylepis,-31.55,159.07,2010,2,9,15,3,-32_159,21.72306474049886,25.04777717590332,22.036905469780876,25.60339229447501,NA,NA,0
Parma polylepis,-31.55,159.07,2010,2,9,15,7,-32_159,21.72306474049886,25.04777717590332,22.036905469780876,25.60339229447501,NA,NA,0
Parma polylepis,-31.55,159.07,2010,2,9,15,2,-32_159,21.72306474049886,25.04777717590332,22.036905469780876,25.60339229447501,NA,NA,0
Parma polylepis,-31.55,159.07,2010,2,9,25,2,-32_159,21.72306474049886,25.04777717590332,22.036905469780876,25.60339229447501,NA,NA,0
Parma polylepis,-31.55,159.07,2010,2,9,15,1,-32_159,21.72306474049886,25.04777717590332,22.036905469780876,25.60339229447501,NA,NA,0
Parma polylepis,-31.5,159.06,2009,2,1,12.5,1,-32_159,21.176898956298828,24.173982620239254,21.653498089423376,25.09160658291408,2004,Lord Howe Island Marine Park,0
Parma polylepis,-31.5,159.06,2009,2,1,15,2,-32_159,21.176898956298828,24.173982620239254,21.653498089423376,25.09160658291408,2004,Lord Howe Island Marine Park,0
Parma polylepis,-31.5,159.06,2009,2,1,20,2,-32_159,21.176898956298828,24.173982620239254,21.653498089423376,25.09160658291408,2004,Lord Howe Island Marine Park,0
Parma polylepis,-31.5,159.06,2009,2,1,15,3,-32_159,21.176898956298828,24.173982620239254,21.653498089423376,25.09160658291408,2004,Lord Howe Island Marine Park,0
Parma polylepis,-31.5,159.06,2010,2,10,12.5,1,-32_159,21.72306474049886,25.04777717590332,22.036905469780876,25.60339229447501,2004,Lord Howe Island Marine Park,0
Parma polylepis,-31.5,159.06,2010,2,10,15,3,-32_159,21.72306474049886,25.04777717590332,22.036905469780876,25.60339229447501,2004,Lord Howe Island Marine Park,0
Parma polylepis,-31.5,159.06,2010,2,10,12.5,2,-32_159,21.72306474049886,25.04777717590332,22.036905469780876,25.60339229447501,2004,Lord Howe Island Marine Park,0
Parma polylepis,-31.5,159.06,2010,2,10,15,4,-32_159,21.72306474049886,25.04777717590332,22.036905469780876,25.60339229447501,2004,Lord Howe Island Marine Park,0
Parma polylepis,-31.5,159.06,2010,2,10,20,3,-32_159,21.72306474049886,25.04777717590332,22.036905469780876,25.60339229447501,2004,Lord Howe Island Marine Park,0
Parma polylepis,-31.5,159.06,2010,2,10,20,2,-32_159,21.72306474049886,25.04777717590332,22.036905469780876,25.60339229447501,2004,Lord Howe Island Marine Park,0
Parma polylepis,-31.5,159.06,2012,2,20,20,2,-32_159,20.916617552439373,23.9117488861084,20.987408518711636,24.314826998217352,2004,Lord Howe Island Marine Park,0
Parma polylepis,-31.5,159.06,2012,2,20,20,2,-32_159,20.916617552439373,23.9117488861084,20.987408518711636,24.314826998217352,2004,Lord Howe Island Marine Park,0
Parma polylepis,-31.5,159.06,2012,2,20,25,6,-32_159,20.916617552439373,23.9117488861084,20.987408518711636,24.314826998217352,2004,Lord Howe Island Marine Park,0
Parma polylepis,-31.5,159.06,2012,2,20,12.5,1,-32_159,20.916617552439373,23.9117488861084,20.987408518711636,24.314826998217352,2004,Lord Howe Island Marine Park,0
Parma polylepis,-31.5,159.06,2012,2,20,15,2,-32_159,20.916617552439373,23.9117488861084,20.987408518711636,24.314826998217352,2004,Lord Howe Island Marine Park,0
Parma polylepis,-31.5,159.06,2012,2,20,20,3,-32_159,20.916617552439373,23.9117488861084,20.987408518711636,24.314826998217352,2004,Lord Howe Island Marine Park,0
Parma polylepis,-31.52,159.05,2012,2,21,25,1,-32_159,20.916617552439373,23.9117488861084,20.987408518711636,24.314826998217352,2004,Lord Howe Island Marine Park,0
Parma polylepis,-31.52,159.05,2012,2,21,25,2,-32_159,20.916617552439373,23.9117488861084,20.987408518711636,24.314826998217352,2004,Lord Howe Island Marine Park,0
Parma polylepis,-31.57,159.1,2012,2,20,25,1,-32_159,20.916617552439373,23.9117488861084,20.987408518711636,24.314826998217352,2004,Lord Howe Island Marine Park,0
Parma polylepis,-31.57,159.1,2012,2,20,5,2,-32_159,20.916617552439373,23.9117488861084,20.987408518711636,24.314826998217352,2004,Lord Howe Island Marine Park,0
Parma polylepis,-31.57,159.1,2012,2,20,15,2,-32_159,20.916617552439373,23.9117488861084,20.987408518711636,24.314826998217352,2004,Lord Howe Island Marine Park,0
Parma polylepis,-31.57,159.1,2012,2,20,20,1,-32_159,20.916617552439373,23.9117488861084,20.987408518711636,24.314826998217352,2004,Lord Howe Island Marine Park,0
Parma polylepis,-31.57,159.1,2012,2,20,5,1,-32_159,20.916617552439373,23.9117488861084,20.987408518711636,24.314826998217352,2004,Lord Howe Island Marine Park,0
Parma polylepis,-31.57,159.1,2012,2,20,15,6,-32_159,20.916617552439373,23.9117488861084,20.987408518711636,24.314826998217352,2004,Lord Howe Island Marine Park,0
Parma polylepis,-31.57,159.1,2012,2,20,20,2,-32_159,20.916617552439373,23.9117488861084,20.987408518711636,24.314826998217352,2004,Lord Howe Island Marine Park,0
Parma polylepis,-31.5,159.07,2012,2,20,7.5,1,-32_159,20.916617552439373,23.9117488861084,20.987408518711636,24.314826998217352,2004,Lord Howe Island Marine Park,0
Parma polylepis,-31.5,159.07,2012,2,20,20,3,-32_159,20.916617552439373,23.9117488861084,20.987408518711636,24.314826998217352,2004,Lord Howe Island Marine Park,0
Parma polylepis,-31.5,159.07,2012,2,20,25,1,-32_159,20.916617552439373,23.9117488861084,20.987408518711636,24.314826998217352,2004,Lord Howe Island Marine Park,0
Parma polylepis,-31.5,159.07,2012,2,20,15,2,-32_159,20.916617552439373,23.9117488861084,20.987408518711636,24.314826998217352,2004,Lord Howe Island Marine Park,0
Parma polylepis,-31.5,159.07,2012,2,20,20,2,-32_159,20.916617552439373,23.9117488861084,20.987408518711636,24.314826998217352,2004,Lord Howe Island Marine Park,0
Parma polylepis,-31.5,159.07,2012,2,20,15,1,-32_159,20.916617552439373,23.9117488861084,20.987408518711636,24.314826998217352,2004,Lord Howe Island Marine Park,0
Parma polylepis,-31.5,159.07,2012,2,20,20,2,-32_159,20.916617552439373,23.9117488861084,20.987408518711636,24.314826998217352,2004,Lord Howe Island Marine Park,0
Parma polylepis,-31.5,159.07,2012,2,20,20,1,-32_159,20.916617552439373,23.9117488861084,20.987408518711636,24.314826998217352,2004,Lord Howe Island Marine Park,0
Parma polylepis,-31.53,159.06,2012,2,22,15,1,-32_159,20.916617552439373,23.9117488861084,20.987408518711636,24.314826998217352,NA,NA,0
Parma polylepis,-31.53,159.06,2012,2,22,20,1,-32_159,20.916617552439373,23.9117488861084,20.987408518711636,24.314826998217352,NA,NA,0
Parma polylepis,-31.53,159.06,2012,2,22,12.5,1,-32_159,20.916617552439373,23.9117488861084,20.987408518711636,24.314826998217352,NA,NA,0
Parma polylepis,-31.53,159.06,2012,2,22,12.5,1,-32_159,20.916617552439373,23.9117488861084,20.987408518711636,24.314826998217352,NA,NA,0
Parma polylepis,-31.53,159.06,2012,2,22,20,2,-32_159,20.916617552439373,23.9117488861084,20.987408518711636,24.314826998217352,NA,NA,0
Parma polylepis,-31.53,159.06,2012,2,22,20,1,-32_159,20.916617552439373,23.9117488861084,20.987408518711636,24.314826998217352,NA,NA,0
Parma polylepis,-31.51,159.07,2012,2,22,15,2,-32_159,20.916617552439373,23.9117488861084,20.987408518711636,24.314826998217352,2004,Lord Howe Island Marine Park,0
Parma polylepis,-31.51,159.07,2012,2,22,20,1,-32_159,20.916617552439373,23.9117488861084,20.987408518711636,24.314826998217352,2004,Lord Howe Island Marine Park,0
Parma polylepis,-31.51,159.07,2012,2,22,15,1,-32_159,20.916617552439373,23.9117488861084,20.987408518711636,24.314826998217352,2004,Lord Howe Island Marine Park,0
Parma polylepis,-31.51,159.07,2012,2,22,10,3,-32_159,20.916617552439373,23.9117488861084,20.987408518711636,24.314826998217352,2004,Lord Howe Island Marine Park,0
Parma polylepis,-31.51,159.07,2012,2,22,12.5,3,-32_159,20.916617552439373,23.9117488861084,20.987408518711636,24.314826998217352,2004,Lord Howe Island Marine Park,0
Parma polylepis,-31.51,159.07,2012,2,22,15,1,-32_159,20.916617552439373,23.9117488861084,20.987408518711636,24.314826998217352,2004,Lord Howe Island Marine Park,0
Parma polylepis,-31.52,159.05,2012,2,21,10,2,-32_159,20.916617552439373,23.9117488861084,20.987408518711636,24.314826998217352,2004,Lord Howe Island Marine Park,0
Parma polylepis,-31.53,159.05,2012,2,21,25,2,-32_159,20.916617552439373,23.9117488861084,20.987408518711636,24.314826998217352,NA,NA,0
Parma polylepis,-31.54,159.11,2012,2,23,25,2,-32_159,20.916617552439373,23.9117488861084,20.987408518711636,24.314826998217352,NA,NA,0
Parma polylepis,-31.54,159.11,2012,2,23,5,25,-32_159,20.916617552439373,23.9117488861084,20.987408518711636,24.314826998217352,NA,NA,0
Parma polylepis,-31.54,159.11,2012,2,23,7.5,6,-32_159,20.916617552439373,23.9117488861084,20.987408518711636,24.314826998217352,NA,NA,0
Parma polylepis,-31.54,159.11,2012,2,23,15,1,-32_159,20.916617552439373,23.9117488861084,20.987408518711636,24.314826998217352,NA,NA,0
Parma polylepis,-31.54,159.11,2012,2,23,20,2,-32_159,20.916617552439373,23.9117488861084,20.987408518711636,24.314826998217352,NA,NA,0
Parma polylepis,-31.54,159.11,2012,2,23,2.5,5,-32_159,20.916617552439373,23.9117488861084,20.987408518711636,24.314826998217352,NA,NA,0
Parma polylepis,-31.54,159.11,2012,2,23,5,3,-32_159,20.916617552439373,23.9117488861084,20.987408518711636,24.314826998217352,NA,NA,0
Parma polylepis,-31.54,159.11,2012,2,23,12.5,1,-32_159,20.916617552439373,23.9117488861084,20.987408518711636,24.314826998217352,NA,NA,0
Parma polylepis,-31.54,159.11,2012,2,23,15,2,-32_159,20.916617552439373,23.9117488861084,20.987408518711636,24.314826998217352,NA,NA,0
Parma polylepis,-31.54,159.11,2012,2,23,20,6,-32_159,20.916617552439373,23.9117488861084,20.987408518711636,24.314826998217352,NA,NA,0
Parma polylepis,-31.52,159.04,2012,2,24,25,5,-32_159,20.916617552439373,23.9117488861084,20.987408518711636,24.314826998217352,NA,NA,0
Parma polylepis,-31.52,159.04,2012,2,24,30,1,-32_159,20.916617552439373,23.9117488861084,20.987408518711636,24.314826998217352,NA,NA,0
Parma polylepis,-31.52,159.04,2012,2,24,15,2,-32_159,20.916617552439373,23.9117488861084,20.987408518711636,24.314826998217352,NA,NA,0
Parma polylepis,-31.52,159.04,2012,2,24,20,2,-32_159,20.916617552439373,23.9117488861084,20.987408518711636,24.314826998217352,NA,NA,0
Parma polylepis,-31.51,159.07,2012,2,22,10,2,-32_159,20.916617552439373,23.9117488861084,20.987408518711636,24.314826998217352,2004,Lord Howe Island Marine Park,0
Parma polylepis,-31.52,159.08,2012,2,22,12.5,1,-32_159,20.916617552439373,23.9117488861084,20.987408518711636,24.314826998217352,NA,NA,0
Parma polylepis,-31.52,159.08,2012,2,22,15,1,-32_159,20.916617552439373,23.9117488861084,20.987408518711636,24.314826998217352,NA,NA,0
Parma polylepis,-31.52,159.08,2012,2,22,20,5,-32_159,20.916617552439373,23.9117488861084,20.987408518711636,24.314826998217352,NA,NA,0
Parma polylepis,-31.52,159.08,2012,2,22,10,3,-32_159,20.916617552439373,23.9117488861084,20.987408518711636,24.314826998217352,NA,NA,0
Parma polylepis,-31.52,159.08,2012,2,22,15,1,-32_159,20.916617552439373,23.9117488861084,20.987408518711636,24.314826998217352,NA,NA,0
Parma polylepis,-31.52,159.08,2012,2,22,20,2,-32_159,20.916617552439373,23.9117488861084,20.987408518711636,24.314826998217352,NA,NA,0
Parma polylepis,-31.52,159.08,2012,2,22,20,4,-32_159,20.916617552439373,23.9117488861084,20.987408518711636,24.314826998217352,NA,NA,0
Parma polylepis,-31.52,159.07,2012,2,22,25,5,-32_159,20.916617552439373,23.9117488861084,20.987408518711636,24.314826998217352,2004,Lord Howe Island Marine Park,0
Parma polylepis,-31.52,159.07,2012,2,22,25,2,-32_159,20.916617552439373,23.9117488861084,20.987408518711636,24.314826998217352,2004,Lord Howe Island Marine Park,0
Parma polylepis,-31.52,159.07,2012,2,22,25,16,-32_159,20.916617552439373,23.9117488861084,20.987408518711636,24.314826998217352,2004,Lord Howe Island Marine Park,0
Parma polylepis,-31.52,159.07,2012,2,22,25,24,-32_159,20.916617552439373,23.9117488861084,20.987408518711636,24.314826998217352,2004,Lord Howe Island Marine Park,0
Parma polylepis,-31.5,159.07,2012,2,23,12.5,5,-32_159,20.916617552439373,23.9117488861084,20.987408518711636,24.314826998217352,2004,Lord Howe Island Marine Park,0
Parma polylepis,-31.5,159.07,2012,2,23,15,2,-32_159,20.916617552439373,23.9117488861084,20.987408518711636,24.314826998217352,2004,Lord Howe Island Marine Park,0
Parma polylepis,-31.5,159.07,2012,2,23,5,1,-32_159,20.916617552439373,23.9117488861084,20.987408518711636,24.314826998217352,2004,Lord Howe Island Marine Park,0
Parma polylepis,-31.5,159.07,2012,2,23,12.5,3,-32_159,20.916617552439373,23.9117488861084,20.987408518711636,24.314826998217352,2004,Lord Howe Island Marine Park,0
Parma polylepis,-31.5,159.07,2012,2,23,25,6,-32_159,20.916617552439373,23.9117488861084,20.987408518711636,24.314826998217352,2004,Lord Howe Island Marine Park,0
Parma polylepis,-31.5,159.07,2012,2,23,15,3,-32_159,20.916617552439373,23.9117488861084,20.987408518711636,24.314826998217352,2004,Lord Howe Island Marine Park,0
Parma polylepis,-31.5,159.07,2012,2,23,7.5,1,-32_159,20.916617552439373,23.9117488861084,20.987408518711636,24.314826998217352,2004,Lord Howe Island Marine Park,0
Parma polylepis,-31.5,159.07,2012,2,23,20,1,-32_159,20.916617552439373,23.9117488861084,20.987408518711636,24.314826998217352,2004,Lord Howe Island Marine Park,0
Parma polylepis,-31.5,159.07,2012,2,23,5,2,-32_159,20.916617552439373,23.9117488861084,20.987408518711636,24.314826998217352,2004,Lord Howe Island Marine Park,0
Parma polylepis,-31.5,159.07,2012,2,23,7.5,7,-32_159,20.916617552439373,23.9117488861084,20.987408518711636,24.314826998217352,2004,Lord Howe Island Marine Park,0
Parma polylepis,-31.5,159.07,2012,2,23,25,1,-32_159,20.916617552439373,23.9117488861084,20.987408518711636,24.314826998217352,2004,Lord Howe Island Marine Park,0
Parma polylepis,-31.5,159.07,2012,2,23,30,1,-32_159,20.916617552439373,23.9117488861084,20.987408518711636,24.314826998217352,2004,Lord Howe Island Marine Park,0
Parma polylepis,-31.5,159.07,2012,2,23,15,1,-32_159,20.916617552439373,23.9117488861084,20.987408518711636,24.314826998217352,2004,Lord Howe Island Marine Park,0
Parma polylepis,-31.5,159.07,2012,2,23,20,3,-32_159,20.916617552439373,23.9117488861084,20.987408518711636,24.314826998217352,2004,Lord Howe Island Marine Park,0
Parma polylepis,-31.5,159.07,2012,2,23,20,2,-32_159,20.916617552439373,23.9117488861084,20.987408518711636,24.314826998217352,2004,Lord Howe Island Marine Park,0
Parma polylepis,-31.56,159.1,2012,2,23,5,1,-32_159,20.916617552439373,23.9117488861084,20.987408518711636,24.314826998217352,NA,NA,0
Parma polylepis,-31.56,159.1,2012,2,23,10,2,-32_159,20.916617552439373,23.9117488861084,20.987408518711636,24.314826998217352,NA,NA,0
Parma polylepis,-31.56,159.1,2012,2,23,15,5,-32_159,20.916617552439373,23.9117488861084,20.987408518711636,24.314826998217352,NA,NA,0
Parma polylepis,-31.56,159.1,2012,2,23,12.5,2,-32_159,20.916617552439373,23.9117488861084,20.987408518711636,24.314826998217352,NA,NA,0
Parma polylepis,-31.56,159.1,2012,2,23,15,3,-32_159,20.916617552439373,23.9117488861084,20.987408518711636,24.314826998217352,NA,NA,0
Parma polylepis,-31.51,159.06,2012,2,23,12.5,2,-32_159,20.916617552439373,23.9117488861084,20.987408518711636,24.314826998217352,2004,Lord Howe Island Marine Park,0
Parma polylepis,-31.51,159.06,2012,2,23,15,1,-32_159,20.916617552439373,23.9117488861084,20.987408518711636,24.314826998217352,2004,Lord Howe Island Marine Park,0
Parma polylepis,-31.51,159.06,2012,2,23,7.5,3,-32_159,20.916617552439373,23.9117488861084,20.987408518711636,24.314826998217352,2004,Lord Howe Island Marine Park,0
Parma polylepis,-31.51,159.06,2012,2,23,10,3,-32_159,20.916617552439373,23.9117488861084,20.987408518711636,24.314826998217352,2004,Lord Howe Island Marine Park,0
Parma polylepis,-31.51,159.06,2012,2,23,12.5,1,-32_159,20.916617552439373,23.9117488861084,20.987408518711636,24.314826998217352,2004,Lord Howe Island Marine Park,0
Parma polylepis,-31.51,159.06,2012,2,23,25,6,-32_159,20.916617552439373,23.9117488861084,20.987408518711636,24.314826998217352,2004,Lord Howe Island Marine Park,0
Parma polylepis,-31.51,159.06,2012,2,23,15,2,-32_159,20.916617552439373,23.9117488861084,20.987408518711636,24.314826998217352,2004,Lord Howe Island Marine Park,0
Parma polylepis,-31.51,159.06,2012,2,23,20,3,-32_159,20.916617552439373,23.9117488861084,20.987408518711636,24.314826998217352,2004,Lord Howe Island Marine Park,0
Parma polylepis,-31.52,159.04,2012,2,24,20,2,-32_159,20.916617552439373,23.9117488861084,20.987408518711636,24.314826998217352,NA,NA,0
Parma polylepis,-31.52,159.04,2012,2,24,25,2,-32_159,20.916617552439373,23.9117488861084,20.987408518711636,24.314826998217352,NA,NA,0
Parma polylepis,-31.52,159.04,2012,2,24,30,1,-32_159,20.916617552439373,23.9117488861084,20.987408518711636,24.314826998217352,NA,NA,0
Parma polylepis,-31.52,159.04,2012,2,24,12.5,1,-32_159,20.916617552439373,23.9117488861084,20.987408518711636,24.314826998217352,NA,NA,0
Parma polylepis,-31.5,159.07,2012,2,24,5,2,-32_159,20.916617552439373,23.9117488861084,20.987408518711636,24.314826998217352,NA,NA,0
Parma polylepis,-31.5,159.07,2012,2,24,25,2,-32_159,20.916617552439373,23.9117488861084,20.987408518711636,24.314826998217352,NA,NA,0
Parma polylepis,-31.5,159.07,2012,2,24,5,1,-32_159,20.916617552439373,23.9117488861084,20.987408518711636,24.314826998217352,NA,NA,0
Parma polylepis,-31.5,159.07,2012,2,24,15,1,-32_159,20.916617552439373,23.9117488861084,20.987408518711636,24.314826998217352,NA,NA,0
Parma polylepis,-31.5,159.07,2012,2,24,25,1,-32_159,20.916617552439373,23.9117488861084,20.987408518711636,24.314826998217352,NA,NA,0
Parma polylepis,-31.5,159.07,2012,2,24,15,2,-32_159,20.916617552439373,23.9117488861084,20.987408518711636,24.314826998217352,NA,NA,0
Parma polylepis,-31.53,159.05,2012,2,21,12.5,3,-32_159,20.916617552439373,23.9117488861084,20.987408518711636,24.314826998217352,NA,NA,0
Parma polylepis,-31.53,159.05,2012,2,21,20,8,-32_159,20.916617552439373,23.9117488861084,20.987408518711636,24.314826998217352,NA,NA,0
Parma polylepis,-31.53,159.05,2012,2,21,20,5,-32_159,20.916617552439373,23.9117488861084,20.987408518711636,24.314826998217352,NA,NA,0
Parma polylepis,-31.51,159.06,2012,2,23,15,1,-32_159,20.916617552439373,23.9117488861084,20.987408518711636,24.314826998217352,2004,Lord Howe Island Marine Park,0
Parma polylepis,-31.51,159.06,2012,2,23,20,3,-32_159,20.916617552439373,23.9117488861084,20.987408518711636,24.314826998217352,2004,Lord Howe Island Marine Park,0
Parma polylepis,-31.51,159.06,2012,2,23,25,1,-32_159,20.916617552439373,23.9117488861084,20.987408518711636,24.314826998217352,2004,Lord Howe Island Marine Park,0
Parma polylepis,-31.51,159.06,2012,2,23,25,1,-32_159,20.916617552439373,23.9117488861084,20.987408518711636,24.314826998217352,2004,Lord Howe Island Marine Park,0
Parma polylepis,-31.51,159.06,2012,2,23,30,1,-32_159,20.916617552439373,23.9117488861084,20.987408518711636,24.314826998217352,2004,Lord Howe Island Marine Park,0
Parma polylepis,-31.51,159.06,2012,2,23,20,1,-32_159,20.916617552439373,23.9117488861084,20.987408518711636,24.314826998217352,2004,Lord Howe Island Marine Park,0
Parma polylepis,-31.51,159.06,2012,2,23,35,1,-32_159,20.916617552439373,23.9117488861084,20.987408518711636,24.314826998217352,2004,Lord Howe Island Marine Park,0
Parma polylepis,-31.54,159.11,2012,2,23,5,3,-32_159,20.916617552439373,23.9117488861084,20.987408518711636,24.314826998217352,NA,NA,0
Parma polylepis,-31.53,159.05,2012,2,25,20,1,-32_159,20.916617552439373,23.9117488861084,20.987408518711636,24.314826998217352,NA,NA,0
Parma polylepis,-31.53,159.05,2012,2,25,25,2,-32_159,20.916617552439373,23.9117488861084,20.987408518711636,24.314826998217352,NA,NA,0
Parma polylepis,-31.53,159.05,2012,2,25,25,3,-32_159,20.916617552439373,23.9117488861084,20.987408518711636,24.314826998217352,NA,NA,0
Parma polylepis,-31.53,159.05,2012,2,25,12.5,3,-32_159,20.916617552439373,23.9117488861084,20.987408518711636,24.314826998217352,NA,NA,0
Parma polylepis,-31.53,159.05,2012,2,25,20,2,-32_159,20.916617552439373,23.9117488861084,20.987408518711636,24.314826998217352,NA,NA,0
Parma polylepis,-31.53,159.05,2012,2,25,25,2,-32_159,20.916617552439373,23.9117488861084,20.987408518711636,24.314826998217352,NA,NA,0
Parma polylepis,-31.53,159.05,2012,2,25,30,1,-32_159,20.916617552439373,23.9117488861084,20.987408518711636,24.314826998217352,NA,NA,0
Parma polylepis,-31.55,159.06,2012,2,25,15,1,-32_159,20.916617552439373,23.9117488861084,20.987408518711636,24.314826998217352,2004,Lord Howe Island Marine Park,0
Parma polylepis,-31.55,159.06,2012,2,25,20,2,-32_159,20.916617552439373,23.9117488861084,20.987408518711636,24.314826998217352,2004,Lord Howe Island Marine Park,0
Parma polylepis,-31.55,159.06,2012,2,25,20,1,-32_159,20.916617552439373,23.9117488861084,20.987408518711636,24.314826998217352,2004,Lord Howe Island Marine Park,0
Parma polylepis,-31.55,159.06,2012,2,25,12.5,1,-32_159,20.916617552439373,23.9117488861084,20.987408518711636,24.314826998217352,2004,Lord Howe Island Marine Park,0
Parma polylepis,-31.55,159.06,2012,2,25,15,2,-32_159,20.916617552439373,23.9117488861084,20.987408518711636,24.314826998217352,2004,Lord Howe Island Marine Park,0
Parma polylepis,-31.55,159.06,2012,2,25,15,1,-32_159,20.916617552439373,23.9117488861084,20.987408518711636,24.314826998217352,2004,Lord Howe Island Marine Park,0
Parma polylepis,-31.54,159.06,2012,2,26,25,2,-32_159,20.916617552439373,23.9117488861084,20.987408518711636,24.314826998217352,2004,Lord Howe Island Marine Park,0
Parma polylepis,-31.54,159.06,2012,2,26,20,1,-32_159,20.916617552439373,23.9117488861084,20.987408518711636,24.314826998217352,2004,Lord Howe Island Marine Park,0
Parma polylepis,-31.54,159.06,2012,2,26,20,2,-32_159,20.916617552439373,23.9117488861084,20.987408518711636,24.314826998217352,2004,Lord Howe Island Marine Park,0
Parma polylepis,-31.56,159.07,2012,2,27,20,2,-32_159,20.916617552439373,23.9117488861084,20.987408518711636,24.314826998217352,NA,NA,0
Parma polylepis,-31.56,159.07,2012,2,27,25,2,-32_159,20.916617552439373,23.9117488861084,20.987408518711636,24.314826998217352,NA,NA,0
Parma polylepis,-31.52,159.05,2012,2,21,20,7,-32_159,20.916617552439373,23.9117488861084,20.987408518711636,24.314826998217352,2004,Lord Howe Island Marine Park,0
Parma polylepis,-31.52,159.05,2012,2,21,20,1,-32_159,20.916617552439373,23.9117488861084,20.987408518711636,24.314826998217352,2004,Lord Howe Island Marine Park,0
Parma polylepis,-31.52,159.05,2012,2,21,25,1,-32_159,20.916617552439373,23.9117488861084,20.987408518711636,24.314826998217352,2004,Lord Howe Island Marine Park,0
Parma polylepis,-31.52,159.05,2012,2,21,12.5,1,-32_159,20.916617552439373,23.9117488861084,20.987408518711636,24.314826998217352,2004,Lord Howe Island Marine Park,0
Parma polylepis,-31.5,159.07,2012,2,24,7.5,1,-32_159,20.916617552439373,23.9117488861084,20.987408518711636,24.314826998217352,NA,NA,0
Parma polylepis,-31.5,159.07,2012,2,24,15,1,-32_159,20.916617552439373,23.9117488861084,20.987408518711636,24.314826998217352,NA,NA,0
Parma polylepis,-31.52,159.04,2012,2,24,2.5,1,-32_159,20.916617552439373,23.9117488861084,20.987408518711636,24.314826998217352,2004,Lord Howe Island Marine Park,0
Parma polylepis,-31.52,159.04,2012,2,24,15,1,-32_159,20.916617552439373,23.9117488861084,20.987408518711636,24.314826998217352,2004,Lord Howe Island Marine Park,0
Parma polylepis,-31.52,159.04,2012,2,24,20,3,-32_159,20.916617552439373,23.9117488861084,20.987408518711636,24.314826998217352,2004,Lord Howe Island Marine Park,0
Parma polylepis,-31.52,159.04,2012,2,24,10,1,-32_159,20.916617552439373,23.9117488861084,20.987408518711636,24.314826998217352,2004,Lord Howe Island Marine Park,0
Parma polylepis,-31.52,159.04,2012,2,24,12.5,2,-32_159,20.916617552439373,23.9117488861084,20.987408518711636,24.314826998217352,2004,Lord Howe Island Marine Park,0
Parma polylepis,-31.52,159.04,2012,2,24,15,1,-32_159,20.916617552439373,23.9117488861084,20.987408518711636,24.314826998217352,2004,Lord Howe Island Marine Park,0
Parma polylepis,-31.51,159.04,2012,2,24,10,1,-32_159,20.916617552439373,23.9117488861084,20.987408518711636,24.314826998217352,NA,NA,0
Parma polylepis,-31.51,159.04,2012,2,24,15,2,-32_159,20.916617552439373,23.9117488861084,20.987408518711636,24.314826998217352,NA,NA,0
Parma polylepis,-31.51,159.04,2012,2,24,5,2,-32_159,20.916617552439373,23.9117488861084,20.987408518711636,24.314826998217352,NA,NA,0
Parma polylepis,-31.51,159.04,2012,2,24,12.5,2,-32_159,20.916617552439373,23.9117488861084,20.987408518711636,24.314826998217352,NA,NA,0
Parma polylepis,-31.51,159.04,2012,2,24,15,4,-32_159,20.916617552439373,23.9117488861084,20.987408518711636,24.314826998217352,NA,NA,0
Parma polylepis,-31.51,159.04,2012,2,24,20,3,-32_159,20.916617552439373,23.9117488861084,20.987408518711636,24.314826998217352,NA,NA,0
Parma polylepis,-31.56,159.07,2012,2,27,25,1,-32_159,20.916617552439373,23.9117488861084,20.987408518711636,24.314826998217352,NA,NA,0
Parma polylepis,-31.56,159.07,2012,2,27,12.5,1,-32_159,20.916617552439373,23.9117488861084,20.987408518711636,24.314826998217352,NA,NA,0
Parma polylepis,-31.56,159.07,2012,2,27,15,3,-32_159,20.916617552439373,23.9117488861084,20.987408518711636,24.314826998217352,NA,NA,0
Parma polylepis,-31.56,159.07,2012,2,27,15,4,-32_159,20.916617552439373,23.9117488861084,20.987408518711636,24.314826998217352,NA,NA,0
Parma polylepis,-31.56,159.07,2012,2,27,25,2,-32_159,20.916617552439373,23.9117488861084,20.987408518711636,24.314826998217352,NA,NA,0
Parma polylepis,-31.56,159.07,2012,2,27,30,1,-32_159,20.916617552439373,23.9117488861084,20.987408518711636,24.314826998217352,NA,NA,0
Parma polylepis,-31.56,159.07,2012,2,27,12.5,3,-32_159,20.916617552439373,23.9117488861084,20.987408518711636,24.314826998217352,NA,NA,0
Parma polylepis,-31.56,159.07,2012,2,27,15,3,-32_159,20.916617552439373,23.9117488861084,20.987408518711636,24.314826998217352,NA,NA,0
Parma polylepis,-31.56,159.07,2012,2,27,10,1,-32_159,20.916617552439373,23.9117488861084,20.987408518711636,24.314826998217352,NA,NA,0
Parma polylepis,-31.52,159.03,2012,2,27,25,3,-32_159,20.916617552439373,23.9117488861084,20.987408518711636,24.314826998217352,NA,NA,0
Parma polylepis,-31.52,159.03,2012,2,27,30,2,-32_159,20.916617552439373,23.9117488861084,20.987408518711636,24.314826998217352,NA,NA,0
Parma polylepis,-31.52,159.03,2012,2,27,15,7,-32_159,20.916617552439373,23.9117488861084,20.987408518711636,24.314826998217352,NA,NA,0
Parma polylepis,-31.52,159.03,2012,2,27,20,6,-32_159,20.916617552439373,23.9117488861084,20.987408518711636,24.314826998217352,NA,NA,0
Parma polylepis,-31.52,159.03,2012,2,27,20,3,-32_159,20.916617552439373,23.9117488861084,20.987408518711636,24.314826998217352,NA,NA,0
Parma polylepis,-31.52,159.03,2012,2,27,5,1,-32_159,20.916617552439373,23.9117488861084,20.987408518711636,24.314826998217352,NA,NA,0
Parma polylepis,-31.52,159.03,2012,2,27,12.5,5,-32_159,20.916617552439373,23.9117488861084,20.987408518711636,24.314826998217352,NA,NA,0
Parma polylepis,-31.52,159.03,2012,2,27,25,8,-32_159,20.916617552439373,23.9117488861084,20.987408518711636,24.314826998217352,NA,NA,0
Parma polylepis,-31.52,159.03,2012,2,27,30,1,-32_159,20.916617552439373,23.9117488861084,20.987408518711636,24.314826998217352,NA,NA,0
Parma polylepis,-31.52,159.03,2012,2,27,15,2,-32_159,20.916617552439373,23.9117488861084,20.987408518711636,24.314826998217352,NA,NA,0
Parma polylepis,-31.52,159.03,2012,2,27,20,5,-32_159,20.916617552439373,23.9117488861084,20.987408518711636,24.314826998217352,NA,NA,0
Parma polylepis,-31.52,159.03,2012,2,27,15,4,-32_159,20.916617552439373,23.9117488861084,20.987408518711636,24.314826998217352,NA,NA,0
Parma polylepis,-31.52,159.03,2012,2,27,20,7,-32_159,20.916617552439373,23.9117488861084,20.987408518711636,24.314826998217352,NA,NA,0
Parma polylepis,-31.53,159.05,2012,2,27,25,2,-32_159,20.916617552439373,23.9117488861084,20.987408518711636,24.314826998217352,NA,NA,0
Parma polylepis,-31.53,159.05,2012,2,27,20,2,-32_159,20.916617552439373,23.9117488861084,20.987408518711636,24.314826998217352,NA,NA,0
Parma polylepis,-31.53,159.05,2012,2,27,15,1,-32_159,20.916617552439373,23.9117488861084,20.987408518711636,24.314826998217352,NA,NA,0
Parma polylepis,-31.53,159.05,2012,2,27,20,4,-32_159,20.916617552439373,23.9117488861084,20.987408518711636,24.314826998217352,NA,NA,0
Parma polylepis,-31.53,159.05,2012,2,27,15,2,-32_159,20.916617552439373,23.9117488861084,20.987408518711636,24.314826998217352,NA,NA,0
Parma polylepis,-31.53,159.05,2012,2,27,20,1,-32_159,20.916617552439373,23.9117488861084,20.987408518711636,24.314826998217352,NA,NA,0
Parma polylepis,-31.53,159.05,2012,2,27,25,2,-32_159,20.916617552439373,23.9117488861084,20.987408518711636,24.314826998217352,NA,NA,0
Parma polylepis,-31.53,159.05,2012,2,27,30,2,-32_159,20.916617552439373,23.9117488861084,20.987408518711636,24.314826998217352,NA,NA,0
Parma polylepis,-31.53,159.05,2012,2,27,25,3,-32_159,20.916617552439373,23.9117488861084,20.987408518711636,24.314826998217352,NA,NA,0
Parma polylepis,-31.53,159.05,2012,2,27,12.5,3,-32_159,20.916617552439373,23.9117488861084,20.987408518711636,24.314826998217352,NA,NA,0
Parma polylepis,-31.53,159.05,2012,2,27,12.5,1,-32_159,20.916617552439373,23.9117488861084,20.987408518711636,24.314826998217352,NA,NA,0
Parma polylepis,-31.55,159.07,2012,2,27,12.5,2,-32_159,20.916617552439373,23.9117488861084,20.987408518711636,24.314826998217352,NA,NA,0
Parma polylepis,-31.55,159.07,2012,2,27,12.5,5,-32_159,20.916617552439373,23.9117488861084,20.987408518711636,24.314826998217352,NA,NA,0
Parma polylepis,-31.55,159.07,2012,2,27,25,4,-32_159,20.916617552439373,23.9117488861084,20.987408518711636,24.314826998217352,NA,NA,0
Parma polylepis,-31.55,159.07,2012,2,27,30,4,-32_159,20.916617552439373,23.9117488861084,20.987408518711636,24.314826998217352,NA,NA,0
Parma polylepis,-31.55,159.07,2012,2,27,12.5,5,-32_159,20.916617552439373,23.9117488861084,20.987408518711636,24.314826998217352,NA,NA,0
Parma polylepis,-31.55,159.07,2012,2,27,15,5,-32_159,20.916617552439373,23.9117488861084,20.987408518711636,24.314826998217352,NA,NA,0
Parma polylepis,-31.55,159.07,2012,2,27,20,5,-32_159,20.916617552439373,23.9117488861084,20.987408518711636,24.314826998217352,NA,NA,0
Parma polylepis,-31.55,159.07,2012,2,27,15,3,-32_159,20.916617552439373,23.9117488861084,20.987408518711636,24.314826998217352,NA,NA,0
Parma polylepis,-31.55,159.07,2012,2,27,12.5,2,-32_159,20.916617552439373,23.9117488861084,20.987408518711636,24.314826998217352,NA,NA,0
Parma polylepis,-31.55,159.07,2012,2,27,15,4,-32_159,20.916617552439373,23.9117488861084,20.987408518711636,24.314826998217352,NA,NA,0
Parma polylepis,-31.55,159.07,2012,2,27,20,1,-32_159,20.916617552439373,23.9117488861084,20.987408518711636,24.314826998217352,NA,NA,0
Parma polylepis,-31.55,159.07,2012,2,27,25,2,-32_159,20.916617552439373,23.9117488861084,20.987408518711636,24.314826998217352,NA,NA,0
Parma polylepis,-31.55,159.07,2012,2,27,30,1,-32_159,20.916617552439373,23.9117488861084,20.987408518711636,24.314826998217352,NA,NA,0
Parma polylepis,-31.55,159.07,2012,2,27,12.5,1,-32_159,20.916617552439373,23.9117488861084,20.987408518711636,24.314826998217352,NA,NA,0
Parma polylepis,-31.55,159.07,2012,2,27,15,1,-32_159,20.916617552439373,23.9117488861084,20.987408518711636,24.314826998217352,NA,NA,0
Parma polylepis,-31.55,159.07,2012,2,27,20,3,-32_159,20.916617552439373,23.9117488861084,20.987408518711636,24.314826998217352,NA,NA,0
Parma polylepis,-31.54,159.05,2012,2,28,15,4,-32_159,20.916617552439373,23.9117488861084,20.987408518711636,24.314826998217352,2004,Lord Howe Island Marine Park,0
Parma polylepis,-31.54,159.05,2012,2,28,20,4,-32_159,20.916617552439373,23.9117488861084,20.987408518711636,24.314826998217352,2004,Lord Howe Island Marine Park,0
Parma polylepis,-31.54,159.05,2012,2,28,15,2,-32_159,20.916617552439373,23.9117488861084,20.987408518711636,24.314826998217352,2004,Lord Howe Island Marine Park,0
Parma polylepis,-31.54,159.05,2012,2,28,20,3,-32_159,20.916617552439373,23.9117488861084,20.987408518711636,24.314826998217352,2004,Lord Howe Island Marine Park,0
Parma polylepis,-31.54,159.05,2012,2,28,25,2,-32_159,20.916617552439373,23.9117488861084,20.987408518711636,24.314826998217352,2004,Lord Howe Island Marine Park,0
Parma polylepis,-31.54,159.05,2012,2,28,25,1,-32_159,20.916617552439373,23.9117488861084,20.987408518711636,24.314826998217352,2004,Lord Howe Island Marine Park,0
Parma polylepis,-31.54,159.05,2012,2,28,15,1,-32_159,20.916617552439373,23.9117488861084,20.987408518711636,24.314826998217352,2004,Lord Howe Island Marine Park,0
Parma polylepis,-31.54,159.05,2012,2,28,20,2,-32_159,20.916617552439373,23.9117488861084,20.987408518711636,24.314826998217352,2004,Lord Howe Island Marine Park,0
Parma polylepis,-31.54,159.05,2012,2,28,20,1,-32_159,20.916617552439373,23.9117488861084,20.987408518711636,24.314826998217352,2004,Lord Howe Island Marine Park,0
Parma polylepis,-31.54,159.05,2012,2,28,12.5,3,-32_159,20.916617552439373,23.9117488861084,20.987408518711636,24.314826998217352,2004,Lord Howe Island Marine Park,0
Parma polylepis,-31.54,159.05,2012,2,28,15,1,-32_159,20.916617552439373,23.9117488861084,20.987408518711636,24.314826998217352,2004,Lord Howe Island Marine Park,0
Parma polylepis,-31.52,159.04,2012,2,28,5,1,-32_159,20.916617552439373,23.9117488861084,20.987408518711636,24.314826998217352,2004,Lord Howe Island Marine Park,0
Parma polylepis,-31.52,159.04,2012,2,28,7.5,1,-32_159,20.916617552439373,23.9117488861084,20.987408518711636,24.314826998217352,2004,Lord Howe Island Marine Park,0
Parma polylepis,-31.52,159.04,2012,2,28,10,1,-32_159,20.916617552439373,23.9117488861084,20.987408518711636,24.314826998217352,2004,Lord Howe Island Marine Park,0
Parma polylepis,-31.52,159.04,2012,2,28,12.5,3,-32_159,20.916617552439373,23.9117488861084,20.987408518711636,24.314826998217352,2004,Lord Howe Island Marine Park,0
Parma polylepis,-31.52,159.04,2012,2,28,12.5,2,-32_159,20.916617552439373,23.9117488861084,20.987408518711636,24.314826998217352,2004,Lord Howe Island Marine Park,0
Parma polylepis,-31.52,159.04,2012,2,28,20,3,-32_159,20.916617552439373,23.9117488861084,20.987408518711636,24.314826998217352,2004,Lord Howe Island Marine Park,0
Parma polylepis,-31.52,159.04,2012,2,28,10,1,-32_159,20.916617552439373,23.9117488861084,20.987408518711636,24.314826998217352,2004,Lord Howe Island Marine Park,0
Parma polylepis,-31.52,159.04,2012,2,28,25,7,-32_159,20.916617552439373,23.9117488861084,20.987408518711636,24.314826998217352,2004,Lord Howe Island Marine Park,0
Parma polylepis,-31.51,159.04,2012,2,24,25,4,-32_159,20.916617552439373,23.9117488861084,20.987408518711636,24.314826998217352,NA,NA,0
Parma polylepis,-31.51,159.04,2012,2,24,25,5,-32_159,20.916617552439373,23.9117488861084,20.987408518711636,24.314826998217352,NA,NA,0
Parma polylepis,-31.51,159.04,2012,2,24,30,1,-32_159,20.916617552439373,23.9117488861084,20.987408518711636,24.314826998217352,NA,NA,0
Parma polylepis,-31.51,159.04,2012,2,24,15,4,-32_159,20.916617552439373,23.9117488861084,20.987408518711636,24.314826998217352,NA,NA,0
Parma polylepis,-31.51,159.04,2012,2,24,20,3,-32_159,20.916617552439373,23.9117488861084,20.987408518711636,24.314826998217352,NA,NA,0
Parma polylepis,-31.51,159.04,2012,2,24,7.5,1,-32_159,20.916617552439373,23.9117488861084,20.987408518711636,24.314826998217352,NA,NA,0
Parma polylepis,-31.51,159.04,2012,2,24,15,2,-32_159,20.916617552439373,23.9117488861084,20.987408518711636,24.314826998217352,NA,NA,0
Parma polylepis,-31.51,159.04,2012,2,24,20,1,-32_159,20.916617552439373,23.9117488861084,20.987408518711636,24.314826998217352,NA,NA,0
Parma polylepis,-31.51,159.04,2012,2,24,12.5,1,-32_159,20.916617552439373,23.9117488861084,20.987408518711636,24.314826998217352,NA,NA,0
Parma polylepis,-31.51,159.04,2012,2,24,5,1,-32_159,20.916617552439373,23.9117488861084,20.987408518711636,24.314826998217352,NA,NA,0
Parma polylepis,-31.51,159.04,2012,2,24,10,4,-32_159,20.916617552439373,23.9117488861084,20.987408518711636,24.314826998217352,NA,NA,0
Parma polylepis,-31.52,159.04,2012,2,28,7.5,2,-32_159,20.916617552439373,23.9117488861084,20.987408518711636,24.314826998217352,2004,Lord Howe Island Marine Park,0
Parma polylepis,-31.52,159.04,2012,2,28,15,4,-32_159,20.916617552439373,23.9117488861084,20.987408518711636,24.314826998217352,2004,Lord Howe Island Marine Park,0
Parma polylepis,-31.51,159.04,2012,2,24,12.5,1,-32_159,20.916617552439373,23.9117488861084,20.987408518711636,24.314826998217352,NA,NA,0
Parma polylepis,-31.51,159.04,2012,2,24,12.5,3,-32_159,20.916617552439373,23.9117488861084,20.987408518711636,24.314826998217352,NA,NA,0
Parma polylepis,-31.51,159.05,2012,2,24,25,3,-32_159,20.916617552439373,23.9117488861084,20.987408518711636,24.314826998217352,2004,Lord Howe Island Marine Park,0
Parma polylepis,-31.52,159.04,2012,2,28,20,1,-32_159,20.916617552439373,23.9117488861084,20.987408518711636,24.314826998217352,2004,Lord Howe Island Marine Park,0
Parma polylepis,-31.52,159.04,2012,2,28,25,2,-32_159,20.916617552439373,23.9117488861084,20.987408518711636,24.314826998217352,2004,Lord Howe Island Marine Park,0
Parma polylepis,-31.51,159.05,2012,2,24,15,6,-32_159,20.916617552439373,23.9117488861084,20.987408518711636,24.314826998217352,2004,Lord Howe Island Marine Park,0
Parma polylepis,-31.51,159.05,2012,2,24,12.5,3,-32_159,20.916617552439373,23.9117488861084,20.987408518711636,24.314826998217352,2004,Lord Howe Island Marine Park,0
Parma polylepis,-31.51,159.05,2012,2,24,15,1,-32_159,20.916617552439373,23.9117488861084,20.987408518711636,24.314826998217352,2004,Lord Howe Island Marine Park,0
Parma polylepis,-31.58,159.07,2012,2,25,25,5,-32_159,20.916617552439373,23.9117488861084,20.987408518711636,24.314826998217352,NA,NA,0
Parma polylepis,-31.58,159.07,2012,2,25,10,1,-32_159,20.916617552439373,23.9117488861084,20.987408518711636,24.314826998217352,NA,NA,0
Parma polylepis,-31.58,159.07,2012,2,25,25,1,-32_159,20.916617552439373,23.9117488861084,20.987408518711636,24.314826998217352,NA,NA,0
Parma polylepis,-31.58,159.07,2012,2,25,12.5,2,-32_159,20.916617552439373,23.9117488861084,20.987408518711636,24.314826998217352,NA,NA,0
Parma polylepis,-31.58,159.07,2012,2,25,12.5,1,-32_159,20.916617552439373,23.9117488861084,20.987408518711636,24.314826998217352,NA,NA,0
Parma polylepis,-31.58,159.07,2012,2,25,15,5,-32_159,20.916617552439373,23.9117488861084,20.987408518711636,24.314826998217352,NA,NA,0
Parma polylepis,-31.58,159.07,2012,2,25,20,2,-32_159,20.916617552439373,23.9117488861084,20.987408518711636,24.314826998217352,NA,NA,0
Parma polylepis,-31.52,159.04,2012,2,28,15,1,-32_159,20.916617552439373,23.9117488861084,20.987408518711636,24.314826998217352,2004,Lord Howe Island Marine Park,0
Parma polylepis,-31.58,159.07,2012,2,25,20,1,-32_159,20.916617552439373,23.9117488861084,20.987408518711636,24.314826998217352,NA,NA,0
Parma polylepis,-31.58,159.07,2012,2,25,15,1,-32_159,20.916617552439373,23.9117488861084,20.987408518711636,24.314826998217352,NA,NA,0
Parma polylepis,-31.58,159.07,2012,2,25,20,2,-32_159,20.916617552439373,23.9117488861084,20.987408518711636,24.314826998217352,NA,NA,0
Parma polylepis,-31.57,159.07,2012,2,25,25,2,-32_159,20.916617552439373,23.9117488861084,20.987408518711636,24.314826998217352,NA,NA,0
Parma polylepis,-31.76,159.24,2012,2,28,35,2,-32_159,20.916617552439373,23.9117488861084,20.987408518711636,24.314826998217352,NA,NA,0
Parma polylepis,-31.57,159.07,2012,2,25,25,3,-32_159,20.916617552439373,23.9117488861084,20.987408518711636,24.314826998217352,NA,NA,0
Parma polylepis,-31.57,159.07,2012,2,25,12.5,3,-32_159,20.916617552439373,23.9117488861084,20.987408518711636,24.314826998217352,NA,NA,0
Parma polylepis,-31.57,159.07,2012,2,25,15,2,-32_159,20.916617552439373,23.9117488861084,20.987408518711636,24.314826998217352,NA,NA,0
Parma polylepis,-31.57,159.07,2012,2,25,25,1,-32_159,20.916617552439373,23.9117488861084,20.987408518711636,24.314826998217352,NA,NA,0
Parma polylepis,-31.55,159.06,2012,2,25,25,5,-32_159,20.916617552439373,23.9117488861084,20.987408518711636,24.314826998217352,2004,Lord Howe Island Marine Park,0
Parma polylepis,-31.55,159.06,2012,2,25,30,1,-32_159,20.916617552439373,23.9117488861084,20.987408518711636,24.314826998217352,2004,Lord Howe Island Marine Park,0
Parma polylepis,-31.55,159.06,2012,2,25,25,7,-32_159,20.916617552439373,23.9117488861084,20.987408518711636,24.314826998217352,2004,Lord Howe Island Marine Park,0
Parma polylepis,-31.55,159.06,2012,2,25,15,5,-32_159,20.916617552439373,23.9117488861084,20.987408518711636,24.314826998217352,2004,Lord Howe Island Marine Park,0
Parma polylepis,-31.55,159.06,2012,2,25,20,5,-32_159,20.916617552439373,23.9117488861084,20.987408518711636,24.314826998217352,2004,Lord Howe Island Marine Park,0
Parma polylepis,-31.54,159.07,2012,2,21,25,1,-32_159,20.916617552439373,23.9117488861084,20.987408518711636,24.314826998217352,2004,Lord Howe Island Marine Park,0
Parma polylepis,-31.53,159.05,2012,2,28,12.5,3,-32_159,20.916617552439373,23.9117488861084,20.987408518711636,24.314826998217352,NA,NA,0
Parma polylepis,-31.53,159.05,2012,2,28,15,4,-32_159,20.916617552439373,23.9117488861084,20.987408518711636,24.314826998217352,NA,NA,0
Parma polylepis,-31.53,159.05,2012,2,28,15,10,-32_159,20.916617552439373,23.9117488861084,20.987408518711636,24.314826998217352,NA,NA,0
Parma polylepis,-31.53,159.05,2012,2,28,20,10,-32_159,20.916617552439373,23.9117488861084,20.987408518711636,24.314826998217352,NA,NA,0
Parma polylepis,-31.76,159.24,2012,2,28,25,1,-32_159,20.916617552439373,23.9117488861084,20.987408518711636,24.314826998217352,NA,NA,0
Parma polylepis,-31.76,159.24,2012,2,28,20,1,-32_159,20.916617552439373,23.9117488861084,20.987408518711636,24.314826998217352,NA,NA,0
Parma polylepis,-31.75,159.24,2012,2,28,15,3,-32_159,20.916617552439373,23.9117488861084,20.987408518711636,24.314826998217352,2004,Lord Howe Island Marine Park,0
Parma polylepis,-31.75,159.24,2012,2,28,25,1,-32_159,20.916617552439373,23.9117488861084,20.987408518711636,24.314826998217352,2004,Lord Howe Island Marine Park,0
Parma polylepis,-31.53,159.05,2012,2,28,15,8,-32_159,20.916617552439373,23.9117488861084,20.987408518711636,24.314826998217352,NA,NA,0
Parma polylepis,-31.53,159.05,2012,2,28,20,5,-32_159,20.916617552439373,23.9117488861084,20.987408518711636,24.314826998217352,NA,NA,0
Parma polylepis,-31.53,159.05,2012,2,29,20,2,-32_159,20.916617552439373,23.9117488861084,20.987408518711636,24.314826998217352,NA,NA,0
Parma polylepis,-31.53,159.05,2012,2,29,25,3,-32_159,20.916617552439373,23.9117488861084,20.987408518711636,24.314826998217352,NA,NA,0
Parma polylepis,-31.53,159.05,2012,2,29,20,1,-32_159,20.916617552439373,23.9117488861084,20.987408518711636,24.314826998217352,NA,NA,0
Parma polylepis,-31.53,159.05,2012,2,29,25,2,-32_159,20.916617552439373,23.9117488861084,20.987408518711636,24.314826998217352,NA,NA,0
Parma polylepis,-31.53,159.05,2012,2,29,20,2,-32_159,20.916617552439373,23.9117488861084,20.987408518711636,24.314826998217352,NA,NA,0
Parma polylepis,-31.53,159.05,2012,2,29,25,3,-32_159,20.916617552439373,23.9117488861084,20.987408518711636,24.314826998217352,NA,NA,0
Parma polylepis,-31.53,159.05,2012,2,29,30,1,-32_159,20.916617552439373,23.9117488861084,20.987408518711636,24.314826998217352,NA,NA,0
Parma polylepis,-31.55,159.06,2012,2,29,15,2,-32_159,20.916617552439373,23.9117488861084,20.987408518711636,24.314826998217352,2004,Lord Howe Island Marine Park,0
Parma polylepis,-31.55,159.06,2012,2,29,20,3,-32_159,20.916617552439373,23.9117488861084,20.987408518711636,24.314826998217352,2004,Lord Howe Island Marine Park,0
Parma polylepis,-31.55,159.06,2012,2,29,20,5,-32_159,20.916617552439373,23.9117488861084,20.987408518711636,24.314826998217352,2004,Lord Howe Island Marine Park,0
Parma polylepis,-31.55,159.06,2012,2,29,25,13,-32_159,20.916617552439373,23.9117488861084,20.987408518711636,24.314826998217352,2004,Lord Howe Island Marine Park,0
Parma polylepis,-31.55,159.06,2012,2,29,15,9,-32_159,20.916617552439373,23.9117488861084,20.987408518711636,24.314826998217352,2004,Lord Howe Island Marine Park,0
Parma polylepis,-31.55,159.06,2012,2,29,20,9,-32_159,20.916617552439373,23.9117488861084,20.987408518711636,24.314826998217352,2004,Lord Howe Island Marine Park,0
Parma polylepis,-31.55,159.06,2012,2,29,12.5,5,-32_159,20.916617552439373,23.9117488861084,20.987408518711636,24.314826998217352,2004,Lord Howe Island Marine Park,0
Parma polylepis,-31.55,159.06,2012,2,29,15,4,-32_159,20.916617552439373,23.9117488861084,20.987408518711636,24.314826998217352,2004,Lord Howe Island Marine Park,0
Parma polylepis,-31.55,159.06,2012,2,29,12.5,3,-32_159,20.916617552439373,23.9117488861084,20.987408518711636,24.314826998217352,2004,Lord Howe Island Marine Park,0
Parma polylepis,-31.55,159.06,2012,2,29,15,1,-32_159,20.916617552439373,23.9117488861084,20.987408518711636,24.314826998217352,2004,Lord Howe Island Marine Park,0
Parma polylepis,-31.79,159.28,2012,3,1,15,2,-32_159,20.916617552439373,23.44640731811523,20.987408518711636,23.95580590155817,2004,Lord Howe Island Marine Park,0
Parma polylepis,-31.79,159.28,2012,3,1,30,1,-32_159,20.916617552439373,23.44640731811523,20.987408518711636,23.95580590155817,2004,Lord Howe Island Marine Park,0
Parma polylepis,-31.76,159.26,2012,3,1,15,1,-32_159,20.916617552439373,23.44640731811523,20.987408518711636,23.95580590155817,NA,NA,0
Parma polylepis,-31.76,159.26,2012,3,1,20,2,-32_159,20.916617552439373,23.44640731811523,20.987408518711636,23.95580590155817,NA,NA,0
Parma polylepis,-31.76,159.26,2012,3,1,25,1,-32_159,20.916617552439373,23.44640731811523,20.987408518711636,23.95580590155817,NA,NA,0
Parma polylepis,-31.76,159.26,2012,3,1,25,2,-32_159,20.916617552439373,23.44640731811523,20.987408518711636,23.95580590155817,NA,NA,0
Parma polylepis,-31.76,159.26,2012,3,1,15,1,-32_159,20.916617552439373,23.44640731811523,20.987408518711636,23.95580590155817,NA,NA,0
Parma polylepis,-31.76,159.26,2012,3,1,20,2,-32_159,20.916617552439373,23.44640731811523,20.987408518711636,23.95580590155817,NA,NA,0
Parma polylepis,-31.5,159.07,2012,2,20,12.5,1,-32_159,20.916617552439373,23.9117488861084,20.987408518711636,24.314826998217352,2004,Lord Howe Island Marine Park,0
Parma polylepis,-31.5,159.07,2012,2,20,2.5,1,-32_159,20.916617552439373,23.9117488861084,20.987408518711636,24.314826998217352,2004,Lord Howe Island Marine Park,0
Parma polylepis,-31.5,159.07,2012,2,20,5,1,-32_159,20.916617552439373,23.9117488861084,20.987408518711636,24.314826998217352,2004,Lord Howe Island Marine Park,0
Parma polylepis,-31.5,159.07,2012,2,20,12.5,3,-32_159,20.916617552439373,23.9117488861084,20.987408518711636,24.314826998217352,2004,Lord Howe Island Marine Park,0
Parma polylepis,-31.5,159.07,2012,2,20,15,1,-32_159,20.916617552439373,23.9117488861084,20.987408518711636,24.314826998217352,2004,Lord Howe Island Marine Park,0
Parma polylepis,-31.6,159.08,2012,2,20,25,2,-32_159,20.916617552439373,23.9117488861084,20.987408518711636,24.314826998217352,2004,Lord Howe Island Marine Park,0
Parma polylepis,-31.6,159.08,2012,2,20,25,4,-32_159,20.916617552439373,23.9117488861084,20.987408518711636,24.314826998217352,2004,Lord Howe Island Marine Park,0
Parma polylepis,-31.6,159.08,2012,2,20,15,2,-32_159,20.916617552439373,23.9117488861084,20.987408518711636,24.314826998217352,2004,Lord Howe Island Marine Park,0
Parma polylepis,-31.5,159.06,2012,2,20,12.5,1,-32_159,20.916617552439373,23.9117488861084,20.987408518711636,24.314826998217352,2004,Lord Howe Island Marine Park,0
Parma polylepis,-31.5,159.06,2012,2,20,10,2,-32_159,20.916617552439373,23.9117488861084,20.987408518711636,24.314826998217352,2004,Lord Howe Island Marine Park,0
Parma polylepis,-31.5,159.06,2012,2,20,20,3,-32_159,20.916617552439373,23.9117488861084,20.987408518711636,24.314826998217352,2004,Lord Howe Island Marine Park,0
Parma polylepis,-31.52,159.04,2014,2,21,25,20,-32_159,21.248451550801594,23.568195343017575,21.55651573930956,23.92517791475569,NA,NA,0
Parma polylepis,-31.52,159.04,2014,2,21,25,10,-32_159,21.248451550801594,23.568195343017575,21.55651573930956,23.92517791475569,NA,NA,0
Parma polylepis,-31.5,159.07,2014,2,18,7.5,1,-32_159,21.248451550801594,23.568195343017575,21.55651573930956,23.92517791475569,2004,Lord Howe Island Marine Park,1
Parma polylepis,-31.5,159.07,2014,2,18,25,5,-32_159,21.248451550801594,23.568195343017575,21.55651573930956,23.92517791475569,2004,Lord Howe Island Marine Park,1
Parma polylepis,-31.5,159.07,2014,2,18,5,1,-32_159,21.248451550801594,23.568195343017575,21.55651573930956,23.92517791475569,2004,Lord Howe Island Marine Park,1
Parma polylepis,-31.5,159.07,2014,2,18,10,1,-32_159,21.248451550801594,23.568195343017575,21.55651573930956,23.92517791475569,2004,Lord Howe Island Marine Park,1
Parma polylepis,-31.54,159.05,2014,2,27,25,10,-32_159,21.248451550801594,23.568195343017575,21.55651573930956,23.92517791475569,2004,Lord Howe Island Marine Park,1
Parma polylepis,-31.52,159.04,2014,2,17,25,5,-32_159,21.248451550801594,23.568195343017575,21.55651573930956,23.92517791475569,2004,Lord Howe Island Marine Park,1
Parma polylepis,-31.5,159.07,2014,2,20,25,3,-32_159,21.248451550801594,23.568195343017575,21.55651573930956,23.92517791475569,NA,NA,0
Parma polylepis,-31.5,159.07,2014,2,20,5,2,-32_159,21.248451550801594,23.568195343017575,21.55651573930956,23.92517791475569,NA,NA,0
Parma polylepis,-31.5,159.07,2014,2,20,15,1,-32_159,21.248451550801594,23.568195343017575,21.55651573930956,23.92517791475569,NA,NA,0
Parma polylepis,-31.5,159.07,2014,2,19,10,1,-32_159,21.248451550801594,23.568195343017575,21.55651573930956,23.92517791475569,2004,Lord Howe Island Marine Park,1
Parma polylepis,-31.5,159.07,2014,2,19,15,1,-32_159,21.248451550801594,23.568195343017575,21.55651573930956,23.92517791475569,2004,Lord Howe Island Marine Park,1
Parma polylepis,-31.5,159.07,2014,2,19,25,5,-32_159,21.248451550801594,23.568195343017575,21.55651573930956,23.92517791475569,2004,Lord Howe Island Marine Park,1
Parma polylepis,-31.5,159.07,2014,2,19,5,1,-32_159,21.248451550801594,23.568195343017575,21.55651573930956,23.92517791475569,2004,Lord Howe Island Marine Park,1
Parma polylepis,-31.5,159.07,2014,2,19,7.5,1,-32_159,21.248451550801594,23.568195343017575,21.55651573930956,23.92517791475569,2004,Lord Howe Island Marine Park,1
Parma polylepis,-31.5,159.07,2014,2,19,20,5,-32_159,21.248451550801594,23.568195343017575,21.55651573930956,23.92517791475569,2004,Lord Howe Island Marine Park,1
Parma polylepis,-31.52,159.03,2014,2,21,25,20,-32_159,21.248451550801594,23.568195343017575,21.55651573930956,23.92517791475569,NA,NA,0
Parma polylepis,-31.52,159.03,2014,2,21,2.5,2,-32_159,21.248451550801594,23.568195343017575,21.55651573930956,23.92517791475569,NA,NA,0
Parma polylepis,-31.52,159.03,2014,2,21,5,2,-32_159,21.248451550801594,23.568195343017575,21.55651573930956,23.92517791475569,NA,NA,0
Parma polylepis,-31.52,159.03,2014,2,21,7.5,1,-32_159,21.248451550801594,23.568195343017575,21.55651573930956,23.92517791475569,NA,NA,0
Parma polylepis,-31.52,159.03,2014,2,21,15,1,-32_159,21.248451550801594,23.568195343017575,21.55651573930956,23.92517791475569,NA,NA,0
Parma polylepis,-31.52,159.03,2014,2,21,25,5,-32_159,21.248451550801594,23.568195343017575,21.55651573930956,23.92517791475569,NA,NA,0
Parma polylepis,-31.52,159.03,2014,2,21,20,1,-32_159,21.248451550801594,23.568195343017575,21.55651573930956,23.92517791475569,NA,NA,0
Parma polylepis,-31.52,159.03,2014,2,21,25,1,-32_159,21.248451550801594,23.568195343017575,21.55651573930956,23.92517791475569,NA,NA,0
Parma polylepis,-31.51,159.04,2014,2,20,10,1,-32_159,21.248451550801594,23.568195343017575,21.55651573930956,23.92517791475569,NA,NA,0
Parma polylepis,-31.51,159.04,2014,2,20,25,5,-32_159,21.248451550801594,23.568195343017575,21.55651573930956,23.92517791475569,NA,NA,0
Parma polylepis,-31.51,159.04,2014,2,20,7.5,1,-32_159,21.248451550801594,23.568195343017575,21.55651573930956,23.92517791475569,NA,NA,0
Parma polylepis,-31.51,159.04,2014,2,20,25,8,-32_159,21.248451550801594,23.568195343017575,21.55651573930956,23.92517791475569,NA,NA,0
Parma polylepis,-31.53,159.05,2014,2,17,5,2,-32_159,21.248451550801594,23.568195343017575,21.55651573930956,23.92517791475569,NA,NA,0
Parma polylepis,-31.53,159.05,2014,2,17,7.5,3,-32_159,21.248451550801594,23.568195343017575,21.55651573930956,23.92517791475569,NA,NA,0
Parma polylepis,-31.53,159.05,2014,2,17,25,5,-32_159,21.248451550801594,23.568195343017575,21.55651573930956,23.92517791475569,NA,NA,0
Parma polylepis,-31.53,159.05,2014,2,17,10,2,-32_159,21.248451550801594,23.568195343017575,21.55651573930956,23.92517791475569,NA,NA,0
Parma polylepis,-31.53,159.05,2014,2,17,25,10,-32_159,21.248451550801594,23.568195343017575,21.55651573930956,23.92517791475569,NA,NA,0
Parma polylepis,-31.54,159.06,2014,2,18,25,6,-32_159,21.248451550801594,23.568195343017575,21.55651573930956,23.92517791475569,2004,Lord Howe Island Marine Park,1
Parma polylepis,-31.54,159.06,2014,2,18,25,5,-32_159,21.248451550801594,23.568195343017575,21.55651573930956,23.92517791475569,2004,Lord Howe Island Marine Park,1
Parma polylepis,-31.53,159.05,2014,2,19,12.5,2,-32_159,21.248451550801594,23.568195343017575,21.55651573930956,23.92517791475569,NA,NA,0
Parma polylepis,-31.53,159.05,2014,2,19,20,1,-32_159,21.248451550801594,23.568195343017575,21.55651573930956,23.92517791475569,NA,NA,0
Parma polylepis,-31.53,159.05,2014,2,19,25,1,-32_159,21.248451550801594,23.568195343017575,21.55651573930956,23.92517791475569,NA,NA,0
Parma polylepis,-31.53,159.05,2014,2,19,25,2,-32_159,21.248451550801594,23.568195343017575,21.55651573930956,23.92517791475569,NA,NA,0
Parma polylepis,-31.51,159.05,2014,2,27,25,5,-32_159,21.248451550801594,23.568195343017575,21.55651573930956,23.92517791475569,2004,Lord Howe Island Marine Park,1
Parma polylepis,-31.51,159.05,2014,2,27,15,1,-32_159,21.248451550801594,23.568195343017575,21.55651573930956,23.92517791475569,2004,Lord Howe Island Marine Park,1
Parma polylepis,-31.51,159.05,2014,2,27,20,1,-32_159,21.248451550801594,23.568195343017575,21.55651573930956,23.92517791475569,2004,Lord Howe Island Marine Park,1
Parma polylepis,-31.52,159.07,2014,2,23,25,6,-32_159,21.248451550801594,23.568195343017575,21.55651573930956,23.92517791475569,2004,Lord Howe Island Marine Park,1
Parma polylepis,-31.52,159.07,2014,2,23,25,12,-32_159,21.248451550801594,23.568195343017575,21.55651573930956,23.92517791475569,2004,Lord Howe Island Marine Park,1
Parma polylepis,-31.51,159.05,2014,2,18,25,5,-32_159,21.248451550801594,23.568195343017575,21.55651573930956,23.92517791475569,2004,Lord Howe Island Marine Park,1
Parma polylepis,-31.56,159.1,2014,2,18,5,2,-32_159,21.248451550801594,23.568195343017575,21.55651573930956,23.92517791475569,NA,NA,0
Parma polylepis,-31.56,159.1,2014,2,18,12.5,2,-32_159,21.248451550801594,23.568195343017575,21.55651573930956,23.92517791475569,NA,NA,0
Parma polylepis,-31.56,159.1,2014,2,18,20,4,-32_159,21.248451550801594,23.568195343017575,21.55651573930956,23.92517791475569,NA,NA,0
Parma polylepis,-31.56,159.1,2014,2,18,15,1,-32_159,21.248451550801594,23.568195343017575,21.55651573930956,23.92517791475569,NA,NA,0
Parma polylepis,-31.55,159.06,2014,2,27,10,5,-32_159,21.248451550801594,23.568195343017575,21.55651573930956,23.92517791475569,2004,Lord Howe Island Marine Park,1
Parma polylepis,-31.55,159.06,2014,2,27,15,1,-32_159,21.248451550801594,23.568195343017575,21.55651573930956,23.92517791475569,2004,Lord Howe Island Marine Park,1
Parma polylepis,-31.55,159.06,2014,2,27,20,6,-32_159,21.248451550801594,23.568195343017575,21.55651573930956,23.92517791475569,2004,Lord Howe Island Marine Park,1
Parma polylepis,-31.55,159.06,2014,2,27,20,1,-32_159,21.248451550801594,23.568195343017575,21.55651573930956,23.92517791475569,2004,Lord Howe Island Marine Park,1
Parma polylepis,-31.55,159.06,2014,2,27,25,1,-32_159,21.248451550801594,23.568195343017575,21.55651573930956,23.92517791475569,2004,Lord Howe Island Marine Park,1
Parma polylepis,-31.55,159.06,2014,2,27,7.5,5,-32_159,21.248451550801594,23.568195343017575,21.55651573930956,23.92517791475569,2004,Lord Howe Island Marine Park,1
Parma polylepis,-31.55,159.06,2014,2,27,20,2,-32_159,21.248451550801594,23.568195343017575,21.55651573930956,23.92517791475569,2004,Lord Howe Island Marine Park,1
Parma polylepis,-31.51,159.05,2014,2,18,25,8,-32_159,21.248451550801594,23.568195343017575,21.55651573930956,23.92517791475569,2004,Lord Howe Island Marine Park,1
Parma polylepis,-31.55,159.06,2014,2,20,25,10,-32_159,21.248451550801594,23.568195343017575,21.55651573930956,23.92517791475569,2004,Lord Howe Island Marine Park,1
Parma polylepis,-31.55,159.06,2014,2,20,25,20,-32_159,21.248451550801594,23.568195343017575,21.55651573930956,23.92517791475569,2004,Lord Howe Island Marine Park,1
Parma polylepis,-31.5,159.06,2014,2,19,25,10,-32_159,21.248451550801594,23.568195343017575,21.55651573930956,23.92517791475569,2004,Lord Howe Island Marine Park,1
Parma polylepis,-31.5,159.06,2014,2,19,12.5,1,-32_159,21.248451550801594,23.568195343017575,21.55651573930956,23.92517791475569,2004,Lord Howe Island Marine Park,1
Parma polylepis,-31.5,159.06,2014,2,19,15,4,-32_159,21.248451550801594,23.568195343017575,21.55651573930956,23.92517791475569,2004,Lord Howe Island Marine Park,1
Parma polylepis,-31.5,159.06,2014,2,19,20,1,-32_159,21.248451550801594,23.568195343017575,21.55651573930956,23.92517791475569,2004,Lord Howe Island Marine Park,1
Parma polylepis,-31.5,159.06,2014,2,19,25,1,-32_159,21.248451550801594,23.568195343017575,21.55651573930956,23.92517791475569,2004,Lord Howe Island Marine Park,1
Parma polylepis,-31.5,159.07,2014,2,18,12.5,1,-32_159,21.248451550801594,23.568195343017575,21.55651573930956,23.92517791475569,2004,Lord Howe Island Marine Park,1
Parma polylepis,-31.5,159.07,2014,2,18,15,1,-32_159,21.248451550801594,23.568195343017575,21.55651573930956,23.92517791475569,2004,Lord Howe Island Marine Park,1
Parma polylepis,-31.5,159.07,2014,2,18,5,1,-32_159,21.248451550801594,23.568195343017575,21.55651573930956,23.92517791475569,2004,Lord Howe Island Marine Park,1
Parma polylepis,-31.5,159.07,2014,2,18,7.5,2,-32_159,21.248451550801594,23.568195343017575,21.55651573930956,23.92517791475569,2004,Lord Howe Island Marine Park,1
Parma polylepis,-31.5,159.07,2014,2,18,10,1,-32_159,21.248451550801594,23.568195343017575,21.55651573930956,23.92517791475569,2004,Lord Howe Island Marine Park,1
Parma polylepis,-31.5,159.07,2014,2,18,12.5,2,-32_159,21.248451550801594,23.568195343017575,21.55651573930956,23.92517791475569,2004,Lord Howe Island Marine Park,1
Parma polylepis,-31.5,159.07,2014,2,19,7.5,2,-32_159,21.248451550801594,23.568195343017575,21.55651573930956,23.92517791475569,2004,Lord Howe Island Marine Park,1
Parma polylepis,-31.5,159.07,2014,2,19,10,1,-32_159,21.248451550801594,23.568195343017575,21.55651573930956,23.92517791475569,2004,Lord Howe Island Marine Park,1
Parma polylepis,-31.5,159.07,2014,2,19,12.5,2,-32_159,21.248451550801594,23.568195343017575,21.55651573930956,23.92517791475569,2004,Lord Howe Island Marine Park,1
Parma polylepis,-31.5,159.07,2014,2,19,15,1,-32_159,21.248451550801594,23.568195343017575,21.55651573930956,23.92517791475569,2004,Lord Howe Island Marine Park,1
Parma polylepis,-31.5,159.07,2014,2,19,20,1,-32_159,21.248451550801594,23.568195343017575,21.55651573930956,23.92517791475569,2004,Lord Howe Island Marine Park,1
Parma polylepis,-31.52,159.04,2014,2,17,10,2,-32_159,21.248451550801594,23.568195343017575,21.55651573930956,23.92517791475569,2004,Lord Howe Island Marine Park,1
Parma polylepis,-31.52,159.04,2014,2,17,12.5,3,-32_159,21.248451550801594,23.568195343017575,21.55651573930956,23.92517791475569,2004,Lord Howe Island Marine Park,1
Parma polylepis,-31.52,159.04,2014,2,17,15,2,-32_159,21.248451550801594,23.568195343017575,21.55651573930956,23.92517791475569,2004,Lord Howe Island Marine Park,1
Parma polylepis,-31.52,159.04,2014,2,17,20,1,-32_159,21.248451550801594,23.568195343017575,21.55651573930956,23.92517791475569,2004,Lord Howe Island Marine Park,1
Parma polylepis,-31.52,159.04,2014,2,17,25,3,-32_159,21.248451550801594,23.568195343017575,21.55651573930956,23.92517791475569,2004,Lord Howe Island Marine Park,1
Parma polylepis,-31.52,159.04,2014,2,17,30,1,-32_159,21.248451550801594,23.568195343017575,21.55651573930956,23.92517791475569,2004,Lord Howe Island Marine Park,1
Parma polylepis,-31.52,159.04,2014,2,17,35,2,-32_159,21.248451550801594,23.568195343017575,21.55651573930956,23.92517791475569,2004,Lord Howe Island Marine Park,1
Parma polylepis,-31.51,159.06,2014,2,18,5,1,-32_159,21.248451550801594,23.568195343017575,21.55651573930956,23.92517791475569,2004,Lord Howe Island Marine Park,1
Parma polylepis,-31.51,159.06,2014,2,18,7.5,2,-32_159,21.248451550801594,23.568195343017575,21.55651573930956,23.92517791475569,2004,Lord Howe Island Marine Park,1
Parma polylepis,-31.51,159.06,2014,2,18,10,1,-32_159,21.248451550801594,23.568195343017575,21.55651573930956,23.92517791475569,2004,Lord Howe Island Marine Park,1
Parma polylepis,-31.51,159.06,2014,2,18,12.5,1,-32_159,21.248451550801594,23.568195343017575,21.55651573930956,23.92517791475569,2004,Lord Howe Island Marine Park,1
Parma polylepis,-31.51,159.06,2014,2,18,15,1,-32_159,21.248451550801594,23.568195343017575,21.55651573930956,23.92517791475569,2004,Lord Howe Island Marine Park,1
Parma polylepis,-31.51,159.06,2014,2,18,20,2,-32_159,21.248451550801594,23.568195343017575,21.55651573930956,23.92517791475569,2004,Lord Howe Island Marine Park,1
Parma polylepis,-31.51,159.06,2014,2,18,20,1,-32_159,21.248451550801594,23.568195343017575,21.55651573930956,23.92517791475569,2004,Lord Howe Island Marine Park,1
Parma polylepis,-31.51,159.06,2014,2,18,25,2,-32_159,21.248451550801594,23.568195343017575,21.55651573930956,23.92517791475569,2004,Lord Howe Island Marine Park,1
Parma polylepis,-31.53,159.05,2014,2,17,10,1,-32_159,21.248451550801594,23.568195343017575,21.55651573930956,23.92517791475569,NA,NA,0
Parma polylepis,-31.53,159.05,2014,2,17,15,2,-32_159,21.248451550801594,23.568195343017575,21.55651573930956,23.92517791475569,NA,NA,0
Parma polylepis,-31.53,159.05,2014,2,17,20,1,-32_159,21.248451550801594,23.568195343017575,21.55651573930956,23.92517791475569,NA,NA,0
Parma polylepis,-31.53,159.05,2014,2,17,20,2,-32_159,21.248451550801594,23.568195343017575,21.55651573930956,23.92517791475569,NA,NA,0
Parma polylepis,-31.5,159.06,2014,2,19,7.5,2,-32_159,21.248451550801594,23.568195343017575,21.55651573930956,23.92517791475569,2004,Lord Howe Island Marine Park,1
Parma polylepis,-31.5,159.06,2014,2,19,10,1,-32_159,21.248451550801594,23.568195343017575,21.55651573930956,23.92517791475569,2004,Lord Howe Island Marine Park,1
Parma polylepis,-31.5,159.06,2014,2,19,15,1,-32_159,21.248451550801594,23.568195343017575,21.55651573930956,23.92517791475569,2004,Lord Howe Island Marine Park,1
Parma polylepis,-31.58,159.07,2014,2,21,12.5,1,-32_159,21.248451550801594,23.568195343017575,21.55651573930956,23.92517791475569,NA,NA,0
Parma polylepis,-31.58,159.07,2014,2,21,20,1,-32_159,21.248451550801594,23.568195343017575,21.55651573930956,23.92517791475569,NA,NA,0
Parma polylepis,-31.58,159.07,2014,2,21,15,5,-32_159,21.248451550801594,23.568195343017575,21.55651573930956,23.92517791475569,NA,NA,0
Parma polylepis,-31.58,159.07,2014,2,21,25,1,-32_159,21.248451550801594,23.568195343017575,21.55651573930956,23.92517791475569,NA,NA,0
Parma polylepis,-31.57,159.07,2014,2,21,2.5,10,-32_159,21.248451550801594,23.568195343017575,21.55651573930956,23.92517791475569,NA,NA,0
Parma polylepis,-31.57,159.07,2014,2,21,5,5,-32_159,21.248451550801594,23.568195343017575,21.55651573930956,23.92517791475569,NA,NA,0
Parma polylepis,-31.57,159.07,2014,2,21,10,5,-32_159,21.248451550801594,23.568195343017575,21.55651573930956,23.92517791475569,NA,NA,0
Parma polylepis,-31.57,159.07,2014,2,21,15,10,-32_159,21.248451550801594,23.568195343017575,21.55651573930956,23.92517791475569,NA,NA,0
Parma polylepis,-31.57,159.07,2014,2,21,15,1,-32_159,21.248451550801594,23.568195343017575,21.55651573930956,23.92517791475569,NA,NA,0
Parma polylepis,-31.55,159.06,2014,2,27,20,1,-32_159,21.248451550801594,23.568195343017575,21.55651573930956,23.92517791475569,2004,Lord Howe Island Marine Park,1
Parma polylepis,-31.55,159.06,2014,2,27,25,1,-32_159,21.248451550801594,23.568195343017575,21.55651573930956,23.92517791475569,2004,Lord Howe Island Marine Park,1
Parma polylepis,-31.55,159.07,2014,2,27,5,10,-32_159,21.248451550801594,23.568195343017575,21.55651573930956,23.92517791475569,NA,NA,0
Parma polylepis,-31.55,159.07,2014,2,27,15,1,-32_159,21.248451550801594,23.568195343017575,21.55651573930956,23.92517791475569,NA,NA,0
Parma polylepis,-31.55,159.07,2014,2,27,5,10,-32_159,21.248451550801594,23.568195343017575,21.55651573930956,23.92517791475569,NA,NA,0
Parma polylepis,-31.55,159.07,2014,2,27,12.5,5,-32_159,21.248451550801594,23.568195343017575,21.55651573930956,23.92517791475569,NA,NA,0
Parma polylepis,-31.55,159.07,2014,2,27,15,2,-32_159,21.248451550801594,23.568195343017575,21.55651573930956,23.92517791475569,NA,NA,0
Parma polylepis,-31.55,159.07,2014,2,27,20,2,-32_159,21.248451550801594,23.568195343017575,21.55651573930956,23.92517791475569,NA,NA,0
Parma polylepis,-31.57,159.07,2014,2,21,20,2,-32_159,21.248451550801594,23.568195343017575,21.55651573930956,23.92517791475569,NA,NA,0
Parma polylepis,-31.57,159.07,2014,2,21,25,1,-32_159,21.248451550801594,23.568195343017575,21.55651573930956,23.92517791475569,NA,NA,0
Parma polylepis,-31.56,159.07,2014,2,17,15,3,-32_159,21.248451550801594,23.568195343017575,21.55651573930956,23.92517791475569,NA,NA,0
Parma polylepis,-31.56,159.07,2014,2,17,20,2,-32_159,21.248451550801594,23.568195343017575,21.55651573930956,23.92517791475569,NA,NA,0
Parma polylepis,-31.56,159.07,2014,2,17,5,1,-32_159,21.248451550801594,23.568195343017575,21.55651573930956,23.92517791475569,NA,NA,0
Parma polylepis,-31.56,159.07,2014,2,17,15,1,-32_159,21.248451550801594,23.568195343017575,21.55651573930956,23.92517791475569,NA,NA,0
Parma polylepis,-31.56,159.07,2014,2,17,10,3,-32_159,21.248451550801594,23.568195343017575,21.55651573930956,23.92517791475569,NA,NA,0
Parma polylepis,-31.56,159.07,2014,2,17,12.5,2,-32_159,21.248451550801594,23.568195343017575,21.55651573930956,23.92517791475569,NA,NA,0
Parma polylepis,-31.56,159.07,2014,2,17,15,5,-32_159,21.248451550801594,23.568195343017575,21.55651573930956,23.92517791475569,NA,NA,0
Parma polylepis,-31.56,159.07,2014,2,17,20,2,-32_159,21.248451550801594,23.568195343017575,21.55651573930956,23.92517791475569,NA,NA,0
Parma polylepis,-31.6,159.08,2014,2,18,15,2,-32_159,21.248451550801594,23.568195343017575,21.55651573930956,23.92517791475569,2004,Lord Howe Island Marine Park,1
Parma polylepis,-31.6,159.08,2014,2,18,20,2,-32_159,21.248451550801594,23.568195343017575,21.55651573930956,23.92517791475569,2004,Lord Howe Island Marine Park,1
Parma polylepis,-31.6,159.08,2014,2,18,2.5,1,-32_159,21.248451550801594,23.568195343017575,21.55651573930956,23.92517791475569,2004,Lord Howe Island Marine Park,1
Parma polylepis,-31.6,159.08,2014,2,18,20,1,-32_159,21.248451550801594,23.568195343017575,21.55651573930956,23.92517791475569,2004,Lord Howe Island Marine Park,1
Parma polylepis,-31.57,159.1,2014,2,18,10,5,-32_159,21.248451550801594,23.568195343017575,21.55651573930956,23.92517791475569,2004,Lord Howe Island Marine Park,1
Parma polylepis,-31.57,159.1,2014,2,18,10,1,-32_159,21.248451550801594,23.568195343017575,21.55651573930956,23.92517791475569,2004,Lord Howe Island Marine Park,1
Parma polylepis,-31.57,159.1,2014,2,18,15,1,-32_159,21.248451550801594,23.568195343017575,21.55651573930956,23.92517791475569,2004,Lord Howe Island Marine Park,1
Parma polylepis,-31.57,159.1,2014,2,18,20,2,-32_159,21.248451550801594,23.568195343017575,21.55651573930956,23.92517791475569,2004,Lord Howe Island Marine Park,1
Parma polylepis,-31.51,159.05,2014,2,27,25,2,-32_159,21.248451550801594,23.568195343017575,21.55651573930956,23.92517791475569,2004,Lord Howe Island Marine Park,1
Parma polylepis,-31.51,159.05,2014,2,27,30,1,-32_159,21.248451550801594,23.568195343017575,21.55651573930956,23.92517791475569,2004,Lord Howe Island Marine Park,1
Parma polylepis,-31.51,159.05,2014,2,27,15,1,-32_159,21.248451550801594,23.568195343017575,21.55651573930956,23.92517791475569,2004,Lord Howe Island Marine Park,1
Parma polylepis,-31.53,159.05,2014,2,21,25,3,-32_159,21.248451550801594,23.568195343017575,21.55651573930956,23.92517791475569,NA,NA,0
Parma polylepis,-31.53,159.05,2014,2,21,30,2,-32_159,21.248451550801594,23.568195343017575,21.55651573930956,23.92517791475569,NA,NA,0
Parma polylepis,-31.53,159.05,2014,2,21,15,2,-32_159,21.248451550801594,23.568195343017575,21.55651573930956,23.92517791475569,NA,NA,0
Parma polylepis,-31.53,159.05,2014,2,21,20,3,-32_159,21.248451550801594,23.568195343017575,21.55651573930956,23.92517791475569,NA,NA,0
Parma polylepis,-31.53,159.05,2014,2,21,25,1,-32_159,21.248451550801594,23.568195343017575,21.55651573930956,23.92517791475569,NA,NA,0
Parma polylepis,-31.53,159.05,2014,2,21,30,3,-32_159,21.248451550801594,23.568195343017575,21.55651573930956,23.92517791475569,NA,NA,0
Parma polylepis,-31.5,159.07,2014,2,18,15,3,-32_159,21.248451550801594,23.568195343017575,21.55651573930956,23.92517791475569,2004,Lord Howe Island Marine Park,1
Parma polylepis,-31.5,159.07,2014,2,18,10,2,-32_159,21.248451550801594,23.568195343017575,21.55651573930956,23.92517791475569,2004,Lord Howe Island Marine Park,1
Parma polylepis,-31.5,159.07,2014,2,18,15,2,-32_159,21.248451550801594,23.568195343017575,21.55651573930956,23.92517791475569,2004,Lord Howe Island Marine Park,1
Parma polylepis,-31.5,159.07,2014,2,19,15,20,-32_159,21.248451550801594,23.568195343017575,21.55651573930956,23.92517791475569,2004,Lord Howe Island Marine Park,1
Parma polylepis,-31.5,159.07,2014,2,19,5,10,-32_159,21.248451550801594,23.568195343017575,21.55651573930956,23.92517791475569,2004,Lord Howe Island Marine Park,1
Parma polylepis,-31.52,159.04,2014,2,17,15,8,-32_159,21.248451550801594,23.568195343017575,21.55651573930956,23.92517791475569,2004,Lord Howe Island Marine Park,1
Parma polylepis,-31.52,159.05,2014,2,16,7.5,2,-32_159,21.248451550801594,23.568195343017575,21.55651573930956,23.92517791475569,2004,Lord Howe Island Marine Park,1
Parma polylepis,-31.51,159.04,2014,2,20,5,5,-32_159,21.248451550801594,23.568195343017575,21.55651573930956,23.92517791475569,NA,NA,0
Parma polylepis,-31.51,159.04,2014,2,20,15,1,-32_159,21.248451550801594,23.568195343017575,21.55651573930956,23.92517791475569,NA,NA,0
Parma polylepis,-31.51,159.04,2014,2,20,5,1,-32_159,21.248451550801594,23.568195343017575,21.55651573930956,23.92517791475569,NA,NA,0
Parma polylepis,-31.51,159.04,2014,2,20,15,3,-32_159,21.248451550801594,23.568195343017575,21.55651573930956,23.92517791475569,NA,NA,0
Parma polylepis,-31.51,159.06,2014,2,18,15,3,-32_159,21.248451550801594,23.568195343017575,21.55651573930956,23.92517791475569,2004,Lord Howe Island Marine Park,1
Parma polylepis,-31.51,159.06,2014,2,18,12.5,3,-32_159,21.248451550801594,23.568195343017575,21.55651573930956,23.92517791475569,2004,Lord Howe Island Marine Park,1
Parma polylepis,-31.51,159.06,2014,2,18,15,4,-32_159,21.248451550801594,23.568195343017575,21.55651573930956,23.92517791475569,2004,Lord Howe Island Marine Park,1
Parma polylepis,-31.52,159.05,2014,2,25,15,3,-32_159,21.248451550801594,23.568195343017575,21.55651573930956,23.92517791475569,2004,Lord Howe Island Marine Park,1
Parma polylepis,-31.52,159.04,2014,2,21,15,2,-32_159,21.248451550801594,23.568195343017575,21.55651573930956,23.92517791475569,NA,NA,0
Parma polylepis,-31.52,159.04,2014,2,21,20,2,-32_159,21.248451550801594,23.568195343017575,21.55651573930956,23.92517791475569,NA,NA,0
Parma polylepis,-31.52,159.04,2014,2,21,15,4,-32_159,21.248451550801594,23.568195343017575,21.55651573930956,23.92517791475569,NA,NA,0
Parma polylepis,-31.54,159.05,2014,2,27,25,1,-32_159,21.248451550801594,23.568195343017575,21.55651573930956,23.92517791475569,2004,Lord Howe Island Marine Park,1
Parma polylepis,-31.54,159.05,2014,2,27,5,5,-32_159,21.248451550801594,23.568195343017575,21.55651573930956,23.92517791475569,2004,Lord Howe Island Marine Park,1
Parma polylepis,-31.54,159.05,2014,2,27,15,1,-32_159,21.248451550801594,23.568195343017575,21.55651573930956,23.92517791475569,2004,Lord Howe Island Marine Park,1
Parma polylepis,-31.54,159.05,2014,2,27,20,1,-32_159,21.248451550801594,23.568195343017575,21.55651573930956,23.92517791475569,2004,Lord Howe Island Marine Park,1
Parma polylepis,-31.54,159.05,2014,2,27,25,1,-32_159,21.248451550801594,23.568195343017575,21.55651573930956,23.92517791475569,2004,Lord Howe Island Marine Park,1
Parma polylepis,-31.54,159.05,2014,2,27,12.5,1,-32_159,21.248451550801594,23.568195343017575,21.55651573930956,23.92517791475569,2004,Lord Howe Island Marine Park,1
Parma polylepis,-31.53,159.05,2014,2,17,7.5,6,-32_159,21.248451550801594,23.568195343017575,21.55651573930956,23.92517791475569,NA,NA,0
Parma polylepis,-31.53,159.05,2014,2,17,12.5,4,-32_159,21.248451550801594,23.568195343017575,21.55651573930956,23.92517791475569,NA,NA,0
Parma polylepis,-31.53,159.05,2014,2,17,20,2,-32_159,21.248451550801594,23.568195343017575,21.55651573930956,23.92517791475569,NA,NA,0
Parma polylepis,-31.53,159.05,2014,2,17,12.5,1,-32_159,21.248451550801594,23.568195343017575,21.55651573930956,23.92517791475569,NA,NA,0
Parma polylepis,-31.53,159.05,2014,2,17,20,3,-32_159,21.248451550801594,23.568195343017575,21.55651573930956,23.92517791475569,NA,NA,0
Parma polylepis,-31.52,159.07,2014,2,23,5,2,-32_159,21.248451550801594,23.568195343017575,21.55651573930956,23.92517791475569,2004,Lord Howe Island Marine Park,1
Parma polylepis,-31.52,159.07,2014,2,23,12.5,4,-32_159,21.248451550801594,23.568195343017575,21.55651573930956,23.92517791475569,2004,Lord Howe Island Marine Park,1
Parma polylepis,-31.52,159.07,2014,2,23,5,10,-32_159,21.248451550801594,23.568195343017575,21.55651573930956,23.92517791475569,2004,Lord Howe Island Marine Park,1
Parma polylepis,-31.55,159.06,2014,2,20,5,10,-32_159,21.248451550801594,23.568195343017575,21.55651573930956,23.92517791475569,2004,Lord Howe Island Marine Park,1
Parma polylepis,-31.55,159.06,2014,2,20,12.5,2,-32_159,21.248451550801594,23.568195343017575,21.55651573930956,23.92517791475569,2004,Lord Howe Island Marine Park,1
Parma polylepis,-31.55,159.06,2014,2,20,15,2,-32_159,21.248451550801594,23.568195343017575,21.55651573930956,23.92517791475569,2004,Lord Howe Island Marine Park,1
Parma polylepis,-31.55,159.06,2014,2,20,12.5,4,-32_159,21.248451550801594,23.568195343017575,21.55651573930956,23.92517791475569,2004,Lord Howe Island Marine Park,1
Parma polylepis,-31.5,159.06,2014,2,19,15,5,-32_159,21.248451550801594,23.568195343017575,21.55651573930956,23.92517791475569,2004,Lord Howe Island Marine Park,1
Parma polylepis,-31.5,159.06,2014,2,19,15,4,-32_159,21.248451550801594,23.568195343017575,21.55651573930956,23.92517791475569,2004,Lord Howe Island Marine Park,1
Parma polylepis,-31.58,159.07,2014,2,21,20,3,-32_159,21.248451550801594,23.568195343017575,21.55651573930956,23.92517791475569,NA,NA,0
Parma polylepis,-31.58,159.07,2014,2,21,15,1,-32_159,21.248451550801594,23.568195343017575,21.55651573930956,23.92517791475569,NA,NA,0
Parma polylepis,-31.58,159.07,2014,2,21,20,1,-32_159,21.248451550801594,23.568195343017575,21.55651573930956,23.92517791475569,NA,NA,0
Parma polylepis,-31.57,159.07,2014,2,21,10,2,-32_159,21.248451550801594,23.568195343017575,21.55651573930956,23.92517791475569,NA,NA,0
Parma polylepis,-31.57,159.07,2014,2,21,12.5,1,-32_159,21.248451550801594,23.568195343017575,21.55651573930956,23.92517791475569,NA,NA,0
Parma polylepis,-31.57,159.07,2014,2,21,20,1,-32_159,21.248451550801594,23.568195343017575,21.55651573930956,23.92517791475569,NA,NA,0
Parma polylepis,-31.56,159.07,2014,2,17,15,3,-32_159,21.248451550801594,23.568195343017575,21.55651573930956,23.92517791475569,NA,NA,0
Parma polylepis,-31.56,159.07,2014,2,17,7.5,1,-32_159,21.248451550801594,23.568195343017575,21.55651573930956,23.92517791475569,NA,NA,0
Parma polylepis,-31.56,159.07,2014,2,17,12.5,1,-32_159,21.248451550801594,23.568195343017575,21.55651573930956,23.92517791475569,NA,NA,0
Parma polylepis,-31.56,159.07,2014,2,17,15,1,-32_159,21.248451550801594,23.568195343017575,21.55651573930956,23.92517791475569,NA,NA,0
Parma polylepis,-31.56,159.07,2014,2,17,15,1,-32_159,21.248451550801594,23.568195343017575,21.55651573930956,23.92517791475569,NA,NA,0
Parma polylepis,-31.56,159.07,2014,2,17,20,1,-32_159,21.248451550801594,23.568195343017575,21.55651573930956,23.92517791475569,NA,NA,0
Parma polylepis,-31.56,159.07,2014,2,17,7.5,2,-32_159,21.248451550801594,23.568195343017575,21.55651573930956,23.92517791475569,NA,NA,0
Parma polylepis,-31.56,159.07,2014,2,17,10,2,-32_159,21.248451550801594,23.568195343017575,21.55651573930956,23.92517791475569,NA,NA,0
Parma polylepis,-31.6,159.08,2014,2,18,15,1,-32_159,21.248451550801594,23.568195343017575,21.55651573930956,23.92517791475569,2004,Lord Howe Island Marine Park,1
Parma polylepis,-31.6,159.08,2014,2,18,20,2,-32_159,21.248451550801594,23.568195343017575,21.55651573930956,23.92517791475569,2004,Lord Howe Island Marine Park,1
Parma polylepis,-31.6,159.08,2014,2,18,12.5,1,-32_159,21.248451550801594,23.568195343017575,21.55651573930956,23.92517791475569,2004,Lord Howe Island Marine Park,1
Parma polylepis,-31.57,159.1,2014,2,18,20,1,-32_159,21.248451550801594,23.568195343017575,21.55651573930956,23.92517791475569,2004,Lord Howe Island Marine Park,1
Parma polylepis,-31.57,159.1,2014,2,18,10,2,-32_159,21.248451550801594,23.568195343017575,21.55651573930956,23.92517791475569,2004,Lord Howe Island Marine Park,1
Parma polylepis,-31.57,159.1,2014,2,18,12.5,1,-32_159,21.248451550801594,23.568195343017575,21.55651573930956,23.92517791475569,2004,Lord Howe Island Marine Park,1
Parma polylepis,-31.57,159.1,2014,2,18,15,1,-32_159,21.248451550801594,23.568195343017575,21.55651573930956,23.92517791475569,2004,Lord Howe Island Marine Park,1
Parma polylepis,-31.56,159.1,2014,2,18,20,3,-32_159,21.248451550801594,23.568195343017575,21.55651573930956,23.92517791475569,NA,NA,0
Parma polylepis,-31.52,159.05,2014,2,16,7.5,1,-32_159,21.248451550801594,23.568195343017575,21.55651573930956,23.92517791475569,2004,Lord Howe Island Marine Park,1
Parma polylepis,-31.55,159.06,2014,2,27,15,1,-32_159,21.248451550801594,23.568195343017575,21.55651573930956,23.92517791475569,2004,Lord Howe Island Marine Park,1
Parma polylepis,-31.55,159.06,2014,2,27,12.5,10,-32_159,21.248451550801594,23.568195343017575,21.55651573930956,23.92517791475569,2004,Lord Howe Island Marine Park,1
Parma polylepis,-31.55,159.06,2014,2,27,15,5,-32_159,21.248451550801594,23.568195343017575,21.55651573930956,23.92517791475569,2004,Lord Howe Island Marine Park,1
Parma polylepis,-31.55,159.06,2014,2,27,20,1,-32_159,21.248451550801594,23.568195343017575,21.55651573930956,23.92517791475569,2004,Lord Howe Island Marine Park,1
Parma polylepis,-31.55,159.06,2014,2,27,15,1,-32_159,21.248451550801594,23.568195343017575,21.55651573930956,23.92517791475569,2004,Lord Howe Island Marine Park,1
Parma polylepis,-31.76,159.24,2014,2,20,20,1,-32_159,21.248451550801594,23.568195343017575,21.55651573930956,23.92517791475569,NA,NA,0
Parma polylepis,-31.75,159.24,2014,2,20,20,1,-32_159,21.248451550801594,23.568195343017575,21.55651573930956,23.92517791475569,2004,Lord Howe Island Marine Park,1
Parma polylepis,-31.52,159.03,2014,2,21,20,2,-32_159,21.248451550801594,23.568195343017575,21.55651573930956,23.92517791475569,NA,NA,0
Parma polylepis,-31.52,159.03,2014,2,21,25,1,-32_159,21.248451550801594,23.568195343017575,21.55651573930956,23.92517791475569,NA,NA,0
Parma polylepis,-31.52,159.03,2014,2,21,15,4,-32_159,21.248451550801594,23.568195343017575,21.55651573930956,23.92517791475569,NA,NA,0
Parma polylepis,-31.52,159.03,2014,2,21,20,2,-32_159,21.248451550801594,23.568195343017575,21.55651573930956,23.92517791475569,NA,NA,0
Parma polylepis,-31.52,159.03,2014,2,21,25,1,-32_159,21.248451550801594,23.568195343017575,21.55651573930956,23.92517791475569,NA,NA,0
Parma polylepis,-31.52,159.03,2014,2,21,15,1,-32_159,21.248451550801594,23.568195343017575,21.55651573930956,23.92517791475569,NA,NA,0
Parma polylepis,-31.76,159.24,2014,2,20,20,1,-32_159,21.248451550801594,23.568195343017575,21.55651573930956,23.92517791475569,NA,NA,0
Parma polylepis,-31.53,159.06,2014,2,16,15,2,-32_159,21.248451550801594,23.568195343017575,21.55651573930956,23.92517791475569,NA,NA,0
Parma polylepis,-31.53,159.06,2014,2,16,20,1,-32_159,21.248451550801594,23.568195343017575,21.55651573930956,23.92517791475569,NA,NA,0
Parma polylepis,-31.52,159.08,2014,2,19,20,3,-32_159,21.248451550801594,23.568195343017575,21.55651573930956,23.92517791475569,NA,NA,0
Parma polylepis,-31.52,159.08,2014,2,19,7.5,1,-32_159,21.248451550801594,23.568195343017575,21.55651573930956,23.92517791475569,NA,NA,0
Parma polylepis,-31.52,159.08,2014,2,19,15,3,-32_159,21.248451550801594,23.568195343017575,21.55651573930956,23.92517791475569,NA,NA,0
Parma polylepis,-31.53,159.05,2014,2,19,15,2,-32_159,21.248451550801594,23.568195343017575,21.55651573930956,23.92517791475569,NA,NA,0
Parma polylepis,-31.53,159.05,2014,2,19,20,1,-32_159,21.248451550801594,23.568195343017575,21.55651573930956,23.92517791475569,NA,NA,0
Parma polylepis,-31.53,159.05,2014,2,19,12.5,2,-32_159,21.248451550801594,23.568195343017575,21.55651573930956,23.92517791475569,NA,NA,0
Parma polylepis,-31.53,159.05,2014,2,19,15,1,-32_159,21.248451550801594,23.568195343017575,21.55651573930956,23.92517791475569,NA,NA,0
Parma polylepis,-31.53,159.05,2014,2,19,20,2,-32_159,21.248451550801594,23.568195343017575,21.55651573930956,23.92517791475569,NA,NA,0
Parma polylepis,-31.54,159.11,2014,2,19,12.5,2,-32_159,21.248451550801594,23.568195343017575,21.55651573930956,23.92517791475569,NA,NA,0
Parma polylepis,-31.54,159.11,2014,2,19,20,3,-32_159,21.248451550801594,23.568195343017575,21.55651573930956,23.92517791475569,NA,NA,0
Parma polylepis,-31.54,159.11,2014,2,19,12.5,1,-32_159,21.248451550801594,23.568195343017575,21.55651573930956,23.92517791475569,NA,NA,0
Parma polylepis,-31.52,159.07,2014,2,23,12.5,1,-32_159,21.248451550801594,23.568195343017575,21.55651573930956,23.92517791475569,2004,Lord Howe Island Marine Park,1
Parma polylepis,-31.52,159.07,2014,2,23,20,5,-32_159,21.248451550801594,23.568195343017575,21.55651573930956,23.92517791475569,2004,Lord Howe Island Marine Park,1
Parma polylepis,-31.52,159.07,2014,2,23,7.5,1,-32_159,21.248451550801594,23.568195343017575,21.55651573930956,23.92517791475569,2004,Lord Howe Island Marine Park,1
Parma polylepis,-31.52,159.07,2014,2,23,15,1,-32_159,21.248451550801594,23.568195343017575,21.55651573930956,23.92517791475569,2004,Lord Howe Island Marine Park,1
Parma polylepis,-31.52,159.07,2014,2,23,20,2,-32_159,21.248451550801594,23.568195343017575,21.55651573930956,23.92517791475569,2004,Lord Howe Island Marine Park,1
Parma polylepis,-31.53,159.05,2014,2,21,12.5,2,-32_159,21.248451550801594,23.568195343017575,21.55651573930956,23.92517791475569,NA,NA,0
Parma polylepis,-31.53,159.05,2014,2,21,20,5,-32_159,21.248451550801594,23.568195343017575,21.55651573930956,23.92517791475569,NA,NA,0
Parma polylepis,-31.53,159.05,2014,2,21,10,1,-32_159,21.248451550801594,23.568195343017575,21.55651573930956,23.92517791475569,NA,NA,0
Parma polylepis,-31.53,159.05,2014,2,21,12.5,1,-32_159,21.248451550801594,23.568195343017575,21.55651573930956,23.92517791475569,NA,NA,0
Parma polylepis,-31.54,159.07,2014,2,24,15,1,-32_159,21.248451550801594,23.568195343017575,21.55651573930956,23.92517791475569,2004,Lord Howe Island Marine Park,1
Parma polylepis,-31.55,159.07,2014,2,27,12.5,4,-32_159,21.248451550801594,23.568195343017575,21.55651573930956,23.92517791475569,NA,NA,0
Parma polylepis,-31.55,159.07,2014,2,27,15,5,-32_159,21.248451550801594,23.568195343017575,21.55651573930956,23.92517791475569,NA,NA,0
Parma polylepis,-31.55,159.07,2014,2,27,20,3,-32_159,21.248451550801594,23.568195343017575,21.55651573930956,23.92517791475569,NA,NA,0
Parma polylepis,-31.55,159.07,2014,2,27,7.5,1,-32_159,21.248451550801594,23.568195343017575,21.55651573930956,23.92517791475569,NA,NA,0
Parma polylepis,-31.55,159.07,2014,2,27,15,1,-32_159,21.248451550801594,23.568195343017575,21.55651573930956,23.92517791475569,NA,NA,0
Parma polylepis,-31.55,159.07,2014,2,27,12.5,3,-32_159,21.248451550801594,23.568195343017575,21.55651573930956,23.92517791475569,NA,NA,0
Parma polylepis,-31.55,159.07,2014,2,27,15,2,-32_159,21.248451550801594,23.568195343017575,21.55651573930956,23.92517791475569,NA,NA,0
Parma polylepis,-31.55,159.07,2014,2,27,20,1,-32_159,21.248451550801594,23.568195343017575,21.55651573930956,23.92517791475569,NA,NA,0
Parma polylepis,-31.55,159.07,2014,2,27,7.5,1,-32_159,21.248451550801594,23.568195343017575,21.55651573930956,23.92517791475569,NA,NA,0
Parma polylepis,-31.55,159.07,2014,2,27,15,8,-32_159,21.248451550801594,23.568195343017575,21.55651573930956,23.92517791475569,NA,NA,0
Parma polylepis,-31.52,159.04,2014,2,21,5,1,-32_159,21.248451550801594,23.568195343017575,21.55651573930956,23.92517791475569,NA,NA,0
Parma polylepis,-31.52,159.04,2014,2,21,20,2,-32_159,21.248451550801594,23.568195343017575,21.55651573930956,23.92517791475569,NA,NA,0
Parma polylepis,-31.52,159.04,2014,2,21,25,2,-32_159,21.248451550801594,23.568195343017575,21.55651573930956,23.92517791475569,NA,NA,0
Parma polylepis,-31.52,159.04,2014,2,21,10,1,-32_159,21.248451550801594,23.568195343017575,21.55651573930956,23.92517791475569,NA,NA,0
Parma polylepis,-31.52,159.04,2014,2,21,15,1,-32_159,21.248451550801594,23.568195343017575,21.55651573930956,23.92517791475569,NA,NA,0
Parma polylepis,-31.5,159.07,2014,2,18,5,3,-32_159,21.248451550801594,23.568195343017575,21.55651573930956,23.92517791475569,2004,Lord Howe Island Marine Park,1
Parma polylepis,-31.5,159.07,2014,2,18,7.5,2,-32_159,21.248451550801594,23.568195343017575,21.55651573930956,23.92517791475569,2004,Lord Howe Island Marine Park,1
Parma polylepis,-31.5,159.07,2014,2,18,10,2,-32_159,21.248451550801594,23.568195343017575,21.55651573930956,23.92517791475569,2004,Lord Howe Island Marine Park,1
Parma polylepis,-31.5,159.07,2014,2,18,12.5,1,-32_159,21.248451550801594,23.568195343017575,21.55651573930956,23.92517791475569,2004,Lord Howe Island Marine Park,1
Parma polylepis,-31.5,159.07,2014,2,18,15,1,-32_159,21.248451550801594,23.568195343017575,21.55651573930956,23.92517791475569,2004,Lord Howe Island Marine Park,1
Parma polylepis,-31.5,159.07,2014,2,18,5,1,-32_159,21.248451550801594,23.568195343017575,21.55651573930956,23.92517791475569,2004,Lord Howe Island Marine Park,1
Parma polylepis,-31.5,159.07,2014,2,18,20,1,-32_159,21.248451550801594,23.568195343017575,21.55651573930956,23.92517791475569,2004,Lord Howe Island Marine Park,1
Parma polylepis,-31.5,159.07,2014,2,18,25,2,-32_159,21.248451550801594,23.568195343017575,21.55651573930956,23.92517791475569,2004,Lord Howe Island Marine Park,1
Parma polylepis,-31.54,159.05,2014,2,27,15,2,-32_159,21.248451550801594,23.568195343017575,21.55651573930956,23.92517791475569,2004,Lord Howe Island Marine Park,1
Parma polylepis,-31.54,159.05,2014,2,27,20,2,-32_159,21.248451550801594,23.568195343017575,21.55651573930956,23.92517791475569,2004,Lord Howe Island Marine Park,1
Parma polylepis,-31.54,159.05,2014,2,27,25,1,-32_159,21.248451550801594,23.568195343017575,21.55651573930956,23.92517791475569,2004,Lord Howe Island Marine Park,1
Parma polylepis,-31.76,159.24,2014,2,20,15,1,-32_159,21.248451550801594,23.568195343017575,21.55651573930956,23.92517791475569,NA,NA,0
Parma polylepis,-31.75,159.24,2014,2,20,20,1,-32_159,21.248451550801594,23.568195343017575,21.55651573930956,23.92517791475569,2004,Lord Howe Island Marine Park,1
Parma polylepis,-31.75,159.24,2014,2,20,25,1,-32_159,21.248451550801594,23.568195343017575,21.55651573930956,23.92517791475569,2004,Lord Howe Island Marine Park,1
Parma polylepis,-31.53,159.06,2014,2,16,10,3,-32_159,21.248451550801594,23.568195343017575,21.55651573930956,23.92517791475569,NA,NA,0
Parma polylepis,-31.53,159.06,2014,2,16,12.5,2,-32_159,21.248451550801594,23.568195343017575,21.55651573930956,23.92517791475569,NA,NA,0
Parma polylepis,-31.53,159.06,2014,2,16,15,2,-32_159,21.248451550801594,23.568195343017575,21.55651573930956,23.92517791475569,NA,NA,0
Parma polylepis,-31.53,159.06,2014,2,16,20,1,-32_159,21.248451550801594,23.568195343017575,21.55651573930956,23.92517791475569,NA,NA,0
Parma polylepis,-31.53,159.06,2014,2,16,25,3,-32_159,21.248451550801594,23.568195343017575,21.55651573930956,23.92517791475569,NA,NA,0
Parma polylepis,-31.53,159.06,2014,2,16,7.5,1,-32_159,21.248451550801594,23.568195343017575,21.55651573930956,23.92517791475569,NA,NA,0
Parma polylepis,-31.53,159.06,2014,2,16,10,1,-32_159,21.248451550801594,23.568195343017575,21.55651573930956,23.92517791475569,NA,NA,0
Parma polylepis,-31.53,159.06,2014,2,16,12.5,3,-32_159,21.248451550801594,23.568195343017575,21.55651573930956,23.92517791475569,NA,NA,0
Parma polylepis,-31.53,159.06,2014,2,16,15,1,-32_159,21.248451550801594,23.568195343017575,21.55651573930956,23.92517791475569,NA,NA,0
Parma polylepis,-31.53,159.05,2014,2,16,15,1,-32_159,21.248451550801594,23.568195343017575,21.55651573930956,23.92517791475569,NA,NA,0
Parma polylepis,-31.53,159.05,2014,2,16,20,1,-32_159,21.248451550801594,23.568195343017575,21.55651573930956,23.92517791475569,NA,NA,0
Parma polylepis,-31.53,159.05,2014,2,16,25,1,-32_159,21.248451550801594,23.568195343017575,21.55651573930956,23.92517791475569,NA,NA,0
Parma polylepis,-31.53,159.05,2014,2,16,20,1,-32_159,21.248451550801594,23.568195343017575,21.55651573930956,23.92517791475569,NA,NA,0
Parma polylepis,-31.53,159.05,2014,2,16,15,1,-32_159,21.248451550801594,23.568195343017575,21.55651573930956,23.92517791475569,NA,NA,0
Parma polylepis,-31.53,159.05,2014,2,16,25,1,-32_159,21.248451550801594,23.568195343017575,21.55651573930956,23.92517791475569,NA,NA,0
Parma polylepis,-31.53,159.05,2014,2,17,15,1,-32_159,21.248451550801594,23.568195343017575,21.55651573930956,23.92517791475569,NA,NA,0
Parma polylepis,-31.53,159.05,2014,2,17,20,1,-32_159,21.248451550801594,23.568195343017575,21.55651573930956,23.92517791475569,NA,NA,0
Parma polylepis,-31.53,159.05,2014,2,17,25,1,-32_159,21.248451550801594,23.568195343017575,21.55651573930956,23.92517791475569,NA,NA,0
Parma polylepis,-31.54,159.05,2014,2,27,15,4,-32_159,21.248451550801594,23.568195343017575,21.55651573930956,23.92517791475569,2004,Lord Howe Island Marine Park,1
Parma polylepis,-31.54,159.05,2014,2,27,20,3,-32_159,21.248451550801594,23.568195343017575,21.55651573930956,23.92517791475569,2004,Lord Howe Island Marine Park,1
Parma polylepis,-31.52,159.04,2014,2,17,20,1,-32_159,21.248451550801594,23.568195343017575,21.55651573930956,23.92517791475569,2004,Lord Howe Island Marine Park,1
Parma polylepis,-31.52,159.04,2014,2,17,25,1,-32_159,21.248451550801594,23.568195343017575,21.55651573930956,23.92517791475569,2004,Lord Howe Island Marine Park,1
Parma polylepis,-31.52,159.04,2014,2,17,15,1,-32_159,21.248451550801594,23.568195343017575,21.55651573930956,23.92517791475569,2004,Lord Howe Island Marine Park,1
Parma polylepis,-31.52,159.04,2014,2,17,20,2,-32_159,21.248451550801594,23.568195343017575,21.55651573930956,23.92517791475569,2004,Lord Howe Island Marine Park,1
Parma polylepis,-31.52,159.04,2014,2,17,25,2,-32_159,21.248451550801594,23.568195343017575,21.55651573930956,23.92517791475569,2004,Lord Howe Island Marine Park,1
Parma polylepis,-31.5,159.07,2014,2,20,12.5,1,-32_159,21.248451550801594,23.568195343017575,21.55651573930956,23.92517791475569,NA,NA,0
Parma polylepis,-31.5,159.07,2014,2,20,15,1,-32_159,21.248451550801594,23.568195343017575,21.55651573930956,23.92517791475569,NA,NA,0
Parma polylepis,-31.5,159.07,2014,2,20,5,1,-32_159,21.248451550801594,23.568195343017575,21.55651573930956,23.92517791475569,NA,NA,0
Parma polylepis,-31.5,159.07,2014,2,20,10,1,-32_159,21.248451550801594,23.568195343017575,21.55651573930956,23.92517791475569,NA,NA,0
Parma polylepis,-31.5,159.07,2014,2,19,7.5,1,-32_159,21.248451550801594,23.568195343017575,21.55651573930956,23.92517791475569,2004,Lord Howe Island Marine Park,1
Parma polylepis,-31.5,159.07,2014,2,19,12.5,1,-32_159,21.248451550801594,23.568195343017575,21.55651573930956,23.92517791475569,2004,Lord Howe Island Marine Park,1
Parma polylepis,-31.5,159.07,2014,2,19,20,3,-32_159,21.248451550801594,23.568195343017575,21.55651573930956,23.92517791475569,2004,Lord Howe Island Marine Park,1
Parma polylepis,-31.5,159.07,2014,2,19,25,1,-32_159,21.248451550801594,23.568195343017575,21.55651573930956,23.92517791475569,2004,Lord Howe Island Marine Park,1
Parma polylepis,-31.5,159.07,2014,2,19,5,1,-32_159,21.248451550801594,23.568195343017575,21.55651573930956,23.92517791475569,2004,Lord Howe Island Marine Park,1
Parma polylepis,-31.5,159.07,2014,2,19,12.5,2,-32_159,21.248451550801594,23.568195343017575,21.55651573930956,23.92517791475569,2004,Lord Howe Island Marine Park,1
Parma polylepis,-31.5,159.07,2014,2,19,15,2,-32_159,21.248451550801594,23.568195343017575,21.55651573930956,23.92517791475569,2004,Lord Howe Island Marine Park,1
Parma polylepis,-31.5,159.07,2014,2,19,20,2,-32_159,21.248451550801594,23.568195343017575,21.55651573930956,23.92517791475569,2004,Lord Howe Island Marine Park,1
Parma polylepis,-31.51,159.04,2014,2,20,7.5,1,-32_159,21.248451550801594,23.568195343017575,21.55651573930956,23.92517791475569,NA,NA,0
Parma polylepis,-31.51,159.04,2014,2,20,12.5,1,-32_159,21.248451550801594,23.568195343017575,21.55651573930956,23.92517791475569,NA,NA,0
Parma polylepis,-31.51,159.04,2014,2,20,20,1,-32_159,21.248451550801594,23.568195343017575,21.55651573930956,23.92517791475569,NA,NA,0
Parma polylepis,-31.51,159.04,2014,2,20,2.5,1,-32_159,21.248451550801594,23.568195343017575,21.55651573930956,23.92517791475569,NA,NA,0
Parma polylepis,-31.51,159.04,2014,2,20,5,5,-32_159,21.248451550801594,23.568195343017575,21.55651573930956,23.92517791475569,NA,NA,0
Parma polylepis,-31.51,159.04,2014,2,20,7.5,3,-32_159,21.248451550801594,23.568195343017575,21.55651573930956,23.92517791475569,NA,NA,0
Parma polylepis,-31.51,159.04,2014,2,20,10,2,-32_159,21.248451550801594,23.568195343017575,21.55651573930956,23.92517791475569,NA,NA,0
Parma polylepis,-31.51,159.04,2014,2,20,15,1,-32_159,21.248451550801594,23.568195343017575,21.55651573930956,23.92517791475569,NA,NA,0
Parma polylepis,-31.51,159.04,2014,2,20,25,1,-32_159,21.248451550801594,23.568195343017575,21.55651573930956,23.92517791475569,NA,NA,0
Parma polylepis,-31.51,159.07,2014,2,23,20,1,-32_159,21.248451550801594,23.568195343017575,21.55651573930956,23.92517791475569,2004,Lord Howe Island Marine Park,1
Parma polylepis,-31.53,159.05,2014,2,16,12.5,1,-32_159,21.248451550801594,23.568195343017575,21.55651573930956,23.92517791475569,NA,NA,0
Parma polylepis,-31.53,159.05,2014,2,16,15,2,-32_159,21.248451550801594,23.568195343017575,21.55651573930956,23.92517791475569,NA,NA,0
Parma polylepis,-31.53,159.05,2014,2,17,20,2,-32_159,21.248451550801594,23.568195343017575,21.55651573930956,23.92517791475569,NA,NA,0
Parma polylepis,-31.54,159.06,2014,2,18,15,1,-32_159,21.248451550801594,23.568195343017575,21.55651573930956,23.92517791475569,2004,Lord Howe Island Marine Park,1
Parma polylepis,-31.54,159.06,2014,2,18,20,2,-32_159,21.248451550801594,23.568195343017575,21.55651573930956,23.92517791475569,2004,Lord Howe Island Marine Park,1
Parma polylepis,-31.51,159.07,2014,2,23,20,2,-32_159,21.248451550801594,23.568195343017575,21.55651573930956,23.92517791475569,2004,Lord Howe Island Marine Park,1
Parma polylepis,-31.51,159.07,2014,2,23,25,1,-32_159,21.248451550801594,23.568195343017575,21.55651573930956,23.92517791475569,2004,Lord Howe Island Marine Park,1
Parma polylepis,-31.51,159.07,2014,2,23,12.5,1,-32_159,21.248451550801594,23.568195343017575,21.55651573930956,23.92517791475569,2004,Lord Howe Island Marine Park,1
Parma polylepis,-31.51,159.07,2014,2,23,15,2,-32_159,21.248451550801594,23.568195343017575,21.55651573930956,23.92517791475569,2004,Lord Howe Island Marine Park,1
Parma polylepis,-31.51,159.07,2014,2,23,20,1,-32_159,21.248451550801594,23.568195343017575,21.55651573930956,23.92517791475569,2004,Lord Howe Island Marine Park,1
Parma polylepis,-31.54,159.06,2014,2,18,20,1,-32_159,21.248451550801594,23.568195343017575,21.55651573930956,23.92517791475569,2004,Lord Howe Island Marine Park,1
Parma polylepis,-31.54,159.06,2014,2,18,25,1,-32_159,21.248451550801594,23.568195343017575,21.55651573930956,23.92517791475569,2004,Lord Howe Island Marine Park,1
Parma polylepis,-31.54,159.06,2014,2,18,20,2,-32_159,21.248451550801594,23.568195343017575,21.55651573930956,23.92517791475569,2004,Lord Howe Island Marine Park,1
Parma polylepis,-31.53,159.05,2014,2,19,20,3,-32_159,21.248451550801594,23.568195343017575,21.55651573930956,23.92517791475569,NA,NA,0
Parma polylepis,-31.53,159.05,2014,2,19,25,2,-32_159,21.248451550801594,23.568195343017575,21.55651573930956,23.92517791475569,NA,NA,0
Parma polylepis,-31.53,159.05,2014,2,19,20,2,-32_159,21.248451550801594,23.568195343017575,21.55651573930956,23.92517791475569,NA,NA,0
Parma polylepis,-31.51,159.05,2014,2,18,12.5,1,-32_159,21.248451550801594,23.568195343017575,21.55651573930956,23.92517791475569,2004,Lord Howe Island Marine Park,1
Parma polylepis,-31.51,159.05,2014,2,18,15,2,-32_159,21.248451550801594,23.568195343017575,21.55651573930956,23.92517791475569,2004,Lord Howe Island Marine Park,1
Parma polylepis,-31.51,159.05,2014,2,18,20,2,-32_159,21.248451550801594,23.568195343017575,21.55651573930956,23.92517791475569,2004,Lord Howe Island Marine Park,1
Parma polylepis,-31.51,159.05,2014,2,18,25,1,-32_159,21.248451550801594,23.568195343017575,21.55651573930956,23.92517791475569,2004,Lord Howe Island Marine Park,1
Parma polylepis,-31.51,159.05,2014,2,18,15,4,-32_159,21.248451550801594,23.568195343017575,21.55651573930956,23.92517791475569,2004,Lord Howe Island Marine Park,1
Parma polylepis,-31.51,159.05,2014,2,18,20,3,-32_159,21.248451550801594,23.568195343017575,21.55651573930956,23.92517791475569,2004,Lord Howe Island Marine Park,1
Parma polylepis,-31.55,159.06,2014,2,20,10,1,-32_159,21.248451550801594,23.568195343017575,21.55651573930956,23.92517791475569,2004,Lord Howe Island Marine Park,1
Parma polylepis,-31.55,159.06,2014,2,20,15,2,-32_159,21.248451550801594,23.568195343017575,21.55651573930956,23.92517791475569,2004,Lord Howe Island Marine Park,1
Parma polylepis,-31.55,159.06,2014,2,20,20,4,-32_159,21.248451550801594,23.568195343017575,21.55651573930956,23.92517791475569,2004,Lord Howe Island Marine Park,1
Parma polylepis,-31.55,159.06,2014,2,20,25,2,-32_159,21.248451550801594,23.568195343017575,21.55651573930956,23.92517791475569,2004,Lord Howe Island Marine Park,1
Parma polylepis,-31.55,159.06,2014,2,20,12.5,1,-32_159,21.248451550801594,23.568195343017575,21.55651573930956,23.92517791475569,2004,Lord Howe Island Marine Park,1
Parma polylepis,-31.55,159.06,2014,2,20,15,4,-32_159,21.248451550801594,23.568195343017575,21.55651573930956,23.92517791475569,2004,Lord Howe Island Marine Park,1
Parma polylepis,-31.55,159.06,2014,2,20,20,3,-32_159,21.248451550801594,23.568195343017575,21.55651573930956,23.92517791475569,2004,Lord Howe Island Marine Park,1
Parma polylepis,-31.55,159.06,2014,2,20,25,1,-32_159,21.248451550801594,23.568195343017575,21.55651573930956,23.92517791475569,2004,Lord Howe Island Marine Park,1
Parma polylepis,-31.54,159.07,2014,2,24,15,1,-32_159,21.248451550801594,23.568195343017575,21.55651573930956,23.92517791475569,2004,Lord Howe Island Marine Park,1
Parma polylepis,-31.54,159.07,2014,2,24,20,1,-32_159,21.248451550801594,23.568195343017575,21.55651573930956,23.92517791475569,2004,Lord Howe Island Marine Park,1
Parma polylepis,-31.53,159.05,2014,2,21,12.5,1,-32_159,21.248451550801594,23.568195343017575,21.55651573930956,23.92517791475569,NA,NA,0
Parma polylepis,-31.53,159.05,2014,2,21,20,3,-32_159,21.248451550801594,23.568195343017575,21.55651573930956,23.92517791475569,NA,NA,0
Parma polylepis,-31.53,159.05,2014,2,21,25,2,-32_159,21.248451550801594,23.568195343017575,21.55651573930956,23.92517791475569,NA,NA,0
Parma polylepis,-31.53,159.05,2014,2,21,7.5,1,-32_159,21.248451550801594,23.568195343017575,21.55651573930956,23.92517791475569,NA,NA,0
Parma polylepis,-31.53,159.05,2014,2,21,10,1,-32_159,21.248451550801594,23.568195343017575,21.55651573930956,23.92517791475569,NA,NA,0
Parma polylepis,-31.53,159.05,2014,2,21,20,5,-32_159,21.248451550801594,23.568195343017575,21.55651573930956,23.92517791475569,NA,NA,0
Parma polylepis,-31.52,159.08,2014,2,19,15,2,-32_159,21.248451550801594,23.568195343017575,21.55651573930956,23.92517791475569,NA,NA,0
Parma polylepis,-31.52,159.08,2014,2,19,20,4,-32_159,21.248451550801594,23.568195343017575,21.55651573930956,23.92517791475569,NA,NA,0
Parma polylepis,-31.52,159.08,2014,2,19,15,4,-32_159,21.248451550801594,23.568195343017575,21.55651573930956,23.92517791475569,NA,NA,0
Parma polylepis,-31.52,159.08,2014,2,19,20,1,-32_159,21.248451550801594,23.568195343017575,21.55651573930956,23.92517791475569,NA,NA,0
Parma polylepis,-31.54,159.11,2014,2,19,5,5,-32_159,21.248451550801594,23.568195343017575,21.55651573930956,23.92517791475569,NA,NA,0
Parma polylepis,-31.54,159.11,2014,2,19,15,1,-32_159,21.248451550801594,23.568195343017575,21.55651573930956,23.92517791475569,NA,NA,0
Parma polylepis,-31.54,159.11,2014,2,19,5,4,-32_159,21.248451550801594,23.568195343017575,21.55651573930956,23.92517791475569,NA,NA,0
Parma polylepis,-31.54,159.11,2014,2,19,10,1,-32_159,21.248451550801594,23.568195343017575,21.55651573930956,23.92517791475569,NA,NA,0
Parma polylepis,-31.54,159.11,2014,2,19,20,1,-32_159,21.248451550801594,23.568195343017575,21.55651573930956,23.92517791475569,NA,NA,0
Parma polylepis,-31.53,159.05,2014,2,19,15,4,-32_159,21.248451550801594,23.568195343017575,21.55651573930956,23.92517791475569,NA,NA,0
Parma polylepis,-31.53,159.05,2014,2,19,12.5,1,-32_159,21.248451550801594,23.568195343017575,21.55651573930956,23.92517791475569,NA,NA,0
Parma polylepis,-31.53,159.05,2014,2,19,15,3,-32_159,21.248451550801594,23.568195343017575,21.55651573930956,23.92517791475569,NA,NA,0
Parma polylepis,-31.52,159.04,2016,2,15,10,2,-32_159,21.566373189290363,24.46283721923828,21.899912831627415,24.36379255097488,NA,NA,0
Parma polylepis,-31.52,159.04,2016,2,15,12.5,6,-32_159,21.566373189290363,24.46283721923828,21.899912831627415,24.36379255097488,NA,NA,0
Parma polylepis,-31.52,159.04,2016,2,15,15,2,-32_159,21.566373189290363,24.46283721923828,21.899912831627415,24.36379255097488,NA,NA,0
Parma polylepis,-31.52,159.04,2016,2,15,20,3,-32_159,21.566373189290363,24.46283721923828,21.899912831627415,24.36379255097488,NA,NA,0
Parma polylepis,-31.52,159.04,2016,2,15,7.5,2,-32_159,21.566373189290363,24.46283721923828,21.899912831627415,24.36379255097488,2004,Lord Howe Island Marine Park,1
Parma polylepis,-31.52,159.04,2016,2,15,10,4,-32_159,21.566373189290363,24.46283721923828,21.899912831627415,24.36379255097488,2004,Lord Howe Island Marine Park,1
Parma polylepis,-31.52,159.04,2016,2,15,12.5,3,-32_159,21.566373189290363,24.46283721923828,21.899912831627415,24.36379255097488,2004,Lord Howe Island Marine Park,1
Parma polylepis,-31.52,159.04,2016,2,15,15,5,-32_159,21.566373189290363,24.46283721923828,21.899912831627415,24.36379255097488,2004,Lord Howe Island Marine Park,1
Parma polylepis,-31.52,159.04,2016,2,15,20,3,-32_159,21.566373189290363,24.46283721923828,21.899912831627415,24.36379255097488,2004,Lord Howe Island Marine Park,1
Parma polylepis,-31.52,159.04,2016,2,15,7.5,3,-32_159,21.566373189290363,24.46283721923828,21.899912831627415,24.36379255097488,2004,Lord Howe Island Marine Park,1
Parma polylepis,-31.52,159.04,2016,2,15,10,3,-32_159,21.566373189290363,24.46283721923828,21.899912831627415,24.36379255097488,2004,Lord Howe Island Marine Park,1
Parma polylepis,-31.52,159.04,2016,2,15,12.5,4,-32_159,21.566373189290363,24.46283721923828,21.899912831627415,24.36379255097488,2004,Lord Howe Island Marine Park,1
Parma polylepis,-31.52,159.04,2016,2,15,15,3,-32_159,21.566373189290363,24.46283721923828,21.899912831627415,24.36379255097488,2004,Lord Howe Island Marine Park,1
Parma polylepis,-31.52,159.04,2016,2,15,20,4,-32_159,21.566373189290363,24.46283721923828,21.899912831627415,24.36379255097488,2004,Lord Howe Island Marine Park,1
Parma polylepis,-31.52,159.04,2016,2,15,25,2,-32_159,21.566373189290363,24.46283721923828,21.899912831627415,24.36379255097488,2004,Lord Howe Island Marine Park,1
Parma polylepis,-31.52,159.04,2016,2,15,5,1,-32_159,21.566373189290363,24.46283721923828,21.899912831627415,24.36379255097488,2004,Lord Howe Island Marine Park,1
Parma polylepis,-31.52,159.04,2016,2,15,7.5,3,-32_159,21.566373189290363,24.46283721923828,21.899912831627415,24.36379255097488,2004,Lord Howe Island Marine Park,1
Parma polylepis,-31.52,159.04,2016,2,15,10,2,-32_159,21.566373189290363,24.46283721923828,21.899912831627415,24.36379255097488,2004,Lord Howe Island Marine Park,1
Parma polylepis,-31.52,159.04,2016,2,15,7.5,1,-32_159,21.566373189290363,24.46283721923828,21.899912831627415,24.36379255097488,2004,Lord Howe Island Marine Park,1
Parma polylepis,-31.52,159.04,2016,2,15,10,1,-32_159,21.566373189290363,24.46283721923828,21.899912831627415,24.36379255097488,2004,Lord Howe Island Marine Park,1
Parma polylepis,-31.56,159.07,2016,2,16,7.5,1,-32_159,21.566373189290363,24.46283721923828,21.899912831627415,24.36379255097488,NA,NA,0
Parma polylepis,-31.56,159.07,2016,2,16,10,2,-32_159,21.566373189290363,24.46283721923828,21.899912831627415,24.36379255097488,NA,NA,0
Parma polylepis,-31.56,159.07,2016,2,16,12.5,2,-32_159,21.566373189290363,24.46283721923828,21.899912831627415,24.36379255097488,NA,NA,0
Parma polylepis,-31.56,159.07,2016,2,16,15,12,-32_159,21.566373189290363,24.46283721923828,21.899912831627415,24.36379255097488,NA,NA,0
Parma polylepis,-31.56,159.07,2016,2,16,20,2,-32_159,21.566373189290363,24.46283721923828,21.899912831627415,24.36379255097488,NA,NA,0
Parma polylepis,-31.56,159.07,2016,2,16,10,3,-32_159,21.566373189290363,24.46283721923828,21.899912831627415,24.36379255097488,NA,NA,0
Parma polylepis,-31.56,159.07,2016,2,16,20,5,-32_159,21.566373189290363,24.46283721923828,21.899912831627415,24.36379255097488,NA,NA,0
Parma polylepis,-31.56,159.07,2016,2,16,25,4,-32_159,21.566373189290363,24.46283721923828,21.899912831627415,24.36379255097488,NA,NA,0
Parma polylepis,-31.57,159.07,2016,2,16,15,1,-32_159,21.566373189290363,24.46283721923828,21.899912831627415,24.36379255097488,NA,NA,0
Parma polylepis,-31.57,159.07,2016,2,16,20,6,-32_159,21.566373189290363,24.46283721923828,21.899912831627415,24.36379255097488,NA,NA,0
Parma polylepis,-31.57,159.07,2016,2,16,25,5,-32_159,21.566373189290363,24.46283721923828,21.899912831627415,24.36379255097488,NA,NA,0
Parma polylepis,-31.57,159.07,2016,2,16,10,2,-32_159,21.566373189290363,24.46283721923828,21.899912831627415,24.36379255097488,NA,NA,0
Parma polylepis,-31.57,159.07,2016,2,16,12.5,2,-32_159,21.566373189290363,24.46283721923828,21.899912831627415,24.36379255097488,NA,NA,0
Parma polylepis,-31.57,159.07,2016,2,16,15,2,-32_159,21.566373189290363,24.46283721923828,21.899912831627415,24.36379255097488,NA,NA,0
Parma polylepis,-31.57,159.07,2016,2,16,20,4,-32_159,21.566373189290363,24.46283721923828,21.899912831627415,24.36379255097488,NA,NA,0
Parma polylepis,-31.56,159.07,2016,2,16,5,1,-32_159,21.566373189290363,24.46283721923828,21.899912831627415,24.36379255097488,NA,NA,0
Parma polylepis,-31.56,159.07,2016,2,16,7.5,1,-32_159,21.566373189290363,24.46283721923828,21.899912831627415,24.36379255097488,NA,NA,0
Parma polylepis,-31.56,159.07,2016,2,16,10,1,-32_159,21.566373189290363,24.46283721923828,21.899912831627415,24.36379255097488,NA,NA,0
Parma polylepis,-31.56,159.07,2016,2,16,12.5,3,-32_159,21.566373189290363,24.46283721923828,21.899912831627415,24.36379255097488,NA,NA,0
Parma polylepis,-31.57,159.07,2016,2,16,7.5,2,-32_159,21.566373189290363,24.46283721923828,21.899912831627415,24.36379255097488,NA,NA,0
Parma polylepis,-31.57,159.07,2016,2,16,10,1,-32_159,21.566373189290363,24.46283721923828,21.899912831627415,24.36379255097488,NA,NA,0
Parma polylepis,-31.57,159.07,2016,2,16,12.5,1,-32_159,21.566373189290363,24.46283721923828,21.899912831627415,24.36379255097488,NA,NA,0
Parma polylepis,-31.57,159.07,2016,2,16,15,1,-32_159,21.566373189290363,24.46283721923828,21.899912831627415,24.36379255097488,NA,NA,0
Parma polylepis,-31.51,159.05,2016,2,17,12.5,2,-32_159,21.566373189290363,24.46283721923828,21.899912831627415,24.36379255097488,2004,Lord Howe Island Marine Park,1
Parma polylepis,-31.51,159.05,2016,2,17,15,2,-32_159,21.566373189290363,24.46283721923828,21.899912831627415,24.36379255097488,2004,Lord Howe Island Marine Park,1
Parma polylepis,-31.51,159.05,2016,2,17,20,2,-32_159,21.566373189290363,24.46283721923828,21.899912831627415,24.36379255097488,2004,Lord Howe Island Marine Park,1
Parma polylepis,-31.51,159.05,2016,2,17,7.5,1,-32_159,21.566373189290363,24.46283721923828,21.899912831627415,24.36379255097488,2004,Lord Howe Island Marine Park,1
Parma polylepis,-31.51,159.05,2016,2,17,12.5,3,-32_159,21.566373189290363,24.46283721923828,21.899912831627415,24.36379255097488,2004,Lord Howe Island Marine Park,1
Parma polylepis,-31.51,159.04,2016,2,17,7.5,2,-32_159,21.566373189290363,24.46283721923828,21.899912831627415,24.36379255097488,NA,NA,0
Parma polylepis,-31.51,159.04,2016,2,17,10,2,-32_159,21.566373189290363,24.46283721923828,21.899912831627415,24.36379255097488,NA,NA,0
Parma polylepis,-31.51,159.04,2016,2,17,12.5,1,-32_159,21.566373189290363,24.46283721923828,21.899912831627415,24.36379255097488,NA,NA,0
Parma polylepis,-31.51,159.04,2016,2,17,15,2,-32_159,21.566373189290363,24.46283721923828,21.899912831627415,24.36379255097488,NA,NA,0
Parma polylepis,-31.51,159.04,2016,2,17,12.5,2,-32_159,21.566373189290363,24.46283721923828,21.899912831627415,24.36379255097488,NA,NA,0
Parma polylepis,-31.51,159.04,2016,2,17,15,3,-32_159,21.566373189290363,24.46283721923828,21.899912831627415,24.36379255097488,NA,NA,0
Parma polylepis,-31.51,159.04,2016,2,17,20,1,-32_159,21.566373189290363,24.46283721923828,21.899912831627415,24.36379255097488,NA,NA,0
Parma polylepis,-31.51,159.05,2016,2,17,7.5,2,-32_159,21.566373189290363,24.46283721923828,21.899912831627415,24.36379255097488,2004,Lord Howe Island Marine Park,1
Parma polylepis,-31.51,159.05,2016,2,17,10,4,-32_159,21.566373189290363,24.46283721923828,21.899912831627415,24.36379255097488,2004,Lord Howe Island Marine Park,1
Parma polylepis,-31.51,159.05,2016,2,17,10,2,-32_159,21.566373189290363,24.46283721923828,21.899912831627415,24.36379255097488,2004,Lord Howe Island Marine Park,1
Parma polylepis,-31.51,159.05,2016,2,17,20,1,-32_159,21.566373189290363,24.46283721923828,21.899912831627415,24.36379255097488,2004,Lord Howe Island Marine Park,1
Parma polylepis,-31.51,159.04,2016,2,17,5,2,-32_159,21.566373189290363,24.46283721923828,21.899912831627415,24.36379255097488,NA,NA,0
Parma polylepis,-31.51,159.04,2016,2,17,7.5,1,-32_159,21.566373189290363,24.46283721923828,21.899912831627415,24.36379255097488,NA,NA,0
Parma polylepis,-31.51,159.04,2016,2,17,10,1,-32_159,21.566373189290363,24.46283721923828,21.899912831627415,24.36379255097488,NA,NA,0
Parma polylepis,-31.52,159.05,2016,2,19,10,2,-32_159,21.566373189290363,24.46283721923828,21.899912831627415,24.36379255097488,2004,Lord Howe Island Marine Park,1
Parma polylepis,-31.52,159.05,2016,2,19,12.5,2,-32_159,21.566373189290363,24.46283721923828,21.899912831627415,24.36379255097488,2004,Lord Howe Island Marine Park,1
Parma polylepis,-31.52,159.05,2016,2,19,15,4,-32_159,21.566373189290363,24.46283721923828,21.899912831627415,24.36379255097488,2004,Lord Howe Island Marine Park,1
Parma polylepis,-31.54,159.06,2016,2,19,20,2,-32_159,21.566373189290363,24.46283721923828,21.899912831627415,24.36379255097488,2004,Lord Howe Island Marine Park,1
Parma polylepis,-31.54,159.06,2016,2,19,15,2,-32_159,21.566373189290363,24.46283721923828,21.899912831627415,24.36379255097488,2004,Lord Howe Island Marine Park,1
Parma polylepis,-31.5,159.06,2016,2,20,15,1,-32_159,21.566373189290363,24.46283721923828,21.899912831627415,24.36379255097488,2004,Lord Howe Island Marine Park,1
Parma polylepis,-31.5,159.06,2016,2,20,20,2,-32_159,21.566373189290363,24.46283721923828,21.899912831627415,24.36379255097488,2004,Lord Howe Island Marine Park,1
Parma polylepis,-31.53,159.05,2016,2,21,15,3,-32_159,21.566373189290363,24.46283721923828,21.899912831627415,24.36379255097488,NA,NA,0
Parma polylepis,-31.53,159.05,2016,2,21,20,2,-32_159,21.566373189290363,24.46283721923828,21.899912831627415,24.36379255097488,NA,NA,0
Parma polylepis,-31.53,159.05,2016,2,21,12.5,1,-32_159,21.566373189290363,24.46283721923828,21.899912831627415,24.36379255097488,NA,NA,0
Parma polylepis,-31.53,159.05,2016,2,21,15,1,-32_159,21.566373189290363,24.46283721923828,21.899912831627415,24.36379255097488,NA,NA,0
Parma polylepis,-31.53,159.05,2016,2,21,20,1,-32_159,21.566373189290363,24.46283721923828,21.899912831627415,24.36379255097488,NA,NA,0
Parma polylepis,-31.52,159.03,2016,2,22,15,1,-32_159,21.566373189290363,24.46283721923828,21.899912831627415,24.36379255097488,NA,NA,0
Parma polylepis,-31.52,159.03,2016,2,22,20,1,-32_159,21.566373189290363,24.46283721923828,21.899912831627415,24.36379255097488,NA,NA,0
Parma polylepis,-31.52,159.03,2016,2,22,25,2,-32_159,21.566373189290363,24.46283721923828,21.899912831627415,24.36379255097488,NA,NA,0
Parma polylepis,-31.52,159.03,2016,2,22,12.5,1,-32_159,21.566373189290363,24.46283721923828,21.899912831627415,24.36379255097488,NA,NA,0
Parma polylepis,-31.52,159.03,2016,2,22,20,2,-32_159,21.566373189290363,24.46283721923828,21.899912831627415,24.36379255097488,NA,NA,0
Parma polylepis,-31.52,159.04,2016,2,15,10,3,-32_159,21.566373189290363,24.46283721923828,21.899912831627415,24.36379255097488,NA,NA,0
Parma polylepis,-31.52,159.04,2016,2,15,12.5,4,-32_159,21.566373189290363,24.46283721923828,21.899912831627415,24.36379255097488,NA,NA,0
Parma polylepis,-31.52,159.04,2016,2,15,15,3,-32_159,21.566373189290363,24.46283721923828,21.899912831627415,24.36379255097488,NA,NA,0
Parma polylepis,-31.52,159.04,2016,2,15,20,5,-32_159,21.566373189290363,24.46283721923828,21.899912831627415,24.36379255097488,NA,NA,0
Parma polylepis,-31.56,159.07,2016,2,16,7.5,1,-32_159,21.566373189290363,24.46283721923828,21.899912831627415,24.36379255097488,NA,NA,0
Parma polylepis,-31.56,159.07,2016,2,16,10,5,-32_159,21.566373189290363,24.46283721923828,21.899912831627415,24.36379255097488,NA,NA,0
Parma polylepis,-31.56,159.07,2016,2,16,12.5,4,-32_159,21.566373189290363,24.46283721923828,21.899912831627415,24.36379255097488,NA,NA,0
Parma polylepis,-31.57,159.07,2016,2,16,12.5,3,-32_159,21.566373189290363,24.46283721923828,21.899912831627415,24.36379255097488,NA,NA,0
Parma polylepis,-31.57,159.07,2016,2,16,15,3,-32_159,21.566373189290363,24.46283721923828,21.899912831627415,24.36379255097488,NA,NA,0
Parma polylepis,-31.57,159.07,2016,2,16,20,3,-32_159,21.566373189290363,24.46283721923828,21.899912831627415,24.36379255097488,NA,NA,0
Parma polylepis,-31.57,159.07,2016,2,16,5,1,-32_159,21.566373189290363,24.46283721923828,21.899912831627415,24.36379255097488,NA,NA,0
Parma polylepis,-31.57,159.07,2016,2,16,7.5,1,-32_159,21.566373189290363,24.46283721923828,21.899912831627415,24.36379255097488,NA,NA,0
Parma polylepis,-31.57,159.07,2016,2,16,10,1,-32_159,21.566373189290363,24.46283721923828,21.899912831627415,24.36379255097488,NA,NA,0
Parma polylepis,-31.57,159.07,2016,2,16,12.5,6,-32_159,21.566373189290363,24.46283721923828,21.899912831627415,24.36379255097488,NA,NA,0
Parma polylepis,-31.57,159.07,2016,2,16,15,2,-32_159,21.566373189290363,24.46283721923828,21.899912831627415,24.36379255097488,NA,NA,0
Parma polylepis,-31.57,159.07,2016,2,16,15,3,-32_159,21.566373189290363,24.46283721923828,21.899912831627415,24.36379255097488,NA,NA,0
Parma polylepis,-31.57,159.07,2016,2,16,20,4,-32_159,21.566373189290363,24.46283721923828,21.899912831627415,24.36379255097488,NA,NA,0
Parma polylepis,-31.57,159.07,2016,2,16,25,3,-32_159,21.566373189290363,24.46283721923828,21.899912831627415,24.36379255097488,NA,NA,0
Parma polylepis,-31.57,159.07,2016,2,16,12.5,4,-32_159,21.566373189290363,24.46283721923828,21.899912831627415,24.36379255097488,NA,NA,0
Parma polylepis,-31.58,159.07,2016,2,16,12.5,1,-32_159,21.566373189290363,24.46283721923828,21.899912831627415,24.36379255097488,NA,NA,0
Parma polylepis,-31.58,159.07,2016,2,16,15,1,-32_159,21.566373189290363,24.46283721923828,21.899912831627415,24.36379255097488,NA,NA,0
Parma polylepis,-31.53,159.05,2016,2,22,15,2,-32_159,21.566373189290363,24.46283721923828,21.899912831627415,24.36379255097488,NA,NA,0
Parma polylepis,-31.55,159.06,2016,2,23,12.5,2,-32_159,21.566373189290363,24.46283721923828,21.899912831627415,24.36379255097488,2004,Lord Howe Island Marine Park,1
Parma polylepis,-31.55,159.06,2016,2,23,15,3,-32_159,21.566373189290363,24.46283721923828,21.899912831627415,24.36379255097488,2004,Lord Howe Island Marine Park,1
Parma polylepis,-31.55,159.06,2016,2,23,12.5,1,-32_159,21.566373189290363,24.46283721923828,21.899912831627415,24.36379255097488,2004,Lord Howe Island Marine Park,1
Parma polylepis,-31.55,159.06,2016,2,23,15,1,-32_159,21.566373189290363,24.46283721923828,21.899912831627415,24.36379255097488,2004,Lord Howe Island Marine Park,1
Parma polylepis,-31.55,159.06,2016,2,23,15,5,-32_159,21.566373189290363,24.46283721923828,21.899912831627415,24.36379255097488,2004,Lord Howe Island Marine Park,1
Parma polylepis,-31.55,159.06,2016,2,23,20,2,-32_159,21.566373189290363,24.46283721923828,21.899912831627415,24.36379255097488,2004,Lord Howe Island Marine Park,1
Parma polylepis,-31.55,159.06,2016,2,23,12.5,2,-32_159,21.566373189290363,24.46283721923828,21.899912831627415,24.36379255097488,2004,Lord Howe Island Marine Park,1
Parma polylepis,-31.55,159.06,2016,2,23,15,3,-32_159,21.566373189290363,24.46283721923828,21.899912831627415,24.36379255097488,2004,Lord Howe Island Marine Park,1
Parma polylepis,-31.55,159.06,2016,2,23,30,6,-32_159,21.566373189290363,24.46283721923828,21.899912831627415,24.36379255097488,2004,Lord Howe Island Marine Park,1
Parma polylepis,-31.55,159.06,2016,2,23,35,2,-32_159,21.566373189290363,24.46283721923828,21.899912831627415,24.36379255097488,2004,Lord Howe Island Marine Park,1
Parma polylepis,-31.55,159.07,2016,2,16,12.5,2,-32_159,21.566373189290363,24.46283721923828,21.899912831627415,24.36379255097488,NA,NA,0
Parma polylepis,-31.55,159.07,2016,2,16,15,3,-32_159,21.566373189290363,24.46283721923828,21.899912831627415,24.36379255097488,NA,NA,0
Parma polylepis,-31.55,159.06,2016,2,23,10,2,-32_159,21.566373189290363,24.46283721923828,21.899912831627415,24.36379255097488,2004,Lord Howe Island Marine Park,1
Parma polylepis,-31.55,159.06,2016,2,23,12.5,2,-32_159,21.566373189290363,24.46283721923828,21.899912831627415,24.36379255097488,2004,Lord Howe Island Marine Park,1
Parma polylepis,-31.55,159.06,2016,2,23,15,4,-32_159,21.566373189290363,24.46283721923828,21.899912831627415,24.36379255097488,2004,Lord Howe Island Marine Park,1
Parma polylepis,-31.52,159.07,2016,2,24,10,2,-32_159,21.566373189290363,24.46283721923828,21.899912831627415,24.36379255097488,2004,Lord Howe Island Marine Park,1
Parma polylepis,-31.52,159.07,2016,2,24,12.5,10,-32_159,21.566373189290363,24.46283721923828,21.899912831627415,24.36379255097488,2004,Lord Howe Island Marine Park,1
Parma polylepis,-31.52,159.07,2016,2,24,15,5,-32_159,21.566373189290363,24.46283721923828,21.899912831627415,24.36379255097488,2004,Lord Howe Island Marine Park,1
Parma polylepis,-31.52,159.07,2016,2,24,12.5,2,-32_159,21.566373189290363,24.46283721923828,21.899912831627415,24.36379255097488,2004,Lord Howe Island Marine Park,1
Parma polylepis,-31.52,159.07,2016,2,24,20,2,-32_159,21.566373189290363,24.46283721923828,21.899912831627415,24.36379255097488,2004,Lord Howe Island Marine Park,1
Parma polylepis,-31.51,159.05,2016,2,17,20,4,-32_159,21.566373189290363,24.46283721923828,21.899912831627415,24.36379255097488,2004,Lord Howe Island Marine Park,1
Parma polylepis,-31.51,159.05,2016,2,17,25,2,-32_159,21.566373189290363,24.46283721923828,21.899912831627415,24.36379255097488,2004,Lord Howe Island Marine Park,1
Parma polylepis,-31.51,159.05,2016,2,17,15,3,-32_159,21.566373189290363,24.46283721923828,21.899912831627415,24.36379255097488,2004,Lord Howe Island Marine Park,1
Parma polylepis,-31.51,159.05,2016,2,17,20,1,-32_159,21.566373189290363,24.46283721923828,21.899912831627415,24.36379255097488,2004,Lord Howe Island Marine Park,1
Parma polylepis,-31.51,159.05,2016,2,17,25,1,-32_159,21.566373189290363,24.46283721923828,21.899912831627415,24.36379255097488,2004,Lord Howe Island Marine Park,1
Parma polylepis,-31.51,159.05,2016,2,17,20,2,-32_159,21.566373189290363,24.46283721923828,21.899912831627415,24.36379255097488,2004,Lord Howe Island Marine Park,1
Parma polylepis,-31.51,159.05,2016,2,17,25,2,-32_159,21.566373189290363,24.46283721923828,21.899912831627415,24.36379255097488,2004,Lord Howe Island Marine Park,1
Parma polylepis,-31.55,159.07,2016,2,16,20,3,-32_159,21.566373189290363,24.46283721923828,21.899912831627415,24.36379255097488,NA,NA,0
Parma polylepis,-31.51,159.05,2016,2,17,15,3,-32_159,21.566373189290363,24.46283721923828,21.899912831627415,24.36379255097488,2004,Lord Howe Island Marine Park,1
Parma polylepis,-31.51,159.05,2016,2,17,20,4,-32_159,21.566373189290363,24.46283721923828,21.899912831627415,24.36379255097488,2004,Lord Howe Island Marine Park,1
Parma polylepis,-31.51,159.04,2016,2,17,20,3,-32_159,21.566373189290363,24.46283721923828,21.899912831627415,24.36379255097488,NA,NA,0
Parma polylepis,-31.51,159.04,2016,2,17,25,3,-32_159,21.566373189290363,24.46283721923828,21.899912831627415,24.36379255097488,NA,NA,0
Parma polylepis,-31.51,159.04,2016,2,17,20,2,-32_159,21.566373189290363,24.46283721923828,21.899912831627415,24.36379255097488,NA,NA,0
Parma polylepis,-31.53,159.06,2016,2,18,25,3,-32_159,21.566373189290363,24.46283721923828,21.899912831627415,24.36379255097488,NA,NA,0
Parma polylepis,-31.53,159.06,2016,2,18,15,7,-32_159,21.566373189290363,24.46283721923828,21.899912831627415,24.36379255097488,NA,NA,0
Parma polylepis,-31.53,159.06,2016,2,18,20,6,-32_159,21.566373189290363,24.46283721923828,21.899912831627415,24.36379255097488,NA,NA,0
Parma polylepis,-31.53,159.06,2016,2,18,20,5,-32_159,21.566373189290363,24.46283721923828,21.899912831627415,24.36379255097488,NA,NA,0
Parma polylepis,-31.53,159.06,2016,2,18,25,4,-32_159,21.566373189290363,24.46283721923828,21.899912831627415,24.36379255097488,NA,NA,0
Parma polylepis,-31.53,159.06,2016,2,18,10,1,-32_159,21.566373189290363,24.46283721923828,21.899912831627415,24.36379255097488,NA,NA,0
Parma polylepis,-31.53,159.06,2016,2,18,20,1,-32_159,21.566373189290363,24.46283721923828,21.899912831627415,24.36379255097488,NA,NA,0
Parma polylepis,-31.53,159.06,2016,2,18,25,1,-32_159,21.566373189290363,24.46283721923828,21.899912831627415,24.36379255097488,NA,NA,0
Parma polylepis,-31.55,159.07,2016,2,16,12.5,1,-32_159,21.566373189290363,24.46283721923828,21.899912831627415,24.36379255097488,NA,NA,0
Parma polylepis,-31.55,159.07,2016,2,16,15,1,-32_159,21.566373189290363,24.46283721923828,21.899912831627415,24.36379255097488,NA,NA,0
Parma polylepis,-31.52,159.05,2016,2,19,20,1,-32_159,21.566373189290363,24.46283721923828,21.899912831627415,24.36379255097488,2004,Lord Howe Island Marine Park,1
Parma polylepis,-31.54,159.06,2016,2,19,20,2,-32_159,21.566373189290363,24.46283721923828,21.899912831627415,24.36379255097488,2004,Lord Howe Island Marine Park,1
Parma polylepis,-31.51,159.06,2016,2,17,12.5,2,-32_159,21.566373189290363,24.46283721923828,21.899912831627415,24.36379255097488,2004,Lord Howe Island Marine Park,1
Parma polylepis,-31.52,159.05,2016,2,19,15,1,-32_159,21.566373189290363,24.46283721923828,21.899912831627415,24.36379255097488,2004,Lord Howe Island Marine Park,1
Parma polylepis,-31.52,159.05,2016,2,19,20,2,-32_159,21.566373189290363,24.46283721923828,21.899912831627415,24.36379255097488,2004,Lord Howe Island Marine Park,1
Parma polylepis,-31.52,159.05,2016,2,19,20,1,-32_159,21.566373189290363,24.46283721923828,21.899912831627415,24.36379255097488,2004,Lord Howe Island Marine Park,1
Parma polylepis,-31.5,159.07,2016,2,20,10,1,-32_159,21.566373189290363,24.46283721923828,21.899912831627415,24.36379255097488,2004,Lord Howe Island Marine Park,1
Parma polylepis,-31.5,159.07,2016,2,20,12.5,1,-32_159,21.566373189290363,24.46283721923828,21.899912831627415,24.36379255097488,2004,Lord Howe Island Marine Park,1
Parma polylepis,-31.5,159.07,2016,2,20,20,1,-32_159,21.566373189290363,24.46283721923828,21.899912831627415,24.36379255097488,2004,Lord Howe Island Marine Park,1
Parma polylepis,-31.5,159.07,2016,2,20,25,2,-32_159,21.566373189290363,24.46283721923828,21.899912831627415,24.36379255097488,2004,Lord Howe Island Marine Park,1
Parma polylepis,-31.5,159.07,2016,2,20,5,1,-32_159,21.566373189290363,24.46283721923828,21.899912831627415,24.36379255097488,2004,Lord Howe Island Marine Park,1
Parma polylepis,-31.5,159.07,2016,2,20,15,2,-32_159,21.566373189290363,24.46283721923828,21.899912831627415,24.36379255097488,2004,Lord Howe Island Marine Park,1
Parma polylepis,-31.5,159.07,2016,2,20,20,2,-32_159,21.566373189290363,24.46283721923828,21.899912831627415,24.36379255097488,2004,Lord Howe Island Marine Park,1
Parma polylepis,-31.5,159.07,2016,2,20,20,5,-32_159,21.566373189290363,24.46283721923828,21.899912831627415,24.36379255097488,2004,Lord Howe Island Marine Park,1
Parma polylepis,-31.5,159.07,2016,2,20,25,5,-32_159,21.566373189290363,24.46283721923828,21.899912831627415,24.36379255097488,2004,Lord Howe Island Marine Park,1
Parma polylepis,-31.51,159.06,2016,2,17,12.5,5,-32_159,21.566373189290363,24.46283721923828,21.899912831627415,24.36379255097488,2004,Lord Howe Island Marine Park,1
Parma polylepis,-31.5,159.07,2016,2,20,15,2,-32_159,21.566373189290363,24.46283721923828,21.899912831627415,24.36379255097488,2004,Lord Howe Island Marine Park,1
Parma polylepis,-31.5,159.07,2016,2,20,20,1,-32_159,21.566373189290363,24.46283721923828,21.899912831627415,24.36379255097488,2004,Lord Howe Island Marine Park,1
Parma polylepis,-31.51,159.06,2016,2,17,15,5,-32_159,21.566373189290363,24.46283721923828,21.899912831627415,24.36379255097488,2004,Lord Howe Island Marine Park,1
Parma polylepis,-31.51,159.06,2016,2,17,20,2,-32_159,21.566373189290363,24.46283721923828,21.899912831627415,24.36379255097488,2004,Lord Howe Island Marine Park,1
Parma polylepis,-31.5,159.06,2016,2,20,25,4,-32_159,21.566373189290363,24.46283721923828,21.899912831627415,24.36379255097488,2004,Lord Howe Island Marine Park,1
Parma polylepis,-31.5,159.06,2016,2,20,15,2,-32_159,21.566373189290363,24.46283721923828,21.899912831627415,24.36379255097488,2004,Lord Howe Island Marine Park,1
Parma polylepis,-31.5,159.06,2016,2,20,20,3,-32_159,21.566373189290363,24.46283721923828,21.899912831627415,24.36379255097488,2004,Lord Howe Island Marine Park,1
Parma polylepis,-31.5,159.06,2016,2,20,20,2,-32_159,21.566373189290363,24.46283721923828,21.899912831627415,24.36379255097488,2004,Lord Howe Island Marine Park,1
Parma polylepis,-31.5,159.06,2016,2,20,25,4,-32_159,21.566373189290363,24.46283721923828,21.899912831627415,24.36379255097488,2004,Lord Howe Island Marine Park,1
Parma polylepis,-31.53,159.05,2016,2,21,20,5,-32_159,21.566373189290363,24.46283721923828,21.899912831627415,24.36379255097488,NA,NA,0
Parma polylepis,-31.53,159.05,2016,2,21,25,5,-32_159,21.566373189290363,24.46283721923828,21.899912831627415,24.36379255097488,NA,NA,0
Parma polylepis,-31.53,159.05,2016,2,21,20,10,-32_159,21.566373189290363,24.46283721923828,21.899912831627415,24.36379255097488,NA,NA,0
Parma polylepis,-31.53,159.05,2016,2,21,25,15,-32_159,21.566373189290363,24.46283721923828,21.899912831627415,24.36379255097488,NA,NA,0
Parma polylepis,-31.53,159.05,2016,2,21,10,1,-32_159,21.566373189290363,24.46283721923828,21.899912831627415,24.36379255097488,NA,NA,0
Parma polylepis,-31.53,159.05,2016,2,21,20,5,-32_159,21.566373189290363,24.46283721923828,21.899912831627415,24.36379255097488,NA,NA,0
Parma polylepis,-31.53,159.05,2016,2,21,25,5,-32_159,21.566373189290363,24.46283721923828,21.899912831627415,24.36379255097488,NA,NA,0
Parma polylepis,-31.53,159.05,2016,2,21,20,7,-32_159,21.566373189290363,24.46283721923828,21.899912831627415,24.36379255097488,NA,NA,0
Parma polylepis,-31.53,159.05,2016,2,21,25,8,-32_159,21.566373189290363,24.46283721923828,21.899912831627415,24.36379255097488,NA,NA,0
Parma polylepis,-31.53,159.05,2016,2,21,20,3,-32_159,21.566373189290363,24.46283721923828,21.899912831627415,24.36379255097488,NA,NA,0
Parma polylepis,-31.53,159.05,2016,2,21,25,4,-32_159,21.566373189290363,24.46283721923828,21.899912831627415,24.36379255097488,NA,NA,0
Parma polylepis,-31.53,159.05,2016,2,21,20,5,-32_159,21.566373189290363,24.46283721923828,21.899912831627415,24.36379255097488,NA,NA,0
Parma polylepis,-31.53,159.05,2016,2,21,25,15,-32_159,21.566373189290363,24.46283721923828,21.899912831627415,24.36379255097488,NA,NA,0
Parma polylepis,-31.5,159.07,2016,2,22,12.5,1,-32_159,21.566373189290363,24.46283721923828,21.899912831627415,24.36379255097488,NA,NA,0
Parma polylepis,-31.5,159.07,2016,2,22,15,1,-32_159,21.566373189290363,24.46283721923828,21.899912831627415,24.36379255097488,NA,NA,0
Parma polylepis,-31.5,159.07,2016,2,22,25,2,-32_159,21.566373189290363,24.46283721923828,21.899912831627415,24.36379255097488,NA,NA,0
Parma polylepis,-31.5,159.07,2016,2,22,15,2,-32_159,21.566373189290363,24.46283721923828,21.899912831627415,24.36379255097488,NA,NA,0
Parma polylepis,-31.5,159.07,2016,2,22,20,2,-32_159,21.566373189290363,24.46283721923828,21.899912831627415,24.36379255097488,NA,NA,0
Parma polylepis,-31.5,159.07,2016,2,22,25,1,-32_159,21.566373189290363,24.46283721923828,21.899912831627415,24.36379255097488,NA,NA,0
Parma polylepis,-31.52,159.04,2016,2,23,15,1,-32_159,21.566373189290363,24.46283721923828,21.899912831627415,24.36379255097488,2004,Lord Howe Island Marine Park,1
Parma polylepis,-31.52,159.04,2016,2,23,20,1,-32_159,21.566373189290363,24.46283721923828,21.899912831627415,24.36379255097488,2004,Lord Howe Island Marine Park,1
Parma polylepis,-31.52,159.04,2016,2,23,25,2,-32_159,21.566373189290363,24.46283721923828,21.899912831627415,24.36379255097488,2004,Lord Howe Island Marine Park,1
Parma polylepis,-31.52,159.04,2016,2,23,12.5,1,-32_159,21.566373189290363,24.46283721923828,21.899912831627415,24.36379255097488,2004,Lord Howe Island Marine Park,1
Parma polylepis,-31.52,159.04,2016,2,23,20,2,-32_159,21.566373189290363,24.46283721923828,21.899912831627415,24.36379255097488,2004,Lord Howe Island Marine Park,1
Parma polylepis,-31.52,159.04,2016,2,23,25,3,-32_159,21.566373189290363,24.46283721923828,21.899912831627415,24.36379255097488,2004,Lord Howe Island Marine Park,1
Parma polylepis,-31.51,159.06,2016,2,17,12.5,2,-32_159,21.566373189290363,24.46283721923828,21.899912831627415,24.36379255097488,2004,Lord Howe Island Marine Park,1
Parma polylepis,-31.51,159.06,2016,2,17,15,2,-32_159,21.566373189290363,24.46283721923828,21.899912831627415,24.36379255097488,2004,Lord Howe Island Marine Park,1
Parma polylepis,-31.5,159.07,2016,2,23,12.5,1,-32_159,21.566373189290363,24.46283721923828,21.899912831627415,24.36379255097488,2004,Lord Howe Island Marine Park,1
Parma polylepis,-31.5,159.07,2016,2,23,15,2,-32_159,21.566373189290363,24.46283721923828,21.899912831627415,24.36379255097488,2004,Lord Howe Island Marine Park,1
Parma polylepis,-31.5,159.07,2016,2,23,20,3,-32_159,21.566373189290363,24.46283721923828,21.899912831627415,24.36379255097488,2004,Lord Howe Island Marine Park,1
Parma polylepis,-31.5,159.07,2016,2,23,25,9,-32_159,21.566373189290363,24.46283721923828,21.899912831627415,24.36379255097488,2004,Lord Howe Island Marine Park,1
Parma polylepis,-31.5,159.07,2016,2,23,12.5,3,-32_159,21.566373189290363,24.46283721923828,21.899912831627415,24.36379255097488,2004,Lord Howe Island Marine Park,1
Parma polylepis,-31.5,159.07,2016,2,23,15,3,-32_159,21.566373189290363,24.46283721923828,21.899912831627415,24.36379255097488,2004,Lord Howe Island Marine Park,1
Parma polylepis,-31.5,159.07,2016,2,23,20,2,-32_159,21.566373189290363,24.46283721923828,21.899912831627415,24.36379255097488,2004,Lord Howe Island Marine Park,1
Parma polylepis,-31.51,159.04,2016,2,24,15,1,-32_159,21.566373189290363,24.46283721923828,21.899912831627415,24.36379255097488,NA,NA,0
Parma polylepis,-31.51,159.04,2016,2,24,20,2,-32_159,21.566373189290363,24.46283721923828,21.899912831627415,24.36379255097488,NA,NA,0
Parma polylepis,-31.51,159.04,2016,2,24,25,2,-32_159,21.566373189290363,24.46283721923828,21.899912831627415,24.36379255097488,NA,NA,0
Parma polylepis,-31.52,159.04,2016,2,15,10,3,-32_159,21.566373189290363,24.46283721923828,21.899912831627415,24.36379255097488,NA,NA,0
Parma polylepis,-31.52,159.04,2016,2,15,12.5,3,-32_159,21.566373189290363,24.46283721923828,21.899912831627415,24.36379255097488,NA,NA,0
Parma polylepis,-31.52,159.04,2016,2,15,15,4,-32_159,21.566373189290363,24.46283721923828,21.899912831627415,24.36379255097488,NA,NA,0
Parma polylepis,-31.52,159.04,2016,2,15,20,4,-32_159,21.566373189290363,24.46283721923828,21.899912831627415,24.36379255097488,NA,NA,0
Parma polylepis,-31.52,159.04,2016,2,15,25,10,-32_159,21.566373189290363,24.46283721923828,21.899912831627415,24.36379255097488,NA,NA,0
Parma polylepis,-31.52,159.04,2016,2,15,7.5,2,-32_159,21.566373189290363,24.46283721923828,21.899912831627415,24.36379255097488,NA,NA,0
Parma polylepis,-31.52,159.04,2016,2,15,10,7,-32_159,21.566373189290363,24.46283721923828,21.899912831627415,24.36379255097488,NA,NA,0
Parma polylepis,-31.52,159.04,2016,2,15,12.5,4,-32_159,21.566373189290363,24.46283721923828,21.899912831627415,24.36379255097488,NA,NA,0
Parma polylepis,-31.52,159.04,2016,2,15,15,3,-32_159,21.566373189290363,24.46283721923828,21.899912831627415,24.36379255097488,2004,Lord Howe Island Marine Park,1
Parma polylepis,-31.52,159.04,2016,2,15,20,4,-32_159,21.566373189290363,24.46283721923828,21.899912831627415,24.36379255097488,2004,Lord Howe Island Marine Park,1
Parma polylepis,-31.52,159.04,2016,2,15,25,2,-32_159,21.566373189290363,24.46283721923828,21.899912831627415,24.36379255097488,2004,Lord Howe Island Marine Park,1
Parma polylepis,-31.52,159.04,2016,2,15,7.5,1,-32_159,21.566373189290363,24.46283721923828,21.899912831627415,24.36379255097488,2004,Lord Howe Island Marine Park,1
Parma polylepis,-31.52,159.04,2016,2,15,10,2,-32_159,21.566373189290363,24.46283721923828,21.899912831627415,24.36379255097488,2004,Lord Howe Island Marine Park,1
Parma polylepis,-31.52,159.04,2016,2,15,12.5,3,-32_159,21.566373189290363,24.46283721923828,21.899912831627415,24.36379255097488,2004,Lord Howe Island Marine Park,1
Parma polylepis,-31.52,159.04,2016,2,15,15,4,-32_159,21.566373189290363,24.46283721923828,21.899912831627415,24.36379255097488,2004,Lord Howe Island Marine Park,1
Parma polylepis,-31.52,159.04,2016,2,15,20,4,-32_159,21.566373189290363,24.46283721923828,21.899912831627415,24.36379255097488,2004,Lord Howe Island Marine Park,1
Parma polylepis,-31.52,159.04,2016,2,15,25,4,-32_159,21.566373189290363,24.46283721923828,21.899912831627415,24.36379255097488,2004,Lord Howe Island Marine Park,1
Parma polylepis,-31.52,159.04,2016,2,15,5,1,-32_159,21.566373189290363,24.46283721923828,21.899912831627415,24.36379255097488,2004,Lord Howe Island Marine Park,1
Parma polylepis,-31.52,159.04,2016,2,15,7.5,1,-32_159,21.566373189290363,24.46283721923828,21.899912831627415,24.36379255097488,2004,Lord Howe Island Marine Park,1
Parma polylepis,-31.52,159.04,2016,2,15,10,3,-32_159,21.566373189290363,24.46283721923828,21.899912831627415,24.36379255097488,2004,Lord Howe Island Marine Park,1
Parma polylepis,-31.52,159.04,2016,2,15,12.5,3,-32_159,21.566373189290363,24.46283721923828,21.899912831627415,24.36379255097488,2004,Lord Howe Island Marine Park,1
Parma polylepis,-31.51,159.06,2016,2,17,12.5,3,-32_159,21.566373189290363,24.46283721923828,21.899912831627415,24.36379255097488,2004,Lord Howe Island Marine Park,1
Parma polylepis,-31.51,159.06,2016,2,17,15,5,-32_159,21.566373189290363,24.46283721923828,21.899912831627415,24.36379255097488,2004,Lord Howe Island Marine Park,1
Parma polylepis,-31.54,159.05,2016,2,15,15,3,-32_159,21.566373189290363,24.46283721923828,21.899912831627415,24.36379255097488,2004,Lord Howe Island Marine Park,1
Parma polylepis,-31.54,159.05,2016,2,15,20,1,-32_159,21.566373189290363,24.46283721923828,21.899912831627415,24.36379255097488,2004,Lord Howe Island Marine Park,1
Parma polylepis,-31.54,159.05,2016,2,15,25,1,-32_159,21.566373189290363,24.46283721923828,21.899912831627415,24.36379255097488,2004,Lord Howe Island Marine Park,1
Parma polylepis,-31.54,159.05,2016,2,15,10,1,-32_159,21.566373189290363,24.46283721923828,21.899912831627415,24.36379255097488,2004,Lord Howe Island Marine Park,1
Parma polylepis,-31.54,159.05,2016,2,15,12.5,3,-32_159,21.566373189290363,24.46283721923828,21.899912831627415,24.36379255097488,2004,Lord Howe Island Marine Park,1
Parma polylepis,-31.54,159.05,2016,2,15,20,2,-32_159,21.566373189290363,24.46283721923828,21.899912831627415,24.36379255097488,2004,Lord Howe Island Marine Park,1
Parma polylepis,-31.51,159.06,2016,2,17,20,3,-32_159,21.566373189290363,24.46283721923828,21.899912831627415,24.36379255097488,2004,Lord Howe Island Marine Park,1
Parma polylepis,-31.54,159.05,2016,2,15,12.5,1,-32_159,21.566373189290363,24.46283721923828,21.899912831627415,24.36379255097488,2004,Lord Howe Island Marine Park,1
Parma polylepis,-31.54,159.05,2016,2,15,15,1,-32_159,21.566373189290363,24.46283721923828,21.899912831627415,24.36379255097488,2004,Lord Howe Island Marine Park,1
Parma polylepis,-31.55,159.06,2016,2,15,10,2,-32_159,21.566373189290363,24.46283721923828,21.899912831627415,24.36379255097488,2004,Lord Howe Island Marine Park,1
Parma polylepis,-31.55,159.06,2016,2,15,5,1,-32_159,21.566373189290363,24.46283721923828,21.899912831627415,24.36379255097488,2004,Lord Howe Island Marine Park,1
Parma polylepis,-31.55,159.06,2016,2,15,12.5,2,-32_159,21.566373189290363,24.46283721923828,21.899912831627415,24.36379255097488,2004,Lord Howe Island Marine Park,1
Parma polylepis,-31.56,159.07,2016,2,16,5,3,-32_159,21.566373189290363,24.46283721923828,21.899912831627415,24.36379255097488,NA,NA,0
Parma polylepis,-31.56,159.07,2016,2,16,7.5,3,-32_159,21.566373189290363,24.46283721923828,21.899912831627415,24.36379255097488,NA,NA,0
Parma polylepis,-31.56,159.07,2016,2,16,10,3,-32_159,21.566373189290363,24.46283721923828,21.899912831627415,24.36379255097488,NA,NA,0
Parma polylepis,-31.56,159.07,2016,2,16,12.5,3,-32_159,21.566373189290363,24.46283721923828,21.899912831627415,24.36379255097488,NA,NA,0
Parma polylepis,-31.56,159.07,2016,2,16,15,3,-32_159,21.566373189290363,24.46283721923828,21.899912831627415,24.36379255097488,NA,NA,0
Parma polylepis,-31.56,159.07,2016,2,16,20,2,-32_159,21.566373189290363,24.46283721923828,21.899912831627415,24.36379255097488,NA,NA,0
Parma polylepis,-31.56,159.07,2016,2,16,10,1,-32_159,21.566373189290363,24.46283721923828,21.899912831627415,24.36379255097488,NA,NA,0
Parma polylepis,-31.56,159.07,2016,2,16,15,1,-32_159,21.566373189290363,24.46283721923828,21.899912831627415,24.36379255097488,NA,NA,0
Parma polylepis,-31.56,159.07,2016,2,16,12.5,5,-32_159,21.566373189290363,24.46283721923828,21.899912831627415,24.36379255097488,NA,NA,0
Parma polylepis,-31.56,159.07,2016,2,16,15,5,-32_159,21.566373189290363,24.46283721923828,21.899912831627415,24.36379255097488,NA,NA,0
Parma polylepis,-31.53,159.05,2016,2,21,20,3,-32_159,21.566373189290363,24.46283721923828,21.899912831627415,24.36379255097488,NA,NA,0
Parma polylepis,-31.53,159.05,2016,2,21,25,2,-32_159,21.566373189290363,24.46283721923828,21.899912831627415,24.36379255097488,NA,NA,0
Parma polylepis,-31.52,159.08,2016,2,18,10,1,-32_159,21.566373189290363,24.46283721923828,21.899912831627415,24.36379255097488,NA,NA,0
Parma polylepis,-31.52,159.08,2016,2,18,12.5,1,-32_159,21.566373189290363,24.46283721923828,21.899912831627415,24.36379255097488,NA,NA,0
Parma polylepis,-31.52,159.08,2016,2,18,15,2,-32_159,21.566373189290363,24.46283721923828,21.899912831627415,24.36379255097488,NA,NA,0
Parma polylepis,-31.52,159.03,2016,2,22,20,1,-32_159,21.566373189290363,24.46283721923828,21.899912831627415,24.36379255097488,NA,NA,0
Parma polylepis,-31.52,159.03,2016,2,22,25,2,-32_159,21.566373189290363,24.46283721923828,21.899912831627415,24.36379255097488,NA,NA,0
Parma polylepis,-31.52,159.03,2016,2,22,30,1,-32_159,21.566373189290363,24.46283721923828,21.899912831627415,24.36379255097488,NA,NA,0
Parma polylepis,-31.52,159.04,2016,2,23,20,1,-32_159,21.566373189290363,24.46283721923828,21.899912831627415,24.36379255097488,2004,Lord Howe Island Marine Park,1
Parma polylepis,-31.52,159.04,2016,2,23,25,3,-32_159,21.566373189290363,24.46283721923828,21.899912831627415,24.36379255097488,2004,Lord Howe Island Marine Park,1
Parma polylepis,-31.52,159.04,2016,2,23,20,2,-32_159,21.566373189290363,24.46283721923828,21.899912831627415,24.36379255097488,2004,Lord Howe Island Marine Park,1
Parma polylepis,-31.5,159.07,2016,2,23,15,1,-32_159,21.566373189290363,24.46283721923828,21.899912831627415,24.36379255097488,2004,Lord Howe Island Marine Park,1
Parma polylepis,-31.5,159.07,2016,2,23,20,2,-32_159,21.566373189290363,24.46283721923828,21.899912831627415,24.36379255097488,2004,Lord Howe Island Marine Park,1
Parma polylepis,-31.5,159.07,2016,2,23,20,1,-32_159,21.566373189290363,24.46283721923828,21.899912831627415,24.36379255097488,2004,Lord Howe Island Marine Park,1
Parma polylepis,-31.5,159.07,2016,2,23,25,1,-32_159,21.566373189290363,24.46283721923828,21.899912831627415,24.36379255097488,2004,Lord Howe Island Marine Park,1
Parma polylepis,-31.55,159.06,2016,2,15,12.5,1,-32_159,21.566373189290363,24.46283721923828,21.899912831627415,24.36379255097488,2004,Lord Howe Island Marine Park,1
Parma polylepis,-31.55,159.06,2016,2,15,25,1,-32_159,21.566373189290363,24.46283721923828,21.899912831627415,24.36379255097488,2004,Lord Howe Island Marine Park,1
Parma polylepis,-31.58,159.07,2016,2,16,25,3,-32_159,21.566373189290363,24.46283721923828,21.899912831627415,24.36379255097488,NA,NA,0
Parma polylepis,-31.58,159.07,2016,2,16,20,1,-32_159,21.566373189290363,24.46283721923828,21.899912831627415,24.36379255097488,NA,NA,0
Parma polylepis,-31.51,159.06,2016,2,17,20,4,-32_159,21.566373189290363,24.46283721923828,21.899912831627415,24.36379255097488,2004,Lord Howe Island Marine Park,1
Parma polylepis,-31.51,159.06,2016,2,17,12.5,2,-32_159,21.566373189290363,24.46283721923828,21.899912831627415,24.36379255097488,2004,Lord Howe Island Marine Park,1
Parma polylepis,-31.51,159.06,2016,2,17,15,1,-32_159,21.566373189290363,24.46283721923828,21.899912831627415,24.36379255097488,2004,Lord Howe Island Marine Park,1
Parma polylepis,-31.51,159.06,2016,2,17,25,1,-32_159,21.566373189290363,24.46283721923828,21.899912831627415,24.36379255097488,2004,Lord Howe Island Marine Park,1
Parma polylepis,-31.51,159.06,2016,2,17,20,5,-32_159,21.566373189290363,24.46283721923828,21.899912831627415,24.36379255097488,2004,Lord Howe Island Marine Park,1
Parma polylepis,-31.51,159.07,2016,2,18,10,1,-32_159,21.566373189290363,24.46283721923828,21.899912831627415,24.36379255097488,2004,Lord Howe Island Marine Park,1
Parma polylepis,-31.51,159.07,2016,2,18,12.5,5,-32_159,21.566373189290363,24.46283721923828,21.899912831627415,24.36379255097488,2004,Lord Howe Island Marine Park,1
Parma polylepis,-31.51,159.07,2016,2,18,15,10,-32_159,21.566373189290363,24.46283721923828,21.899912831627415,24.36379255097488,2004,Lord Howe Island Marine Park,1
Parma polylepis,-31.51,159.06,2016,2,17,15,2,-32_159,21.566373189290363,24.46283721923828,21.899912831627415,24.36379255097488,2004,Lord Howe Island Marine Park,1
Parma polylepis,-31.51,159.06,2016,2,17,25,1,-32_159,21.566373189290363,24.46283721923828,21.899912831627415,24.36379255097488,2004,Lord Howe Island Marine Park,1
Parma polylepis,-31.52,159.08,2016,2,18,20,8,-32_159,21.566373189290363,24.46283721923828,21.899912831627415,24.36379255097488,NA,NA,0
Parma polylepis,-31.52,159.08,2016,2,18,25,2,-32_159,21.566373189290363,24.46283721923828,21.899912831627415,24.36379255097488,NA,NA,0
Parma polylepis,-31.52,159.08,2016,2,18,12.5,1,-32_159,21.566373189290363,24.46283721923828,21.899912831627415,24.36379255097488,NA,NA,0
Parma polylepis,-31.52,159.08,2016,2,18,15,1,-32_159,21.566373189290363,24.46283721923828,21.899912831627415,24.36379255097488,NA,NA,0
Parma polylepis,-31.52,159.08,2016,2,18,20,1,-32_159,21.566373189290363,24.46283721923828,21.899912831627415,24.36379255097488,NA,NA,0
Parma polylepis,-31.51,159.07,2016,2,18,20,4,-32_159,21.566373189290363,24.46283721923828,21.899912831627415,24.36379255097488,2004,Lord Howe Island Marine Park,1
Parma polylepis,-31.51,159.07,2016,2,18,25,2,-32_159,21.566373189290363,24.46283721923828,21.899912831627415,24.36379255097488,2004,Lord Howe Island Marine Park,1
Parma polylepis,-31.51,159.07,2016,2,18,12.5,1,-32_159,21.566373189290363,24.46283721923828,21.899912831627415,24.36379255097488,2004,Lord Howe Island Marine Park,1
Parma polylepis,-31.51,159.07,2016,2,18,20,3,-32_159,21.566373189290363,24.46283721923828,21.899912831627415,24.36379255097488,2004,Lord Howe Island Marine Park,1
Parma polylepis,-31.51,159.07,2016,2,18,25,1,-32_159,21.566373189290363,24.46283721923828,21.899912831627415,24.36379255097488,2004,Lord Howe Island Marine Park,1
Parma polylepis,-31.52,159.05,2016,2,19,15,1,-32_159,21.566373189290363,24.46283721923828,21.899912831627415,24.36379255097488,2004,Lord Howe Island Marine Park,1
Parma polylepis,-31.6,159.08,2016,2,20,25,2,-32_159,21.566373189290363,24.46283721923828,21.899912831627415,24.36379255097488,2004,Lord Howe Island Marine Park,1
Parma polylepis,-31.6,159.08,2016,2,20,20,3,-32_159,21.566373189290363,24.46283721923828,21.899912831627415,24.36379255097488,2004,Lord Howe Island Marine Park,1
Parma polylepis,-31.6,159.08,2016,2,20,30,1,-32_159,21.566373189290363,24.46283721923828,21.899912831627415,24.36379255097488,2004,Lord Howe Island Marine Park,1
Parma polylepis,-31.57,159.1,2016,2,20,20,4,-32_159,21.566373189290363,24.46283721923828,21.899912831627415,24.36379255097488,2004,Lord Howe Island Marine Park,1
Parma polylepis,-31.57,159.1,2016,2,20,25,2,-32_159,21.566373189290363,24.46283721923828,21.899912831627415,24.36379255097488,2004,Lord Howe Island Marine Park,1
Parma polylepis,-31.57,159.1,2016,2,20,30,2,-32_159,21.566373189290363,24.46283721923828,21.899912831627415,24.36379255097488,2004,Lord Howe Island Marine Park,1
Parma polylepis,-31.51,159.07,2016,2,18,15,2,-32_159,21.566373189290363,24.46283721923828,21.899912831627415,24.36379255097488,2004,Lord Howe Island Marine Park,1
Parma polylepis,-31.51,159.07,2016,2,18,20,2,-32_159,21.566373189290363,24.46283721923828,21.899912831627415,24.36379255097488,2004,Lord Howe Island Marine Park,1
Parma polylepis,-31.75,159.24,2016,2,21,25,1,-32_159,21.566373189290363,24.46283721923828,21.899912831627415,24.36379255097488,2004,Lord Howe Island Marine Park,1
Parma polylepis,-31.76,159.24,2016,2,21,12.5,1,-32_159,21.566373189290363,24.46283721923828,21.899912831627415,24.36379255097488,NA,NA,0
Parma polylepis,-31.53,159.05,2016,2,22,20,3,-32_159,21.566373189290363,24.46283721923828,21.899912831627415,24.36379255097488,NA,NA,0
Parma polylepis,-31.53,159.05,2016,2,22,20,1,-32_159,21.566373189290363,24.46283721923828,21.899912831627415,24.36379255097488,NA,NA,0
Parma polylepis,-31.53,159.05,2016,2,22,25,2,-32_159,21.566373189290363,24.46283721923828,21.899912831627415,24.36379255097488,NA,NA,0
Parma polylepis,-31.55,159.06,2016,2,23,25,13,-32_159,21.566373189290363,24.46283721923828,21.899912831627415,24.36379255097488,2004,Lord Howe Island Marine Park,1
Parma polylepis,-31.52,159.05,2016,2,19,10,1,-32_159,21.566373189290363,24.46283721923828,21.899912831627415,24.36379255097488,2004,Lord Howe Island Marine Park,1
Parma polylepis,-31.52,159.05,2016,2,19,12.5,2,-32_159,21.566373189290363,24.46283721923828,21.899912831627415,24.36379255097488,2004,Lord Howe Island Marine Park,1
Parma polylepis,-31.52,159.05,2016,2,19,15,2,-32_159,21.566373189290363,24.46283721923828,21.899912831627415,24.36379255097488,2004,Lord Howe Island Marine Park,1
Parma polylepis,-31.52,159.05,2016,2,19,20,2,-32_159,21.566373189290363,24.46283721923828,21.899912831627415,24.36379255097488,2004,Lord Howe Island Marine Park,1
Parma polylepis,-31.52,159.05,2016,2,19,7.5,1,-32_159,21.566373189290363,24.46283721923828,21.899912831627415,24.36379255097488,2004,Lord Howe Island Marine Park,1
Parma polylepis,-31.52,159.05,2016,2,19,10,1,-32_159,21.566373189290363,24.46283721923828,21.899912831627415,24.36379255097488,2004,Lord Howe Island Marine Park,1
Parma polylepis,-31.52,159.05,2016,2,19,12.5,3,-32_159,21.566373189290363,24.46283721923828,21.899912831627415,24.36379255097488,2004,Lord Howe Island Marine Park,1
Parma polylepis,-31.52,159.05,2016,2,19,15,2,-32_159,21.566373189290363,24.46283721923828,21.899912831627415,24.36379255097488,2004,Lord Howe Island Marine Park,1
Parma polylepis,-31.52,159.05,2016,2,19,15,1,-32_159,21.566373189290363,24.46283721923828,21.899912831627415,24.36379255097488,2004,Lord Howe Island Marine Park,1
Parma polylepis,-31.52,159.05,2016,2,19,20,1,-32_159,21.566373189290363,24.46283721923828,21.899912831627415,24.36379255097488,2004,Lord Howe Island Marine Park,1
Parma polylepis,-31.6,159.08,2016,2,20,12.5,2,-32_159,21.566373189290363,24.46283721923828,21.899912831627415,24.36379255097488,2004,Lord Howe Island Marine Park,1
Parma polylepis,-31.6,159.08,2016,2,20,15,4,-32_159,21.566373189290363,24.46283721923828,21.899912831627415,24.36379255097488,2004,Lord Howe Island Marine Park,1
Parma polylepis,-31.6,159.08,2016,2,20,15,2,-32_159,21.566373189290363,24.46283721923828,21.899912831627415,24.36379255097488,2004,Lord Howe Island Marine Park,1
Parma polylepis,-31.57,159.1,2016,2,20,12.5,1,-32_159,21.566373189290363,24.46283721923828,21.899912831627415,24.36379255097488,2004,Lord Howe Island Marine Park,1
Parma polylepis,-31.57,159.1,2016,2,20,15,3,-32_159,21.566373189290363,24.46283721923828,21.899912831627415,24.36379255097488,2004,Lord Howe Island Marine Park,1
Parma polylepis,-31.52,159.03,2016,2,22,7.5,1,-32_159,21.566373189290363,24.46283721923828,21.899912831627415,24.36379255097488,NA,NA,0
Parma polylepis,-31.52,159.03,2016,2,22,25,10,-32_159,21.566373189290363,24.46283721923828,21.899912831627415,24.36379255097488,NA,NA,0
Parma polylepis,-31.52,159.03,2016,2,22,20,5,-32_159,21.566373189290363,24.46283721923828,21.899912831627415,24.36379255097488,NA,NA,0
Parma polylepis,-31.5,159.07,2016,2,22,15,1,-32_159,21.566373189290363,24.46283721923828,21.899912831627415,24.36379255097488,NA,NA,0
Parma polylepis,-31.52,159.04,2016,2,23,25,3,-32_159,21.566373189290363,24.46283721923828,21.899912831627415,24.36379255097488,2004,Lord Howe Island Marine Park,1
Parma polylepis,-31.52,159.04,2016,2,23,20,2,-32_159,21.566373189290363,24.46283721923828,21.899912831627415,24.36379255097488,2004,Lord Howe Island Marine Park,1
Parma polylepis,-31.52,159.04,2016,2,23,25,4,-32_159,21.566373189290363,24.46283721923828,21.899912831627415,24.36379255097488,2004,Lord Howe Island Marine Park,1
Parma polylepis,-31.5,159.07,2016,2,23,10,1,-32_159,21.566373189290363,24.46283721923828,21.899912831627415,24.36379255097488,2004,Lord Howe Island Marine Park,1
Parma polylepis,-31.5,159.07,2016,2,23,20,3,-32_159,21.566373189290363,24.46283721923828,21.899912831627415,24.36379255097488,2004,Lord Howe Island Marine Park,1
Parma polylepis,-31.5,159.07,2016,2,23,25,3,-32_159,21.566373189290363,24.46283721923828,21.899912831627415,24.36379255097488,2004,Lord Howe Island Marine Park,1
Parma polylepis,-31.5,159.07,2016,2,23,20,2,-32_159,21.566373189290363,24.46283721923828,21.899912831627415,24.36379255097488,2004,Lord Howe Island Marine Park,1
Parma polylepis,-31.5,159.07,2016,2,23,25,5,-32_159,21.566373189290363,24.46283721923828,21.899912831627415,24.36379255097488,2004,Lord Howe Island Marine Park,1
Parma polylepis,-31.51,159.04,2016,2,24,20,1,-32_159,21.566373189290363,24.46283721923828,21.899912831627415,24.36379255097488,NA,NA,0
Parma polylepis,-31.51,159.04,2016,2,24,25,3,-32_159,21.566373189290363,24.46283721923828,21.899912831627415,24.36379255097488,NA,NA,0
Parma polylepis,-31.51,159.04,2016,2,24,25,2,-32_159,21.566373189290363,24.46283721923828,21.899912831627415,24.36379255097488,NA,NA,0
Parma polylepis,-31.51,159.04,2016,2,24,30,1,-32_159,21.566373189290363,24.46283721923828,21.899912831627415,24.36379255097488,NA,NA,0
Parma polylepis,-31.57,159.1,2016,2,20,12.5,2,-32_159,21.566373189290363,24.46283721923828,21.899912831627415,24.36379255097488,2004,Lord Howe Island Marine Park,1
Parma polylepis,-31.57,159.1,2016,2,20,15,4,-32_159,21.566373189290363,24.46283721923828,21.899912831627415,24.36379255097488,2004,Lord Howe Island Marine Park,1
Parma polylepis,-31.75,159.24,2016,2,21,12.5,1,-32_159,21.566373189290363,24.46283721923828,21.899912831627415,24.36379255097488,2004,Lord Howe Island Marine Park,1
Parma polylepis,-31.75,159.24,2016,2,21,15,2,-32_159,21.566373189290363,24.46283721923828,21.899912831627415,24.36379255097488,2004,Lord Howe Island Marine Park,1
Parma polylepis,-31.75,159.24,2016,2,21,7.5,1,-32_159,21.566373189290363,24.46283721923828,21.899912831627415,24.36379255097488,2004,Lord Howe Island Marine Park,1
Parma polylepis,-31.75,159.24,2016,2,21,10,1,-32_159,21.566373189290363,24.46283721923828,21.899912831627415,24.36379255097488,2004,Lord Howe Island Marine Park,1
Parma polylepis,-31.75,159.24,2016,2,21,20,1,-32_159,21.566373189290363,24.46283721923828,21.899912831627415,24.36379255097488,2004,Lord Howe Island Marine Park,1
Parma polylepis,-31.76,159.24,2016,2,21,15,3,-32_159,21.566373189290363,24.46283721923828,21.899912831627415,24.36379255097488,NA,NA,0
Parma polylepis,-31.76,159.24,2016,2,21,15,2,-32_159,21.566373189290363,24.46283721923828,21.899912831627415,24.36379255097488,NA,NA,0
Parma polylepis,-31.76,159.24,2016,2,21,20,1,-32_159,21.566373189290363,24.46283721923828,21.899912831627415,24.36379255097488,NA,NA,0
Parma polylepis,-31.53,159.05,2016,2,22,12.5,2,-32_159,21.566373189290363,24.46283721923828,21.899912831627415,24.36379255097488,NA,NA,0
Parma polylepis,-31.53,159.05,2016,2,22,15,7,-32_159,21.566373189290363,24.46283721923828,21.899912831627415,24.36379255097488,NA,NA,0
Parma polylepis,-31.52,159.04,2016,2,15,15,3,-32_159,21.566373189290363,24.46283721923828,21.899912831627415,24.36379255097488,NA,NA,0
Parma polylepis,-31.52,159.04,2016,2,15,20,5,-32_159,21.566373189290363,24.46283721923828,21.899912831627415,24.36379255097488,NA,NA,0
Parma polylepis,-31.52,159.04,2016,2,15,10,10,-32_159,21.566373189290363,24.46283721923828,21.899912831627415,24.36379255097488,NA,NA,0
Parma polylepis,-31.52,159.04,2016,2,15,12.5,10,-32_159,21.566373189290363,24.46283721923828,21.899912831627415,24.36379255097488,NA,NA,0
Parma polylepis,-31.52,159.04,2016,2,15,15,2,-32_159,21.566373189290363,24.46283721923828,21.899912831627415,24.36379255097488,NA,NA,0
Parma polylepis,-31.52,159.04,2016,2,15,15,1,-32_159,21.566373189290363,24.46283721923828,21.899912831627415,24.36379255097488,2004,Lord Howe Island Marine Park,1
Parma polylepis,-31.52,159.04,2016,2,15,20,2,-32_159,21.566373189290363,24.46283721923828,21.899912831627415,24.36379255097488,2004,Lord Howe Island Marine Park,1
Parma polylepis,-31.52,159.04,2016,2,15,12.5,1,-32_159,21.566373189290363,24.46283721923828,21.899912831627415,24.36379255097488,2004,Lord Howe Island Marine Park,1
Parma polylepis,-31.52,159.04,2016,2,15,15,2,-32_159,21.566373189290363,24.46283721923828,21.899912831627415,24.36379255097488,2004,Lord Howe Island Marine Park,1
Parma polylepis,-31.51,159.04,2016,2,17,15,1,-32_159,21.566373189290363,24.46283721923828,21.899912831627415,24.36379255097488,NA,NA,0
Parma polylepis,-31.51,159.04,2016,2,17,20,2,-32_159,21.566373189290363,24.46283721923828,21.899912831627415,24.36379255097488,NA,NA,0
Parma polylepis,-31.52,159.05,2016,2,19,15,1,-32_159,21.566373189290363,24.46283721923828,21.899912831627415,24.36379255097488,2004,Lord Howe Island Marine Park,1
Parma polylepis,-31.55,159.06,2016,2,23,20,7,-32_159,21.566373189290363,24.46283721923828,21.899912831627415,24.36379255097488,2004,Lord Howe Island Marine Park,1
Parma polylepis,-31.55,159.06,2016,2,23,25,4,-32_159,21.566373189290363,24.46283721923828,21.899912831627415,24.36379255097488,2004,Lord Howe Island Marine Park,1
Parma polylepis,-31.52,159.07,2016,2,24,20,3,-32_159,21.566373189290363,24.46283721923828,21.899912831627415,24.36379255097488,2004,Lord Howe Island Marine Park,1
Parma polylepis,-31.52,159.07,2016,2,24,25,10,-32_159,21.566373189290363,24.46283721923828,21.899912831627415,24.36379255097488,2004,Lord Howe Island Marine Park,1
Parma polylepis,-31.52,159.07,2016,2,24,15,2,-32_159,21.566373189290363,24.46283721923828,21.899912831627415,24.36379255097488,2004,Lord Howe Island Marine Park,1
Parma polylepis,-31.52,159.07,2016,2,24,20,2,-32_159,21.566373189290363,24.46283721923828,21.899912831627415,24.36379255097488,2004,Lord Howe Island Marine Park,1
Parma polylepis,-31.52,159.07,2016,2,24,25,6,-32_159,21.566373189290363,24.46283721923828,21.899912831627415,24.36379255097488,2004,Lord Howe Island Marine Park,1
Parma polylepis,-31.52,159.07,2016,2,24,30,2,-32_159,21.566373189290363,24.46283721923828,21.899912831627415,24.36379255097488,2004,Lord Howe Island Marine Park,1
Parma polylepis,-31.52,159.04,2016,2,15,15,2,-32_159,21.566373189290363,24.46283721923828,21.899912831627415,24.36379255097488,2004,Lord Howe Island Marine Park,1
Parma polylepis,-31.52,159.04,2016,2,15,20,3,-32_159,21.566373189290363,24.46283721923828,21.899912831627415,24.36379255097488,2004,Lord Howe Island Marine Park,1
Parma polylepis,-31.52,159.04,2016,2,15,25,1,-32_159,21.566373189290363,24.46283721923828,21.899912831627415,24.36379255097488,2004,Lord Howe Island Marine Park,1
Parma polylepis,-31.52,159.04,2016,2,15,10,2,-32_159,21.566373189290363,24.46283721923828,21.899912831627415,24.36379255097488,2004,Lord Howe Island Marine Park,1
Parma polylepis,-31.52,159.04,2016,2,15,12.5,2,-32_159,21.566373189290363,24.46283721923828,21.899912831627415,24.36379255097488,2004,Lord Howe Island Marine Park,1
Parma polylepis,-31.55,159.06,2016,2,15,25,1,-32_159,21.566373189290363,24.46283721923828,21.899912831627415,24.36379255097488,2004,Lord Howe Island Marine Park,1
Parma polylepis,-31.58,159.07,2016,2,16,12.5,1,-32_159,21.566373189290363,24.46283721923828,21.899912831627415,24.36379255097488,NA,NA,0
Parma polylepis,-31.58,159.07,2016,2,16,35,1,-32_159,21.566373189290363,24.46283721923828,21.899912831627415,24.36379255097488,NA,NA,0
Parma polylepis,-31.58,159.07,2016,2,16,15,2,-32_159,21.566373189290363,24.46283721923828,21.899912831627415,24.36379255097488,NA,NA,0
Parma polylepis,-31.57,159.07,2016,2,16,20,2,-32_159,21.566373189290363,24.46283721923828,21.899912831627415,24.36379255097488,NA,NA,0
Parma polylepis,-31.57,159.07,2016,2,16,25,1,-32_159,21.566373189290363,24.46283721923828,21.899912831627415,24.36379255097488,NA,NA,0
Parma polylepis,-31.57,159.07,2016,2,16,30,1,-32_159,21.566373189290363,24.46283721923828,21.899912831627415,24.36379255097488,NA,NA,0
Parma polylepis,-31.58,159.07,2016,2,16,20,2,-32_159,21.566373189290363,24.46283721923828,21.899912831627415,24.36379255097488,NA,NA,0
Parma polylepis,-31.55,159.07,2016,2,16,7.5,3,-32_159,21.566373189290363,24.46283721923828,21.899912831627415,24.36379255097488,NA,NA,0
Parma polylepis,-31.55,159.07,2016,2,16,12.5,2,-32_159,21.566373189290363,24.46283721923828,21.899912831627415,24.36379255097488,NA,NA,0
Parma polylepis,-31.55,159.07,2016,2,16,20,1,-32_159,21.566373189290363,24.46283721923828,21.899912831627415,24.36379255097488,NA,NA,0
Parma polylepis,-31.55,159.07,2016,2,16,10,2,-32_159,21.566373189290363,24.46283721923828,21.899912831627415,24.36379255097488,NA,NA,0
Parma polylepis,-31.55,159.07,2016,2,16,12.5,3,-32_159,21.566373189290363,24.46283721923828,21.899912831627415,24.36379255097488,NA,NA,0
Parma polylepis,-31.55,159.07,2016,2,16,15,1,-32_159,21.566373189290363,24.46283721923828,21.899912831627415,24.36379255097488,NA,NA,0
Parma polylepis,-31.55,159.07,2016,2,16,20,1,-32_159,21.566373189290363,24.46283721923828,21.899912831627415,24.36379255097488,NA,NA,0
Parma polylepis,-31.52,159.05,2016,2,19,15,1,-32_159,21.566373189290363,24.46283721923828,21.899912831627415,24.36379255097488,2004,Lord Howe Island Marine Park,1
Parma polylepis,-31.52,159.05,2016,2,19,20,1,-32_159,21.566373189290363,24.46283721923828,21.899912831627415,24.36379255097488,2004,Lord Howe Island Marine Park,1
Parma polylepis,-31.52,159.05,2016,2,19,15,2,-32_159,21.566373189290363,24.46283721923828,21.899912831627415,24.36379255097488,2004,Lord Howe Island Marine Park,1
Parma polylepis,-31.53,159.05,2016,2,21,20,3,-32_159,21.566373189290363,24.46283721923828,21.899912831627415,24.36379255097488,NA,NA,0
Parma polylepis,-31.53,159.05,2016,2,21,25,2,-32_159,21.566373189290363,24.46283721923828,21.899912831627415,24.36379255097488,NA,NA,0
Parma polylepis,-31.53,159.05,2016,2,21,20,2,-32_159,21.566373189290363,24.46283721923828,21.899912831627415,24.36379255097488,NA,NA,0
Parma polylepis,-31.53,159.05,2016,2,21,25,3,-32_159,21.566373189290363,24.46283721923828,21.899912831627415,24.36379255097488,NA,NA,0
Parma polylepis,-31.53,159.05,2016,2,21,20,2,-32_159,21.566373189290363,24.46283721923828,21.899912831627415,24.36379255097488,NA,NA,0
Parma polylepis,-31.53,159.05,2016,2,21,25,1,-32_159,21.566373189290363,24.46283721923828,21.899912831627415,24.36379255097488,NA,NA,0
Parma polylepis,-31.57,159.07,2016,2,16,7.5,1,-32_159,21.566373189290363,24.46283721923828,21.899912831627415,24.36379255097488,NA,NA,0
Parma polylepis,-31.57,159.07,2016,2,16,15,8,-32_159,21.566373189290363,24.46283721923828,21.899912831627415,24.36379255097488,NA,NA,0
Parma polylepis,-31.57,159.07,2016,2,16,15,1,-32_159,21.566373189290363,24.46283721923828,21.899912831627415,24.36379255097488,NA,NA,0
Parma polylepis,-31.57,159.07,2016,2,16,20,3,-32_159,21.566373189290363,24.46283721923828,21.899912831627415,24.36379255097488,NA,NA,0
Parma polylepis,-31.57,159.07,2016,2,16,25,2,-32_159,21.566373189290363,24.46283721923828,21.899912831627415,24.36379255097488,NA,NA,0
Parma polylepis,-31.57,159.07,2016,2,16,7.5,2,-32_159,21.566373189290363,24.46283721923828,21.899912831627415,24.36379255097488,NA,NA,0
Parma polylepis,-31.57,159.07,2016,2,16,15,8,-32_159,21.566373189290363,24.46283721923828,21.899912831627415,24.36379255097488,NA,NA,0
Parma polylepis,-31.56,159.07,2016,2,16,20,2,-32_159,21.566373189290363,24.46283721923828,21.899912831627415,24.36379255097488,NA,NA,0
Parma polylepis,-31.56,159.07,2016,2,16,15,6,-32_159,21.566373189290363,24.46283721923828,21.899912831627415,24.36379255097488,NA,NA,0
Parma polylepis,-31.56,159.07,2016,2,16,20,3,-32_159,21.566373189290363,24.46283721923828,21.899912831627415,24.36379255097488,NA,NA,0
Parma polylepis,-31.56,159.07,2016,2,16,25,1,-32_159,21.566373189290363,24.46283721923828,21.899912831627415,24.36379255097488,NA,NA,0
Parma polylepis,-31.56,159.07,2016,2,16,12.5,3,-32_159,21.566373189290363,24.46283721923828,21.899912831627415,24.36379255097488,NA,NA,0
Parma polylepis,-31.56,159.07,2016,2,16,15,2,-32_159,21.566373189290363,24.46283721923828,21.899912831627415,24.36379255097488,NA,NA,0
Parma polylepis,-31.51,159.05,2016,2,17,30,2,-32_159,21.566373189290363,24.46283721923828,21.899912831627415,24.36379255097488,2004,Lord Howe Island Marine Park,1
Parma polylepis,-31.51,159.05,2016,2,17,15,3,-32_159,21.566373189290363,24.46283721923828,21.899912831627415,24.36379255097488,2004,Lord Howe Island Marine Park,1
Parma polylepis,-31.51,159.04,2016,2,17,2.5,1,-32_159,21.566373189290363,24.46283721923828,21.899912831627415,24.36379255097488,NA,NA,0
Parma polylepis,-31.51,159.04,2016,2,17,5,1,-32_159,21.566373189290363,24.46283721923828,21.899912831627415,24.36379255097488,NA,NA,0
Parma polylepis,-31.51,159.04,2016,2,17,30,3,-32_159,21.566373189290363,24.46283721923828,21.899912831627415,24.36379255097488,NA,NA,0
Parma polylepis,-31.51,159.04,2016,2,17,20,3,-32_159,21.566373189290363,24.46283721923828,21.899912831627415,24.36379255097488,NA,NA,0
Parma polylepis,-31.5,159.07,2016,2,20,20,1,-32_159,21.566373189290363,24.46283721923828,21.899912831627415,24.36379255097488,2004,Lord Howe Island Marine Park,1
Parma polylepis,-31.5,159.07,2016,2,20,20,1,-32_159,21.566373189290363,24.46283721923828,21.899912831627415,24.36379255097488,2004,Lord Howe Island Marine Park,1
Parma polylepis,-31.5,159.07,2016,2,20,25,2,-32_159,21.566373189290363,24.46283721923828,21.899912831627415,24.36379255097488,2004,Lord Howe Island Marine Park,1
Parma polylepis,-31.5,159.07,2016,2,20,30,1,-32_159,21.566373189290363,24.46283721923828,21.899912831627415,24.36379255097488,2004,Lord Howe Island Marine Park,1
Parma polylepis,-31.5,159.07,2016,2,20,15,3,-32_159,21.566373189290363,24.46283721923828,21.899912831627415,24.36379255097488,2004,Lord Howe Island Marine Park,1
Parma polylepis,-31.5,159.06,2016,2,20,25,2,-32_159,21.566373189290363,24.46283721923828,21.899912831627415,24.36379255097488,2004,Lord Howe Island Marine Park,1
Parma polylepis,-31.5,159.06,2016,2,20,30,6,-32_159,21.566373189290363,24.46283721923828,21.899912831627415,24.36379255097488,2004,Lord Howe Island Marine Park,1
Parma polylepis,-31.5,159.06,2016,2,20,12.5,2,-32_159,21.566373189290363,24.46283721923828,21.899912831627415,24.36379255097488,2004,Lord Howe Island Marine Park,1
Parma polylepis,-31.5,159.06,2016,2,20,15,3,-32_159,21.566373189290363,24.46283721923828,21.899912831627415,24.36379255097488,2004,Lord Howe Island Marine Park,1
Parma polylepis,-31.52,159.03,2016,2,22,30,2,-32_159,21.566373189290363,24.46283721923828,21.899912831627415,24.36379255097488,NA,NA,0
Parma polylepis,-31.52,159.03,2016,2,22,35,3,-32_159,21.566373189290363,24.46283721923828,21.899912831627415,24.36379255097488,NA,NA,0
Parma polylepis,-31.52,159.03,2016,2,22,15,1,-32_159,21.566373189290363,24.46283721923828,21.899912831627415,24.36379255097488,NA,NA,0
Parma polylepis,-31.5,159.07,2016,2,22,25,2,-32_159,21.566373189290363,24.46283721923828,21.899912831627415,24.36379255097488,NA,NA,0
Parma polylepis,-31.5,159.07,2016,2,22,30,3,-32_159,21.566373189290363,24.46283721923828,21.899912831627415,24.36379255097488,NA,NA,0
Parma polylepis,-31.5,159.07,2016,2,22,15,2,-32_159,21.566373189290363,24.46283721923828,21.899912831627415,24.36379255097488,NA,NA,0
Parma polylepis,-31.52,159.04,2016,2,23,20,1,-32_159,21.566373189290363,24.46283721923828,21.899912831627415,24.36379255097488,2004,Lord Howe Island Marine Park,1
Parma polylepis,-31.52,159.04,2016,2,23,25,2,-32_159,21.566373189290363,24.46283721923828,21.899912831627415,24.36379255097488,2004,Lord Howe Island Marine Park,1
Parma polylepis,-31.52,159.04,2016,2,23,30,1,-32_159,21.566373189290363,24.46283721923828,21.899912831627415,24.36379255097488,2004,Lord Howe Island Marine Park,1
Parma polylepis,-31.52,159.04,2016,2,23,7.5,1,-32_159,21.566373189290363,24.46283721923828,21.899912831627415,24.36379255097488,2004,Lord Howe Island Marine Park,1
Parma polylepis,-31.52,159.04,2016,2,23,15,3,-32_159,21.566373189290363,24.46283721923828,21.899912831627415,24.36379255097488,2004,Lord Howe Island Marine Park,1
Parma polylepis,-31.52,159.04,2016,2,23,20,1,-32_159,21.566373189290363,24.46283721923828,21.899912831627415,24.36379255097488,2004,Lord Howe Island Marine Park,1
Parma polylepis,-31.52,159.04,2016,2,23,25,2,-32_159,21.566373189290363,24.46283721923828,21.899912831627415,24.36379255097488,2004,Lord Howe Island Marine Park,1
Parma polylepis,-31.52,159.04,2016,2,23,30,3,-32_159,21.566373189290363,24.46283721923828,21.899912831627415,24.36379255097488,2004,Lord Howe Island Marine Park,1
Parma polylepis,-31.52,159.04,2016,2,23,2.5,1,-32_159,21.566373189290363,24.46283721923828,21.899912831627415,24.36379255097488,2004,Lord Howe Island Marine Park,1
Parma polylepis,-31.52,159.04,2016,2,23,15,1,-32_159,21.566373189290363,24.46283721923828,21.899912831627415,24.36379255097488,2004,Lord Howe Island Marine Park,1
Parma polylepis,-31.5,159.07,2016,2,23,25,3,-32_159,21.566373189290363,24.46283721923828,21.899912831627415,24.36379255097488,2004,Lord Howe Island Marine Park,1
Parma polylepis,-31.5,159.07,2016,2,23,30,1,-32_159,21.566373189290363,24.46283721923828,21.899912831627415,24.36379255097488,2004,Lord Howe Island Marine Park,1
Parma polylepis,-31.5,159.07,2016,2,23,15,4,-32_159,21.566373189290363,24.46283721923828,21.899912831627415,24.36379255097488,2004,Lord Howe Island Marine Park,1
Parma polylepis,-31.54,159.05,2016,2,15,15,5,-32_159,21.566373189290363,24.46283721923828,21.899912831627415,24.36379255097488,2004,Lord Howe Island Marine Park,1
Parma polylepis,-31.54,159.05,2016,2,15,20,1,-32_159,21.566373189290363,24.46283721923828,21.899912831627415,24.36379255097488,2004,Lord Howe Island Marine Park,1
Parma polylepis,-31.54,159.05,2016,2,15,15,2,-32_159,21.566373189290363,24.46283721923828,21.899912831627415,24.36379255097488,2004,Lord Howe Island Marine Park,1
Parma polylepis,-31.54,159.05,2016,2,15,15,1,-32_159,21.566373189290363,24.46283721923828,21.899912831627415,24.36379255097488,2004,Lord Howe Island Marine Park,1
Parma polylepis,-31.54,159.05,2016,2,15,25,1,-32_159,21.566373189290363,24.46283721923828,21.899912831627415,24.36379255097488,2004,Lord Howe Island Marine Park,1
Parma polylepis,-31.54,159.05,2016,2,15,30,1,-32_159,21.566373189290363,24.46283721923828,21.899912831627415,24.36379255097488,2004,Lord Howe Island Marine Park,1
Parma polylepis,-31.55,159.06,2016,2,15,7.5,1,-32_159,21.566373189290363,24.46283721923828,21.899912831627415,24.36379255097488,2004,Lord Howe Island Marine Park,1
Parma polylepis,-31.55,159.06,2016,2,15,12.5,1,-32_159,21.566373189290363,24.46283721923828,21.899912831627415,24.36379255097488,2004,Lord Howe Island Marine Park,1
Parma polylepis,-31.55,159.06,2016,2,15,15,2,-32_159,21.566373189290363,24.46283721923828,21.899912831627415,24.36379255097488,2004,Lord Howe Island Marine Park,1
Parma polylepis,-31.55,159.06,2016,2,15,20,1,-32_159,21.566373189290363,24.46283721923828,21.899912831627415,24.36379255097488,2004,Lord Howe Island Marine Park,1
Parma polylepis,-31.55,159.06,2016,2,15,30,1,-32_159,21.566373189290363,24.46283721923828,21.899912831627415,24.36379255097488,2004,Lord Howe Island Marine Park,1
Parma polylepis,-31.55,159.06,2016,2,15,10,2,-32_159,21.566373189290363,24.46283721923828,21.899912831627415,24.36379255097488,2004,Lord Howe Island Marine Park,1
Parma polylepis,-31.55,159.06,2016,2,15,15,8,-32_159,21.566373189290363,24.46283721923828,21.899912831627415,24.36379255097488,2004,Lord Howe Island Marine Park,1
Parma polylepis,-31.57,159.07,2018,2,11,15,1,-32_159,21.317596753438313,24.50479507446289,21.51167456906573,24.00642807143075,NA,NA,0
Parma polylepis,-31.57,159.07,2018,2,11,20,2,-32_159,21.317596753438313,24.50479507446289,21.51167456906573,24.00642807143075,NA,NA,0
Parma polylepis,-31.57,159.07,2018,2,11,25,1,-32_159,21.317596753438313,24.50479507446289,21.51167456906573,24.00642807143075,NA,NA,0
Parma polylepis,-31.58,159.07,2018,2,11,20,1,-32_159,21.317596753438313,24.50479507446289,21.51167456906573,24.00642807143075,NA,NA,0
Parma polylepis,-31.58,159.07,2018,2,11,15,2,-32_159,21.317596753438313,24.50479507446289,21.51167456906573,24.00642807143075,NA,NA,0
Parma polylepis,-31.52,159.03,2018,2,12,15,2,-32_159,21.317596753438313,24.50479507446289,21.51167456906573,24.00642807143075,NA,NA,0
Parma polylepis,-31.52,159.03,2018,2,12,20,1,-32_159,21.317596753438313,24.50479507446289,21.51167456906573,24.00642807143075,NA,NA,0
Parma polylepis,-31.52,159.03,2018,2,12,15,1,-32_159,21.317596753438313,24.50479507446289,21.51167456906573,24.00642807143075,NA,NA,0
Parma polylepis,-31.52,159.03,2018,2,12,5,1,-32_159,21.317596753438313,24.50479507446289,21.51167456906573,24.00642807143075,NA,NA,0
Parma polylepis,-31.52,159.03,2018,2,12,12.5,1,-32_159,21.317596753438313,24.50479507446289,21.51167456906573,24.00642807143075,NA,NA,0
Parma polylepis,-31.52,159.03,2018,2,12,15,7,-32_159,21.317596753438313,24.50479507446289,21.51167456906573,24.00642807143075,NA,NA,0
Parma polylepis,-31.52,159.03,2018,2,12,20,1,-32_159,21.317596753438313,24.50479507446289,21.51167456906573,24.00642807143075,NA,NA,0
Parma polylepis,-31.52,159.03,2018,2,12,15,5,-32_159,21.317596753438313,24.50479507446289,21.51167456906573,24.00642807143075,NA,NA,0
Parma polylepis,-31.52,159.03,2018,2,12,20,2,-32_159,21.317596753438313,24.50479507446289,21.51167456906573,24.00642807143075,NA,NA,0
Parma polylepis,-31.52,159.03,2018,2,12,20,5,-32_159,21.317596753438313,24.50479507446289,21.51167456906573,24.00642807143075,NA,NA,0
Parma polylepis,-31.52,159.03,2018,2,12,25,5,-32_159,21.317596753438313,24.50479507446289,21.51167456906573,24.00642807143075,NA,NA,0
Parma polylepis,-31.52,159.04,2018,2,17,5,2,-32_159,21.317596753438313,24.50479507446289,21.51167456906573,24.00642807143075,2004,Lord Howe Island Marine Park,1
Parma polylepis,-31.52,159.04,2018,2,17,5,1,-32_159,21.317596753438313,24.50479507446289,21.51167456906573,24.00642807143075,2004,Lord Howe Island Marine Park,1
Parma polylepis,-31.52,159.04,2018,2,17,20,1,-32_159,21.317596753438313,24.50479507446289,21.51167456906573,24.00642807143075,2004,Lord Howe Island Marine Park,1
Parma polylepis,-31.51,159.04,2018,2,21,5,1,-32_159,21.317596753438313,24.50479507446289,21.51167456906573,24.00642807143075,NA,NA,0
Parma polylepis,-31.51,159.04,2018,2,21,7.5,1,-32_159,21.317596753438313,24.50479507446289,21.51167456906573,24.00642807143075,NA,NA,0
Parma polylepis,-31.55,159.06,2018,2,22,15,1,-32_159,21.317596753438313,24.50479507446289,21.51167456906573,24.00642807143075,2004,Lord Howe Island Marine Park,1
Parma polylepis,-31.55,159.06,2018,2,22,20,2,-32_159,21.317596753438313,24.50479507446289,21.51167456906573,24.00642807143075,2004,Lord Howe Island Marine Park,1
Parma polylepis,-31.55,159.06,2018,2,22,15,3,-32_159,21.317596753438313,24.50479507446289,21.51167456906573,24.00642807143075,2004,Lord Howe Island Marine Park,1
Parma polylepis,-31.55,159.06,2018,2,22,20,4,-32_159,21.317596753438313,24.50479507446289,21.51167456906573,24.00642807143075,2004,Lord Howe Island Marine Park,1
Parma polylepis,-31.51,159.07,2018,2,13,15,4,-32_159,21.317596753438313,24.50479507446289,21.51167456906573,24.00642807143075,2004,Lord Howe Island Marine Park,1
Parma polylepis,-31.51,159.07,2018,2,13,20,2,-32_159,21.317596753438313,24.50479507446289,21.51167456906573,24.00642807143075,2004,Lord Howe Island Marine Park,1
Parma polylepis,-31.51,159.07,2018,2,13,15,6,-32_159,21.317596753438313,24.50479507446289,21.51167456906573,24.00642807143075,2004,Lord Howe Island Marine Park,1
Parma polylepis,-31.51,159.07,2018,2,13,20,3,-32_159,21.317596753438313,24.50479507446289,21.51167456906573,24.00642807143075,2004,Lord Howe Island Marine Park,1
Parma polylepis,-31.52,159.08,2018,2,13,15,4,-32_159,21.317596753438313,24.50479507446289,21.51167456906573,24.00642807143075,NA,NA,0
Parma polylepis,-31.52,159.03,2018,2,12,15,2,-32_159,21.317596753438313,24.50479507446289,21.51167456906573,24.00642807143075,NA,NA,0
Parma polylepis,-31.52,159.03,2018,2,12,20,3,-32_159,21.317596753438313,24.50479507446289,21.51167456906573,24.00642807143075,NA,NA,0
Parma polylepis,-31.56,159.07,2018,2,12,12.5,1,-32_159,21.317596753438313,24.50479507446289,21.51167456906573,24.00642807143075,NA,NA,0
Parma polylepis,-31.56,159.07,2018,2,12,20,1,-32_159,21.317596753438313,24.50479507446289,21.51167456906573,24.00642807143075,NA,NA,0
Parma polylepis,-31.56,159.07,2018,2,12,15,2,-32_159,21.317596753438313,24.50479507446289,21.51167456906573,24.00642807143075,NA,NA,0
Parma polylepis,-31.56,159.07,2018,2,12,25,1,-32_159,21.317596753438313,24.50479507446289,21.51167456906573,24.00642807143075,NA,NA,0
Parma polylepis,-31.53,159.05,2018,2,12,20,1,-32_159,21.317596753438313,24.50479507446289,21.51167456906573,24.00642807143075,NA,NA,0
Parma polylepis,-31.53,159.05,2018,2,12,15,1,-32_159,21.317596753438313,24.50479507446289,21.51167456906573,24.00642807143075,NA,NA,0
Parma polylepis,-31.53,159.05,2018,2,12,20,2,-32_159,21.317596753438313,24.50479507446289,21.51167456906573,24.00642807143075,NA,NA,0
Parma polylepis,-31.5,159.07,2018,2,13,5,1,-32_159,21.317596753438313,24.50479507446289,21.51167456906573,24.00642807143075,NA,NA,0
Parma polylepis,-31.5,159.07,2018,2,13,15,1,-32_159,21.317596753438313,24.50479507446289,21.51167456906573,24.00642807143075,NA,NA,0
Parma polylepis,-31.52,159.08,2018,2,13,15,3,-32_159,21.317596753438313,24.50479507446289,21.51167456906573,24.00642807143075,NA,NA,0
Parma polylepis,-31.52,159.08,2018,2,13,20,4,-32_159,21.317596753438313,24.50479507446289,21.51167456906573,24.00642807143075,NA,NA,0
Parma polylepis,-31.6,159.08,2018,2,12,2.5,1,-32_159,21.317596753438313,24.50479507446289,21.51167456906573,24.00642807143075,2004,Lord Howe Island Marine Park,1
Parma polylepis,-31.6,159.08,2018,2,12,20,2,-32_159,21.317596753438313,24.50479507446289,21.51167456906573,24.00642807143075,2004,Lord Howe Island Marine Park,1
Parma polylepis,-31.6,159.08,2018,2,12,15,2,-32_159,21.317596753438313,24.50479507446289,21.51167456906573,24.00642807143075,2004,Lord Howe Island Marine Park,1
Parma polylepis,-31.6,159.08,2018,2,12,20,4,-32_159,21.317596753438313,24.50479507446289,21.51167456906573,24.00642807143075,2004,Lord Howe Island Marine Park,1
Parma polylepis,-31.6,159.08,2018,2,12,25,1,-32_159,21.317596753438313,24.50479507446289,21.51167456906573,24.00642807143075,2004,Lord Howe Island Marine Park,1
Parma polylepis,-31.5,159.07,2018,2,13,12.5,1,-32_159,21.317596753438313,24.50479507446289,21.51167456906573,24.00642807143075,NA,NA,0
Parma polylepis,-31.51,159.06,2018,2,13,15,6,-32_159,21.317596753438313,24.50479507446289,21.51167456906573,24.00642807143075,2004,Lord Howe Island Marine Park,1
Parma polylepis,-31.51,159.06,2018,2,13,20,5,-32_159,21.317596753438313,24.50479507446289,21.51167456906573,24.00642807143075,2004,Lord Howe Island Marine Park,1
Parma polylepis,-31.51,159.06,2018,2,13,15,10,-32_159,21.317596753438313,24.50479507446289,21.51167456906573,24.00642807143075,2004,Lord Howe Island Marine Park,1
Parma polylepis,-31.51,159.06,2018,2,13,20,4,-32_159,21.317596753438313,24.50479507446289,21.51167456906573,24.00642807143075,2004,Lord Howe Island Marine Park,1
Parma polylepis,-31.53,159.05,2018,2,13,15,4,-32_159,21.317596753438313,24.50479507446289,21.51167456906573,24.00642807143075,NA,NA,0
Parma polylepis,-31.53,159.05,2018,2,13,20,4,-32_159,21.317596753438313,24.50479507446289,21.51167456906573,24.00642807143075,NA,NA,0
Parma polylepis,-31.53,159.05,2018,2,13,15,3,-32_159,21.317596753438313,24.50479507446289,21.51167456906573,24.00642807143075,NA,NA,0
Parma polylepis,-31.53,159.05,2018,2,13,20,2,-32_159,21.317596753438313,24.50479507446289,21.51167456906573,24.00642807143075,NA,NA,0
Parma polylepis,-31.5,159.07,2018,2,14,15,2,-32_159,21.317596753438313,24.50479507446289,21.51167456906573,24.00642807143075,2004,Lord Howe Island Marine Park,1
Parma polylepis,-31.5,159.07,2018,2,14,20,3,-32_159,21.317596753438313,24.50479507446289,21.51167456906573,24.00642807143075,2004,Lord Howe Island Marine Park,1
Parma polylepis,-31.5,159.07,2018,2,14,15,4,-32_159,21.317596753438313,24.50479507446289,21.51167456906573,24.00642807143075,2004,Lord Howe Island Marine Park,1
Parma polylepis,-31.57,159.1,2018,2,12,15,2,-32_159,21.317596753438313,24.50479507446289,21.51167456906573,24.00642807143075,2004,Lord Howe Island Marine Park,1
Parma polylepis,-31.57,159.1,2018,2,12,20,2,-32_159,21.317596753438313,24.50479507446289,21.51167456906573,24.00642807143075,2004,Lord Howe Island Marine Park,1
Parma polylepis,-31.57,159.1,2018,2,12,25,1,-32_159,21.317596753438313,24.50479507446289,21.51167456906573,24.00642807143075,2004,Lord Howe Island Marine Park,1
Parma polylepis,-31.57,159.1,2018,2,12,15,4,-32_159,21.317596753438313,24.50479507446289,21.51167456906573,24.00642807143075,2004,Lord Howe Island Marine Park,1
Parma polylepis,-31.57,159.1,2018,2,12,20,3,-32_159,21.317596753438313,24.50479507446289,21.51167456906573,24.00642807143075,2004,Lord Howe Island Marine Park,1
Parma polylepis,-31.56,159.1,2018,2,12,15,5,-32_159,21.317596753438313,24.50479507446289,21.51167456906573,24.00642807143075,NA,NA,0
Parma polylepis,-31.56,159.1,2018,2,12,15,4,-32_159,21.317596753438313,24.50479507446289,21.51167456906573,24.00642807143075,NA,NA,0
Parma polylepis,-31.56,159.1,2018,2,12,20,2,-32_159,21.317596753438313,24.50479507446289,21.51167456906573,24.00642807143075,NA,NA,0
Parma polylepis,-31.51,159.05,2018,2,14,15,3,-32_159,21.317596753438313,24.50479507446289,21.51167456906573,24.00642807143075,2004,Lord Howe Island Marine Park,1
Parma polylepis,-31.51,159.05,2018,2,14,20,3,-32_159,21.317596753438313,24.50479507446289,21.51167456906573,24.00642807143075,2004,Lord Howe Island Marine Park,1
Parma polylepis,-31.51,159.05,2018,2,14,25,1,-32_159,21.317596753438313,24.50479507446289,21.51167456906573,24.00642807143075,2004,Lord Howe Island Marine Park,1
Parma polylepis,-31.5,159.06,2018,2,14,15,2,-32_159,21.317596753438313,24.50479507446289,21.51167456906573,24.00642807143075,2004,Lord Howe Island Marine Park,1
Parma polylepis,-31.5,159.06,2018,2,14,20,2,-32_159,21.317596753438313,24.50479507446289,21.51167456906573,24.00642807143075,2004,Lord Howe Island Marine Park,1
Parma polylepis,-31.55,159.06,2018,2,15,15,2,-32_159,21.317596753438313,24.50479507446289,21.51167456906573,24.00642807143075,2004,Lord Howe Island Marine Park,1
Parma polylepis,-31.55,159.06,2018,2,15,20,3,-32_159,21.317596753438313,24.50479507446289,21.51167456906573,24.00642807143075,2004,Lord Howe Island Marine Park,1
Parma polylepis,-31.55,159.06,2018,2,15,15,4,-32_159,21.317596753438313,24.50479507446289,21.51167456906573,24.00642807143075,2004,Lord Howe Island Marine Park,1
Parma polylepis,-31.55,159.06,2018,2,15,20,2,-32_159,21.317596753438313,24.50479507446289,21.51167456906573,24.00642807143075,2004,Lord Howe Island Marine Park,1
Parma polylepis,-31.55,159.07,2018,2,15,15,2,-32_159,21.317596753438313,24.50479507446289,21.51167456906573,24.00642807143075,NA,NA,0
Parma polylepis,-31.55,159.07,2018,2,15,20,2,-32_159,21.317596753438313,24.50479507446289,21.51167456906573,24.00642807143075,NA,NA,0
Parma polylepis,-31.51,159.05,2018,2,14,15,4,-32_159,21.317596753438313,24.50479507446289,21.51167456906573,24.00642807143075,2004,Lord Howe Island Marine Park,1
Parma polylepis,-31.51,159.05,2018,2,14,20,4,-32_159,21.317596753438313,24.50479507446289,21.51167456906573,24.00642807143075,2004,Lord Howe Island Marine Park,1
Parma polylepis,-31.5,159.07,2018,2,14,2.5,2,-32_159,21.317596753438313,24.50479507446289,21.51167456906573,24.00642807143075,2004,Lord Howe Island Marine Park,1
Parma polylepis,-31.5,159.07,2018,2,14,5,1,-32_159,21.317596753438313,24.50479507446289,21.51167456906573,24.00642807143075,2004,Lord Howe Island Marine Park,1
Parma polylepis,-31.5,159.07,2018,2,14,15,2,-32_159,21.317596753438313,24.50479507446289,21.51167456906573,24.00642807143075,2004,Lord Howe Island Marine Park,1
Parma polylepis,-31.5,159.07,2018,2,14,5,3,-32_159,21.317596753438313,24.50479507446289,21.51167456906573,24.00642807143075,2004,Lord Howe Island Marine Park,1
Parma polylepis,-31.5,159.07,2018,2,14,15,3,-32_159,21.317596753438313,24.50479507446289,21.51167456906573,24.00642807143075,2004,Lord Howe Island Marine Park,1
Parma polylepis,-31.5,159.07,2018,2,14,20,4,-32_159,21.317596753438313,24.50479507446289,21.51167456906573,24.00642807143075,2004,Lord Howe Island Marine Park,1
Parma polylepis,-31.53,159.05,2018,2,15,5,130,-32_159,21.317596753438313,24.50479507446289,21.51167456906573,24.00642807143075,NA,NA,0
Parma polylepis,-31.53,159.05,2018,2,15,15,9,-32_159,21.317596753438313,24.50479507446289,21.51167456906573,24.00642807143075,NA,NA,0
Parma polylepis,-31.55,159.07,2018,2,15,15,1,-32_159,21.317596753438313,24.50479507446289,21.51167456906573,24.00642807143075,NA,NA,0
Parma polylepis,-31.55,159.07,2018,2,15,20,1,-32_159,21.317596753438313,24.50479507446289,21.51167456906573,24.00642807143075,NA,NA,0
Parma polylepis,-31.54,159.06,2018,2,16,20,1,-32_159,21.317596753438313,24.50479507446289,21.51167456906573,24.00642807143075,2004,Lord Howe Island Marine Park,1
Parma polylepis,-31.51,159.04,2018,2,21,12.5,2,-32_159,21.317596753438313,24.50479507446289,21.51167456906573,24.00642807143075,NA,NA,0
Parma polylepis,-31.57,159.07,2018,2,11,25,3,-32_159,21.317596753438313,24.50479507446289,21.51167456906573,24.00642807143075,NA,NA,0
Parma polylepis,-31.57,159.07,2018,2,11,12.5,1,-32_159,21.317596753438313,24.50479507446289,21.51167456906573,24.00642807143075,NA,NA,0
Parma polylepis,-31.57,159.07,2018,2,11,20,5,-32_159,21.317596753438313,24.50479507446289,21.51167456906573,24.00642807143075,NA,NA,0
Parma polylepis,-31.58,159.07,2018,2,11,25,3,-32_159,21.317596753438313,24.50479507446289,21.51167456906573,24.00642807143075,NA,NA,0
Parma polylepis,-31.58,159.07,2018,2,11,25,2,-32_159,21.317596753438313,24.50479507446289,21.51167456906573,24.00642807143075,NA,NA,0
Parma polylepis,-31.58,159.07,2018,2,11,10,1,-32_159,21.317596753438313,24.50479507446289,21.51167456906573,24.00642807143075,NA,NA,0
Parma polylepis,-31.58,159.07,2018,2,11,25,3,-32_159,21.317596753438313,24.50479507446289,21.51167456906573,24.00642807143075,NA,NA,0
Parma polylepis,-31.53,159.05,2018,2,15,15,3,-32_159,21.317596753438313,24.50479507446289,21.51167456906573,24.00642807143075,NA,NA,0
Parma polylepis,-31.53,159.05,2018,2,15,20,2,-32_159,21.317596753438313,24.50479507446289,21.51167456906573,24.00642807143075,NA,NA,0
Parma polylepis,-31.54,159.05,2018,2,15,20,1,-32_159,21.317596753438313,24.50479507446289,21.51167456906573,24.00642807143075,2004,Lord Howe Island Marine Park,1
Parma polylepis,-31.54,159.05,2018,2,15,25,2,-32_159,21.317596753438313,24.50479507446289,21.51167456906573,24.00642807143075,2004,Lord Howe Island Marine Park,1
Parma polylepis,-31.54,159.05,2018,2,15,15,2,-32_159,21.317596753438313,24.50479507446289,21.51167456906573,24.00642807143075,2004,Lord Howe Island Marine Park,1
Parma polylepis,-31.54,159.05,2018,2,15,20,2,-32_159,21.317596753438313,24.50479507446289,21.51167456906573,24.00642807143075,2004,Lord Howe Island Marine Park,1
Parma polylepis,-31.53,159.05,2018,2,12,12.5,2,-32_159,21.317596753438313,24.50479507446289,21.51167456906573,24.00642807143075,NA,NA,0
Parma polylepis,-31.53,159.05,2018,2,12,15,5,-32_159,21.317596753438313,24.50479507446289,21.51167456906573,24.00642807143075,NA,NA,0
Parma polylepis,-31.53,159.05,2018,2,12,20,5,-32_159,21.317596753438313,24.50479507446289,21.51167456906573,24.00642807143075,NA,NA,0
Parma polylepis,-31.53,159.05,2018,2,12,10,1,-32_159,21.317596753438313,24.50479507446289,21.51167456906573,24.00642807143075,NA,NA,0
Parma polylepis,-31.53,159.05,2018,2,12,12.5,1,-32_159,21.317596753438313,24.50479507446289,21.51167456906573,24.00642807143075,NA,NA,0
Parma polylepis,-31.53,159.05,2018,2,12,15,4,-32_159,21.317596753438313,24.50479507446289,21.51167456906573,24.00642807143075,NA,NA,0
Parma polylepis,-31.53,159.05,2018,2,12,20,2,-32_159,21.317596753438313,24.50479507446289,21.51167456906573,24.00642807143075,NA,NA,0
Parma polylepis,-31.56,159.07,2018,2,12,2.5,2,-32_159,21.317596753438313,24.50479507446289,21.51167456906573,24.00642807143075,NA,NA,0
Parma polylepis,-31.56,159.07,2018,2,12,5,1,-32_159,21.317596753438313,24.50479507446289,21.51167456906573,24.00642807143075,NA,NA,0
Parma polylepis,-31.56,159.07,2018,2,12,10,3,-32_159,21.317596753438313,24.50479507446289,21.51167456906573,24.00642807143075,NA,NA,0
Parma polylepis,-31.56,159.07,2018,2,12,7.5,1,-32_159,21.317596753438313,24.50479507446289,21.51167456906573,24.00642807143075,NA,NA,0
Parma polylepis,-31.56,159.07,2018,2,12,10,4,-32_159,21.317596753438313,24.50479507446289,21.51167456906573,24.00642807143075,NA,NA,0
Parma polylepis,-31.56,159.07,2018,2,12,12.5,5,-32_159,21.317596753438313,24.50479507446289,21.51167456906573,24.00642807143075,NA,NA,0
Parma polylepis,-31.56,159.07,2018,2,12,15,5,-32_159,21.317596753438313,24.50479507446289,21.51167456906573,24.00642807143075,NA,NA,0
Parma polylepis,-31.56,159.07,2018,2,12,20,2,-32_159,21.317596753438313,24.50479507446289,21.51167456906573,24.00642807143075,NA,NA,0
Parma polylepis,-31.56,159.07,2018,2,12,12.5,2,-32_159,21.317596753438313,24.50479507446289,21.51167456906573,24.00642807143075,NA,NA,0
Parma polylepis,-31.56,159.07,2018,2,12,15,4,-32_159,21.317596753438313,24.50479507446289,21.51167456906573,24.00642807143075,NA,NA,0
Parma polylepis,-31.56,159.07,2018,2,12,20,4,-32_159,21.317596753438313,24.50479507446289,21.51167456906573,24.00642807143075,NA,NA,0
Parma polylepis,-31.56,159.07,2018,2,12,15,2,-32_159,21.317596753438313,24.50479507446289,21.51167456906573,24.00642807143075,NA,NA,0
Parma polylepis,-31.56,159.07,2018,2,12,20,1,-32_159,21.317596753438313,24.50479507446289,21.51167456906573,24.00642807143075,NA,NA,0
Parma polylepis,-31.54,159.06,2018,2,16,20,2,-32_159,21.317596753438313,24.50479507446289,21.51167456906573,24.00642807143075,2004,Lord Howe Island Marine Park,1
Parma polylepis,-31.54,159.06,2018,2,16,12.5,1,-32_159,21.317596753438313,24.50479507446289,21.51167456906573,24.00642807143075,2004,Lord Howe Island Marine Park,1
Parma polylepis,-31.54,159.06,2018,2,16,15,2,-32_159,21.317596753438313,24.50479507446289,21.51167456906573,24.00642807143075,2004,Lord Howe Island Marine Park,1
Parma polylepis,-31.51,159.04,2018,2,21,15,4,-32_159,21.317596753438313,24.50479507446289,21.51167456906573,24.00642807143075,NA,NA,0
Parma polylepis,-31.51,159.04,2018,2,21,12.5,3,-32_159,21.317596753438313,24.50479507446289,21.51167456906573,24.00642807143075,NA,NA,0
Parma polylepis,-31.51,159.04,2018,2,21,20,6,-32_159,21.317596753438313,24.50479507446289,21.51167456906573,24.00642807143075,NA,NA,0
Parma polylepis,-31.55,159.06,2018,2,22,20,4,-32_159,21.317596753438313,24.50479507446289,21.51167456906573,24.00642807143075,2004,Lord Howe Island Marine Park,1
Parma polylepis,-31.55,159.06,2018,2,22,25,6,-32_159,21.317596753438313,24.50479507446289,21.51167456906573,24.00642807143075,2004,Lord Howe Island Marine Park,1
Parma polylepis,-31.53,159.05,2018,2,11,20,2,-32_159,21.317596753438313,24.50479507446289,21.51167456906573,24.00642807143075,NA,NA,0
Parma polylepis,-31.52,159.04,2006,2,13,15,4,-32_159,21.02468713124593,23.781185150146484,21.375357458607333,24.765713896070206,NA,NA,0
Parma polylepis,-31.52,159.04,2006,2,13,20,2,-32_159,21.02468713124593,23.781185150146484,21.375357458607333,24.765713896070206,NA,NA,0
Parma polylepis,-31.52,159.04,2006,2,13,25,1,-32_159,21.02468713124593,23.781185150146484,21.375357458607333,24.765713896070206,NA,NA,0
Parma polylepis,-31.52,159.04,2006,2,13,10,3,-32_159,21.02468713124593,23.781185150146484,21.375357458607333,24.765713896070206,NA,NA,0
Parma polylepis,-31.52,159.04,2006,2,13,15,1,-32_159,21.02468713124593,23.781185150146484,21.375357458607333,24.765713896070206,NA,NA,0
Parma polylepis,-31.52,159.04,2006,2,13,15,2,-32_159,21.02468713124593,23.781185150146484,21.375357458607333,24.765713896070206,NA,NA,0
Parma polylepis,-31.52,159.04,2006,2,13,20,3,-32_159,21.02468713124593,23.781185150146484,21.375357458607333,24.765713896070206,NA,NA,0
Parma polylepis,-31.52,159.04,2006,2,13,25,4,-32_159,21.02468713124593,23.781185150146484,21.375357458607333,24.765713896070206,2004,Lord Howe Island Marine Park,0
Parma polylepis,-31.5,159.06,2006,2,15,15,3,-32_159,21.02468713124593,23.781185150146484,21.375357458607333,24.765713896070206,2004,Lord Howe Island Marine Park,0
Parma polylepis,-31.5,159.06,2006,2,15,20,2,-32_159,21.02468713124593,23.781185150146484,21.375357458607333,24.765713896070206,2004,Lord Howe Island Marine Park,0
Parma polylepis,-31.52,159.04,2006,2,13,20,6,-32_159,21.02468713124593,23.781185150146484,21.375357458607333,24.765713896070206,2004,Lord Howe Island Marine Park,0
Parma polylepis,-31.52,159.04,2006,2,13,25,33,-32_159,21.02468713124593,23.781185150146484,21.375357458607333,24.765713896070206,2004,Lord Howe Island Marine Park,0
Parma polylepis,-31.5,159.07,2006,2,15,15,11,-32_159,21.02468713124593,23.781185150146484,21.375357458607333,24.765713896070206,2004,Lord Howe Island Marine Park,0
Parma polylepis,-31.5,159.07,2006,2,15,15,2,-32_159,21.02468713124593,23.781185150146484,21.375357458607333,24.765713896070206,2004,Lord Howe Island Marine Park,0
Parma polylepis,-31.58,159.07,2006,2,16,10,15,-32_159,21.02468713124593,23.781185150146484,21.375357458607333,24.765713896070206,NA,NA,0
Parma polylepis,-31.58,159.07,2006,2,16,15,12,-32_159,21.02468713124593,23.781185150146484,21.375357458607333,24.765713896070206,NA,NA,0
Parma polylepis,-31.58,159.07,2006,2,16,20,10,-32_159,21.02468713124593,23.781185150146484,21.375357458607333,24.765713896070206,NA,NA,0
Parma polylepis,-31.52,159.04,2006,2,13,10,4,-32_159,21.02468713124593,23.781185150146484,21.375357458607333,24.765713896070206,2004,Lord Howe Island Marine Park,0
Parma polylepis,-31.52,159.04,2006,2,13,15,3,-32_159,21.02468713124593,23.781185150146484,21.375357458607333,24.765713896070206,2004,Lord Howe Island Marine Park,0
Parma polylepis,-31.52,159.04,2006,2,13,20,5,-32_159,21.02468713124593,23.781185150146484,21.375357458607333,24.765713896070206,2004,Lord Howe Island Marine Park,0
Parma polylepis,-31.52,159.04,2006,2,13,25,2,-32_159,21.02468713124593,23.781185150146484,21.375357458607333,24.765713896070206,2004,Lord Howe Island Marine Park,0
Parma polylepis,-31.58,159.07,2006,2,16,20,3,-32_159,21.02468713124593,23.781185150146484,21.375357458607333,24.765713896070206,NA,NA,0
Parma polylepis,-31.58,159.07,2006,2,16,20,2,-32_159,21.02468713124593,23.781185150146484,21.375357458607333,24.765713896070206,NA,NA,0
Parma polylepis,-31.58,159.07,2006,2,16,15,2,-32_159,21.02468713124593,23.781185150146484,21.375357458607333,24.765713896070206,NA,NA,0
Parma polylepis,-31.55,159.06,2006,2,13,5,2,-32_159,21.02468713124593,23.781185150146484,21.375357458607333,24.765713896070206,2004,Lord Howe Island Marine Park,0
Parma polylepis,-31.58,159.07,2006,2,16,15,3,-32_159,21.02468713124593,23.781185150146484,21.375357458607333,24.765713896070206,NA,NA,0
Parma polylepis,-31.58,159.07,2006,2,16,15,2,-32_159,21.02468713124593,23.781185150146484,21.375357458607333,24.765713896070206,NA,NA,0
Parma polylepis,-31.55,159.06,2006,2,13,15,51,-32_159,21.02468713124593,23.781185150146484,21.375357458607333,24.765713896070206,2004,Lord Howe Island Marine Park,0
Parma polylepis,-31.55,159.06,2006,2,13,25,9,-32_159,21.02468713124593,23.781185150146484,21.375357458607333,24.765713896070206,2004,Lord Howe Island Marine Park,0
Parma polylepis,-31.57,159.07,2006,2,16,10,2,-32_159,21.02468713124593,23.781185150146484,21.375357458607333,24.765713896070206,NA,NA,0
Parma polylepis,-31.57,159.07,2006,2,16,15,2,-32_159,21.02468713124593,23.781185150146484,21.375357458607333,24.765713896070206,NA,NA,0
Parma polylepis,-31.57,159.07,2006,2,16,20,2,-32_159,21.02468713124593,23.781185150146484,21.375357458607333,24.765713896070206,NA,NA,0
Parma polylepis,-31.57,159.07,2006,2,16,15,3,-32_159,21.02468713124593,23.781185150146484,21.375357458607333,24.765713896070206,NA,NA,0
Parma polylepis,-31.57,159.07,2006,2,16,20,4,-32_159,21.02468713124593,23.781185150146484,21.375357458607333,24.765713896070206,NA,NA,0
Parma polylepis,-31.57,159.07,2006,2,16,15,1,-32_159,21.02468713124593,23.781185150146484,21.375357458607333,24.765713896070206,NA,NA,0
Parma polylepis,-31.57,159.07,2006,2,16,20,5,-32_159,21.02468713124593,23.781185150146484,21.375357458607333,24.765713896070206,NA,NA,0
Parma polylepis,-31.56,159.07,2006,2,17,15,23,-32_159,21.02468713124593,23.781185150146484,21.375357458607333,24.765713896070206,NA,NA,0
Parma polylepis,-31.56,159.07,2006,2,17,20,5,-32_159,21.02468713124593,23.781185150146484,21.375357458607333,24.765713896070206,NA,NA,0
Parma polylepis,-31.56,159.07,2006,2,17,10,1,-32_159,21.02468713124593,23.781185150146484,21.375357458607333,24.765713896070206,NA,NA,0
Parma polylepis,-31.56,159.07,2006,2,17,15,5,-32_159,21.02468713124593,23.781185150146484,21.375357458607333,24.765713896070206,NA,NA,0
Parma polylepis,-31.56,159.07,2006,2,17,20,8,-32_159,21.02468713124593,23.781185150146484,21.375357458607333,24.765713896070206,NA,NA,0
Parma polylepis,-31.55,159.06,2006,2,13,10,8,-32_159,21.02468713124593,23.781185150146484,21.375357458607333,24.765713896070206,2004,Lord Howe Island Marine Park,0
Parma polylepis,-31.55,159.06,2006,2,13,15,4,-32_159,21.02468713124593,23.781185150146484,21.375357458607333,24.765713896070206,2004,Lord Howe Island Marine Park,0
Parma polylepis,-31.55,159.06,2006,2,13,20,6,-32_159,21.02468713124593,23.781185150146484,21.375357458607333,24.765713896070206,2004,Lord Howe Island Marine Park,0
Parma polylepis,-31.56,159.07,2006,2,17,10,1,-32_159,21.02468713124593,23.781185150146484,21.375357458607333,24.765713896070206,NA,NA,0
Parma polylepis,-31.56,159.07,2006,2,17,15,4,-32_159,21.02468713124593,23.781185150146484,21.375357458607333,24.765713896070206,NA,NA,0
Parma polylepis,-31.56,159.07,2006,2,17,20,3,-32_159,21.02468713124593,23.781185150146484,21.375357458607333,24.765713896070206,NA,NA,0
Parma polylepis,-31.56,159.07,2006,2,17,15,1,-32_159,21.02468713124593,23.781185150146484,21.375357458607333,24.765713896070206,NA,NA,0
Parma polylepis,-31.56,159.07,2006,2,17,10,5,-32_159,21.02468713124593,23.781185150146484,21.375357458607333,24.765713896070206,NA,NA,0
Parma polylepis,-31.56,159.07,2006,2,17,15,49,-32_159,21.02468713124593,23.781185150146484,21.375357458607333,24.765713896070206,NA,NA,0
Parma polylepis,-31.56,159.07,2006,2,17,10,7,-32_159,21.02468713124593,23.781185150146484,21.375357458607333,24.765713896070206,NA,NA,0
Parma polylepis,-31.56,159.07,2006,2,17,15,6,-32_159,21.02468713124593,23.781185150146484,21.375357458607333,24.765713896070206,NA,NA,0
Parma polylepis,-31.56,159.07,2006,2,17,10,5,-32_159,21.02468713124593,23.781185150146484,21.375357458607333,24.765713896070206,NA,NA,0
Parma polylepis,-31.56,159.07,2006,2,17,15,6,-32_159,21.02468713124593,23.781185150146484,21.375357458607333,24.765713896070206,NA,NA,0
Parma polylepis,-31.55,159.06,2006,2,13,10,11,-32_159,21.02468713124593,23.781185150146484,21.375357458607333,24.765713896070206,2004,Lord Howe Island Marine Park,0
Parma polylepis,-31.56,159.07,2006,2,17,10,3,-32_159,21.02468713124593,23.781185150146484,21.375357458607333,24.765713896070206,NA,NA,0
Parma polylepis,-31.56,159.07,2006,2,17,15,5,-32_159,21.02468713124593,23.781185150146484,21.375357458607333,24.765713896070206,NA,NA,0
Parma polylepis,-31.54,159.05,2006,2,17,15,15,-32_159,21.02468713124593,23.781185150146484,21.375357458607333,24.765713896070206,2004,Lord Howe Island Marine Park,0
Parma polylepis,-31.54,159.05,2006,2,17,20,7,-32_159,21.02468713124593,23.781185150146484,21.375357458607333,24.765713896070206,2004,Lord Howe Island Marine Park,0
Parma polylepis,-31.55,159.06,2006,2,13,15,12,-32_159,21.02468713124593,23.781185150146484,21.375357458607333,24.765713896070206,2004,Lord Howe Island Marine Park,0
Parma polylepis,-31.55,159.06,2006,2,13,20,5,-32_159,21.02468713124593,23.781185150146484,21.375357458607333,24.765713896070206,2004,Lord Howe Island Marine Park,0
Parma polylepis,-31.55,159.06,2006,2,13,15,36,-32_159,21.02468713124593,23.781185150146484,21.375357458607333,24.765713896070206,2004,Lord Howe Island Marine Park,0
Parma polylepis,-31.55,159.06,2006,2,13,5,9,-32_159,21.02468713124593,23.781185150146484,21.375357458607333,24.765713896070206,2004,Lord Howe Island Marine Park,0
Parma polylepis,-31.55,159.06,2006,2,13,10,26,-32_159,21.02468713124593,23.781185150146484,21.375357458607333,24.765713896070206,2004,Lord Howe Island Marine Park,0
Parma polylepis,-31.55,159.06,2006,2,13,15,15,-32_159,21.02468713124593,23.781185150146484,21.375357458607333,24.765713896070206,2004,Lord Howe Island Marine Park,0
Parma polylepis,-31.55,159.06,2006,2,13,20,3,-32_159,21.02468713124593,23.781185150146484,21.375357458607333,24.765713896070206,2004,Lord Howe Island Marine Park,0
Parma polylepis,-31.55,159.06,2006,2,13,5,2,-32_159,21.02468713124593,23.781185150146484,21.375357458607333,24.765713896070206,2004,Lord Howe Island Marine Park,0
Parma polylepis,-31.55,159.06,2006,2,13,10,15,-32_159,21.02468713124593,23.781185150146484,21.375357458607333,24.765713896070206,2004,Lord Howe Island Marine Park,0
Parma polylepis,-31.55,159.06,2006,2,13,15,12,-32_159,21.02468713124593,23.781185150146484,21.375357458607333,24.765713896070206,2004,Lord Howe Island Marine Park,0
Parma polylepis,-31.55,159.06,2006,2,13,20,4,-32_159,21.02468713124593,23.781185150146484,21.375357458607333,24.765713896070206,2004,Lord Howe Island Marine Park,0
Parma polylepis,-31.54,159.07,2006,2,14,15,10,-32_159,21.02468713124593,23.781185150146484,21.375357458607333,24.765713896070206,2004,Lord Howe Island Marine Park,0
Parma polylepis,-31.54,159.07,2006,2,14,10,8,-32_159,21.02468713124593,23.781185150146484,21.375357458607333,24.765713896070206,2004,Lord Howe Island Marine Park,0
Parma polylepis,-31.54,159.07,2006,2,14,15,17,-32_159,21.02468713124593,23.781185150146484,21.375357458607333,24.765713896070206,2004,Lord Howe Island Marine Park,0
Parma polylepis,-31.54,159.07,2006,2,14,10,2,-32_159,21.02468713124593,23.781185150146484,21.375357458607333,24.765713896070206,2004,Lord Howe Island Marine Park,0
Parma polylepis,-31.54,159.07,2006,2,14,15,3,-32_159,21.02468713124593,23.781185150146484,21.375357458607333,24.765713896070206,2004,Lord Howe Island Marine Park,0
Parma polylepis,-31.55,159.07,2006,2,14,15,38,-32_159,21.02468713124593,23.781185150146484,21.375357458607333,24.765713896070206,NA,NA,0
Parma polylepis,-31.55,159.07,2006,2,14,10,1,-32_159,21.02468713124593,23.781185150146484,21.375357458607333,24.765713896070206,NA,NA,0
Parma polylepis,-31.55,159.07,2006,2,14,15,2,-32_159,21.02468713124593,23.781185150146484,21.375357458607333,24.765713896070206,NA,NA,0
Parma polylepis,-31.55,159.07,2006,2,14,20,1,-32_159,21.02468713124593,23.781185150146484,21.375357458607333,24.765713896070206,NA,NA,0
Parma polylepis,-31.55,159.07,2006,2,14,10,2,-32_159,21.02468713124593,23.781185150146484,21.375357458607333,24.765713896070206,NA,NA,0
Parma polylepis,-31.55,159.07,2006,2,14,15,1,-32_159,21.02468713124593,23.781185150146484,21.375357458607333,24.765713896070206,NA,NA,0
Parma polylepis,-31.55,159.07,2006,2,14,15,1,-32_159,21.02468713124593,23.781185150146484,21.375357458607333,24.765713896070206,NA,NA,0
Parma polylepis,-31.52,159.04,2006,2,19,15,5,-32_159,21.02468713124593,23.781185150146484,21.375357458607333,24.765713896070206,2004,Lord Howe Island Marine Park,0
Parma polylepis,-31.52,159.04,2006,2,19,20,11,-32_159,21.02468713124593,23.781185150146484,21.375357458607333,24.765713896070206,2004,Lord Howe Island Marine Park,0
Parma polylepis,-31.52,159.04,2006,2,19,25,3,-32_159,21.02468713124593,23.781185150146484,21.375357458607333,24.765713896070206,2004,Lord Howe Island Marine Park,0
Parma polylepis,-31.52,159.04,2006,2,19,15,8,-32_159,21.02468713124593,23.781185150146484,21.375357458607333,24.765713896070206,2004,Lord Howe Island Marine Park,0
Parma polylepis,-31.52,159.04,2006,2,19,20,8,-32_159,21.02468713124593,23.781185150146484,21.375357458607333,24.765713896070206,2004,Lord Howe Island Marine Park,0
Parma polylepis,-31.52,159.04,2006,2,19,15,6,-32_159,21.02468713124593,23.781185150146484,21.375357458607333,24.765713896070206,2004,Lord Howe Island Marine Park,0
Parma polylepis,-31.52,159.04,2006,2,19,20,4,-32_159,21.02468713124593,23.781185150146484,21.375357458607333,24.765713896070206,2004,Lord Howe Island Marine Park,0
Parma polylepis,-31.52,159.04,2006,2,19,25,2,-32_159,21.02468713124593,23.781185150146484,21.375357458607333,24.765713896070206,2004,Lord Howe Island Marine Park,0
Parma polylepis,-31.55,159.07,2006,2,14,10,2,-32_159,21.02468713124593,23.781185150146484,21.375357458607333,24.765713896070206,NA,NA,0
Parma polylepis,-31.55,159.07,2006,2,14,15,2,-32_159,21.02468713124593,23.781185150146484,21.375357458607333,24.765713896070206,NA,NA,0
Parma polylepis,-31.55,159.07,2006,2,14,20,1,-32_159,21.02468713124593,23.781185150146484,21.375357458607333,24.765713896070206,NA,NA,0
Parma polylepis,-31.52,159.04,2006,2,19,15,7,-32_159,21.02468713124593,23.781185150146484,21.375357458607333,24.765713896070206,2004,Lord Howe Island Marine Park,0
Parma polylepis,-31.52,159.04,2006,2,19,20,5,-32_159,21.02468713124593,23.781185150146484,21.375357458607333,24.765713896070206,2004,Lord Howe Island Marine Park,0
Parma polylepis,-31.5,159.07,2006,2,20,15,10,-32_159,21.02468713124593,23.781185150146484,21.375357458607333,24.765713896070206,NA,NA,0
Parma polylepis,-31.5,159.07,2006,2,20,20,15,-32_159,21.02468713124593,23.781185150146484,21.375357458607333,24.765713896070206,NA,NA,0
Parma polylepis,-31.5,159.07,2006,2,20,25,1,-32_159,21.02468713124593,23.781185150146484,21.375357458607333,24.765713896070206,NA,NA,0
Parma polylepis,-31.5,159.07,2006,2,20,15,2,-32_159,21.02468713124593,23.781185150146484,21.375357458607333,24.765713896070206,NA,NA,0
Parma polylepis,-31.5,159.07,2006,2,20,20,3,-32_159,21.02468713124593,23.781185150146484,21.375357458607333,24.765713896070206,NA,NA,0
Parma polylepis,-31.55,159.07,2006,2,14,10,4,-32_159,21.02468713124593,23.781185150146484,21.375357458607333,24.765713896070206,NA,NA,0
Parma polylepis,-31.55,159.07,2006,2,14,15,3,-32_159,21.02468713124593,23.781185150146484,21.375357458607333,24.765713896070206,NA,NA,0
Parma polylepis,-31.55,159.07,2006,2,14,20,1,-32_159,21.02468713124593,23.781185150146484,21.375357458607333,24.765713896070206,NA,NA,0
Parma polylepis,-31.5,159.07,2006,2,20,15,2,-32_159,21.02468713124593,23.781185150146484,21.375357458607333,24.765713896070206,NA,NA,0
Parma polylepis,-31.5,159.07,2006,2,20,20,4,-32_159,21.02468713124593,23.781185150146484,21.375357458607333,24.765713896070206,NA,NA,0
Parma polylepis,-31.5,159.06,2006,2,15,15,1,-32_159,21.02468713124593,23.781185150146484,21.375357458607333,24.765713896070206,2004,Lord Howe Island Marine Park,0
Parma polylepis,-31.5,159.07,2006,2,20,10,4,-32_159,21.02468713124593,23.781185150146484,21.375357458607333,24.765713896070206,2004,Lord Howe Island Marine Park,0
Parma polylepis,-31.5,159.07,2006,2,20,20,3,-32_159,21.02468713124593,23.781185150146484,21.375357458607333,24.765713896070206,2004,Lord Howe Island Marine Park,0
Parma polylepis,-31.5,159.07,2006,2,20,15,3,-32_159,21.02468713124593,23.781185150146484,21.375357458607333,24.765713896070206,2004,Lord Howe Island Marine Park,0
Parma polylepis,-31.5,159.07,2006,2,20,20,6,-32_159,21.02468713124593,23.781185150146484,21.375357458607333,24.765713896070206,2004,Lord Howe Island Marine Park,0
Parma polylepis,-31.5,159.07,2006,2,20,20,2,-32_159,21.02468713124593,23.781185150146484,21.375357458607333,24.765713896070206,2004,Lord Howe Island Marine Park,0
Parma polylepis,-31.5,159.07,2006,2,20,25,3,-32_159,21.02468713124593,23.781185150146484,21.375357458607333,24.765713896070206,2004,Lord Howe Island Marine Park,0
Parma polylepis,-31.5,159.06,2006,2,15,20,3,-32_159,21.02468713124593,23.781185150146484,21.375357458607333,24.765713896070206,2004,Lord Howe Island Marine Park,0
Parma polylepis,-31.5,159.07,2006,2,20,15,1,-32_159,21.02468713124593,23.781185150146484,21.375357458607333,24.765713896070206,2004,Lord Howe Island Marine Park,0
Parma polylepis,-31.5,159.07,2006,2,20,20,18,-32_159,21.02468713124593,23.781185150146484,21.375357458607333,24.765713896070206,2004,Lord Howe Island Marine Park,0
Parma polylepis,-31.5,159.07,2006,2,20,15,6,-32_159,21.02468713124593,23.781185150146484,21.375357458607333,24.765713896070206,2004,Lord Howe Island Marine Park,0
Parma polylepis,-31.5,159.07,2006,2,20,20,6,-32_159,21.02468713124593,23.781185150146484,21.375357458607333,24.765713896070206,2004,Lord Howe Island Marine Park,0
Parma polylepis,-31.5,159.07,2006,2,20,15,9,-32_159,21.02468713124593,23.781185150146484,21.375357458607333,24.765713896070206,2004,Lord Howe Island Marine Park,0
Parma polylepis,-31.5,159.07,2006,2,20,20,3,-32_159,21.02468713124593,23.781185150146484,21.375357458607333,24.765713896070206,2004,Lord Howe Island Marine Park,0
Parma polylepis,-31.52,159.03,2006,2,22,10,2,-32_159,21.02468713124593,23.781185150146484,21.375357458607333,24.765713896070206,NA,NA,0
Parma polylepis,-31.52,159.03,2006,2,22,15,6,-32_159,21.02468713124593,23.781185150146484,21.375357458607333,24.765713896070206,NA,NA,0
Parma polylepis,-31.52,159.03,2006,2,22,20,3,-32_159,21.02468713124593,23.781185150146484,21.375357458607333,24.765713896070206,NA,NA,0
Parma polylepis,-31.5,159.07,2006,2,20,15,6,-32_159,21.02468713124593,23.781185150146484,21.375357458607333,24.765713896070206,2004,Lord Howe Island Marine Park,0
Parma polylepis,-31.5,159.07,2006,2,20,20,4,-32_159,21.02468713124593,23.781185150146484,21.375357458607333,24.765713896070206,2004,Lord Howe Island Marine Park,0
Parma polylepis,-31.6,159.08,2006,2,21,15,3,-32_159,21.02468713124593,23.781185150146484,21.375357458607333,24.765713896070206,2004,Lord Howe Island Marine Park,0
Parma polylepis,-31.6,159.08,2006,2,21,25,3,-32_159,21.02468713124593,23.781185150146484,21.375357458607333,24.765713896070206,2004,Lord Howe Island Marine Park,0
Parma polylepis,-31.6,159.08,2006,2,21,15,2,-32_159,21.02468713124593,23.781185150146484,21.375357458607333,24.765713896070206,2004,Lord Howe Island Marine Park,0
Parma polylepis,-31.6,159.08,2006,2,21,20,6,-32_159,21.02468713124593,23.781185150146484,21.375357458607333,24.765713896070206,2004,Lord Howe Island Marine Park,0
Parma polylepis,-31.52,159.05,2006,2,22,5,15,-32_159,21.02468713124593,23.781185150146484,21.375357458607333,24.765713896070206,2004,Lord Howe Island Marine Park,0
Parma polylepis,-31.6,159.08,2006,2,21,15,2,-32_159,21.02468713124593,23.781185150146484,21.375357458607333,24.765713896070206,2004,Lord Howe Island Marine Park,0
Parma polylepis,-31.6,159.08,2006,2,21,20,3,-32_159,21.02468713124593,23.781185150146484,21.375357458607333,24.765713896070206,2004,Lord Howe Island Marine Park,0
Parma polylepis,-31.6,159.08,2006,2,21,25,3,-32_159,21.02468713124593,23.781185150146484,21.375357458607333,24.765713896070206,2004,Lord Howe Island Marine Park,0
Parma polylepis,-31.6,159.08,2006,2,21,20,4,-32_159,21.02468713124593,23.781185150146484,21.375357458607333,24.765713896070206,2004,Lord Howe Island Marine Park,0
Parma polylepis,-31.6,159.08,2006,2,21,25,1,-32_159,21.02468713124593,23.781185150146484,21.375357458607333,24.765713896070206,2004,Lord Howe Island Marine Park,0
Parma polylepis,-31.52,159.05,2006,2,22,10,35,-32_159,21.02468713124593,23.781185150146484,21.375357458607333,24.765713896070206,2004,Lord Howe Island Marine Park,0
Parma polylepis,-31.57,159.1,2006,2,21,20,10,-32_159,21.02468713124593,23.781185150146484,21.375357458607333,24.765713896070206,2004,Lord Howe Island Marine Park,0
Parma polylepis,-31.57,159.1,2006,2,21,25,6,-32_159,21.02468713124593,23.781185150146484,21.375357458607333,24.765713896070206,2004,Lord Howe Island Marine Park,0
Parma polylepis,-31.57,159.1,2006,2,21,10,3,-32_159,21.02468713124593,23.781185150146484,21.375357458607333,24.765713896070206,2004,Lord Howe Island Marine Park,0
Parma polylepis,-31.57,159.1,2006,2,21,15,2,-32_159,21.02468713124593,23.781185150146484,21.375357458607333,24.765713896070206,2004,Lord Howe Island Marine Park,0
Parma polylepis,-31.57,159.1,2006,2,21,5,2,-32_159,21.02468713124593,23.781185150146484,21.375357458607333,24.765713896070206,2004,Lord Howe Island Marine Park,0
Parma polylepis,-31.57,159.1,2006,2,21,10,4,-32_159,21.02468713124593,23.781185150146484,21.375357458607333,24.765713896070206,2004,Lord Howe Island Marine Park,0
Parma polylepis,-31.57,159.1,2006,2,21,15,5,-32_159,21.02468713124593,23.781185150146484,21.375357458607333,24.765713896070206,2004,Lord Howe Island Marine Park,0
Parma polylepis,-31.57,159.1,2006,2,21,20,3,-32_159,21.02468713124593,23.781185150146484,21.375357458607333,24.765713896070206,2004,Lord Howe Island Marine Park,0
Parma polylepis,-31.57,159.1,2006,2,21,5,1,-32_159,21.02468713124593,23.781185150146484,21.375357458607333,24.765713896070206,2004,Lord Howe Island Marine Park,0
Parma polylepis,-31.57,159.1,2006,2,21,10,2,-32_159,21.02468713124593,23.781185150146484,21.375357458607333,24.765713896070206,2004,Lord Howe Island Marine Park,0
Parma polylepis,-31.56,159.1,2006,2,21,15,10,-32_159,21.02468713124593,23.781185150146484,21.375357458607333,24.765713896070206,NA,NA,0
Parma polylepis,-31.52,159.05,2006,2,22,20,1,-32_159,21.02468713124593,23.781185150146484,21.375357458607333,24.765713896070206,2004,Lord Howe Island Marine Park,0
Parma polylepis,-31.56,159.1,2006,2,21,15,1,-32_159,21.02468713124593,23.781185150146484,21.375357458607333,24.765713896070206,NA,NA,0
Parma polylepis,-31.56,159.1,2006,2,21,20,1,-32_159,21.02468713124593,23.781185150146484,21.375357458607333,24.765713896070206,NA,NA,0
Parma polylepis,-31.56,159.1,2006,2,21,15,3,-32_159,21.02468713124593,23.781185150146484,21.375357458607333,24.765713896070206,NA,NA,0
Parma polylepis,-31.56,159.1,2006,2,21,20,2,-32_159,21.02468713124593,23.781185150146484,21.375357458607333,24.765713896070206,NA,NA,0
Parma polylepis,-31.56,159.1,2006,2,21,15,1,-32_159,21.02468713124593,23.781185150146484,21.375357458607333,24.765713896070206,NA,NA,0
Parma polylepis,-31.52,159.03,2006,2,22,20,5,-32_159,21.02468713124593,23.781185150146484,21.375357458607333,24.765713896070206,NA,NA,0
Parma polylepis,-31.52,159.03,2006,2,22,25,12,-32_159,21.02468713124593,23.781185150146484,21.375357458607333,24.765713896070206,NA,NA,0
Parma polylepis,-31.52,159.03,2006,2,22,15,4,-32_159,21.02468713124593,23.781185150146484,21.375357458607333,24.765713896070206,NA,NA,0
Parma polylepis,-31.52,159.03,2006,2,22,20,3,-32_159,21.02468713124593,23.781185150146484,21.375357458607333,24.765713896070206,NA,NA,0
Parma polylepis,-31.52,159.03,2006,2,22,20,1,-32_159,21.02468713124593,23.781185150146484,21.375357458607333,24.765713896070206,NA,NA,0
Parma polylepis,-31.52,159.03,2006,2,22,15,2,-32_159,21.02468713124593,23.781185150146484,21.375357458607333,24.765713896070206,NA,NA,0
Parma polylepis,-31.52,159.03,2006,2,22,20,2,-32_159,21.02468713124593,23.781185150146484,21.375357458607333,24.765713896070206,NA,NA,0
Parma polylepis,-31.52,159.05,2006,2,22,25,2,-32_159,21.02468713124593,23.781185150146484,21.375357458607333,24.765713896070206,2004,Lord Howe Island Marine Park,0
Parma polylepis,-31.52,159.03,2006,2,22,10,3,-32_159,21.02468713124593,23.781185150146484,21.375357458607333,24.765713896070206,NA,NA,0
Parma polylepis,-31.52,159.03,2006,2,22,15,8,-32_159,21.02468713124593,23.781185150146484,21.375357458607333,24.765713896070206,NA,NA,0
Parma polylepis,-31.52,159.03,2006,2,22,20,2,-32_159,21.02468713124593,23.781185150146484,21.375357458607333,24.765713896070206,NA,NA,0
Parma polylepis,-31.52,159.03,2006,2,22,15,6,-32_159,21.02468713124593,23.781185150146484,21.375357458607333,24.765713896070206,NA,NA,0
Parma polylepis,-31.52,159.03,2006,2,22,15,4,-32_159,21.02468713124593,23.781185150146484,21.375357458607333,24.765713896070206,NA,NA,0
Parma polylepis,-31.52,159.03,2006,2,22,20,2,-32_159,21.02468713124593,23.781185150146484,21.375357458607333,24.765713896070206,NA,NA,0
Parma polylepis,-31.55,159.06,2008,2,18,20,1,-32_159,20.888954798380535,24.01853370666504,21.15015940291082,23.929654647564067,2004,Lord Howe Island Marine Park,0
Parma polylepis,-31.55,159.06,2008,2,18,25,2,-32_159,20.888954798380535,24.01853370666504,21.15015940291082,23.929654647564067,2004,Lord Howe Island Marine Park,0
Parma polylepis,-31.52,159.05,2006,2,22,20,3,-32_159,21.02468713124593,23.781185150146484,21.375357458607333,24.765713896070206,2004,Lord Howe Island Marine Park,0
Parma polylepis,-31.52,159.05,2006,2,22,25,1,-32_159,21.02468713124593,23.781185150146484,21.375357458607333,24.765713896070206,2004,Lord Howe Island Marine Park,0
Parma polylepis,-31.54,159.07,2008,2,17,10,1,-32_159,20.888954798380535,24.01853370666504,21.15015940291082,23.929654647564067,2004,Lord Howe Island Marine Park,0
Parma polylepis,-31.54,159.07,2008,2,17,10,2,-32_159,20.888954798380535,24.01853370666504,21.15015940291082,23.929654647564067,2004,Lord Howe Island Marine Park,0
Parma polylepis,-31.52,159.05,2006,2,22,10,40,-32_159,21.02468713124593,23.781185150146484,21.375357458607333,24.765713896070206,2004,Lord Howe Island Marine Park,0
Parma polylepis,-31.52,159.05,2006,2,22,15,2,-32_159,21.02468713124593,23.781185150146484,21.375357458607333,24.765713896070206,2004,Lord Howe Island Marine Park,0
Parma polylepis,-31.52,159.05,2006,2,22,20,1,-32_159,21.02468713124593,23.781185150146484,21.375357458607333,24.765713896070206,2004,Lord Howe Island Marine Park,0
Parma polylepis,-31.52,159.05,2006,2,22,20,1,-32_159,21.02468713124593,23.781185150146484,21.375357458607333,24.765713896070206,2004,Lord Howe Island Marine Park,0
Parma polylepis,-31.51,159.04,2006,2,23,15,8,-32_159,21.02468713124593,23.781185150146484,21.375357458607333,24.765713896070206,NA,NA,0
Parma polylepis,-31.51,159.04,2006,2,23,20,5,-32_159,21.02468713124593,23.781185150146484,21.375357458607333,24.765713896070206,NA,NA,0
Parma polylepis,-31.51,159.04,2006,2,23,25,5,-32_159,21.02468713124593,23.781185150146484,21.375357458607333,24.765713896070206,NA,NA,0
Parma polylepis,-31.51,159.04,2006,2,23,15,6,-32_159,21.02468713124593,23.781185150146484,21.375357458607333,24.765713896070206,NA,NA,0
Parma polylepis,-31.51,159.04,2006,2,23,15,8,-32_159,21.02468713124593,23.781185150146484,21.375357458607333,24.765713896070206,NA,NA,0
Parma polylepis,-31.51,159.04,2006,2,23,20,8,-32_159,21.02468713124593,23.781185150146484,21.375357458607333,24.765713896070206,NA,NA,0
Parma polylepis,-31.54,159.07,2008,2,17,25,1,-32_159,20.888954798380535,24.01853370666504,21.15015940291082,23.929654647564067,2004,Lord Howe Island Marine Park,0
Parma polylepis,-31.51,159.04,2006,2,23,15,5,-32_159,21.02468713124593,23.781185150146484,21.375357458607333,24.765713896070206,NA,NA,0
Parma polylepis,-31.51,159.04,2006,2,23,20,4,-32_159,21.02468713124593,23.781185150146484,21.375357458607333,24.765713896070206,NA,NA,0
Parma polylepis,-31.51,159.04,2006,2,23,15,10,-32_159,21.02468713124593,23.781185150146484,21.375357458607333,24.765713896070206,NA,NA,0
Parma polylepis,-31.51,159.04,2006,2,23,20,5,-32_159,21.02468713124593,23.781185150146484,21.375357458607333,24.765713896070206,NA,NA,0
Parma polylepis,-31.54,159.07,2008,2,17,25,1,-32_159,20.888954798380535,24.01853370666504,21.15015940291082,23.929654647564067,2004,Lord Howe Island Marine Park,0
Parma polylepis,-31.54,159.07,2008,2,17,30,2,-32_159,20.888954798380535,24.01853370666504,21.15015940291082,23.929654647564067,2004,Lord Howe Island Marine Park,0
Parma polylepis,-31.51,159.04,2006,2,23,25,2,-32_159,21.02468713124593,23.781185150146484,21.375357458607333,24.765713896070206,NA,NA,0
Parma polylepis,-31.51,159.04,2006,2,23,15,5,-32_159,21.02468713124593,23.781185150146484,21.375357458607333,24.765713896070206,NA,NA,0
Parma polylepis,-31.51,159.04,2006,2,23,15,6,-32_159,21.02468713124593,23.781185150146484,21.375357458607333,24.765713896070206,NA,NA,0
Parma polylepis,-31.51,159.04,2006,2,23,10,1,-32_159,21.02468713124593,23.781185150146484,21.375357458607333,24.765713896070206,NA,NA,0
Parma polylepis,-31.51,159.04,2006,2,23,15,5,-32_159,21.02468713124593,23.781185150146484,21.375357458607333,24.765713896070206,NA,NA,0
Parma polylepis,-31.51,159.06,2006,2,23,25,5,-32_159,21.02468713124593,23.781185150146484,21.375357458607333,24.765713896070206,2004,Lord Howe Island Marine Park,0
Parma polylepis,-31.51,159.06,2006,2,23,15,6,-32_159,21.02468713124593,23.781185150146484,21.375357458607333,24.765713896070206,2004,Lord Howe Island Marine Park,0
Parma polylepis,-31.51,159.06,2006,2,23,20,2,-32_159,21.02468713124593,23.781185150146484,21.375357458607333,24.765713896070206,2004,Lord Howe Island Marine Park,0
Parma polylepis,-31.51,159.06,2006,2,23,15,8,-32_159,21.02468713124593,23.781185150146484,21.375357458607333,24.765713896070206,2004,Lord Howe Island Marine Park,0
Parma polylepis,-31.51,159.06,2006,2,23,20,5,-32_159,21.02468713124593,23.781185150146484,21.375357458607333,24.765713896070206,2004,Lord Howe Island Marine Park,0
Parma polylepis,-31.51,159.06,2006,2,23,15,7,-32_159,21.02468713124593,23.781185150146484,21.375357458607333,24.765713896070206,2004,Lord Howe Island Marine Park,0
Parma polylepis,-31.76,159.24,2006,2,24,15,5,-32_159,21.02468713124593,23.781185150146484,21.375357458607333,24.765713896070206,NA,NA,0
Parma polylepis,-31.76,159.24,2006,2,24,20,5,-32_159,21.02468713124593,23.781185150146484,21.375357458607333,24.765713896070206,NA,NA,0
Parma polylepis,-31.76,159.24,2006,2,24,25,4,-32_159,21.02468713124593,23.781185150146484,21.375357458607333,24.765713896070206,NA,NA,0
Parma polylepis,-31.76,159.24,2006,2,24,15,2,-32_159,21.02468713124593,23.781185150146484,21.375357458607333,24.765713896070206,NA,NA,0
Parma polylepis,-31.76,159.24,2006,2,24,15,3,-32_159,21.02468713124593,23.781185150146484,21.375357458607333,24.765713896070206,NA,NA,0
Parma polylepis,-31.76,159.24,2006,2,24,20,2,-32_159,21.02468713124593,23.781185150146484,21.375357458607333,24.765713896070206,NA,NA,0
Parma polylepis,-31.76,159.24,2006,2,24,15,5,-32_159,21.02468713124593,23.781185150146484,21.375357458607333,24.765713896070206,NA,NA,0
Parma polylepis,-31.75,159.24,2006,2,24,15,4,-32_159,21.02468713124593,23.781185150146484,21.375357458607333,24.765713896070206,2004,Lord Howe Island Marine Park,0
Parma polylepis,-31.75,159.24,2006,2,24,20,2,-32_159,21.02468713124593,23.781185150146484,21.375357458607333,24.765713896070206,2004,Lord Howe Island Marine Park,0
Parma polylepis,-31.75,159.24,2006,2,24,15,6,-32_159,21.02468713124593,23.781185150146484,21.375357458607333,24.765713896070206,2004,Lord Howe Island Marine Park,0
Parma polylepis,-31.75,159.24,2006,2,24,20,3,-32_159,21.02468713124593,23.781185150146484,21.375357458607333,24.765713896070206,2004,Lord Howe Island Marine Park,0
Parma polylepis,-31.75,159.24,2006,2,24,15,3,-32_159,21.02468713124593,23.781185150146484,21.375357458607333,24.765713896070206,2004,Lord Howe Island Marine Park,0
Parma polylepis,-31.75,159.24,2006,2,24,20,2,-32_159,21.02468713124593,23.781185150146484,21.375357458607333,24.765713896070206,2004,Lord Howe Island Marine Park,0
Parma polylepis,-31.75,159.24,2006,2,24,15,4,-32_159,21.02468713124593,23.781185150146484,21.375357458607333,24.765713896070206,2004,Lord Howe Island Marine Park,0
Parma polylepis,-31.75,159.24,2006,2,24,20,4,-32_159,21.02468713124593,23.781185150146484,21.375357458607333,24.765713896070206,2004,Lord Howe Island Marine Park,0
Parma polylepis,-31.53,159.06,2006,2,24,10,4,-32_159,21.02468713124593,23.781185150146484,21.375357458607333,24.765713896070206,NA,NA,0
Parma polylepis,-31.53,159.06,2006,2,24,15,6,-32_159,21.02468713124593,23.781185150146484,21.375357458607333,24.765713896070206,NA,NA,0
Parma polylepis,-31.53,159.06,2006,2,24,20,3,-32_159,21.02468713124593,23.781185150146484,21.375357458607333,24.765713896070206,NA,NA,0
Parma polylepis,-31.53,159.06,2006,2,24,10,8,-32_159,21.02468713124593,23.781185150146484,21.375357458607333,24.765713896070206,NA,NA,0
Parma polylepis,-31.53,159.06,2006,2,24,15,3,-32_159,21.02468713124593,23.781185150146484,21.375357458607333,24.765713896070206,NA,NA,0
Parma polylepis,-31.53,159.06,2006,2,24,20,2,-32_159,21.02468713124593,23.781185150146484,21.375357458607333,24.765713896070206,NA,NA,0
Parma polylepis,-31.53,159.06,2006,2,24,10,2,-32_159,21.02468713124593,23.781185150146484,21.375357458607333,24.765713896070206,NA,NA,0
Parma polylepis,-31.53,159.06,2006,2,24,15,6,-32_159,21.02468713124593,23.781185150146484,21.375357458607333,24.765713896070206,NA,NA,0
Parma polylepis,-31.53,159.06,2006,2,24,20,5,-32_159,21.02468713124593,23.781185150146484,21.375357458607333,24.765713896070206,NA,NA,0
Parma polylepis,-31.53,159.06,2006,2,24,15,5,-32_159,21.02468713124593,23.781185150146484,21.375357458607333,24.765713896070206,NA,NA,0
Parma polylepis,-31.53,159.06,2006,2,24,20,3,-32_159,21.02468713124593,23.781185150146484,21.375357458607333,24.765713896070206,NA,NA,0
Parma polylepis,-31.52,159.04,2008,3,8,10,1,-32_159,20.888954798380535,23.390670776367188,21.15015940291082,23.309031701857045,NA,NA,0
Parma polylepis,-31.52,159.04,2008,3,8,15,7,-32_159,20.888954798380535,23.390670776367188,21.15015940291082,23.309031701857045,NA,NA,0
Parma polylepis,-31.52,159.04,2008,3,8,20,5,-32_159,20.888954798380535,23.390670776367188,21.15015940291082,23.309031701857045,NA,NA,0
Parma polylepis,-31.52,159.04,2008,3,8,15,3,-32_159,20.888954798380535,23.390670776367188,21.15015940291082,23.309031701857045,NA,NA,0
Parma polylepis,-31.52,159.04,2008,3,8,20,3,-32_159,20.888954798380535,23.390670776367188,21.15015940291082,23.309031701857045,NA,NA,0
Parma polylepis,-31.52,159.04,2008,3,8,15,3,-32_159,20.888954798380535,23.390670776367188,21.15015940291082,23.309031701857045,NA,NA,0
Parma polylepis,-31.52,159.04,2008,3,8,20,2,-32_159,20.888954798380535,23.390670776367188,21.15015940291082,23.309031701857045,NA,NA,0
Parma polylepis,-31.52,159.04,2008,3,8,20,1,-32_159,20.888954798380535,23.390670776367188,21.15015940291082,23.309031701857045,NA,NA,0
Parma polylepis,-31.52,159.04,2008,3,8,25,2,-32_159,20.888954798380535,23.390670776367188,21.15015940291082,23.309031701857045,NA,NA,0
Parma polylepis,-31.52,159.04,2008,3,10,15,2,-32_159,20.888954798380535,23.390670776367188,21.15015940291082,23.309031701857045,2004,Lord Howe Island Marine Park,0
Parma polylepis,-31.52,159.04,2008,3,10,20,1,-32_159,20.888954798380535,23.390670776367188,21.15015940291082,23.309031701857045,2004,Lord Howe Island Marine Park,0
Parma polylepis,-31.52,159.04,2008,3,10,20,3,-32_159,20.888954798380535,23.390670776367188,21.15015940291082,23.309031701857045,2004,Lord Howe Island Marine Park,0
Parma polylepis,-31.52,159.04,2008,3,10,15,2,-32_159,20.888954798380535,23.390670776367188,21.15015940291082,23.309031701857045,2004,Lord Howe Island Marine Park,0
Parma polylepis,-31.52,159.04,2008,3,10,20,1,-32_159,20.888954798380535,23.390670776367188,21.15015940291082,23.309031701857045,2004,Lord Howe Island Marine Park,0
Parma polylepis,-31.52,159.04,2008,3,10,7.5,1,-32_159,20.888954798380535,23.390670776367188,21.15015940291082,23.309031701857045,2004,Lord Howe Island Marine Park,0
Parma polylepis,-31.52,159.04,2008,3,10,20,4,-32_159,20.888954798380535,23.390670776367188,21.15015940291082,23.309031701857045,2004,Lord Howe Island Marine Park,0
Parma polylepis,-31.55,159.06,2008,2,18,7.5,1,-32_159,20.888954798380535,24.01853370666504,21.15015940291082,23.929654647564067,2004,Lord Howe Island Marine Park,0
Parma polylepis,-31.55,159.06,2008,2,18,12.5,2,-32_159,20.888954798380535,24.01853370666504,21.15015940291082,23.929654647564067,2004,Lord Howe Island Marine Park,0
Parma polylepis,-31.55,159.06,2008,2,18,15,2,-32_159,20.888954798380535,24.01853370666504,21.15015940291082,23.929654647564067,2004,Lord Howe Island Marine Park,0
Parma polylepis,-31.55,159.06,2008,2,18,20,1,-32_159,20.888954798380535,24.01853370666504,21.15015940291082,23.929654647564067,2004,Lord Howe Island Marine Park,0
Parma polylepis,-31.55,159.07,2008,2,19,12.5,1,-32_159,20.888954798380535,24.01853370666504,21.15015940291082,23.929654647564067,NA,NA,0
Parma polylepis,-31.55,159.07,2008,2,19,15,2,-32_159,20.888954798380535,24.01853370666504,21.15015940291082,23.929654647564067,NA,NA,0
Parma polylepis,-31.55,159.07,2008,2,19,15,1,-32_159,20.888954798380535,24.01853370666504,21.15015940291082,23.929654647564067,NA,NA,0
Parma polylepis,-31.55,159.07,2008,2,19,15,1,-32_159,20.888954798380535,24.01853370666504,21.15015940291082,23.929654647564067,NA,NA,0
Parma polylepis,-31.55,159.07,2008,2,19,20,4,-32_159,20.888954798380535,24.01853370666504,21.15015940291082,23.929654647564067,NA,NA,0
Parma polylepis,-31.55,159.07,2008,2,19,25,4,-32_159,20.888954798380535,24.01853370666504,21.15015940291082,23.929654647564067,NA,NA,0
Parma polylepis,-31.55,159.07,2008,2,19,15,2,-32_159,20.888954798380535,24.01853370666504,21.15015940291082,23.929654647564067,NA,NA,0
Parma polylepis,-31.55,159.07,2008,2,19,20,3,-32_159,20.888954798380535,24.01853370666504,21.15015940291082,23.929654647564067,NA,NA,0
Parma polylepis,-31.55,159.07,2008,2,19,25,3,-32_159,20.888954798380535,24.01853370666504,21.15015940291082,23.929654647564067,NA,NA,0
Parma polylepis,-31.55,159.06,2008,2,18,15,1,-32_159,20.888954798380535,24.01853370666504,21.15015940291082,23.929654647564067,2004,Lord Howe Island Marine Park,0
Parma polylepis,-31.55,159.06,2008,2,18,20,2,-32_159,20.888954798380535,24.01853370666504,21.15015940291082,23.929654647564067,2004,Lord Howe Island Marine Park,0
Parma polylepis,-31.55,159.06,2008,2,18,15,2,-32_159,20.888954798380535,24.01853370666504,21.15015940291082,23.929654647564067,2004,Lord Howe Island Marine Park,0
Parma polylepis,-31.55,159.06,2008,2,18,20,1,-32_159,20.888954798380535,24.01853370666504,21.15015940291082,23.929654647564067,2004,Lord Howe Island Marine Park,0
Parma polylepis,-31.55,159.06,2008,2,18,15,1,-32_159,20.888954798380535,24.01853370666504,21.15015940291082,23.929654647564067,2004,Lord Howe Island Marine Park,0
Parma polylepis,-31.55,159.06,2008,2,18,20,2,-32_159,20.888954798380535,24.01853370666504,21.15015940291082,23.929654647564067,2004,Lord Howe Island Marine Park,0
Parma polylepis,-31.55,159.06,2008,2,18,25,1,-32_159,20.888954798380535,24.01853370666504,21.15015940291082,23.929654647564067,2004,Lord Howe Island Marine Park,0
Parma polylepis,-31.55,159.06,2008,2,18,25,3,-32_159,20.888954798380535,24.01853370666504,21.15015940291082,23.929654647564067,2004,Lord Howe Island Marine Park,0
Parma polylepis,-31.55,159.06,2008,2,18,5,2,-32_159,20.888954798380535,24.01853370666504,21.15015940291082,23.929654647564067,2004,Lord Howe Island Marine Park,0
Parma polylepis,-31.56,159.07,2008,2,18,20,1,-32_159,20.888954798380535,24.01853370666504,21.15015940291082,23.929654647564067,NA,NA,0
Parma polylepis,-31.56,159.07,2008,2,19,12.5,1,-32_159,20.888954798380535,24.01853370666504,21.15015940291082,23.929654647564067,NA,NA,0
Parma polylepis,-31.56,159.07,2008,2,19,20,2,-32_159,20.888954798380535,24.01853370666504,21.15015940291082,23.929654647564067,NA,NA,0
Parma polylepis,-31.56,159.07,2008,2,19,25,1,-32_159,20.888954798380535,24.01853370666504,21.15015940291082,23.929654647564067,NA,NA,0
Parma polylepis,-31.56,159.07,2008,2,19,20,3,-32_159,20.888954798380535,24.01853370666504,21.15015940291082,23.929654647564067,NA,NA,0
Parma polylepis,-31.55,159.07,2008,2,19,15,2,-32_159,20.888954798380535,24.01853370666504,21.15015940291082,23.929654647564067,NA,NA,0
Parma polylepis,-31.55,159.07,2008,2,19,20,5,-32_159,20.888954798380535,24.01853370666504,21.15015940291082,23.929654647564067,NA,NA,0
Parma polylepis,-31.55,159.07,2008,2,19,25,3,-32_159,20.888954798380535,24.01853370666504,21.15015940291082,23.929654647564067,NA,NA,0
Parma polylepis,-31.55,159.07,2008,2,19,15,1,-32_159,20.888954798380535,24.01853370666504,21.15015940291082,23.929654647564067,NA,NA,0
Parma polylepis,-31.55,159.07,2008,2,19,20,4,-32_159,20.888954798380535,24.01853370666504,21.15015940291082,23.929654647564067,NA,NA,0
Parma polylepis,-31.55,159.07,2008,2,19,25,4,-32_159,20.888954798380535,24.01853370666504,21.15015940291082,23.929654647564067,NA,NA,0
Parma polylepis,-31.5,159.06,2008,2,16,15,2,-32_159,20.888954798380535,24.01853370666504,21.15015940291082,23.929654647564067,2004,Lord Howe Island Marine Park,0
Parma polylepis,-31.5,159.06,2008,2,16,20,3,-32_159,20.888954798380535,24.01853370666504,21.15015940291082,23.929654647564067,2004,Lord Howe Island Marine Park,0
Parma polylepis,-31.5,159.06,2008,2,16,25,3,-32_159,20.888954798380535,24.01853370666504,21.15015940291082,23.929654647564067,2004,Lord Howe Island Marine Park,0
Parma polylepis,-31.5,159.06,2008,2,16,15,1,-32_159,20.888954798380535,24.01853370666504,21.15015940291082,23.929654647564067,2004,Lord Howe Island Marine Park,0
Parma polylepis,-31.5,159.06,2008,2,16,25,1,-32_159,20.888954798380535,24.01853370666504,21.15015940291082,23.929654647564067,2004,Lord Howe Island Marine Park,0
Parma polylepis,-31.56,159.07,2008,2,19,15,2,-32_159,20.888954798380535,24.01853370666504,21.15015940291082,23.929654647564067,NA,NA,0
Parma polylepis,-31.56,159.07,2008,2,19,20,2,-32_159,20.888954798380535,24.01853370666504,21.15015940291082,23.929654647564067,NA,NA,0
Parma polylepis,-31.5,159.06,2008,2,16,5,30,-32_159,20.888954798380535,24.01853370666504,21.15015940291082,23.929654647564067,2004,Lord Howe Island Marine Park,0
Parma polylepis,-31.5,159.06,2008,2,16,15,2,-32_159,20.888954798380535,24.01853370666504,21.15015940291082,23.929654647564067,2004,Lord Howe Island Marine Park,0
Parma polylepis,-31.5,159.06,2008,2,16,20,1,-32_159,20.888954798380535,24.01853370666504,21.15015940291082,23.929654647564067,2004,Lord Howe Island Marine Park,0
Parma polylepis,-31.5,159.06,2008,2,16,15,3,-32_159,20.888954798380535,24.01853370666504,21.15015940291082,23.929654647564067,2004,Lord Howe Island Marine Park,0
Parma polylepis,-31.5,159.07,2008,3,7,15,2,-32_159,20.888954798380535,23.390670776367188,21.15015940291082,23.309031701857045,2004,Lord Howe Island Marine Park,0
Parma polylepis,-31.5,159.07,2008,3,7,20,3,-32_159,20.888954798380535,23.390670776367188,21.15015940291082,23.309031701857045,2004,Lord Howe Island Marine Park,0
Parma polylepis,-31.5,159.07,2008,3,7,12.5,1,-32_159,20.888954798380535,23.390670776367188,21.15015940291082,23.309031701857045,2004,Lord Howe Island Marine Park,0
Parma polylepis,-31.5,159.07,2008,3,7,20,2,-32_159,20.888954798380535,23.390670776367188,21.15015940291082,23.309031701857045,2004,Lord Howe Island Marine Park,0
Parma polylepis,-31.5,159.07,2008,3,7,10,1,-32_159,20.888954798380535,23.390670776367188,21.15015940291082,23.309031701857045,2004,Lord Howe Island Marine Park,0
Parma polylepis,-31.5,159.07,2008,3,7,20,3,-32_159,20.888954798380535,23.390670776367188,21.15015940291082,23.309031701857045,2004,Lord Howe Island Marine Park,0
Parma polylepis,-31.58,159.07,2008,2,18,5,1,-32_159,20.888954798380535,24.01853370666504,21.15015940291082,23.929654647564067,NA,NA,0
Parma polylepis,-31.58,159.07,2008,2,18,20,1,-32_159,20.888954798380535,24.01853370666504,21.15015940291082,23.929654647564067,NA,NA,0
Parma polylepis,-31.58,159.07,2008,2,18,10,1,-32_159,20.888954798380535,24.01853370666504,21.15015940291082,23.929654647564067,NA,NA,0
Parma polylepis,-31.58,159.07,2008,2,18,15,3,-32_159,20.888954798380535,24.01853370666504,21.15015940291082,23.929654647564067,NA,NA,0
Parma polylepis,-31.58,159.07,2008,2,18,12.5,2,-32_159,20.888954798380535,24.01853370666504,21.15015940291082,23.929654647564067,NA,NA,0
Parma polylepis,-31.58,159.07,2008,2,18,15,1,-32_159,20.888954798380535,24.01853370666504,21.15015940291082,23.929654647564067,NA,NA,0
Parma polylepis,-31.57,159.07,2008,2,18,25,2,-32_159,20.888954798380535,24.01853370666504,21.15015940291082,23.929654647564067,NA,NA,0
Parma polylepis,-31.54,159.05,2008,2,19,25,1,-32_159,20.888954798380535,24.01853370666504,21.15015940291082,23.929654647564067,2004,Lord Howe Island Marine Park,0
Parma polylepis,-31.57,159.07,2008,2,18,20,2,-32_159,20.888954798380535,24.01853370666504,21.15015940291082,23.929654647564067,NA,NA,0
Parma polylepis,-31.57,159.07,2008,2,18,25,4,-32_159,20.888954798380535,24.01853370666504,21.15015940291082,23.929654647564067,NA,NA,0
Parma polylepis,-31.57,159.07,2008,2,18,15,3,-32_159,20.888954798380535,24.01853370666504,21.15015940291082,23.929654647564067,NA,NA,0
Parma polylepis,-31.57,159.07,2008,2,18,20,1,-32_159,20.888954798380535,24.01853370666504,21.15015940291082,23.929654647564067,NA,NA,0
Parma polylepis,-31.57,159.07,2008,2,18,15,1,-32_159,20.888954798380535,24.01853370666504,21.15015940291082,23.929654647564067,NA,NA,0
Parma polylepis,-31.57,159.07,2008,2,18,20,2,-32_159,20.888954798380535,24.01853370666504,21.15015940291082,23.929654647564067,NA,NA,0
Parma polylepis,-31.56,159.07,2008,2,18,10,1,-32_159,20.888954798380535,24.01853370666504,21.15015940291082,23.929654647564067,NA,NA,0
Parma polylepis,-31.56,159.07,2008,2,18,20,2,-32_159,20.888954798380535,24.01853370666504,21.15015940291082,23.929654647564067,NA,NA,0
Parma polylepis,-31.56,159.07,2008,2,18,25,4,-32_159,20.888954798380535,24.01853370666504,21.15015940291082,23.929654647564067,NA,NA,0
Parma polylepis,-31.56,159.07,2008,2,18,20,1,-32_159,20.888954798380535,24.01853370666504,21.15015940291082,23.929654647564067,NA,NA,0
Parma polylepis,-31.56,159.07,2008,2,18,25,3,-32_159,20.888954798380535,24.01853370666504,21.15015940291082,23.929654647564067,NA,NA,0
Parma polylepis,-31.56,159.07,2008,2,18,30,1,-32_159,20.888954798380535,24.01853370666504,21.15015940291082,23.929654647564067,NA,NA,0
Parma polylepis,-31.56,159.07,2008,2,18,15,2,-32_159,20.888954798380535,24.01853370666504,21.15015940291082,23.929654647564067,NA,NA,0
Parma polylepis,-31.53,159.05,2008,2,20,15,1,-32_159,20.888954798380535,24.01853370666504,21.15015940291082,23.929654647564067,NA,NA,0
Parma polylepis,-31.53,159.05,2008,2,20,20,3,-32_159,20.888954798380535,24.01853370666504,21.15015940291082,23.929654647564067,NA,NA,0
Parma polylepis,-31.54,159.05,2008,2,19,15,2,-32_159,20.888954798380535,24.01853370666504,21.15015940291082,23.929654647564067,2004,Lord Howe Island Marine Park,0
Parma polylepis,-31.54,159.05,2008,2,19,20,2,-32_159,20.888954798380535,24.01853370666504,21.15015940291082,23.929654647564067,2004,Lord Howe Island Marine Park,0
Parma polylepis,-31.52,159.04,2008,3,7,7.5,2,-32_159,20.888954798380535,23.390670776367188,21.15015940291082,23.309031701857045,2004,Lord Howe Island Marine Park,0
Parma polylepis,-31.52,159.04,2008,3,7,15,4,-32_159,20.888954798380535,23.390670776367188,21.15015940291082,23.309031701857045,2004,Lord Howe Island Marine Park,0
Parma polylepis,-31.52,159.04,2008,3,7,20,3,-32_159,20.888954798380535,23.390670776367188,21.15015940291082,23.309031701857045,2004,Lord Howe Island Marine Park,0
Parma polylepis,-31.52,159.04,2008,3,7,15,2,-32_159,20.888954798380535,23.390670776367188,21.15015940291082,23.309031701857045,2004,Lord Howe Island Marine Park,0
Parma polylepis,-31.52,159.04,2008,3,7,20,2,-32_159,20.888954798380535,23.390670776367188,21.15015940291082,23.309031701857045,2004,Lord Howe Island Marine Park,0
Parma polylepis,-31.52,159.04,2008,3,7,15,2,-32_159,20.888954798380535,23.390670776367188,21.15015940291082,23.309031701857045,2004,Lord Howe Island Marine Park,0
Parma polylepis,-31.5,159.07,2008,3,6,15,3,-32_159,20.888954798380535,23.390670776367188,21.15015940291082,23.309031701857045,NA,NA,0
Parma polylepis,-31.5,159.07,2008,3,6,20,1,-32_159,20.888954798380535,23.390670776367188,21.15015940291082,23.309031701857045,NA,NA,0
Parma polylepis,-31.5,159.07,2008,3,6,15,2,-32_159,20.888954798380535,23.390670776367188,21.15015940291082,23.309031701857045,NA,NA,0
Parma polylepis,-31.52,159.05,2008,2,17,20,1,-32_159,20.888954798380535,24.01853370666504,21.15015940291082,23.929654647564067,2004,Lord Howe Island Marine Park,0
Parma polylepis,-31.51,159.04,2008,2,24,15,4,-32_159,20.888954798380535,24.01853370666504,21.15015940291082,23.929654647564067,NA,NA,0
Parma polylepis,-31.51,159.04,2008,2,24,20,4,-32_159,20.888954798380535,24.01853370666504,21.15015940291082,23.929654647564067,NA,NA,0
Parma polylepis,-31.51,159.04,2008,2,24,15,1,-32_159,20.888954798380535,24.01853370666504,21.15015940291082,23.929654647564067,NA,NA,0
Parma polylepis,-31.51,159.04,2008,2,24,15,5,-32_159,20.888954798380535,24.01853370666504,21.15015940291082,23.929654647564067,NA,NA,0
Parma polylepis,-31.51,159.04,2008,2,24,20,10,-32_159,20.888954798380535,24.01853370666504,21.15015940291082,23.929654647564067,NA,NA,0
Parma polylepis,-31.51,159.04,2008,2,24,20,8,-32_159,20.888954798380535,24.01853370666504,21.15015940291082,23.929654647564067,NA,NA,0
Parma polylepis,-31.51,159.04,2008,2,24,12.5,1,-32_159,20.888954798380535,24.01853370666504,21.15015940291082,23.929654647564067,NA,NA,0
Parma polylepis,-31.51,159.04,2008,2,24,15,1,-32_159,20.888954798380535,24.01853370666504,21.15015940291082,23.929654647564067,NA,NA,0
Parma polylepis,-31.51,159.04,2008,2,24,20,4,-32_159,20.888954798380535,24.01853370666504,21.15015940291082,23.929654647564067,NA,NA,0
Parma polylepis,-31.5,159.07,2008,3,6,15,3,-32_159,20.888954798380535,23.390670776367188,21.15015940291082,23.309031701857045,NA,NA,0
Parma polylepis,-31.5,159.07,2008,3,6,20,4,-32_159,20.888954798380535,23.390670776367188,21.15015940291082,23.309031701857045,NA,NA,0
Parma polylepis,-31.51,159.04,2008,2,24,5,1,-32_159,20.888954798380535,24.01853370666504,21.15015940291082,23.929654647564067,NA,NA,0
Parma polylepis,-31.51,159.04,2008,2,24,7.5,2,-32_159,20.888954798380535,24.01853370666504,21.15015940291082,23.929654647564067,NA,NA,0
Parma polylepis,-31.51,159.04,2008,2,24,10,1,-32_159,20.888954798380535,24.01853370666504,21.15015940291082,23.929654647564067,NA,NA,0
Parma polylepis,-31.51,159.04,2008,2,24,12.5,2,-32_159,20.888954798380535,24.01853370666504,21.15015940291082,23.929654647564067,NA,NA,0
Parma polylepis,-31.51,159.04,2008,2,24,15,3,-32_159,20.888954798380535,24.01853370666504,21.15015940291082,23.929654647564067,NA,NA,0
Parma polylepis,-31.51,159.04,2008,2,24,20,5,-32_159,20.888954798380535,24.01853370666504,21.15015940291082,23.929654647564067,NA,NA,0
Parma polylepis,-31.51,159.04,2008,2,24,15,3,-32_159,20.888954798380535,24.01853370666504,21.15015940291082,23.929654647564067,NA,NA,0
Parma polylepis,-31.51,159.04,2008,2,24,20,5,-32_159,20.888954798380535,24.01853370666504,21.15015940291082,23.929654647564067,NA,NA,0
Parma polylepis,-31.51,159.04,2008,2,24,12.5,2,-32_159,20.888954798380535,24.01853370666504,21.15015940291082,23.929654647564067,NA,NA,0
Parma polylepis,-31.51,159.04,2008,2,24,15,2,-32_159,20.888954798380535,24.01853370666504,21.15015940291082,23.929654647564067,NA,NA,0
Parma polylepis,-31.51,159.04,2008,2,24,20,4,-32_159,20.888954798380535,24.01853370666504,21.15015940291082,23.929654647564067,NA,NA,0
Parma polylepis,-31.51,159.06,2008,2,24,12.5,3,-32_159,20.888954798380535,24.01853370666504,21.15015940291082,23.929654647564067,2004,Lord Howe Island Marine Park,0
Parma polylepis,-31.51,159.06,2008,2,24,15,4,-32_159,20.888954798380535,24.01853370666504,21.15015940291082,23.929654647564067,2004,Lord Howe Island Marine Park,0
Parma polylepis,-31.51,159.06,2008,2,24,20,8,-32_159,20.888954798380535,24.01853370666504,21.15015940291082,23.929654647564067,2004,Lord Howe Island Marine Park,0
Parma polylepis,-31.51,159.06,2008,2,24,25,5,-32_159,20.888954798380535,24.01853370666504,21.15015940291082,23.929654647564067,2004,Lord Howe Island Marine Park,0
Parma polylepis,-31.51,159.06,2008,2,24,12.5,2,-32_159,20.888954798380535,24.01853370666504,21.15015940291082,23.929654647564067,2004,Lord Howe Island Marine Park,0
Parma polylepis,-31.51,159.06,2008,2,24,20,5,-32_159,20.888954798380535,24.01853370666504,21.15015940291082,23.929654647564067,2004,Lord Howe Island Marine Park,0
Parma polylepis,-31.51,159.06,2008,2,24,25,4,-32_159,20.888954798380535,24.01853370666504,21.15015940291082,23.929654647564067,2004,Lord Howe Island Marine Park,0
Parma polylepis,-31.51,159.06,2008,2,24,15,2,-32_159,20.888954798380535,24.01853370666504,21.15015940291082,23.929654647564067,2004,Lord Howe Island Marine Park,0
Parma polylepis,-31.5,159.07,2008,2,16,20,6,-32_159,20.888954798380535,24.01853370666504,21.15015940291082,23.929654647564067,2004,Lord Howe Island Marine Park,0
Parma polylepis,-31.51,159.06,2008,2,24,20,7,-32_159,20.888954798380535,24.01853370666504,21.15015940291082,23.929654647564067,2004,Lord Howe Island Marine Park,0
Parma polylepis,-31.51,159.06,2008,2,24,15,1,-32_159,20.888954798380535,24.01853370666504,21.15015940291082,23.929654647564067,2004,Lord Howe Island Marine Park,0
Parma polylepis,-31.51,159.06,2008,2,24,20,5,-32_159,20.888954798380535,24.01853370666504,21.15015940291082,23.929654647564067,2004,Lord Howe Island Marine Park,0
Parma polylepis,-31.76,159.24,2008,3,8,15,1,-32_159,20.888954798380535,23.390670776367188,21.15015940291082,23.309031701857045,NA,NA,0
Parma polylepis,-31.76,159.24,2008,3,8,15,2,-32_159,20.888954798380535,23.390670776367188,21.15015940291082,23.309031701857045,NA,NA,0
Parma polylepis,-31.76,159.24,2008,3,8,15,1,-32_159,20.888954798380535,23.390670776367188,21.15015940291082,23.309031701857045,NA,NA,0
Parma polylepis,-31.76,159.24,2008,3,8,20,1,-32_159,20.888954798380535,23.390670776367188,21.15015940291082,23.309031701857045,NA,NA,0
Parma polylepis,-31.5,159.07,2008,2,16,20,5,-32_159,20.888954798380535,24.01853370666504,21.15015940291082,23.929654647564067,2004,Lord Howe Island Marine Park,0
Parma polylepis,-31.5,159.07,2008,2,16,25,3,-32_159,20.888954798380535,24.01853370666504,21.15015940291082,23.929654647564067,2004,Lord Howe Island Marine Park,0
Parma polylepis,-31.75,159.24,2008,3,8,15,2,-32_159,20.888954798380535,23.390670776367188,21.15015940291082,23.309031701857045,2004,Lord Howe Island Marine Park,0
Parma polylepis,-31.75,159.24,2008,3,8,15,1,-32_159,20.888954798380535,23.390670776367188,21.15015940291082,23.309031701857045,2004,Lord Howe Island Marine Park,0
Parma polylepis,-31.5,159.07,2008,2,16,20,1,-32_159,20.888954798380535,24.01853370666504,21.15015940291082,23.929654647564067,2004,Lord Howe Island Marine Park,0
Parma polylepis,-31.75,159.24,2008,3,8,20,1,-32_159,20.888954798380535,23.390670776367188,21.15015940291082,23.309031701857045,2004,Lord Howe Island Marine Park,0
Parma polylepis,-31.75,159.24,2008,3,8,15,3,-32_159,20.888954798380535,23.390670776367188,21.15015940291082,23.309031701857045,2004,Lord Howe Island Marine Park,0
Parma polylepis,-31.5,159.07,2008,2,16,15,2,-32_159,20.888954798380535,24.01853370666504,21.15015940291082,23.929654647564067,2004,Lord Howe Island Marine Park,0
Parma polylepis,-31.53,159.06,2008,2,20,10,1,-32_159,20.888954798380535,24.01853370666504,21.15015940291082,23.929654647564067,NA,NA,0
Parma polylepis,-31.53,159.06,2008,2,20,15,1,-32_159,20.888954798380535,24.01853370666504,21.15015940291082,23.929654647564067,NA,NA,0
Parma polylepis,-31.53,159.06,2008,2,20,20,3,-32_159,20.888954798380535,24.01853370666504,21.15015940291082,23.929654647564067,NA,NA,0
Parma polylepis,-31.53,159.06,2008,2,20,25,2,-32_159,20.888954798380535,24.01853370666504,21.15015940291082,23.929654647564067,NA,NA,0
Parma polylepis,-31.53,159.06,2008,2,20,12.5,1,-32_159,20.888954798380535,24.01853370666504,21.15015940291082,23.929654647564067,NA,NA,0
Parma polylepis,-31.53,159.06,2008,2,20,15,3,-32_159,20.888954798380535,24.01853370666504,21.15015940291082,23.929654647564067,NA,NA,0
Parma polylepis,-31.53,159.06,2008,2,20,20,2,-32_159,20.888954798380535,24.01853370666504,21.15015940291082,23.929654647564067,NA,NA,0
Parma polylepis,-31.53,159.06,2008,2,20,15,2,-32_159,20.888954798380535,24.01853370666504,21.15015940291082,23.929654647564067,NA,NA,0
Parma polylepis,-31.53,159.06,2008,2,20,20,3,-32_159,20.888954798380535,24.01853370666504,21.15015940291082,23.929654647564067,NA,NA,0
Parma polylepis,-31.53,159.06,2008,2,20,25,2,-32_159,20.888954798380535,24.01853370666504,21.15015940291082,23.929654647564067,NA,NA,0
Parma polylepis,-31.53,159.06,2008,2,20,12.5,1,-32_159,20.888954798380535,24.01853370666504,21.15015940291082,23.929654647564067,NA,NA,0
Parma polylepis,-31.53,159.06,2008,2,20,25,4,-32_159,20.888954798380535,24.01853370666504,21.15015940291082,23.929654647564067,NA,NA,0
Parma polylepis,-31.51,159.07,2008,2,14,10,2,-32_159,20.888954798380535,24.01853370666504,21.15015940291082,23.929654647564067,2004,Lord Howe Island Marine Park,0
Parma polylepis,-31.5,159.07,2008,2,16,20,4,-32_159,20.888954798380535,24.01853370666504,21.15015940291082,23.929654647564067,2004,Lord Howe Island Marine Park,0
Parma polylepis,-31.51,159.07,2008,2,14,12.5,5,-32_159,20.888954798380535,24.01853370666504,21.15015940291082,23.929654647564067,2004,Lord Howe Island Marine Park,0
Parma polylepis,-31.51,159.07,2008,2,14,15,1,-32_159,20.888954798380535,24.01853370666504,21.15015940291082,23.929654647564067,2004,Lord Howe Island Marine Park,0
Parma polylepis,-31.51,159.07,2008,2,14,15,3,-32_159,20.888954798380535,24.01853370666504,21.15015940291082,23.929654647564067,2004,Lord Howe Island Marine Park,0
Parma polylepis,-31.51,159.07,2008,2,14,20,1,-32_159,20.888954798380535,24.01853370666504,21.15015940291082,23.929654647564067,2004,Lord Howe Island Marine Park,0
Parma polylepis,-31.51,159.07,2008,2,14,12.5,5,-32_159,20.888954798380535,24.01853370666504,21.15015940291082,23.929654647564067,2004,Lord Howe Island Marine Park,0
Parma polylepis,-31.51,159.07,2008,2,14,15,8,-32_159,20.888954798380535,24.01853370666504,21.15015940291082,23.929654647564067,2004,Lord Howe Island Marine Park,0
Parma polylepis,-31.51,159.07,2008,2,14,20,3,-32_159,20.888954798380535,24.01853370666504,21.15015940291082,23.929654647564067,2004,Lord Howe Island Marine Park,0
Parma polylepis,-31.51,159.07,2008,2,14,25,2,-32_159,20.888954798380535,24.01853370666504,21.15015940291082,23.929654647564067,2004,Lord Howe Island Marine Park,0
Parma polylepis,-31.51,159.07,2008,2,14,12.5,3,-32_159,20.888954798380535,24.01853370666504,21.15015940291082,23.929654647564067,2004,Lord Howe Island Marine Park,0
Parma polylepis,-31.51,159.07,2008,2,14,15,5,-32_159,20.888954798380535,24.01853370666504,21.15015940291082,23.929654647564067,2004,Lord Howe Island Marine Park,0
Parma polylepis,-31.51,159.07,2008,2,14,20,4,-32_159,20.888954798380535,24.01853370666504,21.15015940291082,23.929654647564067,2004,Lord Howe Island Marine Park,0
Parma polylepis,-31.51,159.07,2008,2,14,25,3,-32_159,20.888954798380535,24.01853370666504,21.15015940291082,23.929654647564067,2004,Lord Howe Island Marine Park,0
Parma polylepis,-31.52,159.08,2008,2,14,15,3,-32_159,20.888954798380535,24.01853370666504,21.15015940291082,23.929654647564067,NA,NA,0
Parma polylepis,-31.52,159.08,2008,2,14,20,4,-32_159,20.888954798380535,24.01853370666504,21.15015940291082,23.929654647564067,NA,NA,0
Parma polylepis,-31.52,159.08,2008,2,14,25,3,-32_159,20.888954798380535,24.01853370666504,21.15015940291082,23.929654647564067,NA,NA,0
Parma polylepis,-31.5,159.07,2008,2,16,20,3,-32_159,20.888954798380535,24.01853370666504,21.15015940291082,23.929654647564067,2004,Lord Howe Island Marine Park,0
Parma polylepis,-31.52,159.08,2008,2,14,15,2,-32_159,20.888954798380535,24.01853370666504,21.15015940291082,23.929654647564067,NA,NA,0
Parma polylepis,-31.52,159.08,2008,2,14,20,6,-32_159,20.888954798380535,24.01853370666504,21.15015940291082,23.929654647564067,NA,NA,0
Parma polylepis,-31.52,159.08,2008,2,14,15,5,-32_159,20.888954798380535,24.01853370666504,21.15015940291082,23.929654647564067,NA,NA,0
Parma polylepis,-31.52,159.08,2008,2,14,20,1,-32_159,20.888954798380535,24.01853370666504,21.15015940291082,23.929654647564067,NA,NA,0
Parma polylepis,-31.5,159.07,2008,2,16,15,1,-32_159,20.888954798380535,24.01853370666504,21.15015940291082,23.929654647564067,2004,Lord Howe Island Marine Park,0
Parma polylepis,-31.5,159.07,2008,2,16,20,1,-32_159,20.888954798380535,24.01853370666504,21.15015940291082,23.929654647564067,2004,Lord Howe Island Marine Park,0
Parma polylepis,-31.52,159.08,2008,2,14,15,1,-32_159,20.888954798380535,24.01853370666504,21.15015940291082,23.929654647564067,NA,NA,0
Parma polylepis,-31.52,159.08,2008,2,14,20,4,-32_159,20.888954798380535,24.01853370666504,21.15015940291082,23.929654647564067,NA,NA,0
Parma polylepis,-31.53,159.05,2008,2,20,20,1,-32_159,20.888954798380535,24.01853370666504,21.15015940291082,23.929654647564067,NA,NA,0
Parma polylepis,-31.53,159.05,2008,2,20,25,1,-32_159,20.888954798380535,24.01853370666504,21.15015940291082,23.929654647564067,NA,NA,0
Parma polylepis,-31.53,159.05,2008,2,20,15,3,-32_159,20.888954798380535,24.01853370666504,21.15015940291082,23.929654647564067,NA,NA,0
Parma polylepis,-31.53,159.05,2008,2,20,20,4,-32_159,20.888954798380535,24.01853370666504,21.15015940291082,23.929654647564067,NA,NA,0
Parma polylepis,-31.53,159.05,2008,2,20,25,2,-32_159,20.888954798380535,24.01853370666504,21.15015940291082,23.929654647564067,NA,NA,0
Parma polylepis,-31.53,159.05,2008,2,20,15,2,-32_159,20.888954798380535,24.01853370666504,21.15015940291082,23.929654647564067,NA,NA,0
Parma polylepis,-31.53,159.05,2008,2,20,20,5,-32_159,20.888954798380535,24.01853370666504,21.15015940291082,23.929654647564067,NA,NA,0
Parma polylepis,-31.53,159.05,2008,2,20,25,4,-32_159,20.888954798380535,24.01853370666504,21.15015940291082,23.929654647564067,NA,NA,0
Parma polylepis,-31.51,159.06,2008,2,27,20,8,-32_159,20.888954798380535,24.01853370666504,21.15015940291082,23.929654647564067,2004,Lord Howe Island Marine Park,0
Parma polylepis,-31.51,159.06,2008,2,27,15,1,-32_159,20.888954798380535,24.01853370666504,21.15015940291082,23.929654647564067,2004,Lord Howe Island Marine Park,0
Parma polylepis,-31.51,159.06,2008,2,27,20,2,-32_159,20.888954798380535,24.01853370666504,21.15015940291082,23.929654647564067,2004,Lord Howe Island Marine Park,0
Parma polylepis,-31.51,159.06,2008,2,27,15,1,-32_159,20.888954798380535,24.01853370666504,21.15015940291082,23.929654647564067,2004,Lord Howe Island Marine Park,0
Parma polylepis,-31.51,159.06,2008,2,27,20,2,-32_159,20.888954798380535,24.01853370666504,21.15015940291082,23.929654647564067,2004,Lord Howe Island Marine Park,0
Parma polylepis,-31.51,159.06,2008,2,27,15,5,-32_159,20.888954798380535,24.01853370666504,21.15015940291082,23.929654647564067,2004,Lord Howe Island Marine Park,0
Parma polylepis,-31.51,159.06,2008,2,27,20,5,-32_159,20.888954798380535,24.01853370666504,21.15015940291082,23.929654647564067,2004,Lord Howe Island Marine Park,0
Parma polylepis,-31.52,159.05,2008,2,27,20,1,-32_159,20.888954798380535,24.01853370666504,21.15015940291082,23.929654647564067,2004,Lord Howe Island Marine Park,0
Parma polylepis,-31.52,159.05,2008,2,27,12.5,2,-32_159,20.888954798380535,24.01853370666504,21.15015940291082,23.929654647564067,2004,Lord Howe Island Marine Park,0
Parma polylepis,-31.6,159.08,2008,3,7,15,3,-32_159,20.888954798380535,23.390670776367188,21.15015940291082,23.309031701857045,2004,Lord Howe Island Marine Park,0
Parma polylepis,-31.6,159.08,2008,3,7,20,1,-32_159,20.888954798380535,23.390670776367188,21.15015940291082,23.309031701857045,2004,Lord Howe Island Marine Park,0
Parma polylepis,-31.6,159.08,2008,3,7,15,2,-32_159,20.888954798380535,23.390670776367188,21.15015940291082,23.309031701857045,2004,Lord Howe Island Marine Park,0
Parma polylepis,-31.6,159.08,2008,3,7,15,3,-32_159,20.888954798380535,23.390670776367188,21.15015940291082,23.309031701857045,2004,Lord Howe Island Marine Park,0
Parma polylepis,-31.6,159.08,2008,3,7,20,3,-32_159,20.888954798380535,23.390670776367188,21.15015940291082,23.309031701857045,2004,Lord Howe Island Marine Park,0
Parma polylepis,-31.6,159.08,2008,3,7,15,2,-32_159,20.888954798380535,23.390670776367188,21.15015940291082,23.309031701857045,2004,Lord Howe Island Marine Park,0
Parma polylepis,-31.6,159.08,2008,3,7,20,1,-32_159,20.888954798380535,23.390670776367188,21.15015940291082,23.309031701857045,2004,Lord Howe Island Marine Park,0
Parma polylepis,-31.57,159.1,2008,2,23,20,4,-32_159,20.888954798380535,24.01853370666504,21.15015940291082,23.929654647564067,2004,Lord Howe Island Marine Park,0
Parma polylepis,-31.57,159.1,2008,2,23,25,2,-32_159,20.888954798380535,24.01853370666504,21.15015940291082,23.929654647564067,2004,Lord Howe Island Marine Park,0
Parma polylepis,-31.57,159.1,2008,2,23,20,6,-32_159,20.888954798380535,24.01853370666504,21.15015940291082,23.929654647564067,2004,Lord Howe Island Marine Park,0
Parma polylepis,-31.57,159.1,2008,2,23,12.5,3,-32_159,20.888954798380535,24.01853370666504,21.15015940291082,23.929654647564067,2004,Lord Howe Island Marine Park,0
Parma polylepis,-31.57,159.1,2008,2,23,15,2,-32_159,20.888954798380535,24.01853370666504,21.15015940291082,23.929654647564067,2004,Lord Howe Island Marine Park,0
Parma polylepis,-31.57,159.1,2008,2,23,12.5,1,-32_159,20.888954798380535,24.01853370666504,21.15015940291082,23.929654647564067,2004,Lord Howe Island Marine Park,0
Parma polylepis,-31.57,159.1,2008,2,23,15,5,-32_159,20.888954798380535,24.01853370666504,21.15015940291082,23.929654647564067,2004,Lord Howe Island Marine Park,0
Parma polylepis,-31.56,159.1,2008,2,23,7.5,2,-32_159,20.888954798380535,24.01853370666504,21.15015940291082,23.929654647564067,NA,NA,0
Parma polylepis,-31.56,159.1,2008,2,23,10,1,-32_159,20.888954798380535,24.01853370666504,21.15015940291082,23.929654647564067,NA,NA,0
Parma polylepis,-31.56,159.1,2008,2,23,15,6,-32_159,20.888954798380535,24.01853370666504,21.15015940291082,23.929654647564067,NA,NA,0
Parma polylepis,-31.56,159.1,2008,2,23,20,2,-32_159,20.888954798380535,24.01853370666504,21.15015940291082,23.929654647564067,NA,NA,0
Parma polylepis,-31.56,159.1,2008,2,23,15,4,-32_159,20.888954798380535,24.01853370666504,21.15015940291082,23.929654647564067,NA,NA,0
Parma polylepis,-31.56,159.1,2008,2,23,20,3,-32_159,20.888954798380535,24.01853370666504,21.15015940291082,23.929654647564067,NA,NA,0
Parma polylepis,-31.56,159.1,2008,2,23,7.5,1,-32_159,20.888954798380535,24.01853370666504,21.15015940291082,23.929654647564067,NA,NA,0
Parma polylepis,-31.56,159.1,2008,2,23,15,1,-32_159,20.888954798380535,24.01853370666504,21.15015940291082,23.929654647564067,NA,NA,0
Parma polylepis,-31.56,159.1,2008,2,23,20,3,-32_159,20.888954798380535,24.01853370666504,21.15015940291082,23.929654647564067,NA,NA,0
Parma polylepis,-31.56,159.1,2008,2,23,20,1,-32_159,20.888954798380535,24.01853370666504,21.15015940291082,23.929654647564067,NA,NA,0
Parma polylepis,-31.52,159.03,2008,3,9,15,3,-32_159,20.888954798380535,23.390670776367188,21.15015940291082,23.309031701857045,NA,NA,0
Parma polylepis,-31.52,159.03,2008,3,9,20,1,-32_159,20.888954798380535,23.390670776367188,21.15015940291082,23.309031701857045,NA,NA,0
Parma polylepis,-31.52,159.03,2008,3,9,15,5,-32_159,20.888954798380535,23.390670776367188,21.15015940291082,23.309031701857045,NA,NA,0
Parma polylepis,-31.52,159.03,2008,3,9,20,4,-32_159,20.888954798380535,23.390670776367188,21.15015940291082,23.309031701857045,NA,NA,0
Parma polylepis,-31.52,159.03,2008,3,9,15,5,-32_159,20.888954798380535,23.390670776367188,21.15015940291082,23.309031701857045,NA,NA,0
Parma polylepis,-31.52,159.03,2008,3,9,20,3,-32_159,20.888954798380535,23.390670776367188,21.15015940291082,23.309031701857045,NA,NA,0
Parma polylepis,-31.52,159.03,2008,3,9,7.5,1,-32_159,20.888954798380535,23.390670776367188,21.15015940291082,23.309031701857045,NA,NA,0
Parma polylepis,-31.52,159.03,2008,3,9,15,10,-32_159,20.888954798380535,23.390670776367188,21.15015940291082,23.309031701857045,NA,NA,0
Parma polylepis,-31.52,159.03,2008,3,9,20,1,-32_159,20.888954798380535,23.390670776367188,21.15015940291082,23.309031701857045,NA,NA,0
Parma polylepis,-31.52,159.03,2008,3,9,15,1,-32_159,20.888954798380535,23.390670776367188,21.15015940291082,23.309031701857045,NA,NA,0
Parma polylepis,-31.52,159.03,2008,3,9,20,1,-32_159,20.888954798380535,23.390670776367188,21.15015940291082,23.309031701857045,NA,NA,0
Parma polylepis,-31.52,159.03,2008,3,9,20,3,-32_159,20.888954798380535,23.390670776367188,21.15015940291082,23.309031701857045,NA,NA,0
Parma polylepis,-31.52,159.03,2008,3,9,15,1,-32_159,20.888954798380535,23.390670776367188,21.15015940291082,23.309031701857045,NA,NA,0
Parma polylepis,-31.52,159.03,2008,3,9,15,2,-32_159,20.888954798380535,23.390670776367188,21.15015940291082,23.309031701857045,NA,NA,0
Parma polylepis,-31.52,159.03,2008,3,9,20,2,-32_159,20.888954798380535,23.390670776367188,21.15015940291082,23.309031701857045,NA,NA,0
Parma polylepis,-31.58,159.07,2016,2,16,15,2,-32_159,21.566373189290363,24.46283721923828,21.899912831627415,24.36379255097488,NA,NA,0
Parma polylepis,-31.58,159.07,2016,2,16,20,2,-32_159,21.566373189290363,24.46283721923828,21.899912831627415,24.36379255097488,NA,NA,0
Parma polylepis,-31.53,159.05,2018,2,11,20,3,-32_159,21.317596753438313,24.50479507446289,21.51167456906573,24.00642807143075,NA,NA,0
Parma polylepis,-31.53,159.05,2018,2,12,12.5,2,-32_159,21.317596753438313,24.50479507446289,21.51167456906573,24.00642807143075,NA,NA,0
Parma polylepis,-31.53,159.05,2018,2,12,15,3,-32_159,21.317596753438313,24.50479507446289,21.51167456906573,24.00642807143075,NA,NA,0
Parma polylepis,-31.53,159.05,2018,2,12,20,3,-32_159,21.317596753438313,24.50479507446289,21.51167456906573,24.00642807143075,NA,NA,0
Parma polylepis,-31.53,159.05,2018,2,12,12.5,3,-32_159,21.317596753438313,24.50479507446289,21.51167456906573,24.00642807143075,NA,NA,0
Parma polylepis,-31.53,159.05,2018,2,12,15,4,-32_159,21.317596753438313,24.50479507446289,21.51167456906573,24.00642807143075,NA,NA,0
Parma polylepis,-31.5,159.07,2018,2,13,2.5,1,-32_159,21.317596753438313,24.50479507446289,21.51167456906573,24.00642807143075,NA,NA,0
Parma polylepis,-31.5,159.07,2018,2,13,15,2,-32_159,21.317596753438313,24.50479507446289,21.51167456906573,24.00642807143075,NA,NA,0
Parma polylepis,-31.5,159.07,2018,2,13,5,1,-32_159,21.317596753438313,24.50479507446289,21.51167456906573,24.00642807143075,NA,NA,0
Parma polylepis,-31.5,159.07,2018,2,13,20,2,-32_159,21.317596753438313,24.50479507446289,21.51167456906573,24.00642807143075,NA,NA,0
Parma polylepis,-31.53,159.05,2018,2,12,20,10,-32_159,21.317596753438313,24.50479507446289,21.51167456906573,24.00642807143075,NA,NA,0
Parma polylepis,-31.53,159.05,2018,2,12,25,7,-32_159,21.317596753438313,24.50479507446289,21.51167456906573,24.00642807143075,NA,NA,0
Parma polylepis,-31.53,159.05,2018,2,12,20,7,-32_159,21.317596753438313,24.50479507446289,21.51167456906573,24.00642807143075,NA,NA,0
Parma polylepis,-31.53,159.05,2018,2,12,25,4,-32_159,21.317596753438313,24.50479507446289,21.51167456906573,24.00642807143075,NA,NA,0
Parma polylepis,-31.5,159.07,2018,2,13,12.5,3,-32_159,21.317596753438313,24.50479507446289,21.51167456906573,24.00642807143075,NA,NA,0
Parma polylepis,-31.5,159.07,2018,2,13,20,3,-32_159,21.317596753438313,24.50479507446289,21.51167456906573,24.00642807143075,NA,NA,0
Parma polylepis,-31.5,159.07,2018,2,13,15,1,-32_159,21.317596753438313,24.50479507446289,21.51167456906573,24.00642807143075,NA,NA,0
Parma polylepis,-31.5,159.07,2018,2,13,20,2,-32_159,21.317596753438313,24.50479507446289,21.51167456906573,24.00642807143075,NA,NA,0
Parma polylepis,-31.51,159.06,2018,2,13,20,2,-32_159,21.317596753438313,24.50479507446289,21.51167456906573,24.00642807143075,2004,Lord Howe Island Marine Park,1
Parma polylepis,-31.51,159.06,2018,2,13,25,2,-32_159,21.317596753438313,24.50479507446289,21.51167456906573,24.00642807143075,2004,Lord Howe Island Marine Park,1
Parma polylepis,-31.51,159.06,2018,2,13,20,3,-32_159,21.317596753438313,24.50479507446289,21.51167456906573,24.00642807143075,2004,Lord Howe Island Marine Park,1
Parma polylepis,-31.51,159.06,2018,2,13,25,3,-32_159,21.317596753438313,24.50479507446289,21.51167456906573,24.00642807143075,2004,Lord Howe Island Marine Park,1
Parma polylepis,-31.5,159.07,2018,2,13,12.5,2,-32_159,21.317596753438313,24.50479507446289,21.51167456906573,24.00642807143075,NA,NA,0
Parma polylepis,-31.5,159.07,2018,2,13,12.5,1,-32_159,21.317596753438313,24.50479507446289,21.51167456906573,24.00642807143075,NA,NA,0
Parma polylepis,-31.5,159.07,2018,2,13,15,1,-32_159,21.317596753438313,24.50479507446289,21.51167456906573,24.00642807143075,NA,NA,0
Parma polylepis,-31.51,159.06,2018,2,13,15,7,-32_159,21.317596753438313,24.50479507446289,21.51167456906573,24.00642807143075,2004,Lord Howe Island Marine Park,1
Parma polylepis,-31.51,159.06,2018,2,13,12.5,3,-32_159,21.317596753438313,24.50479507446289,21.51167456906573,24.00642807143075,2004,Lord Howe Island Marine Park,1
Parma polylepis,-31.51,159.06,2018,2,13,15,3,-32_159,21.317596753438313,24.50479507446289,21.51167456906573,24.00642807143075,2004,Lord Howe Island Marine Park,1
Parma polylepis,-31.51,159.06,2018,2,13,20,2,-32_159,21.317596753438313,24.50479507446289,21.51167456906573,24.00642807143075,2004,Lord Howe Island Marine Park,1
Parma polylepis,-31.51,159.06,2018,2,13,15,2,-32_159,21.317596753438313,24.50479507446289,21.51167456906573,24.00642807143075,2004,Lord Howe Island Marine Park,1
Parma polylepis,-31.51,159.06,2018,2,13,20,3,-32_159,21.317596753438313,24.50479507446289,21.51167456906573,24.00642807143075,2004,Lord Howe Island Marine Park,1
Parma polylepis,-31.52,159.07,2018,2,13,2.5,1,-32_159,21.317596753438313,24.50479507446289,21.51167456906573,24.00642807143075,2004,Lord Howe Island Marine Park,1
Parma polylepis,-31.52,159.07,2018,2,13,12.5,4,-32_159,21.317596753438313,24.50479507446289,21.51167456906573,24.00642807143075,2004,Lord Howe Island Marine Park,1
Parma polylepis,-31.52,159.07,2018,2,13,15,8,-32_159,21.317596753438313,24.50479507446289,21.51167456906573,24.00642807143075,2004,Lord Howe Island Marine Park,1
Parma polylepis,-31.52,159.07,2018,2,13,20,8,-32_159,21.317596753438313,24.50479507446289,21.51167456906573,24.00642807143075,2004,Lord Howe Island Marine Park,1
Parma polylepis,-31.52,159.07,2018,2,13,10,1,-32_159,21.317596753438313,24.50479507446289,21.51167456906573,24.00642807143075,2004,Lord Howe Island Marine Park,1
Parma polylepis,-31.52,159.07,2018,2,13,12.5,3,-32_159,21.317596753438313,24.50479507446289,21.51167456906573,24.00642807143075,2004,Lord Howe Island Marine Park,1
Parma polylepis,-31.5,159.07,2018,2,14,12.5,1,-32_159,21.317596753438313,24.50479507446289,21.51167456906573,24.00642807143075,2004,Lord Howe Island Marine Park,1
Parma polylepis,-31.5,159.07,2018,2,14,15,1,-32_159,21.317596753438313,24.50479507446289,21.51167456906573,24.00642807143075,2004,Lord Howe Island Marine Park,1
Parma polylepis,-31.5,159.07,2018,2,14,20,1,-32_159,21.317596753438313,24.50479507446289,21.51167456906573,24.00642807143075,2004,Lord Howe Island Marine Park,1
Parma polylepis,-31.5,159.07,2018,2,14,15,2,-32_159,21.317596753438313,24.50479507446289,21.51167456906573,24.00642807143075,2004,Lord Howe Island Marine Park,1
Parma polylepis,-31.55,159.06,2018,2,15,5,1,-32_159,21.317596753438313,24.50479507446289,21.51167456906573,24.00642807143075,2004,Lord Howe Island Marine Park,1
Parma polylepis,-31.55,159.06,2018,2,15,10,1,-32_159,21.317596753438313,24.50479507446289,21.51167456906573,24.00642807143075,2004,Lord Howe Island Marine Park,1
Parma polylepis,-31.55,159.06,2018,2,15,12.5,2,-32_159,21.317596753438313,24.50479507446289,21.51167456906573,24.00642807143075,2004,Lord Howe Island Marine Park,1
Parma polylepis,-31.55,159.06,2018,2,15,15,3,-32_159,21.317596753438313,24.50479507446289,21.51167456906573,24.00642807143075,2004,Lord Howe Island Marine Park,1
Parma polylepis,-31.55,159.06,2018,2,15,15,2,-32_159,21.317596753438313,24.50479507446289,21.51167456906573,24.00642807143075,2004,Lord Howe Island Marine Park,1
Parma polylepis,-31.55,159.07,2018,2,15,10,1,-32_159,21.317596753438313,24.50479507446289,21.51167456906573,24.00642807143075,NA,NA,0
Parma polylepis,-31.55,159.07,2018,2,15,12.5,2,-32_159,21.317596753438313,24.50479507446289,21.51167456906573,24.00642807143075,NA,NA,0
Parma polylepis,-31.55,159.07,2018,2,15,15,2,-32_159,21.317596753438313,24.50479507446289,21.51167456906573,24.00642807143075,NA,NA,0
Parma polylepis,-31.55,159.07,2018,2,15,20,2,-32_159,21.317596753438313,24.50479507446289,21.51167456906573,24.00642807143075,NA,NA,0
Parma polylepis,-31.55,159.07,2018,2,15,2.5,1,-32_159,21.317596753438313,24.50479507446289,21.51167456906573,24.00642807143075,NA,NA,0
Parma polylepis,-31.55,159.07,2018,2,15,5,2,-32_159,21.317596753438313,24.50479507446289,21.51167456906573,24.00642807143075,NA,NA,0
Parma polylepis,-31.55,159.07,2018,2,15,7.5,3,-32_159,21.317596753438313,24.50479507446289,21.51167456906573,24.00642807143075,NA,NA,0
Parma polylepis,-31.55,159.07,2018,2,15,10,3,-32_159,21.317596753438313,24.50479507446289,21.51167456906573,24.00642807143075,NA,NA,0
Parma polylepis,-31.55,159.07,2018,2,15,12.5,3,-32_159,21.317596753438313,24.50479507446289,21.51167456906573,24.00642807143075,NA,NA,0
Parma polylepis,-31.55,159.07,2018,2,15,15,3,-32_159,21.317596753438313,24.50479507446289,21.51167456906573,24.00642807143075,NA,NA,0
Parma polylepis,-31.55,159.07,2018,2,15,20,3,-32_159,21.317596753438313,24.50479507446289,21.51167456906573,24.00642807143075,NA,NA,0
Parma polylepis,-31.54,159.07,2018,2,16,15,1,-32_159,21.317596753438313,24.50479507446289,21.51167456906573,24.00642807143075,2004,Lord Howe Island Marine Park,1
Parma polylepis,-31.54,159.07,2018,2,16,20,1,-32_159,21.317596753438313,24.50479507446289,21.51167456906573,24.00642807143075,2004,Lord Howe Island Marine Park,1
Parma polylepis,-31.53,159.05,2018,2,13,12.5,1,-32_159,21.317596753438313,24.50479507446289,21.51167456906573,24.00642807143075,NA,NA,0
Parma polylepis,-31.53,159.05,2018,2,13,15,1,-32_159,21.317596753438313,24.50479507446289,21.51167456906573,24.00642807143075,NA,NA,0
Parma polylepis,-31.53,159.05,2018,2,13,20,1,-32_159,21.317596753438313,24.50479507446289,21.51167456906573,24.00642807143075,NA,NA,0
Parma polylepis,-31.53,159.05,2018,2,13,10,1,-32_159,21.317596753438313,24.50479507446289,21.51167456906573,24.00642807143075,NA,NA,0
Parma polylepis,-31.5,159.07,2018,2,14,15,1,-32_159,21.317596753438313,24.50479507446289,21.51167456906573,24.00642807143075,2004,Lord Howe Island Marine Park,1
Parma polylepis,-31.5,159.07,2018,2,14,20,3,-32_159,21.317596753438313,24.50479507446289,21.51167456906573,24.00642807143075,2004,Lord Howe Island Marine Park,1
Parma polylepis,-31.5,159.07,2018,2,14,12.5,1,-32_159,21.317596753438313,24.50479507446289,21.51167456906573,24.00642807143075,2004,Lord Howe Island Marine Park,1
Parma polylepis,-31.5,159.07,2018,2,14,15,2,-32_159,21.317596753438313,24.50479507446289,21.51167456906573,24.00642807143075,2004,Lord Howe Island Marine Park,1
Parma polylepis,-31.5,159.06,2018,2,14,15,1,-32_159,21.317596753438313,24.50479507446289,21.51167456906573,24.00642807143075,2004,Lord Howe Island Marine Park,1
Parma polylepis,-31.5,159.06,2018,2,14,20,2,-32_159,21.317596753438313,24.50479507446289,21.51167456906573,24.00642807143075,2004,Lord Howe Island Marine Park,1
Parma polylepis,-31.5,159.06,2018,2,14,12.5,1,-32_159,21.317596753438313,24.50479507446289,21.51167456906573,24.00642807143075,2004,Lord Howe Island Marine Park,1
Parma polylepis,-31.52,159.07,2018,2,13,25,11,-32_159,21.317596753438313,24.50479507446289,21.51167456906573,24.00642807143075,2004,Lord Howe Island Marine Park,1
Parma polylepis,-31.52,159.07,2018,2,13,12.5,1,-32_159,21.317596753438313,24.50479507446289,21.51167456906573,24.00642807143075,2004,Lord Howe Island Marine Park,1
Parma polylepis,-31.52,159.07,2018,2,13,25,13,-32_159,21.317596753438313,24.50479507446289,21.51167456906573,24.00642807143075,2004,Lord Howe Island Marine Park,1
Parma polylepis,-31.5,159.07,2018,2,14,25,1,-32_159,21.317596753438313,24.50479507446289,21.51167456906573,24.00642807143075,2004,Lord Howe Island Marine Park,1
Parma polylepis,-31.5,159.06,2018,2,14,20,2,-32_159,21.317596753438313,24.50479507446289,21.51167456906573,24.00642807143075,2004,Lord Howe Island Marine Park,1
Parma polylepis,-31.5,159.06,2018,2,14,25,7,-32_159,21.317596753438313,24.50479507446289,21.51167456906573,24.00642807143075,2004,Lord Howe Island Marine Park,1
Parma polylepis,-31.54,159.07,2018,2,16,15,2,-32_159,21.317596753438313,24.50479507446289,21.51167456906573,24.00642807143075,2004,Lord Howe Island Marine Park,1
Parma polylepis,-31.52,159.04,2018,2,17,2.5,2,-32_159,21.317596753438313,24.50479507446289,21.51167456906573,24.00642807143075,2004,Lord Howe Island Marine Park,1
Parma polylepis,-31.52,159.04,2018,2,17,5,2,-32_159,21.317596753438313,24.50479507446289,21.51167456906573,24.00642807143075,2004,Lord Howe Island Marine Park,1
Parma polylepis,-31.52,159.04,2018,2,17,12.5,2,-32_159,21.317596753438313,24.50479507446289,21.51167456906573,24.00642807143075,2004,Lord Howe Island Marine Park,1
Parma polylepis,-31.52,159.04,2018,2,17,15,2,-32_159,21.317596753438313,24.50479507446289,21.51167456906573,24.00642807143075,2004,Lord Howe Island Marine Park,1
Parma polylepis,-31.5,159.06,2018,2,14,12.5,2,-32_159,21.317596753438313,24.50479507446289,21.51167456906573,24.00642807143075,2004,Lord Howe Island Marine Park,1
Parma polylepis,-31.5,159.06,2018,2,14,15,2,-32_159,21.317596753438313,24.50479507446289,21.51167456906573,24.00642807143075,2004,Lord Howe Island Marine Park,1
Parma polylepis,-31.5,159.06,2018,2,14,20,3,-32_159,21.317596753438313,24.50479507446289,21.51167456906573,24.00642807143075,2004,Lord Howe Island Marine Park,1
Parma polylepis,-31.55,159.07,2018,2,15,20,2,-32_159,21.317596753438313,24.50479507446289,21.51167456906573,24.00642807143075,NA,NA,0
Parma polylepis,-31.55,159.07,2018,2,15,25,2,-32_159,21.317596753438313,24.50479507446289,21.51167456906573,24.00642807143075,NA,NA,0
Parma polylepis,-31.55,159.07,2018,2,15,20,3,-32_159,21.317596753438313,24.50479507446289,21.51167456906573,24.00642807143075,NA,NA,0
Parma polylepis,-31.55,159.07,2018,2,15,25,5,-32_159,21.317596753438313,24.50479507446289,21.51167456906573,24.00642807143075,NA,NA,0
Parma polylepis,-31.55,159.06,2018,2,15,20,4,-32_159,21.317596753438313,24.50479507446289,21.51167456906573,24.00642807143075,2004,Lord Howe Island Marine Park,1
Parma polylepis,-31.55,159.06,2018,2,15,25,4,-32_159,21.317596753438313,24.50479507446289,21.51167456906573,24.00642807143075,2004,Lord Howe Island Marine Park,1
Parma polylepis,-31.55,159.06,2018,2,15,20,1,-32_159,21.317596753438313,24.50479507446289,21.51167456906573,24.00642807143075,2004,Lord Howe Island Marine Park,1
Parma polylepis,-31.55,159.06,2018,2,15,25,3,-32_159,21.317596753438313,24.50479507446289,21.51167456906573,24.00642807143075,2004,Lord Howe Island Marine Park,1
Parma polylepis,-31.55,159.06,2018,2,15,10,2,-32_159,21.317596753438313,24.50479507446289,21.51167456906573,24.00642807143075,2004,Lord Howe Island Marine Park,1
Parma polylepis,-31.55,159.06,2018,2,15,12.5,3,-32_159,21.317596753438313,24.50479507446289,21.51167456906573,24.00642807143075,2004,Lord Howe Island Marine Park,1
Parma polylepis,-31.55,159.06,2018,2,15,7.5,1,-32_159,21.317596753438313,24.50479507446289,21.51167456906573,24.00642807143075,2004,Lord Howe Island Marine Park,1
Parma polylepis,-31.55,159.07,2018,2,15,7.5,1,-32_159,21.317596753438313,24.50479507446289,21.51167456906573,24.00642807143075,NA,NA,0
Parma polylepis,-31.55,159.07,2018,2,15,15,3,-32_159,21.317596753438313,24.50479507446289,21.51167456906573,24.00642807143075,NA,NA,0
Parma polylepis,-31.55,159.07,2018,2,15,20,1,-32_159,21.317596753438313,24.50479507446289,21.51167456906573,24.00642807143075,NA,NA,0
Parma polylepis,-31.55,159.07,2018,2,15,10,4,-32_159,21.317596753438313,24.50479507446289,21.51167456906573,24.00642807143075,NA,NA,0
Parma polylepis,-31.55,159.07,2018,2,15,12.5,1,-32_159,21.317596753438313,24.50479507446289,21.51167456906573,24.00642807143075,NA,NA,0
Parma polylepis,-31.52,159.04,2018,2,17,20,3,-32_159,21.317596753438313,24.50479507446289,21.51167456906573,24.00642807143075,2004,Lord Howe Island Marine Park,1
Parma polylepis,-31.52,159.05,2018,2,18,12.5,2,-32_159,21.317596753438313,24.50479507446289,21.51167456906573,24.00642807143075,2004,Lord Howe Island Marine Park,1
Parma polylepis,-31.52,159.05,2018,2,18,15,3,-32_159,21.317596753438313,24.50479507446289,21.51167456906573,24.00642807143075,2004,Lord Howe Island Marine Park,1
Parma polylepis,-31.52,159.05,2018,2,18,10,1,-32_159,21.317596753438313,24.50479507446289,21.51167456906573,24.00642807143075,2004,Lord Howe Island Marine Park,1
Parma polylepis,-31.52,159.05,2018,2,18,12.5,1,-32_159,21.317596753438313,24.50479507446289,21.51167456906573,24.00642807143075,2004,Lord Howe Island Marine Park,1
Parma polylepis,-31.52,159.05,2018,2,18,15,2,-32_159,21.317596753438313,24.50479507446289,21.51167456906573,24.00642807143075,2004,Lord Howe Island Marine Park,1
Parma polylepis,-31.52,159.06,2018,2,21,10,2,-32_159,21.317596753438313,24.50479507446289,21.51167456906573,24.00642807143075,NA,NA,0
Parma polylepis,-31.52,159.06,2018,2,21,12.5,2,-32_159,21.317596753438313,24.50479507446289,21.51167456906573,24.00642807143075,NA,NA,0
Parma polylepis,-31.52,159.06,2018,2,21,15,3,-32_159,21.317596753438313,24.50479507446289,21.51167456906573,24.00642807143075,NA,NA,0
Parma polylepis,-31.52,159.06,2018,2,21,10,6,-32_159,21.317596753438313,24.50479507446289,21.51167456906573,24.00642807143075,NA,NA,0
Parma polylepis,-31.52,159.06,2018,2,21,12.5,5,-32_159,21.317596753438313,24.50479507446289,21.51167456906573,24.00642807143075,NA,NA,0
Parma polylepis,-31.52,159.06,2018,2,21,15,2,-32_159,21.317596753438313,24.50479507446289,21.51167456906573,24.00642807143075,NA,NA,0
Parma polylepis,-31.53,159.06,2018,2,20,15,4,-32_159,21.317596753438313,24.50479507446289,21.51167456906573,24.00642807143075,NA,NA,0
Parma polylepis,-31.53,159.06,2018,2,20,2.5,5,-32_159,21.317596753438313,24.50479507446289,21.51167456906573,24.00642807143075,NA,NA,0
Parma polylepis,-31.53,159.06,2018,2,20,12.5,1,-32_159,21.317596753438313,24.50479507446289,21.51167456906573,24.00642807143075,NA,NA,0
Parma polylepis,-31.53,159.06,2018,2,20,15,2,-32_159,21.317596753438313,24.50479507446289,21.51167456906573,24.00642807143075,NA,NA,0
Parma polylepis,-31.52,159.04,2018,2,17,12.5,1,-32_159,21.317596753438313,24.50479507446289,21.51167456906573,24.00642807143075,2004,Lord Howe Island Marine Park,1
Parma polylepis,-31.52,159.04,2018,2,17,15,2,-32_159,21.317596753438313,24.50479507446289,21.51167456906573,24.00642807143075,2004,Lord Howe Island Marine Park,1
Parma polylepis,-31.52,159.03,2018,2,12,20,10,-32_159,21.317596753438313,24.50479507446289,21.51167456906573,24.00642807143075,NA,NA,0
Parma polylepis,-31.52,159.03,2018,2,12,25,4,-32_159,21.317596753438313,24.50479507446289,21.51167456906573,24.00642807143075,NA,NA,0
Parma polylepis,-31.54,159.06,2018,2,16,20,3,-32_159,21.317596753438313,24.50479507446289,21.51167456906573,24.00642807143075,2004,Lord Howe Island Marine Park,1
Parma polylepis,-31.54,159.06,2018,2,16,25,3,-32_159,21.317596753438313,24.50479507446289,21.51167456906573,24.00642807143075,2004,Lord Howe Island Marine Park,1
Parma polylepis,-31.54,159.06,2018,2,16,12.5,2,-32_159,21.317596753438313,24.50479507446289,21.51167456906573,24.00642807143075,2004,Lord Howe Island Marine Park,1
Parma polylepis,-31.54,159.06,2018,2,16,15,3,-32_159,21.317596753438313,24.50479507446289,21.51167456906573,24.00642807143075,2004,Lord Howe Island Marine Park,1
Parma polylepis,-31.51,159.04,2018,2,21,15,2,-32_159,21.317596753438313,24.50479507446289,21.51167456906573,24.00642807143075,NA,NA,0
Parma polylepis,-31.51,159.04,2018,2,21,20,1,-32_159,21.317596753438313,24.50479507446289,21.51167456906573,24.00642807143075,NA,NA,0
Parma polylepis,-31.51,159.04,2018,2,21,5,1,-32_159,21.317596753438313,24.50479507446289,21.51167456906573,24.00642807143075,NA,NA,0
Parma polylepis,-31.51,159.04,2018,2,21,12.5,1,-32_159,21.317596753438313,24.50479507446289,21.51167456906573,24.00642807143075,NA,NA,0
Parma polylepis,-31.55,159.06,2018,2,22,15,1,-32_159,21.317596753438313,24.50479507446289,21.51167456906573,24.00642807143075,2004,Lord Howe Island Marine Park,1
Parma polylepis,-31.55,159.06,2018,2,22,20,2,-32_159,21.317596753438313,24.50479507446289,21.51167456906573,24.00642807143075,2004,Lord Howe Island Marine Park,1
Parma polylepis,-31.55,159.06,2018,2,22,15,5,-32_159,21.317596753438313,24.50479507446289,21.51167456906573,24.00642807143075,2004,Lord Howe Island Marine Park,1
Parma polylepis,-31.55,159.06,2018,2,22,20,5,-32_159,21.317596753438313,24.50479507446289,21.51167456906573,24.00642807143075,2004,Lord Howe Island Marine Park,1
Parma polylepis,-31.53,159.05,2018,2,11,20,2,-32_159,21.317596753438313,24.50479507446289,21.51167456906573,24.00642807143075,NA,NA,0
Parma polylepis,-31.53,159.05,2018,2,11,15,3,-32_159,21.317596753438313,24.50479507446289,21.51167456906573,24.00642807143075,NA,NA,0
Parma polylepis,-31.53,159.05,2018,2,11,20,5,-32_159,21.317596753438313,24.50479507446289,21.51167456906573,24.00642807143075,NA,NA,0
Parma polylepis,-31.54,159.06,2018,2,16,20,2,-32_159,21.317596753438313,24.50479507446289,21.51167456906573,24.00642807143075,2004,Lord Howe Island Marine Park,1
Parma polylepis,-31.54,159.06,2018,2,16,15,3,-32_159,21.317596753438313,24.50479507446289,21.51167456906573,24.00642807143075,2004,Lord Howe Island Marine Park,1
Parma polylepis,-31.54,159.06,2018,2,16,20,3,-32_159,21.317596753438313,24.50479507446289,21.51167456906573,24.00642807143075,2004,Lord Howe Island Marine Park,1
Parma polylepis,-31.52,159.04,2018,2,17,15,3,-32_159,21.317596753438313,24.50479507446289,21.51167456906573,24.00642807143075,NA,NA,0
Parma polylepis,-31.52,159.04,2018,2,17,20,2,-32_159,21.317596753438313,24.50479507446289,21.51167456906573,24.00642807143075,NA,NA,0
Parma polylepis,-31.52,159.04,2018,2,17,15,1,-32_159,21.317596753438313,24.50479507446289,21.51167456906573,24.00642807143075,NA,NA,0
Parma polylepis,-31.52,159.04,2018,2,17,20,1,-32_159,21.317596753438313,24.50479507446289,21.51167456906573,24.00642807143075,NA,NA,0
Parma polylepis,-31.52,159.04,2018,2,17,10,1,-32_159,21.317596753438313,24.50479507446289,21.51167456906573,24.00642807143075,2004,Lord Howe Island Marine Park,1
Parma polylepis,-31.52,159.04,2018,2,17,20,1,-32_159,21.317596753438313,24.50479507446289,21.51167456906573,24.00642807143075,2004,Lord Howe Island Marine Park,1
Parma polylepis,-31.52,159.04,2018,2,17,25,2,-32_159,21.317596753438313,24.50479507446289,21.51167456906573,24.00642807143075,2004,Lord Howe Island Marine Park,1
Parma polylepis,-31.52,159.04,2018,2,17,20,2,-32_159,21.317596753438313,24.50479507446289,21.51167456906573,24.00642807143075,2004,Lord Howe Island Marine Park,1
Parma polylepis,-31.52,159.04,2018,2,17,25,1,-32_159,21.317596753438313,24.50479507446289,21.51167456906573,24.00642807143075,2004,Lord Howe Island Marine Park,1
Parma polylepis,-31.52,159.05,2018,2,20,20,1,-32_159,21.317596753438313,24.50479507446289,21.51167456906573,24.00642807143075,2004,Lord Howe Island Marine Park,1
Parma polylepis,-31.52,159.03,2018,2,12,15,2,-32_159,21.317596753438313,24.50479507446289,21.51167456906573,24.00642807143075,NA,NA,0
Parma polylepis,-31.52,159.03,2018,2,12,20,4,-32_159,21.317596753438313,24.50479507446289,21.51167456906573,24.00642807143075,NA,NA,0
Parma polylepis,-31.56,159.07,2018,2,12,25,1,-32_159,21.317596753438313,24.50479507446289,21.51167456906573,24.00642807143075,NA,NA,0
Parma polylepis,-31.56,159.1,2018,2,12,20,2,-32_159,21.317596753438313,24.50479507446289,21.51167456906573,24.00642807143075,NA,NA,0
Parma polylepis,-31.56,159.1,2018,2,12,20,1,-32_159,21.317596753438313,24.50479507446289,21.51167456906573,24.00642807143075,NA,NA,0
Parma polylepis,-31.56,159.1,2018,2,12,25,1,-32_159,21.317596753438313,24.50479507446289,21.51167456906573,24.00642807143075,NA,NA,0
Parma polylepis,-31.51,159.07,2018,2,13,15,1,-32_159,21.317596753438313,24.50479507446289,21.51167456906573,24.00642807143075,2004,Lord Howe Island Marine Park,1
Parma polylepis,-31.51,159.07,2018,2,13,20,4,-32_159,21.317596753438313,24.50479507446289,21.51167456906573,24.00642807143075,2004,Lord Howe Island Marine Park,1
Parma polylepis,-31.52,159.04,2018,2,17,15,3,-32_159,21.317596753438313,24.50479507446289,21.51167456906573,24.00642807143075,NA,NA,0
Parma polylepis,-31.52,159.04,2018,2,17,20,2,-32_159,21.317596753438313,24.50479507446289,21.51167456906573,24.00642807143075,NA,NA,0
Parma polylepis,-31.52,159.04,2018,2,17,25,1,-32_159,21.317596753438313,24.50479507446289,21.51167456906573,24.00642807143075,NA,NA,0
Parma polylepis,-31.52,159.05,2018,2,18,20,1,-32_159,21.317596753438313,24.50479507446289,21.51167456906573,24.00642807143075,2004,Lord Howe Island Marine Park,1
Parma polylepis,-31.53,159.06,2018,2,20,10,1,-32_159,21.317596753438313,24.50479507446289,21.51167456906573,24.00642807143075,NA,NA,0
Parma polylepis,-31.53,159.06,2018,2,20,12.5,1,-32_159,21.317596753438313,24.50479507446289,21.51167456906573,24.00642807143075,NA,NA,0
Parma polylepis,-31.53,159.06,2018,2,20,20,2,-32_159,21.317596753438313,24.50479507446289,21.51167456906573,24.00642807143075,NA,NA,0
Parma polylepis,-31.53,159.06,2018,2,20,15,3,-32_159,21.317596753438313,24.50479507446289,21.51167456906573,24.00642807143075,NA,NA,0
Parma polylepis,-31.53,159.06,2018,2,20,20,1,-32_159,21.317596753438313,24.50479507446289,21.51167456906573,24.00642807143075,NA,NA,0
Parma polylepis,-31.51,159.04,2018,2,21,20,1,-32_159,21.317596753438313,24.50479507446289,21.51167456906573,24.00642807143075,NA,NA,0
Parma polylepis,-31.51,159.04,2018,2,21,25,1,-32_159,21.317596753438313,24.50479507446289,21.51167456906573,24.00642807143075,NA,NA,0
Parma polylepis,-31.51,159.04,2018,2,21,10,1,-32_159,21.317596753438313,24.50479507446289,21.51167456906573,24.00642807143075,NA,NA,0
Parma polylepis,-31.51,159.04,2018,2,21,12.5,1,-32_159,21.317596753438313,24.50479507446289,21.51167456906573,24.00642807143075,NA,NA,0
Parma polylepis,-31.58,159.07,2018,2,11,12.5,2,-32_159,21.317596753438313,24.50479507446289,21.51167456906573,24.00642807143075,NA,NA,0
Parma polylepis,-31.58,159.07,2018,2,11,15,2,-32_159,21.317596753438313,24.50479507446289,21.51167456906573,24.00642807143075,NA,NA,0
Parma polylepis,-31.58,159.07,2018,2,11,20,2,-32_159,21.317596753438313,24.50479507446289,21.51167456906573,24.00642807143075,NA,NA,0
Parma polylepis,-31.58,159.07,2018,2,11,25,2,-32_159,21.317596753438313,24.50479507446289,21.51167456906573,24.00642807143075,NA,NA,0
Parma polylepis,-31.58,159.07,2018,2,11,20,1,-32_159,21.317596753438313,24.50479507446289,21.51167456906573,24.00642807143075,NA,NA,0
Parma polylepis,-31.6,159.08,2018,2,12,30,2,-32_159,21.317596753438313,24.50479507446289,21.51167456906573,24.00642807143075,2004,Lord Howe Island Marine Park,1
Parma polylepis,-31.6,159.08,2018,2,12,25,1,-32_159,21.317596753438313,24.50479507446289,21.51167456906573,24.00642807143075,2004,Lord Howe Island Marine Park,1
Parma polylepis,-31.6,159.08,2018,2,12,30,1,-32_159,21.317596753438313,24.50479507446289,21.51167456906573,24.00642807143075,2004,Lord Howe Island Marine Park,1
Parma polylepis,-31.57,159.1,2018,2,12,15,1,-32_159,21.317596753438313,24.50479507446289,21.51167456906573,24.00642807143075,2004,Lord Howe Island Marine Park,1
Parma polylepis,-31.57,159.1,2018,2,12,20,4,-32_159,21.317596753438313,24.50479507446289,21.51167456906573,24.00642807143075,2004,Lord Howe Island Marine Park,1
Parma polylepis,-31.57,159.1,2018,2,12,20,1,-32_159,21.317596753438313,24.50479507446289,21.51167456906573,24.00642807143075,2004,Lord Howe Island Marine Park,1
Parma polylepis,-31.57,159.1,2018,2,12,25,1,-32_159,21.317596753438313,24.50479507446289,21.51167456906573,24.00642807143075,2004,Lord Howe Island Marine Park,1
Parma polylepis,-31.57,159.1,2018,2,12,30,1,-32_159,21.317596753438313,24.50479507446289,21.51167456906573,24.00642807143075,2004,Lord Howe Island Marine Park,1
Parma polylepis,-31.51,159.07,2018,2,13,30,4,-32_159,21.317596753438313,24.50479507446289,21.51167456906573,24.00642807143075,2004,Lord Howe Island Marine Park,1
Parma polylepis,-31.52,159.08,2018,2,13,10,1,-32_159,21.317596753438313,24.50479507446289,21.51167456906573,24.00642807143075,NA,NA,0
Parma polylepis,-31.52,159.08,2018,2,13,20,4,-32_159,21.317596753438313,24.50479507446289,21.51167456906573,24.00642807143075,NA,NA,0
Parma polylepis,-31.52,159.08,2018,2,13,25,1,-32_159,21.317596753438313,24.50479507446289,21.51167456906573,24.00642807143075,NA,NA,0
Parma polylepis,-31.52,159.08,2018,2,13,30,1,-32_159,21.317596753438313,24.50479507446289,21.51167456906573,24.00642807143075,NA,NA,0
Parma polylepis,-31.52,159.08,2018,2,13,35,2,-32_159,21.317596753438313,24.50479507446289,21.51167456906573,24.00642807143075,NA,NA,0
Parma polylepis,-31.51,159.05,2018,2,14,15,1,-32_159,21.317596753438313,24.50479507446289,21.51167456906573,24.00642807143075,2004,Lord Howe Island Marine Park,1
Parma polylepis,-31.51,159.05,2018,2,14,20,6,-32_159,21.317596753438313,24.50479507446289,21.51167456906573,24.00642807143075,2004,Lord Howe Island Marine Park,1
Parma polylepis,-31.51,159.05,2018,2,14,20,1,-32_159,21.317596753438313,24.50479507446289,21.51167456906573,24.00642807143075,2004,Lord Howe Island Marine Park,1
Parma polylepis,-31.51,159.05,2018,2,14,25,1,-32_159,21.317596753438313,24.50479507446289,21.51167456906573,24.00642807143075,2004,Lord Howe Island Marine Park,1
Parma polylepis,-31.51,159.05,2018,2,14,30,2,-32_159,21.317596753438313,24.50479507446289,21.51167456906573,24.00642807143075,2004,Lord Howe Island Marine Park,1
Parma polylepis,-31.52,159.05,2018,2,20,10,1,-32_159,21.317596753438313,24.50479507446289,21.51167456906573,24.00642807143075,2004,Lord Howe Island Marine Park,1
Parma polylepis,-31.52,159.05,2018,2,20,15,1,-32_159,21.317596753438313,24.50479507446289,21.51167456906573,24.00642807143075,2004,Lord Howe Island Marine Park,1
Parma polylepis,-31.51,159.04,2018,2,21,20,1,-32_159,21.317596753438313,24.50479507446289,21.51167456906573,24.00642807143075,NA,NA,0
Parma polylepis,-31.51,159.04,2018,2,21,25,4,-32_159,21.317596753438313,24.50479507446289,21.51167456906573,24.00642807143075,NA,NA,0
Parma polylepis,-31.51,159.04,2018,2,21,25,2,-32_159,21.317596753438313,24.50479507446289,21.51167456906573,24.00642807143075,NA,NA,0
Parma polylepis,-31.5,159.07,2018,2,14,15,1,-32_159,21.317596753438313,24.50479507446289,21.51167456906573,24.00642807143075,2004,Lord Howe Island Marine Park,1
Parma polylepis,-31.5,159.07,2018,2,14,20,3,-32_159,21.317596753438313,24.50479507446289,21.51167456906573,24.00642807143075,2004,Lord Howe Island Marine Park,1
Parma polylepis,-31.5,159.07,2018,2,14,7.5,1,-32_159,21.317596753438313,24.50479507446289,21.51167456906573,24.00642807143075,2004,Lord Howe Island Marine Park,1
Parma polylepis,-31.5,159.07,2018,2,14,10,1,-32_159,21.317596753438313,24.50479507446289,21.51167456906573,24.00642807143075,2004,Lord Howe Island Marine Park,1
Parma polylepis,-31.5,159.07,2018,2,14,25,1,-32_159,21.317596753438313,24.50479507446289,21.51167456906573,24.00642807143075,2004,Lord Howe Island Marine Park,1
Parma polylepis,-31.5,159.07,2018,2,14,30,1,-32_159,21.317596753438313,24.50479507446289,21.51167456906573,24.00642807143075,2004,Lord Howe Island Marine Park,1
Parma polylepis,-31.53,159.05,2018,2,15,12.5,2,-32_159,21.317596753438313,24.50479507446289,21.51167456906573,24.00642807143075,NA,NA,0
Parma polylepis,-31.53,159.05,2018,2,15,15,2,-32_159,21.317596753438313,24.50479507446289,21.51167456906573,24.00642807143075,NA,NA,0
Parma polylepis,-31.53,159.05,2018,2,15,20,2,-32_159,21.317596753438313,24.50479507446289,21.51167456906573,24.00642807143075,NA,NA,0
Parma polylepis,-31.53,159.05,2018,2,15,15,1,-32_159,21.317596753438313,24.50479507446289,21.51167456906573,24.00642807143075,NA,NA,0
Parma polylepis,-31.53,159.05,2018,2,15,20,1,-32_159,21.317596753438313,24.50479507446289,21.51167456906573,24.00642807143075,NA,NA,0
Parma polylepis,-31.53,159.05,2018,2,15,25,2,-32_159,21.317596753438313,24.50479507446289,21.51167456906573,24.00642807143075,NA,NA,0
Parma polylepis,-31.53,159.05,2018,2,15,30,1,-32_159,21.317596753438313,24.50479507446289,21.51167456906573,24.00642807143075,NA,NA,0
Parma polylepis,-31.54,159.05,2018,2,15,15,1,-32_159,21.317596753438313,24.50479507446289,21.51167456906573,24.00642807143075,2004,Lord Howe Island Marine Park,1
Parma polylepis,-31.54,159.05,2018,2,15,20,5,-32_159,21.317596753438313,24.50479507446289,21.51167456906573,24.00642807143075,2004,Lord Howe Island Marine Park,1
Parma polylepis,-31.54,159.05,2018,2,15,12.5,1,-32_159,21.317596753438313,24.50479507446289,21.51167456906573,24.00642807143075,2004,Lord Howe Island Marine Park,1
Parma polylepis,-31.54,159.05,2018,2,15,20,2,-32_159,21.317596753438313,24.50479507446289,21.51167456906573,24.00642807143075,2004,Lord Howe Island Marine Park,1
Parma polylepis,-31.52,159.05,2018,2,18,20,1,-32_159,21.317596753438313,24.50479507446289,21.51167456906573,24.00642807143075,2004,Lord Howe Island Marine Park,1
Parma polylepis,-31.52,159.05,2018,2,18,25,2,-32_159,21.317596753438313,24.50479507446289,21.51167456906573,24.00642807143075,2004,Lord Howe Island Marine Park,1
Parma polylepis,-31.52,159.05,2018,2,18,30,1,-32_159,21.317596753438313,24.50479507446289,21.51167456906573,24.00642807143075,2004,Lord Howe Island Marine Park,1
Parma polylepis,-31.52,159.05,2018,2,18,35,1,-32_159,21.317596753438313,24.50479507446289,21.51167456906573,24.00642807143075,2004,Lord Howe Island Marine Park,1
Parma polylepis,-31.54,159.11,2018,3,4,5,2,-32_159,21.317596753438313,24.250411987304688,21.51167456906573,24.16048329876315,NA,NA,0
Parma polylepis,-31.54,159.11,2018,3,4,15,2,-32_159,21.317596753438313,24.250411987304688,21.51167456906573,24.16048329876315,NA,NA,0
Parma polylepis,-31.54,159.11,2018,3,4,20,1,-32_159,21.317596753438313,24.250411987304688,21.51167456906573,24.16048329876315,NA,NA,0
Parma polylepis,-31.54,159.11,2018,3,4,5,1,-32_159,21.317596753438313,24.250411987304688,21.51167456906573,24.16048329876315,NA,NA,0
Parma polylepis,-31.54,159.11,2018,3,4,15,1,-32_159,21.317596753438313,24.250411987304688,21.51167456906573,24.16048329876315,NA,NA,0
Parma polylepis,-31.54,159.11,2018,3,4,7.5,3,-32_159,21.317596753438313,24.250411987304688,21.51167456906573,24.16048329876315,NA,NA,0
Parma polylepis,-31.54,159.11,2018,3,4,15,1,-32_159,21.317596753438313,24.250411987304688,21.51167456906573,24.16048329876315,NA,NA,0
Parma polylepis,-31.54,159.11,2018,3,4,5,2,-32_159,21.317596753438313,24.250411987304688,21.51167456906573,24.16048329876315,NA,NA,0
Parma polylepis,-31.54,159.11,2018,3,4,15,3,-32_159,21.317596753438313,24.250411987304688,21.51167456906573,24.16048329876315,NA,NA,0
Parma polylepis,-31.54,159.11,2018,3,4,20,2,-32_159,21.317596753438313,24.250411987304688,21.51167456906573,24.16048329876315,NA,NA,0
Parma polylepis,-31.76,159.24,2018,3,4,25,1,-32_159,21.317596753438313,24.250411987304688,21.51167456906573,24.16048329876315,NA,NA,0
Parma polylepis,-31.76,159.24,2018,3,4,20,2,-32_159,21.317596753438313,24.250411987304688,21.51167456906573,24.16048329876315,NA,NA,0
Parma polylepis,-31.76,159.24,2018,3,4,7.5,2,-32_159,21.317596753438313,24.250411987304688,21.51167456906573,24.16048329876315,NA,NA,0
Parma polylepis,-31.75,159.24,2018,3,4,20,1,-32_159,21.317596753438313,24.250411987304688,21.51167456906573,24.16048329876315,2004,Lord Howe Island Marine Park,1
Parma polylepis,-31.75,159.24,2018,3,4,35,2,-32_159,21.317596753438313,24.250411987304688,21.51167456906573,24.16048329876315,2004,Lord Howe Island Marine Park,1
Parma polylepis,-31.75,159.24,2018,3,4,7.5,2,-32_159,21.317596753438313,24.250411987304688,21.51167456906573,24.16048329876315,2004,Lord Howe Island Marine Park,1
Parma polylepis,-31.75,159.24,2018,3,4,12.5,1,-32_159,21.317596753438313,24.250411987304688,21.51167456906573,24.16048329876315,2004,Lord Howe Island Marine Park,1
Parma polylepis,-31.75,159.24,2018,3,4,30,1,-32_159,21.317596753438313,24.250411987304688,21.51167456906573,24.16048329876315,2004,Lord Howe Island Marine Park,1
Parma polylepis,-31.79,159.28,2018,3,4,10,1,-32_159,21.317596753438313,24.250411987304688,21.51167456906573,24.16048329876315,2004,Lord Howe Island Marine Park,1
Parma polylepis,-31.81,159.29,2018,3,4,25,2,-32_159,21.317596753438313,24.250411987304688,21.51167456906573,24.16048329876315,2004,Lord Howe Island Marine Park,1
Parma polylepis,-31.54,159.05,2020,2,10,20,2,-32_159,21.398178100585938,24.25704574584961,22.009252783450954,24.8582752819719,2004,Lord Howe Island Marine Park,1
Parma polylepis,-31.54,159.05,2020,2,10,20,1,-32_159,21.398178100585938,24.25704574584961,22.009252783450954,24.8582752819719,2004,Lord Howe Island Marine Park,1
Parma polylepis,-31.54,159.05,2020,2,10,25,1,-32_159,21.398178100585938,24.25704574584961,22.009252783450954,24.8582752819719,2004,Lord Howe Island Marine Park,1
Parma polylepis,-31.53,159.05,2020,2,19,20,5,-32_159,21.398178100585938,24.25704574584961,22.009252783450954,24.8582752819719,NA,NA,0
Parma polylepis,-31.53,159.05,2020,2,19,25,3,-32_159,21.398178100585938,24.25704574584961,22.009252783450954,24.8582752819719,NA,NA,0
Parma polylepis,-31.53,159.05,2020,2,19,20,3,-32_159,21.398178100585938,24.25704574584961,22.009252783450954,24.8582752819719,NA,NA,0
Parma polylepis,-31.53,159.05,2020,2,19,25,1,-32_159,21.398178100585938,24.25704574584961,22.009252783450954,24.8582752819719,NA,NA,0
Parma polylepis,-31.53,159.05,2020,2,19,20,5,-32_159,21.398178100585938,24.25704574584961,22.009252783450954,24.8582752819719,NA,NA,0
Parma polylepis,-31.53,159.05,2020,2,19,25,13,-32_159,21.398178100585938,24.25704574584961,22.009252783450954,24.8582752819719,NA,NA,0
Parma polylepis,-31.53,159.05,2020,2,19,20,1,-32_159,21.398178100585938,24.25704574584961,22.009252783450954,24.8582752819719,NA,NA,0
Parma polylepis,-31.53,159.05,2020,2,19,25,4,-32_159,21.398178100585938,24.25704574584961,22.009252783450954,24.8582752819719,NA,NA,0
Parma polylepis,-31.52,159.08,2020,2,18,2.5,1,-32_159,21.398178100585938,24.25704574584961,22.009252783450954,24.8582752819719,NA,NA,0
Parma polylepis,-31.52,159.08,2020,2,18,10,1,-32_159,21.398178100585938,24.25704574584961,22.009252783450954,24.8582752819719,NA,NA,0
Parma polylepis,-31.52,159.08,2020,2,18,25,3,-32_159,21.398178100585938,24.25704574584961,22.009252783450954,24.8582752819719,NA,NA,0
Parma polylepis,-31.76,159.24,2020,2,28,15,1,-32_159,21.398178100585938,24.25704574584961,22.009252783450954,24.8582752819719,NA,NA,0
Parma polylepis,-31.76,159.24,2020,2,28,20,1,-32_159,21.398178100585938,24.25704574584961,22.009252783450954,24.8582752819719,NA,NA,0
Parma polylepis,-31.52,159.08,2020,2,18,20,5,-32_159,21.398178100585938,24.25704574584961,22.009252783450954,24.8582752819719,NA,NA,0
Parma polylepis,-31.52,159.08,2020,2,18,25,5,-32_159,21.398178100585938,24.25704574584961,22.009252783450954,24.8582752819719,NA,NA,0
Parma polylepis,-31.51,159.07,2020,2,18,25,6,-32_159,21.398178100585938,24.25704574584961,22.009252783450954,24.8582752819719,2004,Lord Howe Island Marine Park,1
Parma polylepis,-31.51,159.07,2020,2,18,5,3,-32_159,21.398178100585938,24.25704574584961,22.009252783450954,24.8582752819719,2004,Lord Howe Island Marine Park,1
Parma polylepis,-31.51,159.07,2020,2,18,12.5,1,-32_159,21.398178100585938,24.25704574584961,22.009252783450954,24.8582752819719,2004,Lord Howe Island Marine Park,1
Parma polylepis,-31.51,159.07,2020,2,18,15,1,-32_159,21.398178100585938,24.25704574584961,22.009252783450954,24.8582752819719,2004,Lord Howe Island Marine Park,1
Parma polylepis,-31.51,159.04,2020,2,20,5,1,-32_159,21.398178100585938,24.25704574584961,22.009252783450954,24.8582752819719,NA,NA,0
Parma polylepis,-31.51,159.04,2020,2,20,10,1,-32_159,21.398178100585938,24.25704574584961,22.009252783450954,24.8582752819719,NA,NA,0
Parma polylepis,-31.51,159.04,2020,2,20,15,1,-32_159,21.398178100585938,24.25704574584961,22.009252783450954,24.8582752819719,NA,NA,0
Parma polylepis,-31.51,159.04,2020,2,20,25,1,-32_159,21.398178100585938,24.25704574584961,22.009252783450954,24.8582752819719,NA,NA,0
Parma polylepis,-31.52,159.05,2020,2,9,15,2,-32_159,21.398178100585938,24.25704574584961,22.009252783450954,24.8582752819719,2004,Lord Howe Island Marine Park,1
Parma polylepis,-31.52,159.05,2020,2,9,20,1,-32_159,21.398178100585938,24.25704574584961,22.009252783450954,24.8582752819719,2004,Lord Howe Island Marine Park,1
Parma polylepis,-31.52,159.05,2020,2,9,15,1,-32_159,21.398178100585938,24.25704574584961,22.009252783450954,24.8582752819719,2004,Lord Howe Island Marine Park,1
Parma polylepis,-31.52,159.05,2020,2,9,20,3,-32_159,21.398178100585938,24.25704574584961,22.009252783450954,24.8582752819719,2004,Lord Howe Island Marine Park,1
Parma polylepis,-31.5,159.06,2020,2,10,15,3,-32_159,21.398178100585938,24.25704574584961,22.009252783450954,24.8582752819719,2004,Lord Howe Island Marine Park,1
Parma polylepis,-31.57,159.07,2020,2,10,20,3,-32_159,21.398178100585938,24.25704574584961,22.009252783450954,24.8582752819719,NA,NA,0
Parma polylepis,-31.57,159.07,2020,2,10,25,3,-32_159,21.398178100585938,24.25704574584961,22.009252783450954,24.8582752819719,NA,NA,0
Parma polylepis,-31.52,159.03,2020,2,10,12.5,3,-32_159,21.398178100585938,24.25704574584961,22.009252783450954,24.8582752819719,NA,NA,0
Parma polylepis,-31.52,159.03,2020,2,10,15,2,-32_159,21.398178100585938,24.25704574584961,22.009252783450954,24.8582752819719,NA,NA,0
Parma polylepis,-31.52,159.03,2020,2,10,20,1,-32_159,21.398178100585938,24.25704574584961,22.009252783450954,24.8582752819719,NA,NA,0
Parma polylepis,-31.52,159.03,2020,2,10,20,3,-32_159,21.398178100585938,24.25704574584961,22.009252783450954,24.8582752819719,NA,NA,0
Parma polylepis,-31.58,159.07,2020,2,11,15,2,-32_159,21.398178100585938,24.25704574584961,22.009252783450954,24.8582752819719,NA,NA,0
Parma polylepis,-31.58,159.07,2020,2,11,20,1,-32_159,21.398178100585938,24.25704574584961,22.009252783450954,24.8582752819719,NA,NA,0
Parma polylepis,-31.57,159.07,2020,2,10,25,2,-32_159,21.398178100585938,24.25704574584961,22.009252783450954,24.8582752819719,NA,NA,0
Parma polylepis,-31.57,159.07,2020,2,10,30,1,-32_159,21.398178100585938,24.25704574584961,22.009252783450954,24.8582752819719,NA,NA,0
Parma polylepis,-31.55,159.06,2020,2,11,12.5,1,-32_159,21.398178100585938,24.25704574584961,22.009252783450954,24.8582752819719,2004,Lord Howe Island Marine Park,1
Parma polylepis,-31.55,159.06,2020,2,11,15,2,-32_159,21.398178100585938,24.25704574584961,22.009252783450954,24.8582752819719,2004,Lord Howe Island Marine Park,1
Parma polylepis,-31.52,159.04,2020,2,12,20,2,-32_159,21.398178100585938,24.25704574584961,22.009252783450954,24.8582752819719,2004,Lord Howe Island Marine Park,1
Parma polylepis,-31.55,159.07,2020,2,12,15,1,-32_159,21.398178100585938,24.25704574584961,22.009252783450954,24.8582752819719,NA,NA,0
Parma polylepis,-31.55,159.07,2020,2,12,20,2,-32_159,21.398178100585938,24.25704574584961,22.009252783450954,24.8582752819719,NA,NA,0
Parma polylepis,-31.55,159.07,2020,2,12,12.5,1,-32_159,21.398178100585938,24.25704574584961,22.009252783450954,24.8582752819719,NA,NA,0
Parma polylepis,-31.75,159.24,2020,2,28,25,2,-32_159,21.398178100585938,24.25704574584961,22.009252783450954,24.8582752819719,2004,Lord Howe Island Marine Park,1
Parma polylepis,-31.55,159.06,2020,2,16,12.5,1,-32_159,21.398178100585938,24.25704574584961,22.009252783450954,24.8582752819719,2004,Lord Howe Island Marine Park,1
Parma polylepis,-31.55,159.06,2020,2,16,15,2,-32_159,21.398178100585938,24.25704574584961,22.009252783450954,24.8582752819719,2004,Lord Howe Island Marine Park,1
Parma polylepis,-31.75,159.24,2020,2,28,20,1,-32_159,21.398178100585938,24.25704574584961,22.009252783450954,24.8582752819719,2004,Lord Howe Island Marine Park,1
Parma polylepis,-31.75,159.24,2020,2,28,25,1,-32_159,21.398178100585938,24.25704574584961,22.009252783450954,24.8582752819719,2004,Lord Howe Island Marine Park,1
Parma polylepis,-31.56,159.07,2020,2,11,15,3,-32_159,21.398178100585938,24.25704574584961,22.009252783450954,24.8582752819719,NA,NA,0
Parma polylepis,-31.56,159.07,2020,2,11,20,4,-32_159,21.398178100585938,24.25704574584961,22.009252783450954,24.8582752819719,NA,NA,0
Parma polylepis,-31.56,159.07,2020,2,11,7.5,2,-32_159,21.398178100585938,24.25704574584961,22.009252783450954,24.8582752819719,NA,NA,0
Parma polylepis,-31.56,159.07,2020,2,11,10,1,-32_159,21.398178100585938,24.25704574584961,22.009252783450954,24.8582752819719,NA,NA,0
Parma polylepis,-31.56,159.07,2020,2,11,12.5,3,-32_159,21.398178100585938,24.25704574584961,22.009252783450954,24.8582752819719,NA,NA,0
Parma polylepis,-31.56,159.07,2020,2,11,20,4,-32_159,21.398178100585938,24.25704574584961,22.009252783450954,24.8582752819719,NA,NA,0
Parma polylepis,-31.56,159.07,2020,2,11,25,4,-32_159,21.398178100585938,24.25704574584961,22.009252783450954,24.8582752819719,NA,NA,0
Parma polylepis,-31.56,159.07,2020,2,11,20,1,-32_159,21.398178100585938,24.25704574584961,22.009252783450954,24.8582752819719,NA,NA,0
Parma polylepis,-31.56,159.07,2020,2,11,25,1,-32_159,21.398178100585938,24.25704574584961,22.009252783450954,24.8582752819719,NA,NA,0
Parma polylepis,-31.53,159.05,2020,2,12,20,10,-32_159,21.398178100585938,24.25704574584961,22.009252783450954,24.8582752819719,NA,NA,0
Parma polylepis,-31.53,159.05,2020,2,12,25,3,-32_159,21.398178100585938,24.25704574584961,22.009252783450954,24.8582752819719,NA,NA,0
Parma polylepis,-31.53,159.05,2020,2,12,15,2,-32_159,21.398178100585938,24.25704574584961,22.009252783450954,24.8582752819719,NA,NA,0
Parma polylepis,-31.53,159.05,2020,2,12,20,1,-32_159,21.398178100585938,24.25704574584961,22.009252783450954,24.8582752819719,NA,NA,0
Parma polylepis,-31.53,159.05,2020,2,12,20,4,-32_159,21.398178100585938,24.25704574584961,22.009252783450954,24.8582752819719,NA,NA,0
Parma polylepis,-31.53,159.05,2020,2,12,25,4,-32_159,21.398178100585938,24.25704574584961,22.009252783450954,24.8582752819719,NA,NA,0
Parma polylepis,-31.53,159.05,2020,2,12,20,2,-32_159,21.398178100585938,24.25704574584961,22.009252783450954,24.8582752819719,NA,NA,0
Parma polylepis,-31.53,159.05,2020,2,12,25,1,-32_159,21.398178100585938,24.25704574584961,22.009252783450954,24.8582752819719,NA,NA,0
Parma polylepis,-31.6,159.08,2020,2,17,25,1,-32_159,21.398178100585938,24.25704574584961,22.009252783450954,24.8582752819719,2004,Lord Howe Island Marine Park,1
Parma polylepis,-31.6,159.08,2020,2,17,20,3,-32_159,21.398178100585938,24.25704574584961,22.009252783450954,24.8582752819719,2004,Lord Howe Island Marine Park,1
Parma polylepis,-31.54,159.11,2020,2,17,5,1,-32_159,21.398178100585938,24.25704574584961,22.009252783450954,24.8582752819719,NA,NA,0
Parma polylepis,-31.54,159.11,2020,2,17,7.5,5,-32_159,21.398178100585938,24.25704574584961,22.009252783450954,24.8582752819719,NA,NA,0
Parma polylepis,-31.54,159.11,2020,2,17,20,6,-32_159,21.398178100585938,24.25704574584961,22.009252783450954,24.8582752819719,NA,NA,0
Parma polylepis,-31.54,159.11,2020,2,17,2.5,2,-32_159,21.398178100585938,24.25704574584961,22.009252783450954,24.8582752819719,NA,NA,0
Parma polylepis,-31.54,159.11,2020,2,17,5,2,-32_159,21.398178100585938,24.25704574584961,22.009252783450954,24.8582752819719,NA,NA,0
Parma polylepis,-31.54,159.11,2020,2,17,7.5,1,-32_159,21.398178100585938,24.25704574584961,22.009252783450954,24.8582752819719,NA,NA,0
Parma polylepis,-31.54,159.11,2020,2,17,20,3,-32_159,21.398178100585938,24.25704574584961,22.009252783450954,24.8582752819719,NA,NA,0
Parma polylepis,-31.53,159.05,2020,2,19,20,10,-32_159,21.398178100585938,24.25704574584961,22.009252783450954,24.8582752819719,NA,NA,0
Parma polylepis,-31.53,159.05,2020,2,19,25,5,-32_159,21.398178100585938,24.25704574584961,22.009252783450954,24.8582752819719,NA,NA,0
Parma polylepis,-31.53,159.05,2020,2,19,20,3,-32_159,21.398178100585938,24.25704574584961,22.009252783450954,24.8582752819719,NA,NA,0
Parma polylepis,-31.53,159.05,2020,2,19,25,1,-32_159,21.398178100585938,24.25704574584961,22.009252783450954,24.8582752819719,NA,NA,0
Parma polylepis,-31.53,159.05,2020,2,19,7.5,1,-32_159,21.398178100585938,24.25704574584961,22.009252783450954,24.8582752819719,NA,NA,0
Parma polylepis,-31.53,159.05,2020,2,19,20,10,-32_159,21.398178100585938,24.25704574584961,22.009252783450954,24.8582752819719,NA,NA,0
Parma polylepis,-31.53,159.05,2020,2,19,25,5,-32_159,21.398178100585938,24.25704574584961,22.009252783450954,24.8582752819719,NA,NA,0
Parma polylepis,-31.53,159.05,2020,2,19,20,4,-32_159,21.398178100585938,24.25704574584961,22.009252783450954,24.8582752819719,NA,NA,0
Parma polylepis,-31.53,159.05,2020,2,19,25,2,-32_159,21.398178100585938,24.25704574584961,22.009252783450954,24.8582752819719,NA,NA,0
Parma polylepis,-31.52,159.07,2020,2,21,20,5,-32_159,21.398178100585938,24.25704574584961,22.009252783450954,24.8582752819719,2004,Lord Howe Island Marine Park,1
Parma polylepis,-31.53,159.06,2020,2,9,15,3,-32_159,21.398178100585938,24.25704574584961,22.009252783450954,24.8582752819719,NA,NA,0
Parma polylepis,-31.53,159.06,2020,2,9,20,3,-32_159,21.398178100585938,24.25704574584961,22.009252783450954,24.8582752819719,NA,NA,0
Parma polylepis,-31.53,159.06,2020,2,9,10,3,-32_159,21.398178100585938,24.25704574584961,22.009252783450954,24.8582752819719,NA,NA,0
Parma polylepis,-31.53,159.06,2020,2,9,12.5,5,-32_159,21.398178100585938,24.25704574584961,22.009252783450954,24.8582752819719,NA,NA,0
Parma polylepis,-31.53,159.06,2020,2,9,15,5,-32_159,21.398178100585938,24.25704574584961,22.009252783450954,24.8582752819719,NA,NA,0
Parma polylepis,-31.53,159.06,2020,2,9,15,3,-32_159,21.398178100585938,24.25704574584961,22.009252783450954,24.8582752819719,NA,NA,0
Parma polylepis,-31.53,159.06,2020,2,9,20,2,-32_159,21.398178100585938,24.25704574584961,22.009252783450954,24.8582752819719,NA,NA,0
Parma polylepis,-31.53,159.06,2020,2,9,7.5,3,-32_159,21.398178100585938,24.25704574584961,22.009252783450954,24.8582752819719,NA,NA,0
Parma polylepis,-31.53,159.06,2020,2,9,10,5,-32_159,21.398178100585938,24.25704574584961,22.009252783450954,24.8582752819719,NA,NA,0
Parma polylepis,-31.53,159.06,2020,2,9,12.5,3,-32_159,21.398178100585938,24.25704574584961,22.009252783450954,24.8582752819719,NA,NA,0
Parma polylepis,-31.55,159.06,2020,2,16,15,3,-32_159,21.398178100585938,24.25704574584961,22.009252783450954,24.8582752819719,2004,Lord Howe Island Marine Park,1
Parma polylepis,-31.5,159.07,2020,2,17,10,1,-32_159,21.398178100585938,24.25704574584961,22.009252783450954,24.8582752819719,2004,Lord Howe Island Marine Park,1
Parma polylepis,-31.5,159.07,2020,2,17,12.5,2,-32_159,21.398178100585938,24.25704574584961,22.009252783450954,24.8582752819719,2004,Lord Howe Island Marine Park,1
Parma polylepis,-31.5,159.07,2020,2,17,15,1,-32_159,21.398178100585938,24.25704574584961,22.009252783450954,24.8582752819719,2004,Lord Howe Island Marine Park,1
Parma polylepis,-31.5,159.07,2020,2,17,15,3,-32_159,21.398178100585938,24.25704574584961,22.009252783450954,24.8582752819719,2004,Lord Howe Island Marine Park,1
Parma polylepis,-31.5,159.07,2020,2,18,12.5,10,-32_159,21.398178100585938,24.25704574584961,22.009252783450954,24.8582752819719,2004,Lord Howe Island Marine Park,1
Parma polylepis,-31.5,159.07,2020,2,18,7.5,1,-32_159,21.398178100585938,24.25704574584961,22.009252783450954,24.8582752819719,2004,Lord Howe Island Marine Park,1
Parma polylepis,-31.5,159.07,2020,2,18,15,1,-32_159,21.398178100585938,24.25704574584961,22.009252783450954,24.8582752819719,2004,Lord Howe Island Marine Park,1
Parma polylepis,-31.51,159.05,2020,2,18,15,4,-32_159,21.398178100585938,24.25704574584961,22.009252783450954,24.8582752819719,2004,Lord Howe Island Marine Park,1
Parma polylepis,-31.52,159.03,2020,2,10,15,2,-32_159,21.398178100585938,24.25704574584961,22.009252783450954,24.8582752819719,NA,NA,0
Parma polylepis,-31.52,159.03,2020,2,10,20,2,-32_159,21.398178100585938,24.25704574584961,22.009252783450954,24.8582752819719,NA,NA,0
Parma polylepis,-31.52,159.03,2020,2,10,7.5,1,-32_159,21.398178100585938,24.25704574584961,22.009252783450954,24.8582752819719,NA,NA,0
Parma polylepis,-31.52,159.03,2020,2,10,10,3,-32_159,21.398178100585938,24.25704574584961,22.009252783450954,24.8582752819719,NA,NA,0
Parma polylepis,-31.52,159.03,2020,2,10,12.5,3,-32_159,21.398178100585938,24.25704574584961,22.009252783450954,24.8582752819719,NA,NA,0
Parma polylepis,-31.52,159.03,2020,2,10,15,3,-32_159,21.398178100585938,24.25704574584961,22.009252783450954,24.8582752819719,NA,NA,0
Parma polylepis,-31.52,159.03,2020,2,10,15,4,-32_159,21.398178100585938,24.25704574584961,22.009252783450954,24.8582752819719,NA,NA,0
Parma polylepis,-31.52,159.03,2020,2,10,20,3,-32_159,21.398178100585938,24.25704574584961,22.009252783450954,24.8582752819719,NA,NA,0
Parma polylepis,-31.52,159.03,2020,2,10,7.5,1,-32_159,21.398178100585938,24.25704574584961,22.009252783450954,24.8582752819719,NA,NA,0
Parma polylepis,-31.52,159.03,2020,2,10,10,2,-32_159,21.398178100585938,24.25704574584961,22.009252783450954,24.8582752819719,NA,NA,0
Parma polylepis,-31.52,159.03,2020,2,10,12.5,2,-32_159,21.398178100585938,24.25704574584961,22.009252783450954,24.8582752819719,NA,NA,0
Parma polylepis,-31.52,159.03,2020,2,10,15,2,-32_159,21.398178100585938,24.25704574584961,22.009252783450954,24.8582752819719,NA,NA,0
Parma polylepis,-31.5,159.06,2020,2,10,15,3,-32_159,21.398178100585938,24.25704574584961,22.009252783450954,24.8582752819719,2004,Lord Howe Island Marine Park,1
Parma polylepis,-31.5,159.06,2020,2,10,20,2,-32_159,21.398178100585938,24.25704574584961,22.009252783450954,24.8582752819719,2004,Lord Howe Island Marine Park,1
Parma polylepis,-31.5,159.06,2020,2,10,10,2,-32_159,21.398178100585938,24.25704574584961,22.009252783450954,24.8582752819719,2004,Lord Howe Island Marine Park,1
Parma polylepis,-31.5,159.06,2020,2,10,12.5,2,-32_159,21.398178100585938,24.25704574584961,22.009252783450954,24.8582752819719,2004,Lord Howe Island Marine Park,1
Parma polylepis,-31.58,159.07,2020,2,11,15,5,-32_159,21.398178100585938,24.25704574584961,22.009252783450954,24.8582752819719,NA,NA,0
Parma polylepis,-31.58,159.07,2020,2,11,20,5,-32_159,21.398178100585938,24.25704574584961,22.009252783450954,24.8582752819719,NA,NA,0
Parma polylepis,-31.58,159.07,2020,2,11,15,2,-32_159,21.398178100585938,24.25704574584961,22.009252783450954,24.8582752819719,NA,NA,0
Parma polylepis,-31.58,159.07,2020,2,11,20,3,-32_159,21.398178100585938,24.25704574584961,22.009252783450954,24.8582752819719,NA,NA,0
Parma polylepis,-31.55,159.06,2020,2,11,7.5,1,-32_159,21.398178100585938,24.25704574584961,22.009252783450954,24.8582752819719,2004,Lord Howe Island Marine Park,1
Parma polylepis,-31.55,159.06,2020,2,11,12.5,1,-32_159,21.398178100585938,24.25704574584961,22.009252783450954,24.8582752819719,2004,Lord Howe Island Marine Park,1
Parma polylepis,-31.55,159.06,2020,2,11,20,1,-32_159,21.398178100585938,24.25704574584961,22.009252783450954,24.8582752819719,2004,Lord Howe Island Marine Park,1
Parma polylepis,-31.55,159.06,2020,2,11,10,1,-32_159,21.398178100585938,24.25704574584961,22.009252783450954,24.8582752819719,2004,Lord Howe Island Marine Park,1
Parma polylepis,-31.55,159.06,2020,2,11,15,1,-32_159,21.398178100585938,24.25704574584961,22.009252783450954,24.8582752819719,2004,Lord Howe Island Marine Park,1
Parma polylepis,-31.52,159.04,2020,2,12,20,1,-32_159,21.398178100585938,24.25704574584961,22.009252783450954,24.8582752819719,NA,NA,0
Parma polylepis,-31.52,159.04,2020,2,12,15,1,-32_159,21.398178100585938,24.25704574584961,22.009252783450954,24.8582752819719,NA,NA,0
Parma polylepis,-31.52,159.04,2020,2,12,20,3,-32_159,21.398178100585938,24.25704574584961,22.009252783450954,24.8582752819719,NA,NA,0
Parma polylepis,-31.55,159.07,2020,2,12,15,2,-32_159,21.398178100585938,24.25704574584961,22.009252783450954,24.8582752819719,NA,NA,0
Parma polylepis,-31.55,159.07,2020,2,12,20,3,-32_159,21.398178100585938,24.25704574584961,22.009252783450954,24.8582752819719,NA,NA,0
Parma polylepis,-31.55,159.07,2020,2,12,15,1,-32_159,21.398178100585938,24.25704574584961,22.009252783450954,24.8582752819719,NA,NA,0
Parma polylepis,-31.55,159.07,2020,2,12,20,1,-32_159,21.398178100585938,24.25704574584961,22.009252783450954,24.8582752819719,NA,NA,0
Parma polylepis,-31.57,159.1,2020,2,16,20,3,-32_159,21.398178100585938,24.25704574584961,22.009252783450954,24.8582752819719,2004,Lord Howe Island Marine Park,1
Parma polylepis,-31.57,159.1,2020,2,16,7.5,1,-32_159,21.398178100585938,24.25704574584961,22.009252783450954,24.8582752819719,2004,Lord Howe Island Marine Park,1
Parma polylepis,-31.57,159.1,2020,2,16,15,2,-32_159,21.398178100585938,24.25704574584961,22.009252783450954,24.8582752819719,2004,Lord Howe Island Marine Park,1
Parma polylepis,-31.57,159.1,2020,2,16,20,6,-32_159,21.398178100585938,24.25704574584961,22.009252783450954,24.8582752819719,2004,Lord Howe Island Marine Park,1
Parma polylepis,-31.51,159.05,2020,2,18,7.5,1,-32_159,21.398178100585938,24.25704574584961,22.009252783450954,24.8582752819719,2004,Lord Howe Island Marine Park,1
Parma polylepis,-31.51,159.05,2020,2,18,15,2,-32_159,21.398178100585938,24.25704574584961,22.009252783450954,24.8582752819719,2004,Lord Howe Island Marine Park,1
Parma polylepis,-31.52,159.05,2020,2,19,12.5,3,-32_159,21.398178100585938,24.25704574584961,22.009252783450954,24.8582752819719,2004,Lord Howe Island Marine Park,1
Parma polylepis,-31.54,159.07,2020,2,19,12.5,1,-32_159,21.398178100585938,24.25704574584961,22.009252783450954,24.8582752819719,2004,Lord Howe Island Marine Park,1
Parma polylepis,-31.54,159.07,2020,2,19,15,1,-32_159,21.398178100585938,24.25704574584961,22.009252783450954,24.8582752819719,2004,Lord Howe Island Marine Park,1
Parma polylepis,-31.51,159.04,2020,2,20,15,3,-32_159,21.398178100585938,24.25704574584961,22.009252783450954,24.8582752819719,NA,NA,0
Parma polylepis,-31.52,159.07,2020,2,21,15,3,-32_159,21.398178100585938,24.25704574584961,22.009252783450954,24.8582752819719,2004,Lord Howe Island Marine Park,1
Parma polylepis,-31.5,159.07,2020,2,18,12.5,1,-32_159,21.398178100585938,24.25704574584961,22.009252783450954,24.8582752819719,2004,Lord Howe Island Marine Park,1
Parma polylepis,-31.5,159.07,2020,2,18,15,2,-32_159,21.398178100585938,24.25704574584961,22.009252783450954,24.8582752819719,2004,Lord Howe Island Marine Park,1
Parma polylepis,-31.51,159.06,2020,2,18,15,1,-32_159,21.398178100585938,24.25704574584961,22.009252783450954,24.8582752819719,2004,Lord Howe Island Marine Park,1
Parma polylepis,-31.51,159.06,2020,2,18,20,2,-32_159,21.398178100585938,24.25704574584961,22.009252783450954,24.8582752819719,2004,Lord Howe Island Marine Park,1
Parma polylepis,-31.51,159.06,2020,2,18,15,2,-32_159,21.398178100585938,24.25704574584961,22.009252783450954,24.8582752819719,2004,Lord Howe Island Marine Park,1
Parma polylepis,-31.51,159.06,2020,2,18,20,3,-32_159,21.398178100585938,24.25704574584961,22.009252783450954,24.8582752819719,2004,Lord Howe Island Marine Park,1
Parma polylepis,-31.56,159.1,2020,2,16,15,1,-32_159,21.398178100585938,24.25704574584961,22.009252783450954,24.8582752819719,NA,NA,0
Parma polylepis,-31.56,159.1,2020,2,16,20,1,-32_159,21.398178100585938,24.25704574584961,22.009252783450954,24.8582752819719,NA,NA,0
Parma polylepis,-31.5,159.07,2020,2,17,15,1,-32_159,21.398178100585938,24.25704574584961,22.009252783450954,24.8582752819719,NA,NA,0
Parma polylepis,-31.5,159.07,2020,2,17,20,1,-32_159,21.398178100585938,24.25704574584961,22.009252783450954,24.8582752819719,NA,NA,0
Parma polylepis,-31.5,159.07,2020,2,17,15,2,-32_159,21.398178100585938,24.25704574584961,22.009252783450954,24.8582752819719,NA,NA,0
Parma polylepis,-31.5,159.07,2020,2,17,20,3,-32_159,21.398178100585938,24.25704574584961,22.009252783450954,24.8582752819719,NA,NA,0
Parma polylepis,-31.5,159.07,2020,2,17,25,5,-32_159,21.398178100585938,24.25704574584961,22.009252783450954,24.8582752819719,2004,Lord Howe Island Marine Park,1
Parma polylepis,-31.5,159.07,2020,2,17,20,3,-32_159,21.398178100585938,24.25704574584961,22.009252783450954,24.8582752819719,2004,Lord Howe Island Marine Park,1
Parma polylepis,-31.5,159.07,2020,2,17,25,4,-32_159,21.398178100585938,24.25704574584961,22.009252783450954,24.8582752819719,2004,Lord Howe Island Marine Park,1
Parma polylepis,-31.55,159.06,2020,2,16,15,1,-32_159,21.398178100585938,24.25704574584961,22.009252783450954,24.8582752819719,2004,Lord Howe Island Marine Park,1
Parma polylepis,-31.55,159.06,2020,2,16,20,2,-32_159,21.398178100585938,24.25704574584961,22.009252783450954,24.8582752819719,2004,Lord Howe Island Marine Park,1
Parma polylepis,-31.5,159.07,2020,2,17,15,1,-32_159,21.398178100585938,24.25704574584961,22.009252783450954,24.8582752819719,NA,NA,0
Parma polylepis,-31.5,159.07,2020,2,17,20,1,-32_159,21.398178100585938,24.25704574584961,22.009252783450954,24.8582752819719,NA,NA,0
Parma polylepis,-31.5,159.07,2020,2,17,25,1,-32_159,21.398178100585938,24.25704574584961,22.009252783450954,24.8582752819719,NA,NA,0
Parma polylepis,-31.5,159.07,2020,2,17,20,1,-32_159,21.398178100585938,24.25704574584961,22.009252783450954,24.8582752819719,2004,Lord Howe Island Marine Park,1
Parma polylepis,-31.5,159.07,2020,2,18,25,1,-32_159,21.398178100585938,24.25704574584961,22.009252783450954,24.8582752819719,2004,Lord Howe Island Marine Park,1
Parma polylepis,-31.5,159.07,2020,2,18,15,1,-32_159,21.398178100585938,24.25704574584961,22.009252783450954,24.8582752819719,2004,Lord Howe Island Marine Park,1
Parma polylepis,-31.5,159.07,2020,2,18,20,2,-32_159,21.398178100585938,24.25704574584961,22.009252783450954,24.8582752819719,2004,Lord Howe Island Marine Park,1
Parma polylepis,-31.51,159.06,2020,2,18,15,1,-32_159,21.398178100585938,24.25704574584961,22.009252783450954,24.8582752819719,2004,Lord Howe Island Marine Park,1
Parma polylepis,-31.51,159.06,2020,2,18,20,2,-32_159,21.398178100585938,24.25704574584961,22.009252783450954,24.8582752819719,2004,Lord Howe Island Marine Park,1
Parma polylepis,-31.58,159.07,2020,2,11,12.5,3,-32_159,21.398178100585938,24.25704574584961,22.009252783450954,24.8582752819719,NA,NA,0
Parma polylepis,-31.58,159.07,2020,2,11,15,3,-32_159,21.398178100585938,24.25704574584961,22.009252783450954,24.8582752819719,NA,NA,0
Parma polylepis,-31.55,159.06,2020,2,11,12.5,2,-32_159,21.398178100585938,24.25704574584961,22.009252783450954,24.8582752819719,2004,Lord Howe Island Marine Park,1
Parma polylepis,-31.55,159.06,2020,2,11,15,3,-32_159,21.398178100585938,24.25704574584961,22.009252783450954,24.8582752819719,2004,Lord Howe Island Marine Park,1
Parma polylepis,-31.55,159.06,2020,2,11,20,2,-32_159,21.398178100585938,24.25704574584961,22.009252783450954,24.8582752819719,2004,Lord Howe Island Marine Park,1
Parma polylepis,-31.52,159.05,2020,2,19,12.5,1,-32_159,21.398178100585938,24.25704574584961,22.009252783450954,24.8582752819719,2004,Lord Howe Island Marine Park,1
Parma polylepis,-31.52,159.05,2020,2,19,15,1,-32_159,21.398178100585938,24.25704574584961,22.009252783450954,24.8582752819719,2004,Lord Howe Island Marine Park,1
Parma polylepis,-31.5,159.07,2020,2,20,7.5,1,-32_159,21.398178100585938,24.25704574584961,22.009252783450954,24.8582752819719,NA,NA,0
Parma polylepis,-31.5,159.07,2020,2,20,10,1,-32_159,21.398178100585938,24.25704574584961,22.009252783450954,24.8582752819719,NA,NA,0
Parma polylepis,-31.5,159.07,2020,2,20,20,1,-32_159,21.398178100585938,24.25704574584961,22.009252783450954,24.8582752819719,NA,NA,0
Parma polylepis,-31.5,159.07,2020,2,20,25,1,-32_159,21.398178100585938,24.25704574584961,22.009252783450954,24.8582752819719,NA,NA,0
Parma polylepis,-31.5,159.07,2020,2,20,5,2,-32_159,21.398178100585938,24.25704574584961,22.009252783450954,24.8582752819719,NA,NA,0
Parma polylepis,-31.5,159.07,2020,2,20,12.5,1,-32_159,21.398178100585938,24.25704574584961,22.009252783450954,24.8582752819719,NA,NA,0
Parma polylepis,-31.5,159.07,2020,2,20,15,2,-32_159,21.398178100585938,24.25704574584961,22.009252783450954,24.8582752819719,NA,NA,0
Parma polylepis,-31.54,159.07,2020,2,19,15,1,-32_159,21.398178100585938,24.25704574584961,22.009252783450954,24.8582752819719,2004,Lord Howe Island Marine Park,1
Parma polylepis,-31.51,159.04,2020,2,20,20,1,-32_159,21.398178100585938,24.25704574584961,22.009252783450954,24.8582752819719,NA,NA,0
Parma polylepis,-31.51,159.04,2020,2,20,10,1,-32_159,21.398178100585938,24.25704574584961,22.009252783450954,24.8582752819719,NA,NA,0
Parma polylepis,-31.51,159.04,2020,2,20,12.5,2,-32_159,21.398178100585938,24.25704574584961,22.009252783450954,24.8582752819719,NA,NA,0
Parma polylepis,-31.57,159.1,2020,2,16,12.5,1,-32_159,21.398178100585938,24.25704574584961,22.009252783450954,24.8582752819719,2004,Lord Howe Island Marine Park,1
Parma polylepis,-31.57,159.1,2020,2,16,15,1,-32_159,21.398178100585938,24.25704574584961,22.009252783450954,24.8582752819719,2004,Lord Howe Island Marine Park,1
Parma polylepis,-31.57,159.1,2020,2,16,20,1,-32_159,21.398178100585938,24.25704574584961,22.009252783450954,24.8582752819719,2004,Lord Howe Island Marine Park,1
Parma polylepis,-31.56,159.1,2020,2,16,25,1,-32_159,21.398178100585938,24.25704574584961,22.009252783450954,24.8582752819719,NA,NA,0
Parma polylepis,-31.56,159.1,2020,2,16,15,1,-32_159,21.398178100585938,24.25704574584961,22.009252783450954,24.8582752819719,NA,NA,0
Parma polylepis,-31.56,159.1,2020,2,16,20,1,-32_159,21.398178100585938,24.25704574584961,22.009252783450954,24.8582752819719,NA,NA,0
Parma polylepis,-31.56,159.1,2020,2,16,30,1,-32_159,21.398178100585938,24.25704574584961,22.009252783450954,24.8582752819719,NA,NA,0
Parma polylepis,-31.6,159.08,2020,2,17,12.5,1,-32_159,21.398178100585938,24.25704574584961,22.009252783450954,24.8582752819719,2004,Lord Howe Island Marine Park,1
Parma polylepis,-31.6,159.08,2020,2,17,20,1,-32_159,21.398178100585938,24.25704574584961,22.009252783450954,24.8582752819719,2004,Lord Howe Island Marine Park,1
Parma polylepis,-31.6,159.08,2020,2,17,25,2,-32_159,21.398178100585938,24.25704574584961,22.009252783450954,24.8582752819719,2004,Lord Howe Island Marine Park,1
Parma polylepis,-31.6,159.08,2020,2,17,30,2,-32_159,21.398178100585938,24.25704574584961,22.009252783450954,24.8582752819719,2004,Lord Howe Island Marine Park,1
Parma polylepis,-31.6,159.08,2020,2,17,15,1,-32_159,21.398178100585938,24.25704574584961,22.009252783450954,24.8582752819719,2004,Lord Howe Island Marine Park,1
Parma polylepis,-31.54,159.11,2020,2,17,10,1,-32_159,21.398178100585938,24.25704574584961,22.009252783450954,24.8582752819719,NA,NA,0
Parma polylepis,-31.54,159.11,2020,2,17,25,1,-32_159,21.398178100585938,24.25704574584961,22.009252783450954,24.8582752819719,NA,NA,0
Parma polylepis,-31.54,159.11,2020,2,17,30,1,-32_159,21.398178100585938,24.25704574584961,22.009252783450954,24.8582752819719,NA,NA,0
Parma polylepis,-31.54,159.11,2020,2,17,7.5,1,-32_159,21.398178100585938,24.25704574584961,22.009252783450954,24.8582752819719,NA,NA,0
Parma polylepis,-31.54,159.11,2020,2,17,30,3,-32_159,21.398178100585938,24.25704574584961,22.009252783450954,24.8582752819719,NA,NA,0
Parma polylepis,-31.52,159.08,2020,2,18,20,1,-32_159,21.398178100585938,24.25704574584961,22.009252783450954,24.8582752819719,NA,NA,0
Parma polylepis,-31.52,159.08,2020,2,18,25,2,-32_159,21.398178100585938,24.25704574584961,22.009252783450954,24.8582752819719,NA,NA,0
Parma polylepis,-31.52,159.08,2020,2,18,30,1,-32_159,21.398178100585938,24.25704574584961,22.009252783450954,24.8582752819719,NA,NA,0
Parma polylepis,-31.52,159.08,2020,2,18,25,1,-32_159,21.398178100585938,24.25704574584961,22.009252783450954,24.8582752819719,NA,NA,0
Parma polylepis,-31.51,159.07,2020,2,18,25,2,-32_159,21.398178100585938,24.25704574584961,22.009252783450954,24.8582752819719,2004,Lord Howe Island Marine Park,1
Parma polylepis,-31.51,159.07,2020,2,18,30,2,-32_159,21.398178100585938,24.25704574584961,22.009252783450954,24.8582752819719,2004,Lord Howe Island Marine Park,1
Parma polylepis,-31.51,159.07,2020,2,18,20,2,-32_159,21.398178100585938,24.25704574584961,22.009252783450954,24.8582752819719,2004,Lord Howe Island Marine Park,1
Parma polylepis,-31.54,159.05,2020,2,10,12.5,1,-32_159,21.398178100585938,24.25704574584961,22.009252783450954,24.8582752819719,2004,Lord Howe Island Marine Park,1
Parma polylepis,-31.54,159.05,2020,2,10,15,1,-32_159,21.398178100585938,24.25704574584961,22.009252783450954,24.8582752819719,2004,Lord Howe Island Marine Park,1
Parma polylepis,-31.54,159.05,2020,2,10,20,1,-32_159,21.398178100585938,24.25704574584961,22.009252783450954,24.8582752819719,2004,Lord Howe Island Marine Park,1
Parma polylepis,-31.54,159.05,2020,2,10,25,1,-32_159,21.398178100585938,24.25704574584961,22.009252783450954,24.8582752819719,2004,Lord Howe Island Marine Park,1
Parma polylepis,-31.54,159.05,2020,2,10,12.5,3,-32_159,21.398178100585938,24.25704574584961,22.009252783450954,24.8582752819719,2004,Lord Howe Island Marine Park,1
Parma polylepis,-31.54,159.05,2020,2,10,15,5,-32_159,21.398178100585938,24.25704574584961,22.009252783450954,24.8582752819719,2004,Lord Howe Island Marine Park,1
Parma polylepis,-31.57,159.07,2020,2,10,15,1,-32_159,21.398178100585938,24.25704574584961,22.009252783450954,24.8582752819719,NA,NA,0
Parma polylepis,-31.57,159.07,2020,2,10,25,1,-32_159,21.398178100585938,24.25704574584961,22.009252783450954,24.8582752819719,NA,NA,0
Parma polylepis,-31.57,159.07,2020,2,10,30,1,-32_159,21.398178100585938,24.25704574584961,22.009252783450954,24.8582752819719,NA,NA,0
Parma polylepis,-31.57,159.07,2020,2,10,7.5,1,-32_159,21.398178100585938,24.25704574584961,22.009252783450954,24.8582752819719,NA,NA,0
Parma polylepis,-31.57,159.07,2020,2,10,10,1,-32_159,21.398178100585938,24.25704574584961,22.009252783450954,24.8582752819719,NA,NA,0
Parma polylepis,-31.57,159.07,2020,2,10,12.5,4,-32_159,21.398178100585938,24.25704574584961,22.009252783450954,24.8582752819719,NA,NA,0
Parma polylepis,-31.57,159.07,2020,2,10,15,4,-32_159,21.398178100585938,24.25704574584961,22.009252783450954,24.8582752819719,NA,NA,0
Parma polylepis,-31.57,159.07,2020,2,10,20,1,-32_159,21.398178100585938,24.25704574584961,22.009252783450954,24.8582752819719,NA,NA,0
Parma polylepis,-31.56,159.07,2020,2,11,20,1,-32_159,21.398178100585938,24.25704574584961,22.009252783450954,24.8582752819719,NA,NA,0
Parma polylepis,-31.56,159.07,2020,2,11,25,1,-32_159,21.398178100585938,24.25704574584961,22.009252783450954,24.8582752819719,NA,NA,0
Parma polylepis,-31.56,159.07,2020,2,11,12.5,2,-32_159,21.398178100585938,24.25704574584961,22.009252783450954,24.8582752819719,NA,NA,0
Parma polylepis,-31.56,159.07,2020,2,11,15,4,-32_159,21.398178100585938,24.25704574584961,22.009252783450954,24.8582752819719,NA,NA,0
Parma polylepis,-31.56,159.07,2020,2,11,20,4,-32_159,21.398178100585938,24.25704574584961,22.009252783450954,24.8582752819719,NA,NA,0
Parma polylepis,-31.56,159.07,2020,2,11,10,2,-32_159,21.398178100585938,24.25704574584961,22.009252783450954,24.8582752819719,NA,NA,0
Parma polylepis,-31.56,159.07,2020,2,11,12.5,2,-32_159,21.398178100585938,24.25704574584961,22.009252783450954,24.8582752819719,NA,NA,0
Parma polylepis,-31.56,159.07,2020,2,11,20,1,-32_159,21.398178100585938,24.25704574584961,22.009252783450954,24.8582752819719,NA,NA,0
Parma polylepis,-31.56,159.07,2020,2,11,10,1,-32_159,21.398178100585938,24.25704574584961,22.009252783450954,24.8582752819719,NA,NA,0
Parma polylepis,-31.56,159.07,2020,2,11,12.5,4,-32_159,21.398178100585938,24.25704574584961,22.009252783450954,24.8582752819719,NA,NA,0
Parma polylepis,-31.56,159.07,2020,2,11,15,2,-32_159,21.398178100585938,24.25704574584961,22.009252783450954,24.8582752819719,NA,NA,0
Parma polylepis,-31.58,159.07,2020,2,11,12.5,4,-32_159,21.398178100585938,24.25704574584961,22.009252783450954,24.8582752819719,NA,NA,0
Parma polylepis,-31.58,159.07,2020,2,11,15,4,-32_159,21.398178100585938,24.25704574584961,22.009252783450954,24.8582752819719,NA,NA,0
Parma polylepis,-31.51,159.04,2020,2,20,15,3,-32_159,21.398178100585938,24.25704574584961,22.009252783450954,24.8582752819719,NA,NA,0
Parma polylepis,-31.51,159.04,2020,2,20,20,4,-32_159,21.398178100585938,24.25704574584961,22.009252783450954,24.8582752819719,NA,NA,0
Parma polylepis,-31.51,159.04,2020,2,20,12.5,2,-32_159,21.398178100585938,24.25704574584961,22.009252783450954,24.8582752819719,NA,NA,0
Parma polylepis,-31.51,159.04,2020,2,20,15,5,-32_159,21.398178100585938,24.25704574584961,22.009252783450954,24.8582752819719,NA,NA,0
Parma polylepis,-31.51,159.04,2020,2,20,20,3,-32_159,21.398178100585938,24.25704574584961,22.009252783450954,24.8582752819719,NA,NA,0
Parma polylepis,-31.75,159.24,2020,2,28,25,4,-32_159,21.398178100585938,24.25704574584961,22.009252783450954,24.8582752819719,2004,Lord Howe Island Marine Park,1
Parma polylepis,-31.75,159.24,2020,2,28,20,1,-32_159,21.398178100585938,24.25704574584961,22.009252783450954,24.8582752819719,2004,Lord Howe Island Marine Park,1
Parma polylepis,-31.75,159.24,2020,2,28,25,3,-32_159,21.398178100585938,24.25704574584961,22.009252783450954,24.8582752819719,2004,Lord Howe Island Marine Park,1
Parma polylepis,-31.52,159.04,2020,2,12,12.5,3,-32_159,21.398178100585938,24.25704574584961,22.009252783450954,24.8582752819719,NA,NA,0
Parma polylepis,-31.52,159.04,2020,2,12,15,3,-32_159,21.398178100585938,24.25704574584961,22.009252783450954,24.8582752819719,NA,NA,0
Parma polylepis,-31.52,159.04,2020,2,12,15,5,-32_159,21.398178100585938,24.25704574584961,22.009252783450954,24.8582752819719,NA,NA,0
Parma polylepis,-31.52,159.04,2020,2,12,20,2,-32_159,21.398178100585938,24.25704574584961,22.009252783450954,24.8582752819719,NA,NA,0
Parma polylepis,-31.55,159.07,2020,2,12,12.5,8,-32_159,21.398178100585938,24.25704574584961,22.009252783450954,24.8582752819719,NA,NA,0
Parma polylepis,-31.55,159.07,2020,2,12,15,5,-32_159,21.398178100585938,24.25704574584961,22.009252783450954,24.8582752819719,NA,NA,0
Parma polylepis,-31.55,159.07,2020,2,12,20,2,-32_159,21.398178100585938,24.25704574584961,22.009252783450954,24.8582752819719,NA,NA,0
Parma polylepis,-31.55,159.07,2020,2,12,12.5,4,-32_159,21.398178100585938,24.25704574584961,22.009252783450954,24.8582752819719,NA,NA,0
Parma polylepis,-31.55,159.07,2020,2,12,15,3,-32_159,21.398178100585938,24.25704574584961,22.009252783450954,24.8582752819719,NA,NA,0
Parma polylepis,-31.76,159.24,2020,2,28,20,1,-32_159,21.398178100585938,24.25704574584961,22.009252783450954,24.8582752819719,NA,NA,0
Parma polylepis,-31.76,159.24,2020,2,28,15,1,-32_159,21.398178100585938,24.25704574584961,22.009252783450954,24.8582752819719,NA,NA,0
Parma polylepis,-31.52,159.05,2020,2,9,15,1,-32_159,21.398178100585938,24.25704574584961,22.009252783450954,24.8582752819719,2004,Lord Howe Island Marine Park,1
Parma polylepis,-31.52,159.03,2020,2,10,12.5,2,-32_159,21.398178100585938,24.25704574584961,22.009252783450954,24.8582752819719,NA,NA,0
Parma polylepis,-31.52,159.03,2020,2,10,15,6,-32_159,21.398178100585938,24.25704574584961,22.009252783450954,24.8582752819719,NA,NA,0
Parma polylepis,-31.52,159.03,2020,2,10,20,2,-32_159,21.398178100585938,24.25704574584961,22.009252783450954,24.8582752819719,NA,NA,0
Parma polylepis,-31.52,159.03,2020,2,10,15,2,-32_159,21.398178100585938,24.25704574584961,22.009252783450954,24.8582752819719,NA,NA,0
Parma polylepis,-31.52,159.03,2020,2,10,20,1,-32_159,21.398178100585938,24.25704574584961,22.009252783450954,24.8582752819719,NA,NA,0
Parma polylepis,-31.5,159.06,2020,2,10,15,1,-32_159,21.398178100585938,24.25704574584961,22.009252783450954,24.8582752819719,2004,Lord Howe Island Marine Park,1
Parma polylepis,-31.5,159.06,2020,2,10,20,2,-32_159,21.398178100585938,24.25704574584961,22.009252783450954,24.8582752819719,2004,Lord Howe Island Marine Park,1
Parma polylepis,-31.5,159.06,2020,2,10,20,3,-32_159,21.398178100585938,24.25704574584961,22.009252783450954,24.8582752819719,2004,Lord Howe Island Marine Park,1
Parma polylepis,-31.5,159.06,2020,2,10,25,1,-32_159,21.398178100585938,24.25704574584961,22.009252783450954,24.8582752819719,2004,Lord Howe Island Marine Park,1
Parma polylepis,-31.58,159.07,2020,2,11,7.5,1,-32_159,21.398178100585938,24.25704574584961,22.009252783450954,24.8582752819719,NA,NA,0
Parma polylepis,-31.58,159.07,2020,2,11,15,1,-32_159,21.398178100585938,24.25704574584961,22.009252783450954,24.8582752819719,NA,NA,0
Parma polylepis,-31.58,159.07,2020,2,11,20,1,-32_159,21.398178100585938,24.25704574584961,22.009252783450954,24.8582752819719,NA,NA,0
Parma polylepis,-31.58,159.07,2020,2,11,12.5,1,-32_159,21.398178100585938,24.25704574584961,22.009252783450954,24.8582752819719,NA,NA,0
Parma polylepis,-31.58,159.07,2020,2,11,15,3,-32_159,21.398178100585938,24.25704574584961,22.009252783450954,24.8582752819719,NA,NA,0
Parma polylepis,-31.58,159.07,2020,2,11,20,2,-32_159,21.398178100585938,24.25704574584961,22.009252783450954,24.8582752819719,NA,NA,0
Parma polylepis,-31.55,159.06,2020,2,11,15,1,-32_159,21.398178100585938,24.25704574584961,22.009252783450954,24.8582752819719,2004,Lord Howe Island Marine Park,1
Parma polylepis,-31.55,159.06,2020,2,11,20,1,-32_159,21.398178100585938,24.25704574584961,22.009252783450954,24.8582752819719,2004,Lord Howe Island Marine Park,1
Parma polylepis,-31.52,159.04,2020,2,12,15,2,-32_159,21.398178100585938,24.25704574584961,22.009252783450954,24.8582752819719,2004,Lord Howe Island Marine Park,1
Parma polylepis,-31.52,159.04,2020,2,12,20,2,-32_159,21.398178100585938,24.25704574584961,22.009252783450954,24.8582752819719,2004,Lord Howe Island Marine Park,1
Parma polylepis,-31.52,159.04,2020,2,12,25,1,-32_159,21.398178100585938,24.25704574584961,22.009252783450954,24.8582752819719,2004,Lord Howe Island Marine Park,1
Parma polylepis,-31.52,159.04,2020,2,12,15,1,-32_159,21.398178100585938,24.25704574584961,22.009252783450954,24.8582752819719,2004,Lord Howe Island Marine Park,1
Parma polylepis,-31.52,159.04,2020,2,12,20,1,-32_159,21.398178100585938,24.25704574584961,22.009252783450954,24.8582752819719,2004,Lord Howe Island Marine Park,1
Parma polylepis,-31.55,159.07,2020,2,12,15,1,-32_159,21.398178100585938,24.25704574584961,22.009252783450954,24.8582752819719,NA,NA,0
Parma polylepis,-31.55,159.07,2020,2,12,20,2,-32_159,21.398178100585938,24.25704574584961,22.009252783450954,24.8582752819719,NA,NA,0
Parma polylepis,-31.55,159.07,2020,2,12,25,1,-32_159,21.398178100585938,24.25704574584961,22.009252783450954,24.8582752819719,NA,NA,0
Parma polylepis,-31.55,159.07,2020,2,12,20,3,-32_159,21.398178100585938,24.25704574584961,22.009252783450954,24.8582752819719,NA,NA,0
Parma polylepis,-31.54,159.06,2020,2,16,15,1,-32_159,21.398178100585938,24.25704574584961,22.009252783450954,24.8582752819719,2004,Lord Howe Island Marine Park,1
Parma polylepis,-31.54,159.06,2020,2,16,20,1,-32_159,21.398178100585938,24.25704574584961,22.009252783450954,24.8582752819719,2004,Lord Howe Island Marine Park,1
Parma polylepis,-31.54,159.06,2020,2,16,15,2,-32_159,21.398178100585938,24.25704574584961,22.009252783450954,24.8582752819719,2004,Lord Howe Island Marine Park,1
Parma polylepis,-31.54,159.06,2020,2,16,20,1,-32_159,21.398178100585938,24.25704574584961,22.009252783450954,24.8582752819719,2004,Lord Howe Island Marine Park,1
Parma polylepis,-31.55,159.06,2020,2,16,15,2,-32_159,21.398178100585938,24.25704574584961,22.009252783450954,24.8582752819719,2004,Lord Howe Island Marine Park,1
Parma polylepis,-31.55,159.06,2020,2,16,20,2,-32_159,21.398178100585938,24.25704574584961,22.009252783450954,24.8582752819719,2004,Lord Howe Island Marine Park,1
Parma polylepis,-31.55,159.06,2020,2,16,15,6,-32_159,21.398178100585938,24.25704574584961,22.009252783450954,24.8582752819719,2004,Lord Howe Island Marine Park,1
Parma polylepis,-31.55,159.06,2020,2,16,20,3,-32_159,21.398178100585938,24.25704574584961,22.009252783450954,24.8582752819719,2004,Lord Howe Island Marine Park,1
Parma polylepis,-31.5,159.07,2020,2,17,2.5,2,-32_159,21.398178100585938,24.25704574584961,22.009252783450954,24.8582752819719,NA,NA,0
Parma polylepis,-31.5,159.07,2020,2,17,5,2,-32_159,21.398178100585938,24.25704574584961,22.009252783450954,24.8582752819719,NA,NA,0
Parma polylepis,-31.5,159.07,2020,2,17,12.5,1,-32_159,21.398178100585938,24.25704574584961,22.009252783450954,24.8582752819719,NA,NA,0
Parma polylepis,-31.5,159.07,2020,2,17,15,2,-32_159,21.398178100585938,24.25704574584961,22.009252783450954,24.8582752819719,NA,NA,0
Parma polylepis,-31.5,159.07,2020,2,17,20,1,-32_159,21.398178100585938,24.25704574584961,22.009252783450954,24.8582752819719,NA,NA,0
Parma polylepis,-31.5,159.07,2020,2,17,15,5,-32_159,21.398178100585938,24.25704574584961,22.009252783450954,24.8582752819719,NA,NA,0
Parma polylepis,-31.5,159.07,2020,2,17,20,2,-32_159,21.398178100585938,24.25704574584961,22.009252783450954,24.8582752819719,NA,NA,0
Parma polylepis,-31.5,159.07,2020,2,17,12.5,2,-32_159,21.398178100585938,24.25704574584961,22.009252783450954,24.8582752819719,NA,NA,0
Parma polylepis,-31.5,159.07,2020,2,17,20,1,-32_159,21.398178100585938,24.25704574584961,22.009252783450954,24.8582752819719,NA,NA,0
Parma polylepis,-31.51,159.05,2020,2,18,12.5,1,-32_159,21.398178100585938,24.25704574584961,22.009252783450954,24.8582752819719,2004,Lord Howe Island Marine Park,1
Parma polylepis,-31.51,159.05,2020,2,18,15,5,-32_159,21.398178100585938,24.25704574584961,22.009252783450954,24.8582752819719,2004,Lord Howe Island Marine Park,1
Parma polylepis,-31.51,159.05,2020,2,18,20,3,-32_159,21.398178100585938,24.25704574584961,22.009252783450954,24.8582752819719,2004,Lord Howe Island Marine Park,1
Parma polylepis,-31.51,159.05,2020,2,18,5,1,-32_159,21.398178100585938,24.25704574584961,22.009252783450954,24.8582752819719,2004,Lord Howe Island Marine Park,1
Parma polylepis,-31.51,159.05,2020,2,18,15,4,-32_159,21.398178100585938,24.25704574584961,22.009252783450954,24.8582752819719,2004,Lord Howe Island Marine Park,1
Parma polylepis,-31.52,159.05,2020,2,19,12.5,1,-32_159,21.398178100585938,24.25704574584961,22.009252783450954,24.8582752819719,2004,Lord Howe Island Marine Park,1
Parma polylepis,-31.52,159.07,2020,2,21,12.5,3,-32_159,21.398178100585938,24.25704574584961,22.009252783450954,24.8582752819719,2004,Lord Howe Island Marine Park,1
Parma polylepis,-31.52,159.07,2020,2,21,15,5,-32_159,21.398178100585938,24.25704574584961,22.009252783450954,24.8582752819719,2004,Lord Howe Island Marine Park,1
Parma polylepis,-31.52,159.07,2020,2,21,20,1,-32_159,21.398178100585938,24.25704574584961,22.009252783450954,24.8582752819719,2004,Lord Howe Island Marine Park,1
Parma polylepis,-31.52,159.07,2020,2,21,12.5,1,-32_159,21.398178100585938,24.25704574584961,22.009252783450954,24.8582752819719,2004,Lord Howe Island Marine Park,1
Parma polylepis,-31.52,159.07,2020,2,21,15,6,-32_159,21.398178100585938,24.25704574584961,22.009252783450954,24.8582752819719,2004,Lord Howe Island Marine Park,1
Parma polylepis,-31.52,159.07,2020,2,21,20,2,-32_159,21.398178100585938,24.25704574584961,22.009252783450954,24.8582752819719,2004,Lord Howe Island Marine Park,1
Parma polylepis,-31.51,159.04,2022,3,15,15,3,-32_159,21.215414365132652,23.80377960205078,21.07836398403277,23.532257449242376,NA,NA,0
Parma polylepis,-31.51,159.04,2022,3,15,20,1,-32_159,21.215414365132652,23.80377960205078,21.07836398403277,23.532257449242376,NA,NA,0
Parma polylepis,-31.51,159.04,2022,3,15,2.5,1,-32_159,21.215414365132652,23.80377960205078,21.07836398403277,23.532257449242376,NA,NA,0
Parma polylepis,-31.51,159.04,2022,3,15,5,2,-32_159,21.215414365132652,23.80377960205078,21.07836398403277,23.532257449242376,NA,NA,0
Parma polylepis,-31.56,159.07,2022,3,17,10,1,-32_159,21.215414365132652,23.80377960205078,21.07836398403277,23.532257449242376,NA,NA,0
Parma polylepis,-31.56,159.07,2022,3,17,12.5,2,-32_159,21.215414365132652,23.80377960205078,21.07836398403277,23.532257449242376,NA,NA,0
Parma polylepis,-31.56,159.07,2022,3,17,15,2,-32_159,21.215414365132652,23.80377960205078,21.07836398403277,23.532257449242376,NA,NA,0
Parma polylepis,-31.56,159.07,2022,3,17,20,1,-32_159,21.215414365132652,23.80377960205078,21.07836398403277,23.532257449242376,NA,NA,0
Parma polylepis,-31.55,159.06,2022,3,19,20,3,-32_159,21.215414365132652,23.80377960205078,21.07836398403277,23.532257449242376,2004,Lord Howe Island Marine Park,1
Parma polylepis,-31.55,159.06,2022,3,19,25,4,-32_159,21.215414365132652,23.80377960205078,21.07836398403277,23.532257449242376,2004,Lord Howe Island Marine Park,1
Parma polylepis,-31.56,159.07,2022,3,17,12.5,1,-32_159,21.215414365132652,23.80377960205078,21.07836398403277,23.532257449242376,NA,NA,0
Parma polylepis,-31.56,159.07,2022,3,17,15,5,-32_159,21.215414365132652,23.80377960205078,21.07836398403277,23.532257449242376,NA,NA,0
Parma polylepis,-31.54,159.06,2022,3,14,15,1,-32_159,21.215414365132652,23.80377960205078,21.07836398403277,23.532257449242376,2004,Lord Howe Island Marine Park,1
Parma polylepis,-31.54,159.06,2022,3,14,15,2,-32_159,21.215414365132652,23.80377960205078,21.07836398403277,23.532257449242376,2004,Lord Howe Island Marine Park,1
Parma polylepis,-31.52,159.04,2022,3,18,10,1,-32_159,21.215414365132652,23.80377960205078,21.07836398403277,23.532257449242376,NA,NA,0
Parma polylepis,-31.52,159.04,2022,3,18,12.5,1,-32_159,21.215414365132652,23.80377960205078,21.07836398403277,23.532257449242376,NA,NA,0
Parma polylepis,-31.52,159.04,2022,3,18,20,4,-32_159,21.215414365132652,23.80377960205078,21.07836398403277,23.532257449242376,NA,NA,0
Parma polylepis,-31.58,159.07,2022,3,25,10,2,-32_159,21.215414365132652,23.80377960205078,21.07836398403277,23.532257449242376,NA,NA,0
Parma polylepis,-31.58,159.07,2022,3,25,12.5,3,-32_159,21.215414365132652,23.80377960205078,21.07836398403277,23.532257449242376,NA,NA,0
Parma polylepis,-31.58,159.07,2022,3,25,15,6,-32_159,21.215414365132652,23.80377960205078,21.07836398403277,23.532257449242376,NA,NA,0
Parma polylepis,-31.52,159.04,2022,3,18,5,1,-32_159,21.215414365132652,23.80377960205078,21.07836398403277,23.532257449242376,NA,NA,0
Parma polylepis,-31.52,159.04,2022,3,18,20,3,-32_159,21.215414365132652,23.80377960205078,21.07836398403277,23.532257449242376,NA,NA,0
Parma polylepis,-31.54,159.05,2022,3,17,20,2,-32_159,21.215414365132652,23.80377960205078,21.07836398403277,23.532257449242376,2004,Lord Howe Island Marine Park,1
Parma polylepis,-31.54,159.05,2022,3,17,15,1,-32_159,21.215414365132652,23.80377960205078,21.07836398403277,23.532257449242376,2004,Lord Howe Island Marine Park,1
Parma polylepis,-31.54,159.05,2022,3,17,20,1,-32_159,21.215414365132652,23.80377960205078,21.07836398403277,23.532257449242376,2004,Lord Howe Island Marine Park,1
Parma polylepis,-31.54,159.05,2022,3,17,25,2,-32_159,21.215414365132652,23.80377960205078,21.07836398403277,23.532257449242376,2004,Lord Howe Island Marine Park,1
Parma polylepis,-31.52,159.04,2022,3,24,12.5,2,-32_159,21.215414365132652,23.80377960205078,21.07836398403277,23.532257449242376,2004,Lord Howe Island Marine Park,1
Parma polylepis,-31.52,159.04,2022,3,24,15,8,-32_159,21.215414365132652,23.80377960205078,21.07836398403277,23.532257449242376,2004,Lord Howe Island Marine Park,1
Parma polylepis,-31.58,159.07,2022,3,25,20,2,-32_159,21.215414365132652,23.80377960205078,21.07836398403277,23.532257449242376,NA,NA,0
Parma polylepis,-31.52,159.04,2022,3,24,12.5,8,-32_159,21.215414365132652,23.80377960205078,21.07836398403277,23.532257449242376,2004,Lord Howe Island Marine Park,1
Parma polylepis,-31.52,159.07,2022,3,13,10,3,-32_159,21.215414365132652,23.80377960205078,21.07836398403277,23.532257449242376,2004,Lord Howe Island Marine Park,1
Parma polylepis,-31.52,159.07,2022,3,13,12.5,1,-32_159,21.215414365132652,23.80377960205078,21.07836398403277,23.532257449242376,2004,Lord Howe Island Marine Park,1
Parma polylepis,-31.52,159.07,2022,3,13,15,2,-32_159,21.215414365132652,23.80377960205078,21.07836398403277,23.532257449242376,2004,Lord Howe Island Marine Park,1
Parma polylepis,-31.52,159.07,2022,3,13,20,2,-32_159,21.215414365132652,23.80377960205078,21.07836398403277,23.532257449242376,2004,Lord Howe Island Marine Park,1
Parma polylepis,-31.52,159.07,2022,3,13,10,1,-32_159,21.215414365132652,23.80377960205078,21.07836398403277,23.532257449242376,2004,Lord Howe Island Marine Park,1
Parma polylepis,-31.6,159.08,2022,3,24,20,2,-32_159,21.215414365132652,23.80377960205078,21.07836398403277,23.532257449242376,2004,Lord Howe Island Marine Park,1
Parma polylepis,-31.6,159.08,2022,3,24,25,2,-32_159,21.215414365132652,23.80377960205078,21.07836398403277,23.532257449242376,2004,Lord Howe Island Marine Park,1
Parma polylepis,-31.51,159.05,2022,3,15,15,2,-32_159,21.215414365132652,23.80377960205078,21.07836398403277,23.532257449242376,2004,Lord Howe Island Marine Park,1
Parma polylepis,-31.51,159.05,2022,3,15,20,1,-32_159,21.215414365132652,23.80377960205078,21.07836398403277,23.532257449242376,2004,Lord Howe Island Marine Park,1
Parma polylepis,-31.53,159.06,2022,3,13,2.5,3,-32_159,21.215414365132652,23.80377960205078,21.07836398403277,23.532257449242376,NA,NA,0
Parma polylepis,-31.53,159.06,2022,3,13,5,3,-32_159,21.215414365132652,23.80377960205078,21.07836398403277,23.532257449242376,NA,NA,0
Parma polylepis,-31.53,159.06,2022,3,13,7.5,2,-32_159,21.215414365132652,23.80377960205078,21.07836398403277,23.532257449242376,NA,NA,0
Parma polylepis,-31.53,159.06,2022,3,13,10,3,-32_159,21.215414365132652,23.80377960205078,21.07836398403277,23.532257449242376,NA,NA,0
Parma polylepis,-31.53,159.06,2022,3,13,12.5,3,-32_159,21.215414365132652,23.80377960205078,21.07836398403277,23.532257449242376,NA,NA,0
Parma polylepis,-31.53,159.06,2022,3,13,15,1,-32_159,21.215414365132652,23.80377960205078,21.07836398403277,23.532257449242376,NA,NA,0
Parma polylepis,-31.51,159.07,2022,3,19,15,3,-32_159,21.215414365132652,23.80377960205078,21.07836398403277,23.532257449242376,2004,Lord Howe Island Marine Park,1
Parma polylepis,-31.51,159.07,2022,3,19,20,1,-32_159,21.215414365132652,23.80377960205078,21.07836398403277,23.532257449242376,2004,Lord Howe Island Marine Park,1
Parma polylepis,-31.51,159.07,2022,3,19,20,2,-32_159,21.215414365132652,23.80377960205078,21.07836398403277,23.532257449242376,2004,Lord Howe Island Marine Park,1
Parma polylepis,-31.54,159.06,2022,3,14,20,3,-32_159,21.215414365132652,23.80377960205078,21.07836398403277,23.532257449242376,2004,Lord Howe Island Marine Park,1
Parma polylepis,-31.51,159.06,2022,3,15,20,3,-32_159,21.215414365132652,23.80377960205078,21.07836398403277,23.532257449242376,2004,Lord Howe Island Marine Park,1
Parma polylepis,-31.51,159.06,2022,3,15,25,1,-32_159,21.215414365132652,23.80377960205078,21.07836398403277,23.532257449242376,2004,Lord Howe Island Marine Park,1
Parma polylepis,-31.51,159.06,2022,3,15,15,2,-32_159,21.215414365132652,23.80377960205078,21.07836398403277,23.532257449242376,2004,Lord Howe Island Marine Park,1
Parma polylepis,-31.53,159.06,2022,3,13,12.5,2,-32_159,21.215414365132652,23.80377960205078,21.07836398403277,23.532257449242376,NA,NA,0
Parma polylepis,-31.56,159.07,2022,3,17,20,2,-32_159,21.215414365132652,23.80377960205078,21.07836398403277,23.532257449242376,NA,NA,0
Parma polylepis,-31.56,159.07,2022,3,17,25,2,-32_159,21.215414365132652,23.80377960205078,21.07836398403277,23.532257449242376,NA,NA,0
Parma polylepis,-31.56,159.07,2022,3,17,20,1,-32_159,21.215414365132652,23.80377960205078,21.07836398403277,23.532257449242376,NA,NA,0
Parma polylepis,-31.56,159.07,2022,3,17,25,1,-32_159,21.215414365132652,23.80377960205078,21.07836398403277,23.532257449242376,NA,NA,0
Parma polylepis,-31.5,159.07,2022,3,16,15,1,-32_159,21.215414365132652,23.80377960205078,21.07836398403277,23.532257449242376,NA,NA,0
Parma polylepis,-31.5,159.07,2022,3,16,5,1,-32_159,21.215414365132652,23.80377960205078,21.07836398403277,23.532257449242376,NA,NA,0
Parma polylepis,-31.5,159.07,2022,3,16,15,2,-32_159,21.215414365132652,23.80377960205078,21.07836398403277,23.532257449242376,NA,NA,0
Parma polylepis,-31.5,159.07,2022,3,16,20,1,-32_159,21.215414365132652,23.80377960205078,21.07836398403277,23.532257449242376,NA,NA,0
Parma polylepis,-31.55,159.06,2022,3,18,15,1,-32_159,21.215414365132652,23.80377960205078,21.07836398403277,23.532257449242376,2004,Lord Howe Island Marine Park,1
Parma polylepis,-31.52,159.05,2022,3,16,15,1,-32_159,21.215414365132652,23.80377960205078,21.07836398403277,23.532257449242376,2004,Lord Howe Island Marine Park,1
Parma polylepis,-31.52,159.05,2022,3,16,20,2,-32_159,21.215414365132652,23.80377960205078,21.07836398403277,23.532257449242376,2004,Lord Howe Island Marine Park,1
Parma polylepis,-31.52,159.04,2022,3,24,20,2,-32_159,21.215414365132652,23.80377960205078,21.07836398403277,23.532257449242376,2004,Lord Howe Island Marine Park,1
Parma polylepis,-31.52,159.04,2022,3,24,25,3,-32_159,21.215414365132652,23.80377960205078,21.07836398403277,23.532257449242376,2004,Lord Howe Island Marine Park,1
Parma polylepis,-31.56,159.07,2022,3,17,10,2,-32_159,21.215414365132652,23.80377960205078,21.07836398403277,23.532257449242376,NA,NA,0
Parma polylepis,-31.56,159.07,2022,3,17,12.5,4,-32_159,21.215414365132652,23.80377960205078,21.07836398403277,23.532257449242376,NA,NA,0
Parma polylepis,-31.56,159.07,2022,3,17,15,4,-32_159,21.215414365132652,23.80377960205078,21.07836398403277,23.532257449242376,NA,NA,0
Parma polylepis,-31.56,159.07,2022,3,17,20,1,-32_159,21.215414365132652,23.80377960205078,21.07836398403277,23.532257449242376,NA,NA,0
Parma polylepis,-31.52,159.03,2022,3,24,10,1,-32_159,21.215414365132652,23.80377960205078,21.07836398403277,23.532257449242376,NA,NA,0
Parma polylepis,-31.52,159.03,2022,3,24,12.5,2,-32_159,21.215414365132652,23.80377960205078,21.07836398403277,23.532257449242376,NA,NA,0
Parma polylepis,-31.52,159.03,2022,3,24,15,4,-32_159,21.215414365132652,23.80377960205078,21.07836398403277,23.532257449242376,NA,NA,0
Parma polylepis,-31.53,159.05,2022,3,18,10,3,-32_159,21.215414365132652,23.80377960205078,21.07836398403277,23.532257449242376,NA,NA,0
Parma polylepis,-31.53,159.05,2022,3,18,12.5,5,-32_159,21.215414365132652,23.80377960205078,21.07836398403277,23.532257449242376,NA,NA,0
Parma polylepis,-31.53,159.05,2022,3,18,15,3,-32_159,21.215414365132652,23.80377960205078,21.07836398403277,23.532257449242376,NA,NA,0
Parma polylepis,-31.55,159.06,2022,3,19,20,2,-32_159,21.215414365132652,23.80377960205078,21.07836398403277,23.532257449242376,2004,Lord Howe Island Marine Park,1
Parma polylepis,-31.55,159.06,2022,3,19,25,3,-32_159,21.215414365132652,23.80377960205078,21.07836398403277,23.532257449242376,2004,Lord Howe Island Marine Park,1
Parma polylepis,-31.57,159.1,2022,3,24,20,2,-32_159,21.215414365132652,23.80377960205078,21.07836398403277,23.532257449242376,2004,Lord Howe Island Marine Park,1
Parma polylepis,-31.57,159.1,2022,3,24,25,2,-32_159,21.215414365132652,23.80377960205078,21.07836398403277,23.532257449242376,2004,Lord Howe Island Marine Park,1
Parma polylepis,-31.52,159.08,2022,3,19,15,1,-32_159,21.215414365132652,23.80377960205078,21.07836398403277,23.532257449242376,NA,NA,0
Parma polylepis,-31.52,159.08,2022,3,19,20,1,-32_159,21.215414365132652,23.80377960205078,21.07836398403277,23.532257449242376,NA,NA,0
Parma polylepis,-31.52,159.08,2022,3,19,12.5,1,-32_159,21.215414365132652,23.80377960205078,21.07836398403277,23.532257449242376,NA,NA,0
Parma polylepis,-31.52,159.08,2022,3,19,15,2,-32_159,21.215414365132652,23.80377960205078,21.07836398403277,23.532257449242376,NA,NA,0
Parma polylepis,-31.52,159.08,2022,3,19,20,2,-32_159,21.215414365132652,23.80377960205078,21.07836398403277,23.532257449242376,NA,NA,0
Parma polylepis,-31.5,159.07,2022,3,22,10,1,-32_159,21.215414365132652,23.80377960205078,21.07836398403277,23.532257449242376,2004,Lord Howe Island Marine Park,1
Parma polylepis,-31.5,159.07,2022,3,22,12.5,1,-32_159,21.215414365132652,23.80377960205078,21.07836398403277,23.532257449242376,2004,Lord Howe Island Marine Park,1
Parma polylepis,-31.5,159.07,2022,3,22,20,2,-32_159,21.215414365132652,23.80377960205078,21.07836398403277,23.532257449242376,2004,Lord Howe Island Marine Park,1
Parma polylepis,-31.5,159.07,2022,3,22,25,2,-32_159,21.215414365132652,23.80377960205078,21.07836398403277,23.532257449242376,2004,Lord Howe Island Marine Park,1
Parma polylepis,-31.5,159.07,2022,3,22,15,1,-32_159,21.215414365132652,23.80377960205078,21.07836398403277,23.532257449242376,2004,Lord Howe Island Marine Park,1
Parma polylepis,-31.51,159.04,2022,3,15,20,2,-32_159,21.215414365132652,23.80377960205078,21.07836398403277,23.532257449242376,NA,NA,0
Parma polylepis,-31.51,159.04,2022,3,15,25,3,-32_159,21.215414365132652,23.80377960205078,21.07836398403277,23.532257449242376,NA,NA,0
Parma polylepis,-31.51,159.04,2022,3,15,15,1,-32_159,21.215414365132652,23.80377960205078,21.07836398403277,23.532257449242376,NA,NA,0
Parma polylepis,-31.51,159.06,2022,3,15,12.5,1,-32_159,21.215414365132652,23.80377960205078,21.07836398403277,23.532257449242376,2004,Lord Howe Island Marine Park,1
Parma polylepis,-31.51,159.06,2022,3,15,15,3,-32_159,21.215414365132652,23.80377960205078,21.07836398403277,23.532257449242376,2004,Lord Howe Island Marine Park,1
Parma polylepis,-31.51,159.06,2022,3,15,20,3,-32_159,21.215414365132652,23.80377960205078,21.07836398403277,23.532257449242376,2004,Lord Howe Island Marine Park,1
Parma polylepis,-31.51,159.06,2022,3,15,10,1,-32_159,21.215414365132652,23.80377960205078,21.07836398403277,23.532257449242376,2004,Lord Howe Island Marine Park,1
Parma polylepis,-31.51,159.06,2022,3,15,15,2,-32_159,21.215414365132652,23.80377960205078,21.07836398403277,23.532257449242376,2004,Lord Howe Island Marine Park,1
Parma polylepis,-31.51,159.05,2022,3,15,12.5,3,-32_159,21.215414365132652,23.80377960205078,21.07836398403277,23.532257449242376,2004,Lord Howe Island Marine Park,1
Parma polylepis,-31.51,159.05,2022,3,15,15,4,-32_159,21.215414365132652,23.80377960205078,21.07836398403277,23.532257449242376,2004,Lord Howe Island Marine Park,1
Parma polylepis,-31.51,159.05,2022,3,15,12.5,1,-32_159,21.215414365132652,23.80377960205078,21.07836398403277,23.532257449242376,2004,Lord Howe Island Marine Park,1
Parma polylepis,-31.51,159.05,2022,3,15,15,2,-32_159,21.215414365132652,23.80377960205078,21.07836398403277,23.532257449242376,2004,Lord Howe Island Marine Park,1
Parma polylepis,-31.51,159.05,2022,3,15,20,2,-32_159,21.215414365132652,23.80377960205078,21.07836398403277,23.532257449242376,2004,Lord Howe Island Marine Park,1
Parma polylepis,-31.55,159.07,2022,3,17,10,1,-32_159,21.215414365132652,23.80377960205078,21.07836398403277,23.532257449242376,NA,NA,0
Parma polylepis,-31.55,159.07,2022,3,17,12.5,2,-32_159,21.215414365132652,23.80377960205078,21.07836398403277,23.532257449242376,NA,NA,0
Parma polylepis,-31.55,159.07,2022,3,17,15,5,-32_159,21.215414365132652,23.80377960205078,21.07836398403277,23.532257449242376,NA,NA,0
Parma polylepis,-31.55,159.07,2022,3,17,7.5,2,-32_159,21.215414365132652,23.80377960205078,21.07836398403277,23.532257449242376,NA,NA,0
Parma polylepis,-31.55,159.07,2022,3,17,15,4,-32_159,21.215414365132652,23.80377960205078,21.07836398403277,23.532257449242376,NA,NA,0
Parma polylepis,-31.55,159.07,2022,3,17,20,2,-32_159,21.215414365132652,23.80377960205078,21.07836398403277,23.532257449242376,NA,NA,0
Parma polylepis,-31.52,159.04,2022,3,24,12.5,3,-32_159,21.215414365132652,23.80377960205078,21.07836398403277,23.532257449242376,2004,Lord Howe Island Marine Park,1
Parma polylepis,-31.52,159.04,2022,3,24,15,4,-32_159,21.215414365132652,23.80377960205078,21.07836398403277,23.532257449242376,2004,Lord Howe Island Marine Park,1
Parma polylepis,-31.52,159.04,2022,3,24,20,4,-32_159,21.215414365132652,23.80377960205078,21.07836398403277,23.532257449242376,2004,Lord Howe Island Marine Park,1
Parma polylepis,-31.52,159.04,2022,3,24,12.5,5,-32_159,21.215414365132652,23.80377960205078,21.07836398403277,23.532257449242376,2004,Lord Howe Island Marine Park,1
Parma polylepis,-31.52,159.04,2022,3,24,15,5,-32_159,21.215414365132652,23.80377960205078,21.07836398403277,23.532257449242376,2004,Lord Howe Island Marine Park,1
Parma polylepis,-31.52,159.04,2022,3,24,20,3,-32_159,21.215414365132652,23.80377960205078,21.07836398403277,23.532257449242376,2004,Lord Howe Island Marine Park,1
Parma polylepis,-31.52,159.05,2022,3,14,25,1,-32_159,21.215414365132652,23.80377960205078,21.07836398403277,23.532257449242376,2004,Lord Howe Island Marine Park,1
Parma polylepis,-31.52,159.05,2022,3,14,15,3,-32_159,21.215414365132652,23.80377960205078,21.07836398403277,23.532257449242376,2004,Lord Howe Island Marine Park,1
Parma polylepis,-31.52,159.05,2022,3,14,20,1,-32_159,21.215414365132652,23.80377960205078,21.07836398403277,23.532257449242376,2004,Lord Howe Island Marine Park,1
Parma polylepis,-31.5,159.07,2022,3,22,7.5,6,-32_159,21.215414365132652,23.80377960205078,21.07836398403277,23.532257449242376,2004,Lord Howe Island Marine Park,1
Parma polylepis,-31.5,159.07,2022,3,22,20,10,-32_159,21.215414365132652,23.80377960205078,21.07836398403277,23.532257449242376,2004,Lord Howe Island Marine Park,1
Parma polylepis,-31.5,159.07,2022,3,16,5,2,-32_159,21.215414365132652,23.80377960205078,21.07836398403277,23.532257449242376,NA,NA,0
Parma polylepis,-31.5,159.07,2022,3,16,7.5,3,-32_159,21.215414365132652,23.80377960205078,21.07836398403277,23.532257449242376,NA,NA,0
Parma polylepis,-31.5,159.07,2022,3,22,12.5,2,-32_159,21.215414365132652,23.80377960205078,21.07836398403277,23.532257449242376,2004,Lord Howe Island Marine Park,1
Parma polylepis,-31.5,159.07,2022,3,22,15,4,-32_159,21.215414365132652,23.80377960205078,21.07836398403277,23.532257449242376,2004,Lord Howe Island Marine Park,1
Parma polylepis,-31.5,159.07,2022,3,22,20,3,-32_159,21.215414365132652,23.80377960205078,21.07836398403277,23.532257449242376,2004,Lord Howe Island Marine Park,1
Parma polylepis,-31.52,159.04,2022,3,24,5,1,-32_159,21.215414365132652,23.80377960205078,21.07836398403277,23.532257449242376,2004,Lord Howe Island Marine Park,1
Parma polylepis,-31.52,159.04,2022,3,24,12.5,2,-32_159,21.215414365132652,23.80377960205078,21.07836398403277,23.532257449242376,2004,Lord Howe Island Marine Park,1
Parma polylepis,-31.52,159.04,2022,3,24,15,4,-32_159,21.215414365132652,23.80377960205078,21.07836398403277,23.532257449242376,2004,Lord Howe Island Marine Park,1
Parma polylepis,-31.52,159.04,2022,3,24,12.5,3,-32_159,21.215414365132652,23.80377960205078,21.07836398403277,23.532257449242376,2004,Lord Howe Island Marine Park,1
Parma polylepis,-31.52,159.04,2022,3,24,15,1,-32_159,21.215414365132652,23.80377960205078,21.07836398403277,23.532257449242376,2004,Lord Howe Island Marine Park,1
Parma polylepis,-31.76,159.24,2022,3,23,15,1,-32_159,21.215414365132652,23.80377960205078,21.07836398403277,23.532257449242376,NA,NA,0
Parma polylepis,-31.5,159.07,2022,3,16,7.5,1,-32_159,21.215414365132652,23.80377960205078,21.07836398403277,23.532257449242376,NA,NA,0
Parma polylepis,-31.5,159.07,2022,3,16,12.5,1,-32_159,21.215414365132652,23.80377960205078,21.07836398403277,23.532257449242376,NA,NA,0
Parma polylepis,-31.5,159.07,2022,3,16,15,1,-32_159,21.215414365132652,23.80377960205078,21.07836398403277,23.532257449242376,NA,NA,0
Parma polylepis,-31.51,159.04,2022,3,15,20,2,-32_159,21.215414365132652,23.80377960205078,21.07836398403277,23.532257449242376,NA,NA,0
Parma polylepis,-31.51,159.04,2022,3,15,25,2,-32_159,21.215414365132652,23.80377960205078,21.07836398403277,23.532257449242376,NA,NA,0
Parma polylepis,-31.5,159.07,2022,3,16,20,3,-32_159,21.215414365132652,23.80377960205078,21.07836398403277,23.532257449242376,NA,NA,0
Parma polylepis,-31.5,159.07,2022,3,16,20,2,-32_159,21.215414365132652,23.80377960205078,21.07836398403277,23.532257449242376,NA,NA,0
Parma polylepis,-31.55,159.06,2022,3,18,15,1,-32_159,21.215414365132652,23.80377960205078,21.07836398403277,23.532257449242376,2004,Lord Howe Island Marine Park,1
Parma polylepis,-31.56,159.07,2022,3,17,20,2,-32_159,21.215414365132652,23.80377960205078,21.07836398403277,23.532257449242376,NA,NA,0
Parma polylepis,-31.56,159.07,2022,3,17,25,4,-32_159,21.215414365132652,23.80377960205078,21.07836398403277,23.532257449242376,NA,NA,0
Parma polylepis,-31.56,159.07,2022,3,17,20,3,-32_159,21.215414365132652,23.80377960205078,21.07836398403277,23.532257449242376,NA,NA,0
Parma polylepis,-31.51,159.04,2022,3,15,12.5,1,-32_159,21.215414365132652,23.80377960205078,21.07836398403277,23.532257449242376,NA,NA,0
Parma polylepis,-31.51,159.04,2022,3,15,15,2,-32_159,21.215414365132652,23.80377960205078,21.07836398403277,23.532257449242376,NA,NA,0
Parma polylepis,-31.51,159.04,2022,3,15,15,4,-32_159,21.215414365132652,23.80377960205078,21.07836398403277,23.532257449242376,NA,NA,0
Parma polylepis,-31.51,159.04,2022,3,15,20,1,-32_159,21.215414365132652,23.80377960205078,21.07836398403277,23.532257449242376,NA,NA,0
Parma polylepis,-31.5,159.07,2022,3,22,7.5,1,-32_159,21.215414365132652,23.80377960205078,21.07836398403277,23.532257449242376,2004,Lord Howe Island Marine Park,1
Parma polylepis,-31.5,159.07,2022,3,22,10,2,-32_159,21.215414365132652,23.80377960205078,21.07836398403277,23.532257449242376,2004,Lord Howe Island Marine Park,1
Parma polylepis,-31.5,159.07,2022,3,22,12.5,1,-32_159,21.215414365132652,23.80377960205078,21.07836398403277,23.532257449242376,2004,Lord Howe Island Marine Park,1
Parma polylepis,-31.5,159.07,2022,3,22,15,4,-32_159,21.215414365132652,23.80377960205078,21.07836398403277,23.532257449242376,2004,Lord Howe Island Marine Park,1
Parma polylepis,-31.5,159.07,2022,3,22,15,5,-32_159,21.215414365132652,23.80377960205078,21.07836398403277,23.532257449242376,2004,Lord Howe Island Marine Park,1
Parma polylepis,-31.5,159.06,2022,3,21,15,2,-32_159,21.215414365132652,23.80377960205078,21.07836398403277,23.532257449242376,2004,Lord Howe Island Marine Park,1
Parma polylepis,-31.5,159.06,2022,3,21,20,2,-32_159,21.215414365132652,23.80377960205078,21.07836398403277,23.532257449242376,2004,Lord Howe Island Marine Park,1
Parma polylepis,-31.52,159.05,2022,3,14,7.5,1,-32_159,21.215414365132652,23.80377960205078,21.07836398403277,23.532257449242376,2004,Lord Howe Island Marine Park,1
Parma polylepis,-31.52,159.05,2022,3,14,10,1,-32_159,21.215414365132652,23.80377960205078,21.07836398403277,23.532257449242376,2004,Lord Howe Island Marine Park,1
Parma polylepis,-31.52,159.05,2022,3,14,15,1,-32_159,21.215414365132652,23.80377960205078,21.07836398403277,23.532257449242376,2004,Lord Howe Island Marine Park,1
Parma polylepis,-31.52,159.05,2022,3,14,20,1,-32_159,21.215414365132652,23.80377960205078,21.07836398403277,23.532257449242376,2004,Lord Howe Island Marine Park,1
Parma polylepis,-31.58,159.07,2022,3,25,7.5,1,-32_159,21.215414365132652,23.80377960205078,21.07836398403277,23.532257449242376,NA,NA,0
Parma polylepis,-31.58,159.07,2022,3,25,10,2,-32_159,21.215414365132652,23.80377960205078,21.07836398403277,23.532257449242376,NA,NA,0
Parma polylepis,-31.58,159.07,2022,3,25,12.5,1,-32_159,21.215414365132652,23.80377960205078,21.07836398403277,23.532257449242376,NA,NA,0
Parma polylepis,-31.58,159.07,2022,3,25,15,1,-32_159,21.215414365132652,23.80377960205078,21.07836398403277,23.532257449242376,NA,NA,0
Parma polylepis,-31.58,159.07,2022,3,25,20,1,-32_159,21.215414365132652,23.80377960205078,21.07836398403277,23.532257449242376,NA,NA,0
Parma polylepis,-31.58,159.07,2022,3,25,25,1,-32_159,21.215414365132652,23.80377960205078,21.07836398403277,23.532257449242376,NA,NA,0
Parma polylepis,-31.58,159.07,2022,3,25,20,3,-32_159,21.215414365132652,23.80377960205078,21.07836398403277,23.532257449242376,NA,NA,0
Parma polylepis,-31.5,159.06,2022,3,21,15,1,-32_159,21.215414365132652,23.80377960205078,21.07836398403277,23.532257449242376,2004,Lord Howe Island Marine Park,1
Parma polylepis,-31.54,159.11,2022,3,24,25,2,-32_159,21.215414365132652,23.80377960205078,21.07836398403277,23.532257449242376,NA,NA,0
Parma polylepis,-31.54,159.11,2022,3,24,20,2,-32_159,21.215414365132652,23.80377960205078,21.07836398403277,23.532257449242376,NA,NA,0
Parma polylepis,-31.5,159.07,2022,3,22,5,2,-32_159,21.215414365132652,23.80377960205078,21.07836398403277,23.532257449242376,2004,Lord Howe Island Marine Park,1
Parma polylepis,-31.55,159.06,2022,3,19,15,15,-32_159,21.215414365132652,23.80377960205078,21.07836398403277,23.532257449242376,2004,Lord Howe Island Marine Park,1
Parma polylepis,-31.55,159.06,2022,3,19,20,15,-32_159,21.215414365132652,23.80377960205078,21.07836398403277,23.532257449242376,2004,Lord Howe Island Marine Park,1
Parma polylepis,-31.5,159.07,2022,3,22,7.5,3,-32_159,21.215414365132652,23.80377960205078,21.07836398403277,23.532257449242376,2004,Lord Howe Island Marine Park,1
Parma polylepis,-31.5,159.07,2022,3,22,15,1,-32_159,21.215414365132652,23.80377960205078,21.07836398403277,23.532257449242376,2004,Lord Howe Island Marine Park,1
Parma polylepis,-31.55,159.06,2022,3,19,15,5,-32_159,21.215414365132652,23.80377960205078,21.07836398403277,23.532257449242376,2004,Lord Howe Island Marine Park,1
Parma polylepis,-31.55,159.06,2022,3,19,20,5,-32_159,21.215414365132652,23.80377960205078,21.07836398403277,23.532257449242376,2004,Lord Howe Island Marine Park,1
Parma polylepis,-31.52,159.03,2022,3,24,15,2,-32_159,21.215414365132652,23.80377960205078,21.07836398403277,23.532257449242376,NA,NA,0
Parma polylepis,-31.52,159.03,2022,3,24,20,2,-32_159,21.215414365132652,23.80377960205078,21.07836398403277,23.532257449242376,NA,NA,0
Parma polylepis,-31.52,159.03,2022,3,24,20,3,-32_159,21.215414365132652,23.80377960205078,21.07836398403277,23.532257449242376,NA,NA,0
Parma polylepis,-31.5,159.07,2022,3,22,12.5,1,-32_159,21.215414365132652,23.80377960205078,21.07836398403277,23.532257449242376,2004,Lord Howe Island Marine Park,1
Parma polylepis,-31.5,159.07,2022,3,22,15,3,-32_159,21.215414365132652,23.80377960205078,21.07836398403277,23.532257449242376,2004,Lord Howe Island Marine Park,1
Parma polylepis,-31.55,159.07,2022,3,17,10,1,-32_159,21.215414365132652,23.80377960205078,21.07836398403277,23.532257449242376,NA,NA,0
Parma polylepis,-31.55,159.07,2022,3,17,10,2,-32_159,21.215414365132652,23.80377960205078,21.07836398403277,23.532257449242376,NA,NA,0
Parma polylepis,-31.55,159.07,2022,3,17,15,2,-32_159,21.215414365132652,23.80377960205078,21.07836398403277,23.532257449242376,NA,NA,0
Parma polylepis,-31.55,159.07,2022,3,17,20,1,-32_159,21.215414365132652,23.80377960205078,21.07836398403277,23.532257449242376,NA,NA,0
Parma polylepis,-31.55,159.07,2022,3,17,15,3,-32_159,21.215414365132652,23.80377960205078,21.07836398403277,23.532257449242376,NA,NA,0
Parma polylepis,-31.55,159.07,2022,3,17,20,2,-32_159,21.215414365132652,23.80377960205078,21.07836398403277,23.532257449242376,NA,NA,0
Parma polylepis,-31.57,159.07,2022,3,17,5,1,-32_159,21.215414365132652,23.80377960205078,21.07836398403277,23.532257449242376,NA,NA,0
Parma polylepis,-31.57,159.07,2022,3,17,7.5,1,-32_159,21.215414365132652,23.80377960205078,21.07836398403277,23.532257449242376,NA,NA,0
Parma polylepis,-31.57,159.07,2022,3,17,20,3,-32_159,21.215414365132652,23.80377960205078,21.07836398403277,23.532257449242376,NA,NA,0
Parma polylepis,-31.57,159.07,2022,3,17,15,1,-32_159,21.215414365132652,23.80377960205078,21.07836398403277,23.532257449242376,NA,NA,0
Parma polylepis,-31.5,159.06,2022,3,21,15,1,-32_159,21.215414365132652,23.80377960205078,21.07836398403277,23.532257449242376,2004,Lord Howe Island Marine Park,1
Parma polylepis,-31.5,159.06,2022,3,21,12.5,2,-32_159,21.215414365132652,23.80377960205078,21.07836398403277,23.532257449242376,2004,Lord Howe Island Marine Park,1
Parma polylepis,-31.5,159.06,2022,3,21,15,2,-32_159,21.215414365132652,23.80377960205078,21.07836398403277,23.532257449242376,2004,Lord Howe Island Marine Park,1
Parma polylepis,-31.52,159.05,2022,3,16,15,1,-32_159,21.215414365132652,23.80377960205078,21.07836398403277,23.532257449242376,2004,Lord Howe Island Marine Park,1
Parma polylepis,-31.52,159.05,2022,3,16,15,2,-32_159,21.215414365132652,23.80377960205078,21.07836398403277,23.532257449242376,2004,Lord Howe Island Marine Park,1
Parma polylepis,-31.5,159.07,2022,3,22,10,3,-32_159,21.215414365132652,23.80377960205078,21.07836398403277,23.532257449242376,2004,Lord Howe Island Marine Park,1
Parma polylepis,-31.5,159.07,2022,3,22,12.5,4,-32_159,21.215414365132652,23.80377960205078,21.07836398403277,23.532257449242376,2004,Lord Howe Island Marine Park,1
Parma polylepis,-31.76,159.24,2022,3,23,20,5,-32_159,21.215414365132652,23.80377960205078,21.07836398403277,23.532257449242376,NA,NA,0
Parma polylepis,-31.76,159.24,2022,3,23,15,3,-32_159,21.215414365132652,23.80377960205078,21.07836398403277,23.532257449242376,NA,NA,0
Parma polylepis,-31.55,159.07,2022,3,17,5,1,-32_159,21.215414365132652,23.80377960205078,21.07836398403277,23.532257449242376,NA,NA,0
Parma polylepis,-31.55,159.07,2022,3,17,20,4,-32_159,21.215414365132652,23.80377960205078,21.07836398403277,23.532257449242376,NA,NA,0
Parma polylepis,-31.55,159.06,2022,3,19,15,3,-32_159,21.215414365132652,23.80377960205078,21.07836398403277,23.532257449242376,2004,Lord Howe Island Marine Park,1
Parma polylepis,-31.55,159.07,2022,3,17,20,2,-32_159,21.215414365132652,23.80377960205078,21.07836398403277,23.532257449242376,NA,NA,0
Parma polylepis,-31.55,159.07,2022,3,17,20,3,-32_159,21.215414365132652,23.80377960205078,21.07836398403277,23.532257449242376,NA,NA,0
Parma polylepis,-31.55,159.07,2022,3,17,25,1,-32_159,21.215414365132652,23.80377960205078,21.07836398403277,23.532257449242376,NA,NA,0
Parma polylepis,-31.6,159.08,2022,3,24,20,1,-32_159,21.215414365132652,23.80377960205078,21.07836398403277,23.532257449242376,2004,Lord Howe Island Marine Park,1
Parma polylepis,-31.6,159.08,2022,3,24,25,1,-32_159,21.215414365132652,23.80377960205078,21.07836398403277,23.532257449242376,2004,Lord Howe Island Marine Park,1
Parma polylepis,-31.52,159.08,2022,3,19,15,1,-32_159,21.215414365132652,23.80377960205078,21.07836398403277,23.532257449242376,NA,NA,0
Parma polylepis,-31.52,159.08,2022,3,19,20,5,-32_159,21.215414365132652,23.80377960205078,21.07836398403277,23.532257449242376,NA,NA,0
Parma polylepis,-31.52,159.08,2022,3,19,25,1,-32_159,21.215414365132652,23.80377960205078,21.07836398403277,23.532257449242376,NA,NA,0
Parma polylepis,-31.52,159.08,2022,3,19,15,2,-32_159,21.215414365132652,23.80377960205078,21.07836398403277,23.532257449242376,NA,NA,0
Parma polylepis,-31.52,159.08,2022,3,19,20,6,-32_159,21.215414365132652,23.80377960205078,21.07836398403277,23.532257449242376,NA,NA,0
Parma polylepis,-31.56,159.07,2022,3,17,12.5,1,-32_159,21.215414365132652,23.80377960205078,21.07836398403277,23.532257449242376,NA,NA,0
Parma polylepis,-31.56,159.07,2022,3,17,15,5,-32_159,21.215414365132652,23.80377960205078,21.07836398403277,23.532257449242376,NA,NA,0
Parma polylepis,-31.56,159.1,2022,3,21,10,1,-32_159,21.215414365132652,23.80377960205078,21.07836398403277,23.532257449242376,NA,NA,0
Parma polylepis,-31.56,159.1,2022,3,21,15,1,-32_159,21.215414365132652,23.80377960205078,21.07836398403277,23.532257449242376,NA,NA,0
Parma polylepis,-31.52,159.07,2022,3,13,10,2,-32_159,21.215414365132652,23.80377960205078,21.07836398403277,23.532257449242376,2004,Lord Howe Island Marine Park,1
Parma polylepis,-31.52,159.07,2022,3,13,12.5,2,-32_159,21.215414365132652,23.80377960205078,21.07836398403277,23.532257449242376,2004,Lord Howe Island Marine Park,1
Parma polylepis,-31.52,159.07,2022,3,13,15,1,-32_159,21.215414365132652,23.80377960205078,21.07836398403277,23.532257449242376,2004,Lord Howe Island Marine Park,1
Parma polylepis,-31.52,159.07,2022,3,13,20,1,-32_159,21.215414365132652,23.80377960205078,21.07836398403277,23.532257449242376,2004,Lord Howe Island Marine Park,1
Parma polylepis,-31.52,159.07,2022,3,13,12.5,5,-32_159,21.215414365132652,23.80377960205078,21.07836398403277,23.532257449242376,2004,Lord Howe Island Marine Park,1
Parma polylepis,-31.52,159.07,2022,3,13,15,4,-32_159,21.215414365132652,23.80377960205078,21.07836398403277,23.532257449242376,2004,Lord Howe Island Marine Park,1
Parma polylepis,-31.52,159.07,2022,3,13,20,2,-32_159,21.215414365132652,23.80377960205078,21.07836398403277,23.532257449242376,2004,Lord Howe Island Marine Park,1
Parma polylepis,-31.5,159.07,2022,3,16,15,2,-32_159,21.215414365132652,23.80377960205078,21.07836398403277,23.532257449242376,NA,NA,0
Parma polylepis,-31.5,159.07,2022,3,16,5,1,-32_159,21.215414365132652,23.80377960205078,21.07836398403277,23.532257449242376,NA,NA,0
Parma polylepis,-31.5,159.07,2022,3,16,12.5,1,-32_159,21.215414365132652,23.80377960205078,21.07836398403277,23.532257449242376,NA,NA,0
Parma polylepis,-31.5,159.07,2022,3,16,20,1,-32_159,21.215414365132652,23.80377960205078,21.07836398403277,23.532257449242376,NA,NA,0
Parma polylepis,-31.51,159.05,2022,3,15,20,1,-32_159,21.215414365132652,23.80377960205078,21.07836398403277,23.532257449242376,2004,Lord Howe Island Marine Park,1
Parma polylepis,-31.51,159.05,2022,3,15,25,2,-32_159,21.215414365132652,23.80377960205078,21.07836398403277,23.532257449242376,2004,Lord Howe Island Marine Park,1
Parma polylepis,-31.51,159.05,2022,3,15,12.5,1,-32_159,21.215414365132652,23.80377960205078,21.07836398403277,23.532257449242376,2004,Lord Howe Island Marine Park,1
Parma polylepis,-31.51,159.05,2022,3,15,15,2,-32_159,21.215414365132652,23.80377960205078,21.07836398403277,23.532257449242376,2004,Lord Howe Island Marine Park,1
Parma polylepis,-31.54,159.07,2022,3,14,15,1,-32_159,21.215414365132652,23.80377960205078,21.07836398403277,23.532257449242376,2004,Lord Howe Island Marine Park,1
Parma polylepis,-31.5,159.07,2022,3,22,20,1,-32_159,21.215414365132652,23.80377960205078,21.07836398403277,23.532257449242376,2004,Lord Howe Island Marine Park,1
Parma polylepis,-31.5,159.07,2022,3,22,25,6,-32_159,21.215414365132652,23.80377960205078,21.07836398403277,23.532257449242376,2004,Lord Howe Island Marine Park,1
Parma polylepis,-31.5,159.07,2022,3,22,15,4,-32_159,21.215414365132652,23.80377960205078,21.07836398403277,23.532257449242376,2004,Lord Howe Island Marine Park,1
Parma polylepis,-31.5,159.07,2022,3,22,20,2,-32_159,21.215414365132652,23.80377960205078,21.07836398403277,23.532257449242376,2004,Lord Howe Island Marine Park,1
Parma polylepis,-31.57,159.07,2022,3,17,20,1,-32_159,21.215414365132652,23.80377960205078,21.07836398403277,23.532257449242376,NA,NA,0
Parma polylepis,-31.57,159.07,2022,3,17,25,1,-32_159,21.215414365132652,23.80377960205078,21.07836398403277,23.532257449242376,NA,NA,0
Parma polylepis,-31.57,159.07,2022,3,17,20,3,-32_159,21.215414365132652,23.80377960205078,21.07836398403277,23.532257449242376,NA,NA,0
Parma polylepis,-31.5,159.06,2022,3,21,20,1,-32_159,21.215414365132652,23.80377960205078,21.07836398403277,23.532257449242376,2004,Lord Howe Island Marine Park,1
Parma polylepis,-31.5,159.06,2022,3,21,25,1,-32_159,21.215414365132652,23.80377960205078,21.07836398403277,23.532257449242376,2004,Lord Howe Island Marine Park,1
Parma polylepis,-31.5,159.06,2022,3,21,15,3,-32_159,21.215414365132652,23.80377960205078,21.07836398403277,23.532257449242376,2004,Lord Howe Island Marine Park,1
Parma polylepis,-31.5,159.06,2022,3,21,20,2,-32_159,21.215414365132652,23.80377960205078,21.07836398403277,23.532257449242376,2004,Lord Howe Island Marine Park,1
Parma polylepis,-31.53,159.05,2022,3,18,15,2,-32_159,21.215414365132652,23.80377960205078,21.07836398403277,23.532257449242376,NA,NA,0
Parma polylepis,-31.53,159.05,2022,3,18,20,3,-32_159,21.215414365132652,23.80377960205078,21.07836398403277,23.532257449242376,NA,NA,0
Parma polylepis,-31.51,159.06,2022,3,15,10,1,-32_159,21.215414365132652,23.80377960205078,21.07836398403277,23.532257449242376,2004,Lord Howe Island Marine Park,1
Parma polylepis,-31.51,159.06,2022,3,15,12.5,1,-32_159,21.215414365132652,23.80377960205078,21.07836398403277,23.532257449242376,2004,Lord Howe Island Marine Park,1
Parma polylepis,-31.51,159.06,2022,3,15,15,1,-32_159,21.215414365132652,23.80377960205078,21.07836398403277,23.532257449242376,2004,Lord Howe Island Marine Park,1
Parma polylepis,-31.51,159.06,2022,3,15,20,2,-32_159,21.215414365132652,23.80377960205078,21.07836398403277,23.532257449242376,2004,Lord Howe Island Marine Park,1
Parma polylepis,-31.51,159.06,2022,3,15,25,1,-32_159,21.215414365132652,23.80377960205078,21.07836398403277,23.532257449242376,2004,Lord Howe Island Marine Park,1
Parma polylepis,-31.51,159.06,2022,3,15,15,2,-32_159,21.215414365132652,23.80377960205078,21.07836398403277,23.532257449242376,2004,Lord Howe Island Marine Park,1
Parma polylepis,-31.58,159.07,2022,3,25,12.5,2,-32_159,21.215414365132652,23.80377960205078,21.07836398403277,23.532257449242376,NA,NA,0
Parma polylepis,-31.58,159.07,2022,3,25,15,4,-32_159,21.215414365132652,23.80377960205078,21.07836398403277,23.532257449242376,NA,NA,0
Parma polylepis,-31.58,159.07,2022,3,25,7.5,1,-32_159,21.215414365132652,23.80377960205078,21.07836398403277,23.532257449242376,NA,NA,0
Parma polylepis,-31.58,159.07,2022,3,25,12.5,1,-32_159,21.215414365132652,23.80377960205078,21.07836398403277,23.532257449242376,NA,NA,0
Parma polylepis,-31.58,159.07,2022,3,25,15,3,-32_159,21.215414365132652,23.80377960205078,21.07836398403277,23.532257449242376,NA,NA,0
Parma polylepis,-31.51,159.04,2022,3,15,20,3,-32_159,21.215414365132652,23.80377960205078,21.07836398403277,23.532257449242376,NA,NA,0
Parma polylepis,-31.51,159.04,2022,3,15,25,2,-32_159,21.215414365132652,23.80377960205078,21.07836398403277,23.532257449242376,NA,NA,0
Parma polylepis,-31.75,159.24,2022,3,23,25,4,-32_159,21.215414365132652,23.80377960205078,21.07836398403277,23.532257449242376,2004,Lord Howe Island Marine Park,1
Parma polylepis,-31.75,159.24,2022,3,23,2.5,1,-32_159,21.215414365132652,23.80377960205078,21.07836398403277,23.532257449242376,2004,Lord Howe Island Marine Park,1
Parma polylepis,-31.75,159.24,2022,3,23,5,3,-32_159,21.215414365132652,23.80377960205078,21.07836398403277,23.532257449242376,2004,Lord Howe Island Marine Park,1
Parma polylepis,-31.75,159.24,2022,3,23,15,2,-32_159,21.215414365132652,23.80377960205078,21.07836398403277,23.532257449242376,2004,Lord Howe Island Marine Park,1
Parma polylepis,-31.75,159.24,2022,3,23,20,1,-32_159,21.215414365132652,23.80377960205078,21.07836398403277,23.532257449242376,2004,Lord Howe Island Marine Park,1
Parma polylepis,-31.53,159.06,2022,3,13,15,2,-32_159,21.215414365132652,23.80377960205078,21.07836398403277,23.532257449242376,NA,NA,0
Parma polylepis,-31.53,159.06,2022,3,13,20,3,-32_159,21.215414365132652,23.80377960205078,21.07836398403277,23.532257449242376,NA,NA,0
Parma polylepis,-31.53,159.06,2022,3,13,25,2,-32_159,21.215414365132652,23.80377960205078,21.07836398403277,23.532257449242376,NA,NA,0
Parma polylepis,-31.53,159.06,2022,3,13,20,2,-32_159,21.215414365132652,23.80377960205078,21.07836398403277,23.532257449242376,NA,NA,0
Parma polylepis,-31.55,159.06,2022,3,18,15,1,-32_159,21.215414365132652,23.80377960205078,21.07836398403277,23.532257449242376,2004,Lord Howe Island Marine Park,1
Parma polylepis,-31.55,159.06,2022,3,18,20,2,-32_159,21.215414365132652,23.80377960205078,21.07836398403277,23.532257449242376,2004,Lord Howe Island Marine Park,1
Parma polylepis,-31.55,159.06,2022,3,18,5,1,-32_159,21.215414365132652,23.80377960205078,21.07836398403277,23.532257449242376,2004,Lord Howe Island Marine Park,1
Parma polylepis,-31.55,159.06,2022,3,18,7.5,1,-32_159,21.215414365132652,23.80377960205078,21.07836398403277,23.532257449242376,2004,Lord Howe Island Marine Park,1
Parma polylepis,-31.55,159.06,2022,3,18,15,4,-32_159,21.215414365132652,23.80377960205078,21.07836398403277,23.532257449242376,2004,Lord Howe Island Marine Park,1
Parma polylepis,-31.55,159.06,2022,3,19,15,10,-32_159,21.215414365132652,23.80377960205078,21.07836398403277,23.532257449242376,2004,Lord Howe Island Marine Park,1
Parma polylepis,-31.52,159.03,2022,3,24,15,1,-32_159,21.215414365132652,23.80377960205078,21.07836398403277,23.532257449242376,NA,NA,0
Parma polylepis,-31.52,159.03,2022,3,24,15,3,-32_159,21.215414365132652,23.80377960205078,21.07836398403277,23.532257449242376,NA,NA,0
Parma polylepis,-31.52,159.03,2022,3,24,20,3,-32_159,21.215414365132652,23.80377960205078,21.07836398403277,23.532257449242376,NA,NA,0
Parma polylepis,-31.75,159.24,2022,3,23,12.5,1,-32_159,21.215414365132652,23.80377960205078,21.07836398403277,23.532257449242376,2004,Lord Howe Island Marine Park,1
Parma polylepis,-31.75,159.24,2022,3,23,15,1,-32_159,21.215414365132652,23.80377960205078,21.07836398403277,23.532257449242376,2004,Lord Howe Island Marine Park,1
Parma polylepis,-31.5,159.07,2022,3,22,12.5,1,-32_159,21.215414365132652,23.80377960205078,21.07836398403277,23.532257449242376,2004,Lord Howe Island Marine Park,1
Parma polylepis,-31.5,159.07,2022,3,22,15,2,-32_159,21.215414365132652,23.80377960205078,21.07836398403277,23.532257449242376,2004,Lord Howe Island Marine Park,1
Parma polylepis,-31.5,159.07,2022,3,22,15,1,-32_159,21.215414365132652,23.80377960205078,21.07836398403277,23.532257449242376,2004,Lord Howe Island Marine Park,1
Parma polylepis,-31.55,159.06,2022,3,19,15,8,-32_159,21.215414365132652,23.80377960205078,21.07836398403277,23.532257449242376,2004,Lord Howe Island Marine Park,1
Parma polylepis,-31.5,159.07,2022,3,16,10,1,-32_159,21.215414365132652,23.80377960205078,21.07836398403277,23.532257449242376,NA,NA,0
Parma polylepis,-31.5,159.07,2022,3,16,12.5,1,-32_159,21.215414365132652,23.80377960205078,21.07836398403277,23.532257449242376,NA,NA,0
Parma polylepis,-31.5,159.07,2022,3,16,15,3,-32_159,21.215414365132652,23.80377960205078,21.07836398403277,23.532257449242376,NA,NA,0
Parma polylepis,-31.5,159.07,2022,3,16,20,1,-32_159,21.215414365132652,23.80377960205078,21.07836398403277,23.532257449242376,NA,NA,0
Parma polylepis,-31.57,159.1,2022,3,24,15,1,-32_159,21.215414365132652,23.80377960205078,21.07836398403277,23.532257449242376,2004,Lord Howe Island Marine Park,1
Parma polylepis,-31.57,159.1,2022,3,24,20,4,-32_159,21.215414365132652,23.80377960205078,21.07836398403277,23.532257449242376,2004,Lord Howe Island Marine Park,1
Parma polylepis,-31.57,159.1,2022,3,24,25,1,-32_159,21.215414365132652,23.80377960205078,21.07836398403277,23.532257449242376,2004,Lord Howe Island Marine Park,1
Parma polylepis,-31.57,159.1,2022,3,24,15,3,-32_159,21.215414365132652,23.80377960205078,21.07836398403277,23.532257449242376,2004,Lord Howe Island Marine Park,1
Parma polylepis,-31.57,159.1,2022,3,24,20,2,-32_159,21.215414365132652,23.80377960205078,21.07836398403277,23.532257449242376,2004,Lord Howe Island Marine Park,1
Parma polylepis,-31.52,159.04,2022,3,18,5,1,-32_159,21.215414365132652,23.80377960205078,21.07836398403277,23.532257449242376,NA,NA,0
Parma polylepis,-31.52,159.04,2022,3,18,12.5,2,-32_159,21.215414365132652,23.80377960205078,21.07836398403277,23.532257449242376,NA,NA,0
Parma polylepis,-31.52,159.04,2022,3,18,15,3,-32_159,21.215414365132652,23.80377960205078,21.07836398403277,23.532257449242376,NA,NA,0
Parma polylepis,-31.52,159.04,2022,3,18,20,7,-32_159,21.215414365132652,23.80377960205078,21.07836398403277,23.532257449242376,NA,NA,0
Parma polylepis,-31.52,159.04,2022,3,18,20,4,-32_159,21.215414365132652,23.80377960205078,21.07836398403277,23.532257449242376,NA,NA,0
Parma polylepis,-31.56,159.1,2022,3,21,7.5,1,-32_159,21.215414365132652,23.80377960205078,21.07836398403277,23.532257449242376,NA,NA,0
Parma polylepis,-31.56,159.1,2022,3,21,15,3,-32_159,21.215414365132652,23.80377960205078,21.07836398403277,23.532257449242376,NA,NA,0
Parma polylepis,-31.56,159.1,2022,3,21,20,3,-32_159,21.215414365132652,23.80377960205078,21.07836398403277,23.532257449242376,NA,NA,0
Parma polylepis,-31.58,159.07,2022,3,25,20,10,-32_159,21.215414365132652,23.80377960205078,21.07836398403277,23.532257449242376,NA,NA,0
Parma polylepis,-31.58,159.07,2022,3,25,20,5,-32_159,21.215414365132652,23.80377960205078,21.07836398403277,23.532257449242376,NA,NA,0
Parma polylepis,-31.56,159.07,2022,3,17,15,1,-32_159,21.215414365132652,23.80377960205078,21.07836398403277,23.532257449242376,NA,NA,0
Parma polylepis,-31.56,159.07,2022,3,17,15,2,-32_159,21.215414365132652,23.80377960205078,21.07836398403277,23.532257449242376,NA,NA,0
Parma polylepis,-31.56,159.07,2022,3,17,20,2,-32_159,21.215414365132652,23.80377960205078,21.07836398403277,23.532257449242376,NA,NA,0
Parma polylepis,-31.52,159.03,2022,3,24,12.5,2,-32_159,21.215414365132652,23.80377960205078,21.07836398403277,23.532257449242376,NA,NA,0
Parma polylepis,-31.52,159.03,2022,3,24,15,4,-32_159,21.215414365132652,23.80377960205078,21.07836398403277,23.532257449242376,NA,NA,0
Parma polylepis,-31.5,159.07,2022,3,22,20,2,-32_159,21.215414365132652,23.80377960205078,21.07836398403277,23.532257449242376,2004,Lord Howe Island Marine Park,1
Parma polylepis,-31.5,159.07,2022,3,22,25,2,-32_159,21.215414365132652,23.80377960205078,21.07836398403277,23.532257449242376,2004,Lord Howe Island Marine Park,1
Parma polylepis,-31.5,159.07,2022,3,22,20,3,-32_159,21.215414365132652,23.80377960205078,21.07836398403277,23.532257449242376,2004,Lord Howe Island Marine Park,1
Parma polylepis,-31.5,159.07,2022,3,22,25,3,-32_159,21.215414365132652,23.80377960205078,21.07836398403277,23.532257449242376,2004,Lord Howe Island Marine Park,1
Parma polylepis,-31.51,159.07,2022,3,19,15,2,-32_159,21.215414365132652,23.80377960205078,21.07836398403277,23.532257449242376,2004,Lord Howe Island Marine Park,1
Parma polylepis,-31.51,159.07,2022,3,19,20,3,-32_159,21.215414365132652,23.80377960205078,21.07836398403277,23.532257449242376,2004,Lord Howe Island Marine Park,1
Parma polylepis,-31.51,159.07,2022,3,19,10,3,-32_159,21.215414365132652,23.80377960205078,21.07836398403277,23.532257449242376,2004,Lord Howe Island Marine Park,1
Parma polylepis,-31.51,159.07,2022,3,19,20,2,-32_159,21.215414365132652,23.80377960205078,21.07836398403277,23.532257449242376,2004,Lord Howe Island Marine Park,1
Parma polylepis,-31.51,159.07,2022,3,19,25,1,-32_159,21.215414365132652,23.80377960205078,21.07836398403277,23.532257449242376,2004,Lord Howe Island Marine Park,1
Parma polylepis,-31.51,159.07,2022,3,19,30,2,-32_159,21.215414365132652,23.80377960205078,21.07836398403277,23.532257449242376,2004,Lord Howe Island Marine Park,1
Parma polylepis,-31.54,159.11,2022,3,24,2.5,1,-32_159,21.215414365132652,23.80377960205078,21.07836398403277,23.532257449242376,NA,NA,0
Parma polylepis,-31.54,159.11,2022,3,24,5,2,-32_159,21.215414365132652,23.80377960205078,21.07836398403277,23.532257449242376,NA,NA,0
Parma polylepis,-31.54,159.11,2022,3,24,12.5,2,-32_159,21.215414365132652,23.80377960205078,21.07836398403277,23.532257449242376,NA,NA,0
Parma polylepis,-31.54,159.11,2022,3,24,15,1,-32_159,21.215414365132652,23.80377960205078,21.07836398403277,23.532257449242376,NA,NA,0
Parma polylepis,-31.54,159.11,2022,3,24,20,1,-32_159,21.215414365132652,23.80377960205078,21.07836398403277,23.532257449242376,NA,NA,0
Parma polylepis,-31.55,159.06,2022,3,18,20,5,-32_159,21.215414365132652,23.80377960205078,21.07836398403277,23.532257449242376,2004,Lord Howe Island Marine Park,1
Parma polylepis,-31.55,159.06,2022,3,18,25,5,-32_159,21.215414365132652,23.80377960205078,21.07836398403277,23.532257449242376,2004,Lord Howe Island Marine Park,1
Parma polylepis,-31.55,159.06,2022,3,18,20,3,-32_159,21.215414365132652,23.80377960205078,21.07836398403277,23.532257449242376,2004,Lord Howe Island Marine Park,1
Parma polylepis,-31.55,159.06,2022,3,18,25,4,-32_159,21.215414365132652,23.80377960205078,21.07836398403277,23.532257449242376,2004,Lord Howe Island Marine Park,1
Parma polylepis,-31.55,159.06,2022,3,19,15,2,-32_159,21.215414365132652,23.80377960205078,21.07836398403277,23.532257449242376,2004,Lord Howe Island Marine Park,1
Parma polylepis,-31.52,159.07,2022,3,13,15,5,-32_159,21.215414365132652,23.80377960205078,21.07836398403277,23.532257449242376,2004,Lord Howe Island Marine Park,1
Parma polylepis,-31.52,159.07,2022,3,13,20,7,-32_159,21.215414365132652,23.80377960205078,21.07836398403277,23.532257449242376,2004,Lord Howe Island Marine Park,1
Parma polylepis,-31.52,159.07,2022,3,13,15,7,-32_159,21.215414365132652,23.80377960205078,21.07836398403277,23.532257449242376,2004,Lord Howe Island Marine Park,1
Parma polylepis,-31.5,159.07,2022,3,16,15,1,-32_159,21.215414365132652,23.80377960205078,21.07836398403277,23.532257449242376,NA,NA,0
Parma polylepis,-31.51,159.05,2022,3,15,12.5,3,-32_159,21.215414365132652,23.80377960205078,21.07836398403277,23.532257449242376,2004,Lord Howe Island Marine Park,1
Parma polylepis,-31.51,159.05,2022,3,15,15,3,-32_159,21.215414365132652,23.80377960205078,21.07836398403277,23.532257449242376,2004,Lord Howe Island Marine Park,1
Parma polylepis,-31.51,159.05,2022,3,15,15,1,-32_159,21.215414365132652,23.80377960205078,21.07836398403277,23.532257449242376,2004,Lord Howe Island Marine Park,1
Parma polylepis,-31.51,159.06,2022,3,15,15,4,-32_159,21.215414365132652,23.80377960205078,21.07836398403277,23.532257449242376,2004,Lord Howe Island Marine Park,1
Parma polylepis,-31.51,159.06,2022,3,15,20,2,-32_159,21.215414365132652,23.80377960205078,21.07836398403277,23.532257449242376,2004,Lord Howe Island Marine Park,1
Parma polylepis,-31.51,159.06,2022,3,15,15,5,-32_159,21.215414365132652,23.80377960205078,21.07836398403277,23.532257449242376,2004,Lord Howe Island Marine Park,1
Parma polylepis,-31.52,159.04,2022,3,24,12.5,3,-32_159,21.215414365132652,23.80377960205078,21.07836398403277,23.532257449242376,2004,Lord Howe Island Marine Park,1
Parma polylepis,-31.54,159.05,2022,3,17,20,2,-32_159,21.215414365132652,23.80377960205078,21.07836398403277,23.532257449242376,2004,Lord Howe Island Marine Park,1
Parma polylepis,-31.54,159.05,2022,3,17,25,3,-32_159,21.215414365132652,23.80377960205078,21.07836398403277,23.532257449242376,2004,Lord Howe Island Marine Park,1
Parma polylepis,-31.54,159.05,2022,3,17,15,1,-32_159,21.215414365132652,23.80377960205078,21.07836398403277,23.532257449242376,2004,Lord Howe Island Marine Park,1
Parma polylepis,-31.54,159.05,2022,3,17,20,5,-32_159,21.215414365132652,23.80377960205078,21.07836398403277,23.532257449242376,2004,Lord Howe Island Marine Park,1
Parma polylepis,-31.54,159.05,2022,3,17,25,1,-32_159,21.215414365132652,23.80377960205078,21.07836398403277,23.532257449242376,2004,Lord Howe Island Marine Park,1
Parma polylepis,-31.53,159.05,2022,5,5,20,2,-32_159,21.215414365132652,21.956493377685547,21.07836398403277,21.707257547686176,NA,NA,0
Parma polylepis,-31.53,159.05,2022,5,5,25,2,-32_159,21.215414365132652,21.956493377685547,21.07836398403277,21.707257547686176,NA,NA,0
Parma polylepis,-31.53,159.05,2022,5,5,20,5,-32_159,21.215414365132652,21.956493377685547,21.07836398403277,21.707257547686176,NA,NA,0
Parma polylepis,-31.53,159.05,2022,5,5,25,2,-32_159,21.215414365132652,21.956493377685547,21.07836398403277,21.707257547686176,NA,NA,0
Parma polylepis,-31.53,159.05,2022,5,5,20,7,-32_159,21.215414365132652,21.956493377685547,21.07836398403277,21.707257547686176,NA,NA,0
Parma polylepis,-31.53,159.05,2022,5,5,20,3,-32_159,21.215414365132652,21.956493377685547,21.07836398403277,21.707257547686176,NA,NA,0
Parma polylepis,-31.53,159.05,2022,5,5,20,7,-32_159,21.215414365132652,21.956493377685547,21.07836398403277,21.707257547686176,NA,NA,0
Parma polylepis,-31.53,159.05,2022,5,5,25,3,-32_159,21.215414365132652,21.956493377685547,21.07836398403277,21.707257547686176,NA,NA,0
Parma polylepis,-31.53,159.05,2022,5,5,20,3,-32_159,21.215414365132652,21.956493377685547,21.07836398403277,21.707257547686176,NA,NA,0
Parma polylepis,-31.53,159.05,2022,5,5,25,4,-32_159,21.215414365132652,21.956493377685547,21.07836398403277,21.707257547686176,NA,NA,0
Parma polylepis,-31.53,159.05,2022,5,5,25,12,-32_159,21.215414365132652,21.956493377685547,21.07836398403277,21.707257547686176,NA,NA,0
Parma polylepis,-31.6,159.08,2024,3,25,20,2,-32_159,22.001205444335938,24.75673484802246,22.556345841528355,25.54290263883529,2004,Lord Howe Island Marine Park,1
Parma polylepis,-31.6,159.08,2024,3,25,25,3,-32_159,22.001205444335938,24.75673484802246,22.556345841528355,25.54290263883529,2004,Lord Howe Island Marine Park,1
Parma polylepis,-31.57,159.1,2024,3,25,15,3,-32_159,22.001205444335938,24.75673484802246,22.556345841528355,25.54290263883529,2004,Lord Howe Island Marine Park,1
Parma polylepis,-31.57,159.1,2024,3,25,20,5,-32_159,22.001205444335938,24.75673484802246,22.556345841528355,25.54290263883529,2004,Lord Howe Island Marine Park,1
Parma polylepis,-31.57,159.1,2024,3,25,15,4,-32_159,22.001205444335938,24.75673484802246,22.556345841528355,25.54290263883529,2004,Lord Howe Island Marine Park,1
Parma polylepis,-31.57,159.1,2024,3,25,20,2,-32_159,22.001205444335938,24.75673484802246,22.556345841528355,25.54290263883529,2004,Lord Howe Island Marine Park,1
Parma polylepis,-31.51,159.06,2024,3,21,12.5,3,-32_159,22.001205444335938,24.75673484802246,22.556345841528355,25.54290263883529,2004,Lord Howe Island Marine Park,1
Parma polylepis,-31.51,159.06,2024,3,21,15,2,-32_159,22.001205444335938,24.75673484802246,22.556345841528355,25.54290263883529,2004,Lord Howe Island Marine Park,1
Parma polylepis,-31.51,159.06,2024,3,21,12.5,1,-32_159,22.001205444335938,24.75673484802246,22.556345841528355,25.54290263883529,2004,Lord Howe Island Marine Park,1
Parma polylepis,-31.51,159.06,2024,3,21,15,3,-32_159,22.001205444335938,24.75673484802246,22.556345841528355,25.54290263883529,2004,Lord Howe Island Marine Park,1
Parma polylepis,-31.51,159.06,2024,3,21,20,2,-32_159,22.001205444335938,24.75673484802246,22.556345841528355,25.54290263883529,2004,Lord Howe Island Marine Park,1
Parma polylepis,-31.54,159.07,2024,3,17,20,2,-32_159,22.001205444335938,24.75673484802246,22.556345841528355,25.54290263883529,2004,Lord Howe Island Marine Park,1
Parma polylepis,-31.52,159.05,2024,3,17,10,1,-32_159,22.001205444335938,24.75673484802246,22.556345841528355,25.54290263883529,2004,Lord Howe Island Marine Park,1
Parma polylepis,-31.52,159.05,2024,3,17,12.5,1,-32_159,22.001205444335938,24.75673484802246,22.556345841528355,25.54290263883529,2004,Lord Howe Island Marine Park,1
Parma polylepis,-31.52,159.05,2024,3,17,15,1,-32_159,22.001205444335938,24.75673484802246,22.556345841528355,25.54290263883529,2004,Lord Howe Island Marine Park,1
Parma polylepis,-31.52,159.08,2024,3,22,20,4,-32_159,22.001205444335938,24.75673484802246,22.556345841528355,25.54290263883529,NA,NA,0
Parma polylepis,-31.52,159.08,2024,3,22,25,2,-32_159,22.001205444335938,24.75673484802246,22.556345841528355,25.54290263883529,NA,NA,0
Parma polylepis,-31.52,159.08,2024,3,22,25,6,-32_159,22.001205444335938,24.75673484802246,22.556345841528355,25.54290263883529,NA,NA,0
Parma polylepis,-31.52,159.05,2024,3,19,12.5,1,-32_159,22.001205444335938,24.75673484802246,22.556345841528355,25.54290263883529,2004,Lord Howe Island Marine Park,1
Parma polylepis,-31.54,159.07,2024,3,17,10,1,-32_159,22.001205444335938,24.75673484802246,22.556345841528355,25.54290263883529,2004,Lord Howe Island Marine Park,1
Parma polylepis,-31.56,159.1,2024,3,22,20,1,-32_159,22.001205444335938,24.75673484802246,22.556345841528355,25.54290263883529,NA,NA,0
Parma polylepis,-31.55,159.06,2024,3,19,25,2,-32_159,22.001205444335938,24.75673484802246,22.556345841528355,25.54290263883529,2004,Lord Howe Island Marine Park,1
Parma polylepis,-31.55,159.06,2024,3,19,10,2,-32_159,22.001205444335938,24.75673484802246,22.556345841528355,25.54290263883529,2004,Lord Howe Island Marine Park,1
Parma polylepis,-31.55,159.06,2024,3,19,12.5,5,-32_159,22.001205444335938,24.75673484802246,22.556345841528355,25.54290263883529,2004,Lord Howe Island Marine Park,1
Parma polylepis,-31.55,159.06,2024,3,19,15,3,-32_159,22.001205444335938,24.75673484802246,22.556345841528355,25.54290263883529,2004,Lord Howe Island Marine Park,1
Parma polylepis,-31.55,159.06,2024,3,19,15,2,-32_159,22.001205444335938,24.75673484802246,22.556345841528355,25.54290263883529,2004,Lord Howe Island Marine Park,1
Parma polylepis,-31.55,159.06,2024,3,19,20,1,-32_159,22.001205444335938,24.75673484802246,22.556345841528355,25.54290263883529,2004,Lord Howe Island Marine Park,1
Parma polylepis,-31.55,159.06,2024,3,19,15,3,-32_159,22.001205444335938,24.75673484802246,22.556345841528355,25.54290263883529,2004,Lord Howe Island Marine Park,1
Parma polylepis,-31.55,159.06,2024,3,19,20,2,-32_159,22.001205444335938,24.75673484802246,22.556345841528355,25.54290263883529,2004,Lord Howe Island Marine Park,1
Parma polylepis,-31.51,159.07,2024,3,26,25,4,-32_159,22.001205444335938,24.75673484802246,22.556345841528355,25.54290263883529,2004,Lord Howe Island Marine Park,1
Parma polylepis,-31.51,159.07,2024,3,26,15,4,-32_159,22.001205444335938,24.75673484802246,22.556345841528355,25.54290263883529,2004,Lord Howe Island Marine Park,1
Parma polylepis,-31.51,159.07,2024,3,26,20,2,-32_159,22.001205444335938,24.75673484802246,22.556345841528355,25.54290263883529,2004,Lord Howe Island Marine Park,1
Parma polylepis,-31.55,159.06,2024,3,20,12.5,3,-32_159,22.001205444335938,24.75673484802246,22.556345841528355,25.54290263883529,2004,Lord Howe Island Marine Park,1
Parma polylepis,-31.55,159.06,2024,3,20,15,6,-32_159,22.001205444335938,24.75673484802246,22.556345841528355,25.54290263883529,2004,Lord Howe Island Marine Park,1
Parma polylepis,-31.55,159.06,2024,3,20,20,2,-32_159,22.001205444335938,24.75673484802246,22.556345841528355,25.54290263883529,2004,Lord Howe Island Marine Park,1
Parma polylepis,-31.55,159.06,2024,3,20,15,4,-32_159,22.001205444335938,24.75673484802246,22.556345841528355,25.54290263883529,2004,Lord Howe Island Marine Park,1
Parma polylepis,-31.55,159.06,2024,3,20,20,1,-32_159,22.001205444335938,24.75673484802246,22.556345841528355,25.54290263883529,2004,Lord Howe Island Marine Park,1
Parma polylepis,-31.56,159.07,2024,3,25,15,2,-32_159,22.001205444335938,24.75673484802246,22.556345841528355,25.54290263883529,NA,NA,0
Parma polylepis,-31.56,159.07,2024,3,25,20,2,-32_159,22.001205444335938,24.75673484802246,22.556345841528355,25.54290263883529,NA,NA,0
Parma polylepis,-31.56,159.07,2024,3,25,12.5,1,-32_159,22.001205444335938,24.75673484802246,22.556345841528355,25.54290263883529,NA,NA,0
Parma polylepis,-31.56,159.07,2024,3,25,15,3,-32_159,22.001205444335938,24.75673484802246,22.556345841528355,25.54290263883529,NA,NA,0
Parma polylepis,-31.54,159.06,2024,3,17,20,2,-32_159,22.001205444335938,24.75673484802246,22.556345841528355,25.54290263883529,2004,Lord Howe Island Marine Park,1
Parma polylepis,-31.54,159.06,2024,3,17,7.5,2,-32_159,22.001205444335938,24.75673484802246,22.556345841528355,25.54290263883529,2004,Lord Howe Island Marine Park,1
Parma polylepis,-31.54,159.06,2024,3,17,10,2,-32_159,22.001205444335938,24.75673484802246,22.556345841528355,25.54290263883529,2004,Lord Howe Island Marine Park,1
Parma polylepis,-31.54,159.06,2024,3,17,12.5,2,-32_159,22.001205444335938,24.75673484802246,22.556345841528355,25.54290263883529,2004,Lord Howe Island Marine Park,1
Parma polylepis,-31.54,159.06,2024,3,17,15,2,-32_159,22.001205444335938,24.75673484802246,22.556345841528355,25.54290263883529,2004,Lord Howe Island Marine Park,1
Parma polylepis,-31.56,159.07,2024,3,25,12.5,2,-32_159,22.001205444335938,24.75673484802246,22.556345841528355,25.54290263883529,NA,NA,0
Parma polylepis,-31.56,159.07,2024,3,25,12.5,3,-32_159,22.001205444335938,24.75673484802246,22.556345841528355,25.54290263883529,NA,NA,0
Parma polylepis,-31.51,159.05,2024,3,21,15,3,-32_159,22.001205444335938,24.75673484802246,22.556345841528355,25.54290263883529,2004,Lord Howe Island Marine Park,1
Parma polylepis,-31.51,159.05,2024,3,21,15,5,-32_159,22.001205444335938,24.75673484802246,22.556345841528355,25.54290263883529,2004,Lord Howe Island Marine Park,1
Parma polylepis,-31.58,159.07,2024,3,19,12.5,1,-32_159,22.001205444335938,24.75673484802246,22.556345841528355,25.54290263883529,NA,NA,0
Parma polylepis,-31.58,159.07,2024,3,19,15,2,-32_159,22.001205444335938,24.75673484802246,22.556345841528355,25.54290263883529,NA,NA,0
Parma polylepis,-31.58,159.07,2024,3,19,20,1,-32_159,22.001205444335938,24.75673484802246,22.556345841528355,25.54290263883529,NA,NA,0
Parma polylepis,-31.5,159.07,2024,3,26,20,4,-32_159,22.001205444335938,24.75673484802246,22.556345841528355,25.54290263883529,2004,Lord Howe Island Marine Park,1
Parma polylepis,-31.53,159.05,2024,3,20,12.5,2,-32_159,22.001205444335938,24.75673484802246,22.556345841528355,25.54290263883529,NA,NA,0
Parma polylepis,-31.53,159.05,2024,3,20,15,2,-32_159,22.001205444335938,24.75673484802246,22.556345841528355,25.54290263883529,NA,NA,0
Parma polylepis,-31.53,159.05,2024,3,20,15,3,-32_159,22.001205444335938,24.75673484802246,22.556345841528355,25.54290263883529,NA,NA,0
Parma polylepis,-31.53,159.06,2024,3,17,10,1,-32_159,22.001205444335938,24.75673484802246,22.556345841528355,25.54290263883529,NA,NA,0
Parma polylepis,-31.53,159.06,2024,3,17,15,1,-32_159,22.001205444335938,24.75673484802246,22.556345841528355,25.54290263883529,NA,NA,0
Parma polylepis,-31.53,159.06,2024,3,17,20,1,-32_159,22.001205444335938,24.75673484802246,22.556345841528355,25.54290263883529,NA,NA,0
Parma polylepis,-31.54,159.07,2024,3,17,15,2,-32_159,22.001205444335938,24.75673484802246,22.556345841528355,25.54290263883529,2004,Lord Howe Island Marine Park,1
Parma polylepis,-31.54,159.07,2024,3,17,20,3,-32_159,22.001205444335938,24.75673484802246,22.556345841528355,25.54290263883529,2004,Lord Howe Island Marine Park,1
Parma polylepis,-31.54,159.07,2024,3,17,15,1,-32_159,22.001205444335938,24.75673484802246,22.556345841528355,25.54290263883529,2004,Lord Howe Island Marine Park,1
Parma polylepis,-31.51,159.04,2024,3,18,12.5,2,-32_159,22.001205444335938,24.75673484802246,22.556345841528355,25.54290263883529,NA,NA,0
Parma polylepis,-31.51,159.04,2024,3,18,15,1,-32_159,22.001205444335938,24.75673484802246,22.556345841528355,25.54290263883529,NA,NA,0
Parma polylepis,-31.51,159.04,2024,3,18,20,2,-32_159,22.001205444335938,24.75673484802246,22.556345841528355,25.54290263883529,NA,NA,0
Parma polylepis,-31.51,159.04,2024,3,18,25,1,-32_159,22.001205444335938,24.75673484802246,22.556345841528355,25.54290263883529,NA,NA,0
Parma polylepis,-31.52,159.07,2024,3,23,15,1,-32_159,22.001205444335938,24.75673484802246,22.556345841528355,25.54290263883529,2004,Lord Howe Island Marine Park,1
Parma polylepis,-31.52,159.07,2024,3,23,25,8,-32_159,22.001205444335938,24.75673484802246,22.556345841528355,25.54290263883529,2004,Lord Howe Island Marine Park,1
Parma polylepis,-31.56,159.07,2024,3,25,25,2,-32_159,22.001205444335938,24.75673484802246,22.556345841528355,25.54290263883529,NA,NA,0
Parma polylepis,-31.52,159.04,2024,3,20,5,1,-32_159,22.001205444335938,24.75673484802246,22.556345841528355,25.54290263883529,2004,Lord Howe Island Marine Park,1
Parma polylepis,-31.52,159.04,2024,3,20,10,5,-32_159,22.001205444335938,24.75673484802246,22.556345841528355,25.54290263883529,2004,Lord Howe Island Marine Park,1
Parma polylepis,-31.52,159.04,2024,3,20,12.5,5,-32_159,22.001205444335938,24.75673484802246,22.556345841528355,25.54290263883529,2004,Lord Howe Island Marine Park,1
Parma polylepis,-31.52,159.04,2024,3,20,15,5,-32_159,22.001205444335938,24.75673484802246,22.556345841528355,25.54290263883529,2004,Lord Howe Island Marine Park,1
Parma polylepis,-31.52,159.04,2024,3,20,20,3,-32_159,22.001205444335938,24.75673484802246,22.556345841528355,25.54290263883529,2004,Lord Howe Island Marine Park,1
Parma polylepis,-31.52,159.04,2024,3,20,5,2,-32_159,22.001205444335938,24.75673484802246,22.556345841528355,25.54290263883529,2004,Lord Howe Island Marine Park,1
Parma polylepis,-31.52,159.04,2024,3,20,7.5,3,-32_159,22.001205444335938,24.75673484802246,22.556345841528355,25.54290263883529,2004,Lord Howe Island Marine Park,1
Parma polylepis,-31.52,159.04,2024,3,20,20,2,-32_159,22.001205444335938,24.75673484802246,22.556345841528355,25.54290263883529,2004,Lord Howe Island Marine Park,1
Parma polylepis,-31.58,159.07,2024,3,19,12.5,1,-32_159,22.001205444335938,24.75673484802246,22.556345841528355,25.54290263883529,NA,NA,0
Parma polylepis,-31.58,159.07,2024,3,19,15,1,-32_159,22.001205444335938,24.75673484802246,22.556345841528355,25.54290263883529,NA,NA,0
Parma polylepis,-31.58,159.07,2024,3,19,10,1,-32_159,22.001205444335938,24.75673484802246,22.556345841528355,25.54290263883529,NA,NA,0
Parma polylepis,-31.58,159.07,2024,3,19,12.5,3,-32_159,22.001205444335938,24.75673484802246,22.556345841528355,25.54290263883529,NA,NA,0
Parma polylepis,-31.55,159.07,2024,3,18,12.5,3,-32_159,22.001205444335938,24.75673484802246,22.556345841528355,25.54290263883529,NA,NA,0
Parma polylepis,-31.55,159.07,2024,3,18,15,2,-32_159,22.001205444335938,24.75673484802246,22.556345841528355,25.54290263883529,NA,NA,0
Parma polylepis,-31.55,159.07,2024,3,18,20,1,-32_159,22.001205444335938,24.75673484802246,22.556345841528355,25.54290263883529,NA,NA,0
Parma polylepis,-31.5,159.07,2024,3,28,20,3,-32_159,22.001205444335938,24.75673484802246,22.556345841528355,25.54290263883529,NA,NA,0
Parma polylepis,-31.5,159.07,2024,3,28,15,2,-32_159,22.001205444335938,24.75673484802246,22.556345841528355,25.54290263883529,NA,NA,0
Parma polylepis,-31.53,159.05,2024,3,20,20,6,-32_159,22.001205444335938,24.75673484802246,22.556345841528355,25.54290263883529,NA,NA,0
Parma polylepis,-31.52,159.04,2024,3,20,12.5,1,-32_159,22.001205444335938,24.75673484802246,22.556345841528355,25.54290263883529,NA,NA,0
Parma polylepis,-31.52,159.04,2024,3,20,15,1,-32_159,22.001205444335938,24.75673484802246,22.556345841528355,25.54290263883529,NA,NA,0
Parma polylepis,-31.52,159.04,2024,3,20,20,2,-32_159,22.001205444335938,24.75673484802246,22.556345841528355,25.54290263883529,NA,NA,0
Parma polylepis,-31.52,159.04,2024,3,20,25,1,-32_159,22.001205444335938,24.75673484802246,22.556345841528355,25.54290263883529,NA,NA,0
Parma polylepis,-31.52,159.04,2024,3,20,15,2,-32_159,22.001205444335938,24.75673484802246,22.556345841528355,25.54290263883529,NA,NA,0
Parma polylepis,-31.56,159.07,2024,3,25,15,1,-32_159,22.001205444335938,24.75673484802246,22.556345841528355,25.54290263883529,NA,NA,0
Parma polylepis,-31.56,159.07,2024,3,25,20,2,-32_159,22.001205444335938,24.75673484802246,22.556345841528355,25.54290263883529,NA,NA,0
Parma polylepis,-31.56,159.07,2024,3,25,20,3,-32_159,22.001205444335938,24.75673484802246,22.556345841528355,25.54290263883529,NA,NA,0
Parma polylepis,-31.6,159.08,2024,3,25,15,1,-32_159,22.001205444335938,24.75673484802246,22.556345841528355,25.54290263883529,2004,Lord Howe Island Marine Park,1
Parma polylepis,-31.6,159.08,2024,3,25,20,1,-32_159,22.001205444335938,24.75673484802246,22.556345841528355,25.54290263883529,2004,Lord Howe Island Marine Park,1
Parma polylepis,-31.52,159.07,2024,3,23,20,12,-32_159,22.001205444335938,24.75673484802246,22.556345841528355,25.54290263883529,2004,Lord Howe Island Marine Park,1
Parma polylepis,-31.52,159.07,2024,3,23,25,3,-32_159,22.001205444335938,24.75673484802246,22.556345841528355,25.54290263883529,2004,Lord Howe Island Marine Park,1
Parma polylepis,-31.52,159.07,2024,3,23,10,4,-32_159,22.001205444335938,24.75673484802246,22.556345841528355,25.54290263883529,2004,Lord Howe Island Marine Park,1
Parma polylepis,-31.52,159.07,2024,3,23,12.5,6,-32_159,22.001205444335938,24.75673484802246,22.556345841528355,25.54290263883529,2004,Lord Howe Island Marine Park,1
Parma polylepis,-31.52,159.07,2024,3,23,15,7,-32_159,22.001205444335938,24.75673484802246,22.556345841528355,25.54290263883529,2004,Lord Howe Island Marine Park,1
Parma polylepis,-31.55,159.07,2024,3,18,15,2,-32_159,22.001205444335938,24.75673484802246,22.556345841528355,25.54290263883529,NA,NA,0
Parma polylepis,-31.55,159.07,2024,3,18,20,2,-32_159,22.001205444335938,24.75673484802246,22.556345841528355,25.54290263883529,NA,NA,0
Parma polylepis,-31.53,159.05,2024,3,20,12.5,2,-32_159,22.001205444335938,24.75673484802246,22.556345841528355,25.54290263883529,NA,NA,0
Parma polylepis,-31.53,159.05,2024,3,20,15,2,-32_159,22.001205444335938,24.75673484802246,22.556345841528355,25.54290263883529,NA,NA,0
Parma polylepis,-31.53,159.05,2024,3,20,15,7,-32_159,22.001205444335938,24.75673484802246,22.556345841528355,25.54290263883529,NA,NA,0
Parma polylepis,-31.76,159.24,2024,3,24,12.5,1,-32_159,22.001205444335938,24.75673484802246,22.556345841528355,25.54290263883529,NA,NA,0
Parma polylepis,-31.76,159.24,2024,3,24,15,3,-32_159,22.001205444335938,24.75673484802246,22.556345841528355,25.54290263883529,NA,NA,0
Parma polylepis,-31.76,159.24,2024,3,24,15,1,-32_159,22.001205444335938,24.75673484802246,22.556345841528355,25.54290263883529,NA,NA,0
Parma polylepis,-31.52,159.03,2024,3,28,12.5,1,-32_159,22.001205444335938,24.75673484802246,22.556345841528355,25.54290263883529,NA,NA,0
Parma polylepis,-31.52,159.03,2024,3,28,15,2,-32_159,22.001205444335938,24.75673484802246,22.556345841528355,25.54290263883529,NA,NA,0
Parma polylepis,-31.52,159.03,2024,3,28,20,2,-32_159,22.001205444335938,24.75673484802246,22.556345841528355,25.54290263883529,NA,NA,0
Parma polylepis,-31.52,159.03,2024,3,28,20,3,-32_159,22.001205444335938,24.75673484802246,22.556345841528355,25.54290263883529,NA,NA,0
Parma polylepis,-31.52,159.07,2024,3,23,10,2,-32_159,22.001205444335938,24.75673484802246,22.556345841528355,25.54290263883529,2004,Lord Howe Island Marine Park,1
Parma polylepis,-31.52,159.07,2024,3,23,12.5,4,-32_159,22.001205444335938,24.75673484802246,22.556345841528355,25.54290263883529,2004,Lord Howe Island Marine Park,1
Parma polylepis,-31.52,159.07,2024,3,23,15,6,-32_159,22.001205444335938,24.75673484802246,22.556345841528355,25.54290263883529,2004,Lord Howe Island Marine Park,1
Parma polylepis,-31.52,159.07,2024,3,23,20,4,-32_159,22.001205444335938,24.75673484802246,22.556345841528355,25.54290263883529,2004,Lord Howe Island Marine Park,1
Parma polylepis,-31.57,159.1,2024,3,25,20,1,-32_159,22.001205444335938,24.75673484802246,22.556345841528355,25.54290263883529,2004,Lord Howe Island Marine Park,1
Parma polylepis,-31.57,159.1,2024,3,25,15,2,-32_159,22.001205444335938,24.75673484802246,22.556345841528355,25.54290263883529,2004,Lord Howe Island Marine Park,1
Parma polylepis,-31.51,159.04,2024,3,18,5,1,-32_159,22.001205444335938,24.75673484802246,22.556345841528355,25.54290263883529,NA,NA,0
Parma polylepis,-31.51,159.04,2024,3,18,7.5,2,-32_159,22.001205444335938,24.75673484802246,22.556345841528355,25.54290263883529,NA,NA,0
Parma polylepis,-31.51,159.04,2024,3,18,10,3,-32_159,22.001205444335938,24.75673484802246,22.556345841528355,25.54290263883529,NA,NA,0
Parma polylepis,-31.51,159.04,2024,3,18,12.5,3,-32_159,22.001205444335938,24.75673484802246,22.556345841528355,25.54290263883529,NA,NA,0
Parma polylepis,-31.51,159.04,2024,3,18,15,2,-32_159,22.001205444335938,24.75673484802246,22.556345841528355,25.54290263883529,NA,NA,0
Parma polylepis,-31.51,159.04,2024,3,18,20,1,-32_159,22.001205444335938,24.75673484802246,22.556345841528355,25.54290263883529,NA,NA,0
Parma polylepis,-31.51,159.04,2024,3,18,10,1,-32_159,22.001205444335938,24.75673484802246,22.556345841528355,25.54290263883529,NA,NA,0
Parma polylepis,-31.51,159.04,2024,3,18,12.5,2,-32_159,22.001205444335938,24.75673484802246,22.556345841528355,25.54290263883529,NA,NA,0
Parma polylepis,-31.51,159.04,2024,3,18,15,1,-32_159,22.001205444335938,24.75673484802246,22.556345841528355,25.54290263883529,NA,NA,0
Parma polylepis,-31.52,159.03,2024,3,28,12.5,3,-32_159,22.001205444335938,24.75673484802246,22.556345841528355,25.54290263883529,NA,NA,0
Parma polylepis,-31.52,159.03,2024,3,28,15,3,-32_159,22.001205444335938,24.75673484802246,22.556345841528355,25.54290263883529,NA,NA,0
Parma polylepis,-31.52,159.03,2024,3,28,12.5,1,-32_159,22.001205444335938,24.75673484802246,22.556345841528355,25.54290263883529,NA,NA,0
Parma polylepis,-31.52,159.03,2024,3,28,15,5,-32_159,22.001205444335938,24.75673484802246,22.556345841528355,25.54290263883529,NA,NA,0
Parma polylepis,-31.5,159.06,2024,3,21,15,2,-32_159,22.001205444335938,24.75673484802246,22.556345841528355,25.54290263883529,2004,Lord Howe Island Marine Park,1
Parma polylepis,-31.5,159.06,2024,3,21,20,2,-32_159,22.001205444335938,24.75673484802246,22.556345841528355,25.54290263883529,2004,Lord Howe Island Marine Park,1
Parma polylepis,-31.56,159.1,2024,3,22,12.5,1,-32_159,22.001205444335938,24.75673484802246,22.556345841528355,25.54290263883529,NA,NA,0
Parma polylepis,-31.56,159.1,2024,3,22,15,3,-32_159,22.001205444335938,24.75673484802246,22.556345841528355,25.54290263883529,NA,NA,0
Parma polylepis,-31.56,159.1,2024,3,22,20,1,-32_159,22.001205444335938,24.75673484802246,22.556345841528355,25.54290263883529,NA,NA,0
Parma polylepis,-31.5,159.06,2024,3,21,20,1,-32_159,22.001205444335938,24.75673484802246,22.556345841528355,25.54290263883529,2004,Lord Howe Island Marine Park,1
Parma polylepis,-31.5,159.06,2024,3,21,15,7,-32_159,22.001205444335938,24.75673484802246,22.556345841528355,25.54290263883529,2004,Lord Howe Island Marine Park,1
Parma polylepis,-31.55,159.06,2024,3,20,10,2,-32_159,22.001205444335938,24.75673484802246,22.556345841528355,25.54290263883529,2004,Lord Howe Island Marine Park,1
Parma polylepis,-31.55,159.06,2024,3,20,12.5,3,-32_159,22.001205444335938,24.75673484802246,22.556345841528355,25.54290263883529,2004,Lord Howe Island Marine Park,1
Parma polylepis,-31.55,159.06,2024,3,20,15,6,-32_159,22.001205444335938,24.75673484802246,22.556345841528355,25.54290263883529,2004,Lord Howe Island Marine Park,1
Parma polylepis,-31.55,159.06,2024,3,20,10,1,-32_159,22.001205444335938,24.75673484802246,22.556345841528355,25.54290263883529,2004,Lord Howe Island Marine Park,1
Parma polylepis,-31.55,159.06,2024,3,20,12.5,1,-32_159,22.001205444335938,24.75673484802246,22.556345841528355,25.54290263883529,2004,Lord Howe Island Marine Park,1
Parma polylepis,-31.55,159.06,2024,3,20,15,3,-32_159,22.001205444335938,24.75673484802246,22.556345841528355,25.54290263883529,2004,Lord Howe Island Marine Park,1
Parma polylepis,-31.55,159.07,2024,3,18,20,6,-32_159,22.001205444335938,24.75673484802246,22.556345841528355,25.54290263883529,NA,NA,0
Parma polylepis,-31.55,159.07,2024,3,18,10,1,-32_159,22.001205444335938,24.75673484802246,22.556345841528355,25.54290263883529,NA,NA,0
Parma polylepis,-31.55,159.07,2024,3,18,12.5,1,-32_159,22.001205444335938,24.75673484802246,22.556345841528355,25.54290263883529,NA,NA,0
Parma polylepis,-31.55,159.07,2024,3,18,15,4,-32_159,22.001205444335938,24.75673484802246,22.556345841528355,25.54290263883529,NA,NA,0
Parma polylepis,-31.51,159.07,2024,3,26,15,2,-32_159,22.001205444335938,24.75673484802246,22.556345841528355,25.54290263883529,2004,Lord Howe Island Marine Park,1
Parma polylepis,-31.51,159.07,2024,3,26,20,1,-32_159,22.001205444335938,24.75673484802246,22.556345841528355,25.54290263883529,2004,Lord Howe Island Marine Park,1
Parma polylepis,-31.55,159.07,2024,3,18,10,1,-32_159,22.001205444335938,24.75673484802246,22.556345841528355,25.54290263883529,NA,NA,0
Parma polylepis,-31.55,159.07,2024,3,18,12.5,3,-32_159,22.001205444335938,24.75673484802246,22.556345841528355,25.54290263883529,NA,NA,0
Parma polylepis,-31.55,159.07,2024,3,18,15,3,-32_159,22.001205444335938,24.75673484802246,22.556345841528355,25.54290263883529,NA,NA,0
Parma polylepis,-31.55,159.07,2024,3,18,10,2,-32_159,22.001205444335938,24.75673484802246,22.556345841528355,25.54290263883529,NA,NA,0
Parma polylepis,-31.58,159.07,2024,3,19,15,3,-32_159,22.001205444335938,24.75673484802246,22.556345841528355,25.54290263883529,NA,NA,0
Parma polylepis,-31.58,159.07,2024,3,19,20,3,-32_159,22.001205444335938,24.75673484802246,22.556345841528355,25.54290263883529,NA,NA,0
Parma polylepis,-31.58,159.07,2024,3,19,20,4,-32_159,22.001205444335938,24.75673484802246,22.556345841528355,25.54290263883529,NA,NA,0
Parma polylepis,-31.53,159.05,2024,3,20,25,2,-32_159,22.001205444335938,24.75673484802246,22.556345841528355,25.54290263883529,NA,NA,0
Parma polylepis,-31.75,159.24,2024,3,24,12.5,2,-32_159,22.001205444335938,24.75673484802246,22.556345841528355,25.54290263883529,2004,Lord Howe Island Marine Park,1
Parma polylepis,-31.75,159.24,2024,3,24,15,3,-32_159,22.001205444335938,24.75673484802246,22.556345841528355,25.54290263883529,2004,Lord Howe Island Marine Park,1
Parma polylepis,-31.75,159.24,2024,3,24,20,1,-32_159,22.001205444335938,24.75673484802246,22.556345841528355,25.54290263883529,2004,Lord Howe Island Marine Park,1
Parma polylepis,-31.5,159.07,2024,3,28,5,2,-32_159,22.001205444335938,24.75673484802246,22.556345841528355,25.54290263883529,NA,NA,0
Parma polylepis,-31.5,159.07,2024,3,28,10,2,-32_159,22.001205444335938,24.75673484802246,22.556345841528355,25.54290263883529,NA,NA,0
Parma polylepis,-31.5,159.07,2024,3,28,12.5,2,-32_159,22.001205444335938,24.75673484802246,22.556345841528355,25.54290263883529,NA,NA,0
Parma polylepis,-31.5,159.07,2024,3,28,15,4,-32_159,22.001205444335938,24.75673484802246,22.556345841528355,25.54290263883529,NA,NA,0
Parma polylepis,-31.5,159.07,2024,3,28,7.5,1,-32_159,22.001205444335938,24.75673484802246,22.556345841528355,25.54290263883529,NA,NA,0
Parma polylepis,-31.54,159.07,2024,3,17,15,1,-32_159,22.001205444335938,24.75673484802246,22.556345841528355,25.54290263883529,2004,Lord Howe Island Marine Park,1
Parma polylepis,-31.54,159.07,2024,3,17,20,3,-32_159,22.001205444335938,24.75673484802246,22.556345841528355,25.54290263883529,2004,Lord Howe Island Marine Park,1
Parma polylepis,-31.51,159.07,2024,3,26,15,4,-32_159,22.001205444335938,24.75673484802246,22.556345841528355,25.54290263883529,2004,Lord Howe Island Marine Park,1
Parma polylepis,-31.52,159.08,2024,3,22,15,2,-32_159,22.001205444335938,24.75673484802246,22.556345841528355,25.54290263883529,NA,NA,0
Parma polylepis,-31.52,159.08,2024,3,22,20,1,-32_159,22.001205444335938,24.75673484802246,22.556345841528355,25.54290263883529,NA,NA,0
Parma polylepis,-31.53,159.05,2024,3,20,25,5,-32_159,22.001205444335938,24.75673484802246,22.556345841528355,25.54290263883529,NA,NA,0
Parma polylepis,-31.5,159.07,2024,3,26,5,1,-32_159,22.001205444335938,24.75673484802246,22.556345841528355,25.54290263883529,2004,Lord Howe Island Marine Park,1
Parma polylepis,-31.5,159.07,2024,3,26,7.5,3,-32_159,22.001205444335938,24.75673484802246,22.556345841528355,25.54290263883529,2004,Lord Howe Island Marine Park,1
Parma polylepis,-31.5,159.07,2024,3,26,12.5,1,-32_159,22.001205444335938,24.75673484802246,22.556345841528355,25.54290263883529,2004,Lord Howe Island Marine Park,1
Parma polylepis,-31.5,159.07,2024,3,26,15,4,-32_159,22.001205444335938,24.75673484802246,22.556345841528355,25.54290263883529,2004,Lord Howe Island Marine Park,1
Parma polylepis,-31.5,159.07,2024,3,26,20,2,-32_159,22.001205444335938,24.75673484802246,22.556345841528355,25.54290263883529,2004,Lord Howe Island Marine Park,1
Parma polylepis,-31.52,159.04,2024,3,20,10,3,-32_159,22.001205444335938,24.75673484802246,22.556345841528355,25.54290263883529,2004,Lord Howe Island Marine Park,1
Parma polylepis,-31.52,159.04,2024,3,20,12.5,4,-32_159,22.001205444335938,24.75673484802246,22.556345841528355,25.54290263883529,2004,Lord Howe Island Marine Park,1
Parma polylepis,-31.52,159.04,2024,3,20,15,3,-32_159,22.001205444335938,24.75673484802246,22.556345841528355,25.54290263883529,2004,Lord Howe Island Marine Park,1
Parma polylepis,-31.52,159.04,2024,3,20,20,2,-32_159,22.001205444335938,24.75673484802246,22.556345841528355,25.54290263883529,2004,Lord Howe Island Marine Park,1
Parma polylepis,-31.55,159.06,2024,3,19,10,3,-32_159,22.001205444335938,24.75673484802246,22.556345841528355,25.54290263883529,2004,Lord Howe Island Marine Park,1
Parma polylepis,-31.55,159.06,2024,3,19,12.5,5,-32_159,22.001205444335938,24.75673484802246,22.556345841528355,25.54290263883529,2004,Lord Howe Island Marine Park,1
Parma polylepis,-31.55,159.06,2024,3,19,15,5,-32_159,22.001205444335938,24.75673484802246,22.556345841528355,25.54290263883529,2004,Lord Howe Island Marine Park,1
Parma polylepis,-31.55,159.06,2024,3,19,20,3,-32_159,22.001205444335938,24.75673484802246,22.556345841528355,25.54290263883529,2004,Lord Howe Island Marine Park,1
Parma polylepis,-31.55,159.06,2024,3,19,10,1,-32_159,22.001205444335938,24.75673484802246,22.556345841528355,25.54290263883529,2004,Lord Howe Island Marine Park,1
Parma polylepis,-31.55,159.06,2024,3,19,12.5,3,-32_159,22.001205444335938,24.75673484802246,22.556345841528355,25.54290263883529,2004,Lord Howe Island Marine Park,1
Parma polylepis,-31.55,159.06,2024,3,19,15,3,-32_159,22.001205444335938,24.75673484802246,22.556345841528355,25.54290263883529,2004,Lord Howe Island Marine Park,1
Parma polylepis,-31.55,159.06,2024,3,19,20,2,-32_159,22.001205444335938,24.75673484802246,22.556345841528355,25.54290263883529,2004,Lord Howe Island Marine Park,1
Parma polylepis,-31.51,159.06,2024,3,21,25,6,-32_159,22.001205444335938,24.75673484802246,22.556345841528355,25.54290263883529,2004,Lord Howe Island Marine Park,1
Parma polylepis,-31.51,159.06,2024,3,21,25,2,-32_159,22.001205444335938,24.75673484802246,22.556345841528355,25.54290263883529,2004,Lord Howe Island Marine Park,1
Parma polylepis,-31.51,159.05,2024,3,21,12.5,3,-32_159,22.001205444335938,24.75673484802246,22.556345841528355,25.54290263883529,2004,Lord Howe Island Marine Park,1
Parma polylepis,-31.51,159.05,2024,3,21,15,4,-32_159,22.001205444335938,24.75673484802246,22.556345841528355,25.54290263883529,2004,Lord Howe Island Marine Park,1
Parma polylepis,-31.51,159.05,2024,3,21,20,2,-32_159,22.001205444335938,24.75673484802246,22.556345841528355,25.54290263883529,2004,Lord Howe Island Marine Park,1
Parma polylepis,-31.53,159.05,2024,3,20,15,3,-32_159,22.001205444335938,24.75673484802246,22.556345841528355,25.54290263883529,NA,NA,0
Parma polylepis,-31.53,159.05,2024,3,20,20,2,-32_159,22.001205444335938,24.75673484802246,22.556345841528355,25.54290263883529,NA,NA,0
Parma polylepis,-31.53,159.05,2024,3,20,12.5,4,-32_159,22.001205444335938,24.75673484802246,22.556345841528355,25.54290263883529,NA,NA,0
Parma polylepis,-31.53,159.05,2024,3,20,15,5,-32_159,22.001205444335938,24.75673484802246,22.556345841528355,25.54290263883529,NA,NA,0
Parma polylepis,-31.56,159.07,2024,3,25,20,4,-32_159,22.001205444335938,24.75673484802246,22.556345841528355,25.54290263883529,NA,NA,0
Parma polylepis,-31.56,159.07,2024,3,25,20,10,-32_159,22.001205444335938,24.75673484802246,22.556345841528355,25.54290263883529,NA,NA,0
Parma polylepis,-31.58,159.07,2024,3,19,25,4,-32_159,22.001205444335938,24.75673484802246,22.556345841528355,25.54290263883529,NA,NA,0
Parma polylepis,-31.58,159.07,2024,3,19,15,2,-32_159,22.001205444335938,24.75673484802246,22.556345841528355,25.54290263883529,NA,NA,0
Parma polylepis,-31.5,159.07,2024,3,26,2.5,1,-32_159,22.001205444335938,24.75673484802246,22.556345841528355,25.54290263883529,2004,Lord Howe Island Marine Park,1
Parma polylepis,-31.5,159.07,2024,3,26,25,6,-32_159,22.001205444335938,24.75673484802246,22.556345841528355,25.54290263883529,2004,Lord Howe Island Marine Park,1
Parma polylepis,-31.5,159.07,2024,3,26,5,3,-32_159,22.001205444335938,24.75673484802246,22.556345841528355,25.54290263883529,2004,Lord Howe Island Marine Park,1
Parma polylepis,-31.5,159.07,2024,3,26,15,2,-32_159,22.001205444335938,24.75673484802246,22.556345841528355,25.54290263883529,2004,Lord Howe Island Marine Park,1
Parma polylepis,-31.55,159.06,2024,3,19,20,2,-32_159,22.001205444335938,24.75673484802246,22.556345841528355,25.54290263883529,2004,Lord Howe Island Marine Park,1
Parma polylepis,-31.52,159.04,2024,3,20,15,2,-32_159,22.001205444335938,24.75673484802246,22.556345841528355,25.54290263883529,NA,NA,0
Parma polylepis,-31.52,159.04,2024,3,20,20,2,-32_159,22.001205444335938,24.75673484802246,22.556345841528355,25.54290263883529,NA,NA,0
Parma polylepis,-31.52,159.04,2024,3,20,12.5,3,-32_159,22.001205444335938,24.75673484802246,22.556345841528355,25.54290263883529,NA,NA,0
Parma polylepis,-31.52,159.04,2024,3,20,15,6,-32_159,22.001205444335938,24.75673484802246,22.556345841528355,25.54290263883529,NA,NA,0
Parma polylepis,-31.52,159.05,2024,3,17,15,1,-32_159,22.001205444335938,24.75673484802246,22.556345841528355,25.54290263883529,2004,Lord Howe Island Marine Park,1
Parma polylepis,-31.52,159.05,2024,3,17,20,3,-32_159,22.001205444335938,24.75673484802246,22.556345841528355,25.54290263883529,2004,Lord Howe Island Marine Park,1
Parma polylepis,-31.52,159.05,2024,3,17,12.5,2,-32_159,22.001205444335938,24.75673484802246,22.556345841528355,25.54290263883529,2004,Lord Howe Island Marine Park,1
Parma polylepis,-31.54,159.07,2024,3,17,5,1,-32_159,22.001205444335938,24.75673484802246,22.556345841528355,25.54290263883529,2004,Lord Howe Island Marine Park,1
Parma polylepis,-31.54,159.07,2024,3,17,10,1,-32_159,22.001205444335938,24.75673484802246,22.556345841528355,25.54290263883529,2004,Lord Howe Island Marine Park,1
Parma polylepis,-31.51,159.04,2024,3,18,20,5,-32_159,22.001205444335938,24.75673484802246,22.556345841528355,25.54290263883529,NA,NA,0
Parma polylepis,-31.51,159.04,2024,3,18,12.5,3,-32_159,22.001205444335938,24.75673484802246,22.556345841528355,25.54290263883529,NA,NA,0
Parma polylepis,-31.51,159.04,2024,3,18,15,3,-32_159,22.001205444335938,24.75673484802246,22.556345841528355,25.54290263883529,NA,NA,0
Parma polylepis,-31.51,159.04,2024,3,18,20,1,-32_159,22.001205444335938,24.75673484802246,22.556345841528355,25.54290263883529,NA,NA,0
Parma polylepis,-31.75,159.24,2024,3,24,25,4,-32_159,22.001205444335938,24.75673484802246,22.556345841528355,25.54290263883529,2004,Lord Howe Island Marine Park,1
Parma polylepis,-31.75,159.24,2024,3,24,5,1,-32_159,22.001205444335938,24.75673484802246,22.556345841528355,25.54290263883529,2004,Lord Howe Island Marine Park,1
Parma polylepis,-31.75,159.24,2024,3,24,15,3,-32_159,22.001205444335938,24.75673484802246,22.556345841528355,25.54290263883529,2004,Lord Howe Island Marine Park,1
Parma polylepis,-31.53,159.06,2024,3,17,15,1,-32_159,22.001205444335938,24.75673484802246,22.556345841528355,25.54290263883529,NA,NA,0
Parma polylepis,-31.53,159.06,2024,3,17,20,2,-32_159,22.001205444335938,24.75673484802246,22.556345841528355,25.54290263883529,NA,NA,0
Parma polylepis,-31.53,159.05,2024,3,20,15,1,-32_159,22.001205444335938,24.75673484802246,22.556345841528355,25.54290263883529,NA,NA,0
Parma polylepis,-31.53,159.05,2024,3,20,20,1,-32_159,22.001205444335938,24.75673484802246,22.556345841528355,25.54290263883529,NA,NA,0
Parma polylepis,-31.53,159.05,2024,3,20,15,2,-32_159,22.001205444335938,24.75673484802246,22.556345841528355,25.54290263883529,NA,NA,0
Parma polylepis,-31.5,159.07,2024,3,26,12.5,1,-32_159,22.001205444335938,24.75673484802246,22.556345841528355,25.54290263883529,2004,Lord Howe Island Marine Park,1
Parma polylepis,-31.5,159.07,2024,3,26,15,5,-32_159,22.001205444335938,24.75673484802246,22.556345841528355,25.54290263883529,2004,Lord Howe Island Marine Park,1
Parma polylepis,-31.5,159.07,2024,3,26,20,2,-32_159,22.001205444335938,24.75673484802246,22.556345841528355,25.54290263883529,2004,Lord Howe Island Marine Park,1
Parma polylepis,-31.54,159.07,2024,3,17,15,2,-32_159,22.001205444335938,24.75673484802246,22.556345841528355,25.54290263883529,2004,Lord Howe Island Marine Park,1
Parma polylepis,-31.54,159.07,2024,3,17,20,3,-32_159,22.001205444335938,24.75673484802246,22.556345841528355,25.54290263883529,2004,Lord Howe Island Marine Park,1
Parma polylepis,-31.5,159.07,2024,3,26,15,2,-32_159,22.001205444335938,24.75673484802246,22.556345841528355,25.54290263883529,2004,Lord Howe Island Marine Park,1
Parma polylepis,-31.5,159.07,2024,3,26,20,2,-32_159,22.001205444335938,24.75673484802246,22.556345841528355,25.54290263883529,2004,Lord Howe Island Marine Park,1
Parma polylepis,-31.5,159.07,2024,3,26,5,2,-32_159,22.001205444335938,24.75673484802246,22.556345841528355,25.54290263883529,2004,Lord Howe Island Marine Park,1
Parma polylepis,-31.5,159.07,2024,3,26,7.5,2,-32_159,22.001205444335938,24.75673484802246,22.556345841528355,25.54290263883529,2004,Lord Howe Island Marine Park,1
Parma polylepis,-31.5,159.07,2024,3,26,15,1,-32_159,22.001205444335938,24.75673484802246,22.556345841528355,25.54290263883529,2004,Lord Howe Island Marine Park,1
Parma polylepis,-31.5,159.07,2024,3,26,20,1,-32_159,22.001205444335938,24.75673484802246,22.556345841528355,25.54290263883529,2004,Lord Howe Island Marine Park,1
Parma polylepis,-31.52,159.04,2024,3,20,20,5,-32_159,22.001205444335938,24.75673484802246,22.556345841528355,25.54290263883529,2004,Lord Howe Island Marine Park,1
Parma polylepis,-31.51,159.04,2024,3,18,12.5,2,-32_159,22.001205444335938,24.75673484802246,22.556345841528355,25.54290263883529,NA,NA,0
Parma polylepis,-31.51,159.04,2024,3,18,15,2,-32_159,22.001205444335938,24.75673484802246,22.556345841528355,25.54290263883529,NA,NA,0
Parma polylepis,-31.51,159.04,2024,3,18,15,3,-32_159,22.001205444335938,24.75673484802246,22.556345841528355,25.54290263883529,NA,NA,0
Parma polylepis,-31.54,159.06,2024,3,17,12.5,1,-32_159,22.001205444335938,24.75673484802246,22.556345841528355,25.54290263883529,2004,Lord Howe Island Marine Park,1
Parma polylepis,-31.54,159.06,2024,3,17,15,2,-32_159,22.001205444335938,24.75673484802246,22.556345841528355,25.54290263883529,2004,Lord Howe Island Marine Park,1
Parma polylepis,-31.54,159.06,2024,3,17,20,2,-32_159,22.001205444335938,24.75673484802246,22.556345841528355,25.54290263883529,2004,Lord Howe Island Marine Park,1
Parma polylepis,-31.53,159.05,2024,3,20,20,3,-32_159,22.001205444335938,24.75673484802246,22.556345841528355,25.54290263883529,NA,NA,0
Parma polylepis,-31.53,159.05,2024,3,20,25,1,-32_159,22.001205444335938,24.75673484802246,22.556345841528355,25.54290263883529,NA,NA,0
Parma polylepis,-31.53,159.05,2024,3,20,20,1,-32_159,22.001205444335938,24.75673484802246,22.556345841528355,25.54290263883529,NA,NA,0
Parma polylepis,-31.53,159.05,2024,3,20,25,2,-32_159,22.001205444335938,24.75673484802246,22.556345841528355,25.54290263883529,NA,NA,0
Parma polylepis,-31.5,159.06,2024,3,21,20,2,-32_159,22.001205444335938,24.75673484802246,22.556345841528355,25.54290263883529,2004,Lord Howe Island Marine Park,1
Parma polylepis,-31.5,159.06,2024,3,21,25,1,-32_159,22.001205444335938,24.75673484802246,22.556345841528355,25.54290263883529,2004,Lord Howe Island Marine Park,1
Parma polylepis,-31.5,159.06,2024,3,21,12.5,3,-32_159,22.001205444335938,24.75673484802246,22.556345841528355,25.54290263883529,2004,Lord Howe Island Marine Park,1
Parma polylepis,-31.5,159.06,2024,3,21,15,4,-32_159,22.001205444335938,24.75673484802246,22.556345841528355,25.54290263883529,2004,Lord Howe Island Marine Park,1
Parma polylepis,-31.76,159.24,2024,3,24,12.5,1,-32_159,22.001205444335938,24.75673484802246,22.556345841528355,25.54290263883529,NA,NA,0
Parma polylepis,-31.56,159.07,2024,3,25,12.5,3,-32_159,22.001205444335938,24.75673484802246,22.556345841528355,25.54290263883529,NA,NA,0
Parma polylepis,-31.56,159.07,2024,3,25,15,4,-32_159,22.001205444335938,24.75673484802246,22.556345841528355,25.54290263883529,NA,NA,0
Parma polylepis,-31.56,159.07,2024,3,25,20,3,-32_159,22.001205444335938,24.75673484802246,22.556345841528355,25.54290263883529,NA,NA,0
Parma polylepis,-31.56,159.07,2024,3,25,12.5,1,-32_159,22.001205444335938,24.75673484802246,22.556345841528355,25.54290263883529,NA,NA,0
Parma polylepis,-31.56,159.07,2024,3,25,20,2,-32_159,22.001205444335938,24.75673484802246,22.556345841528355,25.54290263883529,NA,NA,0
Parma polylepis,-31.51,159.07,2024,3,26,20,5,-32_159,22.001205444335938,24.75673484802246,22.556345841528355,25.54290263883529,2004,Lord Howe Island Marine Park,1
Parma polylepis,-31.51,159.07,2024,3,26,25,1,-32_159,22.001205444335938,24.75673484802246,22.556345841528355,25.54290263883529,2004,Lord Howe Island Marine Park,1
Parma polylepis,-31.51,159.07,2024,3,26,7.5,1,-32_159,22.001205444335938,24.75673484802246,22.556345841528355,25.54290263883529,2004,Lord Howe Island Marine Park,1
Parma polylepis,-31.51,159.07,2024,3,26,15,1,-32_159,22.001205444335938,24.75673484802246,22.556345841528355,25.54290263883529,2004,Lord Howe Island Marine Park,1
