species,latitude,longitude,year,month,day,size_class,total,location,sst_year_met,sst_month_met,sst_mean_annual,sst_month_noaa,year_of_protection,rls_mpa,MPA
Prionurus microlepidotus,-35.1,150.7,2009,8,30,30,1,-35_151,19.915931542714436,17.45913314819336,20.050225972343902,17.282365142658193,2002,Jervis Bay Marine Park,0
Prionurus microlepidotus,-30.21,153.27,2009,8,21,25,1,-30_153,23.06706126530965,20.52087020874023,22.686214861987008,19.92412852625693,NA,NA,0
Prionurus microlepidotus,-30.21,153.27,2009,8,21,30,3,-30_153,23.06706126530965,20.52087020874023,22.686214861987008,19.92412852625693,NA,NA,0
Prionurus microlepidotus,-30.21,153.27,2009,8,21,35,3,-30_153,23.06706126530965,20.52087020874023,22.686214861987008,19.92412852625693,NA,NA,0
Prionurus microlepidotus,-35.13,150.75,2008,5,23,30,1,-35_151,19.43103837966919,19.03557014465332,19.40620510758396,18.734945789460212,NA,NA,0
Prionurus microlepidotus,-35.13,150.75,2008,5,23,40,1,-35_151,19.43103837966919,19.03557014465332,19.40620510758396,18.734945789460212,NA,NA,0
Prionurus microlepidotus,-35.1,150.7,2010,3,26,30,2,-35_151,20.288724263509113,22.983264923095703,20.43436043554655,23.292150046235772,2002,Jervis Bay Marine Park,0
Prionurus microlepidotus,-35.1,150.7,2010,3,26,35,2,-35_151,20.288724263509113,22.983264923095703,20.43436043554655,23.292150046235772,2002,Jervis Bay Marine Park,0
Prionurus microlepidotus,-35.1,150.7,2010,3,26,40,1,-35_151,20.288724263509113,22.983264923095703,20.43436043554655,23.292150046235772,2002,Jervis Bay Marine Park,0
Prionurus microlepidotus,-35.1,150.7,2010,3,26,5,1,-35_151,20.288724263509113,22.983264923095703,20.43436043554655,23.292150046235772,2002,Jervis Bay Marine Park,0
Prionurus microlepidotus,-30.24,153.18,2009,8,21,25,1,-30_153,23.06706126530965,20.52087020874023,22.686214861987008,19.92412852625693,NA,NA,0
Prionurus microlepidotus,-29.93,153.39,2009,8,22,30,2,-30_153,23.06706126530965,20.52087020874023,22.686214861987008,19.92412852625693,NA,NA,0
Prionurus microlepidotus,-35.1,150.7,2010,3,26,25,1,-35_151,20.288724263509113,22.983264923095703,20.43436043554655,23.292150046235772,2002,Jervis Bay Marine Park,0
Prionurus microlepidotus,-35.1,150.7,2010,3,26,5,1,-35_151,20.288724263509113,22.983264923095703,20.43436043554655,23.292150046235772,2002,Jervis Bay Marine Park,0
Prionurus microlepidotus,-35.13,150.75,2010,6,24,10,1,-35_151,20.288724263509113,19.2506046295166,20.43436043554655,19.307443979051374,NA,NA,0
Prionurus microlepidotus,-29.93,153.39,2009,8,22,20,1,-30_153,23.06706126530965,20.52087020874023,22.686214861987008,19.92412852625693,NA,NA,0
Prionurus microlepidotus,-29.93,153.39,2009,8,22,40,5,-30_153,23.06706126530965,20.52087020874023,22.686214861987008,19.92412852625693,NA,NA,0
Prionurus microlepidotus,-29.93,153.39,2009,8,22,50,5,-30_153,23.06706126530965,20.52087020874023,22.686214861987008,19.92412852625693,NA,NA,0
Prionurus microlepidotus,-29.91,153.38,2009,8,22,12.5,1,-30_153,23.06706126530965,20.52087020874023,22.686214861987008,19.92412852625693,2002,Solitary Islands Marine Park,0
Prionurus microlepidotus,-29.91,153.38,2009,8,22,15,2,-30_153,23.06706126530965,20.52087020874023,22.686214861987008,19.92412852625693,2002,Solitary Islands Marine Park,0
Prionurus microlepidotus,-29.91,153.38,2009,8,22,25,1,-30_153,23.06706126530965,20.52087020874023,22.686214861987008,19.92412852625693,2002,Solitary Islands Marine Park,0
Prionurus microlepidotus,-29.91,153.38,2009,8,22,15,20,-30_153,23.06706126530965,20.52087020874023,22.686214861987008,19.92412852625693,2002,Solitary Islands Marine Park,0
Prionurus microlepidotus,-29.91,153.38,2009,8,22,20,15,-30_153,23.06706126530965,20.52087020874023,22.686214861987008,19.92412852625693,2002,Solitary Islands Marine Park,0
Prionurus microlepidotus,-29.91,153.38,2009,8,22,25,10,-30_153,23.06706126530965,20.52087020874023,22.686214861987008,19.92412852625693,2002,Solitary Islands Marine Park,0
Prionurus microlepidotus,-29.91,153.38,2009,8,22,30,12,-30_153,23.06706126530965,20.52087020874023,22.686214861987008,19.92412852625693,2002,Solitary Islands Marine Park,0
Prionurus microlepidotus,-29.91,153.38,2009,8,22,35,2,-30_153,23.06706126530965,20.52087020874023,22.686214861987008,19.92412852625693,2002,Solitary Islands Marine Park,0
Prionurus microlepidotus,-29.91,153.38,2009,8,22,40,1,-30_153,23.06706126530965,20.52087020874023,22.686214861987008,19.92412852625693,2002,Solitary Islands Marine Park,0
Prionurus microlepidotus,-29.91,153.38,2009,8,22,20,5,-30_153,23.06706126530965,20.52087020874023,22.686214861987008,19.92412852625693,2002,Solitary Islands Marine Park,0
Prionurus microlepidotus,-29.91,153.38,2009,8,22,25,10,-30_153,23.06706126530965,20.52087020874023,22.686214861987008,19.92412852625693,2002,Solitary Islands Marine Park,0
Prionurus microlepidotus,-29.91,153.38,2009,8,22,35,1,-30_153,23.06706126530965,20.52087020874023,22.686214861987008,19.92412852625693,2002,Solitary Islands Marine Park,0
Prionurus microlepidotus,-35.1,150.7,2010,6,10,7.5,2,-35_151,20.288724263509113,19.2506046295166,20.43436043554655,19.307443979051374,2002,Jervis Bay Marine Park,0
Prionurus microlepidotus,-35.1,150.7,2010,6,10,10,1,-35_151,20.288724263509113,19.2506046295166,20.43436043554655,19.307443979051374,2002,Jervis Bay Marine Park,0
Prionurus microlepidotus,-35.1,150.7,2010,6,10,30,1,-35_151,20.288724263509113,19.2506046295166,20.43436043554655,19.307443979051374,2002,Jervis Bay Marine Park,0
Prionurus microlepidotus,-35.1,150.7,2010,6,10,35,2,-35_151,20.288724263509113,19.2506046295166,20.43436043554655,19.307443979051374,2002,Jervis Bay Marine Park,0
Prionurus microlepidotus,-35.1,150.7,2010,6,29,10,1,-35_151,20.288724263509113,19.2506046295166,20.43436043554655,19.307443979051374,2002,Jervis Bay Marine Park,0
Prionurus microlepidotus,-30.2,153.27,2009,8,23,20,8,-30_153,23.06706126530965,20.52087020874023,22.686214861987008,19.92412852625693,NA,NA,0
Prionurus microlepidotus,-30.2,153.27,2009,8,23,30,2,-30_153,23.06706126530965,20.52087020874023,22.686214861987008,19.92412852625693,NA,NA,0
Prionurus microlepidotus,-30.2,153.27,2009,8,23,12.5,200,-30_153,23.06706126530965,20.52087020874023,22.686214861987008,19.92412852625693,NA,NA,0
Prionurus microlepidotus,-30.2,153.27,2009,8,23,15,200,-30_153,23.06706126530965,20.52087020874023,22.686214861987008,19.92412852625693,NA,NA,0
Prionurus microlepidotus,-30.2,153.27,2009,8,23,20,200,-30_153,23.06706126530965,20.52087020874023,22.686214861987008,19.92412852625693,NA,NA,0
Prionurus microlepidotus,-30.2,153.27,2009,8,23,25,20,-30_153,23.06706126530965,20.52087020874023,22.686214861987008,19.92412852625693,NA,NA,0
Prionurus microlepidotus,-30.2,153.27,2009,8,23,20,50,-30_153,23.06706126530965,20.52087020874023,22.686214861987008,19.92412852625693,NA,NA,0
Prionurus microlepidotus,-30.2,153.27,2009,8,23,25,75,-30_153,23.06706126530965,20.52087020874023,22.686214861987008,19.92412852625693,NA,NA,0
Prionurus microlepidotus,-30.2,153.27,2009,8,23,30,50,-30_153,23.06706126530965,20.52087020874023,22.686214861987008,19.92412852625693,NA,NA,0
Prionurus microlepidotus,-30.2,153.27,2009,8,23,35,50,-30_153,23.06706126530965,20.52087020874023,22.686214861987008,19.92412852625693,NA,NA,0
Prionurus microlepidotus,-30.2,153.27,2009,8,23,25,4,-30_153,23.06706126530965,20.52087020874023,22.686214861987008,19.92412852625693,NA,NA,0
Prionurus microlepidotus,-30.2,153.27,2009,8,23,30,2,-30_153,23.06706126530965,20.52087020874023,22.686214861987008,19.92412852625693,NA,NA,0
Prionurus microlepidotus,-30.2,153.27,2009,8,23,20,3,-30_153,23.06706126530965,20.52087020874023,22.686214861987008,19.92412852625693,NA,NA,0
Prionurus microlepidotus,-30.2,153.27,2009,8,23,25,1,-30_153,23.06706126530965,20.52087020874023,22.686214861987008,19.92412852625693,NA,NA,0
Prionurus microlepidotus,-35.1,150.7,2010,7,30,10,1,-35_151,20.288724263509113,17.58646583557129,20.43436043554655,18.447526419034567,2002,Jervis Bay Marine Park,0
Prionurus microlepidotus,-29.91,153.38,2009,8,22,7.5,2,-30_153,23.06706126530965,20.52087020874023,22.686214861987008,19.92412852625693,2002,Solitary Islands Marine Park,0
Prionurus microlepidotus,-30.2,153.27,2009,8,23,10,2,-30_153,23.06706126530965,20.52087020874023,22.686214861987008,19.92412852625693,2002,Solitary Islands Marine Park,0
Prionurus microlepidotus,-30.2,153.27,2009,8,23,12.5,2,-30_153,23.06706126530965,20.52087020874023,22.686214861987008,19.92412852625693,2002,Solitary Islands Marine Park,0
Prionurus microlepidotus,-30.2,153.27,2009,8,23,15,8,-30_153,23.06706126530965,20.52087020874023,22.686214861987008,19.92412852625693,2002,Solitary Islands Marine Park,0
Prionurus microlepidotus,-30.2,153.27,2009,8,23,20,10,-30_153,23.06706126530965,20.52087020874023,22.686214861987008,19.92412852625693,2002,Solitary Islands Marine Park,0
Prionurus microlepidotus,-30.2,153.27,2009,8,23,25,15,-30_153,23.06706126530965,20.52087020874023,22.686214861987008,19.92412852625693,2002,Solitary Islands Marine Park,0
Prionurus microlepidotus,-30.2,153.27,2009,8,23,30,1,-30_153,23.06706126530965,20.52087020874023,22.686214861987008,19.92412852625693,2002,Solitary Islands Marine Park,0
Prionurus microlepidotus,-30.2,153.27,2009,8,23,15,5,-30_153,23.06706126530965,20.52087020874023,22.686214861987008,19.92412852625693,2002,Solitary Islands Marine Park,0
Prionurus microlepidotus,-30.2,153.27,2009,8,23,20,15,-30_153,23.06706126530965,20.52087020874023,22.686214861987008,19.92412852625693,2002,Solitary Islands Marine Park,0
Prionurus microlepidotus,-30.2,153.27,2009,8,23,25,10,-30_153,23.06706126530965,20.52087020874023,22.686214861987008,19.92412852625693,2002,Solitary Islands Marine Park,0
Prionurus microlepidotus,-30.2,153.27,2009,8,23,30,5,-30_153,23.06706126530965,20.52087020874023,22.686214861987008,19.92412852625693,2002,Solitary Islands Marine Park,0
Prionurus microlepidotus,-30.2,153.27,2009,8,23,30,60,-30_153,23.06706126530965,20.52087020874023,22.686214861987008,19.92412852625693,2002,Solitary Islands Marine Park,0
Prionurus microlepidotus,-30.2,153.27,2009,8,23,20,50,-30_153,23.06706126530965,20.52087020874023,22.686214861987008,19.92412852625693,2002,Solitary Islands Marine Park,0
Prionurus microlepidotus,-30.2,153.27,2009,8,23,25,50,-30_153,23.06706126530965,20.52087020874023,22.686214861987008,19.92412852625693,2002,Solitary Islands Marine Park,0
Prionurus microlepidotus,-30.2,153.27,2009,8,23,35,50,-30_153,23.06706126530965,20.52087020874023,22.686214861987008,19.92412852625693,2002,Solitary Islands Marine Park,0
Prionurus microlepidotus,-30.2,153.27,2009,8,23,40,50,-30_153,23.06706126530965,20.52087020874023,22.686214861987008,19.92412852625693,2002,Solitary Islands Marine Park,0
Prionurus microlepidotus,-29.93,153.39,2009,8,22,20,2,-30_153,23.06706126530965,20.52087020874023,22.686214861987008,19.92412852625693,NA,NA,0
Prionurus microlepidotus,-29.93,153.39,2009,8,22,25,6,-30_153,23.06706126530965,20.52087020874023,22.686214861987008,19.92412852625693,NA,NA,0
Prionurus microlepidotus,-29.93,153.39,2009,8,22,30,3,-30_153,23.06706126530965,20.52087020874023,22.686214861987008,19.92412852625693,NA,NA,0
Prionurus microlepidotus,-30.2,153.27,2009,8,23,20,1,-30_153,23.06706126530965,20.52087020874023,22.686214861987008,19.92412852625693,2002,Solitary Islands Marine Park,0
Prionurus microlepidotus,-30.2,153.27,2009,8,23,25,2,-30_153,23.06706126530965,20.52087020874023,22.686214861987008,19.92412852625693,2002,Solitary Islands Marine Park,0
Prionurus microlepidotus,-30.2,153.27,2009,8,23,35,3,-30_153,23.06706126530965,20.52087020874023,22.686214861987008,19.92412852625693,2002,Solitary Islands Marine Park,0
Prionurus microlepidotus,-30.2,153.27,2009,8,23,30,60,-30_153,23.06706126530965,20.52087020874023,22.686214861987008,19.92412852625693,2002,Solitary Islands Marine Park,0
Prionurus microlepidotus,-29.92,153.39,2008,6,6,35,1,-30_153,22.653018315633137,21.416675567626953,22.558126750103757,21.95133284250895,2002,Solitary Islands Marine Park,0
Prionurus microlepidotus,-29.92,153.39,2008,6,6,40,1,-30_153,22.653018315633137,21.416675567626953,22.558126750103757,21.95133284250895,2002,Solitary Islands Marine Park,0
Prionurus microlepidotus,-29.92,153.39,2008,6,6,50,1,-30_153,22.653018315633137,21.416675567626953,22.558126750103757,21.95133284250895,2002,Solitary Islands Marine Park,0
Prionurus microlepidotus,-29.92,153.39,2008,6,6,40,2,-30_153,22.653018315633137,21.416675567626953,22.558126750103757,21.95133284250895,2002,Solitary Islands Marine Park,0
Prionurus microlepidotus,-29.92,153.39,2009,8,21,25,2,-30_153,23.06706126530965,20.52087020874023,22.686214861987008,19.92412852625693,2002,Solitary Islands Marine Park,0
Prionurus microlepidotus,-29.92,153.39,2009,8,21,10,1,-30_153,23.06706126530965,20.52087020874023,22.686214861987008,19.92412852625693,2002,Solitary Islands Marine Park,0
Prionurus microlepidotus,-29.92,153.39,2009,8,21,40,7,-30_153,23.06706126530965,20.52087020874023,22.686214861987008,19.92412852625693,2002,Solitary Islands Marine Park,0
Prionurus microlepidotus,-29.92,153.39,2009,8,21,35,2,-30_153,23.06706126530965,20.52087020874023,22.686214861987008,19.92412852625693,2002,Solitary Islands Marine Park,0
Prionurus microlepidotus,-29.92,153.39,2009,8,21,40,1,-30_153,23.06706126530965,20.52087020874023,22.686214861987008,19.92412852625693,2002,Solitary Islands Marine Park,0
Prionurus microlepidotus,-29.92,153.39,2009,8,21,35,15,-30_153,23.06706126530965,20.52087020874023,22.686214861987008,19.92412852625693,2002,Solitary Islands Marine Park,0
Prionurus microlepidotus,-29.92,153.39,2009,8,21,40,15,-30_153,23.06706126530965,20.52087020874023,22.686214861987008,19.92412852625693,2002,Solitary Islands Marine Park,0
Prionurus microlepidotus,-30.02,153.27,2008,6,7,35,80,-30_153,22.653018315633137,21.416675567626953,22.558126750103757,21.95133284250895,2002,Solitary Islands Marine Park,0
Prionurus microlepidotus,-30.02,153.27,2008,6,7,40,100,-30_153,22.653018315633137,21.416675567626953,22.558126750103757,21.95133284250895,2002,Solitary Islands Marine Park,0
Prionurus microlepidotus,-30.02,153.27,2008,6,7,50,50,-30_153,22.653018315633137,21.416675567626953,22.558126750103757,21.95133284250895,2002,Solitary Islands Marine Park,0
Prionurus microlepidotus,-30.02,153.27,2008,6,7,25,3,-30_153,22.653018315633137,21.416675567626953,22.558126750103757,21.95133284250895,2002,Solitary Islands Marine Park,0
Prionurus microlepidotus,-30.02,153.27,2008,6,7,30,2,-30_153,22.653018315633137,21.416675567626953,22.558126750103757,21.95133284250895,2002,Solitary Islands Marine Park,0
Prionurus microlepidotus,-30.02,153.27,2008,6,7,35,3,-30_153,22.653018315633137,21.416675567626953,22.558126750103757,21.95133284250895,2002,Solitary Islands Marine Park,0
Prionurus microlepidotus,-30.02,153.27,2008,6,7,40,8,-30_153,22.653018315633137,21.416675567626953,22.558126750103757,21.95133284250895,2002,Solitary Islands Marine Park,0
Prionurus microlepidotus,-32.68,152.16,2010,4,18,7.5,3,-33_152,21.71309455235799,23.75311279296875,21.233464664610445,23.756860531700983,NA,NA,0
Prionurus microlepidotus,-30.02,153.27,2008,6,7,30,2,-30_153,22.653018315633137,21.416675567626953,22.558126750103757,21.95133284250895,2002,Solitary Islands Marine Park,0
Prionurus microlepidotus,-30.02,153.27,2008,6,7,35,3,-30_153,22.653018315633137,21.416675567626953,22.558126750103757,21.95133284250895,2002,Solitary Islands Marine Park,0
Prionurus microlepidotus,-30.02,153.27,2008,6,7,40,5,-30_153,22.653018315633137,21.416675567626953,22.558126750103757,21.95133284250895,2002,Solitary Islands Marine Park,0
Prionurus microlepidotus,-30.02,153.27,2008,6,7,25,50,-30_153,22.653018315633137,21.416675567626953,22.558126750103757,21.95133284250895,2002,Solitary Islands Marine Park,0
Prionurus microlepidotus,-33.09,151.64,2009,10,18,25,5,-33_152,21.148912747701008,20.110031127929688,20.95820614353018,19.533924343765424,NA,NA,0
Prionurus microlepidotus,-33.09,151.64,2009,10,18,25,3,-33_152,21.148912747701008,20.110031127929688,20.95820614353018,19.533924343765424,NA,NA,0
Prionurus microlepidotus,-29.92,153.39,2008,6,6,50,1,-30_153,22.653018315633137,21.416675567626953,22.558126750103757,21.95133284250895,2002,Solitary Islands Marine Park,0
Prionurus microlepidotus,-29.92,153.39,2008,6,6,40,1,-30_153,22.653018315633137,21.416675567626953,22.558126750103757,21.95133284250895,2002,Solitary Islands Marine Park,0
Prionurus microlepidotus,-29.92,153.39,2008,6,6,50,3,-30_153,22.653018315633137,21.416675567626953,22.558126750103757,21.95133284250895,2002,Solitary Islands Marine Park,0
Prionurus microlepidotus,-29.93,153.39,2008,6,6,30,1,-30_153,22.653018315633137,21.416675567626953,22.558126750103757,21.95133284250895,2002,Solitary Islands Marine Park,0
Prionurus microlepidotus,-29.93,153.39,2008,6,6,25,1,-30_153,22.653018315633137,21.416675567626953,22.558126750103757,21.95133284250895,2002,Solitary Islands Marine Park,0
Prionurus microlepidotus,-29.92,153.39,2008,6,6,50,1,-30_153,22.653018315633137,21.416675567626953,22.558126750103757,21.95133284250895,2002,Solitary Islands Marine Park,0
Prionurus microlepidotus,-33.08,151.65,2010,1,16,10,1,-33_152,21.71309455235799,23.890216827392575,21.233464664610445,23.48766078743883,NA,NA,0
Prionurus microlepidotus,-33.08,151.65,2010,1,16,20,1,-33_152,21.71309455235799,23.890216827392575,21.233464664610445,23.48766078743883,NA,NA,0
Prionurus microlepidotus,-33.08,151.65,2010,1,16,25,1,-33_152,21.71309455235799,23.890216827392575,21.233464664610445,23.48766078743883,NA,NA,0
Prionurus microlepidotus,-33.09,151.67,2009,12,19,2.5,1,-33_152,21.148912747701008,22.42232894897461,20.95820614353018,21.818467263252504,NA,NA,0
Prionurus microlepidotus,-32.6,152.32,2009,5,8,7.5,1,-33_152,21.148912747701008,20.721540451049805,20.95820614353018,22.08618232768069,NA,NA,0
Prionurus microlepidotus,-32.69,152.22,2009,5,9,12.5,1,-33_152,21.148912747701008,20.721540451049805,20.95820614353018,22.08618232768069,NA,NA,0
Prionurus microlepidotus,-30.2,153.26,2009,8,22,20,1,-30_153,23.06706126530965,20.52087020874023,22.686214861987008,19.92412852625693,2002,Solitary Islands Marine Park,0
Prionurus microlepidotus,-32.69,152.22,2009,11,21,15,2,-33_152,21.148912747701008,21.234846115112305,20.95820614353018,21.01616621547275,NA,NA,0
Prionurus microlepidotus,-32.69,152.22,2010,4,24,12.5,5,-33_152,21.71309455235799,23.75311279296875,21.233464664610445,23.756860531700983,NA,NA,0
Prionurus microlepidotus,-32.69,152.22,2010,4,24,12.5,3,-33_152,21.71309455235799,23.75311279296875,21.233464664610445,23.756860531700983,NA,NA,0
Prionurus microlepidotus,-32.69,152.22,2010,4,24,15,2,-33_152,21.71309455235799,23.75311279296875,21.233464664610445,23.756860531700983,NA,NA,0
Prionurus microlepidotus,-35.12,150.77,2008,5,6,25,8,-35_151,19.43103837966919,19.03557014465332,19.40620510758396,18.734945789460212,2002,Jervis Bay Marine Park,0
Prionurus microlepidotus,-35.12,150.77,2008,5,6,12.5,3,-35_151,19.43103837966919,19.03557014465332,19.40620510758396,18.734945789460212,2002,Jervis Bay Marine Park,0
Prionurus microlepidotus,-32.74,152.19,2009,5,9,12.5,1,-33_152,21.148912747701008,20.721540451049805,20.95820614353018,22.08618232768069,NA,NA,0
Prionurus microlepidotus,-30.02,153.27,2008,6,5,35,15,-30_153,22.653018315633137,21.416675567626953,22.558126750103757,21.95133284250895,2002,Solitary Islands Marine Park,0
Prionurus microlepidotus,-30.02,153.27,2008,6,5,40,1,-30_153,22.653018315633137,21.416675567626953,22.558126750103757,21.95133284250895,2002,Solitary Islands Marine Park,0
Prionurus microlepidotus,-30.02,153.27,2008,6,5,30,1,-30_153,22.653018315633137,21.416675567626953,22.558126750103757,21.95133284250895,2002,Solitary Islands Marine Park,0
Prionurus microlepidotus,-30.02,153.27,2008,9,18,25,6,-30_153,22.653018315633137,20.56359481811523,22.558126750103757,20.00886617024739,2002,Solitary Islands Marine Park,0
Prionurus microlepidotus,-30.02,153.27,2008,9,18,20,1,-30_153,22.653018315633137,20.56359481811523,22.558126750103757,20.00886617024739,2002,Solitary Islands Marine Park,0
Prionurus microlepidotus,-30.2,153.27,2008,6,10,15,1,-30_153,22.653018315633137,21.416675567626953,22.558126750103757,21.95133284250895,2002,Solitary Islands Marine Park,0
Prionurus microlepidotus,-30.2,153.27,2008,6,10,15,2,-30_153,22.653018315633137,21.416675567626953,22.558126750103757,21.95133284250895,2002,Solitary Islands Marine Park,0
Prionurus microlepidotus,-32.71,152.16,2009,5,11,7.5,4,-33_152,21.148912747701008,20.721540451049805,20.95820614353018,22.08618232768069,1983,Fly Point-Halifax Park,1
Prionurus microlepidotus,-32.71,152.16,2009,5,11,10,3,-33_152,21.148912747701008,20.721540451049805,20.95820614353018,22.08618232768069,1983,Fly Point-Halifax Park,1
Prionurus microlepidotus,-32.71,152.16,2009,5,11,12.5,1,-33_152,21.148912747701008,20.721540451049805,20.95820614353018,22.08618232768069,1983,Fly Point-Halifax Park,1
Prionurus microlepidotus,-32.71,152.16,2009,5,11,7.5,2,-33_152,21.148912747701008,20.721540451049805,20.95820614353018,22.08618232768069,1983,Fly Point-Halifax Park,1
Prionurus microlepidotus,-32.71,152.16,2009,5,11,10,4,-33_152,21.148912747701008,20.721540451049805,20.95820614353018,22.08618232768069,1983,Fly Point-Halifax Park,1
Prionurus microlepidotus,-32.71,152.16,2009,5,11,12.5,1,-33_152,21.148912747701008,20.721540451049805,20.95820614353018,22.08618232768069,1983,Fly Point-Halifax Park,1
Prionurus microlepidotus,-32.71,152.16,2009,5,11,15,1,-33_152,21.148912747701008,20.721540451049805,20.95820614353018,22.08618232768069,1983,Fly Point-Halifax Park,1
Prionurus microlepidotus,-32.71,152.16,2009,5,11,7.5,1,-33_152,21.148912747701008,20.721540451049805,20.95820614353018,22.08618232768069,1983,Fly Point-Halifax Park,1
Prionurus microlepidotus,-32.71,152.16,2009,5,11,12.5,5,-33_152,21.148912747701008,20.721540451049805,20.95820614353018,22.08618232768069,1983,Fly Point-Halifax Park,1
Prionurus microlepidotus,-32.71,152.16,2009,5,11,15,5,-33_152,21.148912747701008,20.721540451049805,20.95820614353018,22.08618232768069,1983,Fly Point-Halifax Park,1
Prionurus microlepidotus,-32.71,152.16,2009,5,11,25,1,-33_152,21.148912747701008,20.721540451049805,20.95820614353018,22.08618232768069,1983,Fly Point-Halifax Park,1
Prionurus microlepidotus,-32.71,152.16,2009,5,11,7.5,10,-33_152,21.148912747701008,20.721540451049805,20.95820614353018,22.08618232768069,1983,Fly Point-Halifax Park,1
Prionurus microlepidotus,-32.71,152.16,2009,5,11,10,5,-33_152,21.148912747701008,20.721540451049805,20.95820614353018,22.08618232768069,1983,Fly Point-Halifax Park,1
Prionurus microlepidotus,-32.71,152.16,2009,5,11,20,3,-33_152,21.148912747701008,20.721540451049805,20.95820614353018,22.08618232768069,1983,Fly Point-Halifax Park,1
Prionurus microlepidotus,-32.71,152.16,2009,5,11,12.5,2,-33_152,21.148912747701008,20.721540451049805,20.95820614353018,22.08618232768069,1983,Fly Point-Halifax Park,1
Prionurus microlepidotus,-32.71,152.16,2009,5,11,15,20,-33_152,21.148912747701008,20.721540451049805,20.95820614353018,22.08618232768069,1983,Fly Point-Halifax Park,1
Prionurus microlepidotus,-30.21,153.27,2008,6,10,25,1,-30_153,22.653018315633137,21.416675567626953,22.558126750103757,21.95133284250895,2002,Solitary Islands Marine Park,0
Prionurus microlepidotus,-32.71,152.16,2009,5,11,12.5,6,-33_152,21.148912747701008,20.721540451049805,20.95820614353018,22.08618232768069,1983,Fly Point-Halifax Park,1
Prionurus microlepidotus,-32.71,152.16,2009,5,11,15,11,-33_152,21.148912747701008,20.721540451049805,20.95820614353018,22.08618232768069,1983,Fly Point-Halifax Park,1
Prionurus microlepidotus,-32.71,152.16,2009,5,11,20,3,-33_152,21.148912747701008,20.721540451049805,20.95820614353018,22.08618232768069,1983,Fly Point-Halifax Park,1
Prionurus microlepidotus,-32.71,152.16,2009,5,11,25,2,-33_152,21.148912747701008,20.721540451049805,20.95820614353018,22.08618232768069,1983,Fly Point-Halifax Park,1
Prionurus microlepidotus,-30.21,153.27,2008,6,10,25,2,-30_153,22.653018315633137,21.416675567626953,22.558126750103757,21.95133284250895,2002,Solitary Islands Marine Park,0
Prionurus microlepidotus,-30.21,153.27,2009,8,24,20,3,-30_153,23.06706126530965,20.52087020874023,22.686214861987008,19.92412852625693,2002,Solitary Islands Marine Park,0
Prionurus microlepidotus,-30.21,153.27,2009,8,24,25,1,-30_153,23.06706126530965,20.52087020874023,22.686214861987008,19.92412852625693,2002,Solitary Islands Marine Park,0
Prionurus microlepidotus,-30.21,153.27,2009,8,24,12.5,2,-30_153,23.06706126530965,20.52087020874023,22.686214861987008,19.92412852625693,2002,Solitary Islands Marine Park,0
Prionurus microlepidotus,-30.21,153.27,2009,8,24,15,2,-30_153,23.06706126530965,20.52087020874023,22.686214861987008,19.92412852625693,2002,Solitary Islands Marine Park,0
Prionurus microlepidotus,-30.21,153.27,2009,8,24,30,2,-30_153,23.06706126530965,20.52087020874023,22.686214861987008,19.92412852625693,2002,Solitary Islands Marine Park,0
Prionurus microlepidotus,-30.21,153.27,2009,8,24,15,1,-30_153,23.06706126530965,20.52087020874023,22.686214861987008,19.92412852625693,2002,Solitary Islands Marine Park,0
Prionurus microlepidotus,-30.21,153.27,2009,8,24,40,1,-30_153,23.06706126530965,20.52087020874023,22.686214861987008,19.92412852625693,2002,Solitary Islands Marine Park,0
Prionurus microlepidotus,-32.71,152.16,2009,5,11,20,5,-33_152,21.148912747701008,20.721540451049805,20.95820614353018,22.08618232768069,1983,Fly Point-Halifax Park,1
Prionurus microlepidotus,-32.71,152.16,2009,5,11,25,3,-33_152,21.148912747701008,20.721540451049805,20.95820614353018,22.08618232768069,1983,Fly Point-Halifax Park,1
Prionurus microlepidotus,-32.71,152.16,2009,9,9,12.5,2,-33_152,21.148912747701008,19.250011444091797,20.95820614353018,18.54611071480645,1983,Fly Point-Halifax Park,1
Prionurus microlepidotus,-32.71,152.16,2009,9,9,5,2,-33_152,21.148912747701008,19.250011444091797,20.95820614353018,18.54611071480645,1983,Fly Point-Halifax Park,1
Prionurus microlepidotus,-32.71,152.16,2009,9,9,7.5,2,-33_152,21.148912747701008,19.250011444091797,20.95820614353018,18.54611071480645,1983,Fly Point-Halifax Park,1
Prionurus microlepidotus,-32.71,152.16,2009,9,9,10,1,-33_152,21.148912747701008,19.250011444091797,20.95820614353018,18.54611071480645,1983,Fly Point-Halifax Park,1
Prionurus microlepidotus,-32.71,152.16,2009,10,18,10,5,-33_152,21.148912747701008,20.110031127929688,20.95820614353018,19.533924343765424,1983,Fly Point-Halifax Park,1
Prionurus microlepidotus,-32.71,152.16,2009,10,18,12.5,15,-33_152,21.148912747701008,20.110031127929688,20.95820614353018,19.533924343765424,1983,Fly Point-Halifax Park,1
Prionurus microlepidotus,-32.71,152.16,2009,10,18,15,15,-33_152,21.148912747701008,20.110031127929688,20.95820614353018,19.533924343765424,1983,Fly Point-Halifax Park,1
Prionurus microlepidotus,-32.71,152.16,2009,10,18,20,3,-33_152,21.148912747701008,20.110031127929688,20.95820614353018,19.533924343765424,1983,Fly Point-Halifax Park,1
Prionurus microlepidotus,-32.71,152.16,2009,10,18,25,2,-33_152,21.148912747701008,20.110031127929688,20.95820614353018,19.533924343765424,1983,Fly Point-Halifax Park,1
Prionurus microlepidotus,-32.71,152.16,2009,10,18,5,30,-33_152,21.148912747701008,20.110031127929688,20.95820614353018,19.533924343765424,1983,Fly Point-Halifax Park,1
Prionurus microlepidotus,-32.71,152.16,2009,10,18,7.5,20,-33_152,21.148912747701008,20.110031127929688,20.95820614353018,19.533924343765424,1983,Fly Point-Halifax Park,1
Prionurus microlepidotus,-32.71,152.16,2009,10,18,10,10,-33_152,21.148912747701008,20.110031127929688,20.95820614353018,19.533924343765424,1983,Fly Point-Halifax Park,1
Prionurus microlepidotus,-32.71,152.16,2009,10,18,12.5,10,-33_152,21.148912747701008,20.110031127929688,20.95820614353018,19.533924343765424,1983,Fly Point-Halifax Park,1
Prionurus microlepidotus,-32.71,152.16,2009,10,18,15,2,-33_152,21.148912747701008,20.110031127929688,20.95820614353018,19.533924343765424,1983,Fly Point-Halifax Park,1
Prionurus microlepidotus,-32.71,152.16,2009,10,18,20,2,-33_152,21.148912747701008,20.110031127929688,20.95820614353018,19.533924343765424,1983,Fly Point-Halifax Park,1
Prionurus microlepidotus,-32.71,152.16,2010,2,20,10,30,-33_152,21.71309455235799,24.95189094543457,21.233464664610445,23.99877924010867,1983,Fly Point-Halifax Park,1
Prionurus microlepidotus,-32.71,152.16,2010,2,20,12.5,25,-33_152,21.71309455235799,24.95189094543457,21.233464664610445,23.99877924010867,1983,Fly Point-Halifax Park,1
Prionurus microlepidotus,-32.71,152.16,2010,2,20,15,30,-33_152,21.71309455235799,24.95189094543457,21.233464664610445,23.99877924010867,1983,Fly Point-Halifax Park,1
Prionurus microlepidotus,-32.71,152.16,2010,2,20,10,20,-33_152,21.71309455235799,24.95189094543457,21.233464664610445,23.99877924010867,1983,Fly Point-Halifax Park,1
Prionurus microlepidotus,-32.71,152.16,2010,2,20,12.5,12,-33_152,21.71309455235799,24.95189094543457,21.233464664610445,23.99877924010867,1983,Fly Point-Halifax Park,1
Prionurus microlepidotus,-32.71,152.16,2010,6,19,7.5,4,-33_152,21.71309455235799,20.412281036376953,21.233464664610445,20.638221799002753,1983,Fly Point-Halifax Park,1
Prionurus microlepidotus,-32.71,152.16,2010,6,19,12.5,2,-33_152,21.71309455235799,20.412281036376953,21.233464664610445,20.638221799002753,1983,Fly Point-Halifax Park,1
Prionurus microlepidotus,-32.71,152.16,2010,6,19,7.5,6,-33_152,21.71309455235799,20.412281036376953,21.233464664610445,20.638221799002753,1983,Fly Point-Halifax Park,1
Prionurus microlepidotus,-32.71,152.16,2010,6,19,15,4,-33_152,21.71309455235799,20.412281036376953,21.233464664610445,20.638221799002753,1983,Fly Point-Halifax Park,1
Prionurus microlepidotus,-32.71,152.15,2009,5,10,10,11,-33_152,21.148912747701008,20.721540451049805,20.95820614353018,22.08618232768069,1983,Fly Point-Halifax Park,1
Prionurus microlepidotus,-32.71,152.15,2009,5,10,5,10,-33_152,21.148912747701008,20.721540451049805,20.95820614353018,22.08618232768069,1983,Fly Point-Halifax Park,1
Prionurus microlepidotus,-32.71,152.15,2009,5,10,7.5,6,-33_152,21.148912747701008,20.721540451049805,20.95820614353018,22.08618232768069,1983,Fly Point-Halifax Park,1
Prionurus microlepidotus,-32.71,152.15,2009,5,10,12.5,6,-33_152,21.148912747701008,20.721540451049805,20.95820614353018,22.08618232768069,1983,Fly Point-Halifax Park,1
Prionurus microlepidotus,-32.71,152.15,2009,5,10,15,15,-33_152,21.148912747701008,20.721540451049805,20.95820614353018,22.08618232768069,1983,Fly Point-Halifax Park,1
Prionurus microlepidotus,-32.71,152.15,2009,5,10,20,6,-33_152,21.148912747701008,20.721540451049805,20.95820614353018,22.08618232768069,1983,Fly Point-Halifax Park,1
Prionurus microlepidotus,-32.71,152.15,2009,5,10,25,10,-33_152,21.148912747701008,20.721540451049805,20.95820614353018,22.08618232768069,1983,Fly Point-Halifax Park,1
Prionurus microlepidotus,-32.71,152.15,2009,5,10,5,1,-33_152,21.148912747701008,20.721540451049805,20.95820614353018,22.08618232768069,1983,Fly Point-Halifax Park,1
Prionurus microlepidotus,-32.71,152.15,2009,5,10,7.5,12,-33_152,21.148912747701008,20.721540451049805,20.95820614353018,22.08618232768069,1983,Fly Point-Halifax Park,1
Prionurus microlepidotus,-32.71,152.15,2009,5,10,12.5,15,-33_152,21.148912747701008,20.721540451049805,20.95820614353018,22.08618232768069,1983,Fly Point-Halifax Park,1
Prionurus microlepidotus,-32.71,152.15,2009,5,10,15,10,-33_152,21.148912747701008,20.721540451049805,20.95820614353018,22.08618232768069,1983,Fly Point-Halifax Park,1
Prionurus microlepidotus,-32.71,152.15,2009,5,10,25,2,-33_152,21.148912747701008,20.721540451049805,20.95820614353018,22.08618232768069,1983,Fly Point-Halifax Park,1
Prionurus microlepidotus,-32.71,152.15,2009,5,10,35,4,-33_152,21.148912747701008,20.721540451049805,20.95820614353018,22.08618232768069,1983,Fly Point-Halifax Park,1
Prionurus microlepidotus,-32.71,152.15,2009,5,11,7.5,1,-33_152,21.148912747701008,20.721540451049805,20.95820614353018,22.08618232768069,1983,Fly Point-Halifax Park,1
Prionurus microlepidotus,-32.71,152.15,2009,5,11,7.5,2,-33_152,21.148912747701008,20.721540451049805,20.95820614353018,22.08618232768069,1983,Fly Point-Halifax Park,1
Prionurus microlepidotus,-32.71,152.15,2009,5,11,10,2,-33_152,21.148912747701008,20.721540451049805,20.95820614353018,22.08618232768069,1983,Fly Point-Halifax Park,1
Prionurus microlepidotus,-32.71,152.15,2009,5,11,12.5,3,-33_152,21.148912747701008,20.721540451049805,20.95820614353018,22.08618232768069,1983,Fly Point-Halifax Park,1
Prionurus microlepidotus,-32.71,152.15,2009,5,11,7.5,4,-33_152,21.148912747701008,20.721540451049805,20.95820614353018,22.08618232768069,1983,Fly Point-Halifax Park,1
Prionurus microlepidotus,-32.71,152.15,2009,5,11,10,1,-33_152,21.148912747701008,20.721540451049805,20.95820614353018,22.08618232768069,1983,Fly Point-Halifax Park,1
Prionurus microlepidotus,-32.71,152.15,2009,5,11,12.5,2,-33_152,21.148912747701008,20.721540451049805,20.95820614353018,22.08618232768069,1983,Fly Point-Halifax Park,1
Prionurus microlepidotus,-32.71,152.15,2009,6,28,7.5,10,-33_152,21.148912747701008,19.543521881103516,20.95820614353018,20.194027339087594,1983,Fly Point-Halifax Park,1
Prionurus microlepidotus,-32.71,152.15,2009,8,15,12.5,1,-33_152,21.148912747701008,19.017101287841797,20.95820614353018,18.049354435295182,1983,Fly Point-Halifax Park,1
Prionurus microlepidotus,-32.71,152.15,2009,8,15,15,2,-33_152,21.148912747701008,19.017101287841797,20.95820614353018,18.049354435295182,1983,Fly Point-Halifax Park,1
Prionurus microlepidotus,-32.71,152.15,2009,8,15,20,2,-33_152,21.148912747701008,19.017101287841797,20.95820614353018,18.049354435295182,1983,Fly Point-Halifax Park,1
Prionurus microlepidotus,-32.71,152.15,2009,8,15,25,5,-33_152,21.148912747701008,19.017101287841797,20.95820614353018,18.049354435295182,1983,Fly Point-Halifax Park,1
Prionurus microlepidotus,-32.7,152.23,2009,11,21,20,2,-33_152,21.148912747701008,21.234846115112305,20.95820614353018,21.01616621547275,NA,NA,0
Prionurus microlepidotus,-32.7,152.23,2009,11,21,15,3,-33_152,21.148912747701008,21.234846115112305,20.95820614353018,21.01616621547275,NA,NA,0
Prionurus microlepidotus,-32.71,152.15,2009,8,15,7.5,1,-33_152,21.148912747701008,19.017101287841797,20.95820614353018,18.049354435295182,1983,Fly Point-Halifax Park,1
Prionurus microlepidotus,-32.71,152.15,2009,8,15,10,1,-33_152,21.148912747701008,19.017101287841797,20.95820614353018,18.049354435295182,1983,Fly Point-Halifax Park,1
Prionurus microlepidotus,-32.71,152.15,2009,8,15,12.5,7,-33_152,21.148912747701008,19.017101287841797,20.95820614353018,18.049354435295182,1983,Fly Point-Halifax Park,1
Prionurus microlepidotus,-32.71,152.15,2009,8,15,15,7,-33_152,21.148912747701008,19.017101287841797,20.95820614353018,18.049354435295182,1983,Fly Point-Halifax Park,1
Prionurus microlepidotus,-32.71,152.15,2010,5,27,15,4,-33_152,21.71309455235799,22.11063003540039,21.233464664610445,22.73542957921182,1983,Fly Point-Halifax Park,1
Prionurus microlepidotus,-32.71,152.15,2010,5,27,20,4,-33_152,21.71309455235799,22.11063003540039,21.233464664610445,22.73542957921182,1983,Fly Point-Halifax Park,1
Prionurus microlepidotus,-32.71,152.15,2009,10,5,7.5,1,-33_152,21.148912747701008,20.110031127929688,20.95820614353018,19.533924343765424,1983,Fly Point-Halifax Park,1
Prionurus microlepidotus,-32.71,152.15,2009,10,5,5,2,-33_152,21.148912747701008,20.110031127929688,20.95820614353018,19.533924343765424,1983,Fly Point-Halifax Park,1
Prionurus microlepidotus,-32.71,152.15,2009,12,31,2.5,1,-33_152,21.148912747701008,22.42232894897461,20.95820614353018,21.818467263252504,1983,Fly Point-Halifax Park,1
Prionurus microlepidotus,-32.71,152.15,2010,1,5,15,1,-33_152,21.71309455235799,23.890216827392575,21.233464664610445,23.48766078743883,1983,Fly Point-Halifax Park,1
Prionurus microlepidotus,-32.71,152.15,2010,1,5,20,1,-33_152,21.71309455235799,23.890216827392575,21.233464664610445,23.48766078743883,1983,Fly Point-Halifax Park,1
Prionurus microlepidotus,-32.71,152.15,2010,2,27,7.5,20,-33_152,21.71309455235799,24.95189094543457,21.233464664610445,23.99877924010867,1983,Fly Point-Halifax Park,1
Prionurus microlepidotus,-32.71,152.15,2010,2,27,10,10,-33_152,21.71309455235799,24.95189094543457,21.233464664610445,23.99877924010867,1983,Fly Point-Halifax Park,1
Prionurus microlepidotus,-32.71,152.15,2010,2,27,12.5,10,-33_152,21.71309455235799,24.95189094543457,21.233464664610445,23.99877924010867,1983,Fly Point-Halifax Park,1
Prionurus microlepidotus,-32.71,152.15,2010,2,27,12.5,2,-33_152,21.71309455235799,24.95189094543457,21.233464664610445,23.99877924010867,1983,Fly Point-Halifax Park,1
Prionurus microlepidotus,-32.71,152.15,2010,2,27,15,5,-33_152,21.71309455235799,24.95189094543457,21.233464664610445,23.99877924010867,1983,Fly Point-Halifax Park,1
Prionurus microlepidotus,-32.71,152.15,2010,4,15,5,1,-33_152,21.71309455235799,23.75311279296875,21.233464664610445,23.756860531700983,1983,Fly Point-Halifax Park,1
Prionurus microlepidotus,-32.71,152.15,2010,4,15,7.5,5,-33_152,21.71309455235799,23.75311279296875,21.233464664610445,23.756860531700983,1983,Fly Point-Halifax Park,1
Prionurus microlepidotus,-32.71,152.15,2010,4,15,10,5,-33_152,21.71309455235799,23.75311279296875,21.233464664610445,23.756860531700983,1983,Fly Point-Halifax Park,1
Prionurus microlepidotus,-32.71,152.15,2010,4,15,12.5,3,-33_152,21.71309455235799,23.75311279296875,21.233464664610445,23.756860531700983,1983,Fly Point-Halifax Park,1
Prionurus microlepidotus,-32.71,152.15,2010,4,15,15,2,-33_152,21.71309455235799,23.75311279296875,21.233464664610445,23.756860531700983,1983,Fly Point-Halifax Park,1
Prionurus microlepidotus,-32.71,152.15,2010,4,15,5,2,-33_152,21.71309455235799,23.75311279296875,21.233464664610445,23.756860531700983,1983,Fly Point-Halifax Park,1
Prionurus microlepidotus,-32.71,152.15,2010,4,15,7.5,2,-33_152,21.71309455235799,23.75311279296875,21.233464664610445,23.756860531700983,1983,Fly Point-Halifax Park,1
Prionurus microlepidotus,-32.71,152.15,2010,4,15,10,3,-33_152,21.71309455235799,23.75311279296875,21.233464664610445,23.756860531700983,1983,Fly Point-Halifax Park,1
Prionurus microlepidotus,-32.71,152.15,2010,4,15,15,3,-33_152,21.71309455235799,23.75311279296875,21.233464664610445,23.756860531700983,1983,Fly Point-Halifax Park,1
Prionurus microlepidotus,-32.71,152.15,2010,4,15,20,3,-33_152,21.71309455235799,23.75311279296875,21.233464664610445,23.756860531700983,1983,Fly Point-Halifax Park,1
Prionurus microlepidotus,-32.71,152.15,2010,5,27,7.5,4,-33_152,21.71309455235799,22.11063003540039,21.233464664610445,22.73542957921182,1983,Fly Point-Halifax Park,1
Prionurus microlepidotus,-32.71,152.16,2009,9,6,10,1,-33_152,21.148912747701008,19.250011444091797,20.95820614353018,18.54611071480645,1983,Fly Point-Halifax Park,1
Prionurus microlepidotus,-32.71,152.16,2009,9,6,15,2,-33_152,21.148912747701008,19.250011444091797,20.95820614353018,18.54611071480645,1983,Fly Point-Halifax Park,1
Prionurus microlepidotus,-32.71,152.16,2009,9,6,25,1,-33_152,21.148912747701008,19.250011444091797,20.95820614353018,18.54611071480645,1983,Fly Point-Halifax Park,1
Prionurus microlepidotus,-32.71,152.16,2009,9,6,7.5,2,-33_152,21.148912747701008,19.250011444091797,20.95820614353018,18.54611071480645,1983,Fly Point-Halifax Park,1
Prionurus microlepidotus,-32.71,152.16,2009,12,6,30,1,-33_152,21.148912747701008,22.42232894897461,20.95820614353018,21.818467263252504,1983,Fly Point-Halifax Park,1
Prionurus microlepidotus,-32.71,152.16,2010,4,22,7.5,1,-33_152,21.71309455235799,23.75311279296875,21.233464664610445,23.756860531700983,1983,Fly Point-Halifax Park,1
Prionurus microlepidotus,-32.75,152.17,2010,3,6,5,3,-33_152,21.71309455235799,24.48659324645996,21.233464664610445,23.8857520985347,NA,NA,0
Prionurus microlepidotus,-32.75,152.17,2010,3,6,5,1,-33_152,21.71309455235799,24.48659324645996,21.233464664610445,23.8857520985347,NA,NA,0
Prionurus microlepidotus,-32.71,152.15,2009,5,10,10,9,-33_152,21.148912747701008,20.721540451049805,20.95820614353018,22.08618232768069,1983,Fly Point-Halifax Park,1
Prionurus microlepidotus,-32.71,152.15,2009,5,10,7.5,2,-33_152,21.148912747701008,20.721540451049805,20.95820614353018,22.08618232768069,1983,Fly Point-Halifax Park,1
Prionurus microlepidotus,-32.71,152.15,2009,5,10,10,14,-33_152,21.148912747701008,20.721540451049805,20.95820614353018,22.08618232768069,1983,Fly Point-Halifax Park,1
Prionurus microlepidotus,-32.71,152.15,2009,5,10,7.5,13,-33_152,21.148912747701008,20.721540451049805,20.95820614353018,22.08618232768069,1983,Fly Point-Halifax Park,1
Prionurus microlepidotus,-32.71,152.15,2009,5,10,10,15,-33_152,21.148912747701008,20.721540451049805,20.95820614353018,22.08618232768069,1983,Fly Point-Halifax Park,1
Prionurus microlepidotus,-32.71,152.15,2009,5,10,12.5,13,-33_152,21.148912747701008,20.721540451049805,20.95820614353018,22.08618232768069,1983,Fly Point-Halifax Park,1
Prionurus microlepidotus,-32.71,152.16,2010,6,5,10,10,-33_152,21.71309455235799,20.412281036376953,21.233464664610445,20.638221799002753,1983,Fly Point-Halifax Park,1
Prionurus microlepidotus,-32.71,152.16,2010,6,5,20,2,-33_152,21.71309455235799,20.412281036376953,21.233464664610445,20.638221799002753,1983,Fly Point-Halifax Park,1
Prionurus microlepidotus,-32.71,152.16,2010,6,5,25,4,-33_152,21.71309455235799,20.412281036376953,21.233464664610445,20.638221799002753,1983,Fly Point-Halifax Park,1
Prionurus microlepidotus,-32.71,152.16,2009,10,25,20,2,-33_152,21.148912747701008,20.110031127929688,20.95820614353018,19.533924343765424,1983,Fly Point-Halifax Park,1
Prionurus microlepidotus,-32.71,152.15,2009,5,10,7.5,1,-33_152,21.148912747701008,20.721540451049805,20.95820614353018,22.08618232768069,1983,Fly Point-Halifax Park,1
Prionurus microlepidotus,-32.71,152.15,2009,5,10,12.5,10,-33_152,21.148912747701008,20.721540451049805,20.95820614353018,22.08618232768069,1983,Fly Point-Halifax Park,1
Prionurus microlepidotus,-32.71,152.15,2009,5,10,15,5,-33_152,21.148912747701008,20.721540451049805,20.95820614353018,22.08618232768069,1983,Fly Point-Halifax Park,1
Prionurus microlepidotus,-32.71,152.16,2010,3,14,20,1,-33_152,21.71309455235799,24.48659324645996,21.233464664610445,23.8857520985347,1983,Fly Point-Halifax Park,1
Prionurus microlepidotus,-32.71,152.16,2010,3,14,10,2,-33_152,21.71309455235799,24.48659324645996,21.233464664610445,23.8857520985347,1983,Fly Point-Halifax Park,1
Prionurus microlepidotus,-30.2,153.26,2008,6,9,10,2,-30_153,22.653018315633137,21.416675567626953,22.558126750103757,21.95133284250895,2002,Solitary Islands Marine Park,0
Prionurus microlepidotus,-30.2,153.26,2008,6,9,15,1,-30_153,22.653018315633137,21.416675567626953,22.558126750103757,21.95133284250895,2002,Solitary Islands Marine Park,0
Prionurus microlepidotus,-30.2,153.26,2008,6,9,25,3,-30_153,22.653018315633137,21.416675567626953,22.558126750103757,21.95133284250895,2002,Solitary Islands Marine Park,0
Prionurus microlepidotus,-30.2,153.26,2008,6,9,30,2,-30_153,22.653018315633137,21.416675567626953,22.558126750103757,21.95133284250895,2002,Solitary Islands Marine Park,0
Prionurus microlepidotus,-30.2,153.26,2008,6,9,35,1,-30_153,22.653018315633137,21.416675567626953,22.558126750103757,21.95133284250895,2002,Solitary Islands Marine Park,0
Prionurus microlepidotus,-30.2,153.26,2008,6,9,7.5,3,-30_153,22.653018315633137,21.416675567626953,22.558126750103757,21.95133284250895,2002,Solitary Islands Marine Park,0
Prionurus microlepidotus,-30.2,153.27,2008,6,9,40,1,-30_153,22.653018315633137,21.416675567626953,22.558126750103757,21.95133284250895,2002,Solitary Islands Marine Park,0
Prionurus microlepidotus,-30.2,153.27,2008,6,9,30,2,-30_153,22.653018315633137,21.416675567626953,22.558126750103757,21.95133284250895,2002,Solitary Islands Marine Park,0
Prionurus microlepidotus,-32.71,152.15,2009,6,28,10,7,-33_152,21.148912747701008,19.543521881103516,20.95820614353018,20.194027339087594,1983,Fly Point-Halifax Park,1
Prionurus microlepidotus,-32.71,152.15,2009,6,28,12.5,2,-33_152,21.148912747701008,19.543521881103516,20.95820614353018,20.194027339087594,1983,Fly Point-Halifax Park,1
Prionurus microlepidotus,-30.2,153.27,2008,6,10,20,2,-30_153,22.653018315633137,21.416675567626953,22.558126750103757,21.95133284250895,2002,Solitary Islands Marine Park,0
Prionurus microlepidotus,-30.2,153.27,2008,6,10,25,1,-30_153,22.653018315633137,21.416675567626953,22.558126750103757,21.95133284250895,2002,Solitary Islands Marine Park,0
Prionurus microlepidotus,-30.2,153.27,2008,6,10,30,2,-30_153,22.653018315633137,21.416675567626953,22.558126750103757,21.95133284250895,2002,Solitary Islands Marine Park,0
Prionurus microlepidotus,-30.2,153.27,2008,6,10,35,5,-30_153,22.653018315633137,21.416675567626953,22.558126750103757,21.95133284250895,2002,Solitary Islands Marine Park,0
Prionurus microlepidotus,-30.2,153.27,2008,6,10,40,9,-30_153,22.653018315633137,21.416675567626953,22.558126750103757,21.95133284250895,2002,Solitary Islands Marine Park,0
Prionurus microlepidotus,-30.2,153.27,2008,6,10,50,1,-30_153,22.653018315633137,21.416675567626953,22.558126750103757,21.95133284250895,2002,Solitary Islands Marine Park,0
Prionurus microlepidotus,-30.2,153.27,2008,6,10,12.5,3,-30_153,22.653018315633137,21.416675567626953,22.558126750103757,21.95133284250895,2002,Solitary Islands Marine Park,0
Prionurus microlepidotus,-30.2,153.27,2009,8,22,20,1,-30_153,23.06706126530965,20.52087020874023,22.686214861987008,19.92412852625693,2002,Solitary Islands Marine Park,0
Prionurus microlepidotus,-32.71,152.15,2010,5,27,10,4,-33_152,21.71309455235799,22.11063003540039,21.233464664610445,22.73542957921182,1983,Fly Point-Halifax Park,1
Prionurus microlepidotus,-32.71,152.15,2010,5,27,12.5,6,-33_152,21.71309455235799,22.11063003540039,21.233464664610445,22.73542957921182,1983,Fly Point-Halifax Park,1
Prionurus microlepidotus,-32.71,152.15,2010,5,27,15,6,-33_152,21.71309455235799,22.11063003540039,21.233464664610445,22.73542957921182,1983,Fly Point-Halifax Park,1
Prionurus microlepidotus,-32.71,152.15,2009,8,15,10,3,-33_152,21.148912747701008,19.017101287841797,20.95820614353018,18.049354435295182,1983,Fly Point-Halifax Park,1
Prionurus microlepidotus,-32.71,152.15,2009,8,15,12.5,7,-33_152,21.148912747701008,19.017101287841797,20.95820614353018,18.049354435295182,1983,Fly Point-Halifax Park,1
Prionurus microlepidotus,-32.71,152.15,2009,8,15,15,8,-33_152,21.148912747701008,19.017101287841797,20.95820614353018,18.049354435295182,1983,Fly Point-Halifax Park,1
Prionurus microlepidotus,-32.71,152.15,2009,8,15,20,2,-33_152,21.148912747701008,19.017101287841797,20.95820614353018,18.049354435295182,1983,Fly Point-Halifax Park,1
Prionurus microlepidotus,-32.71,152.15,2009,8,15,10,40,-33_152,21.148912747701008,19.017101287841797,20.95820614353018,18.049354435295182,1983,Fly Point-Halifax Park,1
Prionurus microlepidotus,-35.08,150.78,2010,3,26,25,4,-35_151,20.288724263509113,22.983264923095703,20.43436043554655,23.292150046235772,NA,NA,0
Prionurus microlepidotus,-35.08,150.78,2010,3,26,30,12,-35_151,20.288724263509113,22.983264923095703,20.43436043554655,23.292150046235772,NA,NA,0
Prionurus microlepidotus,-35.08,150.78,2010,3,26,35,8,-35_151,20.288724263509113,22.983264923095703,20.43436043554655,23.292150046235772,NA,NA,0
Prionurus microlepidotus,-35.08,150.78,2010,3,26,15,4,-35_151,20.288724263509113,22.983264923095703,20.43436043554655,23.292150046235772,NA,NA,0
Prionurus microlepidotus,-35.08,150.78,2010,3,26,20,1,-35_151,20.288724263509113,22.983264923095703,20.43436043554655,23.292150046235772,NA,NA,0
Prionurus microlepidotus,-32.71,152.16,2009,5,9,10,2,-33_152,21.148912747701008,20.721540451049805,20.95820614353018,22.08618232768069,1983,Fly Point-Halifax Park,1
Prionurus microlepidotus,-32.71,152.16,2009,5,9,12.5,3,-33_152,21.148912747701008,20.721540451049805,20.95820614353018,22.08618232768069,1983,Fly Point-Halifax Park,1
Prionurus microlepidotus,-32.71,152.16,2009,5,10,7.5,1,-33_152,21.148912747701008,20.721540451049805,20.95820614353018,22.08618232768069,1983,Fly Point-Halifax Park,1
Prionurus microlepidotus,-32.71,152.16,2009,5,10,15,1,-33_152,21.148912747701008,20.721540451049805,20.95820614353018,22.08618232768069,1983,Fly Point-Halifax Park,1
Prionurus microlepidotus,-35.02,150.76,2010,3,29,20,2,-35_151,20.288724263509113,22.983264923095703,20.43436043554655,23.292150046235772,2002,Jervis Bay Marine Park,0
Prionurus microlepidotus,-35.02,150.76,2010,3,29,20,1,-35_151,20.288724263509113,22.983264923095703,20.43436043554655,23.292150046235772,2002,Jervis Bay Marine Park,0
Prionurus microlepidotus,-35.02,150.76,2010,3,29,25,1,-35_151,20.288724263509113,22.983264923095703,20.43436043554655,23.292150046235772,2002,Jervis Bay Marine Park,0
Prionurus microlepidotus,-35.09,150.69,2010,3,26,15,1,-35_151,20.288724263509113,22.983264923095703,20.43436043554655,23.292150046235772,2002,Jervis Bay Marine Park,0
Prionurus microlepidotus,-35.09,150.69,2010,3,26,25,1,-35_151,20.288724263509113,22.983264923095703,20.43436043554655,23.292150046235772,2002,Jervis Bay Marine Park,0
Prionurus microlepidotus,-35.13,150.73,2010,3,27,40,6,-35_151,20.288724263509113,22.983264923095703,20.43436043554655,23.292150046235772,NA,NA,0
Prionurus microlepidotus,-35.13,150.73,2010,3,27,25,6,-35_151,20.288724263509113,22.983264923095703,20.43436043554655,23.292150046235772,NA,NA,0
Prionurus microlepidotus,-35.13,150.73,2010,3,27,30,2,-35_151,20.288724263509113,22.983264923095703,20.43436043554655,23.292150046235772,NA,NA,0
Prionurus microlepidotus,-35.13,150.73,2010,3,27,35,3,-35_151,20.288724263509113,22.983264923095703,20.43436043554655,23.292150046235772,NA,NA,0
Prionurus microlepidotus,-35.09,150.69,2010,3,26,20,2,-35_151,20.288724263509113,22.983264923095703,20.43436043554655,23.292150046235772,2002,Jervis Bay Marine Park,0
Prionurus microlepidotus,-35.13,150.73,2010,3,27,20,1,-35_151,20.288724263509113,22.983264923095703,20.43436043554655,23.292150046235772,NA,NA,0
Prionurus microlepidotus,-35.13,150.73,2010,3,27,30,1,-35_151,20.288724263509113,22.983264923095703,20.43436043554655,23.292150046235772,NA,NA,0
Prionurus microlepidotus,-35.03,150.78,2010,3,29,35,4,-35_151,20.288724263509113,22.983264923095703,20.43436043554655,23.292150046235772,2002,Jervis Bay Marine Park,0
Prionurus microlepidotus,-35.03,150.78,2010,3,29,30,1,-35_151,20.288724263509113,22.983264923095703,20.43436043554655,23.292150046235772,2002,Jervis Bay Marine Park,0
Prionurus microlepidotus,-35.03,150.78,2010,3,29,30,3,-35_151,20.288724263509113,22.983264923095703,20.43436043554655,23.292150046235772,2002,Jervis Bay Marine Park,0
Prionurus microlepidotus,-35.02,150.76,2010,3,29,5,1,-35_151,20.288724263509113,22.983264923095703,20.43436043554655,23.292150046235772,2002,Jervis Bay Marine Park,0
Prionurus microlepidotus,-35.02,150.76,2010,3,29,25,2,-35_151,20.288724263509113,22.983264923095703,20.43436043554655,23.292150046235772,2002,Jervis Bay Marine Park,0
Prionurus microlepidotus,-35.11,150.77,2009,3,16,25,1,-35_151,19.915931542714436,22.845439910888672,20.050225972343902,22.214193036479333,2002,Booderee National Park,0
Prionurus microlepidotus,-35.03,150.78,2010,3,29,30,2,-35_151,20.288724263509113,22.983264923095703,20.43436043554655,23.292150046235772,2002,Jervis Bay Marine Park,0
Prionurus microlepidotus,-35.02,150.76,2010,3,29,25,1,-35_151,20.288724263509113,22.983264923095703,20.43436043554655,23.292150046235772,2002,Jervis Bay Marine Park,0
Prionurus microlepidotus,-35.02,150.76,2010,3,29,5,1,-35_151,20.288724263509113,22.983264923095703,20.43436043554655,23.292150046235772,2002,Jervis Bay Marine Park,0
Prionurus microlepidotus,-35.11,150.77,2009,3,16,20,1,-35_151,19.915931542714436,22.845439910888672,20.050225972343902,22.214193036479333,2002,Booderee National Park,0
Prionurus microlepidotus,-35.07,150.7,2010,3,26,2.5,1,-35_151,20.288724263509113,22.983264923095703,20.43436043554655,23.292150046235772,NA,NA,0
Prionurus microlepidotus,-35.11,150.77,2010,3,27,10,1,-35_151,20.288724263509113,22.983264923095703,20.43436043554655,23.292150046235772,2002,Booderee National Park,0
Prionurus microlepidotus,-35.11,150.77,2010,3,27,25,2,-35_151,20.288724263509113,22.983264923095703,20.43436043554655,23.292150046235772,2002,Booderee National Park,0
Prionurus microlepidotus,-35.11,150.77,2010,3,27,12.5,1,-35_151,20.288724263509113,22.983264923095703,20.43436043554655,23.292150046235772,2002,Booderee National Park,0
Prionurus microlepidotus,-35.11,150.77,2010,3,27,30,1,-35_151,20.288724263509113,22.983264923095703,20.43436043554655,23.292150046235772,2002,Booderee National Park,0
Prionurus microlepidotus,-35.12,150.71,2010,3,27,7.5,2,-35_151,20.288724263509113,22.983264923095703,20.43436043554655,23.292150046235772,NA,NA,0
Prionurus microlepidotus,-35.12,150.71,2010,3,27,15,1,-35_151,20.288724263509113,22.983264923095703,20.43436043554655,23.292150046235772,NA,NA,0
Prionurus microlepidotus,-35.12,150.71,2010,3,27,30,1,-35_151,20.288724263509113,22.983264923095703,20.43436043554655,23.292150046235772,NA,NA,0
Prionurus microlepidotus,-35.12,150.71,2010,3,27,30,1,-35_151,20.288724263509113,22.983264923095703,20.43436043554655,23.292150046235772,NA,NA,0
Prionurus microlepidotus,-35.12,150.71,2010,3,27,30,4,-35_151,20.288724263509113,22.983264923095703,20.43436043554655,23.292150046235772,NA,NA,0
Prionurus microlepidotus,-35.12,150.71,2010,3,27,35,1,-35_151,20.288724263509113,22.983264923095703,20.43436043554655,23.292150046235772,NA,NA,0
Prionurus microlepidotus,-35.12,150.71,2010,3,27,35,5,-35_151,20.288724263509113,22.983264923095703,20.43436043554655,23.292150046235772,NA,NA,0
Prionurus microlepidotus,-35.12,150.71,2010,3,27,40,2,-35_151,20.288724263509113,22.983264923095703,20.43436043554655,23.292150046235772,NA,NA,0
Prionurus microlepidotus,-35.12,150.71,2010,3,27,30,2,-35_151,20.288724263509113,22.983264923095703,20.43436043554655,23.292150046235772,NA,NA,0
Prionurus microlepidotus,-35.12,150.71,2010,3,27,35,6,-35_151,20.288724263509113,22.983264923095703,20.43436043554655,23.292150046235772,NA,NA,0
Prionurus microlepidotus,-35.12,150.71,2010,3,27,40,2,-35_151,20.288724263509113,22.983264923095703,20.43436043554655,23.292150046235772,NA,NA,0
Prionurus microlepidotus,-35.12,150.71,2010,3,27,20,4,-35_151,20.288724263509113,22.983264923095703,20.43436043554655,23.292150046235772,NA,NA,0
Prionurus microlepidotus,-32.71,152.16,2009,5,9,10,1,-33_152,21.148912747701008,20.721540451049805,20.95820614353018,22.08618232768069,1983,Fly Point-Halifax Park,1
Prionurus microlepidotus,-32.71,152.16,2009,5,9,15,1,-33_152,21.148912747701008,20.721540451049805,20.95820614353018,22.08618232768069,1983,Fly Point-Halifax Park,1
Prionurus microlepidotus,-32.71,152.16,2009,5,9,20,1,-33_152,21.148912747701008,20.721540451049805,20.95820614353018,22.08618232768069,1983,Fly Point-Halifax Park,1
Prionurus microlepidotus,-32.71,152.16,2009,5,9,5,5,-33_152,21.148912747701008,20.721540451049805,20.95820614353018,22.08618232768069,1983,Fly Point-Halifax Park,1
Prionurus microlepidotus,-32.71,152.16,2009,5,9,7.5,11,-33_152,21.148912747701008,20.721540451049805,20.95820614353018,22.08618232768069,1983,Fly Point-Halifax Park,1
Prionurus microlepidotus,-32.71,152.16,2009,5,9,10,2,-33_152,21.148912747701008,20.721540451049805,20.95820614353018,22.08618232768069,1983,Fly Point-Halifax Park,1
Prionurus microlepidotus,-32.71,152.16,2009,5,9,25,2,-33_152,21.148912747701008,20.721540451049805,20.95820614353018,22.08618232768069,1983,Fly Point-Halifax Park,1
Prionurus microlepidotus,-30.16,153.23,2009,1,18,5,3,-30_153,23.06706126530965,25.20696258544922,22.686214861987008,23.847999498921055,2002,Solitary Islands Marine Park,0
Prionurus microlepidotus,-30.02,153.27,2008,6,5,12.5,1,-30_153,22.653018315633137,21.416675567626953,22.558126750103757,21.95133284250895,2002,Solitary Islands Marine Park,0
Prionurus microlepidotus,-30.16,153.23,2009,1,18,20,1,-30_153,23.06706126530965,25.20696258544922,22.686214861987008,23.847999498921055,2002,Solitary Islands Marine Park,0
Prionurus microlepidotus,-30.02,153.27,2008,6,5,15,1,-30_153,22.653018315633137,21.416675567626953,22.558126750103757,21.95133284250895,2002,Solitary Islands Marine Park,0
Prionurus microlepidotus,-30.02,153.27,2008,6,5,35,8,-30_153,22.653018315633137,21.416675567626953,22.558126750103757,21.95133284250895,2002,Solitary Islands Marine Park,0
Prionurus microlepidotus,-35.09,150.69,2010,3,26,35,1,-35_151,20.288724263509113,22.983264923095703,20.43436043554655,23.292150046235772,2002,Jervis Bay Marine Park,0
Prionurus microlepidotus,-35.09,150.69,2010,3,26,15,1,-35_151,20.288724263509113,22.983264923095703,20.43436043554655,23.292150046235772,2002,Jervis Bay Marine Park,0
Prionurus microlepidotus,-35.09,150.69,2010,3,26,25,1,-35_151,20.288724263509113,22.983264923095703,20.43436043554655,23.292150046235772,2002,Jervis Bay Marine Park,0
Prionurus microlepidotus,-32.71,152.16,2009,5,9,7.5,5,-33_152,21.148912747701008,20.721540451049805,20.95820614353018,22.08618232768069,1983,Fly Point-Halifax Park,1
Prionurus microlepidotus,-32.71,152.16,2009,5,9,10,3,-33_152,21.148912747701008,20.721540451049805,20.95820614353018,22.08618232768069,1983,Fly Point-Halifax Park,1
Prionurus microlepidotus,-32.71,152.16,2009,5,9,12.5,2,-33_152,21.148912747701008,20.721540451049805,20.95820614353018,22.08618232768069,1983,Fly Point-Halifax Park,1
Prionurus microlepidotus,-32.71,152.16,2009,5,9,7.5,5,-33_152,21.148912747701008,20.721540451049805,20.95820614353018,22.08618232768069,1983,Fly Point-Halifax Park,1
Prionurus microlepidotus,-32.71,152.16,2009,5,9,10,5,-33_152,21.148912747701008,20.721540451049805,20.95820614353018,22.08618232768069,1983,Fly Point-Halifax Park,1
Prionurus microlepidotus,-32.71,152.16,2009,5,9,15,2,-33_152,21.148912747701008,20.721540451049805,20.95820614353018,22.08618232768069,1983,Fly Point-Halifax Park,1
Prionurus microlepidotus,-32.71,152.16,2009,5,9,35,3,-33_152,21.148912747701008,20.721540451049805,20.95820614353018,22.08618232768069,1983,Fly Point-Halifax Park,1
Prionurus microlepidotus,-32.71,152.16,2009,5,9,7.5,2,-33_152,21.148912747701008,20.721540451049805,20.95820614353018,22.08618232768069,1983,Fly Point-Halifax Park,1
Prionurus microlepidotus,-32.71,152.16,2009,5,9,20,1,-33_152,21.148912747701008,20.721540451049805,20.95820614353018,22.08618232768069,1983,Fly Point-Halifax Park,1
Prionurus microlepidotus,-32.71,152.16,2009,5,9,7.5,2,-33_152,21.148912747701008,20.721540451049805,20.95820614353018,22.08618232768069,1983,Fly Point-Halifax Park,1
Prionurus microlepidotus,-30.16,153.23,2009,1,18,25,2,-30_153,23.06706126530965,25.20696258544922,22.686214861987008,23.847999498921055,2002,Solitary Islands Marine Park,0
Prionurus microlepidotus,-35.12,150.71,2010,3,27,25,2,-35_151,20.288724263509113,22.983264923095703,20.43436043554655,23.292150046235772,NA,NA,0
Prionurus microlepidotus,-35.12,150.71,2010,3,27,15,1,-35_151,20.288724263509113,22.983264923095703,20.43436043554655,23.292150046235772,NA,NA,0
Prionurus microlepidotus,-35.12,150.71,2010,3,27,20,2,-35_151,20.288724263509113,22.983264923095703,20.43436043554655,23.292150046235772,NA,NA,0
Prionurus microlepidotus,-35.12,150.71,2010,3,27,30,2,-35_151,20.288724263509113,22.983264923095703,20.43436043554655,23.292150046235772,NA,NA,0
Prionurus microlepidotus,-35.12,150.71,2010,3,27,5,2,-35_151,20.288724263509113,22.983264923095703,20.43436043554655,23.292150046235772,NA,NA,0
Prionurus microlepidotus,-35.12,150.71,2010,3,27,15,3,-35_151,20.288724263509113,22.983264923095703,20.43436043554655,23.292150046235772,NA,NA,0
Prionurus microlepidotus,-35.12,150.71,2010,3,27,20,1,-35_151,20.288724263509113,22.983264923095703,20.43436043554655,23.292150046235772,NA,NA,0
Prionurus microlepidotus,-35.12,150.71,2010,3,27,25,1,-35_151,20.288724263509113,22.983264923095703,20.43436043554655,23.292150046235772,NA,NA,0
Prionurus microlepidotus,-35.08,150.78,2010,3,26,25,12,-35_151,20.288724263509113,22.983264923095703,20.43436043554655,23.292150046235772,NA,NA,0
Prionurus microlepidotus,-35.12,150.76,2010,3,27,25,1,-35_151,20.288724263509113,22.983264923095703,20.43436043554655,23.292150046235772,2002,Booderee National Park,0
Prionurus microlepidotus,-35.07,150.7,2008,3,12,25,5,-35_151,19.43103837966919,22.917625427246097,19.40620510758396,22.040429658787225,NA,NA,0
Prionurus microlepidotus,-35.07,150.7,2008,3,12,25,1,-35_151,19.43103837966919,22.917625427246097,19.40620510758396,22.040429658787225,NA,NA,0
Prionurus microlepidotus,-35.07,150.7,2008,3,12,30,10,-35_151,19.43103837966919,22.917625427246097,19.40620510758396,22.040429658787225,NA,NA,0
Prionurus microlepidotus,-35.13,150.77,2008,5,14,25,1,-35_151,19.43103837966919,19.03557014465332,19.40620510758396,18.734945789460212,NA,NA,0
Prionurus microlepidotus,-35.12,150.76,2010,3,27,5,3,-35_151,20.288724263509113,22.983264923095703,20.43436043554655,23.292150046235772,2002,Booderee National Park,0
Prionurus microlepidotus,-35.12,150.76,2010,3,27,10,2,-35_151,20.288724263509113,22.983264923095703,20.43436043554655,23.292150046235772,2002,Booderee National Park,0
Prionurus microlepidotus,-35.12,150.76,2010,3,27,12.5,3,-35_151,20.288724263509113,22.983264923095703,20.43436043554655,23.292150046235772,2002,Booderee National Park,0
Prionurus microlepidotus,-35.12,150.76,2010,3,27,15,3,-35_151,20.288724263509113,22.983264923095703,20.43436043554655,23.292150046235772,2002,Booderee National Park,0
Prionurus microlepidotus,-35.12,150.76,2010,3,27,5,1,-35_151,20.288724263509113,22.983264923095703,20.43436043554655,23.292150046235772,2002,Booderee National Park,0
Prionurus microlepidotus,-35.12,150.76,2010,3,27,10,3,-35_151,20.288724263509113,22.983264923095703,20.43436043554655,23.292150046235772,2002,Booderee National Park,0
Prionurus microlepidotus,-35.07,150.69,2008,5,18,2.5,1,-35_151,19.43103837966919,19.03557014465332,19.40620510758396,18.734945789460212,NA,NA,0
Prionurus microlepidotus,-35.07,150.69,2008,5,18,15,1,-35_151,19.43103837966919,19.03557014465332,19.40620510758396,18.734945789460212,NA,NA,0
Prionurus microlepidotus,-35.07,150.69,2008,5,18,20,3,-35_151,19.43103837966919,19.03557014465332,19.40620510758396,18.734945789460212,NA,NA,0
Prionurus microlepidotus,-35.07,150.69,2008,5,18,25,5,-35_151,19.43103837966919,19.03557014465332,19.40620510758396,18.734945789460212,NA,NA,0
Prionurus microlepidotus,-35.07,150.69,2008,5,18,30,3,-35_151,19.43103837966919,19.03557014465332,19.40620510758396,18.734945789460212,NA,NA,0
Prionurus microlepidotus,-35.07,150.69,2008,5,18,35,1,-35_151,19.43103837966919,19.03557014465332,19.40620510758396,18.734945789460212,NA,NA,0
Prionurus microlepidotus,-35.07,150.69,2008,10,11,40,1,-35_151,19.43103837966919,18.45347785949707,19.40620510758396,18.29215016929052,NA,NA,0
Prionurus microlepidotus,-35.07,150.69,2008,10,11,50,1,-35_151,19.43103837966919,18.45347785949707,19.40620510758396,18.29215016929052,NA,NA,0
Prionurus microlepidotus,-35.07,150.69,2008,10,11,62.5,4,-35_151,19.43103837966919,18.45347785949707,19.40620510758396,18.29215016929052,NA,NA,0
Prionurus microlepidotus,-35.07,150.69,2009,9,14,20,1,-35_151,19.915931542714436,17.93470573425293,20.050225972343902,16.7156662940979,NA,NA,0
Prionurus microlepidotus,-35.07,150.69,2009,9,14,30,2,-35_151,19.915931542714436,17.93470573425293,20.050225972343902,16.7156662940979,NA,NA,0
Prionurus microlepidotus,-35.09,150.69,2008,5,19,7.5,1,-35_151,19.43103837966919,19.03557014465332,19.40620510758396,18.734945789460212,2002,Jervis Bay Marine Park,0
Prionurus microlepidotus,-35.07,150.77,2008,2,22,2.5,1,-35_151,19.43103837966919,22.321590423583984,19.40620510758396,22.67701089793238,2002,Jervis Bay Marine Park,0
Prionurus microlepidotus,-35.07,150.77,2008,2,22,15,1,-35_151,19.43103837966919,22.321590423583984,19.40620510758396,22.67701089793238,2002,Jervis Bay Marine Park,0
Prionurus microlepidotus,-35.07,150.68,2008,2,25,25,1,-35_151,19.43103837966919,22.321590423583984,19.40620510758396,22.67701089793238,NA,NA,0
Prionurus microlepidotus,-33.09,151.64,2009,6,7,7.5,7,-33_152,21.148912747701008,19.543521881103516,20.95820614353018,20.194027339087594,NA,NA,0
Prionurus microlepidotus,-33.09,151.64,2009,6,7,10,86,-33_152,21.148912747701008,19.543521881103516,20.95820614353018,20.194027339087594,NA,NA,0
Prionurus microlepidotus,-33.09,151.64,2009,6,7,12.5,20,-33_152,21.148912747701008,19.543521881103516,20.95820614353018,20.194027339087594,NA,NA,0
Prionurus microlepidotus,-33.09,151.64,2009,6,7,40,4,-33_152,21.148912747701008,19.543521881103516,20.95820614353018,20.194027339087594,NA,NA,0
Prionurus microlepidotus,-33.09,151.64,2009,6,7,5,12,-33_152,21.148912747701008,19.543521881103516,20.95820614353018,20.194027339087594,NA,NA,0
Prionurus microlepidotus,-33.09,151.64,2009,6,7,7.5,15,-33_152,21.148912747701008,19.543521881103516,20.95820614353018,20.194027339087594,NA,NA,0
Prionurus microlepidotus,-33.09,151.64,2009,6,7,10,150,-33_152,21.148912747701008,19.543521881103516,20.95820614353018,20.194027339087594,NA,NA,0
Prionurus microlepidotus,-33.09,151.64,2009,6,7,35,1,-33_152,21.148912747701008,19.543521881103516,20.95820614353018,20.194027339087594,NA,NA,0
Prionurus microlepidotus,-33.09,151.64,2009,6,7,7.5,20,-33_152,21.148912747701008,19.543521881103516,20.95820614353018,20.194027339087594,NA,NA,0
Prionurus microlepidotus,-33.09,151.64,2009,6,7,10,10,-33_152,21.148912747701008,19.543521881103516,20.95820614353018,20.194027339087594,NA,NA,0
Prionurus microlepidotus,-33.09,151.64,2009,6,7,12.5,2,-33_152,21.148912747701008,19.543521881103516,20.95820614353018,20.194027339087594,NA,NA,0
Prionurus microlepidotus,-33.09,151.64,2009,6,7,15,7,-33_152,21.148912747701008,19.543521881103516,20.95820614353018,20.194027339087594,NA,NA,0
Prionurus microlepidotus,-33.09,151.64,2009,6,7,20,18,-33_152,21.148912747701008,19.543521881103516,20.95820614353018,20.194027339087594,NA,NA,0
Prionurus microlepidotus,-33.09,151.64,2009,6,7,10,4,-33_152,21.148912747701008,19.543521881103516,20.95820614353018,20.194027339087594,NA,NA,0
Prionurus microlepidotus,-33.09,151.64,2009,6,7,12.5,10,-33_152,21.148912747701008,19.543521881103516,20.95820614353018,20.194027339087594,NA,NA,0
Prionurus microlepidotus,-33.09,151.64,2009,6,7,20,4,-33_152,21.148912747701008,19.543521881103516,20.95820614353018,20.194027339087594,NA,NA,0
Prionurus microlepidotus,-33.09,151.64,2009,6,7,25,1,-33_152,21.148912747701008,19.543521881103516,20.95820614353018,20.194027339087594,NA,NA,0
Prionurus microlepidotus,-32.72,152.14,2010,4,4,5,3,-33_152,21.71309455235799,23.75311279296875,21.233464664610445,23.756860531700983,NA,NA,0
Prionurus microlepidotus,-32.72,152.19,2009,10,21,15,1,-33_152,21.148912747701008,20.110031127929688,20.95820614353018,19.533924343765424,NA,NA,0
Prionurus microlepidotus,-32.72,152.19,2009,10,21,20,1,-33_152,21.148912747701008,20.110031127929688,20.95820614353018,19.533924343765424,NA,NA,0
Prionurus microlepidotus,-35.13,150.74,2010,3,27,35,5,-35_151,20.288724263509113,22.983264923095703,20.43436043554655,23.292150046235772,NA,NA,0
Prionurus microlepidotus,-35.13,150.74,2010,3,27,5,1,-35_151,20.288724263509113,22.983264923095703,20.43436043554655,23.292150046235772,NA,NA,0
Prionurus microlepidotus,-35.13,150.74,2010,3,27,5,1,-35_151,20.288724263509113,22.983264923095703,20.43436043554655,23.292150046235772,NA,NA,0
Prionurus microlepidotus,-35.12,150.76,2008,2,21,2.5,1,-35_151,19.43103837966919,22.321590423583984,19.40620510758396,22.67701089793238,2002,Booderee National Park,0
Prionurus microlepidotus,-32.72,152.14,2009,5,8,12.5,5,-33_152,21.148912747701008,20.721540451049805,20.95820614353018,22.08618232768069,NA,NA,0
Prionurus microlepidotus,-32.72,152.14,2009,5,8,7.5,2,-33_152,21.148912747701008,20.721540451049805,20.95820614353018,22.08618232768069,NA,NA,0
Prionurus microlepidotus,-32.72,152.14,2009,5,8,25,2,-33_152,21.148912747701008,20.721540451049805,20.95820614353018,22.08618232768069,NA,NA,0
Prionurus microlepidotus,-32.72,152.14,2009,5,10,5,1,-33_152,21.148912747701008,20.721540451049805,20.95820614353018,22.08618232768069,NA,NA,0
Prionurus microlepidotus,-32.72,152.14,2009,5,10,12.5,1,-33_152,21.148912747701008,20.721540451049805,20.95820614353018,22.08618232768069,NA,NA,0
Prionurus microlepidotus,-32.72,152.14,2009,5,10,12.5,5,-33_152,21.148912747701008,20.721540451049805,20.95820614353018,22.08618232768069,NA,NA,0
Prionurus microlepidotus,-32.71,152.18,2010,4,8,5,2,-33_152,21.71309455235799,23.75311279296875,21.233464664610445,23.756860531700983,NA,NA,0
Prionurus microlepidotus,-32.71,152.18,2010,4,8,7.5,2,-33_152,21.71309455235799,23.75311279296875,21.233464664610445,23.756860531700983,NA,NA,0
Prionurus microlepidotus,-32.71,152.18,2010,4,8,10,2,-33_152,21.71309455235799,23.75311279296875,21.233464664610445,23.756860531700983,NA,NA,0
Prionurus microlepidotus,-32.71,152.18,2010,4,8,15,2,-33_152,21.71309455235799,23.75311279296875,21.233464664610445,23.756860531700983,NA,NA,0
Prionurus microlepidotus,-32.71,152.18,2010,4,8,20,3,-33_152,21.71309455235799,23.75311279296875,21.233464664610445,23.756860531700983,NA,NA,0
Prionurus microlepidotus,-32.72,152.14,2009,5,11,12.5,4,-33_152,21.148912747701008,20.721540451049805,20.95820614353018,22.08618232768069,NA,NA,0
Prionurus microlepidotus,-32.72,152.14,2009,5,11,15,1,-33_152,21.148912747701008,20.721540451049805,20.95820614353018,22.08618232768069,NA,NA,0
Prionurus microlepidotus,-32.72,152.14,2009,8,29,7.5,2,-33_152,21.148912747701008,19.017101287841797,20.95820614353018,18.049354435295182,NA,NA,0
Prionurus microlepidotus,-32.72,152.14,2009,8,29,10,2,-33_152,21.148912747701008,19.017101287841797,20.95820614353018,18.049354435295182,NA,NA,0
Prionurus microlepidotus,-32.72,152.14,2009,8,29,12.5,2,-33_152,21.148912747701008,19.017101287841797,20.95820614353018,18.049354435295182,NA,NA,0
Prionurus microlepidotus,-32.72,152.14,2009,8,29,7.5,6,-33_152,21.148912747701008,19.017101287841797,20.95820614353018,18.049354435295182,NA,NA,0
Prionurus microlepidotus,-32.72,152.14,2009,8,29,10,3,-33_152,21.148912747701008,19.017101287841797,20.95820614353018,18.049354435295182,NA,NA,0
Prionurus microlepidotus,-32.71,152.18,2010,4,8,7.5,1,-33_152,21.71309455235799,23.75311279296875,21.233464664610445,23.756860531700983,NA,NA,0
Prionurus microlepidotus,-32.71,152.18,2010,4,8,10,1,-33_152,21.71309455235799,23.75311279296875,21.233464664610445,23.756860531700983,NA,NA,0
Prionurus microlepidotus,-32.71,152.18,2010,4,8,20,2,-33_152,21.71309455235799,23.75311279296875,21.233464664610445,23.756860531700983,NA,NA,0
Prionurus microlepidotus,-32.72,152.14,2010,1,1,10,1,-33_152,21.71309455235799,23.890216827392575,21.233464664610445,23.48766078743883,NA,NA,0
Prionurus microlepidotus,-32.72,152.14,2010,1,1,12.5,1,-33_152,21.71309455235799,23.890216827392575,21.233464664610445,23.48766078743883,NA,NA,0
Prionurus microlepidotus,-32.72,152.14,2010,4,4,5,2,-33_152,21.71309455235799,23.75311279296875,21.233464664610445,23.756860531700983,NA,NA,0
Prionurus microlepidotus,-32.72,152.14,2010,4,4,7.5,3,-33_152,21.71309455235799,23.75311279296875,21.233464664610445,23.756860531700983,NA,NA,0
Prionurus microlepidotus,-32.71,152.18,2010,9,11,7.5,10,-33_152,21.71309455235799,18.550230026245117,21.233464664610445,18.28508290714688,NA,NA,0
Prionurus microlepidotus,-32.71,152.18,2010,9,11,10,4,-33_152,21.71309455235799,18.550230026245117,21.233464664610445,18.28508290714688,NA,NA,0
Prionurus microlepidotus,-32.71,152.18,2010,9,11,12.5,4,-33_152,21.71309455235799,18.550230026245117,21.233464664610445,18.28508290714688,NA,NA,0
Prionurus microlepidotus,-32.71,152.18,2010,9,11,5,4,-33_152,21.71309455235799,18.550230026245117,21.233464664610445,18.28508290714688,NA,NA,0
Prionurus microlepidotus,-32.72,152.14,2010,5,13,7.5,10,-33_152,21.71309455235799,22.11063003540039,21.233464664610445,22.73542957921182,NA,NA,0
Prionurus microlepidotus,-32.72,152.14,2010,5,13,10,10,-33_152,21.71309455235799,22.11063003540039,21.233464664610445,22.73542957921182,NA,NA,0
Prionurus microlepidotus,-32.72,152.14,2010,5,13,12.5,5,-33_152,21.71309455235799,22.11063003540039,21.233464664610445,22.73542957921182,NA,NA,0
Prionurus microlepidotus,-35.14,150.73,2009,4,11,5,1,-35_151,19.915931542714436,21.15548515319824,20.050225972343902,21.350221655103898,NA,NA,0
Prionurus microlepidotus,-32.72,152.19,2009,10,21,10,4,-33_152,21.148912747701008,20.110031127929688,20.95820614353018,19.533924343765424,NA,NA,0
Prionurus microlepidotus,-32.72,152.19,2009,10,21,12.5,1,-33_152,21.148912747701008,20.110031127929688,20.95820614353018,19.533924343765424,NA,NA,0
Prionurus microlepidotus,-32.72,152.15,2009,12,5,10,2,-33_152,21.148912747701008,22.42232894897461,20.95820614353018,21.818467263252504,NA,NA,0
Prionurus microlepidotus,-32.72,152.15,2009,12,5,12.5,10,-33_152,21.148912747701008,22.42232894897461,20.95820614353018,21.818467263252504,NA,NA,0
Prionurus microlepidotus,-32.72,152.15,2009,12,5,7.5,5,-33_152,21.148912747701008,22.42232894897461,20.95820614353018,21.818467263252504,NA,NA,0
Prionurus microlepidotus,-32.72,152.15,2009,12,5,10,3,-33_152,21.148912747701008,22.42232894897461,20.95820614353018,21.818467263252504,NA,NA,0
Prionurus microlepidotus,-32.72,152.15,2009,12,5,12.5,1,-33_152,21.148912747701008,22.42232894897461,20.95820614353018,21.818467263252504,NA,NA,0
Prionurus microlepidotus,-32.72,152.14,2010,5,13,12.5,20,-33_152,21.71309455235799,22.11063003540039,21.233464664610445,22.73542957921182,NA,NA,0
Prionurus microlepidotus,-32.72,152.14,2010,5,13,15,25,-33_152,21.71309455235799,22.11063003540039,21.233464664610445,22.73542957921182,NA,NA,0
Prionurus microlepidotus,-32.72,152.14,2010,5,13,20,5,-33_152,21.71309455235799,22.11063003540039,21.233464664610445,22.73542957921182,NA,NA,0
Prionurus microlepidotus,-32.71,152.16,2010,6,12,20,4,-33_152,21.71309455235799,20.412281036376953,21.233464664610445,20.638221799002753,1983,Fly Point-Halifax Park,1
Prionurus microlepidotus,-32.72,152.15,2010,1,31,5,1,-33_152,21.71309455235799,23.890216827392575,21.233464664610445,23.48766078743883,NA,NA,0
Prionurus microlepidotus,-32.72,152.15,2010,1,31,15,2,-33_152,21.71309455235799,23.890216827392575,21.233464664610445,23.48766078743883,NA,NA,0
Prionurus microlepidotus,-32.72,152.15,2010,1,31,20,1,-33_152,21.71309455235799,23.890216827392575,21.233464664610445,23.48766078743883,NA,NA,0
Prionurus microlepidotus,-32.72,152.15,2010,5,2,7.5,5,-33_152,21.71309455235799,22.11063003540039,21.233464664610445,22.73542957921182,NA,NA,0
Prionurus microlepidotus,-32.72,152.15,2010,5,2,10,1,-33_152,21.71309455235799,22.11063003540039,21.233464664610445,22.73542957921182,NA,NA,0
Prionurus microlepidotus,-32.72,152.15,2010,5,2,12.5,1,-33_152,21.71309455235799,22.11063003540039,21.233464664610445,22.73542957921182,NA,NA,0
Prionurus microlepidotus,-32.79,152.09,2010,4,11,5,1,-33_152,21.71309455235799,23.75311279296875,21.233464664610445,23.756860531700983,NA,NA,0
Prionurus microlepidotus,-32.79,152.09,2010,4,11,12.5,2,-33_152,21.71309455235799,23.75311279296875,21.233464664610445,23.756860531700983,NA,NA,0
Prionurus microlepidotus,-35.14,150.73,2009,4,11,7.5,1,-35_151,19.915931542714436,21.15548515319824,20.050225972343902,21.350221655103898,NA,NA,0
Prionurus microlepidotus,-32.71,152.16,2010,9,26,10,5,-33_152,21.71309455235799,18.550230026245117,21.233464664610445,18.28508290714688,1983,Fly Point-Halifax Park,1
Prionurus microlepidotus,-32.71,152.16,2010,9,26,12.5,10,-33_152,21.71309455235799,18.550230026245117,21.233464664610445,18.28508290714688,1983,Fly Point-Halifax Park,1
Prionurus microlepidotus,-32.71,152.16,2010,9,26,15,10,-33_152,21.71309455235799,18.550230026245117,21.233464664610445,18.28508290714688,1983,Fly Point-Halifax Park,1
Prionurus microlepidotus,-32.71,152.16,2010,9,26,20,2,-33_152,21.71309455235799,18.550230026245117,21.233464664610445,18.28508290714688,1983,Fly Point-Halifax Park,1
Prionurus microlepidotus,-32.71,152.16,2010,9,26,25,2,-33_152,21.71309455235799,18.550230026245117,21.233464664610445,18.28508290714688,1983,Fly Point-Halifax Park,1
Prionurus microlepidotus,-32.71,152.16,2010,9,26,7.5,5,-33_152,21.71309455235799,18.550230026245117,21.233464664610445,18.28508290714688,1983,Fly Point-Halifax Park,1
Prionurus microlepidotus,-32.71,152.16,2010,9,26,20,20,-33_152,21.71309455235799,18.550230026245117,21.233464664610445,18.28508290714688,1983,Fly Point-Halifax Park,1
Prionurus microlepidotus,-32.71,152.16,2010,9,26,25,10,-33_152,21.71309455235799,18.550230026245117,21.233464664610445,18.28508290714688,1983,Fly Point-Halifax Park,1
Prionurus microlepidotus,-32.71,152.23,2010,10,23,20,10,-33_152,21.71309455235799,20.132946014404297,21.233464664610445,19.39545654994185,NA,NA,0
Prionurus microlepidotus,-32.71,152.23,2010,10,23,25,10,-33_152,21.71309455235799,20.132946014404297,21.233464664610445,19.39545654994185,NA,NA,0
Prionurus microlepidotus,-32.71,152.23,2010,10,23,30,10,-33_152,21.71309455235799,20.132946014404297,21.233464664610445,19.39545654994185,NA,NA,0
Prionurus microlepidotus,-32.71,152.23,2010,10,23,7.5,1,-33_152,21.71309455235799,20.132946014404297,21.233464664610445,19.39545654994185,NA,NA,0
Prionurus microlepidotus,-32.71,152.23,2010,10,23,20,15,-33_152,21.71309455235799,20.132946014404297,21.233464664610445,19.39545654994185,NA,NA,0
Prionurus microlepidotus,-30.02,153.27,2011,3,18,25,17,-30_153,23.01617193222046,25.527606964111328,22.974226457793105,25.717676888742755,2002,Solitary Islands Marine Park,0
Prionurus microlepidotus,-32.71,152.16,2010,11,28,20,6,-33_152,21.71309455235799,21.164127349853516,21.233464664610445,20.180860641267564,1983,Fly Point-Halifax Park,1
Prionurus microlepidotus,-29.98,153.26,2011,7,30,15,3,-30_153,23.01617193222046,20.41092300415039,22.974226457793105,20.74516077349263,NA,NA,0
Prionurus microlepidotus,-29.98,153.26,2011,7,30,25,20,-30_153,23.01617193222046,20.41092300415039,22.974226457793105,20.74516077349263,NA,NA,0
Prionurus microlepidotus,-29.98,153.26,2011,7,30,12.5,15,-30_153,23.01617193222046,20.41092300415039,22.974226457793105,20.74516077349263,NA,NA,0
Prionurus microlepidotus,-29.98,153.26,2011,7,30,15,6,-30_153,23.01617193222046,20.41092300415039,22.974226457793105,20.74516077349263,NA,NA,0
Prionurus microlepidotus,-33.08,151.65,2011,1,22,15,10,-33_152,21.399254004160564,24.38715362548828,21.19576238272011,23.810456450267505,NA,NA,0
Prionurus microlepidotus,-33.08,151.65,2011,1,22,20,1,-33_152,21.399254004160564,24.38715362548828,21.19576238272011,23.810456450267505,NA,NA,0
Prionurus microlepidotus,-32.72,152.15,2011,1,29,10,6,-33_152,21.399254004160564,24.38715362548828,21.19576238272011,23.810456450267505,NA,NA,0
Prionurus microlepidotus,-32.72,152.15,2011,1,29,12.5,3,-33_152,21.399254004160564,24.38715362548828,21.19576238272011,23.810456450267505,NA,NA,0
Prionurus microlepidotus,-32.72,152.15,2011,1,29,15,1,-33_152,21.399254004160564,24.38715362548828,21.19576238272011,23.810456450267505,NA,NA,0
Prionurus microlepidotus,-32.72,152.15,2011,1,29,10,2,-33_152,21.399254004160564,24.38715362548828,21.19576238272011,23.810456450267505,NA,NA,0
Prionurus microlepidotus,-34.6,150.9,2011,2,27,5,2,-35_151,20.16364081700643,23.87018585205078,20.277484727943488,23.720832688467844,2002,Bushrangers Bay Aquatic Reserve,0
Prionurus microlepidotus,-34.6,150.9,2011,2,27,7.5,3,-35_151,20.16364081700643,23.87018585205078,20.277484727943488,23.720832688467844,2002,Bushrangers Bay Aquatic Reserve,0
Prionurus microlepidotus,-34.6,150.9,2011,2,27,5,1,-35_151,20.16364081700643,23.87018585205078,20.277484727943488,23.720832688467844,2002,Bushrangers Bay Aquatic Reserve,0
Prionurus microlepidotus,-32.71,152.15,2011,1,3,12.5,10,-33_152,21.399254004160564,24.38715362548828,21.19576238272011,23.810456450267505,1983,Fly Point-Halifax Park,1
Prionurus microlepidotus,-32.71,152.15,2011,1,3,15,3,-33_152,21.399254004160564,24.38715362548828,21.19576238272011,23.810456450267505,1983,Fly Point-Halifax Park,1
Prionurus microlepidotus,-32.71,152.16,2011,1,31,10,1,-33_152,21.399254004160564,24.38715362548828,21.19576238272011,23.810456450267505,1983,Fly Point-Halifax Park,1
Prionurus microlepidotus,-32.71,152.15,2011,1,3,15,1,-33_152,21.399254004160564,24.38715362548828,21.19576238272011,23.810456450267505,1983,Fly Point-Halifax Park,1
Prionurus microlepidotus,-32.71,152.15,2011,1,3,20,3,-33_152,21.399254004160564,24.38715362548828,21.19576238272011,23.810456450267505,1983,Fly Point-Halifax Park,1
Prionurus microlepidotus,-32.71,152.15,2011,1,3,25,2,-33_152,21.399254004160564,24.38715362548828,21.19576238272011,23.810456450267505,1983,Fly Point-Halifax Park,1
Prionurus microlepidotus,-35.07,150.77,2011,4,17,5,2,-35_151,20.16364081700643,22.31734085083008,20.277484727943488,23.11599941253662,2002,Jervis Bay Marine Park,0
Prionurus microlepidotus,-35.13,150.74,2011,4,15,10,1,-35_151,20.16364081700643,22.31734085083008,20.277484727943488,23.11599941253662,NA,NA,0
Prionurus microlepidotus,-35.13,150.74,2011,4,15,5,1,-35_151,20.16364081700643,22.31734085083008,20.277484727943488,23.11599941253662,NA,NA,0
Prionurus microlepidotus,-35.11,150.77,2011,4,16,7.5,1,-35_151,20.16364081700643,22.31734085083008,20.277484727943488,23.11599941253662,NA,NA,0
Prionurus microlepidotus,-35.13,150.75,2011,4,16,5,1,-35_151,20.16364081700643,22.31734085083008,20.277484727943488,23.11599941253662,NA,NA,0
Prionurus microlepidotus,-35.11,150.77,2011,4,16,7.5,1,-35_151,20.16364081700643,22.31734085083008,20.277484727943488,23.11599941253662,2002,Booderee National Park,0
Prionurus microlepidotus,-32.71,152.18,2011,3,14,5,1,-33_152,21.399254004160564,23.949668884277344,21.19576238272011,24.001047893237043,NA,NA,0
Prionurus microlepidotus,-32.71,152.18,2011,3,14,20,5,-33_152,21.399254004160564,23.949668884277344,21.19576238272011,24.001047893237043,NA,NA,0
Prionurus microlepidotus,-32.71,152.18,2011,3,14,10,1,-33_152,21.399254004160564,23.949668884277344,21.19576238272011,24.001047893237043,NA,NA,0
Prionurus microlepidotus,-35.12,150.75,2011,4,16,5,1,-35_151,20.16364081700643,22.31734085083008,20.277484727943488,23.11599941253662,NA,NA,0
Prionurus microlepidotus,-35.12,150.75,2011,4,16,12.5,1,-35_151,20.16364081700643,22.31734085083008,20.277484727943488,23.11599941253662,NA,NA,0
Prionurus microlepidotus,-35.12,150.75,2011,4,16,35,2,-35_151,20.16364081700643,22.31734085083008,20.277484727943488,23.11599941253662,NA,NA,0
Prionurus microlepidotus,-35.12,150.75,2011,4,16,40,3,-35_151,20.16364081700643,22.31734085083008,20.277484727943488,23.11599941253662,NA,NA,0
Prionurus microlepidotus,-35.12,150.75,2011,4,16,30,1,-35_151,20.16364081700643,22.31734085083008,20.277484727943488,23.11599941253662,NA,NA,0
Prionurus microlepidotus,-35.13,150.73,2011,4,15,5,1,-35_151,20.16364081700643,22.31734085083008,20.277484727943488,23.11599941253662,NA,NA,0
Prionurus microlepidotus,-35.13,150.73,2011,4,15,40,1,-35_151,20.16364081700643,22.31734085083008,20.277484727943488,23.11599941253662,NA,NA,0
Prionurus microlepidotus,-35.13,150.73,2011,4,15,50,2,-35_151,20.16364081700643,22.31734085083008,20.277484727943488,23.11599941253662,NA,NA,0
Prionurus microlepidotus,-35.13,150.73,2011,4,15,10,1,-35_151,20.16364081700643,22.31734085083008,20.277484727943488,23.11599941253662,NA,NA,0
Prionurus microlepidotus,-35.12,150.71,2011,4,15,7.5,1,-35_151,20.16364081700643,22.31734085083008,20.277484727943488,23.11599941253662,NA,NA,0
Prionurus microlepidotus,-35.07,150.77,2011,4,17,25,1,-35_151,20.16364081700643,22.31734085083008,20.277484727943488,23.11599941253662,2002,Jervis Bay Marine Park,0
Prionurus microlepidotus,-35.09,150.8,2011,4,18,7.5,1,-35_151,20.16364081700643,22.31734085083008,20.277484727943488,23.11599941253662,NA,NA,0
Prionurus microlepidotus,-35.06,150.77,2011,4,17,40,1,-35_151,20.16364081700643,22.31734085083008,20.277484727943488,23.11599941253662,2002,Jervis Bay Marine Park,0
Prionurus microlepidotus,-32.74,152.19,2011,4,23,5,2,-33_152,21.399254004160564,23.327369689941406,21.19576238272011,22.999416155285303,NA,NA,0
Prionurus microlepidotus,-35.12,150.71,2011,4,15,40,1,-35_151,20.16364081700643,22.31734085083008,20.277484727943488,23.11599941253662,NA,NA,0
Prionurus microlepidotus,-35.12,150.71,2011,4,15,7.5,1,-35_151,20.16364081700643,22.31734085083008,20.277484727943488,23.11599941253662,NA,NA,0
Prionurus microlepidotus,-32.7,152.23,2011,4,9,30,35,-33_152,21.399254004160564,23.327369689941406,21.19576238272011,22.999416155285303,NA,NA,0
Prionurus microlepidotus,-32.7,152.23,2011,4,9,35,100,-33_152,21.399254004160564,23.327369689941406,21.19576238272011,22.999416155285303,NA,NA,0
Prionurus microlepidotus,-32.7,152.23,2011,4,9,40,300,-33_152,21.399254004160564,23.327369689941406,21.19576238272011,22.999416155285303,NA,NA,0
Prionurus microlepidotus,-32.7,152.23,2011,4,9,12.5,2,-33_152,21.399254004160564,23.327369689941406,21.19576238272011,22.999416155285303,NA,NA,0
Prionurus microlepidotus,-32.7,152.23,2011,4,9,15,3,-33_152,21.399254004160564,23.327369689941406,21.19576238272011,22.999416155285303,NA,NA,0
Prionurus microlepidotus,-32.7,152.23,2011,4,9,30,1,-33_152,21.399254004160564,23.327369689941406,21.19576238272011,22.999416155285303,NA,NA,0
Prionurus microlepidotus,-32.71,152.15,2011,4,26,7.5,2,-33_152,21.399254004160564,23.327369689941406,21.19576238272011,22.999416155285303,1983,Fly Point-Halifax Park,1
Prionurus microlepidotus,-32.71,152.15,2011,4,26,20,16,-33_152,21.399254004160564,23.327369689941406,21.19576238272011,22.999416155285303,1983,Fly Point-Halifax Park,1
Prionurus microlepidotus,-32.71,152.15,2011,4,26,5,2,-33_152,21.399254004160564,23.327369689941406,21.19576238272011,22.999416155285303,1983,Fly Point-Halifax Park,1
Prionurus microlepidotus,-32.71,152.15,2011,4,26,12.5,2,-33_152,21.399254004160564,23.327369689941406,21.19576238272011,22.999416155285303,1983,Fly Point-Halifax Park,1
Prionurus microlepidotus,-32.71,152.15,2011,4,26,15,3,-33_152,21.399254004160564,23.327369689941406,21.19576238272011,22.999416155285303,1983,Fly Point-Halifax Park,1
Prionurus microlepidotus,-32.71,152.15,2011,4,26,20,3,-33_152,21.399254004160564,23.327369689941406,21.19576238272011,22.999416155285303,1983,Fly Point-Halifax Park,1
Prionurus microlepidotus,-32.71,152.15,2011,8,7,10,10,-33_152,21.399254004160564,19.14668083190918,21.19576238272011,18.670214596615043,1983,Fly Point-Halifax Park,1
Prionurus microlepidotus,-32.71,152.15,2011,8,7,12.5,3,-33_152,21.399254004160564,19.14668083190918,21.19576238272011,18.670214596615043,1983,Fly Point-Halifax Park,1
Prionurus microlepidotus,-32.71,152.15,2011,8,7,15,1,-33_152,21.399254004160564,19.14668083190918,21.19576238272011,18.670214596615043,1983,Fly Point-Halifax Park,1
Prionurus microlepidotus,-32.71,152.15,2011,8,7,20,1,-33_152,21.399254004160564,19.14668083190918,21.19576238272011,18.670214596615043,1983,Fly Point-Halifax Park,1
Prionurus microlepidotus,-32.71,152.15,2011,8,7,12.5,10,-33_152,21.399254004160564,19.14668083190918,21.19576238272011,18.670214596615043,1983,Fly Point-Halifax Park,1
Prionurus microlepidotus,-32.71,152.15,2011,8,7,15,25,-33_152,21.399254004160564,19.14668083190918,21.19576238272011,18.670214596615043,1983,Fly Point-Halifax Park,1
Prionurus microlepidotus,-32.71,152.15,2011,8,7,20,5,-33_152,21.399254004160564,19.14668083190918,21.19576238272011,18.670214596615043,1983,Fly Point-Halifax Park,1
Prionurus microlepidotus,-32.74,152.19,2011,4,23,5,1,-33_152,21.399254004160564,23.327369689941406,21.19576238272011,22.999416155285303,NA,NA,0
Prionurus microlepidotus,-32.74,152.19,2011,4,23,2.5,1,-33_152,21.399254004160564,23.327369689941406,21.19576238272011,22.999416155285303,NA,NA,0
Prionurus microlepidotus,-32.74,152.19,2011,4,23,5,3,-33_152,21.399254004160564,23.327369689941406,21.19576238272011,22.999416155285303,NA,NA,0
Prionurus microlepidotus,-32.71,152.16,2011,4,4,5,1,-33_152,21.399254004160564,23.327369689941406,21.19576238272011,22.999416155285303,1983,Fly Point-Halifax Park,1
Prionurus microlepidotus,-32.71,152.16,2011,4,4,7.5,1,-33_152,21.399254004160564,23.327369689941406,21.19576238272011,22.999416155285303,1983,Fly Point-Halifax Park,1
Prionurus microlepidotus,-32.71,152.16,2011,4,4,20,2,-33_152,21.399254004160564,23.327369689941406,21.19576238272011,22.999416155285303,1983,Fly Point-Halifax Park,1
Prionurus microlepidotus,-32.71,152.16,2011,4,4,25,5,-33_152,21.399254004160564,23.327369689941406,21.19576238272011,22.999416155285303,1983,Fly Point-Halifax Park,1
Prionurus microlepidotus,-32.71,152.16,2011,4,4,30,1,-33_152,21.399254004160564,23.327369689941406,21.19576238272011,22.999416155285303,1983,Fly Point-Halifax Park,1
Prionurus microlepidotus,-32.71,152.16,2011,4,2,15,3,-33_152,21.399254004160564,23.327369689941406,21.19576238272011,22.999416155285303,1983,Fly Point-Halifax Park,1
Prionurus microlepidotus,-32.69,152.23,2011,4,22,5,1,-33_152,21.399254004160564,23.327369689941406,21.19576238272011,22.999416155285303,2007,Port Stephens Great Lake Marine Park,0
Prionurus microlepidotus,-32.74,152.2,2011,6,25,15,1,-33_152,21.399254004160564,19.886619567871097,21.19576238272011,20.698555082745024,NA,NA,0
Prionurus microlepidotus,-32.72,152.15,2011,7,17,5,1,-33_152,21.399254004160564,18.694730758666992,21.19576238272011,19.82029527746221,NA,NA,0
Prionurus microlepidotus,-32.71,152.16,2011,4,2,20,1,-33_152,21.399254004160564,23.327369689941406,21.19576238272011,22.999416155285303,1983,Fly Point-Halifax Park,1
Prionurus microlepidotus,-35.12,150.76,2011,4,17,5,1,-35_151,20.16364081700643,22.31734085083008,20.277484727943488,23.11599941253662,2002,Booderee National Park,0
Prionurus microlepidotus,-35.12,150.71,2011,4,15,15,1,-35_151,20.16364081700643,22.31734085083008,20.277484727943488,23.11599941253662,NA,NA,0
Prionurus microlepidotus,-35.12,150.71,2011,4,15,20,1,-35_151,20.16364081700643,22.31734085083008,20.277484727943488,23.11599941253662,NA,NA,0
Prionurus microlepidotus,-35.12,150.71,2011,4,15,2.5,1,-35_151,20.16364081700643,22.31734085083008,20.277484727943488,23.11599941253662,NA,NA,0
Prionurus microlepidotus,-35.12,150.71,2011,4,15,5,7,-35_151,20.16364081700643,22.31734085083008,20.277484727943488,23.11599941253662,NA,NA,0
Prionurus microlepidotus,-35.12,150.71,2011,4,15,15,10,-35_151,20.16364081700643,22.31734085083008,20.277484727943488,23.11599941253662,NA,NA,0
Prionurus microlepidotus,-35.12,150.71,2011,4,15,30,20,-35_151,20.16364081700643,22.31734085083008,20.277484727943488,23.11599941253662,NA,NA,0
Prionurus microlepidotus,-35.12,150.71,2011,4,15,25,15,-35_151,20.16364081700643,22.31734085083008,20.277484727943488,23.11599941253662,NA,NA,0
Prionurus microlepidotus,-35.12,150.71,2011,4,15,30,20,-35_151,20.16364081700643,22.31734085083008,20.277484727943488,23.11599941253662,NA,NA,0
Prionurus microlepidotus,-32.69,152.22,2011,2,28,15,1,-33_152,21.399254004160564,24.478046417236328,21.19576238272011,23.549344658851624,NA,NA,0
Prionurus microlepidotus,-32.71,152.16,2011,3,7,12.5,3,-33_152,21.399254004160564,23.949668884277344,21.19576238272011,24.001047893237043,1983,Fly Point-Halifax Park,1
Prionurus microlepidotus,-35.12,150.71,2000,5,16,5,1,-35_151,19.86149024963379,19.47962188720703,20.225888499204668,19.893870569044545,NA,NA,0
Prionurus microlepidotus,-35.12,150.71,2000,5,16,7.5,1,-35_151,19.86149024963379,19.47962188720703,20.225888499204668,19.893870569044545,NA,NA,0
Prionurus microlepidotus,-35.12,150.71,2000,5,16,10,1,-35_151,19.86149024963379,19.47962188720703,20.225888499204668,19.893870569044545,NA,NA,0
Prionurus microlepidotus,-35.12,150.71,2000,5,16,12.5,1,-35_151,19.86149024963379,19.47962188720703,20.225888499204668,19.893870569044545,NA,NA,0
Prionurus microlepidotus,-35.12,150.71,2000,5,16,20,1,-35_151,19.86149024963379,19.47962188720703,20.225888499204668,19.893870569044545,NA,NA,0
Prionurus microlepidotus,-35.12,150.71,2000,5,16,25,2,-35_151,19.86149024963379,19.47962188720703,20.225888499204668,19.893870569044545,NA,NA,0
Prionurus microlepidotus,-35.12,150.71,2000,5,16,20,1,-35_151,19.86149024963379,19.47962188720703,20.225888499204668,19.893870569044545,NA,NA,0
Prionurus microlepidotus,-35.12,150.71,2000,5,16,25,8,-35_151,19.86149024963379,19.47962188720703,20.225888499204668,19.893870569044545,NA,NA,0
Prionurus microlepidotus,-35.12,150.71,2000,5,16,30,1,-35_151,19.86149024963379,19.47962188720703,20.225888499204668,19.893870569044545,NA,NA,0
Prionurus microlepidotus,-35.12,150.71,2000,5,16,25,1,-35_151,19.86149024963379,19.47962188720703,20.225888499204668,19.893870569044545,NA,NA,0
Prionurus microlepidotus,-35.12,150.71,2000,5,16,10,1,-35_151,19.86149024963379,19.47962188720703,20.225888499204668,19.893870569044545,NA,NA,0
Prionurus microlepidotus,-35.12,150.71,2000,5,16,12.5,1,-35_151,19.86149024963379,19.47962188720703,20.225888499204668,19.893870569044545,NA,NA,0
Prionurus microlepidotus,-35.12,150.71,2000,5,16,25,1,-35_151,19.86149024963379,19.47962188720703,20.225888499204668,19.893870569044545,NA,NA,0
Prionurus microlepidotus,-35.12,150.71,2000,5,16,15,2,-35_151,19.86149024963379,19.47962188720703,20.225888499204668,19.893870569044545,NA,NA,0
Prionurus microlepidotus,-35.12,150.71,2000,5,16,20,3,-35_151,19.86149024963379,19.47962188720703,20.225888499204668,19.893870569044545,NA,NA,0
Prionurus microlepidotus,-35.12,150.71,2001,5,28,12.5,1,-35_151,20.306450684865315,19.517976760864254,20.92469391253524,20.341827495123752,NA,NA,0
Prionurus microlepidotus,-35.12,150.71,2001,5,28,10,1,-35_151,20.306450684865315,19.517976760864254,20.92469391253524,20.341827495123752,NA,NA,0
Prionurus microlepidotus,-35.12,150.71,2001,5,28,20,1,-35_151,20.306450684865315,19.517976760864254,20.92469391253524,20.341827495123752,NA,NA,0
Prionurus microlepidotus,-35.12,150.71,2001,5,28,10,1,-35_151,20.306450684865315,19.517976760864254,20.92469391253524,20.341827495123752,NA,NA,0
Prionurus microlepidotus,-35.12,150.71,2001,5,28,12.5,1,-35_151,20.306450684865315,19.517976760864254,20.92469391253524,20.341827495123752,NA,NA,0
Prionurus microlepidotus,-35.12,150.71,2001,5,28,15,1,-35_151,20.306450684865315,19.517976760864254,20.92469391253524,20.341827495123752,NA,NA,0
Prionurus microlepidotus,-35.12,150.71,2001,5,28,20,1,-35_151,20.306450684865315,19.517976760864254,20.92469391253524,20.341827495123752,NA,NA,0
Prionurus microlepidotus,-35.12,150.71,2001,5,28,25,1,-35_151,20.306450684865315,19.517976760864254,20.92469391253524,20.341827495123752,NA,NA,0
Prionurus microlepidotus,-35.12,150.71,2003,5,5,5,1,-35_151,19.67031701405843,19.886886596679688,20.059936153369872,20.705698526033792,NA,NA,0
Prionurus microlepidotus,-35.12,150.71,2003,5,5,7.5,1,-35_151,19.67031701405843,19.886886596679688,20.059936153369872,20.705698526033792,NA,NA,0
Prionurus microlepidotus,-35.12,150.71,2003,5,5,5,1,-35_151,19.67031701405843,19.886886596679688,20.059936153369872,20.705698526033792,NA,NA,0
Prionurus microlepidotus,-35.12,150.71,2003,5,5,7.5,1,-35_151,19.67031701405843,19.886886596679688,20.059936153369872,20.705698526033792,NA,NA,0
Prionurus microlepidotus,-35.12,150.71,2004,5,27,7.5,1,-35_151,19.537256399790447,19.329307556152344,19.870283113122944,20.739031760923325,NA,NA,0
Prionurus microlepidotus,-35.12,150.71,2004,5,27,10,1,-35_151,19.537256399790447,19.329307556152344,19.870283113122944,20.739031760923325,NA,NA,0
Prionurus microlepidotus,-35.12,150.71,2004,5,27,15,3,-35_151,19.537256399790447,19.329307556152344,19.870283113122944,20.739031760923325,NA,NA,0
Prionurus microlepidotus,-35.12,150.71,2004,5,27,10,1,-35_151,19.537256399790447,19.329307556152344,19.870283113122944,20.739031760923325,NA,NA,0
Prionurus microlepidotus,-35.12,150.71,2004,5,27,12.5,1,-35_151,19.537256399790447,19.329307556152344,19.870283113122944,20.739031760923325,NA,NA,0
Prionurus microlepidotus,-35.12,150.71,2004,5,27,25,1,-35_151,19.537256399790447,19.329307556152344,19.870283113122944,20.739031760923325,NA,NA,0
Prionurus microlepidotus,-35.12,150.71,2004,5,27,20,1,-35_151,19.537256399790447,19.329307556152344,19.870283113122944,20.739031760923325,NA,NA,0
Prionurus microlepidotus,-35.12,150.71,2004,5,27,30,1,-35_151,19.537256399790447,19.329307556152344,19.870283113122944,20.739031760923325,NA,NA,0
Prionurus microlepidotus,-35.08,150.79,2001,6,1,12.5,1,-35_151,20.306450684865315,18.968673706054688,20.92469391253524,19.70966623094347,2002,Jervis Bay Marine Park,0
Prionurus microlepidotus,-35.08,150.79,2000,5,11,15,1,-35_151,19.86149024963379,19.47962188720703,20.225888499204668,19.893870569044545,2002,Jervis Bay Marine Park,0
Prionurus microlepidotus,-35.08,150.79,2001,5,31,12.5,1,-35_151,20.306450684865315,19.517976760864254,20.92469391253524,20.341827495123752,2002,Jervis Bay Marine Park,0
Prionurus microlepidotus,-35.07,150.77,2000,5,12,10,1,-35_151,19.86149024963379,19.47962188720703,20.225888499204668,19.893870569044545,2002,Jervis Bay Marine Park,0
Prionurus microlepidotus,-35.07,150.77,2003,4,30,30,1,-35_151,19.67031701405843,21.371448516845703,20.059936153369872,22.25355500115289,2002,Jervis Bay Marine Park,0
Prionurus microlepidotus,-35.07,150.77,2003,4,30,35,1,-35_151,19.67031701405843,21.371448516845703,20.059936153369872,22.25355500115289,2002,Jervis Bay Marine Park,0
Prionurus microlepidotus,-35.07,150.77,2003,4,30,25,1,-35_151,19.67031701405843,21.371448516845703,20.059936153369872,22.25355500115289,2002,Jervis Bay Marine Park,0
Prionurus microlepidotus,-35.07,150.77,2003,4,30,30,1,-35_151,19.67031701405843,21.371448516845703,20.059936153369872,22.25355500115289,2002,Jervis Bay Marine Park,0
Prionurus microlepidotus,-35.07,150.77,2004,5,25,12.5,1,-35_151,19.537256399790447,19.329307556152344,19.870283113122944,20.739031760923325,2002,Jervis Bay Marine Park,0
Prionurus microlepidotus,-35.07,150.77,2004,5,25,10,2,-35_151,19.537256399790447,19.329307556152344,19.870283113122944,20.739031760923325,2002,Jervis Bay Marine Park,0
Prionurus microlepidotus,-35.07,150.77,2004,5,25,7.5,1,-35_151,19.537256399790447,19.329307556152344,19.870283113122944,20.739031760923325,2002,Jervis Bay Marine Park,0
Prionurus microlepidotus,-35.06,150.77,2004,5,25,12.5,1,-35_151,19.537256399790447,19.329307556152344,19.870283113122944,20.739031760923325,2002,Jervis Bay Marine Park,0
Prionurus microlepidotus,-35.06,150.77,2004,5,25,30,1,-35_151,19.537256399790447,19.329307556152344,19.870283113122944,20.739031760923325,2002,Jervis Bay Marine Park,0
Prionurus microlepidotus,-35.06,150.77,2004,5,25,20,1,-35_151,19.537256399790447,19.329307556152344,19.870283113122944,20.739031760923325,2002,Jervis Bay Marine Park,0
Prionurus microlepidotus,-35.06,150.77,2000,5,15,7.5,1,-35_151,19.86149024963379,19.47962188720703,20.225888499204668,19.893870569044545,2002,Jervis Bay Marine Park,0
Prionurus microlepidotus,-35.06,150.77,2000,5,15,15,1,-35_151,19.86149024963379,19.47962188720703,20.225888499204668,19.893870569044545,2002,Jervis Bay Marine Park,0
Prionurus microlepidotus,-35.06,150.77,2000,5,15,20,1,-35_151,19.86149024963379,19.47962188720703,20.225888499204668,19.893870569044545,2002,Jervis Bay Marine Park,0
Prionurus microlepidotus,-35.06,150.77,2000,5,15,25,1,-35_151,19.86149024963379,19.47962188720703,20.225888499204668,19.893870569044545,2002,Jervis Bay Marine Park,0
Prionurus microlepidotus,-35.06,150.77,2000,5,15,10,1,-35_151,19.86149024963379,19.47962188720703,20.225888499204668,19.893870569044545,2002,Jervis Bay Marine Park,0
Prionurus microlepidotus,-35.06,150.77,2004,5,25,15,1,-35_151,19.537256399790447,19.329307556152344,19.870283113122944,20.739031760923325,2002,Jervis Bay Marine Park,0
Prionurus microlepidotus,-35.06,150.77,2004,5,25,25,1,-35_151,19.537256399790447,19.329307556152344,19.870283113122944,20.739031760923325,2002,Jervis Bay Marine Park,0
Prionurus microlepidotus,-35.06,150.77,2001,6,5,15,1,-35_151,20.306450684865315,18.968673706054688,20.92469391253524,19.70966623094347,2002,Jervis Bay Marine Park,0
Prionurus microlepidotus,-35.06,150.77,2001,6,5,20,3,-35_151,20.306450684865315,18.968673706054688,20.92469391253524,19.70966623094347,2002,Jervis Bay Marine Park,0
Prionurus microlepidotus,-35.06,150.77,2001,6,5,20,1,-35_151,20.306450684865315,18.968673706054688,20.92469391253524,19.70966623094347,2002,Jervis Bay Marine Park,0
Prionurus microlepidotus,-35.06,150.77,2001,6,5,20,2,-35_151,20.306450684865315,18.968673706054688,20.92469391253524,19.70966623094347,2002,Jervis Bay Marine Park,0
Prionurus microlepidotus,-35.06,150.77,2001,6,5,25,4,-35_151,20.306450684865315,18.968673706054688,20.92469391253524,19.70966623094347,2002,Jervis Bay Marine Park,0
Prionurus microlepidotus,-35.06,150.78,2004,5,25,7.5,1,-35_151,19.537256399790447,19.329307556152344,19.870283113122944,20.739031760923325,NA,NA,0
Prionurus microlepidotus,-35.06,150.78,2004,5,25,10,1,-35_151,19.537256399790447,19.329307556152344,19.870283113122944,20.739031760923325,NA,NA,0
Prionurus microlepidotus,-35.06,150.78,2000,5,13,10,1,-35_151,19.86149024963379,19.47962188720703,20.225888499204668,19.893870569044545,NA,NA,0
Prionurus microlepidotus,-35.06,150.78,2006,5,30,15,1,-35_151,19.914414087931316,19.192729949951172,20.48518301147022,20.09741885687715,NA,NA,0
Prionurus microlepidotus,-35.07,150.7,2003,5,1,10,1,-35_151,19.67031701405843,19.886886596679688,20.059936153369872,20.705698526033792,NA,NA,0
Prionurus microlepidotus,-35.07,150.7,2004,5,26,15,2,-35_151,19.537256399790447,19.329307556152344,19.870283113122944,20.739031760923325,NA,NA,0
Prionurus microlepidotus,-35.07,150.7,2004,5,26,20,1,-35_151,19.537256399790447,19.329307556152344,19.870283113122944,20.739031760923325,NA,NA,0
Prionurus microlepidotus,-35.07,150.7,2004,5,26,25,1,-35_151,19.537256399790447,19.329307556152344,19.870283113122944,20.739031760923325,NA,NA,0
Prionurus microlepidotus,-35.07,150.7,2004,5,26,7.5,1,-35_151,19.537256399790447,19.329307556152344,19.870283113122944,20.739031760923325,NA,NA,0
Prionurus microlepidotus,-35.07,150.7,2004,5,26,10,1,-35_151,19.537256399790447,19.329307556152344,19.870283113122944,20.739031760923325,NA,NA,0
Prionurus microlepidotus,-35.07,150.7,2004,5,26,12.5,1,-35_151,19.537256399790447,19.329307556152344,19.870283113122944,20.739031760923325,NA,NA,0
Prionurus microlepidotus,-35.07,150.7,2004,5,26,25,2,-35_151,19.537256399790447,19.329307556152344,19.870283113122944,20.739031760923325,NA,NA,0
Prionurus microlepidotus,-35.07,150.7,2004,5,26,15,1,-35_151,19.537256399790447,19.329307556152344,19.870283113122944,20.739031760923325,NA,NA,0
Prionurus microlepidotus,-35.07,150.7,2004,5,26,15,1,-35_151,19.537256399790447,19.329307556152344,19.870283113122944,20.739031760923325,NA,NA,0
Prionurus microlepidotus,-35.09,150.69,2001,5,22,5,1,-35_151,20.306450684865315,19.517976760864254,20.92469391253524,20.341827495123752,2002,Jervis Bay Marine Park,0
Prionurus microlepidotus,-35.09,150.69,2001,5,22,7.5,1,-35_151,20.306450684865315,19.517976760864254,20.92469391253524,20.341827495123752,2002,Jervis Bay Marine Park,0
Prionurus microlepidotus,-35.09,150.69,2001,5,22,12.5,1,-35_151,20.306450684865315,19.517976760864254,20.92469391253524,20.341827495123752,2002,Jervis Bay Marine Park,0
Prionurus microlepidotus,-35.09,150.69,2001,5,22,12.5,1,-35_151,20.306450684865315,19.517976760864254,20.92469391253524,20.341827495123752,2002,Jervis Bay Marine Park,0
Prionurus microlepidotus,-35.09,150.69,2003,5,9,15,1,-35_151,19.67031701405843,19.886886596679688,20.059936153369872,20.705698526033792,2002,Jervis Bay Marine Park,0
Prionurus microlepidotus,-35.09,150.69,2003,5,9,7.5,2,-35_151,19.67031701405843,19.886886596679688,20.059936153369872,20.705698526033792,2002,Jervis Bay Marine Park,0
Prionurus microlepidotus,-35.09,150.69,2003,5,9,5,1,-35_151,19.67031701405843,19.886886596679688,20.059936153369872,20.705698526033792,2002,Jervis Bay Marine Park,0
Prionurus microlepidotus,-35.09,150.69,2003,5,9,5,1,-35_151,19.67031701405843,19.886886596679688,20.059936153369872,20.705698526033792,2002,Jervis Bay Marine Park,0
Prionurus microlepidotus,-35.09,150.69,2003,5,9,7.5,2,-35_151,19.67031701405843,19.886886596679688,20.059936153369872,20.705698526033792,2002,Jervis Bay Marine Park,0
Prionurus microlepidotus,-35.09,150.69,2004,5,27,10,1,-35_151,19.537256399790447,19.329307556152344,19.870283113122944,20.739031760923325,2002,Jervis Bay Marine Park,0
Prionurus microlepidotus,-35.09,150.69,2004,5,27,10,1,-35_151,19.537256399790447,19.329307556152344,19.870283113122944,20.739031760923325,2002,Jervis Bay Marine Park,0
Prionurus microlepidotus,-35.09,150.69,2004,5,27,12.5,1,-35_151,19.537256399790447,19.329307556152344,19.870283113122944,20.739031760923325,2002,Jervis Bay Marine Park,0
Prionurus microlepidotus,-35.09,150.69,2004,5,27,25,1,-35_151,19.537256399790447,19.329307556152344,19.870283113122944,20.739031760923325,2002,Jervis Bay Marine Park,0
Prionurus microlepidotus,-35.09,150.69,2004,5,27,10,5,-35_151,19.537256399790447,19.329307556152344,19.870283113122944,20.739031760923325,2002,Jervis Bay Marine Park,0
Prionurus microlepidotus,-35.1,150.7,2003,5,10,10,1,-35_151,19.67031701405843,19.886886596679688,20.059936153369872,20.705698526033792,2002,Jervis Bay Marine Park,0
Prionurus microlepidotus,-35.09,150.69,2006,5,24,12.5,1,-35_151,19.914414087931316,19.192729949951172,20.48518301147022,20.09741885687715,2002,Jervis Bay Marine Park,0
Prionurus microlepidotus,-35.09,150.69,2006,5,24,15,1,-35_151,19.914414087931316,19.192729949951172,20.48518301147022,20.09741885687715,2002,Jervis Bay Marine Park,0
Prionurus microlepidotus,-35.09,150.69,2006,5,24,20,1,-35_151,19.914414087931316,19.192729949951172,20.48518301147022,20.09741885687715,2002,Jervis Bay Marine Park,0
Prionurus microlepidotus,-35.1,150.7,2003,5,10,7.5,1,-35_151,19.67031701405843,19.886886596679688,20.059936153369872,20.705698526033792,2002,Jervis Bay Marine Park,0
Prionurus microlepidotus,-35.08,150.78,2003,5,8,20,1,-35_151,19.67031701405843,19.886886596679688,20.059936153369872,20.705698526033792,NA,NA,0
Prionurus microlepidotus,-35.1,150.7,2003,5,10,7.5,2,-35_151,19.67031701405843,19.886886596679688,20.059936153369872,20.705698526033792,2002,Jervis Bay Marine Park,0
Prionurus microlepidotus,-35.1,150.7,2003,5,10,5,1,-35_151,19.67031701405843,19.886886596679688,20.059936153369872,20.705698526033792,2002,Jervis Bay Marine Park,0
Prionurus microlepidotus,-35.1,150.7,2004,5,27,7.5,2,-35_151,19.537256399790447,19.329307556152344,19.870283113122944,20.739031760923325,2002,Jervis Bay Marine Park,0
Prionurus microlepidotus,-35.1,150.7,2004,5,27,12.5,1,-35_151,19.537256399790447,19.329307556152344,19.870283113122944,20.739031760923325,2002,Jervis Bay Marine Park,0
Prionurus microlepidotus,-35.1,150.7,2004,5,27,7.5,1,-35_151,19.537256399790447,19.329307556152344,19.870283113122944,20.739031760923325,2002,Jervis Bay Marine Park,0
Prionurus microlepidotus,-35.1,150.7,2004,5,27,10,1,-35_151,19.537256399790447,19.329307556152344,19.870283113122944,20.739031760923325,2002,Jervis Bay Marine Park,0
Prionurus microlepidotus,-35.1,150.7,2004,5,27,10,1,-35_151,19.537256399790447,19.329307556152344,19.870283113122944,20.739031760923325,2002,Jervis Bay Marine Park,0
Prionurus microlepidotus,-35.1,150.7,2004,5,27,12.5,1,-35_151,19.537256399790447,19.329307556152344,19.870283113122944,20.739031760923325,2002,Jervis Bay Marine Park,0
Prionurus microlepidotus,-35.1,150.7,2004,5,27,10,1,-35_151,19.537256399790447,19.329307556152344,19.870283113122944,20.739031760923325,2002,Jervis Bay Marine Park,0
Prionurus microlepidotus,-35.1,150.7,2004,5,27,12.5,1,-35_151,19.537256399790447,19.329307556152344,19.870283113122944,20.739031760923325,2002,Jervis Bay Marine Park,0
Prionurus microlepidotus,-35.1,150.7,2004,5,27,10,2,-35_151,19.537256399790447,19.329307556152344,19.870283113122944,20.739031760923325,2002,Jervis Bay Marine Park,0
Prionurus microlepidotus,-35.1,150.7,2006,5,24,15,1,-35_151,19.914414087931316,19.192729949951172,20.48518301147022,20.09741885687715,2002,Jervis Bay Marine Park,0
Prionurus microlepidotus,-35.1,150.7,2006,5,24,15,1,-35_151,19.914414087931316,19.192729949951172,20.48518301147022,20.09741885687715,2002,Jervis Bay Marine Park,0
Prionurus microlepidotus,-35.1,150.7,2006,5,24,12.5,1,-35_151,19.914414087931316,19.192729949951172,20.48518301147022,20.09741885687715,2002,Jervis Bay Marine Park,0
Prionurus microlepidotus,-35.02,150.76,2000,5,9,20,1,-35_151,19.86149024963379,19.47962188720703,20.225888499204668,19.893870569044545,2002,Jervis Bay Marine Park,0
Prionurus microlepidotus,-35.03,150.78,2004,5,30,10,1,-35_151,19.537256399790447,19.329307556152344,19.870283113122944,20.739031760923325,2002,Jervis Bay Marine Park,0
Prionurus microlepidotus,-35.03,150.78,2004,5,30,25,1,-35_151,19.537256399790447,19.329307556152344,19.870283113122944,20.739031760923325,2002,Jervis Bay Marine Park,0
Prionurus microlepidotus,-35.03,150.78,2004,5,30,30,1,-35_151,19.537256399790447,19.329307556152344,19.870283113122944,20.739031760923325,2002,Jervis Bay Marine Park,0
Prionurus microlepidotus,-35.03,150.78,2004,5,30,35,1,-35_151,19.537256399790447,19.329307556152344,19.870283113122944,20.739031760923325,2002,Jervis Bay Marine Park,0
Prionurus microlepidotus,-35.03,150.78,2004,5,30,10,1,-35_151,19.537256399790447,19.329307556152344,19.870283113122944,20.739031760923325,2002,Jervis Bay Marine Park,0
Prionurus microlepidotus,-35.03,150.78,2004,5,30,20,1,-35_151,19.537256399790447,19.329307556152344,19.870283113122944,20.739031760923325,2002,Jervis Bay Marine Park,0
Prionurus microlepidotus,-35.03,150.78,2006,6,1,25,1,-35_151,19.914414087931316,18.326250076293945,20.48518301147022,19.248444069756403,2002,Jervis Bay Marine Park,0
Prionurus microlepidotus,-35.03,150.78,2006,6,1,20,1,-35_151,19.914414087931316,18.326250076293945,20.48518301147022,19.248444069756403,2002,Jervis Bay Marine Park,0
Prionurus microlepidotus,-35.03,150.78,2006,6,1,25,1,-35_151,19.914414087931316,18.326250076293945,20.48518301147022,19.248444069756403,2002,Jervis Bay Marine Park,0
Prionurus microlepidotus,-35.03,150.78,2006,6,1,20,1,-35_151,19.914414087931316,18.326250076293945,20.48518301147022,19.248444069756403,2002,Jervis Bay Marine Park,0
Prionurus microlepidotus,-35.03,150.78,2006,6,1,25,1,-35_151,19.914414087931316,18.326250076293945,20.48518301147022,19.248444069756403,2002,Jervis Bay Marine Park,0
Prionurus microlepidotus,-35.03,150.78,2006,6,1,30,3,-35_151,19.914414087931316,18.326250076293945,20.48518301147022,19.248444069756403,2002,Jervis Bay Marine Park,0
Prionurus microlepidotus,-35.03,150.78,2006,6,1,35,5,-35_151,19.914414087931316,18.326250076293945,20.48518301147022,19.248444069756403,2002,Jervis Bay Marine Park,0
Prionurus microlepidotus,-35.03,150.78,2006,6,1,50,1,-35_151,19.914414087931316,18.326250076293945,20.48518301147022,19.248444069756403,2002,Jervis Bay Marine Park,0
Prionurus microlepidotus,-35.02,150.76,2001,5,27,15,1,-35_151,20.306450684865315,19.517976760864254,20.92469391253524,20.341827495123752,2002,Jervis Bay Marine Park,0
Prionurus microlepidotus,-35.02,150.76,2001,5,27,20,1,-35_151,20.306450684865315,19.517976760864254,20.92469391253524,20.341827495123752,2002,Jervis Bay Marine Park,0
Prionurus microlepidotus,-35.02,150.76,2001,5,27,10,1,-35_151,20.306450684865315,19.517976760864254,20.92469391253524,20.341827495123752,2002,Jervis Bay Marine Park,0
Prionurus microlepidotus,-35.02,150.76,2001,5,27,12.5,1,-35_151,20.306450684865315,19.517976760864254,20.92469391253524,20.341827495123752,2002,Jervis Bay Marine Park,0
Prionurus microlepidotus,-35.07,150.77,2007,5,15,25,1,-35_151,19.947011470794678,20.66152572631836,20.31496241590761,21.13795655773532,2002,Jervis Bay Marine Park,0
Prionurus microlepidotus,-35.08,150.79,2007,5,8,5,1,-35_151,19.947011470794678,20.66152572631836,20.31496241590761,21.13795655773532,2002,Jervis Bay Marine Park,0
Prionurus microlepidotus,-35.09,150.69,2007,5,18,10,1,-35_151,19.947011470794678,20.66152572631836,20.31496241590761,21.13795655773532,2002,Jervis Bay Marine Park,0
Prionurus microlepidotus,-35.09,150.69,2007,5,18,7.5,1,-35_151,19.947011470794678,20.66152572631836,20.31496241590761,21.13795655773532,2002,Jervis Bay Marine Park,0
Prionurus microlepidotus,-35.09,150.69,2007,5,18,20,1,-35_151,19.947011470794678,20.66152572631836,20.31496241590761,21.13795655773532,2002,Jervis Bay Marine Park,0
Prionurus microlepidotus,-35.03,150.78,2007,5,11,35,1,-35_151,19.947011470794678,20.66152572631836,20.31496241590761,21.13795655773532,2002,Jervis Bay Marine Park,0
Prionurus microlepidotus,-35.03,150.78,2007,5,11,25,1,-35_151,19.947011470794678,20.66152572631836,20.31496241590761,21.13795655773532,2002,Jervis Bay Marine Park,0
Prionurus microlepidotus,-35.02,150.76,2007,5,11,35,1,-35_151,19.947011470794678,20.66152572631836,20.31496241590761,21.13795655773532,2002,Jervis Bay Marine Park,0
Prionurus microlepidotus,-35.02,150.76,2007,5,11,15,1,-35_151,19.947011470794678,20.66152572631836,20.31496241590761,21.13795655773532,2002,Jervis Bay Marine Park,0
Prionurus microlepidotus,-35.02,150.76,2007,5,11,30,1,-35_151,19.947011470794678,20.66152572631836,20.31496241590761,21.13795655773532,2002,Jervis Bay Marine Park,0
Prionurus microlepidotus,-35.02,150.76,2007,5,11,25,4,-35_151,19.947011470794678,20.66152572631836,20.31496241590761,21.13795655773532,2002,Jervis Bay Marine Park,0
Prionurus microlepidotus,-35.02,150.76,2007,5,11,30,1,-35_151,19.947011470794678,20.66152572631836,20.31496241590761,21.13795655773532,2002,Jervis Bay Marine Park,0
Prionurus microlepidotus,-35.02,150.76,2007,5,11,20,1,-35_151,19.947011470794678,20.66152572631836,20.31496241590761,21.13795655773532,2002,Jervis Bay Marine Park,0
Prionurus microlepidotus,-35.02,150.76,2007,5,11,20,1,-35_151,19.947011470794678,20.66152572631836,20.31496241590761,21.13795655773532,2002,Jervis Bay Marine Park,0
Prionurus microlepidotus,-35.02,150.76,2007,5,11,30,2,-35_151,19.947011470794678,20.66152572631836,20.31496241590761,21.13795655773532,2002,Jervis Bay Marine Park,0
Prionurus microlepidotus,-35.02,150.76,2007,5,11,35,1,-35_151,19.947011470794678,20.66152572631836,20.31496241590761,21.13795655773532,2002,Jervis Bay Marine Park,0
Prionurus microlepidotus,-35.02,150.76,2007,5,11,25,1,-35_151,19.947011470794678,20.66152572631836,20.31496241590761,21.13795655773532,2002,Jervis Bay Marine Park,0
Prionurus microlepidotus,-35.02,150.76,2007,5,11,30,1,-35_151,19.947011470794678,20.66152572631836,20.31496241590761,21.13795655773532,2002,Jervis Bay Marine Park,0
Prionurus microlepidotus,-35.11,150.77,2007,5,10,10,1,-35_151,19.947011470794678,20.66152572631836,20.31496241590761,21.13795655773532,2002,Booderee National Park,0
Prionurus microlepidotus,-35.08,150.79,2007,5,8,7.5,1,-35_151,19.947011470794678,20.66152572631836,20.31496241590761,21.13795655773532,2002,Jervis Bay Marine Park,0
Prionurus microlepidotus,-35.07,150.7,2007,5,14,7.5,1,-35_151,19.947011470794678,20.66152572631836,20.31496241590761,21.13795655773532,NA,NA,0
Prionurus microlepidotus,-35.08,150.78,2007,5,9,25,1,-35_151,19.947011470794678,20.66152572631836,20.31496241590761,21.13795655773532,NA,NA,0
Prionurus microlepidotus,-35.13,150.73,2007,5,21,7.5,1,-35_151,19.947011470794678,20.66152572631836,20.31496241590761,21.13795655773532,NA,NA,0
Prionurus microlepidotus,-35.13,150.73,2007,5,21,35,1,-35_151,19.947011470794678,20.66152572631836,20.31496241590761,21.13795655773532,NA,NA,0
Prionurus microlepidotus,-35.01,150.73,2007,5,14,15,1,-35_151,19.947011470794678,20.66152572631836,20.31496241590761,21.13795655773532,NA,NA,0
Prionurus microlepidotus,-35.04,150.68,2007,5,17,5,1,-35_151,19.947011470794678,20.66152572631836,20.31496241590761,21.13795655773532,2002,Jervis Bay Marine Park,0
Prionurus microlepidotus,-35.04,150.68,2007,5,17,15,1,-35_151,19.947011470794678,20.66152572631836,20.31496241590761,21.13795655773532,2002,Jervis Bay Marine Park,0
Prionurus microlepidotus,-35.04,150.68,2007,5,17,20,2,-35_151,19.947011470794678,20.66152572631836,20.31496241590761,21.13795655773532,2002,Jervis Bay Marine Park,0
Prionurus microlepidotus,-35.04,150.68,2007,5,17,25,3,-35_151,19.947011470794678,20.66152572631836,20.31496241590761,21.13795655773532,2002,Jervis Bay Marine Park,0
Prionurus microlepidotus,-35.04,150.68,2007,5,17,30,1,-35_151,19.947011470794678,20.66152572631836,20.31496241590761,21.13795655773532,2002,Jervis Bay Marine Park,0
Prionurus microlepidotus,-35.04,150.68,2007,5,17,30,1,-35_151,19.947011470794678,20.66152572631836,20.31496241590761,21.13795655773532,2002,Jervis Bay Marine Park,0
Prionurus microlepidotus,-35.04,150.68,2007,5,17,25,1,-35_151,19.947011470794678,20.66152572631836,20.31496241590761,21.13795655773532,2002,Jervis Bay Marine Park,0
Prionurus microlepidotus,-35.04,150.68,2007,5,17,12.5,2,-35_151,19.947011470794678,20.66152572631836,20.31496241590761,21.13795655773532,2002,Jervis Bay Marine Park,0
Prionurus microlepidotus,-35.04,150.68,2007,5,17,15,1,-35_151,19.947011470794678,20.66152572631836,20.31496241590761,21.13795655773532,2002,Jervis Bay Marine Park,0
Prionurus microlepidotus,-35.04,150.68,2007,5,17,20,3,-35_151,19.947011470794678,20.66152572631836,20.31496241590761,21.13795655773532,2002,Jervis Bay Marine Park,0
Prionurus microlepidotus,-35.04,150.68,2007,5,17,25,1,-35_151,19.947011470794678,20.66152572631836,20.31496241590761,21.13795655773532,2002,Jervis Bay Marine Park,0
Prionurus microlepidotus,-35.12,150.71,2009,6,4,30,1,-35_151,19.915931542714436,18.534469604492188,20.050225972343902,19.980332798428005,NA,NA,0
Prionurus microlepidotus,-35.03,150.78,2009,6,3,30,1,-35_151,19.915931542714436,18.534469604492188,20.050225972343902,19.980332798428005,2002,Jervis Bay Marine Park,0
Prionurus microlepidotus,-35.03,150.78,2009,6,3,20,1,-35_151,19.915931542714436,18.534469604492188,20.050225972343902,19.980332798428005,2002,Jervis Bay Marine Park,0
Prionurus microlepidotus,-35.03,150.78,2009,6,3,40,1,-35_151,19.915931542714436,18.534469604492188,20.050225972343902,19.980332798428005,2002,Jervis Bay Marine Park,0
Prionurus microlepidotus,-35.03,150.78,2009,6,3,35,1,-35_151,19.915931542714436,18.534469604492188,20.050225972343902,19.980332798428005,2002,Jervis Bay Marine Park,0
Prionurus microlepidotus,-35.02,150.76,2009,6,3,30,1,-35_151,19.915931542714436,18.534469604492188,20.050225972343902,19.980332798428005,2002,Jervis Bay Marine Park,0
Prionurus microlepidotus,-35.13,150.73,2009,6,4,15,2,-35_151,19.915931542714436,18.534469604492188,20.050225972343902,19.980332798428005,NA,NA,0
Prionurus microlepidotus,-35.13,150.73,2009,6,4,25,1,-35_151,19.915931542714436,18.534469604492188,20.050225972343902,19.980332798428005,NA,NA,0
Prionurus microlepidotus,-35.13,150.73,2009,6,4,15,1,-35_151,19.915931542714436,18.534469604492188,20.050225972343902,19.980332798428005,NA,NA,0
Prionurus microlepidotus,-35.13,150.73,2009,6,4,20,2,-35_151,19.915931542714436,18.534469604492188,20.050225972343902,19.980332798428005,NA,NA,0
Prionurus microlepidotus,-35.13,150.73,2009,6,4,30,3,-35_151,19.915931542714436,18.534469604492188,20.050225972343902,19.980332798428005,NA,NA,0
Prionurus microlepidotus,-35.13,150.73,2009,6,4,35,2,-35_151,19.915931542714436,18.534469604492188,20.050225972343902,19.980332798428005,NA,NA,0
Prionurus microlepidotus,-35.13,150.73,2009,6,4,25,2,-35_151,19.915931542714436,18.534469604492188,20.050225972343902,19.980332798428005,NA,NA,0
Prionurus microlepidotus,-35.13,150.73,2009,6,4,30,1,-35_151,19.915931542714436,18.534469604492188,20.050225972343902,19.980332798428005,NA,NA,0
Prionurus microlepidotus,-35.13,150.73,2009,6,4,20,2,-35_151,19.915931542714436,18.534469604492188,20.050225972343902,19.980332798428005,NA,NA,0
Prionurus microlepidotus,-35.13,150.73,2009,6,4,25,1,-35_151,19.915931542714436,18.534469604492188,20.050225972343902,19.980332798428005,NA,NA,0
Prionurus microlepidotus,-35.13,150.73,2009,6,4,20,1,-35_151,19.915931542714436,18.534469604492188,20.050225972343902,19.980332798428005,NA,NA,0
Prionurus microlepidotus,-35.13,150.73,2009,6,4,30,2,-35_151,19.915931542714436,18.534469604492188,20.050225972343902,19.980332798428005,NA,NA,0
Prionurus microlepidotus,-35.13,150.73,2009,6,4,25,1,-35_151,19.915931542714436,18.534469604492188,20.050225972343902,19.980332798428005,NA,NA,0
Prionurus microlepidotus,-35.13,150.73,2009,6,4,35,2,-35_151,19.915931542714436,18.534469604492188,20.050225972343902,19.980332798428005,NA,NA,0
Prionurus microlepidotus,-35.04,150.68,2009,6,4,30,2,-35_151,19.915931542714436,18.534469604492188,20.050225972343902,19.980332798428005,2002,Jervis Bay Marine Park,0
Prionurus microlepidotus,-35.04,150.68,2009,6,4,35,1,-35_151,19.915931542714436,18.534469604492188,20.050225972343902,19.980332798428005,2002,Jervis Bay Marine Park,0
Prionurus microlepidotus,-35.02,150.76,2009,6,3,30,2,-35_151,19.915931542714436,18.534469604492188,20.050225972343902,19.980332798428005,2002,Jervis Bay Marine Park,0
Prionurus microlepidotus,-35.02,150.76,2009,6,3,35,2,-35_151,19.915931542714436,18.534469604492188,20.050225972343902,19.980332798428005,2002,Jervis Bay Marine Park,0
Prionurus microlepidotus,-35.02,150.76,2009,6,3,25,1,-35_151,19.915931542714436,18.534469604492188,20.050225972343902,19.980332798428005,2002,Jervis Bay Marine Park,0
Prionurus microlepidotus,-35.09,150.69,2009,5,29,15,3,-35_151,19.915931542714436,19.976171493530273,20.050225972343902,21.40569834555349,2002,Jervis Bay Marine Park,0
Prionurus microlepidotus,-35.09,150.69,2009,5,29,25,1,-35_151,19.915931542714436,19.976171493530273,20.050225972343902,21.40569834555349,2002,Jervis Bay Marine Park,0
Prionurus microlepidotus,-35.09,150.69,2009,5,29,30,2,-35_151,19.915931542714436,19.976171493530273,20.050225972343902,21.40569834555349,2002,Jervis Bay Marine Park,0
Prionurus microlepidotus,-35.04,150.68,2009,6,4,30,1,-35_151,19.915931542714436,18.534469604492188,20.050225972343902,19.980332798428005,2002,Jervis Bay Marine Park,0
Prionurus microlepidotus,-35.04,150.68,2009,6,4,35,3,-35_151,19.915931542714436,18.534469604492188,20.050225972343902,19.980332798428005,2002,Jervis Bay Marine Park,0
Prionurus microlepidotus,-35.02,150.76,2009,6,3,20,1,-35_151,19.915931542714436,18.534469604492188,20.050225972343902,19.980332798428005,2002,Jervis Bay Marine Park,0
Prionurus microlepidotus,-35.11,150.77,2009,6,1,25,1,-35_151,19.915931542714436,18.534469604492188,20.050225972343902,19.980332798428005,2002,Booderee National Park,0
Prionurus microlepidotus,-35.11,150.77,2009,6,1,15,1,-35_151,19.915931542714436,18.534469604492188,20.050225972343902,19.980332798428005,2002,Booderee National Park,0
Prionurus microlepidotus,-35.08,150.78,2009,5,26,25,8,-35_151,19.915931542714436,19.976171493530273,20.050225972343902,21.40569834555349,NA,NA,0
Prionurus microlepidotus,-35.08,150.78,2009,5,26,30,2,-35_151,19.915931542714436,19.976171493530273,20.050225972343902,21.40569834555349,NA,NA,0
Prionurus microlepidotus,-35.08,150.78,2009,5,26,30,4,-35_151,19.915931542714436,19.976171493530273,20.050225972343902,21.40569834555349,NA,NA,0
Prionurus microlepidotus,-35.08,150.78,2009,5,26,30,2,-35_151,19.915931542714436,19.976171493530273,20.050225972343902,21.40569834555349,NA,NA,0
Prionurus microlepidotus,-35.02,150.76,2001,5,27,7.5,1,-35_151,20.306450684865315,19.517976760864254,20.92469391253524,20.341827495123752,2002,Jervis Bay Marine Park,0
Prionurus microlepidotus,-35.02,150.76,2001,5,27,15,1,-35_151,20.306450684865315,19.517976760864254,20.92469391253524,20.341827495123752,2002,Jervis Bay Marine Park,0
Prionurus microlepidotus,-35.03,150.78,2006,6,1,25,2,-35_151,19.914414087931316,18.326250076293945,20.48518301147022,19.248444069756403,2002,Jervis Bay Marine Park,0
Prionurus microlepidotus,-35.03,150.78,2006,6,1,30,1,-35_151,19.914414087931316,18.326250076293945,20.48518301147022,19.248444069756403,2002,Jervis Bay Marine Park,0
Prionurus microlepidotus,-35.03,150.78,2006,6,1,35,9,-35_151,19.914414087931316,18.326250076293945,20.48518301147022,19.248444069756403,2002,Jervis Bay Marine Park,0
Prionurus microlepidotus,-35.02,150.76,2004,6,2,7.5,3,-35_151,19.537256399790447,17.086624145507813,19.870283113122944,18.180110698276096,2002,Jervis Bay Marine Park,0
Prionurus microlepidotus,-35.02,150.76,2004,6,2,20,1,-35_151,19.537256399790447,17.086624145507813,19.870283113122944,18.180110698276096,2002,Jervis Bay Marine Park,0
Prionurus microlepidotus,-35.02,150.76,2004,6,2,10,1,-35_151,19.537256399790447,17.086624145507813,19.870283113122944,18.180110698276096,2002,Jervis Bay Marine Park,0
Prionurus microlepidotus,-35.11,150.77,2003,5,5,15,1,-35_151,19.67031701405843,19.886886596679688,20.059936153369872,20.705698526033792,2002,Booderee National Park,0
Prionurus microlepidotus,-35.11,150.77,2004,6,4,7.5,1,-35_151,19.537256399790447,17.086624145507813,19.870283113122944,18.180110698276096,2002,Booderee National Park,0
Prionurus microlepidotus,-35.11,150.77,2006,5,17,15,1,-35_151,19.914414087931316,19.192729949951172,20.48518301147022,20.09741885687715,2002,Booderee National Park,0
Prionurus microlepidotus,-35.03,150.78,2000,5,9,15,1,-35_151,19.86149024963379,19.47962188720703,20.225888499204668,19.893870569044545,2002,Jervis Bay Marine Park,0
Prionurus microlepidotus,-35.03,150.78,2000,5,9,25,1,-35_151,19.86149024963379,19.47962188720703,20.225888499204668,19.893870569044545,2002,Jervis Bay Marine Park,0
Prionurus microlepidotus,-35.02,150.76,2006,5,27,25,1,-35_151,19.914414087931316,19.192729949951172,20.48518301147022,20.09741885687715,2002,Jervis Bay Marine Park,0
Prionurus microlepidotus,-35.02,150.76,2006,5,27,30,1,-35_151,19.914414087931316,19.192729949951172,20.48518301147022,20.09741885687715,2002,Jervis Bay Marine Park,0
Prionurus microlepidotus,-35.12,150.75,2001,5,29,10,1,-35_151,20.306450684865315,19.517976760864254,20.92469391253524,20.341827495123752,NA,NA,0
Prionurus microlepidotus,-35.02,150.76,2006,5,27,25,1,-35_151,19.914414087931316,19.192729949951172,20.48518301147022,20.09741885687715,2002,Jervis Bay Marine Park,0
Prionurus microlepidotus,-35.12,150.75,2004,6,3,30,1,-35_151,19.537256399790447,17.086624145507813,19.870283113122944,18.180110698276096,NA,NA,0
Prionurus microlepidotus,-35.02,150.76,2006,5,27,25,4,-35_151,19.914414087931316,19.192729949951172,20.48518301147022,20.09741885687715,2002,Jervis Bay Marine Park,0
Prionurus microlepidotus,-35.12,150.75,2004,6,3,7.5,1,-35_151,19.537256399790447,17.086624145507813,19.870283113122944,18.180110698276096,NA,NA,0
Prionurus microlepidotus,-35.12,150.75,2004,6,3,20,1,-35_151,19.537256399790447,17.086624145507813,19.870283113122944,18.180110698276096,NA,NA,0
Prionurus microlepidotus,-35.02,150.76,2006,5,27,25,1,-35_151,19.914414087931316,19.192729949951172,20.48518301147022,20.09741885687715,2002,Jervis Bay Marine Park,0
Prionurus microlepidotus,-35.11,150.77,2000,5,10,10,1,-35_151,19.86149024963379,19.47962188720703,20.225888499204668,19.893870569044545,2002,Booderee National Park,0
Prionurus microlepidotus,-35.11,150.77,2001,5,30,5,2,-35_151,20.306450684865315,19.517976760864254,20.92469391253524,20.341827495123752,2002,Booderee National Park,0
Prionurus microlepidotus,-35.11,150.77,2001,5,30,7.5,1,-35_151,20.306450684865315,19.517976760864254,20.92469391253524,20.341827495123752,2002,Booderee National Park,0
Prionurus microlepidotus,-35.11,150.77,2001,5,30,10,1,-35_151,20.306450684865315,19.517976760864254,20.92469391253524,20.341827495123752,2002,Booderee National Park,0
Prionurus microlepidotus,-35.11,150.77,2003,5,5,5,1,-35_151,19.67031701405843,19.886886596679688,20.059936153369872,20.705698526033792,2002,Booderee National Park,0
Prionurus microlepidotus,-35.11,150.77,2003,5,5,7.5,1,-35_151,19.67031701405843,19.886886596679688,20.059936153369872,20.705698526033792,2002,Booderee National Park,0
Prionurus microlepidotus,-35.13,150.73,2003,5,5,25,1,-35_151,19.67031701405843,19.886886596679688,20.059936153369872,20.705698526033792,NA,NA,0
Prionurus microlepidotus,-35.13,150.73,2004,5,27,7.5,1,-35_151,19.537256399790447,19.329307556152344,19.870283113122944,20.739031760923325,NA,NA,0
Prionurus microlepidotus,-35.12,150.76,2000,5,13,7.5,2,-35_151,19.86149024963379,19.47962188720703,20.225888499204668,19.893870569044545,2002,Booderee National Park,0
Prionurus microlepidotus,-35.12,150.76,2000,5,13,10,1,-35_151,19.86149024963379,19.47962188720703,20.225888499204668,19.893870569044545,2002,Booderee National Park,0
Prionurus microlepidotus,-35.12,150.76,2000,5,13,12.5,1,-35_151,19.86149024963379,19.47962188720703,20.225888499204668,19.893870569044545,2002,Booderee National Park,0
Prionurus microlepidotus,-35.13,150.73,2004,5,27,7.5,1,-35_151,19.537256399790447,19.329307556152344,19.870283113122944,20.739031760923325,NA,NA,0
Prionurus microlepidotus,-35.13,150.73,2004,5,27,20,1,-35_151,19.537256399790447,19.329307556152344,19.870283113122944,20.739031760923325,NA,NA,0
Prionurus microlepidotus,-35.13,150.73,2004,5,27,10,1,-35_151,19.537256399790447,19.329307556152344,19.870283113122944,20.739031760923325,NA,NA,0
Prionurus microlepidotus,-35.13,150.73,2006,5,30,15,1,-35_151,19.914414087931316,19.192729949951172,20.48518301147022,20.09741885687715,NA,NA,0
Prionurus microlepidotus,-35.13,150.73,2006,5,30,12.5,1,-35_151,19.914414087931316,19.192729949951172,20.48518301147022,20.09741885687715,NA,NA,0
Prionurus microlepidotus,-35.12,150.76,2001,5,30,5,1,-35_151,20.306450684865315,19.517976760864254,20.92469391253524,20.341827495123752,2002,Booderee National Park,0
Prionurus microlepidotus,-35.12,150.76,2001,5,30,7.5,1,-35_151,20.306450684865315,19.517976760864254,20.92469391253524,20.341827495123752,2002,Booderee National Park,0
Prionurus microlepidotus,-35.13,150.73,2006,5,30,10,1,-35_151,19.914414087931316,19.192729949951172,20.48518301147022,20.09741885687715,NA,NA,0
Prionurus microlepidotus,-35.13,150.73,2006,5,30,20,2,-35_151,19.914414087931316,19.192729949951172,20.48518301147022,20.09741885687715,NA,NA,0
Prionurus microlepidotus,-35.04,150.68,2000,5,16,10,1,-35_151,19.86149024963379,19.47962188720703,20.225888499204668,19.893870569044545,2002,Jervis Bay Marine Park,0
Prionurus microlepidotus,-35.04,150.68,2000,5,16,20,1,-35_151,19.86149024963379,19.47962188720703,20.225888499204668,19.893870569044545,2002,Jervis Bay Marine Park,0
Prionurus microlepidotus,-35.04,150.68,2001,6,4,10,1,-35_151,20.306450684865315,18.968673706054688,20.92469391253524,19.70966623094347,2002,Jervis Bay Marine Park,0
Prionurus microlepidotus,-35.04,150.68,2001,6,4,12.5,1,-35_151,20.306450684865315,18.968673706054688,20.92469391253524,19.70966623094347,2002,Jervis Bay Marine Park,0
Prionurus microlepidotus,-35.04,150.68,2003,5,1,25,2,-35_151,19.67031701405843,19.886886596679688,20.059936153369872,20.705698526033792,2002,Jervis Bay Marine Park,0
Prionurus microlepidotus,-35.04,150.68,2003,5,1,25,1,-35_151,19.67031701405843,19.886886596679688,20.059936153369872,20.705698526033792,2002,Jervis Bay Marine Park,0
Prionurus microlepidotus,-35.04,150.68,2003,5,1,30,1,-35_151,19.67031701405843,19.886886596679688,20.059936153369872,20.705698526033792,2002,Jervis Bay Marine Park,0
Prionurus microlepidotus,-35.04,150.68,2003,5,1,10,1,-35_151,19.67031701405843,19.886886596679688,20.059936153369872,20.705698526033792,2002,Jervis Bay Marine Park,0
Prionurus microlepidotus,-35.04,150.68,2003,5,1,10,2,-35_151,19.67031701405843,19.886886596679688,20.059936153369872,20.705698526033792,2002,Jervis Bay Marine Park,0
Prionurus microlepidotus,-35.04,150.68,2004,5,29,15,1,-35_151,19.537256399790447,19.329307556152344,19.870283113122944,20.739031760923325,2002,Jervis Bay Marine Park,0
Prionurus microlepidotus,-35.04,150.68,2004,5,29,25,1,-35_151,19.537256399790447,19.329307556152344,19.870283113122944,20.739031760923325,2002,Jervis Bay Marine Park,0
Prionurus microlepidotus,-35.04,150.68,2006,5,16,15,4,-35_151,19.914414087931316,19.192729949951172,20.48518301147022,20.09741885687715,2002,Jervis Bay Marine Park,0
Prionurus microlepidotus,-35.04,150.68,2006,5,16,25,1,-35_151,19.914414087931316,19.192729949951172,20.48518301147022,20.09741885687715,2002,Jervis Bay Marine Park,0
Prionurus microlepidotus,-35.04,150.68,2006,5,16,15,2,-35_151,19.914414087931316,19.192729949951172,20.48518301147022,20.09741885687715,2002,Jervis Bay Marine Park,0
Prionurus microlepidotus,-35.04,150.68,2006,5,16,20,2,-35_151,19.914414087931316,19.192729949951172,20.48518301147022,20.09741885687715,2002,Jervis Bay Marine Park,0
Prionurus microlepidotus,-35.04,150.68,2006,5,16,25,2,-35_151,19.914414087931316,19.192729949951172,20.48518301147022,20.09741885687715,2002,Jervis Bay Marine Park,0
Prionurus microlepidotus,-35.04,150.68,2006,5,16,15,1,-35_151,19.914414087931316,19.192729949951172,20.48518301147022,20.09741885687715,2002,Jervis Bay Marine Park,0
Prionurus microlepidotus,-35.04,150.68,2006,5,16,20,1,-35_151,19.914414087931316,19.192729949951172,20.48518301147022,20.09741885687715,2002,Jervis Bay Marine Park,0
Prionurus microlepidotus,-35.04,150.68,2006,5,16,12.5,1,-35_151,19.914414087931316,19.192729949951172,20.48518301147022,20.09741885687715,2002,Jervis Bay Marine Park,0
Prionurus microlepidotus,-35.04,150.68,2006,5,16,15,2,-35_151,19.914414087931316,19.192729949951172,20.48518301147022,20.09741885687715,2002,Jervis Bay Marine Park,0
Prionurus microlepidotus,-35.04,150.68,2006,5,16,20,1,-35_151,19.914414087931316,19.192729949951172,20.48518301147022,20.09741885687715,2002,Jervis Bay Marine Park,0
Prionurus microlepidotus,-35.04,150.68,2006,5,16,25,1,-35_151,19.914414087931316,19.192729949951172,20.48518301147022,20.09741885687715,2002,Jervis Bay Marine Park,0
Prionurus microlepidotus,-35.04,150.68,2000,5,14,10,1,-35_151,19.86149024963379,19.47962188720703,20.225888499204668,19.893870569044545,2002,Jervis Bay Marine Park,0
Prionurus microlepidotus,-35.04,150.68,2000,5,14,15,1,-35_151,19.86149024963379,19.47962188720703,20.225888499204668,19.893870569044545,2002,Jervis Bay Marine Park,0
Prionurus microlepidotus,-35.04,150.68,2000,5,14,20,2,-35_151,19.86149024963379,19.47962188720703,20.225888499204668,19.893870569044545,2002,Jervis Bay Marine Park,0
Prionurus microlepidotus,-35.04,150.68,2000,5,14,25,1,-35_151,19.86149024963379,19.47962188720703,20.225888499204668,19.893870569044545,2002,Jervis Bay Marine Park,0
Prionurus microlepidotus,-35.04,150.68,2001,6,4,7.5,1,-35_151,20.306450684865315,18.968673706054688,20.92469391253524,19.70966623094347,2002,Jervis Bay Marine Park,0
Prionurus microlepidotus,-35.04,150.68,2003,5,1,10,1,-35_151,19.67031701405843,19.886886596679688,20.059936153369872,20.705698526033792,2002,Jervis Bay Marine Park,0
Prionurus microlepidotus,-35.12,150.76,2004,6,3,10,1,-35_151,19.537256399790447,17.086624145507813,19.870283113122944,18.180110698276096,2002,Booderee National Park,0
Prionurus microlepidotus,-35.05,150.84,2000,5,17,10,1,-35_151,19.86149024963379,19.47962188720703,20.225888499204668,19.893870569044545,NA,NA,0
Prionurus microlepidotus,-35.01,150.73,2004,5,28,10,1,-35_151,19.537256399790447,19.329307556152344,19.870283113122944,20.739031760923325,NA,NA,0
Prionurus microlepidotus,-35.04,150.83,2001,5,25,7.5,1,-35_151,20.306450684865315,19.517976760864254,20.92469391253524,20.341827495123752,NA,NA,0
Prionurus microlepidotus,-35.01,150.72,2004,5,29,10,1,-35_151,19.537256399790447,19.329307556152344,19.870283113122944,20.739031760923325,NA,NA,0
Prionurus microlepidotus,-35.01,150.72,2004,5,29,7.5,1,-35_151,19.537256399790447,19.329307556152344,19.870283113122944,20.739031760923325,NA,NA,0
Prionurus microlepidotus,-35.01,150.72,2004,5,29,10,1,-35_151,19.537256399790447,19.329307556152344,19.870283113122944,20.739031760923325,NA,NA,0
Prionurus microlepidotus,-35.01,150.72,2004,5,29,15,1,-35_151,19.537256399790447,19.329307556152344,19.870283113122944,20.739031760923325,NA,NA,0
Prionurus microlepidotus,-35.01,150.72,2004,5,29,10,1,-35_151,19.537256399790447,19.329307556152344,19.870283113122944,20.739031760923325,NA,NA,0
Prionurus microlepidotus,-35.01,150.72,2006,6,1,25,2,-35_151,19.914414087931316,18.326250076293945,20.48518301147022,19.248444069756403,NA,NA,0
Prionurus microlepidotus,-35.01,150.72,2006,6,1,30,2,-35_151,19.914414087931316,18.326250076293945,20.48518301147022,19.248444069756403,NA,NA,0
Prionurus microlepidotus,-35.01,150.72,2006,6,1,25,1,-35_151,19.914414087931316,18.326250076293945,20.48518301147022,19.248444069756403,NA,NA,0
Prionurus microlepidotus,-35.07,150.7,2001,6,6,7.5,1,-35_151,20.306450684865315,18.968673706054688,20.92469391253524,19.70966623094347,NA,NA,0
Prionurus microlepidotus,-35.07,150.7,2001,6,6,12.5,1,-35_151,20.306450684865315,18.968673706054688,20.92469391253524,19.70966623094347,NA,NA,0
Prionurus microlepidotus,-35.07,150.7,2001,6,6,10,1,-35_151,20.306450684865315,18.968673706054688,20.92469391253524,19.70966623094347,NA,NA,0
Prionurus microlepidotus,-35.07,150.7,2001,6,6,12.5,1,-35_151,20.306450684865315,18.968673706054688,20.92469391253524,19.70966623094347,NA,NA,0
Prionurus microlepidotus,-35.07,150.7,2003,5,9,5,2,-35_151,19.67031701405843,19.886886596679688,20.059936153369872,20.705698526033792,NA,NA,0
Prionurus microlepidotus,-35.07,150.7,2003,5,9,7.5,1,-35_151,19.67031701405843,19.886886596679688,20.059936153369872,20.705698526033792,NA,NA,0
Prionurus microlepidotus,-35.07,150.7,2004,5,26,30,3,-35_151,19.537256399790447,19.329307556152344,19.870283113122944,20.739031760923325,NA,NA,0
Prionurus microlepidotus,-35.07,150.7,2004,5,26,30,9,-35_151,19.537256399790447,19.329307556152344,19.870283113122944,20.739031760923325,NA,NA,0
Prionurus microlepidotus,-35.07,150.7,2004,5,26,7.5,1,-35_151,19.537256399790447,19.329307556152344,19.870283113122944,20.739031760923325,NA,NA,0
Prionurus microlepidotus,-35.07,150.7,2004,5,26,10,1,-35_151,19.537256399790447,19.329307556152344,19.870283113122944,20.739031760923325,NA,NA,0
Prionurus microlepidotus,-35.07,150.7,2004,5,26,12.5,1,-35_151,19.537256399790447,19.329307556152344,19.870283113122944,20.739031760923325,NA,NA,0
Prionurus microlepidotus,-35.07,150.7,2006,5,24,20,2,-35_151,19.914414087931316,19.192729949951172,20.48518301147022,20.09741885687715,NA,NA,0
Prionurus microlepidotus,-35.07,150.7,2006,5,24,20,3,-35_151,19.914414087931316,19.192729949951172,20.48518301147022,20.09741885687715,NA,NA,0
Prionurus microlepidotus,-35.07,150.7,2006,5,24,10,1,-35_151,19.914414087931316,19.192729949951172,20.48518301147022,20.09741885687715,NA,NA,0
Prionurus microlepidotus,-35.07,150.7,2006,5,24,12.5,1,-35_151,19.914414087931316,19.192729949951172,20.48518301147022,20.09741885687715,NA,NA,0
Prionurus microlepidotus,-35.07,150.7,2006,5,24,15,1,-35_151,19.914414087931316,19.192729949951172,20.48518301147022,20.09741885687715,NA,NA,0
Prionurus microlepidotus,-35.07,150.7,2006,5,24,10,1,-35_151,19.914414087931316,19.192729949951172,20.48518301147022,20.09741885687715,NA,NA,0
Prionurus microlepidotus,-35.09,150.8,2006,5,20,12.5,1,-35_151,19.914414087931316,19.192729949951172,20.48518301147022,20.09741885687715,NA,NA,0
Prionurus microlepidotus,-35.09,150.8,2003,5,30,5,1,-35_151,19.67031701405843,19.886886596679688,20.059936153369872,20.705698526033792,NA,NA,0
Prionurus microlepidotus,-35.08,150.78,2003,6,2,15,1,-35_151,19.67031701405843,18.040245056152344,20.059936153369872,19.00377739800347,NA,NA,0
Prionurus microlepidotus,-35.08,150.78,2003,6,2,20,1,-35_151,19.67031701405843,18.040245056152344,20.059936153369872,19.00377739800347,NA,NA,0
Prionurus microlepidotus,-35.13,150.75,2004,5,23,7.5,1,-35_151,19.537256399790447,19.329307556152344,19.870283113122944,20.739031760923325,NA,NA,0
Prionurus microlepidotus,-35.13,150.75,2004,5,23,5,1,-35_151,19.537256399790447,19.329307556152344,19.870283113122944,20.739031760923325,NA,NA,0
Prionurus microlepidotus,-35.01,150.72,2000,5,18,7.5,1,-35_151,19.86149024963379,19.47962188720703,20.225888499204668,19.893870569044545,NA,NA,0
Prionurus microlepidotus,-35.01,150.72,2000,5,18,15,1,-35_151,19.86149024963379,19.47962188720703,20.225888499204668,19.893870569044545,NA,NA,0
Prionurus microlepidotus,-35.01,150.72,2001,5,24,20,1,-35_151,20.306450684865315,19.517976760864254,20.92469391253524,20.341827495123752,NA,NA,0
Prionurus microlepidotus,-35.01,150.72,2001,5,24,10,1,-35_151,20.306450684865315,19.517976760864254,20.92469391253524,20.341827495123752,NA,NA,0
Prionurus microlepidotus,-35.01,150.72,2003,5,3,10,1,-35_151,19.67031701405843,19.886886596679688,20.059936153369872,20.705698526033792,NA,NA,0
Prionurus microlepidotus,-35.01,150.72,2003,5,3,7.5,1,-35_151,19.67031701405843,19.886886596679688,20.059936153369872,20.705698526033792,NA,NA,0
Prionurus microlepidotus,-35.01,150.72,2003,5,3,25,3,-35_151,19.67031701405843,19.886886596679688,20.059936153369872,20.705698526033792,NA,NA,0
Prionurus microlepidotus,-35.13,150.74,2004,5,28,7.5,1,-35_151,19.537256399790447,19.329307556152344,19.870283113122944,20.739031760923325,NA,NA,0
Prionurus microlepidotus,-35.13,150.74,2004,5,28,20,1,-35_151,19.537256399790447,19.329307556152344,19.870283113122944,20.739031760923325,NA,NA,0
Prionurus microlepidotus,-35.13,150.74,2004,5,28,25,1,-35_151,19.537256399790447,19.329307556152344,19.870283113122944,20.739031760923325,NA,NA,0
Prionurus microlepidotus,-35.07,150.77,2008,5,23,30,2,-35_151,19.43103837966919,19.03557014465332,19.40620510758396,18.734945789460212,2002,Jervis Bay Marine Park,0
Prionurus microlepidotus,-35.13,150.74,2004,5,28,10,1,-35_151,19.537256399790447,19.329307556152344,19.870283113122944,20.739031760923325,NA,NA,0
Prionurus microlepidotus,-35.13,150.74,2004,5,28,10,1,-35_151,19.537256399790447,19.329307556152344,19.870283113122944,20.739031760923325,NA,NA,0
Prionurus microlepidotus,-35.13,150.74,2004,5,28,12.5,1,-35_151,19.537256399790447,19.329307556152344,19.870283113122944,20.739031760923325,NA,NA,0
Prionurus microlepidotus,-35.13,150.74,2004,5,28,10,2,-35_151,19.537256399790447,19.329307556152344,19.870283113122944,20.739031760923325,NA,NA,0
Prionurus microlepidotus,-35.13,150.74,2004,5,28,25,1,-35_151,19.537256399790447,19.329307556152344,19.870283113122944,20.739031760923325,NA,NA,0
Prionurus microlepidotus,-35.14,150.74,2003,5,9,10,2,-35_151,19.67031701405843,19.886886596679688,20.059936153369872,20.705698526033792,NA,NA,0
Prionurus microlepidotus,-35.14,150.74,2003,5,9,7.5,1,-35_151,19.67031701405843,19.886886596679688,20.059936153369872,20.705698526033792,NA,NA,0
Prionurus microlepidotus,-35.14,150.74,2003,5,9,5,4,-35_151,19.67031701405843,19.886886596679688,20.059936153369872,20.705698526033792,NA,NA,0
Prionurus microlepidotus,-35.14,150.74,2003,5,9,10,1,-35_151,19.67031701405843,19.886886596679688,20.059936153369872,20.705698526033792,NA,NA,0
Prionurus microlepidotus,-35.14,150.74,2003,5,9,5,1,-35_151,19.67031701405843,19.886886596679688,20.059936153369872,20.705698526033792,NA,NA,0
Prionurus microlepidotus,-35.08,150.79,2008,5,15,7.5,1,-35_151,19.43103837966919,19.03557014465332,19.40620510758396,18.734945789460212,2002,Jervis Bay Marine Park,0
Prionurus microlepidotus,-35.1,150.7,2008,5,20,10,1,-35_151,19.43103837966919,19.03557014465332,19.40620510758396,18.734945789460212,2002,Jervis Bay Marine Park,0
Prionurus microlepidotus,-35.1,150.7,2008,5,20,35,1,-35_151,19.43103837966919,19.03557014465332,19.40620510758396,18.734945789460212,2002,Jervis Bay Marine Park,0
Prionurus microlepidotus,-35.1,150.7,2008,5,20,15,1,-35_151,19.43103837966919,19.03557014465332,19.40620510758396,18.734945789460212,2002,Jervis Bay Marine Park,0
Prionurus microlepidotus,-35.1,150.7,2008,5,20,35,3,-35_151,19.43103837966919,19.03557014465332,19.40620510758396,18.734945789460212,2002,Jervis Bay Marine Park,0
Prionurus microlepidotus,-35.1,150.7,2008,5,20,10,1,-35_151,19.43103837966919,19.03557014465332,19.40620510758396,18.734945789460212,2002,Jervis Bay Marine Park,0
Prionurus microlepidotus,-35.09,150.69,2008,5,20,7.5,2,-35_151,19.43103837966919,19.03557014465332,19.40620510758396,18.734945789460212,2002,Jervis Bay Marine Park,0
Prionurus microlepidotus,-35.09,150.69,2008,5,20,20,1,-35_151,19.43103837966919,19.03557014465332,19.40620510758396,18.734945789460212,2002,Jervis Bay Marine Park,0
Prionurus microlepidotus,-35.09,150.69,2008,5,20,25,2,-35_151,19.43103837966919,19.03557014465332,19.40620510758396,18.734945789460212,2002,Jervis Bay Marine Park,0
Prionurus microlepidotus,-35.09,150.69,2008,5,20,30,1,-35_151,19.43103837966919,19.03557014465332,19.40620510758396,18.734945789460212,2002,Jervis Bay Marine Park,0
Prionurus microlepidotus,-35.07,150.77,2008,5,23,10,1,-35_151,19.43103837966919,19.03557014465332,19.40620510758396,18.734945789460212,2002,Jervis Bay Marine Park,0
Prionurus microlepidotus,-35.07,150.77,2008,5,23,7.5,1,-35_151,19.43103837966919,19.03557014465332,19.40620510758396,18.734945789460212,2002,Jervis Bay Marine Park,0
Prionurus microlepidotus,-35.03,150.78,2008,5,12,25,1,-35_151,19.43103837966919,19.03557014465332,19.40620510758396,18.734945789460212,2002,Jervis Bay Marine Park,0
Prionurus microlepidotus,-35.03,150.78,2008,5,12,30,2,-35_151,19.43103837966919,19.03557014465332,19.40620510758396,18.734945789460212,2002,Jervis Bay Marine Park,0
Prionurus microlepidotus,-35.03,150.78,2008,5,12,20,1,-35_151,19.43103837966919,19.03557014465332,19.40620510758396,18.734945789460212,2002,Jervis Bay Marine Park,0
Prionurus microlepidotus,-35.03,150.78,2008,5,12,25,2,-35_151,19.43103837966919,19.03557014465332,19.40620510758396,18.734945789460212,2002,Jervis Bay Marine Park,0
Prionurus microlepidotus,-35.03,150.78,2008,5,12,30,1,-35_151,19.43103837966919,19.03557014465332,19.40620510758396,18.734945789460212,2002,Jervis Bay Marine Park,0
Prionurus microlepidotus,-35.1,150.7,2008,5,20,10,2,-35_151,19.43103837966919,19.03557014465332,19.40620510758396,18.734945789460212,2002,Jervis Bay Marine Park,0
Prionurus microlepidotus,-35.1,150.7,2008,5,20,20,4,-35_151,19.43103837966919,19.03557014465332,19.40620510758396,18.734945789460212,2002,Jervis Bay Marine Park,0
Prionurus microlepidotus,-35.1,150.7,2008,5,20,25,2,-35_151,19.43103837966919,19.03557014465332,19.40620510758396,18.734945789460212,2002,Jervis Bay Marine Park,0
Prionurus microlepidotus,-35.1,150.7,2008,5,20,5,2,-35_151,19.43103837966919,19.03557014465332,19.40620510758396,18.734945789460212,2002,Jervis Bay Marine Park,0
Prionurus microlepidotus,-35.1,150.7,2008,5,20,25,1,-35_151,19.43103837966919,19.03557014465332,19.40620510758396,18.734945789460212,2002,Jervis Bay Marine Park,0
Prionurus microlepidotus,-35.08,150.78,2006,5,18,20,1,-35_151,19.914414087931316,19.192729949951172,20.48518301147022,20.09741885687715,NA,NA,0
Prionurus microlepidotus,-35.08,150.78,2006,5,18,15,1,-35_151,19.914414087931316,19.192729949951172,20.48518301147022,20.09741885687715,NA,NA,0
Prionurus microlepidotus,-35.03,150.78,2008,5,12,10,1,-35_151,19.43103837966919,19.03557014465332,19.40620510758396,18.734945789460212,2002,Jervis Bay Marine Park,0
Prionurus microlepidotus,-35.02,150.76,2008,5,16,35,1,-35_151,19.43103837966919,19.03557014465332,19.40620510758396,18.734945789460212,2002,Jervis Bay Marine Park,0
Prionurus microlepidotus,-35.02,150.76,2008,5,16,35,3,-35_151,19.43103837966919,19.03557014465332,19.40620510758396,18.734945789460212,2002,Jervis Bay Marine Park,0
Prionurus microlepidotus,-35.02,150.76,2008,5,16,30,3,-35_151,19.43103837966919,19.03557014465332,19.40620510758396,18.734945789460212,2002,Jervis Bay Marine Park,0
Prionurus microlepidotus,-35.02,150.76,2008,5,16,25,1,-35_151,19.43103837966919,19.03557014465332,19.40620510758396,18.734945789460212,2002,Jervis Bay Marine Park,0
Prionurus microlepidotus,-35.02,150.76,2008,5,16,30,2,-35_151,19.43103837966919,19.03557014465332,19.40620510758396,18.734945789460212,2002,Jervis Bay Marine Park,0
Prionurus microlepidotus,-35.02,150.76,2008,5,16,35,1,-35_151,19.43103837966919,19.03557014465332,19.40620510758396,18.734945789460212,2002,Jervis Bay Marine Park,0
Prionurus microlepidotus,-35.02,150.76,2008,5,16,25,2,-35_151,19.43103837966919,19.03557014465332,19.40620510758396,18.734945789460212,2002,Jervis Bay Marine Park,0
Prionurus microlepidotus,-35.02,150.76,2008,5,16,30,2,-35_151,19.43103837966919,19.03557014465332,19.40620510758396,18.734945789460212,2002,Jervis Bay Marine Park,0
Prionurus microlepidotus,-35.02,150.76,2008,5,16,25,1,-35_151,19.43103837966919,19.03557014465332,19.40620510758396,18.734945789460212,2002,Jervis Bay Marine Park,0
Prionurus microlepidotus,-35.11,150.77,2008,5,22,15,1,-35_151,19.43103837966919,19.03557014465332,19.40620510758396,18.734945789460212,2002,Booderee National Park,0
Prionurus microlepidotus,-35.11,150.77,2008,5,22,25,1,-35_151,19.43103837966919,19.03557014465332,19.40620510758396,18.734945789460212,2002,Booderee National Park,0
Prionurus microlepidotus,-35.08,150.78,2006,5,18,15,1,-35_151,19.914414087931316,19.192729949951172,20.48518301147022,20.09741885687715,NA,NA,0
Prionurus microlepidotus,-35.13,150.75,2004,5,23,5,1,-35_151,19.537256399790447,19.329307556152344,19.870283113122944,20.739031760923325,NA,NA,0
Prionurus microlepidotus,-35.13,150.75,2004,5,23,7.5,2,-35_151,19.537256399790447,19.329307556152344,19.870283113122944,20.739031760923325,NA,NA,0
Prionurus microlepidotus,-35.07,150.7,2008,5,20,7.5,1,-35_151,19.43103837966919,19.03557014465332,19.40620510758396,18.734945789460212,NA,NA,0
Prionurus microlepidotus,-35.07,150.7,2008,5,20,7.5,1,-35_151,19.43103837966919,19.03557014465332,19.40620510758396,18.734945789460212,NA,NA,0
Prionurus microlepidotus,-35.07,150.7,2008,5,20,10,1,-35_151,19.43103837966919,19.03557014465332,19.40620510758396,18.734945789460212,NA,NA,0
Prionurus microlepidotus,-35.09,150.8,2008,5,16,7.5,1,-35_151,19.43103837966919,19.03557014465332,19.40620510758396,18.734945789460212,NA,NA,0
Prionurus microlepidotus,-35.08,150.78,2008,5,13,30,1,-35_151,19.43103837966919,19.03557014465332,19.40620510758396,18.734945789460212,NA,NA,0
Prionurus microlepidotus,-35.13,150.75,2004,5,23,5,2,-35_151,19.537256399790447,19.329307556152344,19.870283113122944,20.739031760923325,NA,NA,0
Prionurus microlepidotus,-35.13,150.73,2008,5,21,20,1,-35_151,19.43103837966919,19.03557014465332,19.40620510758396,18.734945789460212,NA,NA,0
Prionurus microlepidotus,-35.13,150.73,2008,5,21,30,2,-35_151,19.43103837966919,19.03557014465332,19.40620510758396,18.734945789460212,NA,NA,0
Prionurus microlepidotus,-35.13,150.73,2008,5,21,35,1,-35_151,19.43103837966919,19.03557014465332,19.40620510758396,18.734945789460212,NA,NA,0
Prionurus microlepidotus,-35.13,150.73,2008,5,21,20,1,-35_151,19.43103837966919,19.03557014465332,19.40620510758396,18.734945789460212,NA,NA,0
Prionurus microlepidotus,-35.04,150.68,2008,5,19,7.5,1,-35_151,19.43103837966919,19.03557014465332,19.40620510758396,18.734945789460212,2002,Jervis Bay Marine Park,0
Prionurus microlepidotus,-35.12,150.71,2007,5,18,15,1,-35_151,19.947011470794678,20.66152572631836,20.31496241590761,21.13795655773532,NA,NA,0
Prionurus microlepidotus,-35.12,150.71,2007,5,18,20,1,-35_151,19.947011470794678,20.66152572631836,20.31496241590761,21.13795655773532,NA,NA,0
Prionurus microlepidotus,-35.12,150.71,2007,5,18,30,1,-35_151,19.947011470794678,20.66152572631836,20.31496241590761,21.13795655773532,NA,NA,0
Prionurus microlepidotus,-35.09,150.69,2017,5,16,15,1,-35_151,20.616925875345867,20.022951126098633,20.873406667102216,20.21591354698263,2002,Jervis Bay Marine Park,1
Prionurus microlepidotus,-35.09,150.69,2017,5,16,10,1,-35_151,20.616925875345867,20.022951126098633,20.873406667102216,20.21591354698263,2002,Jervis Bay Marine Park,1
Prionurus microlepidotus,-35.09,150.69,2017,5,16,20,3,-35_151,20.616925875345867,20.022951126098633,20.873406667102216,20.21591354698263,2002,Jervis Bay Marine Park,1
Prionurus microlepidotus,-35.13,150.73,2017,5,16,5,1,-35_151,20.616925875345867,20.022951126098633,20.873406667102216,20.21591354698263,NA,NA,0
Prionurus microlepidotus,-35.12,150.71,2017,5,16,25,1,-35_151,20.616925875345867,20.022951126098633,20.873406667102216,20.21591354698263,NA,NA,0
Prionurus microlepidotus,-35.1,150.7,2017,5,17,12.5,1,-35_151,20.616925875345867,20.022951126098633,20.873406667102216,20.21591354698263,2002,Jervis Bay Marine Park,1
Prionurus microlepidotus,-35.07,150.7,2017,5,17,15,1,-35_151,20.616925875345867,20.022951126098633,20.873406667102216,20.21591354698263,NA,NA,0
Prionurus microlepidotus,-35.07,150.7,2017,5,17,12.5,1,-35_151,20.616925875345867,20.022951126098633,20.873406667102216,20.21591354698263,NA,NA,0
Prionurus microlepidotus,-35.01,150.72,2017,5,18,5,1,-35_151,20.616925875345867,20.022951126098633,20.873406667102216,20.21591354698263,NA,NA,0
Prionurus microlepidotus,-35.04,150.68,2017,5,18,5,1,-35_151,20.616925875345867,20.022951126098633,20.873406667102216,20.21591354698263,2002,Jervis Bay Marine Park,1
Prionurus microlepidotus,-35.07,150.7,2017,5,17,7.5,1,-35_151,20.616925875345867,20.022951126098633,20.873406667102216,20.21591354698263,NA,NA,0
Prionurus microlepidotus,-35.03,150.78,2017,5,19,12.5,1,-35_151,20.616925875345867,20.022951126098633,20.873406667102216,20.21591354698263,2002,Jervis Bay Marine Park,1
Prionurus microlepidotus,-35.03,150.78,2017,5,19,15,1,-35_151,20.616925875345867,20.022951126098633,20.873406667102216,20.21591354698263,2002,Jervis Bay Marine Park,1
Prionurus microlepidotus,-35.03,150.78,2017,5,19,20,3,-35_151,20.616925875345867,20.022951126098633,20.873406667102216,20.21591354698263,2002,Jervis Bay Marine Park,1
Prionurus microlepidotus,-35.03,150.78,2017,5,19,25,2,-35_151,20.616925875345867,20.022951126098633,20.873406667102216,20.21591354698263,2002,Jervis Bay Marine Park,1
Prionurus microlepidotus,-35.03,150.78,2017,5,19,30,1,-35_151,20.616925875345867,20.022951126098633,20.873406667102216,20.21591354698263,2002,Jervis Bay Marine Park,1
Prionurus microlepidotus,-35.03,150.78,2017,5,19,35,1,-35_151,20.616925875345867,20.022951126098633,20.873406667102216,20.21591354698263,2002,Jervis Bay Marine Park,1
Prionurus microlepidotus,-35.08,150.78,2017,5,20,15,1,-35_151,20.616925875345867,20.022951126098633,20.873406667102216,20.21591354698263,NA,NA,0
Prionurus microlepidotus,-35.08,150.78,2017,5,20,15,1,-35_151,20.616925875345867,20.022951126098633,20.873406667102216,20.21591354698263,NA,NA,0
Prionurus microlepidotus,-35.02,150.76,2017,5,19,15,1,-35_151,20.616925875345867,20.022951126098633,20.873406667102216,20.21591354698263,2002,Jervis Bay Marine Park,1
Prionurus microlepidotus,-35.02,150.76,2017,5,19,40,1,-35_151,20.616925875345867,20.022951126098633,20.873406667102216,20.21591354698263,2002,Jervis Bay Marine Park,1
Prionurus microlepidotus,-35.02,150.76,2017,5,19,10,2,-35_151,20.616925875345867,20.022951126098633,20.873406667102216,20.21591354698263,2002,Jervis Bay Marine Park,1
Prionurus microlepidotus,-35.02,150.76,2017,5,19,35,1,-35_151,20.616925875345867,20.022951126098633,20.873406667102216,20.21591354698263,2002,Jervis Bay Marine Park,1
Prionurus microlepidotus,-35.02,150.76,2017,5,19,40,1,-35_151,20.616925875345867,20.022951126098633,20.873406667102216,20.21591354698263,2002,Jervis Bay Marine Park,1
Prionurus microlepidotus,-35.02,150.76,2017,5,19,35,1,-35_151,20.616925875345867,20.022951126098633,20.873406667102216,20.21591354698263,2002,Jervis Bay Marine Park,1
Prionurus microlepidotus,-35.11,150.77,2017,5,22,12.5,1,-35_151,20.616925875345867,20.022951126098633,20.873406667102216,20.21591354698263,2002,Booderee National Park,1
Prionurus microlepidotus,-35.11,150.77,2017,5,22,15,1,-35_151,20.616925875345867,20.022951126098633,20.873406667102216,20.21591354698263,2002,Booderee National Park,1
Prionurus microlepidotus,-35.12,150.76,2017,5,22,10,1,-35_151,20.616925875345867,20.022951126098633,20.873406667102216,20.21591354698263,2002,Booderee National Park,1
Prionurus microlepidotus,-35.02,150.76,2017,5,19,15,2,-35_151,20.616925875345867,20.022951126098633,20.873406667102216,20.21591354698263,2002,Jervis Bay Marine Park,1
Prionurus microlepidotus,-35.02,150.76,2017,5,19,30,5,-35_151,20.616925875345867,20.022951126098633,20.873406667102216,20.21591354698263,2002,Jervis Bay Marine Park,1
Prionurus microlepidotus,-35.02,150.76,2017,5,19,35,4,-35_151,20.616925875345867,20.022951126098633,20.873406667102216,20.21591354698263,2002,Jervis Bay Marine Park,1
Prionurus microlepidotus,-35.02,150.76,2017,5,19,40,1,-35_151,20.616925875345867,20.022951126098633,20.873406667102216,20.21591354698263,2002,Jervis Bay Marine Park,1
Prionurus microlepidotus,-35.02,150.76,2017,5,19,12.5,1,-35_151,20.616925875345867,20.022951126098633,20.873406667102216,20.21591354698263,2002,Jervis Bay Marine Park,1
Prionurus microlepidotus,-35.02,150.76,2017,5,19,30,4,-35_151,20.616925875345867,20.022951126098633,20.873406667102216,20.21591354698263,2002,Jervis Bay Marine Park,1
Prionurus microlepidotus,-35.02,150.76,2017,5,19,35,3,-35_151,20.616925875345867,20.022951126098633,20.873406667102216,20.21591354698263,2002,Jervis Bay Marine Park,1
Prionurus microlepidotus,-35.02,150.76,2017,5,19,40,3,-35_151,20.616925875345867,20.022951126098633,20.873406667102216,20.21591354698263,2002,Jervis Bay Marine Park,1
Prionurus microlepidotus,-35.02,150.76,2017,5,19,15,1,-35_151,20.616925875345867,20.022951126098633,20.873406667102216,20.21591354698263,2002,Jervis Bay Marine Park,1
Prionurus microlepidotus,-35.02,150.76,2017,5,19,35,2,-35_151,20.616925875345867,20.022951126098633,20.873406667102216,20.21591354698263,2002,Jervis Bay Marine Park,1
Prionurus microlepidotus,-35.02,150.76,2017,5,19,40,2,-35_151,20.616925875345867,20.022951126098633,20.873406667102216,20.21591354698263,2002,Jervis Bay Marine Park,1
Prionurus microlepidotus,-35.03,150.78,2017,5,19,40,2,-35_151,20.616925875345867,20.022951126098633,20.873406667102216,20.21591354698263,2002,Jervis Bay Marine Park,1
Prionurus microlepidotus,-35.03,150.78,2017,5,19,10,1,-35_151,20.616925875345867,20.022951126098633,20.873406667102216,20.21591354698263,2002,Jervis Bay Marine Park,1
Prionurus microlepidotus,-35.03,150.78,2017,5,19,12.5,2,-35_151,20.616925875345867,20.022951126098633,20.873406667102216,20.21591354698263,2002,Jervis Bay Marine Park,1
Prionurus microlepidotus,-35.03,150.78,2017,5,19,10,1,-35_151,20.616925875345867,20.022951126098633,20.873406667102216,20.21591354698263,2002,Jervis Bay Marine Park,1
Prionurus microlepidotus,-35.03,150.78,2017,5,19,12.5,6,-35_151,20.616925875345867,20.022951126098633,20.873406667102216,20.21591354698263,2002,Jervis Bay Marine Park,1
Prionurus microlepidotus,-35.03,150.78,2017,5,19,25,1,-35_151,20.616925875345867,20.022951126098633,20.873406667102216,20.21591354698263,2002,Jervis Bay Marine Park,1
Prionurus microlepidotus,-35.03,150.78,2017,5,19,30,2,-35_151,20.616925875345867,20.022951126098633,20.873406667102216,20.21591354698263,2002,Jervis Bay Marine Park,1
Prionurus microlepidotus,-35.03,150.78,2017,5,19,35,1,-35_151,20.616925875345867,20.022951126098633,20.873406667102216,20.21591354698263,2002,Jervis Bay Marine Park,1
Prionurus microlepidotus,-35.03,150.78,2017,5,19,40,1,-35_151,20.616925875345867,20.022951126098633,20.873406667102216,20.21591354698263,2002,Jervis Bay Marine Park,1
Prionurus microlepidotus,-35.03,150.78,2017,5,19,50,1,-35_151,20.616925875345867,20.022951126098633,20.873406667102216,20.21591354698263,2002,Jervis Bay Marine Park,1
Prionurus microlepidotus,-35.03,150.78,2017,5,19,12.5,1,-35_151,20.616925875345867,20.022951126098633,20.873406667102216,20.21591354698263,2002,Jervis Bay Marine Park,1
Prionurus microlepidotus,-35.03,150.78,2017,5,19,40,2,-35_151,20.616925875345867,20.022951126098633,20.873406667102216,20.21591354698263,2002,Jervis Bay Marine Park,1
Prionurus microlepidotus,-35.03,150.78,2017,5,19,50,2,-35_151,20.616925875345867,20.022951126098633,20.873406667102216,20.21591354698263,2002,Jervis Bay Marine Park,1
Prionurus microlepidotus,-35.03,150.78,2017,5,19,15,1,-35_151,20.616925875345867,20.022951126098633,20.873406667102216,20.21591354698263,2002,Jervis Bay Marine Park,1
Prionurus microlepidotus,-35.03,150.78,2017,5,19,20,1,-35_151,20.616925875345867,20.022951126098633,20.873406667102216,20.21591354698263,2002,Jervis Bay Marine Park,1
Prionurus microlepidotus,-35.03,150.78,2017,5,19,25,1,-35_151,20.616925875345867,20.022951126098633,20.873406667102216,20.21591354698263,2002,Jervis Bay Marine Park,1
Prionurus microlepidotus,-35.03,150.78,2017,5,19,35,1,-35_151,20.616925875345867,20.022951126098633,20.873406667102216,20.21591354698263,2002,Jervis Bay Marine Park,1
Prionurus microlepidotus,-35.05,150.84,2017,5,24,30,1,-35_151,20.616925875345867,20.022951126098633,20.873406667102216,20.21591354698263,NA,NA,0
Prionurus microlepidotus,-35.05,150.84,2017,5,24,35,1,-35_151,20.616925875345867,20.022951126098633,20.873406667102216,20.21591354698263,NA,NA,0
Prionurus microlepidotus,-35.03,150.78,2017,5,19,10,1,-35_151,20.616925875345867,20.022951126098633,20.873406667102216,20.21591354698263,2002,Jervis Bay Marine Park,1
Prionurus microlepidotus,-35.03,150.78,2017,5,19,25,1,-35_151,20.616925875345867,20.022951126098633,20.873406667102216,20.21591354698263,2002,Jervis Bay Marine Park,1
Prionurus microlepidotus,-35.03,150.78,2017,5,19,40,1,-35_151,20.616925875345867,20.022951126098633,20.873406667102216,20.21591354698263,2002,Jervis Bay Marine Park,1
Prionurus microlepidotus,-35.07,150.77,2017,5,20,15,1,-35_151,20.616925875345867,20.022951126098633,20.873406667102216,20.21591354698263,2002,Jervis Bay Marine Park,1
Prionurus microlepidotus,-35.1,150.7,2012,5,13,25,1,-35_151,19.55380407969157,19.7496280670166,19.56123058913503,20.654300669188142,2002,Jervis Bay Marine Park,1
Prionurus microlepidotus,-35.1,150.7,2012,5,13,30,1,-35_151,19.55380407969157,19.7496280670166,19.56123058913503,20.654300669188142,2002,Jervis Bay Marine Park,1
Prionurus microlepidotus,-35.06,150.78,2017,5,25,25,1,-35_151,20.616925875345867,20.022951126098633,20.873406667102216,20.21591354698263,NA,NA,0
Prionurus microlepidotus,-35.07,150.77,2012,5,11,20,1,-35_151,19.55380407969157,19.7496280670166,19.56123058913503,20.654300669188142,2002,Jervis Bay Marine Park,1
Prionurus microlepidotus,-35.08,150.79,2012,5,10,5,2,-35_151,19.55380407969157,19.7496280670166,19.56123058913503,20.654300669188142,2002,Jervis Bay Marine Park,1
Prionurus microlepidotus,-35.06,150.78,2017,5,25,15,1,-35_151,20.616925875345867,20.022951126098633,20.873406667102216,20.21591354698263,NA,NA,0
Prionurus microlepidotus,-35.06,150.77,2017,5,25,15,1,-35_151,20.616925875345867,20.022951126098633,20.873406667102216,20.21591354698263,2002,Jervis Bay Marine Park,1
Prionurus microlepidotus,-35.06,150.77,2017,5,25,25,1,-35_151,20.616925875345867,20.022951126098633,20.873406667102216,20.21591354698263,2002,Jervis Bay Marine Park,1
Prionurus microlepidotus,-35.03,150.78,2012,5,12,30,3,-35_151,19.55380407969157,19.7496280670166,19.56123058913503,20.654300669188142,2002,Jervis Bay Marine Park,1
Prionurus microlepidotus,-35.03,150.78,2012,5,12,35,2,-35_151,19.55380407969157,19.7496280670166,19.56123058913503,20.654300669188142,2002,Jervis Bay Marine Park,1
Prionurus microlepidotus,-35.03,150.78,2012,5,12,12.5,1,-35_151,19.55380407969157,19.7496280670166,19.56123058913503,20.654300669188142,2002,Jervis Bay Marine Park,1
Prionurus microlepidotus,-35.03,150.78,2012,5,12,35,6,-35_151,19.55380407969157,19.7496280670166,19.56123058913503,20.654300669188142,2002,Jervis Bay Marine Park,1
Prionurus microlepidotus,-35.03,150.78,2012,5,12,10,1,-35_151,19.55380407969157,19.7496280670166,19.56123058913503,20.654300669188142,2002,Jervis Bay Marine Park,1
Prionurus microlepidotus,-35.03,150.78,2012,5,12,35,1,-35_151,19.55380407969157,19.7496280670166,19.56123058913503,20.654300669188142,2002,Jervis Bay Marine Park,1
Prionurus microlepidotus,-35.03,150.78,2012,5,12,15,2,-35_151,19.55380407969157,19.7496280670166,19.56123058913503,20.654300669188142,2002,Jervis Bay Marine Park,1
Prionurus microlepidotus,-35.03,150.78,2012,5,12,25,1,-35_151,19.55380407969157,19.7496280670166,19.56123058913503,20.654300669188142,2002,Jervis Bay Marine Park,1
Prionurus microlepidotus,-35.03,150.78,2012,5,12,15,2,-35_151,19.55380407969157,19.7496280670166,19.56123058913503,20.654300669188142,2002,Jervis Bay Marine Park,1
Prionurus microlepidotus,-35.03,150.78,2012,5,12,20,1,-35_151,19.55380407969157,19.7496280670166,19.56123058913503,20.654300669188142,2002,Jervis Bay Marine Park,1
Prionurus microlepidotus,-35.03,150.78,2012,5,12,20,2,-35_151,19.55380407969157,19.7496280670166,19.56123058913503,20.654300669188142,2002,Jervis Bay Marine Park,1
Prionurus microlepidotus,-35.03,150.78,2012,5,12,25,1,-35_151,19.55380407969157,19.7496280670166,19.56123058913503,20.654300669188142,2002,Jervis Bay Marine Park,1
Prionurus microlepidotus,-35.09,150.69,2012,5,13,20,2,-35_151,19.55380407969157,19.7496280670166,19.56123058913503,20.654300669188142,2002,Jervis Bay Marine Park,1
Prionurus microlepidotus,-35.09,150.69,2012,5,13,15,1,-35_151,19.55380407969157,19.7496280670166,19.56123058913503,20.654300669188142,2002,Jervis Bay Marine Park,1
Prionurus microlepidotus,-35.04,150.68,2012,5,8,20,3,-35_151,19.55380407969157,19.7496280670166,19.56123058913503,20.654300669188142,2002,Jervis Bay Marine Park,1
Prionurus microlepidotus,-35.04,150.68,2012,5,8,25,1,-35_151,19.55380407969157,19.7496280670166,19.56123058913503,20.654300669188142,2002,Jervis Bay Marine Park,1
Prionurus microlepidotus,-35.06,150.77,2017,5,25,25,8,-35_151,20.616925875345867,20.022951126098633,20.873406667102216,20.21591354698263,2002,Jervis Bay Marine Park,1
Prionurus microlepidotus,-35.06,150.77,2017,5,25,20,1,-35_151,20.616925875345867,20.022951126098633,20.873406667102216,20.21591354698263,2002,Jervis Bay Marine Park,1
Prionurus microlepidotus,-35.06,150.77,2017,5,25,30,1,-35_151,20.616925875345867,20.022951126098633,20.873406667102216,20.21591354698263,2002,Jervis Bay Marine Park,1
Prionurus microlepidotus,-35.06,150.77,2017,5,25,10,1,-35_151,20.616925875345867,20.022951126098633,20.873406667102216,20.21591354698263,2002,Jervis Bay Marine Park,1
Prionurus microlepidotus,-35.06,150.77,2017,5,25,15,4,-35_151,20.616925875345867,20.022951126098633,20.873406667102216,20.21591354698263,2002,Jervis Bay Marine Park,1
Prionurus microlepidotus,-35.04,150.68,2012,5,8,15,1,-35_151,19.55380407969157,19.7496280670166,19.56123058913503,20.654300669188142,2002,Jervis Bay Marine Park,1
Prionurus microlepidotus,-35.04,150.68,2012,5,8,20,1,-35_151,19.55380407969157,19.7496280670166,19.56123058913503,20.654300669188142,2002,Jervis Bay Marine Park,1
Prionurus microlepidotus,-35.04,150.68,2012,5,8,20,1,-35_151,19.55380407969157,19.7496280670166,19.56123058913503,20.654300669188142,2002,Jervis Bay Marine Park,1
Prionurus microlepidotus,-35.12,150.71,2012,5,13,10,2,-35_151,19.55380407969157,19.7496280670166,19.56123058913503,20.654300669188142,NA,NA,0
Prionurus microlepidotus,-35.12,150.71,2012,5,13,25,1,-35_151,19.55380407969157,19.7496280670166,19.56123058913503,20.654300669188142,NA,NA,0
Prionurus microlepidotus,-35.12,150.71,2012,5,13,30,1,-35_151,19.55380407969157,19.7496280670166,19.56123058913503,20.654300669188142,NA,NA,0
Prionurus microlepidotus,-35.12,150.71,2012,5,13,35,5,-35_151,19.55380407969157,19.7496280670166,19.56123058913503,20.654300669188142,NA,NA,0
Prionurus microlepidotus,-35.12,150.71,2012,5,13,30,6,-35_151,19.55380407969157,19.7496280670166,19.56123058913503,20.654300669188142,NA,NA,0
Prionurus microlepidotus,-35.12,150.71,2012,5,13,35,6,-35_151,19.55380407969157,19.7496280670166,19.56123058913503,20.654300669188142,NA,NA,0
Prionurus microlepidotus,-35.06,150.77,2017,5,25,15,1,-35_151,20.616925875345867,20.022951126098633,20.873406667102216,20.21591354698263,2002,Jervis Bay Marine Park,1
Prionurus microlepidotus,-35.12,150.71,2012,5,13,12.5,1,-35_151,19.55380407969157,19.7496280670166,19.56123058913503,20.654300669188142,NA,NA,0
Prionurus microlepidotus,-35.11,150.77,2012,5,15,30,1,-35_151,19.55380407969157,19.7496280670166,19.56123058913503,20.654300669188142,2002,Booderee National Park,1
Prionurus microlepidotus,-35.07,150.7,2012,5,12,7.5,1,-35_151,19.55380407969157,19.7496280670166,19.56123058913503,20.654300669188142,NA,NA,0
Prionurus microlepidotus,-35.09,150.8,2012,5,8,7.5,1,-35_151,19.55380407969157,19.7496280670166,19.56123058913503,20.654300669188142,NA,NA,0
Prionurus microlepidotus,-35.02,150.76,2012,5,12,12.5,1,-35_151,19.55380407969157,19.7496280670166,19.56123058913503,20.654300669188142,2002,Jervis Bay Marine Park,1
Prionurus microlepidotus,-35.02,150.76,2012,5,12,20,1,-35_151,19.55380407969157,19.7496280670166,19.56123058913503,20.654300669188142,2002,Jervis Bay Marine Park,1
Prionurus microlepidotus,-35.02,150.76,2012,5,12,25,1,-35_151,19.55380407969157,19.7496280670166,19.56123058913503,20.654300669188142,2002,Jervis Bay Marine Park,1
Prionurus microlepidotus,-35.13,150.73,2012,5,14,7.5,1,-35_151,19.55380407969157,19.7496280670166,19.56123058913503,20.654300669188142,NA,NA,0
Prionurus microlepidotus,-35.13,150.73,2012,5,14,20,1,-35_151,19.55380407969157,19.7496280670166,19.56123058913503,20.654300669188142,NA,NA,0
Prionurus microlepidotus,-35.13,150.73,2012,5,14,35,2,-35_151,19.55380407969157,19.7496280670166,19.56123058913503,20.654300669188142,NA,NA,0
Prionurus microlepidotus,-35.13,150.73,2012,5,14,30,2,-35_151,19.55380407969157,19.7496280670166,19.56123058913503,20.654300669188142,NA,NA,0
Prionurus microlepidotus,-35.13,150.73,2012,5,14,35,5,-35_151,19.55380407969157,19.7496280670166,19.56123058913503,20.654300669188142,NA,NA,0
Prionurus microlepidotus,-35.05,150.84,2012,5,17,30,1,-35_151,19.55380407969157,19.7496280670166,19.56123058913503,20.654300669188142,NA,NA,0
Prionurus microlepidotus,-35.05,150.84,2012,5,17,20,1,-35_151,19.55380407969157,19.7496280670166,19.56123058913503,20.654300669188142,NA,NA,0
Prionurus microlepidotus,-35.05,150.84,2012,5,17,25,1,-35_151,19.55380407969157,19.7496280670166,19.56123058913503,20.654300669188142,NA,NA,0
Prionurus microlepidotus,-35.06,150.77,2012,5,16,30,1,-35_151,19.55380407969157,19.7496280670166,19.56123058913503,20.654300669188142,2002,Jervis Bay Marine Park,1
Prionurus microlepidotus,-35.06,150.77,2012,5,16,25,1,-35_151,19.55380407969157,19.7496280670166,19.56123058913503,20.654300669188142,2002,Jervis Bay Marine Park,1
Prionurus microlepidotus,-35.02,150.76,2012,5,12,15,1,-35_151,19.55380407969157,19.7496280670166,19.56123058913503,20.654300669188142,2002,Jervis Bay Marine Park,1
Prionurus microlepidotus,-35.02,150.76,2012,5,12,20,1,-35_151,19.55380407969157,19.7496280670166,19.56123058913503,20.654300669188142,2002,Jervis Bay Marine Park,1
Prionurus microlepidotus,-35.02,150.76,2012,5,12,10,1,-35_151,19.55380407969157,19.7496280670166,19.56123058913503,20.654300669188142,2002,Jervis Bay Marine Park,1
Prionurus microlepidotus,-35.02,150.76,2012,5,12,7.5,1,-35_151,19.55380407969157,19.7496280670166,19.56123058913503,20.654300669188142,2002,Jervis Bay Marine Park,1
Prionurus microlepidotus,-35.02,150.76,2012,5,12,12.5,1,-35_151,19.55380407969157,19.7496280670166,19.56123058913503,20.654300669188142,2002,Jervis Bay Marine Park,1
Prionurus microlepidotus,-35.06,150.77,2012,5,16,15,10,-35_151,19.55380407969157,19.7496280670166,19.56123058913503,20.654300669188142,2002,Jervis Bay Marine Park,1
Prionurus microlepidotus,-35.06,150.77,2012,5,16,12.5,1,-35_151,19.55380407969157,19.7496280670166,19.56123058913503,20.654300669188142,2002,Jervis Bay Marine Park,1
Prionurus microlepidotus,-35.06,150.77,2012,5,16,25,1,-35_151,19.55380407969157,19.7496280670166,19.56123058913503,20.654300669188142,2002,Jervis Bay Marine Park,1
Prionurus microlepidotus,-35.12,150.75,2012,5,14,10,1,-35_151,19.55380407969157,19.7496280670166,19.56123058913503,20.654300669188142,NA,NA,0
Prionurus microlepidotus,-32.72,152.15,2011,10,30,10,2,-33_152,21.399254004160564,19.700183868408203,21.19576238272011,19.680671589348904,NA,NA,0
Prionurus microlepidotus,-32.71,152.15,2009,5,8,7.5,2,-33_152,21.148912747701008,20.721540451049805,20.95820614353018,22.08618232768069,1983,Fly Point-Halifax Park,1
Prionurus microlepidotus,-32.71,152.15,2009,5,8,25,2,-33_152,21.148912747701008,20.721540451049805,20.95820614353018,22.08618232768069,1983,Fly Point-Halifax Park,1
Prionurus microlepidotus,-32.7,152.23,2011,11,11,15,3,-33_152,21.399254004160564,21.103883743286133,21.19576238272011,20.1717494752672,NA,NA,0
Prionurus microlepidotus,-32.69,152.22,2011,11,11,15,4,-33_152,21.399254004160564,21.103883743286133,21.19576238272011,20.1717494752672,NA,NA,0
Prionurus microlepidotus,-32.69,152.22,2011,11,11,20,5,-33_152,21.399254004160564,21.103883743286133,21.19576238272011,20.1717494752672,NA,NA,0
Prionurus microlepidotus,-32.69,152.22,2011,11,11,25,5,-33_152,21.399254004160564,21.103883743286133,21.19576238272011,20.1717494752672,NA,NA,0
Prionurus microlepidotus,-32.71,152.16,2012,5,12,25,7,-33_152,20.998074054718018,21.269546508789063,20.861195442622325,21.74844032205561,1983,Fly Point-Halifax Park,1
Prionurus microlepidotus,-32.71,152.16,2012,5,12,5,2,-33_152,20.998074054718018,21.269546508789063,20.861195442622325,21.74844032205561,1983,Fly Point-Halifax Park,1
Prionurus microlepidotus,-32.71,152.16,2012,5,12,7.5,3,-33_152,20.998074054718018,21.269546508789063,20.861195442622325,21.74844032205561,1983,Fly Point-Halifax Park,1
Prionurus microlepidotus,-32.71,152.15,2012,5,13,7.5,1,-33_152,20.998074054718018,21.269546508789063,20.861195442622325,21.74844032205561,1983,Fly Point-Halifax Park,1
Prionurus microlepidotus,-32.71,152.15,2012,5,13,20,2,-33_152,20.998074054718018,21.269546508789063,20.861195442622325,21.74844032205561,1983,Fly Point-Halifax Park,1
Prionurus microlepidotus,-32.71,152.15,2012,5,13,7.5,3,-33_152,20.998074054718018,21.269546508789063,20.861195442622325,21.74844032205561,1983,Fly Point-Halifax Park,1
Prionurus microlepidotus,-32.71,152.15,2012,5,13,10,1,-33_152,20.998074054718018,21.269546508789063,20.861195442622325,21.74844032205561,1983,Fly Point-Halifax Park,1
Prionurus microlepidotus,-32.71,152.15,2012,5,13,12.5,2,-33_152,20.998074054718018,21.269546508789063,20.861195442622325,21.74844032205561,1983,Fly Point-Halifax Park,1
Prionurus microlepidotus,-32.71,152.15,2012,5,13,15,1,-33_152,20.998074054718018,21.269546508789063,20.861195442622325,21.74844032205561,1983,Fly Point-Halifax Park,1
Prionurus microlepidotus,-32.71,152.15,2012,5,13,20,1,-33_152,20.998074054718018,21.269546508789063,20.861195442622325,21.74844032205561,1983,Fly Point-Halifax Park,1
Prionurus microlepidotus,-32.69,152.22,2011,11,11,25,1,-33_152,21.399254004160564,21.103883743286133,21.19576238272011,20.1717494752672,NA,NA,0
Prionurus microlepidotus,-32.69,152.22,2011,11,11,30,1,-33_152,21.399254004160564,21.103883743286133,21.19576238272011,20.1717494752672,NA,NA,0
Prionurus microlepidotus,-32.71,152.16,2012,5,11,20,1,-33_152,20.998074054718018,21.269546508789063,20.861195442622325,21.74844032205561,1983,Fly Point-Halifax Park,1
Prionurus microlepidotus,-32.71,152.16,2012,5,11,25,1,-33_152,20.998074054718018,21.269546508789063,20.861195442622325,21.74844032205561,1983,Fly Point-Halifax Park,1
Prionurus microlepidotus,-32.71,152.16,2012,5,11,12.5,8,-33_152,20.998074054718018,21.269546508789063,20.861195442622325,21.74844032205561,1983,Fly Point-Halifax Park,1
Prionurus microlepidotus,-32.71,152.16,2012,5,11,15,2,-33_152,20.998074054718018,21.269546508789063,20.861195442622325,21.74844032205561,1983,Fly Point-Halifax Park,1
Prionurus microlepidotus,-32.71,152.16,2012,5,11,30,1,-33_152,20.998074054718018,21.269546508789063,20.861195442622325,21.74844032205561,1983,Fly Point-Halifax Park,1
Prionurus microlepidotus,-32.72,152.15,2012,2,25,10,1,-33_152,20.998074054718018,23.87634658813477,20.861195442622325,23.453160428452765,NA,NA,0
Prionurus microlepidotus,-32.71,152.18,2012,10,28,7.5,2,-33_152,20.998074054718018,19.59974479675293,20.861195442622325,18.931397391903783,NA,NA,0
Prionurus microlepidotus,-32.69,152.22,2012,6,2,25,1,-33_152,20.998074054718018,19.626041412353516,20.861195442622325,19.13897172080146,NA,NA,0
Prionurus microlepidotus,-32.69,152.22,2012,6,2,15,1,-33_152,20.998074054718018,19.626041412353516,20.861195442622325,19.13897172080146,NA,NA,0
Prionurus microlepidotus,-32.69,152.22,2012,6,2,20,1,-33_152,20.998074054718018,19.626041412353516,20.861195442622325,19.13897172080146,NA,NA,0
Prionurus microlepidotus,-32.69,152.22,2012,6,2,25,2,-33_152,20.998074054718018,19.626041412353516,20.861195442622325,19.13897172080146,NA,NA,0
Prionurus microlepidotus,-32.69,152.22,2012,6,2,30,2,-33_152,20.998074054718018,19.626041412353516,20.861195442622325,19.13897172080146,NA,NA,0
Prionurus microlepidotus,-32.74,152.19,2012,6,24,25,3,-33_152,20.998074054718018,19.626041412353516,20.861195442622325,19.13897172080146,NA,NA,0
Prionurus microlepidotus,-32.74,152.19,2012,6,24,30,5,-33_152,20.998074054718018,19.626041412353516,20.861195442622325,19.13897172080146,NA,NA,0
Prionurus microlepidotus,-32.74,152.19,2012,6,24,30,1,-33_152,20.998074054718018,19.626041412353516,20.861195442622325,19.13897172080146,NA,NA,0
Prionurus microlepidotus,-32.74,152.19,2012,6,24,20,1,-33_152,20.998074054718018,19.626041412353516,20.861195442622325,19.13897172080146,NA,NA,0
Prionurus microlepidotus,-32.74,152.19,2012,6,24,35,2,-33_152,20.998074054718018,19.626041412353516,20.861195442622325,19.13897172080146,NA,NA,0
Prionurus microlepidotus,-32.71,152.16,2012,9,29,20,1,-33_152,20.998074054718018,18.13119888305664,20.861195442622325,17.827277427249484,1983,Fly Point-Halifax Park,1
Prionurus microlepidotus,-32.79,152.11,2012,10,5,20,2,-33_152,20.998074054718018,19.59974479675293,20.861195442622325,18.931397391903783,NA,NA,0
Prionurus microlepidotus,-32.71,152.23,2012,7,13,20,2,-33_152,20.998074054718018,18.60243797302246,20.861195442622325,19.1733597734923,NA,NA,0
Prionurus microlepidotus,-32.71,152.23,2012,7,13,30,1,-33_152,20.998074054718018,18.60243797302246,20.861195442622325,19.1733597734923,NA,NA,0
Prionurus microlepidotus,-32.71,152.23,2012,7,13,15,3,-33_152,20.998074054718018,18.60243797302246,20.861195442622325,19.1733597734923,NA,NA,0
Prionurus microlepidotus,-32.71,152.23,2012,7,13,20,5,-33_152,20.998074054718018,18.60243797302246,20.861195442622325,19.1733597734923,NA,NA,0
Prionurus microlepidotus,-32.71,152.23,2012,7,13,25,3,-33_152,20.998074054718018,18.60243797302246,20.861195442622325,19.1733597734923,NA,NA,0
Prionurus microlepidotus,-32.71,152.15,2012,7,21,7.5,3,-33_152,20.998074054718018,18.60243797302246,20.861195442622325,19.1733597734923,1983,Fly Point-Halifax Park,1
Prionurus microlepidotus,-32.71,152.15,2012,7,21,10,2,-33_152,20.998074054718018,18.60243797302246,20.861195442622325,19.1733597734923,1983,Fly Point-Halifax Park,1
Prionurus microlepidotus,-32.71,152.15,2012,7,21,12.5,2,-33_152,20.998074054718018,18.60243797302246,20.861195442622325,19.1733597734923,1983,Fly Point-Halifax Park,1
Prionurus microlepidotus,-32.71,152.15,2012,7,21,15,2,-33_152,20.998074054718018,18.60243797302246,20.861195442622325,19.1733597734923,1983,Fly Point-Halifax Park,1
Prionurus microlepidotus,-32.71,152.15,2012,7,21,30,1,-33_152,20.998074054718018,18.60243797302246,20.861195442622325,19.1733597734923,1983,Fly Point-Halifax Park,1
Prionurus microlepidotus,-32.71,152.15,2012,7,21,5,2,-33_152,20.998074054718018,18.60243797302246,20.861195442622325,19.1733597734923,1983,Fly Point-Halifax Park,1
Prionurus microlepidotus,-32.71,152.15,2012,7,21,7.5,1,-33_152,20.998074054718018,18.60243797302246,20.861195442622325,19.1733597734923,1983,Fly Point-Halifax Park,1
Prionurus microlepidotus,-32.71,152.15,2012,7,21,12.5,3,-33_152,20.998074054718018,18.60243797302246,20.861195442622325,19.1733597734923,1983,Fly Point-Halifax Park,1
Prionurus microlepidotus,-32.71,152.15,2012,7,21,15,3,-33_152,20.998074054718018,18.60243797302246,20.861195442622325,19.1733597734923,1983,Fly Point-Halifax Park,1
Prionurus microlepidotus,-32.71,152.15,2012,7,21,20,3,-33_152,20.998074054718018,18.60243797302246,20.861195442622325,19.1733597734923,1983,Fly Point-Halifax Park,1
Prionurus microlepidotus,-32.71,152.15,2012,7,21,25,2,-33_152,20.998074054718018,18.60243797302246,20.861195442622325,19.1733597734923,1983,Fly Point-Halifax Park,1
Prionurus microlepidotus,-32.71,152.15,2011,12,27,15,5,-33_152,21.399254004160564,21.92483901977539,21.19576238272011,20.95446187706404,1983,Fly Point-Halifax Park,1
Prionurus microlepidotus,-32.69,152.22,2011,10,9,10,1,-33_152,21.399254004160564,19.700183868408203,21.19576238272011,19.680671589348904,NA,NA,0
Prionurus microlepidotus,-32.69,152.22,2011,10,9,12.5,1,-33_152,21.399254004160564,19.700183868408203,21.19576238272011,19.680671589348904,NA,NA,0
Prionurus microlepidotus,-32.69,152.22,2011,10,9,15,3,-33_152,21.399254004160564,19.700183868408203,21.19576238272011,19.680671589348904,NA,NA,0
Prionurus microlepidotus,-32.69,152.22,2011,10,9,20,2,-33_152,21.399254004160564,19.700183868408203,21.19576238272011,19.680671589348904,NA,NA,0
Prionurus microlepidotus,-32.71,152.15,2011,12,27,15,2,-33_152,21.399254004160564,21.92483901977539,21.19576238272011,20.95446187706404,1983,Fly Point-Halifax Park,1
Prionurus microlepidotus,-32.71,152.15,2011,11,4,5,1,-33_152,21.399254004160564,21.103883743286133,21.19576238272011,20.1717494752672,1983,Fly Point-Halifax Park,1
Prionurus microlepidotus,-32.71,152.18,2011,9,9,7.5,1,-33_152,21.399254004160564,19.027263641357425,21.19576238272011,18.64269406000773,NA,NA,0
Prionurus microlepidotus,-32.71,152.18,2011,9,9,10,1,-33_152,21.399254004160564,19.027263641357425,21.19576238272011,18.64269406000773,NA,NA,0
Prionurus microlepidotus,-32.71,152.18,2011,9,9,7.5,2,-33_152,21.399254004160564,19.027263641357425,21.19576238272011,18.64269406000773,NA,NA,0
Prionurus microlepidotus,-32.71,152.18,2011,9,9,12.5,1,-33_152,21.399254004160564,19.027263641357425,21.19576238272011,18.64269406000773,NA,NA,0
Prionurus microlepidotus,-32.74,152.19,2011,9,17,15,2,-33_152,21.399254004160564,19.027263641357425,21.19576238272011,18.64269406000773,NA,NA,0
Prionurus microlepidotus,-32.74,152.19,2011,9,17,25,2,-33_152,21.399254004160564,19.027263641357425,21.19576238272011,18.64269406000773,NA,NA,0
Prionurus microlepidotus,-32.71,152.16,2011,6,5,7.5,2,-33_152,21.399254004160564,19.886619567871097,21.19576238272011,20.698555082745024,1983,Fly Point-Halifax Park,1
Prionurus microlepidotus,-32.71,152.16,2011,6,5,15,2,-33_152,21.399254004160564,19.886619567871097,21.19576238272011,20.698555082745024,1983,Fly Point-Halifax Park,1
Prionurus microlepidotus,-32.71,152.16,2011,6,5,20,4,-33_152,21.399254004160564,19.886619567871097,21.19576238272011,20.698555082745024,1983,Fly Point-Halifax Park,1
Prionurus microlepidotus,-32.71,152.16,2011,6,5,25,5,-33_152,21.399254004160564,19.886619567871097,21.19576238272011,20.698555082745024,1983,Fly Point-Halifax Park,1
Prionurus microlepidotus,-32.71,152.16,2011,6,5,20,1,-33_152,21.399254004160564,19.886619567871097,21.19576238272011,20.698555082745024,1983,Fly Point-Halifax Park,1
Prionurus microlepidotus,-32.71,152.16,2011,6,5,25,1,-33_152,21.399254004160564,19.886619567871097,21.19576238272011,20.698555082745024,1983,Fly Point-Halifax Park,1
Prionurus microlepidotus,-32.71,152.16,2011,8,28,12.5,5,-33_152,21.399254004160564,19.14668083190918,21.19576238272011,18.670214596615043,1983,Fly Point-Halifax Park,1
Prionurus microlepidotus,-32.71,152.16,2011,8,28,15,10,-33_152,21.399254004160564,19.14668083190918,21.19576238272011,18.670214596615043,1983,Fly Point-Halifax Park,1
Prionurus microlepidotus,-32.71,152.16,2011,8,28,20,20,-33_152,21.399254004160564,19.14668083190918,21.19576238272011,18.670214596615043,1983,Fly Point-Halifax Park,1
Prionurus microlepidotus,-32.71,152.16,2011,8,28,7.5,4,-33_152,21.399254004160564,19.14668083190918,21.19576238272011,18.670214596615043,1983,Fly Point-Halifax Park,1
Prionurus microlepidotus,-32.71,152.16,2011,8,28,15,20,-33_152,21.399254004160564,19.14668083190918,21.19576238272011,18.670214596615043,1983,Fly Point-Halifax Park,1
Prionurus microlepidotus,-32.71,152.16,2011,8,28,20,10,-33_152,21.399254004160564,19.14668083190918,21.19576238272011,18.670214596615043,1983,Fly Point-Halifax Park,1
Prionurus microlepidotus,-32.71,152.15,2012,3,11,5,5,-33_152,20.998074054718018,23.597801208496097,20.861195442622325,22.894058647976127,1983,Fly Point-Halifax Park,1
Prionurus microlepidotus,-32.72,152.14,2012,1,21,2.5,1,-33_152,20.998074054718018,23.26630401611328,20.861195442622325,23.77376296443324,NA,NA,0
Prionurus microlepidotus,-32.72,152.14,2012,1,21,2.5,3,-33_152,20.998074054718018,23.26630401611328,20.861195442622325,23.77376296443324,NA,NA,0
Prionurus microlepidotus,-32.79,152.09,2012,4,25,5,1,-33_152,20.998074054718018,22.913747787475582,20.861195442622325,23.682916185590955,NA,NA,0
Prionurus microlepidotus,-32.69,152.23,2012,4,28,20,5,-33_152,20.998074054718018,22.913747787475582,20.861195442622325,23.682916185590955,2007,Port Stephens Great Lake Marine Park,0
Prionurus microlepidotus,-32.71,152.16,2012,4,29,5,2,-33_152,20.998074054718018,22.913747787475582,20.861195442622325,23.682916185590955,1983,Fly Point-Halifax Park,1
Prionurus microlepidotus,-32.79,152.11,2012,4,14,12.5,2,-33_152,20.998074054718018,22.913747787475582,20.861195442622325,23.682916185590955,NA,NA,0
Prionurus microlepidotus,-32.71,152.23,2012,4,15,15,2,-33_152,20.998074054718018,22.913747787475582,20.861195442622325,23.682916185590955,NA,NA,0
Prionurus microlepidotus,-32.71,152.23,2012,4,15,20,1,-33_152,20.998074054718018,22.913747787475582,20.861195442622325,23.682916185590955,NA,NA,0
Prionurus microlepidotus,-32.71,152.16,2012,1,28,2.5,3,-33_152,20.998074054718018,23.26630401611328,20.861195442622325,23.77376296443324,1983,Fly Point-Halifax Park,1
Prionurus microlepidotus,-32.74,152.19,2012,9,15,25,1,-33_152,20.998074054718018,18.13119888305664,20.861195442622325,17.827277427249484,NA,NA,0
Prionurus microlepidotus,-32.74,152.19,2012,9,15,35,1,-33_152,20.998074054718018,18.13119888305664,20.861195442622325,17.827277427249484,NA,NA,0
Prionurus microlepidotus,-32.7,152.23,2012,9,23,15,5,-33_152,20.998074054718018,18.13119888305664,20.861195442622325,17.827277427249484,NA,NA,0
Prionurus microlepidotus,-32.7,152.23,2012,9,23,20,5,-33_152,20.998074054718018,18.13119888305664,20.861195442622325,17.827277427249484,NA,NA,0
Prionurus microlepidotus,-32.71,152.16,2012,4,9,10,1,-33_152,20.998074054718018,22.913747787475582,20.861195442622325,23.682916185590955,1983,Fly Point-Halifax Park,1
Prionurus microlepidotus,-30.02,153.27,2011,8,31,35,3,-30_153,23.01617193222046,20.37078094482422,22.974226457793105,20.161354311050907,2002,Solitary Islands Marine Park,0
Prionurus microlepidotus,-30.16,153.23,2011,8,10,25,4,-30_153,23.01617193222046,20.37078094482422,22.974226457793105,20.161354311050907,2002,Solitary Islands Marine Park,0
Prionurus microlepidotus,-30.16,153.23,2011,8,10,30,4,-30_153,23.01617193222046,20.37078094482422,22.974226457793105,20.161354311050907,2002,Solitary Islands Marine Park,0
Prionurus microlepidotus,-30.16,153.23,2011,8,10,25,31,-30_153,23.01617193222046,20.37078094482422,22.974226457793105,20.161354311050907,2002,Solitary Islands Marine Park,0
Prionurus microlepidotus,-30.16,153.23,2011,9,17,25,1,-30_153,23.01617193222046,20.734615325927734,22.974226457793105,20.523866182963054,2002,Solitary Islands Marine Park,0
Prionurus microlepidotus,-30.16,153.23,2011,9,17,30,1,-30_153,23.01617193222046,20.734615325927734,22.974226457793105,20.523866182963054,2002,Solitary Islands Marine Park,0
Prionurus microlepidotus,-30.16,153.23,2011,9,17,40,7,-30_153,23.01617193222046,20.734615325927734,22.974226457793105,20.523866182963054,2002,Solitary Islands Marine Park,0
Prionurus microlepidotus,-29.92,153.39,2011,10,1,25,6,-30_153,23.01617193222046,21.69668197631836,22.974226457793105,21.247418828164378,2002,Solitary Islands Marine Park,0
Prionurus microlepidotus,-29.92,153.39,2011,10,1,25,2,-30_153,23.01617193222046,21.69668197631836,22.974226457793105,21.247418828164378,2002,Solitary Islands Marine Park,0
Prionurus microlepidotus,-32.71,152.16,2012,3,9,5,2,-33_152,20.998074054718018,23.597801208496097,20.861195442622325,22.894058647976127,1983,Fly Point-Halifax Park,1
Prionurus microlepidotus,-32.79,152.11,2012,4,14,2.5,1,-33_152,20.998074054718018,22.913747787475582,20.861195442622325,23.682916185590955,NA,NA,0
Prionurus microlepidotus,-32.72,152.13,2012,1,8,15,5,-33_152,20.998074054718018,23.26630401611328,20.861195442622325,23.77376296443324,NA,NA,0
Prionurus microlepidotus,-32.72,152.13,2012,1,8,20,2,-33_152,20.998074054718018,23.26630401611328,20.861195442622325,23.77376296443324,NA,NA,0
Prionurus microlepidotus,-32.72,152.13,2012,1,8,20,1,-33_152,20.998074054718018,23.26630401611328,20.861195442622325,23.77376296443324,NA,NA,0
Prionurus microlepidotus,-32.71,152.16,2012,3,25,2.5,3,-33_152,20.998074054718018,23.597801208496097,20.861195442622325,22.894058647976127,1983,Fly Point-Halifax Park,1
Prionurus microlepidotus,-32.71,152.16,2012,3,25,20,5,-33_152,20.998074054718018,23.597801208496097,20.861195442622325,22.894058647976127,1983,Fly Point-Halifax Park,1
Prionurus microlepidotus,-32.71,152.16,2012,1,26,2.5,1,-33_152,20.998074054718018,23.26630401611328,20.861195442622325,23.77376296443324,1983,Fly Point-Halifax Park,1
Prionurus microlepidotus,-32.71,152.16,2012,1,26,2.5,2,-33_152,20.998074054718018,23.26630401611328,20.861195442622325,23.77376296443324,1983,Fly Point-Halifax Park,1
Prionurus microlepidotus,-32.71,152.16,2012,3,9,2.5,2,-33_152,20.998074054718018,23.597801208496097,20.861195442622325,22.894058647976127,1983,Fly Point-Halifax Park,1
Prionurus microlepidotus,-32.71,152.15,2012,3,11,7.5,2,-33_152,20.998074054718018,23.597801208496097,20.861195442622325,22.894058647976127,1983,Fly Point-Halifax Park,1
Prionurus microlepidotus,-32.71,152.15,2012,3,11,5,5,-33_152,20.998074054718018,23.597801208496097,20.861195442622325,22.894058647976127,1983,Fly Point-Halifax Park,1
Prionurus microlepidotus,-32.71,152.15,2012,3,11,10,1,-33_152,20.998074054718018,23.597801208496097,20.861195442622325,22.894058647976127,1983,Fly Point-Halifax Park,1
Prionurus microlepidotus,-32.71,152.16,2012,8,24,7.5,5,-33_152,20.998074054718018,17.718364715576172,20.861195442622325,18.177687762885967,1983,Fly Point-Halifax Park,1
Prionurus microlepidotus,-32.71,152.16,2012,8,24,12.5,1,-33_152,20.998074054718018,17.718364715576172,20.861195442622325,18.177687762885967,1983,Fly Point-Halifax Park,1
Prionurus microlepidotus,-32.71,152.16,2012,8,24,15,5,-33_152,20.998074054718018,17.718364715576172,20.861195442622325,18.177687762885967,1983,Fly Point-Halifax Park,1
Prionurus microlepidotus,-32.71,152.16,2012,8,24,20,5,-33_152,20.998074054718018,17.718364715576172,20.861195442622325,18.177687762885967,1983,Fly Point-Halifax Park,1
Prionurus microlepidotus,-32.71,152.16,2012,8,24,25,15,-33_152,20.998074054718018,17.718364715576172,20.861195442622325,18.177687762885967,1983,Fly Point-Halifax Park,1
Prionurus microlepidotus,-32.71,152.16,2012,8,24,30,10,-33_152,20.998074054718018,17.718364715576172,20.861195442622325,18.177687762885967,1983,Fly Point-Halifax Park,1
Prionurus microlepidotus,-32.71,152.16,2012,8,24,10,5,-33_152,20.998074054718018,17.718364715576172,20.861195442622325,18.177687762885967,1983,Fly Point-Halifax Park,1
Prionurus microlepidotus,-32.71,152.16,2012,8,24,12.5,2,-33_152,20.998074054718018,17.718364715576172,20.861195442622325,18.177687762885967,1983,Fly Point-Halifax Park,1
Prionurus microlepidotus,-32.71,152.16,2012,8,24,15,2,-33_152,20.998074054718018,17.718364715576172,20.861195442622325,18.177687762885967,1983,Fly Point-Halifax Park,1
Prionurus microlepidotus,-32.71,152.16,2012,8,24,20,4,-33_152,20.998074054718018,17.718364715576172,20.861195442622325,18.177687762885967,1983,Fly Point-Halifax Park,1
Prionurus microlepidotus,-32.71,152.16,2012,8,24,25,5,-33_152,20.998074054718018,17.718364715576172,20.861195442622325,18.177687762885967,1983,Fly Point-Halifax Park,1
Prionurus microlepidotus,-32.71,152.16,2012,8,24,30,2,-33_152,20.998074054718018,17.718364715576172,20.861195442622325,18.177687762885967,1983,Fly Point-Halifax Park,1
Prionurus microlepidotus,-32.71,152.16,2012,8,24,35,2,-33_152,20.998074054718018,17.718364715576172,20.861195442622325,18.177687762885967,1983,Fly Point-Halifax Park,1
Prionurus microlepidotus,-32.71,152.15,2013,4,20,12.5,2,-33_152,21.45964765548706,23.543062210083008,21.34589705349317,23.738610543145075,1983,Fly Point-Halifax Park,1
Prionurus microlepidotus,-32.71,152.15,2013,4,20,15,3,-33_152,21.45964765548706,23.543062210083008,21.34589705349317,23.738610543145075,1983,Fly Point-Halifax Park,1
Prionurus microlepidotus,-32.71,152.15,2013,4,20,20,1,-33_152,21.45964765548706,23.543062210083008,21.34589705349317,23.738610543145075,1983,Fly Point-Halifax Park,1
Prionurus microlepidotus,-32.74,152.19,2013,2,15,15,2,-33_152,21.45964765548706,24.129709243774418,21.34589705349317,23.636249468440106,NA,NA,0
Prionurus microlepidotus,-32.74,152.19,2013,2,15,20,2,-33_152,21.45964765548706,24.129709243774418,21.34589705349317,23.636249468440106,NA,NA,0
Prionurus microlepidotus,-32.74,152.19,2013,2,15,25,4,-33_152,21.45964765548706,24.129709243774418,21.34589705349317,23.636249468440106,NA,NA,0
Prionurus microlepidotus,-32.74,152.19,2013,2,15,30,3,-33_152,21.45964765548706,24.129709243774418,21.34589705349317,23.636249468440106,NA,NA,0
Prionurus microlepidotus,-32.69,152.22,2013,2,17,25,4,-33_152,21.45964765548706,24.129709243774418,21.34589705349317,23.636249468440106,NA,NA,0
Prionurus microlepidotus,-32.69,152.22,2013,2,17,30,4,-33_152,21.45964765548706,24.129709243774418,21.34589705349317,23.636249468440106,NA,NA,0
Prionurus microlepidotus,-32.69,152.22,2013,2,17,15,1,-33_152,21.45964765548706,24.129709243774418,21.34589705349317,23.636249468440106,NA,NA,0
Prionurus microlepidotus,-32.69,152.22,2013,2,17,25,1,-33_152,21.45964765548706,24.129709243774418,21.34589705349317,23.636249468440106,NA,NA,0
Prionurus microlepidotus,-32.71,152.15,2013,3,15,7.5,2,-33_152,21.45964765548706,23.891956329345703,21.34589705349317,23.22792960751441,1983,Fly Point-Halifax Park,1
Prionurus microlepidotus,-32.71,152.15,2013,3,15,10,2,-33_152,21.45964765548706,23.891956329345703,21.34589705349317,23.22792960751441,1983,Fly Point-Halifax Park,1
Prionurus microlepidotus,-32.71,152.15,2013,3,15,12.5,5,-33_152,21.45964765548706,23.891956329345703,21.34589705349317,23.22792960751441,1983,Fly Point-Halifax Park,1
Prionurus microlepidotus,-32.71,152.15,2013,3,15,15,3,-33_152,21.45964765548706,23.891956329345703,21.34589705349317,23.22792960751441,1983,Fly Point-Halifax Park,1
Prionurus microlepidotus,-32.71,152.15,2013,3,15,20,7,-33_152,21.45964765548706,23.891956329345703,21.34589705349317,23.22792960751441,1983,Fly Point-Halifax Park,1
Prionurus microlepidotus,-32.71,152.15,2013,3,15,5,5,-33_152,21.45964765548706,23.891956329345703,21.34589705349317,23.22792960751441,1983,Fly Point-Halifax Park,1
Prionurus microlepidotus,-32.71,152.15,2013,3,15,7.5,5,-33_152,21.45964765548706,23.891956329345703,21.34589705349317,23.22792960751441,1983,Fly Point-Halifax Park,1
Prionurus microlepidotus,-32.71,152.15,2013,3,15,12.5,2,-33_152,21.45964765548706,23.891956329345703,21.34589705349317,23.22792960751441,1983,Fly Point-Halifax Park,1
Prionurus microlepidotus,-32.71,152.18,2013,4,19,5,1,-33_152,21.45964765548706,23.543062210083008,21.34589705349317,23.738610543145075,NA,NA,0
Prionurus microlepidotus,-32.71,152.18,2013,4,19,7.5,1,-33_152,21.45964765548706,23.543062210083008,21.34589705349317,23.738610543145075,NA,NA,0
Prionurus microlepidotus,-32.71,152.15,2013,4,19,12.5,1,-33_152,21.45964765548706,23.543062210083008,21.34589705349317,23.738610543145075,1983,Fly Point-Halifax Park,1
Prionurus microlepidotus,-32.71,152.15,2013,4,19,10,1,-33_152,21.45964765548706,23.543062210083008,21.34589705349317,23.738610543145075,1983,Fly Point-Halifax Park,1
Prionurus microlepidotus,-32.69,152.22,2013,4,22,35,3,-33_152,21.45964765548706,23.543062210083008,21.34589705349317,23.738610543145075,NA,NA,0
Prionurus microlepidotus,-32.69,152.22,2013,4,22,40,4,-33_152,21.45964765548706,23.543062210083008,21.34589705349317,23.738610543145075,NA,NA,0
Prionurus microlepidotus,-32.69,152.22,2013,4,22,30,1,-33_152,21.45964765548706,23.543062210083008,21.34589705349317,23.738610543145075,NA,NA,0
Prionurus microlepidotus,-32.71,152.23,2013,4,10,25,2,-33_152,21.45964765548706,23.543062210083008,21.34589705349317,23.738610543145075,NA,NA,0
Prionurus microlepidotus,-32.71,152.23,2013,4,10,30,2,-33_152,21.45964765548706,23.543062210083008,21.34589705349317,23.738610543145075,NA,NA,0
Prionurus microlepidotus,-32.71,152.23,2013,4,10,35,1,-33_152,21.45964765548706,23.543062210083008,21.34589705349317,23.738610543145075,NA,NA,0
Prionurus microlepidotus,-32.71,152.23,2013,4,10,30,15,-33_152,21.45964765548706,23.543062210083008,21.34589705349317,23.738610543145075,NA,NA,0
Prionurus microlepidotus,-32.71,152.23,2013,4,10,35,15,-33_152,21.45964765548706,23.543062210083008,21.34589705349317,23.738610543145075,NA,NA,0
Prionurus microlepidotus,-32.71,152.16,2013,4,20,12.5,1,-33_152,21.45964765548706,23.543062210083008,21.34589705349317,23.738610543145075,1983,Fly Point-Halifax Park,1
Prionurus microlepidotus,-32.71,152.23,2013,4,6,25,5,-33_152,21.45964765548706,23.543062210083008,21.34589705349317,23.738610543145075,NA,NA,0
Prionurus microlepidotus,-32.71,152.23,2013,4,6,30,2,-33_152,21.45964765548706,23.543062210083008,21.34589705349317,23.738610543145075,NA,NA,0
Prionurus microlepidotus,-32.71,152.23,2013,4,6,25,3,-33_152,21.45964765548706,23.543062210083008,21.34589705349317,23.738610543145075,NA,NA,0
Prionurus microlepidotus,-32.68,152.23,2013,4,7,25,2,-33_152,21.45964765548706,23.543062210083008,21.34589705349317,23.738610543145075,2007,Port Stephens Great Lake Marine Park,0
Prionurus microlepidotus,-32.68,152.23,2013,4,7,30,4,-33_152,21.45964765548706,23.543062210083008,21.34589705349317,23.738610543145075,2007,Port Stephens Great Lake Marine Park,0
Prionurus microlepidotus,-32.68,152.23,2013,4,12,25,6,-33_152,21.45964765548706,23.543062210083008,21.34589705349317,23.738610543145075,2007,Port Stephens Great Lake Marine Park,0
Prionurus microlepidotus,-32.71,152.16,2013,4,19,5,1,-33_152,21.45964765548706,23.543062210083008,21.34589705349317,23.738610543145075,1983,Fly Point-Halifax Park,1
Prionurus microlepidotus,-32.79,152.11,2013,7,6,12.5,1,-33_152,21.45964765548706,18.89624786376953,21.34589705349317,19.133198445843114,NA,NA,0
Prionurus microlepidotus,-32.79,152.11,2013,7,6,20,1,-33_152,21.45964765548706,18.89624786376953,21.34589705349317,19.133198445843114,NA,NA,0
Prionurus microlepidotus,-32.69,152.22,2013,5,31,25,4,-33_152,21.45964765548706,21.668472290039063,21.34589705349317,22.31215003228957,NA,NA,0
Prionurus microlepidotus,-32.69,152.22,2013,5,31,30,1,-33_152,21.45964765548706,21.668472290039063,21.34589705349317,22.31215003228957,NA,NA,0
Prionurus microlepidotus,-32.72,152.15,2013,1,13,7.5,1,-33_152,21.45964765548706,23.560760498046875,21.34589705349317,22.678547915591988,NA,NA,0
Prionurus microlepidotus,-32.72,152.15,2013,1,13,5,1,-33_152,21.45964765548706,23.560760498046875,21.34589705349317,22.678547915591988,NA,NA,0
Prionurus microlepidotus,-32.71,152.16,2013,1,19,7.5,1,-33_152,21.45964765548706,23.560760498046875,21.34589705349317,22.678547915591988,1983,Fly Point-Halifax Park,1
Prionurus microlepidotus,-32.71,152.16,2013,1,19,5,1,-33_152,21.45964765548706,23.560760498046875,21.34589705349317,22.678547915591988,1983,Fly Point-Halifax Park,1
Prionurus microlepidotus,-32.71,152.16,2013,1,19,12.5,1,-33_152,21.45964765548706,23.560760498046875,21.34589705349317,22.678547915591988,1983,Fly Point-Halifax Park,1
Prionurus microlepidotus,-32.69,152.22,2013,4,22,40,5,-33_152,21.45964765548706,23.543062210083008,21.34589705349317,23.738610543145075,NA,NA,0
Prionurus microlepidotus,-32.74,152.19,2013,5,11,15,1,-33_152,21.45964765548706,21.668472290039063,21.34589705349317,22.31215003228957,NA,NA,0
Prionurus microlepidotus,-32.74,152.19,2013,5,11,20,1,-33_152,21.45964765548706,21.668472290039063,21.34589705349317,22.31215003228957,NA,NA,0
Prionurus microlepidotus,-32.74,152.19,2013,5,11,25,1,-33_152,21.45964765548706,21.668472290039063,21.34589705349317,22.31215003228957,NA,NA,0
Prionurus microlepidotus,-32.74,152.19,2013,5,11,30,7,-33_152,21.45964765548706,21.668472290039063,21.34589705349317,22.31215003228957,NA,NA,0
Prionurus microlepidotus,-29.92,153.39,2013,4,26,35,1,-30_153,22.966265360514324,24.360939025878903,22.939593657805137,24.573932762145997,2002,Solitary Islands Marine Park,1
Prionurus microlepidotus,-30.2,153.27,2013,4,26,5,1,-30_153,22.966265360514324,24.360939025878903,22.939593657805137,24.573932762145997,NA,NA,0
Prionurus microlepidotus,-30.2,153.27,2013,4,26,30,2,-30_153,22.966265360514324,24.360939025878903,22.939593657805137,24.573932762145997,NA,NA,0
Prionurus microlepidotus,-30.2,153.27,2013,4,26,20,5,-30_153,22.966265360514324,24.360939025878903,22.939593657805137,24.573932762145997,2002,Solitary Islands Marine Park,1
Prionurus microlepidotus,-30.2,153.27,2013,4,26,25,1,-30_153,22.966265360514324,24.360939025878903,22.939593657805137,24.573932762145997,2002,Solitary Islands Marine Park,1
Prionurus microlepidotus,-30.2,153.27,2013,4,26,30,1,-30_153,22.966265360514324,24.360939025878903,22.939593657805137,24.573932762145997,2002,Solitary Islands Marine Park,1
Prionurus microlepidotus,-30.02,153.27,2013,4,27,25,3,-30_153,22.966265360514324,24.360939025878903,22.939593657805137,24.573932762145997,2002,Solitary Islands Marine Park,1
Prionurus microlepidotus,-30.02,153.27,2013,4,27,35,2,-30_153,22.966265360514324,24.360939025878903,22.939593657805137,24.573932762145997,2002,Solitary Islands Marine Park,1
Prionurus microlepidotus,-30.02,153.27,2013,4,27,30,3,-30_153,22.966265360514324,24.360939025878903,22.939593657805137,24.573932762145997,2002,Solitary Islands Marine Park,1
Prionurus microlepidotus,-32.74,152.19,2014,1,12,20,1,-33_152,21.514901796976726,23.163799285888672,21.135377792134832,22.603413504938924,NA,NA,0
Prionurus microlepidotus,-32.74,152.19,2014,1,12,25,5,-33_152,21.514901796976726,23.163799285888672,21.135377792134832,22.603413504938924,NA,NA,0
Prionurus microlepidotus,-32.74,152.19,2014,1,12,30,2,-33_152,21.514901796976726,23.163799285888672,21.135377792134832,22.603413504938924,NA,NA,0
Prionurus microlepidotus,-32.71,152.15,2014,1,24,20,1,-33_152,21.514901796976726,23.163799285888672,21.135377792134832,22.603413504938924,1983,Fly Point-Halifax Park,1
Prionurus microlepidotus,-32.71,152.15,2014,1,24,15,1,-33_152,21.514901796976726,23.163799285888672,21.135377792134832,22.603413504938924,1983,Fly Point-Halifax Park,1
Prionurus microlepidotus,-32.71,152.15,2014,1,24,30,1,-33_152,21.514901796976726,23.163799285888672,21.135377792134832,22.603413504938924,1983,Fly Point-Halifax Park,1
Prionurus microlepidotus,-32.71,152.16,2013,1,19,12.5,3,-33_152,21.45964765548706,23.560760498046875,21.34589705349317,22.678547915591988,1983,Fly Point-Halifax Park,1
Prionurus microlepidotus,-32.71,152.16,2013,1,19,20,4,-33_152,21.45964765548706,23.560760498046875,21.34589705349317,22.678547915591988,1983,Fly Point-Halifax Park,1
Prionurus microlepidotus,-32.71,152.16,2013,1,19,25,10,-33_152,21.45964765548706,23.560760498046875,21.34589705349317,22.678547915591988,1983,Fly Point-Halifax Park,1
Prionurus microlepidotus,-32.71,152.16,2013,1,19,30,10,-33_152,21.45964765548706,23.560760498046875,21.34589705349317,22.678547915591988,1983,Fly Point-Halifax Park,1
Prionurus microlepidotus,-32.71,152.16,2013,1,19,12.5,2,-33_152,21.45964765548706,23.560760498046875,21.34589705349317,22.678547915591988,1983,Fly Point-Halifax Park,1
Prionurus microlepidotus,-32.71,152.16,2013,1,19,15,1,-33_152,21.45964765548706,23.560760498046875,21.34589705349317,22.678547915591988,1983,Fly Point-Halifax Park,1
Prionurus microlepidotus,-32.71,152.16,2013,1,19,20,3,-33_152,21.45964765548706,23.560760498046875,21.34589705349317,22.678547915591988,1983,Fly Point-Halifax Park,1
Prionurus microlepidotus,-32.71,152.16,2013,1,19,25,2,-33_152,21.45964765548706,23.560760498046875,21.34589705349317,22.678547915591988,1983,Fly Point-Halifax Park,1
Prionurus microlepidotus,-32.74,152.19,2013,2,15,30,3,-33_152,21.45964765548706,24.129709243774418,21.34589705349317,23.636249468440106,NA,NA,0
Prionurus microlepidotus,-32.69,152.23,2014,5,18,20,10,-33_152,21.514901796976726,21.904754638671875,21.135377792134832,22.6488166880864,2007,Port Stephens Great Lake Marine Park,0
Prionurus microlepidotus,-32.69,152.23,2014,5,18,30,30,-33_152,21.514901796976726,21.904754638671875,21.135377792134832,22.6488166880864,2007,Port Stephens Great Lake Marine Park,0
Prionurus microlepidotus,-32.69,152.23,2014,5,18,35,40,-33_152,21.514901796976726,21.904754638671875,21.135377792134832,22.6488166880864,2007,Port Stephens Great Lake Marine Park,0
Prionurus microlepidotus,-32.69,152.23,2014,5,18,40,10,-33_152,21.514901796976726,21.904754638671875,21.135377792134832,22.6488166880864,2007,Port Stephens Great Lake Marine Park,0
Prionurus microlepidotus,-32.69,152.22,2014,5,18,15,1,-33_152,21.514901796976726,21.904754638671875,21.135377792134832,22.6488166880864,NA,NA,0
Prionurus microlepidotus,-32.63,152.31,2014,5,23,15,1,-33_152,21.514901796976726,21.904754638671875,21.135377792134832,22.6488166880864,NA,NA,0
Prionurus microlepidotus,-32.63,152.32,2014,5,23,30,1,-33_152,21.514901796976726,21.904754638671875,21.135377792134832,22.6488166880864,2007,Port Stephens Great Lake Marine Park,0
Prionurus microlepidotus,-32.69,152.22,2013,8,31,15,1,-33_152,21.45964765548706,18.758403778076172,21.34589705349317,19.24405869104529,NA,NA,0
Prionurus microlepidotus,-32.69,152.22,2013,8,31,20,1,-33_152,21.45964765548706,18.758403778076172,21.34589705349317,19.24405869104529,NA,NA,0
Prionurus microlepidotus,-32.69,152.22,2013,8,31,25,3,-33_152,21.45964765548706,18.758403778076172,21.34589705349317,19.24405869104529,NA,NA,0
Prionurus microlepidotus,-32.69,152.22,2013,8,31,30,2,-33_152,21.45964765548706,18.758403778076172,21.34589705349317,19.24405869104529,NA,NA,0
Prionurus microlepidotus,-32.62,152.32,2013,8,25,25,2,-33_152,21.45964765548706,18.758403778076172,21.34589705349317,19.24405869104529,NA,NA,0
Prionurus microlepidotus,-32.69,152.22,2013,8,31,25,1,-33_152,21.45964765548706,18.758403778076172,21.34589705349317,19.24405869104529,NA,NA,0
Prionurus microlepidotus,-32.69,152.22,2013,8,31,20,1,-33_152,21.45964765548706,18.758403778076172,21.34589705349317,19.24405869104529,NA,NA,0
Prionurus microlepidotus,-32.69,152.22,2013,8,31,25,1,-33_152,21.45964765548706,18.758403778076172,21.34589705349317,19.24405869104529,NA,NA,0
Prionurus microlepidotus,-32.69,152.22,2013,8,31,30,3,-33_152,21.45964765548706,18.758403778076172,21.34589705349317,19.24405869104529,NA,NA,0
Prionurus microlepidotus,-32.74,152.19,2013,9,1,15,2,-33_152,21.45964765548706,19.87598419189453,21.34589705349317,20.359721766577827,NA,NA,0
Prionurus microlepidotus,-32.69,152.22,2014,11,7,20,1,-33_152,21.514901796976726,20.98465156555176,21.135377792134832,20.63577733039856,NA,NA,0
Prionurus microlepidotus,-32.71,152.15,2013,9,20,25,2,-33_152,21.45964765548706,19.87598419189453,21.34589705349317,20.359721766577827,1983,Fly Point-Halifax Park,1
Prionurus microlepidotus,-32.71,152.16,2013,9,29,12.5,1,-33_152,21.45964765548706,19.87598419189453,21.34589705349317,20.359721766577827,1983,Fly Point-Halifax Park,1
Prionurus microlepidotus,-32.71,152.16,2013,9,29,15,3,-33_152,21.45964765548706,19.87598419189453,21.34589705349317,20.359721766577827,1983,Fly Point-Halifax Park,1
Prionurus microlepidotus,-32.71,152.16,2013,9,29,20,1,-33_152,21.45964765548706,19.87598419189453,21.34589705349317,20.359721766577827,1983,Fly Point-Halifax Park,1
Prionurus microlepidotus,-32.71,152.16,2013,9,29,25,1,-33_152,21.45964765548706,19.87598419189453,21.34589705349317,20.359721766577827,1983,Fly Point-Halifax Park,1
Prionurus microlepidotus,-32.71,152.15,2016,1,1,2.5,2,-33_152,21.81423552831014,23.944259643554688,21.811778390656066,23.800456446986043,1983,Fly Point-Halifax Park,1
Prionurus microlepidotus,-32.71,152.15,2013,9,20,15,1,-33_152,21.45964765548706,19.87598419189453,21.34589705349317,20.359721766577827,1983,Fly Point-Halifax Park,1
Prionurus microlepidotus,-32.71,152.15,2013,9,20,12.5,2,-33_152,21.45964765548706,19.87598419189453,21.34589705349317,20.359721766577827,1983,Fly Point-Halifax Park,1
Prionurus microlepidotus,-32.71,152.15,2013,9,20,15,5,-33_152,21.45964765548706,19.87598419189453,21.34589705349317,20.359721766577827,1983,Fly Point-Halifax Park,1
Prionurus microlepidotus,-32.71,152.15,2013,9,20,20,2,-33_152,21.45964765548706,19.87598419189453,21.34589705349317,20.359721766577827,1983,Fly Point-Halifax Park,1
Prionurus microlepidotus,-32.71,152.16,2016,4,23,10,10,-33_152,21.81423552831014,23.78778839111328,21.811778390656066,23.117805004119873,1983,Fly Point-Halifax Park,1
Prionurus microlepidotus,-32.71,152.16,2016,4,23,12.5,9,-33_152,21.81423552831014,23.78778839111328,21.811778390656066,23.117805004119873,1983,Fly Point-Halifax Park,1
Prionurus microlepidotus,-32.71,152.16,2016,4,23,12.5,2,-33_152,21.81423552831014,23.78778839111328,21.811778390656066,23.117805004119873,1983,Fly Point-Halifax Park,1
Prionurus microlepidotus,-32.71,152.16,2016,4,23,15,3,-33_152,21.81423552831014,23.78778839111328,21.811778390656066,23.117805004119873,1983,Fly Point-Halifax Park,1
Prionurus microlepidotus,-32.71,152.16,2016,4,24,10,7,-33_152,21.81423552831014,23.78778839111328,21.811778390656066,23.117805004119873,1983,Fly Point-Halifax Park,1
Prionurus microlepidotus,-32.71,152.16,2016,4,24,12.5,5,-33_152,21.81423552831014,23.78778839111328,21.811778390656066,23.117805004119873,1983,Fly Point-Halifax Park,1
Prionurus microlepidotus,-32.71,152.16,2016,4,24,15,1,-33_152,21.81423552831014,23.78778839111328,21.811778390656066,23.117805004119873,1983,Fly Point-Halifax Park,1
Prionurus microlepidotus,-32.71,152.16,2016,4,24,5,5,-33_152,21.81423552831014,23.78778839111328,21.811778390656066,23.117805004119873,1983,Fly Point-Halifax Park,1
Prionurus microlepidotus,-32.71,152.16,2016,4,24,7.5,2,-33_152,21.81423552831014,23.78778839111328,21.811778390656066,23.117805004119873,1983,Fly Point-Halifax Park,1
Prionurus microlepidotus,-32.71,152.16,2016,4,24,10,1,-33_152,21.81423552831014,23.78778839111328,21.811778390656066,23.117805004119873,1983,Fly Point-Halifax Park,1
Prionurus microlepidotus,-32.71,152.15,2016,4,25,12.5,1,-33_152,21.81423552831014,23.78778839111328,21.811778390656066,23.117805004119873,1983,Fly Point-Halifax Park,1
Prionurus microlepidotus,-32.71,152.15,2016,4,25,10,1,-33_152,21.81423552831014,23.78778839111328,21.811778390656066,23.117805004119873,1983,Fly Point-Halifax Park,1
Prionurus microlepidotus,-32.71,152.15,2016,4,25,12.5,2,-33_152,21.81423552831014,23.78778839111328,21.811778390656066,23.117805004119873,1983,Fly Point-Halifax Park,1
Prionurus microlepidotus,-32.71,152.16,2016,4,24,5,10,-33_152,21.81423552831014,23.78778839111328,21.811778390656066,23.117805004119873,1983,Fly Point-Halifax Park,1
Prionurus microlepidotus,-32.71,152.16,2016,4,24,7.5,25,-33_152,21.81423552831014,23.78778839111328,21.811778390656066,23.117805004119873,1983,Fly Point-Halifax Park,1
Prionurus microlepidotus,-32.71,152.16,2016,4,24,5,1,-33_152,21.81423552831014,23.78778839111328,21.811778390656066,23.117805004119873,1983,Fly Point-Halifax Park,1
Prionurus microlepidotus,-32.72,152.15,2016,4,25,7.5,6,-33_152,21.81423552831014,23.78778839111328,21.811778390656066,23.117805004119873,NA,NA,0
Prionurus microlepidotus,-32.72,152.14,2016,4,23,2.5,1,-33_152,21.81423552831014,23.78778839111328,21.811778390656066,23.117805004119873,NA,NA,0
Prionurus microlepidotus,-32.72,152.14,2016,4,23,10,15,-33_152,21.81423552831014,23.78778839111328,21.811778390656066,23.117805004119873,NA,NA,0
Prionurus microlepidotus,-32.71,152.15,2016,4,24,10,1,-33_152,21.81423552831014,23.78778839111328,21.811778390656066,23.117805004119873,1983,Fly Point-Halifax Park,1
Prionurus microlepidotus,-32.71,152.15,2016,4,24,12.5,1,-33_152,21.81423552831014,23.78778839111328,21.811778390656066,23.117805004119873,1983,Fly Point-Halifax Park,1
Prionurus microlepidotus,-32.71,152.15,2016,4,24,7.5,1,-33_152,21.81423552831014,23.78778839111328,21.811778390656066,23.117805004119873,1983,Fly Point-Halifax Park,1
Prionurus microlepidotus,-32.71,152.15,2016,4,25,7.5,2,-33_152,21.81423552831014,23.78778839111328,21.811778390656066,23.117805004119873,1983,Fly Point-Halifax Park,1
Prionurus microlepidotus,-32.71,152.15,2016,4,25,10,8,-33_152,21.81423552831014,23.78778839111328,21.811778390656066,23.117805004119873,1983,Fly Point-Halifax Park,1
Prionurus microlepidotus,-32.71,152.15,2016,4,25,12.5,2,-33_152,21.81423552831014,23.78778839111328,21.811778390656066,23.117805004119873,1983,Fly Point-Halifax Park,1
Prionurus microlepidotus,-32.71,152.15,2016,4,25,15,2,-33_152,21.81423552831014,23.78778839111328,21.811778390656066,23.117805004119873,1983,Fly Point-Halifax Park,1
Prionurus microlepidotus,-32.71,152.15,2016,4,25,7.5,10,-33_152,21.81423552831014,23.78778839111328,21.811778390656066,23.117805004119873,1983,Fly Point-Halifax Park,1
Prionurus microlepidotus,-32.71,152.15,2016,4,25,10,13,-33_152,21.81423552831014,23.78778839111328,21.811778390656066,23.117805004119873,1983,Fly Point-Halifax Park,1
Prionurus microlepidotus,-32.71,152.15,2016,4,25,12.5,5,-33_152,21.81423552831014,23.78778839111328,21.811778390656066,23.117805004119873,1983,Fly Point-Halifax Park,1
Prionurus microlepidotus,-32.71,152.16,2016,4,23,7.5,21,-33_152,21.81423552831014,23.78778839111328,21.811778390656066,23.117805004119873,1983,Fly Point-Halifax Park,1
Prionurus microlepidotus,-32.71,152.16,2016,4,23,10,23,-33_152,21.81423552831014,23.78778839111328,21.811778390656066,23.117805004119873,1983,Fly Point-Halifax Park,1
Prionurus microlepidotus,-32.71,152.16,2016,4,23,12.5,15,-33_152,21.81423552831014,23.78778839111328,21.811778390656066,23.117805004119873,1983,Fly Point-Halifax Park,1
Prionurus microlepidotus,-32.71,152.16,2016,4,23,15,4,-33_152,21.81423552831014,23.78778839111328,21.811778390656066,23.117805004119873,1983,Fly Point-Halifax Park,1
Prionurus microlepidotus,-32.71,152.16,2016,4,23,5,30,-33_152,21.81423552831014,23.78778839111328,21.811778390656066,23.117805004119873,1983,Fly Point-Halifax Park,1
Prionurus microlepidotus,-32.71,152.15,2016,4,24,7.5,6,-33_152,21.81423552831014,23.78778839111328,21.811778390656066,23.117805004119873,1983,Fly Point-Halifax Park,1
Prionurus microlepidotus,-32.71,152.15,2016,4,24,10,4,-33_152,21.81423552831014,23.78778839111328,21.811778390656066,23.117805004119873,1983,Fly Point-Halifax Park,1
Prionurus microlepidotus,-32.71,152.15,2016,4,24,12.5,2,-33_152,21.81423552831014,23.78778839111328,21.811778390656066,23.117805004119873,1983,Fly Point-Halifax Park,1
Prionurus microlepidotus,-32.71,152.15,2016,4,24,15,1,-33_152,21.81423552831014,23.78778839111328,21.811778390656066,23.117805004119873,1983,Fly Point-Halifax Park,1
Prionurus microlepidotus,-32.71,152.15,2016,4,24,10,1,-33_152,21.81423552831014,23.78778839111328,21.811778390656066,23.117805004119873,1983,Fly Point-Halifax Park,1
Prionurus microlepidotus,-32.71,152.15,2016,4,24,15,2,-33_152,21.81423552831014,23.78778839111328,21.811778390656066,23.117805004119873,1983,Fly Point-Halifax Park,1
Prionurus microlepidotus,-32.72,152.15,2016,4,25,7.5,2,-33_152,21.81423552831014,23.78778839111328,21.811778390656066,23.117805004119873,NA,NA,0
Prionurus microlepidotus,-32.71,152.16,2016,4,23,7.5,6,-33_152,21.81423552831014,23.78778839111328,21.811778390656066,23.117805004119873,1983,Fly Point-Halifax Park,1
Prionurus microlepidotus,-32.69,152.22,2016,4,10,5,1,-33_152,21.81423552831014,23.78778839111328,21.811778390656066,23.117805004119873,NA,NA,0
Prionurus microlepidotus,-32.74,152.19,2016,4,16,30,2,-33_152,21.81423552831014,23.78778839111328,21.811778390656066,23.117805004119873,NA,NA,0
Prionurus microlepidotus,-32.74,152.19,2016,4,16,20,2,-33_152,21.81423552831014,23.78778839111328,21.811778390656066,23.117805004119873,NA,NA,0
Prionurus microlepidotus,-32.74,152.19,2016,4,16,25,2,-33_152,21.81423552831014,23.78778839111328,21.811778390656066,23.117805004119873,NA,NA,0
Prionurus microlepidotus,-32.74,152.19,2016,4,16,10,1,-33_152,21.81423552831014,23.78778839111328,21.811778390656066,23.117805004119873,NA,NA,0
Prionurus microlepidotus,-32.62,152.33,2016,4,22,25,1,-33_152,21.81423552831014,23.78778839111328,21.811778390656066,23.117805004119873,2007,Port Stephens Great Lake Marine Park,0
Prionurus microlepidotus,-32.72,152.14,2016,4,23,5,3,-33_152,21.81423552831014,23.78778839111328,21.811778390656066,23.117805004119873,NA,NA,0
Prionurus microlepidotus,-32.72,152.14,2016,4,23,5,1,-33_152,21.81423552831014,23.78778839111328,21.811778390656066,23.117805004119873,NA,NA,0
Prionurus microlepidotus,-32.72,152.14,2016,4,23,12.5,1,-33_152,21.81423552831014,23.78778839111328,21.811778390656066,23.117805004119873,NA,NA,0
Prionurus microlepidotus,-32.72,152.14,2016,4,23,15,1,-33_152,21.81423552831014,23.78778839111328,21.811778390656066,23.117805004119873,NA,NA,0
Prionurus microlepidotus,-32.72,152.14,2016,4,23,20,2,-33_152,21.81423552831014,23.78778839111328,21.811778390656066,23.117805004119873,NA,NA,0
Prionurus microlepidotus,-32.72,152.14,2016,4,23,2.5,1,-33_152,21.81423552831014,23.78778839111328,21.811778390656066,23.117805004119873,NA,NA,0
Prionurus microlepidotus,-32.72,152.14,2016,4,23,7.5,5,-33_152,21.81423552831014,23.78778839111328,21.811778390656066,23.117805004119873,NA,NA,0
Prionurus microlepidotus,-32.72,152.14,2016,4,23,10,4,-33_152,21.81423552831014,23.78778839111328,21.811778390656066,23.117805004119873,NA,NA,0
Prionurus microlepidotus,-32.71,152.16,2016,4,24,7.5,1,-33_152,21.81423552831014,23.78778839111328,21.811778390656066,23.117805004119873,1983,Fly Point-Halifax Park,1
Prionurus microlepidotus,-32.72,152.15,2016,4,25,10,2,-33_152,21.81423552831014,23.78778839111328,21.811778390656066,23.117805004119873,NA,NA,0
Prionurus microlepidotus,-32.72,152.15,2016,4,25,7.5,5,-33_152,21.81423552831014,23.78778839111328,21.811778390656066,23.117805004119873,NA,NA,0
Prionurus microlepidotus,-32.72,152.15,2016,4,25,10,5,-33_152,21.81423552831014,23.78778839111328,21.811778390656066,23.117805004119873,NA,NA,0
Prionurus microlepidotus,-32.72,152.15,2016,4,25,12.5,2,-33_152,21.81423552831014,23.78778839111328,21.811778390656066,23.117805004119873,NA,NA,0
Prionurus microlepidotus,-32.72,152.15,2016,4,25,15,1,-33_152,21.81423552831014,23.78778839111328,21.811778390656066,23.117805004119873,NA,NA,0
Prionurus microlepidotus,-32.79,152.11,2016,4,20,5,1,-33_152,21.81423552831014,23.78778839111328,21.811778390656066,23.117805004119873,NA,NA,0
Prionurus microlepidotus,-32.6,152.32,2016,4,8,20,1,-33_152,21.81423552831014,23.78778839111328,21.811778390656066,23.117805004119873,NA,NA,0
Prionurus microlepidotus,-29.7,153.4,2016,4,20,30,20,-30_153,23.4132661819458,25.08126640319824,23.05769571724287,25.004332771301268,2002,Solitary Islands Marine Park,1
Prionurus microlepidotus,-29.7,153.4,2016,4,20,35,20,-30_153,23.4132661819458,25.08126640319824,23.05769571724287,25.004332771301268,2002,Solitary Islands Marine Park,1
Prionurus microlepidotus,-29.7,153.4,2016,4,20,35,2,-30_153,23.4132661819458,25.08126640319824,23.05769571724287,25.004332771301268,2002,Solitary Islands Marine Park,1
Prionurus microlepidotus,-29.7,153.4,2016,4,20,40,20,-30_153,23.4132661819458,25.08126640319824,23.05769571724287,25.004332771301268,2002,Solitary Islands Marine Park,1
Prionurus microlepidotus,-29.7,153.4,2016,4,20,30,1,-30_153,23.4132661819458,25.08126640319824,23.05769571724287,25.004332771301268,2002,Solitary Islands Marine Park,1
Prionurus microlepidotus,-29.7,153.4,2016,4,20,30,1,-30_153,23.4132661819458,25.08126640319824,23.05769571724287,25.004332771301268,2002,Solitary Islands Marine Park,1
Prionurus microlepidotus,-29.7,153.4,2016,4,20,30,2,-30_153,23.4132661819458,25.08126640319824,23.05769571724287,25.004332771301268,2002,Solitary Islands Marine Park,1
Prionurus microlepidotus,-29.7,153.4,2016,4,20,35,1,-30_153,23.4132661819458,25.08126640319824,23.05769571724287,25.004332771301268,2002,Solitary Islands Marine Park,1
Prionurus microlepidotus,-32.72,152.15,2016,4,25,5,5,-33_152,21.81423552831014,23.78778839111328,21.811778390656066,23.117805004119873,NA,NA,0
Prionurus microlepidotus,-32.72,152.15,2016,4,25,7.5,5,-33_152,21.81423552831014,23.78778839111328,21.811778390656066,23.117805004119873,NA,NA,0
Prionurus microlepidotus,-32.72,152.15,2016,4,25,10,5,-33_152,21.81423552831014,23.78778839111328,21.811778390656066,23.117805004119873,NA,NA,0
Prionurus microlepidotus,-32.72,152.15,2016,4,25,7.5,1,-33_152,21.81423552831014,23.78778839111328,21.811778390656066,23.117805004119873,NA,NA,0
Prionurus microlepidotus,-32.71,152.15,2016,4,25,7.5,6,-33_152,21.81423552831014,23.78778839111328,21.811778390656066,23.117805004119873,1983,Fly Point-Halifax Park,1
Prionurus microlepidotus,-32.71,152.15,2016,4,25,10,1,-33_152,21.81423552831014,23.78778839111328,21.811778390656066,23.117805004119873,1983,Fly Point-Halifax Park,1
Prionurus microlepidotus,-32.71,152.15,2016,4,25,12.5,5,-33_152,21.81423552831014,23.78778839111328,21.811778390656066,23.117805004119873,1983,Fly Point-Halifax Park,1
Prionurus microlepidotus,-32.71,152.16,2016,7,31,12.5,2,-33_152,21.81423552831014,19.54322624206543,21.811778390656066,20.103601706925257,1983,Fly Point-Halifax Park,1
Prionurus microlepidotus,-32.71,152.16,2016,7,31,2.5,1,-33_152,21.81423552831014,19.54322624206543,21.811778390656066,20.103601706925257,1983,Fly Point-Halifax Park,1
Prionurus microlepidotus,-32.71,152.16,2016,7,31,5,5,-33_152,21.81423552831014,19.54322624206543,21.811778390656066,20.103601706925257,1983,Fly Point-Halifax Park,1
Prionurus microlepidotus,-32.71,152.16,2016,7,31,7.5,1,-33_152,21.81423552831014,19.54322624206543,21.811778390656066,20.103601706925257,1983,Fly Point-Halifax Park,1
Prionurus microlepidotus,-32.74,152.19,2016,8,1,25,1,-33_152,21.81423552831014,18.692283630371097,21.811778390656066,19.28180061360841,NA,NA,0
Prionurus microlepidotus,-32.74,152.19,2016,8,1,20,1,-33_152,21.81423552831014,18.692283630371097,21.811778390656066,19.28180061360841,NA,NA,0
Prionurus microlepidotus,-32.71,152.16,2016,1,23,5,4,-33_152,21.81423552831014,23.944259643554688,21.811778390656066,23.800456446986043,1983,Fly Point-Halifax Park,1
Prionurus microlepidotus,-32.71,152.16,2016,1,23,7.5,1,-33_152,21.81423552831014,23.944259643554688,21.811778390656066,23.800456446986043,1983,Fly Point-Halifax Park,1
Prionurus microlepidotus,-32.71,152.16,2016,3,25,7.5,1,-33_152,21.81423552831014,25.02045440673828,21.811778390656066,24.510429577160902,1983,Fly Point-Halifax Park,1
Prionurus microlepidotus,-32.71,152.16,2016,1,23,5,2,-33_152,21.81423552831014,23.944259643554688,21.811778390656066,23.800456446986043,1983,Fly Point-Halifax Park,1
Prionurus microlepidotus,-32.72,152.15,2016,1,25,5,6,-33_152,21.81423552831014,23.944259643554688,21.811778390656066,23.800456446986043,NA,NA,0
Prionurus microlepidotus,-32.72,152.15,2016,1,25,2.5,1,-33_152,21.81423552831014,23.944259643554688,21.811778390656066,23.800456446986043,NA,NA,0
Prionurus microlepidotus,-32.72,152.15,2016,1,25,5,3,-33_152,21.81423552831014,23.944259643554688,21.811778390656066,23.800456446986043,NA,NA,0
Prionurus microlepidotus,-32.75,152.17,2016,2,2,2.5,1,-33_152,21.81423552831014,24.85015106201172,21.811778390656066,24.71689601328181,NA,NA,0
Prionurus microlepidotus,-32.71,152.16,2016,2,2,5,1,-33_152,21.81423552831014,24.85015106201172,21.811778390656066,24.71689601328181,1983,Fly Point-Halifax Park,1
Prionurus microlepidotus,-32.71,152.16,2016,3,25,7.5,4,-33_152,21.81423552831014,25.02045440673828,21.811778390656066,24.510429577160902,1983,Fly Point-Halifax Park,1
Prionurus microlepidotus,-32.71,152.16,2016,3,25,5,1,-33_152,21.81423552831014,25.02045440673828,21.811778390656066,24.510429577160902,1983,Fly Point-Halifax Park,1
Prionurus microlepidotus,-32.71,152.16,2016,3,25,7.5,3,-33_152,21.81423552831014,25.02045440673828,21.811778390656066,24.510429577160902,1983,Fly Point-Halifax Park,1
Prionurus microlepidotus,-32.71,152.16,2016,3,29,10,1,-33_152,21.81423552831014,25.02045440673828,21.811778390656066,24.510429577160902,1983,Fly Point-Halifax Park,1
Prionurus microlepidotus,-32.71,152.16,2016,3,29,12.5,11,-33_152,21.81423552831014,25.02045440673828,21.811778390656066,24.510429577160902,1983,Fly Point-Halifax Park,1
Prionurus microlepidotus,-32.71,152.16,2016,3,29,7.5,3,-33_152,21.81423552831014,25.02045440673828,21.811778390656066,24.510429577160902,1983,Fly Point-Halifax Park,1
Prionurus microlepidotus,-32.71,152.16,2016,3,29,10,3,-33_152,21.81423552831014,25.02045440673828,21.811778390656066,24.510429577160902,1983,Fly Point-Halifax Park,1
Prionurus microlepidotus,-32.79,152.11,2016,4,30,7.5,1,-33_152,21.81423552831014,23.78778839111328,21.811778390656066,23.117805004119873,NA,NA,0
Prionurus microlepidotus,-32.79,152.11,2016,4,30,5,1,-33_152,21.81423552831014,23.78778839111328,21.811778390656066,23.117805004119873,NA,NA,0
Prionurus microlepidotus,-30.16,153.23,2016,5,6,35,60,-30_153,23.4132661819458,23.84489631652832,23.05769571724287,23.80625750633978,2002,Solitary Islands Marine Park,1
Prionurus microlepidotus,-30.16,153.23,2016,5,6,40,40,-30_153,23.4132661819458,23.84489631652832,23.05769571724287,23.80625750633978,2002,Solitary Islands Marine Park,1
Prionurus microlepidotus,-30.16,153.23,2016,5,6,20,10,-30_153,23.4132661819458,23.84489631652832,23.05769571724287,23.80625750633978,2002,Solitary Islands Marine Park,1
Prionurus microlepidotus,-30.16,153.23,2016,5,6,25,20,-30_153,23.4132661819458,23.84489631652832,23.05769571724287,23.80625750633978,2002,Solitary Islands Marine Park,1
Prionurus microlepidotus,-30.16,153.23,2016,5,6,30,30,-30_153,23.4132661819458,23.84489631652832,23.05769571724287,23.80625750633978,2002,Solitary Islands Marine Park,1
Prionurus microlepidotus,-30.15,153.23,2016,5,6,40,70,-30_153,23.4132661819458,23.84489631652832,23.05769571724287,23.80625750633978,NA,NA,0
Prionurus microlepidotus,-30.2,153.27,2016,5,8,20,3,-30_153,23.4132661819458,23.84489631652832,23.05769571724287,23.80625750633978,2002,Solitary Islands Marine Park,1
Prionurus microlepidotus,-30.2,153.27,2016,5,8,25,2,-30_153,23.4132661819458,23.84489631652832,23.05769571724287,23.80625750633978,2002,Solitary Islands Marine Park,1
Prionurus microlepidotus,-30.24,153.18,2016,5,6,25,3,-30_153,23.4132661819458,23.84489631652832,23.05769571724287,23.80625750633978,2002,Solitary Islands Marine Park,1
Prionurus microlepidotus,-30.24,153.18,2016,5,6,35,3,-30_153,23.4132661819458,23.84489631652832,23.05769571724287,23.80625750633978,2002,Solitary Islands Marine Park,1
Prionurus microlepidotus,-30.24,153.18,2016,5,6,40,56,-30_153,23.4132661819458,23.84489631652832,23.05769571724287,23.80625750633978,2002,Solitary Islands Marine Park,1
Prionurus microlepidotus,-30.24,153.18,2016,5,6,35,30,-30_153,23.4132661819458,23.84489631652832,23.05769571724287,23.80625750633978,2002,Solitary Islands Marine Park,1
Prionurus microlepidotus,-29.92,153.39,2016,5,7,40,8,-30_153,23.4132661819458,23.84489631652832,23.05769571724287,23.80625750633978,2002,Solitary Islands Marine Park,1
Prionurus microlepidotus,-29.93,153.39,2016,5,7,30,1,-30_153,23.4132661819458,23.84489631652832,23.05769571724287,23.80625750633978,2002,Solitary Islands Marine Park,1
Prionurus microlepidotus,-30.2,153.27,2016,5,8,50,1,-30_153,23.4132661819458,23.84489631652832,23.05769571724287,23.80625750633978,2002,Solitary Islands Marine Park,1
Prionurus microlepidotus,-30.24,153.18,2016,5,5,25,450,-30_153,23.4132661819458,23.84489631652832,23.05769571724287,23.80625750633978,NA,NA,0
Prionurus microlepidotus,-30.02,153.27,2016,5,3,62.5,70,-30_153,23.4132661819458,23.84489631652832,23.05769571724287,23.80625750633978,2002,Solitary Islands Marine Park,1
Prionurus microlepidotus,-30.02,153.27,2016,5,3,35,50,-30_153,23.4132661819458,23.84489631652832,23.05769571724287,23.80625750633978,2002,Solitary Islands Marine Park,1
Prionurus microlepidotus,-30.02,153.27,2016,5,3,40,90,-30_153,23.4132661819458,23.84489631652832,23.05769571724287,23.80625750633978,2002,Solitary Islands Marine Park,1
Prionurus microlepidotus,-32.71,152.16,2017,1,29,7.5,1,-33_152,21.88280153274536,24.26653289794922,21.674367571668547,23.74881669013731,1983,Fly Point-Halifax Park,1
Prionurus microlepidotus,-32.71,152.16,2017,1,29,10,1,-33_152,21.88280153274536,24.26653289794922,21.674367571668547,23.74881669013731,1983,Fly Point-Halifax Park,1
Prionurus microlepidotus,-32.71,152.16,2017,1,29,12.5,1,-33_152,21.88280153274536,24.26653289794922,21.674367571668547,23.74881669013731,1983,Fly Point-Halifax Park,1
Prionurus microlepidotus,-30.2,153.27,2016,5,5,40,5,-30_153,23.4132661819458,23.84489631652832,23.05769571724287,23.80625750633978,NA,NA,0
Prionurus microlepidotus,-30.24,153.18,2016,5,5,35,90,-30_153,23.4132661819458,23.84489631652832,23.05769571724287,23.80625750633978,NA,NA,0
Prionurus microlepidotus,-30.24,153.18,2016,5,5,40,6,-30_153,23.4132661819458,23.84489631652832,23.05769571724287,23.80625750633978,NA,NA,0
Prionurus microlepidotus,-30.24,153.18,2016,5,5,35,10,-30_153,23.4132661819458,23.84489631652832,23.05769571724287,23.80625750633978,NA,NA,0
Prionurus microlepidotus,-30.24,153.18,2016,5,5,40,25,-30_153,23.4132661819458,23.84489631652832,23.05769571724287,23.80625750633978,NA,NA,0
Prionurus microlepidotus,-30.24,153.18,2016,5,6,40,25,-30_153,23.4132661819458,23.84489631652832,23.05769571724287,23.80625750633978,2002,Solitary Islands Marine Park,1
Prionurus microlepidotus,-30.24,153.18,2016,5,6,30,1,-30_153,23.4132661819458,23.84489631652832,23.05769571724287,23.80625750633978,2002,Solitary Islands Marine Park,1
Prionurus microlepidotus,-29.92,153.39,2016,5,7,20,8,-30_153,23.4132661819458,23.84489631652832,23.05769571724287,23.80625750633978,2002,Solitary Islands Marine Park,1
Prionurus microlepidotus,-29.93,153.39,2016,5,7,20,30,-30_153,23.4132661819458,23.84489631652832,23.05769571724287,23.80625750633978,2002,Solitary Islands Marine Park,1
Prionurus microlepidotus,-29.93,153.39,2016,5,7,25,20,-30_153,23.4132661819458,23.84489631652832,23.05769571724287,23.80625750633978,2002,Solitary Islands Marine Park,1
Prionurus microlepidotus,-29.93,153.39,2016,5,7,30,30,-30_153,23.4132661819458,23.84489631652832,23.05769571724287,23.80625750633978,2002,Solitary Islands Marine Park,1
Prionurus microlepidotus,-30.15,153.23,2016,5,6,20,50,-30_153,23.4132661819458,23.84489631652832,23.05769571724287,23.80625750633978,NA,NA,0
Prionurus microlepidotus,-30.15,153.23,2016,5,6,25,300,-30_153,23.4132661819458,23.84489631652832,23.05769571724287,23.80625750633978,NA,NA,0
Prionurus microlepidotus,-30.15,153.23,2016,5,6,30,300,-30_153,23.4132661819458,23.84489631652832,23.05769571724287,23.80625750633978,NA,NA,0
Prionurus microlepidotus,-30.15,153.23,2016,5,6,35,100,-30_153,23.4132661819458,23.84489631652832,23.05769571724287,23.80625750633978,NA,NA,0
Prionurus microlepidotus,-29.93,153.39,2016,5,7,12.5,1,-30_153,23.4132661819458,23.84489631652832,23.05769571724287,23.80625750633978,2002,Solitary Islands Marine Park,1
Prionurus microlepidotus,-29.93,153.39,2016,5,7,20,2,-30_153,23.4132661819458,23.84489631652832,23.05769571724287,23.80625750633978,2002,Solitary Islands Marine Park,1
Prionurus microlepidotus,-29.93,153.39,2016,5,7,15,3,-30_153,23.4132661819458,23.84489631652832,23.05769571724287,23.80625750633978,2002,Solitary Islands Marine Park,1
Prionurus microlepidotus,-29.93,153.39,2016,5,7,25,1,-30_153,23.4132661819458,23.84489631652832,23.05769571724287,23.80625750633978,2002,Solitary Islands Marine Park,1
Prionurus microlepidotus,-29.93,153.39,2016,5,7,20,5,-30_153,23.4132661819458,23.84489631652832,23.05769571724287,23.80625750633978,2002,Solitary Islands Marine Park,1
Prionurus microlepidotus,-29.93,153.39,2016,5,7,25,5,-30_153,23.4132661819458,23.84489631652832,23.05769571724287,23.80625750633978,2002,Solitary Islands Marine Park,1
Prionurus microlepidotus,-30.2,153.27,2016,5,8,30,10,-30_153,23.4132661819458,23.84489631652832,23.05769571724287,23.80625750633978,2002,Solitary Islands Marine Park,1
Prionurus microlepidotus,-30.2,153.27,2016,5,8,35,40,-30_153,23.4132661819458,23.84489631652832,23.05769571724287,23.80625750633978,2002,Solitary Islands Marine Park,1
Prionurus microlepidotus,-30.2,153.27,2016,5,8,40,10,-30_153,23.4132661819458,23.84489631652832,23.05769571724287,23.80625750633978,2002,Solitary Islands Marine Park,1
Prionurus microlepidotus,-30.2,153.27,2016,5,8,30,30,-30_153,23.4132661819458,23.84489631652832,23.05769571724287,23.80625750633978,2002,Solitary Islands Marine Park,1
Prionurus microlepidotus,-30.02,153.27,2016,5,3,30,17,-30_153,23.4132661819458,23.84489631652832,23.05769571724287,23.80625750633978,2002,Solitary Islands Marine Park,1
Prionurus microlepidotus,-30.02,153.27,2016,5,3,25,12,-30_153,23.4132661819458,23.84489631652832,23.05769571724287,23.80625750633978,2002,Solitary Islands Marine Park,1
Prionurus microlepidotus,-30.02,153.27,2016,5,3,30,150,-30_153,23.4132661819458,23.84489631652832,23.05769571724287,23.80625750633978,2002,Solitary Islands Marine Park,1
Prionurus microlepidotus,-30.2,153.27,2016,5,8,12.5,1,-30_153,23.4132661819458,23.84489631652832,23.05769571724287,23.80625750633978,2002,Solitary Islands Marine Park,1
Prionurus microlepidotus,-30.2,153.26,2016,5,8,30,1,-30_153,23.4132661819458,23.84489631652832,23.05769571724287,23.80625750633978,2002,Solitary Islands Marine Park,1
Prionurus microlepidotus,-30.15,153.23,2016,5,6,25,30,-30_153,23.4132661819458,23.84489631652832,23.05769571724287,23.80625750633978,NA,NA,0
Prionurus microlepidotus,-35.11,150.77,2016,4,3,7.5,1,-35_151,20.669610341389973,22.880043029785156,21.274100916582,22.28422171274821,NA,NA,0
Prionurus microlepidotus,-35.11,150.77,2016,4,3,7.5,1,-35_151,20.669610341389973,22.880043029785156,21.274100916582,22.28422171274821,2002,Booderee National Park,1
Prionurus microlepidotus,-35.12,150.71,2016,4,4,5,1,-35_151,20.669610341389973,22.880043029785156,21.274100916582,22.28422171274821,NA,NA,0
Prionurus microlepidotus,-35.12,150.71,2016,4,4,7.5,3,-35_151,20.669610341389973,22.880043029785156,21.274100916582,22.28422171274821,NA,NA,0
Prionurus microlepidotus,-35.13,150.75,2016,4,1,40,1,-35_151,20.669610341389973,22.880043029785156,21.274100916582,22.28422171274821,NA,NA,0
Prionurus microlepidotus,-35.13,150.73,2016,4,3,7.5,1,-35_151,20.669610341389973,22.880043029785156,21.274100916582,22.28422171274821,NA,NA,0
Prionurus microlepidotus,-35.12,150.71,2016,4,4,7.5,2,-35_151,20.669610341389973,22.880043029785156,21.274100916582,22.28422171274821,NA,NA,0
Prionurus microlepidotus,-35.12,150.71,2016,4,4,30,1,-35_151,20.669610341389973,22.880043029785156,21.274100916582,22.28422171274821,NA,NA,0
Prionurus microlepidotus,-35.12,150.71,2016,4,4,35,2,-35_151,20.669610341389973,22.880043029785156,21.274100916582,22.28422171274821,NA,NA,0
Prionurus microlepidotus,-35.09,150.69,2016,4,3,7.5,2,-35_151,20.669610341389973,22.880043029785156,21.274100916582,22.28422171274821,2002,Jervis Bay Marine Park,1
Prionurus microlepidotus,-35.09,150.69,2016,4,3,20,1,-35_151,20.669610341389973,22.880043029785156,21.274100916582,22.28422171274821,2002,Jervis Bay Marine Park,1
Prionurus microlepidotus,-35.09,150.69,2016,4,3,30,1,-35_151,20.669610341389973,22.880043029785156,21.274100916582,22.28422171274821,2002,Jervis Bay Marine Park,1
Prionurus microlepidotus,-35.09,150.69,2016,4,3,7.5,1,-35_151,20.669610341389973,22.880043029785156,21.274100916582,22.28422171274821,2002,Jervis Bay Marine Park,1
Prionurus microlepidotus,-35.07,150.69,2016,4,3,5,1,-35_151,20.669610341389973,22.880043029785156,21.274100916582,22.28422171274821,NA,NA,0
Prionurus microlepidotus,-35.07,150.69,2016,4,3,7.5,2,-35_151,20.669610341389973,22.880043029785156,21.274100916582,22.28422171274821,NA,NA,0
Prionurus microlepidotus,-35.07,150.69,2016,4,3,35,2,-35_151,20.669610341389973,22.880043029785156,21.274100916582,22.28422171274821,NA,NA,0
Prionurus microlepidotus,-35.07,150.7,2016,4,4,7.5,3,-35_151,20.669610341389973,22.880043029785156,21.274100916582,22.28422171274821,NA,NA,0
Prionurus microlepidotus,-35.13,150.73,2016,4,3,5,1,-35_151,20.669610341389973,22.880043029785156,21.274100916582,22.28422171274821,NA,NA,0
Prionurus microlepidotus,-35.13,150.73,2016,4,3,35,1,-35_151,20.669610341389973,22.880043029785156,21.274100916582,22.28422171274821,NA,NA,0
Prionurus microlepidotus,-35.13,150.73,2016,4,3,40,2,-35_151,20.669610341389973,22.880043029785156,21.274100916582,22.28422171274821,NA,NA,0
Prionurus microlepidotus,-35.13,150.73,2016,4,3,30,1,-35_151,20.669610341389973,22.880043029785156,21.274100916582,22.28422171274821,NA,NA,0
Prionurus microlepidotus,-35.13,150.73,2016,4,3,7.5,1,-35_151,20.669610341389973,22.880043029785156,21.274100916582,22.28422171274821,NA,NA,0
Prionurus microlepidotus,-35.12,150.71,2016,4,4,5,1,-35_151,20.669610341389973,22.880043029785156,21.274100916582,22.28422171274821,NA,NA,0
Prionurus microlepidotus,-35.12,150.71,2016,4,4,7.5,1,-35_151,20.669610341389973,22.880043029785156,21.274100916582,22.28422171274821,NA,NA,0
Prionurus microlepidotus,-35.12,150.71,2016,4,4,10,1,-35_151,20.669610341389973,22.880043029785156,21.274100916582,22.28422171274821,NA,NA,0
Prionurus microlepidotus,-35.11,150.77,2016,4,3,20,1,-35_151,20.669610341389973,22.880043029785156,21.274100916582,22.28422171274821,2002,Booderee National Park,1
Prionurus microlepidotus,-35.11,150.77,2016,4,3,7.5,1,-35_151,20.669610341389973,22.880043029785156,21.274100916582,22.28422171274821,NA,NA,0
Prionurus microlepidotus,-32.74,152.19,2016,12,4,20,7,-33_152,21.81423552831014,22.539392471313477,21.811778390656066,21.61354793528075,NA,NA,0
Prionurus microlepidotus,-32.72,152.14,2017,1,28,10,6,-33_152,21.88280153274536,24.26653289794922,21.674367571668547,23.74881669013731,NA,NA,0
Prionurus microlepidotus,-32.71,152.15,2017,3,31,15,1,-33_152,21.88280153274536,24.98389434814453,21.674367571668547,24.600617731771163,1983,Fly Point-Halifax Park,1
Prionurus microlepidotus,-32.71,152.15,2017,3,31,20,3,-33_152,21.88280153274536,24.98389434814453,21.674367571668547,24.600617731771163,1983,Fly Point-Halifax Park,1
Prionurus microlepidotus,-32.71,152.15,2017,3,31,30,2,-33_152,21.88280153274536,24.98389434814453,21.674367571668547,24.600617731771163,1983,Fly Point-Halifax Park,1
Prionurus microlepidotus,-32.71,152.15,2017,3,31,15,4,-33_152,21.88280153274536,24.98389434814453,21.674367571668547,24.600617731771163,1983,Fly Point-Halifax Park,1
Prionurus microlepidotus,-32.71,152.15,2017,3,31,20,2,-33_152,21.88280153274536,24.98389434814453,21.674367571668547,24.600617731771163,1983,Fly Point-Halifax Park,1
Prionurus microlepidotus,-32.72,152.15,2017,4,14,2.5,1,-33_152,21.88280153274536,23.31084251403809,21.674367571668547,23.3536105632782,NA,NA,0
Prionurus microlepidotus,-32.72,152.15,2017,4,14,5,5,-33_152,21.88280153274536,23.31084251403809,21.674367571668547,23.3536105632782,NA,NA,0
Prionurus microlepidotus,-32.72,152.15,2017,4,14,7.5,1,-33_152,21.88280153274536,23.31084251403809,21.674367571668547,23.3536105632782,NA,NA,0
Prionurus microlepidotus,-32.72,152.15,2017,4,14,5,3,-33_152,21.88280153274536,23.31084251403809,21.674367571668547,23.3536105632782,NA,NA,0
Prionurus microlepidotus,-32.72,152.15,2017,4,14,5,1,-33_152,21.88280153274536,23.31084251403809,21.674367571668547,23.3536105632782,NA,NA,0
Prionurus microlepidotus,-32.71,152.16,2017,4,15,12.5,1,-33_152,21.88280153274536,23.31084251403809,21.674367571668547,23.3536105632782,1983,Fly Point-Halifax Park,1
Prionurus microlepidotus,-32.63,152.32,2017,4,25,40,2,-33_152,21.88280153274536,23.31084251403809,21.674367571668547,23.3536105632782,2007,Port Stephens Great Lake Marine Park,1
Prionurus microlepidotus,-32.71,152.15,2017,4,28,20,3,-33_152,21.88280153274536,23.31084251403809,21.674367571668547,23.3536105632782,1983,Fly Point-Halifax Park,1
Prionurus microlepidotus,-32.71,152.15,2017,4,28,5,3,-33_152,21.88280153274536,23.31084251403809,21.674367571668547,23.3536105632782,1983,Fly Point-Halifax Park,1
Prionurus microlepidotus,-32.71,152.15,2017,4,28,7.5,1,-33_152,21.88280153274536,23.31084251403809,21.674367571668547,23.3536105632782,1983,Fly Point-Halifax Park,1
Prionurus microlepidotus,-32.71,152.15,2017,4,28,10,2,-33_152,21.88280153274536,23.31084251403809,21.674367571668547,23.3536105632782,1983,Fly Point-Halifax Park,1
Prionurus microlepidotus,-32.71,152.15,2017,4,28,12.5,1,-33_152,21.88280153274536,23.31084251403809,21.674367571668547,23.3536105632782,1983,Fly Point-Halifax Park,1
Prionurus microlepidotus,-32.71,152.15,2017,4,28,20,1,-33_152,21.88280153274536,23.31084251403809,21.674367571668547,23.3536105632782,1983,Fly Point-Halifax Park,1
Prionurus microlepidotus,-32.74,152.19,2017,4,17,20,1,-33_152,21.88280153274536,23.31084251403809,21.674367571668547,23.3536105632782,NA,NA,0
Prionurus microlepidotus,-32.71,152.16,2017,4,15,5,3,-33_152,21.88280153274536,23.31084251403809,21.674367571668547,23.3536105632782,1983,Fly Point-Halifax Park,1
Prionurus microlepidotus,-32.71,152.16,2017,4,15,7.5,1,-33_152,21.88280153274536,23.31084251403809,21.674367571668547,23.3536105632782,1983,Fly Point-Halifax Park,1
Prionurus microlepidotus,-32.71,152.15,2017,3,31,5,2,-33_152,21.88280153274536,24.98389434814453,21.674367571668547,24.600617731771163,1983,Fly Point-Halifax Park,1
Prionurus microlepidotus,-32.6,152.32,2017,4,25,20,1,-33_152,21.88280153274536,23.31084251403809,21.674367571668547,23.3536105632782,NA,NA,0
Prionurus microlepidotus,-32.6,152.32,2017,4,25,12.5,1,-33_152,21.88280153274536,23.31084251403809,21.674367571668547,23.3536105632782,NA,NA,0
Prionurus microlepidotus,-32.63,152.32,2017,4,25,25,1,-33_152,21.88280153274536,23.31084251403809,21.674367571668547,23.3536105632782,2007,Port Stephens Great Lake Marine Park,1
Prionurus microlepidotus,-32.63,152.32,2017,4,25,30,1,-33_152,21.88280153274536,23.31084251403809,21.674367571668547,23.3536105632782,2007,Port Stephens Great Lake Marine Park,1
Prionurus microlepidotus,-32.72,152.14,2017,4,29,5,1,-33_152,21.88280153274536,23.31084251403809,21.674367571668547,23.3536105632782,NA,NA,0
Prionurus microlepidotus,-32.72,152.14,2017,4,29,7.5,2,-33_152,21.88280153274536,23.31084251403809,21.674367571668547,23.3536105632782,NA,NA,0
Prionurus microlepidotus,-32.72,152.14,2017,4,29,10,1,-33_152,21.88280153274536,23.31084251403809,21.674367571668547,23.3536105632782,NA,NA,0
Prionurus microlepidotus,-32.69,152.22,2017,4,29,20,2,-33_152,21.88280153274536,23.31084251403809,21.674367571668547,23.3536105632782,NA,NA,0
Prionurus microlepidotus,-32.69,152.22,2017,4,29,25,1,-33_152,21.88280153274536,23.31084251403809,21.674367571668547,23.3536105632782,NA,NA,0
Prionurus microlepidotus,-32.69,152.22,2017,4,29,12.5,1,-33_152,21.88280153274536,23.31084251403809,21.674367571668547,23.3536105632782,NA,NA,0
Prionurus microlepidotus,-32.69,152.22,2017,4,29,15,2,-33_152,21.88280153274536,23.31084251403809,21.674367571668547,23.3536105632782,NA,NA,0
Prionurus microlepidotus,-32.71,152.16,2017,4,30,20,2,-33_152,21.88280153274536,23.31084251403809,21.674367571668547,23.3536105632782,1983,Fly Point-Halifax Park,1
Prionurus microlepidotus,-32.71,152.16,2017,4,30,25,1,-33_152,21.88280153274536,23.31084251403809,21.674367571668547,23.3536105632782,1983,Fly Point-Halifax Park,1
Prionurus microlepidotus,-32.71,152.15,2017,4,28,10,10,-33_152,21.88280153274536,23.31084251403809,21.674367571668547,23.3536105632782,1983,Fly Point-Halifax Park,1
Prionurus microlepidotus,-32.71,152.15,2017,4,28,12.5,3,-33_152,21.88280153274536,23.31084251403809,21.674367571668547,23.3536105632782,1983,Fly Point-Halifax Park,1
Prionurus microlepidotus,-32.71,152.15,2017,4,28,15,2,-33_152,21.88280153274536,23.31084251403809,21.674367571668547,23.3536105632782,1983,Fly Point-Halifax Park,1
Prionurus microlepidotus,-32.71,152.15,2017,4,28,15,20,-33_152,21.88280153274536,23.31084251403809,21.674367571668547,23.3536105632782,1983,Fly Point-Halifax Park,1
Prionurus microlepidotus,-32.71,152.15,2017,4,28,20,20,-33_152,21.88280153274536,23.31084251403809,21.674367571668547,23.3536105632782,1983,Fly Point-Halifax Park,1
Prionurus microlepidotus,-32.71,152.15,2017,4,28,25,2,-33_152,21.88280153274536,23.31084251403809,21.674367571668547,23.3536105632782,1983,Fly Point-Halifax Park,1
Prionurus microlepidotus,-32.71,152.16,2017,4,30,12.5,1,-33_152,21.88280153274536,23.31084251403809,21.674367571668547,23.3536105632782,1983,Fly Point-Halifax Park,1
Prionurus microlepidotus,-32.72,152.14,2017,4,29,5,1,-33_152,21.88280153274536,23.31084251403809,21.674367571668547,23.3536105632782,NA,NA,0
Prionurus microlepidotus,-32.69,152.22,2017,4,29,7.5,2,-33_152,21.88280153274536,23.31084251403809,21.674367571668547,23.3536105632782,NA,NA,0
Prionurus microlepidotus,-32.69,152.22,2017,4,29,15,1,-33_152,21.88280153274536,23.31084251403809,21.674367571668547,23.3536105632782,NA,NA,0
Prionurus microlepidotus,-32.69,152.22,2017,4,29,20,2,-33_152,21.88280153274536,23.31084251403809,21.674367571668547,23.3536105632782,NA,NA,0
Prionurus microlepidotus,-32.71,152.16,2017,4,30,5,1,-33_152,21.88280153274536,23.31084251403809,21.674367571668547,23.3536105632782,1983,Fly Point-Halifax Park,1
Prionurus microlepidotus,-32.71,152.16,2017,4,30,12.5,1,-33_152,21.88280153274536,23.31084251403809,21.674367571668547,23.3536105632782,1983,Fly Point-Halifax Park,1
Prionurus microlepidotus,-32.71,152.16,2017,4,30,7.5,2,-33_152,21.88280153274536,23.31084251403809,21.674367571668547,23.3536105632782,1983,Fly Point-Halifax Park,1
Prionurus microlepidotus,-32.71,152.16,2017,4,30,20,2,-33_152,21.88280153274536,23.31084251403809,21.674367571668547,23.3536105632782,1983,Fly Point-Halifax Park,1
Prionurus microlepidotus,-32.71,152.16,2017,4,30,25,2,-33_152,21.88280153274536,23.31084251403809,21.674367571668547,23.3536105632782,1983,Fly Point-Halifax Park,1
Prionurus microlepidotus,-32.72,152.14,2017,4,29,7.5,2,-33_152,21.88280153274536,23.31084251403809,21.674367571668547,23.3536105632782,NA,NA,0
Prionurus microlepidotus,-32.69,152.22,2017,4,29,15,1,-33_152,21.88280153274536,23.31084251403809,21.674367571668547,23.3536105632782,NA,NA,0
Prionurus microlepidotus,-32.69,152.22,2017,4,29,20,1,-33_152,21.88280153274536,23.31084251403809,21.674367571668547,23.3536105632782,NA,NA,0
Prionurus microlepidotus,-29.92,153.39,2017,5,6,20,10,-30_153,23.458088556925457,22.88332748413086,23.14264461756607,22.41587043269988,2002,Solitary Islands Marine Park,1
Prionurus microlepidotus,-29.92,153.39,2017,5,6,25,2,-30_153,23.458088556925457,22.88332748413086,23.14264461756607,22.41587043269988,2002,Solitary Islands Marine Park,1
Prionurus microlepidotus,-29.92,153.39,2017,5,6,30,2,-30_153,23.458088556925457,22.88332748413086,23.14264461756607,22.41587043269988,2002,Solitary Islands Marine Park,1
Prionurus microlepidotus,-29.92,153.39,2017,5,6,35,3,-30_153,23.458088556925457,22.88332748413086,23.14264461756607,22.41587043269988,2002,Solitary Islands Marine Park,1
Prionurus microlepidotus,-29.92,153.39,2017,5,6,15,3,-30_153,23.458088556925457,22.88332748413086,23.14264461756607,22.41587043269988,2002,Solitary Islands Marine Park,1
Prionurus microlepidotus,-29.92,153.39,2017,5,6,20,5,-30_153,23.458088556925457,22.88332748413086,23.14264461756607,22.41587043269988,2002,Solitary Islands Marine Park,1
Prionurus microlepidotus,-30.2,153.27,2017,5,5,25,5,-30_153,23.458088556925457,22.88332748413086,23.14264461756607,22.41587043269988,2002,Solitary Islands Marine Park,1
Prionurus microlepidotus,-30.2,153.27,2017,5,5,30,5,-30_153,23.458088556925457,22.88332748413086,23.14264461756607,22.41587043269988,2002,Solitary Islands Marine Park,1
Prionurus microlepidotus,-30.2,153.26,2017,5,5,25,10,-30_153,23.458088556925457,22.88332748413086,23.14264461756607,22.41587043269988,2002,Solitary Islands Marine Park,1
Prionurus microlepidotus,-30.2,153.26,2017,5,5,30,10,-30_153,23.458088556925457,22.88332748413086,23.14264461756607,22.41587043269988,2002,Solitary Islands Marine Park,1
Prionurus microlepidotus,-30.2,153.26,2017,5,5,35,35,-30_153,23.458088556925457,22.88332748413086,23.14264461756607,22.41587043269988,2002,Solitary Islands Marine Park,1
Prionurus microlepidotus,-30.2,153.26,2017,5,5,15,2,-30_153,23.458088556925457,22.88332748413086,23.14264461756607,22.41587043269988,2002,Solitary Islands Marine Park,1
Prionurus microlepidotus,-30.24,153.18,2017,5,7,15,2,-30_153,23.458088556925457,22.88332748413086,23.14264461756607,22.41587043269988,2002,Solitary Islands Marine Park,1
Prionurus microlepidotus,-30.02,153.27,2017,5,1,20,1,-30_153,23.458088556925457,22.88332748413086,23.14264461756607,22.41587043269988,2002,Solitary Islands Marine Park,1
Prionurus microlepidotus,-30.02,153.27,2017,5,1,25,3,-30_153,23.458088556925457,22.88332748413086,23.14264461756607,22.41587043269988,2002,Solitary Islands Marine Park,1
Prionurus microlepidotus,-30.02,153.27,2017,5,1,30,5,-30_153,23.458088556925457,22.88332748413086,23.14264461756607,22.41587043269988,2002,Solitary Islands Marine Park,1
Prionurus microlepidotus,-30.02,153.27,2017,5,1,30,3,-30_153,23.458088556925457,22.88332748413086,23.14264461756607,22.41587043269988,2002,Solitary Islands Marine Park,1
Prionurus microlepidotus,-30.2,153.27,2017,5,5,50,11,-30_153,23.458088556925457,22.88332748413086,23.14264461756607,22.41587043269988,2002,Solitary Islands Marine Park,1
Prionurus microlepidotus,-30.2,153.27,2017,5,5,30,5,-30_153,23.458088556925457,22.88332748413086,23.14264461756607,22.41587043269988,2002,Solitary Islands Marine Park,1
Prionurus microlepidotus,-30.2,153.27,2017,5,5,30,8,-30_153,23.458088556925457,22.88332748413086,23.14264461756607,22.41587043269988,2002,Solitary Islands Marine Park,1
Prionurus microlepidotus,-30.2,153.27,2017,5,5,35,2,-30_153,23.458088556925457,22.88332748413086,23.14264461756607,22.41587043269988,2002,Solitary Islands Marine Park,1
Prionurus microlepidotus,-30.2,153.27,2017,5,5,30,12,-30_153,23.458088556925457,22.88332748413086,23.14264461756607,22.41587043269988,2002,Solitary Islands Marine Park,1
Prionurus microlepidotus,-29.93,153.39,2017,5,6,10,5,-30_153,23.458088556925457,22.88332748413086,23.14264461756607,22.41587043269988,2002,Solitary Islands Marine Park,1
Prionurus microlepidotus,-29.93,153.39,2017,5,6,20,16,-30_153,23.458088556925457,22.88332748413086,23.14264461756607,22.41587043269988,2002,Solitary Islands Marine Park,1
Prionurus microlepidotus,-29.93,153.39,2017,5,6,25,5,-30_153,23.458088556925457,22.88332748413086,23.14264461756607,22.41587043269988,2002,Solitary Islands Marine Park,1
Prionurus microlepidotus,-29.93,153.39,2017,5,6,15,10,-30_153,23.458088556925457,22.88332748413086,23.14264461756607,22.41587043269988,2002,Solitary Islands Marine Park,1
Prionurus microlepidotus,-30.15,153.23,2017,5,7,12.5,40,-30_153,23.458088556925457,22.88332748413086,23.14264461756607,22.41587043269988,NA,NA,0
Prionurus microlepidotus,-30.15,153.23,2017,5,7,15,10,-30_153,23.458088556925457,22.88332748413086,23.14264461756607,22.41587043269988,NA,NA,0
Prionurus microlepidotus,-30.15,153.23,2017,5,7,25,10,-30_153,23.458088556925457,22.88332748413086,23.14264461756607,22.41587043269988,NA,NA,0
Prionurus microlepidotus,-30.15,153.23,2017,5,7,30,102,-30_153,23.458088556925457,22.88332748413086,23.14264461756607,22.41587043269988,NA,NA,0
Prionurus microlepidotus,-30.15,153.23,2017,5,7,35,2,-30_153,23.458088556925457,22.88332748413086,23.14264461756607,22.41587043269988,NA,NA,0
Prionurus microlepidotus,-29.93,153.39,2017,5,6,30,2,-30_153,23.458088556925457,22.88332748413086,23.14264461756607,22.41587043269988,2002,Solitary Islands Marine Park,1
Prionurus microlepidotus,-29.92,153.39,2017,5,6,12.5,50,-30_153,23.458088556925457,22.88332748413086,23.14264461756607,22.41587043269988,2002,Solitary Islands Marine Park,1
Prionurus microlepidotus,-29.92,153.39,2017,5,6,20,3,-30_153,23.458088556925457,22.88332748413086,23.14264461756607,22.41587043269988,2002,Solitary Islands Marine Park,1
Prionurus microlepidotus,-29.93,153.39,2017,5,6,20,5,-30_153,23.458088556925457,22.88332748413086,23.14264461756607,22.41587043269988,2002,Solitary Islands Marine Park,1
Prionurus microlepidotus,-29.93,153.39,2017,5,6,25,5,-30_153,23.458088556925457,22.88332748413086,23.14264461756607,22.41587043269988,2002,Solitary Islands Marine Park,1
Prionurus microlepidotus,-29.93,153.39,2017,5,6,30,5,-30_153,23.458088556925457,22.88332748413086,23.14264461756607,22.41587043269988,2002,Solitary Islands Marine Park,1
Prionurus microlepidotus,-29.93,153.39,2017,5,6,35,7,-30_153,23.458088556925457,22.88332748413086,23.14264461756607,22.41587043269988,2002,Solitary Islands Marine Park,1
Prionurus microlepidotus,-29.93,153.39,2017,5,6,25,20,-30_153,23.458088556925457,22.88332748413086,23.14264461756607,22.41587043269988,2002,Solitary Islands Marine Park,1
Prionurus microlepidotus,-29.93,153.39,2017,5,6,35,10,-30_153,23.458088556925457,22.88332748413086,23.14264461756607,22.41587043269988,2002,Solitary Islands Marine Park,1
Prionurus microlepidotus,-30.02,153.27,2017,5,1,25,10,-30_153,23.458088556925457,22.88332748413086,23.14264461756607,22.41587043269988,2002,Solitary Islands Marine Park,1
Prionurus microlepidotus,-30.02,153.27,2017,5,1,30,20,-30_153,23.458088556925457,22.88332748413086,23.14264461756607,22.41587043269988,2002,Solitary Islands Marine Park,1
Prionurus microlepidotus,-30.02,153.27,2017,5,1,40,7,-30_153,23.458088556925457,22.88332748413086,23.14264461756607,22.41587043269988,2002,Solitary Islands Marine Park,1
Prionurus microlepidotus,-30.02,153.27,2017,5,1,30,30,-30_153,23.458088556925457,22.88332748413086,23.14264461756607,22.41587043269988,2002,Solitary Islands Marine Park,1
Prionurus microlepidotus,-30.02,153.27,2017,5,1,35,5,-30_153,23.458088556925457,22.88332748413086,23.14264461756607,22.41587043269988,2002,Solitary Islands Marine Park,1
Prionurus microlepidotus,-30.02,153.27,2017,5,1,40,12,-30_153,23.458088556925457,22.88332748413086,23.14264461756607,22.41587043269988,2002,Solitary Islands Marine Park,1
Prionurus microlepidotus,-30.02,153.27,2017,5,1,30,5,-30_153,23.458088556925457,22.88332748413086,23.14264461756607,22.41587043269988,2002,Solitary Islands Marine Park,1
Prionurus microlepidotus,-30.02,153.27,2017,5,1,35,4,-30_153,23.458088556925457,22.88332748413086,23.14264461756607,22.41587043269988,2002,Solitary Islands Marine Park,1
Prionurus microlepidotus,-30.24,153.18,2017,5,7,50,2,-30_153,23.458088556925457,22.88332748413086,23.14264461756607,22.41587043269988,2002,Solitary Islands Marine Park,1
Prionurus microlepidotus,-30.24,153.18,2017,5,7,50,3,-30_153,23.458088556925457,22.88332748413086,23.14264461756607,22.41587043269988,NA,NA,0
Prionurus microlepidotus,-30.15,153.23,2017,5,7,35,45,-30_153,23.458088556925457,22.88332748413086,23.14264461756607,22.41587043269988,NA,NA,0
Prionurus microlepidotus,-30.15,153.23,2017,5,7,30,30,-30_153,23.458088556925457,22.88332748413086,23.14264461756607,22.41587043269988,NA,NA,0
Prionurus microlepidotus,-30.16,153.23,2017,5,7,20,50,-30_153,23.458088556925457,22.88332748413086,23.14264461756607,22.41587043269988,2002,Solitary Islands Marine Park,1
Prionurus microlepidotus,-30.16,153.23,2017,5,7,25,27,-30_153,23.458088556925457,22.88332748413086,23.14264461756607,22.41587043269988,2002,Solitary Islands Marine Park,1
Prionurus microlepidotus,-30.16,153.23,2017,5,7,30,75,-30_153,23.458088556925457,22.88332748413086,23.14264461756607,22.41587043269988,2002,Solitary Islands Marine Park,1
Prionurus microlepidotus,-30.15,153.23,2017,5,7,12.5,4,-30_153,23.458088556925457,22.88332748413086,23.14264461756607,22.41587043269988,NA,NA,0
Prionurus microlepidotus,-30.15,153.23,2017,5,7,15,1,-30_153,23.458088556925457,22.88332748413086,23.14264461756607,22.41587043269988,NA,NA,0
Prionurus microlepidotus,-30.15,153.23,2017,5,7,20,2,-30_153,23.458088556925457,22.88332748413086,23.14264461756607,22.41587043269988,NA,NA,0
Prionurus microlepidotus,-30.15,153.23,2017,5,7,25,2,-30_153,23.458088556925457,22.88332748413086,23.14264461756607,22.41587043269988,NA,NA,0
Prionurus microlepidotus,-30.15,153.23,2017,5,7,30,2,-30_153,23.458088556925457,22.88332748413086,23.14264461756607,22.41587043269988,NA,NA,0
Prionurus microlepidotus,-30.16,153.23,2017,5,7,30,30,-30_153,23.458088556925457,22.88332748413086,23.14264461756607,22.41587043269988,2002,Solitary Islands Marine Park,1
Prionurus microlepidotus,-30.16,153.23,2017,5,7,35,40,-30_153,23.458088556925457,22.88332748413086,23.14264461756607,22.41587043269988,2002,Solitary Islands Marine Park,1
Prionurus microlepidotus,-30.16,153.23,2017,5,7,40,20,-30_153,23.458088556925457,22.88332748413086,23.14264461756607,22.41587043269988,2002,Solitary Islands Marine Park,1
Prionurus microlepidotus,-30.16,153.23,2017,5,7,20,5,-30_153,23.458088556925457,22.88332748413086,23.14264461756607,22.41587043269988,2002,Solitary Islands Marine Park,1
Prionurus microlepidotus,-30.16,153.23,2017,5,7,25,2,-30_153,23.458088556925457,22.88332748413086,23.14264461756607,22.41587043269988,2002,Solitary Islands Marine Park,1
Prionurus microlepidotus,-30.16,153.23,2017,5,7,30,2,-30_153,23.458088556925457,22.88332748413086,23.14264461756607,22.41587043269988,2002,Solitary Islands Marine Park,1
Prionurus microlepidotus,-30.16,153.23,2017,5,7,35,2,-30_153,23.458088556925457,22.88332748413086,23.14264461756607,22.41587043269988,2002,Solitary Islands Marine Park,1
Prionurus microlepidotus,-30.16,153.23,2017,5,7,40,1,-30_153,23.458088556925457,22.88332748413086,23.14264461756607,22.41587043269988,2002,Solitary Islands Marine Park,1
Prionurus microlepidotus,-30.16,153.23,2017,5,7,25,10,-30_153,23.458088556925457,22.88332748413086,23.14264461756607,22.41587043269988,2002,Solitary Islands Marine Park,1
Prionurus microlepidotus,-30.16,153.23,2017,5,7,30,20,-30_153,23.458088556925457,22.88332748413086,23.14264461756607,22.41587043269988,2002,Solitary Islands Marine Park,1
Prionurus microlepidotus,-30.2,153.27,2017,5,5,2.5,1,-30_153,23.458088556925457,22.88332748413086,23.14264461756607,22.41587043269988,2002,Solitary Islands Marine Park,1
Prionurus microlepidotus,-30.2,153.27,2017,5,5,10,1,-30_153,23.458088556925457,22.88332748413086,23.14264461756607,22.41587043269988,2002,Solitary Islands Marine Park,1
Prionurus microlepidotus,-30.2,153.27,2017,5,5,12.5,3,-30_153,23.458088556925457,22.88332748413086,23.14264461756607,22.41587043269988,2002,Solitary Islands Marine Park,1
Prionurus microlepidotus,-30.2,153.27,2017,5,5,15,7,-30_153,23.458088556925457,22.88332748413086,23.14264461756607,22.41587043269988,2002,Solitary Islands Marine Park,1
Prionurus microlepidotus,-30.2,153.27,2017,5,5,20,4,-30_153,23.458088556925457,22.88332748413086,23.14264461756607,22.41587043269988,2002,Solitary Islands Marine Park,1
Prionurus microlepidotus,-30.2,153.27,2017,5,5,15,1,-30_153,23.458088556925457,22.88332748413086,23.14264461756607,22.41587043269988,2002,Solitary Islands Marine Park,1
Prionurus microlepidotus,-30.2,153.26,2017,5,5,10,3,-30_153,23.458088556925457,22.88332748413086,23.14264461756607,22.41587043269988,2002,Solitary Islands Marine Park,1
Prionurus microlepidotus,-30.2,153.26,2017,5,5,12.5,2,-30_153,23.458088556925457,22.88332748413086,23.14264461756607,22.41587043269988,2002,Solitary Islands Marine Park,1
Prionurus microlepidotus,-30.2,153.26,2017,5,5,20,3,-30_153,23.458088556925457,22.88332748413086,23.14264461756607,22.41587043269988,2002,Solitary Islands Marine Park,1
Prionurus microlepidotus,-30.2,153.26,2017,5,5,12.5,3,-30_153,23.458088556925457,22.88332748413086,23.14264461756607,22.41587043269988,2002,Solitary Islands Marine Park,1
Prionurus microlepidotus,-29.92,153.39,2017,5,6,20,5,-30_153,23.458088556925457,22.88332748413086,23.14264461756607,22.41587043269988,2002,Solitary Islands Marine Park,1
Prionurus microlepidotus,-29.92,153.39,2017,5,6,25,2,-30_153,23.458088556925457,22.88332748413086,23.14264461756607,22.41587043269988,2002,Solitary Islands Marine Park,1
Prionurus microlepidotus,-29.92,153.39,2017,5,6,30,1,-30_153,23.458088556925457,22.88332748413086,23.14264461756607,22.41587043269988,2002,Solitary Islands Marine Park,1
Prionurus microlepidotus,-32.71,152.15,2016,10,7,5,15,-33_152,21.81423552831014,19.682849884033203,21.811778390656066,20.475644767925303,1983,Fly Point-Halifax Park,1
Prionurus microlepidotus,-32.71,152.15,2016,10,7,7.5,5,-33_152,21.81423552831014,19.682849884033203,21.811778390656066,20.475644767925303,1983,Fly Point-Halifax Park,1
Prionurus microlepidotus,-30.2,153.27,2017,5,5,15,1,-30_153,23.458088556925457,22.88332748413086,23.14264461756607,22.41587043269988,2002,Solitary Islands Marine Park,1
Prionurus microlepidotus,-30.2,153.27,2017,5,5,7.5,1,-30_153,23.458088556925457,22.88332748413086,23.14264461756607,22.41587043269988,2002,Solitary Islands Marine Park,1
Prionurus microlepidotus,-30.2,153.27,2017,5,5,20,6,-30_153,23.458088556925457,22.88332748413086,23.14264461756607,22.41587043269988,2002,Solitary Islands Marine Park,1
Prionurus microlepidotus,-30.2,153.27,2017,5,5,25,10,-30_153,23.458088556925457,22.88332748413086,23.14264461756607,22.41587043269988,2002,Solitary Islands Marine Park,1
Prionurus microlepidotus,-29.93,153.39,2017,5,6,12.5,2,-30_153,23.458088556925457,22.88332748413086,23.14264461756607,22.41587043269988,2002,Solitary Islands Marine Park,1
Prionurus microlepidotus,-29.93,153.39,2017,5,6,20,100,-30_153,23.458088556925457,22.88332748413086,23.14264461756607,22.41587043269988,2002,Solitary Islands Marine Park,1
Prionurus microlepidotus,-30.24,153.18,2017,5,7,20,8,-30_153,23.458088556925457,22.88332748413086,23.14264461756607,22.41587043269988,NA,NA,0
Prionurus microlepidotus,-32.74,152.19,2017,7,16,20,2,-33_152,21.88280153274536,19.421714782714844,21.674367571668547,20.002607114853397,NA,NA,0
Prionurus microlepidotus,-32.74,152.19,2017,7,16,20,1,-33_152,21.88280153274536,19.421714782714844,21.674367571668547,20.002607114853397,NA,NA,0
Prionurus microlepidotus,-32.74,152.19,2017,7,16,25,2,-33_152,21.88280153274536,19.421714782714844,21.674367571668547,20.002607114853397,NA,NA,0
Prionurus microlepidotus,-32.71,152.16,2017,7,30,5,2,-33_152,21.88280153274536,19.421714782714844,21.674367571668547,20.002607114853397,1983,Fly Point-Halifax Park,1
Prionurus microlepidotus,-32.71,152.16,2017,7,30,7.5,5,-33_152,21.88280153274536,19.421714782714844,21.674367571668547,20.002607114853397,1983,Fly Point-Halifax Park,1
Prionurus microlepidotus,-32.71,152.16,2017,7,30,12.5,3,-33_152,21.88280153274536,19.421714782714844,21.674367571668547,20.002607114853397,1983,Fly Point-Halifax Park,1
Prionurus microlepidotus,-32.71,152.16,2017,7,30,15,1,-33_152,21.88280153274536,19.421714782714844,21.674367571668547,20.002607114853397,1983,Fly Point-Halifax Park,1
Prionurus microlepidotus,-32.71,152.16,2017,7,30,20,5,-33_152,21.88280153274536,19.421714782714844,21.674367571668547,20.002607114853397,1983,Fly Point-Halifax Park,1
Prionurus microlepidotus,-32.71,152.16,2017,7,30,10,5,-33_152,21.88280153274536,19.421714782714844,21.674367571668547,20.002607114853397,1983,Fly Point-Halifax Park,1
Prionurus microlepidotus,-32.71,152.16,2017,7,30,12.5,4,-33_152,21.88280153274536,19.421714782714844,21.674367571668547,20.002607114853397,1983,Fly Point-Halifax Park,1
Prionurus microlepidotus,-32.71,152.16,2017,7,30,15,3,-33_152,21.88280153274536,19.421714782714844,21.674367571668547,20.002607114853397,1983,Fly Point-Halifax Park,1
Prionurus microlepidotus,-32.71,152.16,2017,7,30,20,4,-33_152,21.88280153274536,19.421714782714844,21.674367571668547,20.002607114853397,1983,Fly Point-Halifax Park,1
Prionurus microlepidotus,-32.71,152.16,2017,7,30,25,1,-33_152,21.88280153274536,19.421714782714844,21.674367571668547,20.002607114853397,1983,Fly Point-Halifax Park,1
Prionurus microlepidotus,-32.72,152.14,2017,8,12,7.5,4,-33_152,21.88280153274536,19.456056594848633,21.674367571668547,19.463440418243408,NA,NA,0
Prionurus microlepidotus,-32.71,152.16,2017,8,13,10,15,-33_152,21.88280153274536,19.456056594848633,21.674367571668547,19.463440418243408,1983,Fly Point-Halifax Park,1
Prionurus microlepidotus,-32.71,152.16,2017,8,13,15,5,-33_152,21.88280153274536,19.456056594848633,21.674367571668547,19.463440418243408,1983,Fly Point-Halifax Park,1
Prionurus microlepidotus,-32.71,152.16,2017,8,13,7.5,1,-33_152,21.88280153274536,19.456056594848633,21.674367571668547,19.463440418243408,1983,Fly Point-Halifax Park,1
Prionurus microlepidotus,-32.71,152.15,2017,8,27,7.5,1,-33_152,21.88280153274536,19.456056594848633,21.674367571668547,19.463440418243408,1983,Fly Point-Halifax Park,1
Prionurus microlepidotus,-32.74,152.19,2017,9,29,15,3,-33_152,21.88280153274536,19.29019546508789,21.674367571668547,19.416805118984648,NA,NA,0
Prionurus microlepidotus,-32.72,152.14,2017,10,2,5,1,-33_152,21.88280153274536,20.88638687133789,21.674367571668547,20.07908558589156,NA,NA,0
Prionurus microlepidotus,-32.72,152.14,2017,10,2,10,1,-33_152,21.88280153274536,20.88638687133789,21.674367571668547,20.07908558589156,NA,NA,0
Prionurus microlepidotus,-32.71,152.16,2017,10,8,12.5,10,-33_152,21.88280153274536,20.88638687133789,21.674367571668547,20.07908558589156,1983,Fly Point-Halifax Park,1
Prionurus microlepidotus,-32.71,152.16,2017,10,8,10,5,-33_152,21.88280153274536,20.88638687133789,21.674367571668547,20.07908558589156,1983,Fly Point-Halifax Park,1
Prionurus microlepidotus,-32.71,152.16,2017,10,8,12.5,1,-33_152,21.88280153274536,20.88638687133789,21.674367571668547,20.07908558589156,1983,Fly Point-Halifax Park,1
Prionurus microlepidotus,-32.71,152.16,2017,10,8,5,1,-33_152,21.88280153274536,20.88638687133789,21.674367571668547,20.07908558589156,1983,Fly Point-Halifax Park,1
Prionurus microlepidotus,-32.71,152.16,2017,10,8,15,1,-33_152,21.88280153274536,20.88638687133789,21.674367571668547,20.07908558589156,1983,Fly Point-Halifax Park,1
Prionurus microlepidotus,-32.71,152.15,2017,10,21,20,2,-33_152,21.88280153274536,20.88638687133789,21.674367571668547,20.07908558589156,1983,Fly Point-Halifax Park,1
Prionurus microlepidotus,-32.71,152.15,2017,10,21,25,3,-33_152,21.88280153274536,20.88638687133789,21.674367571668547,20.07908558589156,1983,Fly Point-Halifax Park,1
Prionurus microlepidotus,-32.71,152.15,2017,10,21,30,2,-33_152,21.88280153274536,20.88638687133789,21.674367571668547,20.07908558589156,1983,Fly Point-Halifax Park,1
Prionurus microlepidotus,-32.71,152.15,2017,10,21,7.5,10,-33_152,21.88280153274536,20.88638687133789,21.674367571668547,20.07908558589156,1983,Fly Point-Halifax Park,1
Prionurus microlepidotus,-32.71,152.15,2017,10,21,10,15,-33_152,21.88280153274536,20.88638687133789,21.674367571668547,20.07908558589156,1983,Fly Point-Halifax Park,1
Prionurus microlepidotus,-32.71,152.15,2017,10,21,12.5,20,-33_152,21.88280153274536,20.88638687133789,21.674367571668547,20.07908558589156,1983,Fly Point-Halifax Park,1
Prionurus microlepidotus,-32.71,152.15,2017,10,21,15,10,-33_152,21.88280153274536,20.88638687133789,21.674367571668547,20.07908558589156,1983,Fly Point-Halifax Park,1
Prionurus microlepidotus,-30.02,153.27,2018,5,8,20,1,-30_153,23.22174056371053,23.39381217956543,22.980507677637853,23.49219298824187,2002,Solitary Islands Marine Park,1
Prionurus microlepidotus,-32.71,152.15,2016,6,26,7.5,2,-33_152,21.81423552831014,21.07072639465332,21.811778390656066,21.400971788830223,1983,Fly Point-Halifax Park,1
Prionurus microlepidotus,-30.02,153.27,2018,5,28,10,1,-30_153,23.22174056371053,23.39381217956543,22.980507677637853,23.49219298824187,2002,Solitary Islands Marine Park,1
Prionurus microlepidotus,-30.02,153.27,2018,5,28,15,2,-30_153,23.22174056371053,23.39381217956543,22.980507677637853,23.49219298824187,2002,Solitary Islands Marine Park,1
Prionurus microlepidotus,-30.02,153.27,2018,5,28,25,1,-30_153,23.22174056371053,23.39381217956543,22.980507677637853,23.49219298824187,2002,Solitary Islands Marine Park,1
Prionurus microlepidotus,-30.01,153.27,2018,5,28,25,50,-30_153,23.22174056371053,23.39381217956543,22.980507677637853,23.49219298824187,NA,NA,0
Prionurus microlepidotus,-30.01,153.27,2018,5,28,30,11,-30_153,23.22174056371053,23.39381217956543,22.980507677637853,23.49219298824187,NA,NA,0
Prionurus microlepidotus,-29.93,153.39,2013,4,26,15,22,-30_153,22.966265360514324,24.360939025878903,22.939593657805137,24.573932762145997,2002,Solitary Islands Marine Park,1
Prionurus microlepidotus,-29.93,153.39,2013,4,26,20,12,-30_153,22.966265360514324,24.360939025878903,22.939593657805137,24.573932762145997,2002,Solitary Islands Marine Park,1
Prionurus microlepidotus,-29.93,153.39,2013,4,26,25,20,-30_153,22.966265360514324,24.360939025878903,22.939593657805137,24.573932762145997,2002,Solitary Islands Marine Park,1
Prionurus microlepidotus,-29.92,153.39,2013,4,26,7.5,2,-30_153,22.966265360514324,24.360939025878903,22.939593657805137,24.573932762145997,2002,Solitary Islands Marine Park,1
Prionurus microlepidotus,-29.92,153.39,2013,4,26,10,1,-30_153,22.966265360514324,24.360939025878903,22.939593657805137,24.573932762145997,2002,Solitary Islands Marine Park,1
Prionurus microlepidotus,-29.92,153.39,2013,4,26,20,1,-30_153,22.966265360514324,24.360939025878903,22.939593657805137,24.573932762145997,2002,Solitary Islands Marine Park,1
Prionurus microlepidotus,-29.92,153.39,2013,4,26,25,3,-30_153,22.966265360514324,24.360939025878903,22.939593657805137,24.573932762145997,2002,Solitary Islands Marine Park,1
Prionurus microlepidotus,-29.98,153.26,2013,4,27,5,2,-30_153,22.966265360514324,24.360939025878903,22.939593657805137,24.573932762145997,NA,NA,0
Prionurus microlepidotus,-29.98,153.26,2013,4,27,7.5,7,-30_153,22.966265360514324,24.360939025878903,22.939593657805137,24.573932762145997,NA,NA,0
Prionurus microlepidotus,-29.98,153.26,2013,4,27,12.5,10,-30_153,22.966265360514324,24.360939025878903,22.939593657805137,24.573932762145997,NA,NA,0
Prionurus microlepidotus,-29.98,153.26,2013,4,27,15,10,-30_153,22.966265360514324,24.360939025878903,22.939593657805137,24.573932762145997,NA,NA,0
Prionurus microlepidotus,-29.98,153.26,2013,4,27,20,21,-30_153,22.966265360514324,24.360939025878903,22.939593657805137,24.573932762145997,NA,NA,0
Prionurus microlepidotus,-29.98,153.26,2013,4,27,25,30,-30_153,22.966265360514324,24.360939025878903,22.939593657805137,24.573932762145997,NA,NA,0
Prionurus microlepidotus,-29.98,153.26,2013,4,27,10,2,-30_153,22.966265360514324,24.360939025878903,22.939593657805137,24.573932762145997,NA,NA,0
Prionurus microlepidotus,-29.98,153.26,2013,4,27,12.5,12,-30_153,22.966265360514324,24.360939025878903,22.939593657805137,24.573932762145997,NA,NA,0
Prionurus microlepidotus,-29.98,153.26,2013,4,27,20,15,-30_153,22.966265360514324,24.360939025878903,22.939593657805137,24.573932762145997,NA,NA,0
Prionurus microlepidotus,-29.98,153.26,2013,4,27,25,15,-30_153,22.966265360514324,24.360939025878903,22.939593657805137,24.573932762145997,NA,NA,0
Prionurus microlepidotus,-30.01,153.27,2013,4,27,25,90,-30_153,22.966265360514324,24.360939025878903,22.939593657805137,24.573932762145997,NA,NA,0
Prionurus microlepidotus,-30.01,153.27,2013,4,27,30,40,-30_153,22.966265360514324,24.360939025878903,22.939593657805137,24.573932762145997,NA,NA,0
Prionurus microlepidotus,-30.01,153.27,2013,4,27,30,100,-30_153,22.966265360514324,24.360939025878903,22.939593657805137,24.573932762145997,NA,NA,0
Prionurus microlepidotus,-30.01,153.27,2013,4,27,40,200,-30_153,22.966265360514324,24.360939025878903,22.939593657805137,24.573932762145997,NA,NA,0
Prionurus microlepidotus,-30.01,153.27,2018,5,28,30,40,-30_153,23.22174056371053,23.39381217956543,22.980507677637853,23.49219298824187,NA,NA,0
Prionurus microlepidotus,-30.01,153.27,2018,5,28,35,50,-30_153,23.22174056371053,23.39381217956543,22.980507677637853,23.49219298824187,NA,NA,0
Prionurus microlepidotus,-30.01,153.27,2018,5,28,40,60,-30_153,23.22174056371053,23.39381217956543,22.980507677637853,23.49219298824187,NA,NA,0
Prionurus microlepidotus,-30.01,153.27,2018,5,28,50,50,-30_153,23.22174056371053,23.39381217956543,22.980507677637853,23.49219298824187,NA,NA,0
Prionurus microlepidotus,-30.01,153.27,2018,5,28,62.5,40,-30_153,23.22174056371053,23.39381217956543,22.980507677637853,23.49219298824187,NA,NA,0
Prionurus microlepidotus,-29.98,153.23,2018,5,29,7.5,3,-30_153,23.22174056371053,23.39381217956543,22.980507677637853,23.49219298824187,NA,NA,0
Prionurus microlepidotus,-29.98,153.23,2018,5,29,5,3,-30_153,23.22174056371053,23.39381217956543,22.980507677637853,23.49219298824187,NA,NA,0
Prionurus microlepidotus,-29.98,153.23,2018,5,29,7.5,4,-30_153,23.22174056371053,23.39381217956543,22.980507677637853,23.49219298824187,NA,NA,0
Prionurus microlepidotus,-30.2,153.27,2013,4,26,12.5,1,-30_153,22.966265360514324,24.360939025878903,22.939593657805137,24.573932762145997,2002,Solitary Islands Marine Park,1
Prionurus microlepidotus,-30.2,153.27,2013,4,26,15,3,-30_153,22.966265360514324,24.360939025878903,22.939593657805137,24.573932762145997,2002,Solitary Islands Marine Park,1
Prionurus microlepidotus,-30.2,153.27,2013,4,26,20,20,-30_153,22.966265360514324,24.360939025878903,22.939593657805137,24.573932762145997,2002,Solitary Islands Marine Park,1
Prionurus microlepidotus,-30.2,153.27,2013,4,26,25,100,-30_153,22.966265360514324,24.360939025878903,22.939593657805137,24.573932762145997,2002,Solitary Islands Marine Park,1
Prionurus microlepidotus,-30.2,153.27,2013,4,26,30,20,-30_153,22.966265360514324,24.360939025878903,22.939593657805137,24.573932762145997,2002,Solitary Islands Marine Park,1
Prionurus microlepidotus,-30.2,153.27,2013,4,26,25,15,-30_153,22.966265360514324,24.360939025878903,22.939593657805137,24.573932762145997,2002,Solitary Islands Marine Park,1
Prionurus microlepidotus,-30.2,153.27,2013,4,26,30,50,-30_153,22.966265360514324,24.360939025878903,22.939593657805137,24.573932762145997,2002,Solitary Islands Marine Park,1
Prionurus microlepidotus,-30.2,153.27,2013,4,26,15,1,-30_153,22.966265360514324,24.360939025878903,22.939593657805137,24.573932762145997,2002,Solitary Islands Marine Park,1
Prionurus microlepidotus,-30.2,153.27,2013,4,26,20,10,-30_153,22.966265360514324,24.360939025878903,22.939593657805137,24.573932762145997,2002,Solitary Islands Marine Park,1
Prionurus microlepidotus,-30.2,153.27,2013,4,26,25,2,-30_153,22.966265360514324,24.360939025878903,22.939593657805137,24.573932762145997,2002,Solitary Islands Marine Park,1
Prionurus microlepidotus,-30.02,153.27,2013,4,27,15,1,-30_153,22.966265360514324,24.360939025878903,22.939593657805137,24.573932762145997,2002,Solitary Islands Marine Park,1
Prionurus microlepidotus,-30.01,153.27,2013,4,27,25,35,-30_153,22.966265360514324,24.360939025878903,22.939593657805137,24.573932762145997,NA,NA,0
Prionurus microlepidotus,-30.01,153.27,2013,4,27,10,1,-30_153,22.966265360514324,24.360939025878903,22.939593657805137,24.573932762145997,NA,NA,0
Prionurus microlepidotus,-30.01,153.27,2013,4,27,12.5,1,-30_153,22.966265360514324,24.360939025878903,22.939593657805137,24.573932762145997,NA,NA,0
Prionurus microlepidotus,-30.01,153.27,2013,4,27,20,60,-30_153,22.966265360514324,24.360939025878903,22.939593657805137,24.573932762145997,NA,NA,0
Prionurus microlepidotus,-30.24,153.18,2013,4,28,25,10,-30_153,22.966265360514324,24.360939025878903,22.939593657805137,24.573932762145997,2002,Solitary Islands Marine Park,1
Prionurus microlepidotus,-30.24,153.18,2013,4,28,30,30,-30_153,22.966265360514324,24.360939025878903,22.939593657805137,24.573932762145997,2002,Solitary Islands Marine Park,1
Prionurus microlepidotus,-30.02,153.27,2013,4,27,12.5,20,-30_153,22.966265360514324,24.360939025878903,22.939593657805137,24.573932762145997,2002,Solitary Islands Marine Park,1
Prionurus microlepidotus,-30.01,153.27,2013,4,27,20,1,-30_153,22.966265360514324,24.360939025878903,22.939593657805137,24.573932762145997,NA,NA,0
Prionurus microlepidotus,-29.98,153.26,2013,4,27,12.5,1,-30_153,22.966265360514324,24.360939025878903,22.939593657805137,24.573932762145997,NA,NA,0
Prionurus microlepidotus,-30.01,153.27,2013,4,27,35,30,-30_153,22.966265360514324,24.360939025878903,22.939593657805137,24.573932762145997,NA,NA,0
Prionurus microlepidotus,-30.2,153.27,2013,4,26,20,14,-30_153,22.966265360514324,24.360939025878903,22.939593657805137,24.573932762145997,NA,NA,0
Prionurus microlepidotus,-32.71,152.16,2018,8,5,7.5,1,-33_152,21.402117252349854,17.94134521484375,20.990371204530405,17.520725398935298,1983,Fly Point-Halifax Park,1
Prionurus microlepidotus,-32.71,152.15,2018,7,29,5,1,-33_152,21.402117252349854,18.56777000427246,20.990371204530405,18.303574844073225,1983,Fly Point-Halifax Park,1
Prionurus microlepidotus,-32.71,152.16,2018,8,5,7.5,1,-33_152,21.402117252349854,17.94134521484375,20.990371204530405,17.520725398935298,1983,Fly Point-Halifax Park,1
Prionurus microlepidotus,-32.71,152.16,2018,8,5,10,5,-33_152,21.402117252349854,17.94134521484375,20.990371204530405,17.520725398935298,1983,Fly Point-Halifax Park,1
Prionurus microlepidotus,-32.71,152.16,2018,8,5,20,3,-33_152,21.402117252349854,17.94134521484375,20.990371204530405,17.520725398935298,1983,Fly Point-Halifax Park,1
Prionurus microlepidotus,-32.71,152.16,2018,8,5,25,2,-33_152,21.402117252349854,17.94134521484375,20.990371204530405,17.520725398935298,1983,Fly Point-Halifax Park,1
Prionurus microlepidotus,-32.71,152.16,2018,8,5,5,1,-33_152,21.402117252349854,17.94134521484375,20.990371204530405,17.520725398935298,1983,Fly Point-Halifax Park,1
Prionurus microlepidotus,-32.71,152.16,2018,8,5,7.5,2,-33_152,21.402117252349854,17.94134521484375,20.990371204530405,17.520725398935298,1983,Fly Point-Halifax Park,1
Prionurus microlepidotus,-32.71,152.16,2018,8,5,12.5,5,-33_152,21.402117252349854,17.94134521484375,20.990371204530405,17.520725398935298,1983,Fly Point-Halifax Park,1
Prionurus microlepidotus,-32.71,152.16,2017,1,29,7.5,1,-33_152,21.88280153274536,24.26653289794922,21.674367571668547,23.74881669013731,1983,Fly Point-Halifax Park,1
Prionurus microlepidotus,-32.71,152.16,2017,1,29,10,1,-33_152,21.88280153274536,24.26653289794922,21.674367571668547,23.74881669013731,1983,Fly Point-Halifax Park,1
Prionurus microlepidotus,-32.71,152.16,2017,1,29,12.5,1,-33_152,21.88280153274536,24.26653289794922,21.674367571668547,23.74881669013731,1983,Fly Point-Halifax Park,1
Prionurus microlepidotus,-35.11,150.77,2018,4,14,12.5,1,-35_151,19.935256004333496,21.480770111083984,19.73684152242449,21.451999579535592,NA,NA,0
Prionurus microlepidotus,-35.13,150.73,2018,4,13,10,1,-35_151,19.935256004333496,21.480770111083984,19.73684152242449,21.451999579535592,NA,NA,0
Prionurus microlepidotus,-35.13,150.73,2018,4,13,20,3,-35_151,19.935256004333496,21.480770111083984,19.73684152242449,21.451999579535592,NA,NA,0
Prionurus microlepidotus,-35.13,150.73,2018,4,13,25,2,-35_151,19.935256004333496,21.480770111083984,19.73684152242449,21.451999579535592,NA,NA,0
Prionurus microlepidotus,-35.13,150.73,2018,4,13,30,2,-35_151,19.935256004333496,21.480770111083984,19.73684152242449,21.451999579535592,NA,NA,0
Prionurus microlepidotus,-35.13,150.73,2018,4,13,35,1,-35_151,19.935256004333496,21.480770111083984,19.73684152242449,21.451999579535592,NA,NA,0
Prionurus microlepidotus,-35.11,150.77,2018,4,14,20,1,-35_151,19.935256004333496,21.480770111083984,19.73684152242449,21.451999579535592,2002,Booderee National Park,1
Prionurus microlepidotus,-32.71,152.16,2018,5,19,20,1,-33_152,21.402117252349854,21.891050338745117,20.990371204530405,21.487203751840894,1983,Fly Point-Halifax Park,1
Prionurus microlepidotus,-32.71,152.16,2018,5,19,5,2,-33_152,21.402117252349854,21.891050338745117,20.990371204530405,21.487203751840894,1983,Fly Point-Halifax Park,1
Prionurus microlepidotus,-32.71,152.16,2018,5,19,7.5,1,-33_152,21.402117252349854,21.891050338745117,20.990371204530405,21.487203751840894,1983,Fly Point-Halifax Park,1
Prionurus microlepidotus,-32.71,152.16,2018,5,19,10,2,-33_152,21.402117252349854,21.891050338745117,20.990371204530405,21.487203751840894,1983,Fly Point-Halifax Park,1
Prionurus microlepidotus,-32.71,152.16,2018,5,19,12.5,1,-33_152,21.402117252349854,21.891050338745117,20.990371204530405,21.487203751840894,1983,Fly Point-Halifax Park,1
Prionurus microlepidotus,-32.71,152.16,2018,5,19,15,1,-33_152,21.402117252349854,21.891050338745117,20.990371204530405,21.487203751840894,1983,Fly Point-Halifax Park,1
Prionurus microlepidotus,-32.71,152.16,2018,5,19,20,1,-33_152,21.402117252349854,21.891050338745117,20.990371204530405,21.487203751840894,1983,Fly Point-Halifax Park,1
Prionurus microlepidotus,-32.72,152.15,2018,5,21,5,1,-33_152,21.402117252349854,21.891050338745117,20.990371204530405,21.487203751840894,NA,NA,0
Prionurus microlepidotus,-32.72,152.15,2018,5,18,5,1,-33_152,21.402117252349854,21.891050338745117,20.990371204530405,21.487203751840894,NA,NA,0
Prionurus microlepidotus,-32.72,152.14,2018,5,20,5,2,-33_152,21.402117252349854,21.891050338745117,20.990371204530405,21.487203751840894,NA,NA,0
Prionurus microlepidotus,-32.71,152.15,2018,5,21,5,5,-33_152,21.402117252349854,21.891050338745117,20.990371204530405,21.487203751840894,1983,Fly Point-Halifax Park,1
Prionurus microlepidotus,-32.71,152.15,2018,5,21,7.5,25,-33_152,21.402117252349854,21.891050338745117,20.990371204530405,21.487203751840894,1983,Fly Point-Halifax Park,1
Prionurus microlepidotus,-32.71,152.15,2018,5,21,10,3,-33_152,21.402117252349854,21.891050338745117,20.990371204530405,21.487203751840894,1983,Fly Point-Halifax Park,1
Prionurus microlepidotus,-35.1,150.7,2018,4,15,25,1,-35_151,19.935256004333496,21.480770111083984,19.73684152242449,21.451999579535592,2002,Jervis Bay Marine Park,1
Prionurus microlepidotus,-35.1,150.7,2018,4,15,15,1,-35_151,19.935256004333496,21.480770111083984,19.73684152242449,21.451999579535592,2002,Jervis Bay Marine Park,1
Prionurus microlepidotus,-35.1,150.7,2018,4,15,20,2,-35_151,19.935256004333496,21.480770111083984,19.73684152242449,21.451999579535592,2002,Jervis Bay Marine Park,1
Prionurus microlepidotus,-35.1,150.7,2018,4,15,30,1,-35_151,19.935256004333496,21.480770111083984,19.73684152242449,21.451999579535592,2002,Jervis Bay Marine Park,1
Prionurus microlepidotus,-35.1,150.7,2018,4,15,5,2,-35_151,19.935256004333496,21.480770111083984,19.73684152242449,21.451999579535592,2002,Jervis Bay Marine Park,1
Prionurus microlepidotus,-35.1,150.7,2018,4,15,7.5,1,-35_151,19.935256004333496,21.480770111083984,19.73684152242449,21.451999579535592,2002,Jervis Bay Marine Park,1
Prionurus microlepidotus,-35.1,150.7,2018,4,15,10,1,-35_151,19.935256004333496,21.480770111083984,19.73684152242449,21.451999579535592,2002,Jervis Bay Marine Park,1
Prionurus microlepidotus,-35.1,150.7,2018,4,15,20,2,-35_151,19.935256004333496,21.480770111083984,19.73684152242449,21.451999579535592,2002,Jervis Bay Marine Park,1
Prionurus microlepidotus,-35.1,150.7,2018,4,15,25,2,-35_151,19.935256004333496,21.480770111083984,19.73684152242449,21.451999579535592,2002,Jervis Bay Marine Park,1
Prionurus microlepidotus,-35.1,150.7,2018,4,15,5,4,-35_151,19.935256004333496,21.480770111083984,19.73684152242449,21.451999579535592,2002,Jervis Bay Marine Park,1
Prionurus microlepidotus,-35.1,150.7,2018,4,15,7.5,3,-35_151,19.935256004333496,21.480770111083984,19.73684152242449,21.451999579535592,2002,Jervis Bay Marine Park,1
Prionurus microlepidotus,-35.1,150.7,2018,4,15,10,3,-35_151,19.935256004333496,21.480770111083984,19.73684152242449,21.451999579535592,2002,Jervis Bay Marine Park,1
Prionurus microlepidotus,-35.1,150.7,2018,4,15,12.5,2,-35_151,19.935256004333496,21.480770111083984,19.73684152242449,21.451999579535592,2002,Jervis Bay Marine Park,1
Prionurus microlepidotus,-35.1,150.7,2018,4,15,15,2,-35_151,19.935256004333496,21.480770111083984,19.73684152242449,21.451999579535592,2002,Jervis Bay Marine Park,1
Prionurus microlepidotus,-35.1,150.7,2018,4,15,20,3,-35_151,19.935256004333496,21.480770111083984,19.73684152242449,21.451999579535592,2002,Jervis Bay Marine Park,1
Prionurus microlepidotus,-35.1,150.7,2018,4,15,25,3,-35_151,19.935256004333496,21.480770111083984,19.73684152242449,21.451999579535592,2002,Jervis Bay Marine Park,1
Prionurus microlepidotus,-35.1,150.7,2018,4,15,30,3,-35_151,19.935256004333496,21.480770111083984,19.73684152242449,21.451999579535592,2002,Jervis Bay Marine Park,1
Prionurus microlepidotus,-35.09,150.69,2018,4,16,25,1,-35_151,19.935256004333496,21.480770111083984,19.73684152242449,21.451999579535592,2002,Jervis Bay Marine Park,1
Prionurus microlepidotus,-35.07,150.77,2018,4,13,25,1,-35_151,19.935256004333496,21.480770111083984,19.73684152242449,21.451999579535592,2002,Jervis Bay Marine Park,1
Prionurus microlepidotus,-32.71,152.15,2018,5,21,20,1,-33_152,21.402117252349854,21.891050338745117,20.990371204530405,21.487203751840894,1983,Fly Point-Halifax Park,1
Prionurus microlepidotus,-32.71,152.15,2018,5,21,12.5,4,-33_152,21.402117252349854,21.891050338745117,20.990371204530405,21.487203751840894,1983,Fly Point-Halifax Park,1
Prionurus microlepidotus,-32.71,152.15,2018,5,21,15,3,-33_152,21.402117252349854,21.891050338745117,20.990371204530405,21.487203751840894,1983,Fly Point-Halifax Park,1
Prionurus microlepidotus,-32.71,152.15,2018,5,21,20,9,-33_152,21.402117252349854,21.891050338745117,20.990371204530405,21.487203751840894,1983,Fly Point-Halifax Park,1
Prionurus microlepidotus,-32.71,152.15,2018,5,21,25,2,-33_152,21.402117252349854,21.891050338745117,20.990371204530405,21.487203751840894,1983,Fly Point-Halifax Park,1
Prionurus microlepidotus,-32.71,152.16,2018,5,19,12.5,1,-33_152,21.402117252349854,21.891050338745117,20.990371204530405,21.487203751840894,1983,Fly Point-Halifax Park,1
Prionurus microlepidotus,-35.08,150.79,2018,4,14,2.5,1,-35_151,19.935256004333496,21.480770111083984,19.73684152242449,21.451999579535592,2002,Jervis Bay Marine Park,1
Prionurus microlepidotus,-32.71,152.16,2018,5,19,7.5,1,-33_152,21.402117252349854,21.891050338745117,20.990371204530405,21.487203751840894,1983,Fly Point-Halifax Park,1
Prionurus microlepidotus,-32.71,152.16,2018,5,19,10,2,-33_152,21.402117252349854,21.891050338745117,20.990371204530405,21.487203751840894,1983,Fly Point-Halifax Park,1
Prionurus microlepidotus,-32.71,152.16,2018,5,19,12.5,1,-33_152,21.402117252349854,21.891050338745117,20.990371204530405,21.487203751840894,1983,Fly Point-Halifax Park,1
Prionurus microlepidotus,-32.71,152.16,2018,5,19,20,1,-33_152,21.402117252349854,21.891050338745117,20.990371204530405,21.487203751840894,1983,Fly Point-Halifax Park,1
Prionurus microlepidotus,-32.71,152.16,2018,5,19,25,2,-33_152,21.402117252349854,21.891050338745117,20.990371204530405,21.487203751840894,1983,Fly Point-Halifax Park,1
Prionurus microlepidotus,-32.71,152.16,2018,5,19,7.5,3,-33_152,21.402117252349854,21.891050338745117,20.990371204530405,21.487203751840894,1983,Fly Point-Halifax Park,1
Prionurus microlepidotus,-32.71,152.16,2018,5,19,15,1,-33_152,21.402117252349854,21.891050338745117,20.990371204530405,21.487203751840894,1983,Fly Point-Halifax Park,1
Prionurus microlepidotus,-32.71,152.16,2018,5,19,20,4,-33_152,21.402117252349854,21.891050338745117,20.990371204530405,21.487203751840894,1983,Fly Point-Halifax Park,1
Prionurus microlepidotus,-32.72,152.14,2018,4,29,5,1,-33_152,21.402117252349854,23.29830551147461,20.990371204530405,22.92547172440423,NA,NA,0
Prionurus microlepidotus,-35.06,150.77,2018,4,13,5,1,-35_151,19.935256004333496,21.480770111083984,19.73684152242449,21.451999579535592,2002,Jervis Bay Marine Park,1
Prionurus microlepidotus,-35.06,150.77,2018,4,13,30,1,-35_151,19.935256004333496,21.480770111083984,19.73684152242449,21.451999579535592,2002,Jervis Bay Marine Park,1
Prionurus microlepidotus,-32.62,152.33,2017,11,14,15,1,-33_152,21.88280153274536,22.1513671875,21.674367571668547,21.123832850986055,2007,Port Stephens Great Lake Marine Park,1
Prionurus microlepidotus,-32.71,152.23,2018,4,2,20,1,-33_152,21.402117252349854,23.29830551147461,20.990371204530405,22.92547172440423,NA,NA,0
Prionurus microlepidotus,-32.74,152.19,2018,4,7,10,1,-33_152,21.402117252349854,23.29830551147461,20.990371204530405,22.92547172440423,NA,NA,0
Prionurus microlepidotus,-32.71,152.16,2018,4,8,5,2,-33_152,21.402117252349854,23.29830551147461,20.990371204530405,22.92547172440423,1983,Fly Point-Halifax Park,1
Prionurus microlepidotus,-32.71,152.16,2018,4,8,7.5,1,-33_152,21.402117252349854,23.29830551147461,20.990371204530405,22.92547172440423,1983,Fly Point-Halifax Park,1
Prionurus microlepidotus,-32.71,152.16,2018,4,1,2.5,1,-33_152,21.402117252349854,23.29830551147461,20.990371204530405,22.92547172440423,1983,Fly Point-Halifax Park,1
Prionurus microlepidotus,-32.71,152.16,2018,2,4,5,2,-33_152,21.402117252349854,24.672088623046875,20.990371204530405,24.555356655802047,1983,Fly Point-Halifax Park,1
Prionurus microlepidotus,-32.69,152.22,2014,3,9,15,2,-33_152,21.514901796976726,24.46648597717285,21.135377792134832,23.85884355729626,NA,NA,0
Prionurus microlepidotus,-32.69,152.22,2014,3,9,30,1,-33_152,21.514901796976726,24.46648597717285,21.135377792134832,23.85884355729626,NA,NA,0
Prionurus microlepidotus,-32.69,152.22,2014,3,9,20,2,-33_152,21.514901796976726,24.46648597717285,21.135377792134832,23.85884355729626,NA,NA,0
Prionurus microlepidotus,-32.69,152.22,2014,3,9,25,1,-33_152,21.514901796976726,24.46648597717285,21.135377792134832,23.85884355729626,NA,NA,0
Prionurus microlepidotus,-32.71,152.23,2014,3,12,30,35,-33_152,21.514901796976726,24.46648597717285,21.135377792134832,23.85884355729626,NA,NA,0
Prionurus microlepidotus,-32.71,152.23,2014,3,12,20,30,-33_152,21.514901796976726,24.46648597717285,21.135377792134832,23.85884355729626,NA,NA,0
Prionurus microlepidotus,-32.71,152.23,2014,3,12,25,3,-33_152,21.514901796976726,24.46648597717285,21.135377792134832,23.85884355729626,NA,NA,0
Prionurus microlepidotus,-32.69,152.22,2018,3,30,20,1,-33_152,21.402117252349854,24.19745826721191,20.990371204530405,24.072123081453384,NA,NA,0
Prionurus microlepidotus,-32.69,152.22,2018,3,30,25,1,-33_152,21.402117252349854,24.19745826721191,20.990371204530405,24.072123081453384,NA,NA,0
Prionurus microlepidotus,-32.71,152.16,2018,4,1,5,2,-33_152,21.402117252349854,23.29830551147461,20.990371204530405,22.92547172440423,1983,Fly Point-Halifax Park,1
Prionurus microlepidotus,-32.71,152.16,2018,4,1,7.5,1,-33_152,21.402117252349854,23.29830551147461,20.990371204530405,22.92547172440423,1983,Fly Point-Halifax Park,1
Prionurus microlepidotus,-32.71,152.16,2018,4,1,5,3,-33_152,21.402117252349854,23.29830551147461,20.990371204530405,22.92547172440423,1983,Fly Point-Halifax Park,1
Prionurus microlepidotus,-32.69,152.22,2014,10,6,15,1,-33_152,21.514901796976726,20.33753204345703,21.135377792134832,19.89911247068836,NA,NA,0
Prionurus microlepidotus,-32.69,152.22,2014,10,6,20,2,-33_152,21.514901796976726,20.33753204345703,21.135377792134832,19.89911247068836,NA,NA,0
Prionurus microlepidotus,-32.69,152.22,2014,10,6,12.5,1,-33_152,21.514901796976726,20.33753204345703,21.135377792134832,19.89911247068836,NA,NA,0
Prionurus microlepidotus,-32.72,152.14,2014,4,6,2.5,1,-33_152,21.514901796976726,23.93252182006836,21.135377792134832,24.030138370725844,NA,NA,0
Prionurus microlepidotus,-32.74,152.19,2014,4,23,5,5,-33_152,21.514901796976726,23.93252182006836,21.135377792134832,24.030138370725844,NA,NA,0
Prionurus microlepidotus,-32.74,152.19,2014,4,23,25,1,-33_152,21.514901796976726,23.93252182006836,21.135377792134832,24.030138370725844,NA,NA,0
Prionurus microlepidotus,-32.71,152.15,2014,5,30,7.5,1,-33_152,21.514901796976726,21.904754638671875,21.135377792134832,22.6488166880864,1983,Fly Point-Halifax Park,1
Prionurus microlepidotus,-32.71,152.15,2014,5,30,25,2,-33_152,21.514901796976726,21.904754638671875,21.135377792134832,22.6488166880864,1983,Fly Point-Halifax Park,1
Prionurus microlepidotus,-32.71,152.18,2014,6,3,5,1,-33_152,21.514901796976726,20.260608673095703,21.135377792134832,20.043082910113863,NA,NA,0
Prionurus microlepidotus,-32.71,152.18,2014,6,3,20,1,-33_152,21.514901796976726,20.260608673095703,21.135377792134832,20.043082910113863,NA,NA,0
Prionurus microlepidotus,-32.71,152.18,2014,6,3,25,1,-33_152,21.514901796976726,20.260608673095703,21.135377792134832,20.043082910113863,NA,NA,0
Prionurus microlepidotus,-32.74,152.19,2014,6,22,20,1,-33_152,21.514901796976726,20.260608673095703,21.135377792134832,20.043082910113863,NA,NA,0
Prionurus microlepidotus,-32.69,152.22,2016,6,18,25,2,-33_152,21.81423552831014,21.07072639465332,21.811778390656066,21.400971788830223,NA,NA,0
Prionurus microlepidotus,-34.6,150.9,2018,5,2,5,1,-35_151,19.935256004333496,20.347043991088867,19.73684152242449,19.236558729602443,2002,Bushrangers Bay Aquatic Reserve,1
Prionurus microlepidotus,-30.02,153.27,2018,5,8,35,9,-30_153,23.22174056371053,23.39381217956543,22.980507677637853,23.49219298824187,2002,Solitary Islands Marine Park,1
Prionurus microlepidotus,-30.02,153.27,2018,5,8,35,50,-30_153,23.22174056371053,23.39381217956543,22.980507677637853,23.49219298824187,2002,Solitary Islands Marine Park,1
Prionurus microlepidotus,-30.02,153.27,2018,5,8,35,1,-30_153,23.22174056371053,23.39381217956543,22.980507677637853,23.49219298824187,2002,Solitary Islands Marine Park,1
Prionurus microlepidotus,-30.24,153.18,2019,7,29,12.5,2,-30_153,23.22229766845703,21.277053833007813,22.8868296359175,21.37999951762538,2002,Solitary Islands Marine Park,1
Prionurus microlepidotus,-30.24,153.18,2019,7,29,15,5,-30_153,23.22229766845703,21.277053833007813,22.8868296359175,21.37999951762538,2002,Solitary Islands Marine Park,1
Prionurus microlepidotus,-30.24,153.18,2019,7,29,20,150,-30_153,23.22229766845703,21.277053833007813,22.8868296359175,21.37999951762538,NA,NA,0
Prionurus microlepidotus,-30.24,153.18,2019,7,29,25,75,-30_153,23.22229766845703,21.277053833007813,22.8868296359175,21.37999951762538,NA,NA,0
Prionurus microlepidotus,-30.24,153.18,2019,7,29,20,25,-30_153,23.22229766845703,21.277053833007813,22.8868296359175,21.37999951762538,NA,NA,0
Prionurus microlepidotus,-30.24,153.18,2019,7,29,25,100,-30_153,23.22229766845703,21.277053833007813,22.8868296359175,21.37999951762538,NA,NA,0
Prionurus microlepidotus,-30.16,153.23,2019,7,20,25,20,-30_153,23.22229766845703,21.277053833007813,22.8868296359175,21.37999951762538,2002,Solitary Islands Marine Park,1
Prionurus microlepidotus,-30.16,153.23,2019,7,20,30,15,-30_153,23.22229766845703,21.277053833007813,22.8868296359175,21.37999951762538,2002,Solitary Islands Marine Park,1
Prionurus microlepidotus,-30.16,153.23,2019,7,20,20,20,-30_153,23.22229766845703,21.277053833007813,22.8868296359175,21.37999951762538,2002,Solitary Islands Marine Park,1
Prionurus microlepidotus,-30.16,153.23,2019,7,20,25,30,-30_153,23.22229766845703,21.277053833007813,22.8868296359175,21.37999951762538,2002,Solitary Islands Marine Park,1
Prionurus microlepidotus,-30.16,153.23,2019,7,20,30,30,-30_153,23.22229766845703,21.277053833007813,22.8868296359175,21.37999951762538,2002,Solitary Islands Marine Park,1
Prionurus microlepidotus,-30.16,153.23,2019,7,20,35,5,-30_153,23.22229766845703,21.277053833007813,22.8868296359175,21.37999951762538,2002,Solitary Islands Marine Park,1
Prionurus microlepidotus,-30.15,153.23,2019,7,20,30,20,-30_153,23.22229766845703,21.277053833007813,22.8868296359175,21.37999951762538,NA,NA,0
Prionurus microlepidotus,-30.15,153.23,2019,7,20,10,1,-30_153,23.22229766845703,21.277053833007813,22.8868296359175,21.37999951762538,NA,NA,0
Prionurus microlepidotus,-30.15,153.23,2019,7,20,20,10,-30_153,23.22229766845703,21.277053833007813,22.8868296359175,21.37999951762538,NA,NA,0
Prionurus microlepidotus,-30.15,153.23,2019,7,20,25,30,-30_153,23.22229766845703,21.277053833007813,22.8868296359175,21.37999951762538,NA,NA,0
Prionurus microlepidotus,-30.15,153.23,2019,7,20,35,10,-30_153,23.22229766845703,21.277053833007813,22.8868296359175,21.37999951762538,NA,NA,0
Prionurus microlepidotus,-30.24,153.18,2019,7,29,40,5,-30_153,23.22229766845703,21.277053833007813,22.8868296359175,21.37999951762538,NA,NA,0
Prionurus microlepidotus,-30.24,153.18,2019,7,29,12.5,5,-30_153,23.22229766845703,21.277053833007813,22.8868296359175,21.37999951762538,NA,NA,0
Prionurus microlepidotus,-30.24,153.18,2019,7,29,15,5,-30_153,23.22229766845703,21.277053833007813,22.8868296359175,21.37999951762538,NA,NA,0
Prionurus microlepidotus,-30.24,153.18,2019,7,29,20,8,-30_153,23.22229766845703,21.277053833007813,22.8868296359175,21.37999951762538,NA,NA,0
Prionurus microlepidotus,-30.2,153.27,2019,5,17,25,10,-30_153,23.22229766845703,23.360538482666016,22.8868296359175,23.510967205416772,2002,Solitary Islands Marine Park,1
Prionurus microlepidotus,-30.2,153.27,2019,5,17,25,8,-30_153,23.22229766845703,23.360538482666016,22.8868296359175,23.510967205416772,2002,Solitary Islands Marine Park,1
Prionurus microlepidotus,-30.2,153.26,2019,5,17,20,3,-30_153,23.22229766845703,23.360538482666016,22.8868296359175,23.510967205416772,2002,Solitary Islands Marine Park,1
Prionurus microlepidotus,-29.93,153.39,2019,5,18,10,1,-30_153,23.22229766845703,23.360538482666016,22.8868296359175,23.510967205416772,2002,Solitary Islands Marine Park,1
Prionurus microlepidotus,-29.93,153.39,2019,5,18,15,2,-30_153,23.22229766845703,23.360538482666016,22.8868296359175,23.510967205416772,2002,Solitary Islands Marine Park,1
Prionurus microlepidotus,-29.93,153.39,2019,5,18,20,2,-30_153,23.22229766845703,23.360538482666016,22.8868296359175,23.510967205416772,2002,Solitary Islands Marine Park,1
Prionurus microlepidotus,-29.93,153.39,2019,5,18,12.5,5,-30_153,23.22229766845703,23.360538482666016,22.8868296359175,23.510967205416772,2002,Solitary Islands Marine Park,1
Prionurus microlepidotus,-29.93,153.39,2019,5,18,30,25,-30_153,23.22229766845703,23.360538482666016,22.8868296359175,23.510967205416772,2002,Solitary Islands Marine Park,1
Prionurus microlepidotus,-29.92,153.39,2019,5,18,35,4,-30_153,23.22229766845703,23.360538482666016,22.8868296359175,23.510967205416772,2002,Solitary Islands Marine Park,1
Prionurus microlepidotus,-30.02,153.27,2019,5,14,10,9,-30_153,23.22229766845703,23.360538482666016,22.8868296359175,23.510967205416772,2002,Solitary Islands Marine Park,1
Prionurus microlepidotus,-30.02,153.27,2019,5,14,15,4,-30_153,23.22229766845703,23.360538482666016,22.8868296359175,23.510967205416772,2002,Solitary Islands Marine Park,1
Prionurus microlepidotus,-30.02,153.27,2019,5,14,20,75,-30_153,23.22229766845703,23.360538482666016,22.8868296359175,23.510967205416772,2002,Solitary Islands Marine Park,1
Prionurus microlepidotus,-30.02,153.27,2019,5,14,25,15,-30_153,23.22229766845703,23.360538482666016,22.8868296359175,23.510967205416772,2002,Solitary Islands Marine Park,1
Prionurus microlepidotus,-30.2,153.27,2019,5,17,15,1,-30_153,23.22229766845703,23.360538482666016,22.8868296359175,23.510967205416772,2002,Solitary Islands Marine Park,1
Prionurus microlepidotus,-30.2,153.27,2019,5,17,20,5,-30_153,23.22229766845703,23.360538482666016,22.8868296359175,23.510967205416772,2002,Solitary Islands Marine Park,1
Prionurus microlepidotus,-30.2,153.27,2019,5,17,25,3,-30_153,23.22229766845703,23.360538482666016,22.8868296359175,23.510967205416772,2002,Solitary Islands Marine Park,1
Prionurus microlepidotus,-30.2,153.27,2019,5,17,30,3,-30_153,23.22229766845703,23.360538482666016,22.8868296359175,23.510967205416772,2002,Solitary Islands Marine Park,1
Prionurus microlepidotus,-29.93,153.39,2019,5,18,25,2,-30_153,23.22229766845703,23.360538482666016,22.8868296359175,23.510967205416772,2002,Solitary Islands Marine Park,1
Prionurus microlepidotus,-29.93,153.39,2019,5,18,30,42,-30_153,23.22229766845703,23.360538482666016,22.8868296359175,23.510967205416772,2002,Solitary Islands Marine Park,1
Prionurus microlepidotus,-29.93,153.39,2019,5,18,35,3,-30_153,23.22229766845703,23.360538482666016,22.8868296359175,23.510967205416772,2002,Solitary Islands Marine Park,1
Prionurus microlepidotus,-29.93,153.39,2019,5,18,12.5,10,-30_153,23.22229766845703,23.360538482666016,22.8868296359175,23.510967205416772,2002,Solitary Islands Marine Park,1
Prionurus microlepidotus,-29.93,153.39,2019,5,18,15,10,-30_153,23.22229766845703,23.360538482666016,22.8868296359175,23.510967205416772,2002,Solitary Islands Marine Park,1
Prionurus microlepidotus,-29.93,153.39,2019,5,18,20,12,-30_153,23.22229766845703,23.360538482666016,22.8868296359175,23.510967205416772,2002,Solitary Islands Marine Park,1
Prionurus microlepidotus,-29.93,153.39,2019,5,18,25,12,-30_153,23.22229766845703,23.360538482666016,22.8868296359175,23.510967205416772,2002,Solitary Islands Marine Park,1
Prionurus microlepidotus,-29.93,153.39,2019,5,18,30,12,-30_153,23.22229766845703,23.360538482666016,22.8868296359175,23.510967205416772,2002,Solitary Islands Marine Park,1
Prionurus microlepidotus,-29.92,153.39,2019,5,18,30,33,-30_153,23.22229766845703,23.360538482666016,22.8868296359175,23.510967205416772,2002,Solitary Islands Marine Park,1
Prionurus microlepidotus,-29.92,153.39,2019,5,18,15,10,-30_153,23.22229766845703,23.360538482666016,22.8868296359175,23.510967205416772,2002,Solitary Islands Marine Park,1
Prionurus microlepidotus,-29.92,153.39,2019,5,18,20,30,-30_153,23.22229766845703,23.360538482666016,22.8868296359175,23.510967205416772,2002,Solitary Islands Marine Park,1
Prionurus microlepidotus,-29.92,153.39,2019,5,18,25,55,-30_153,23.22229766845703,23.360538482666016,22.8868296359175,23.510967205416772,2002,Solitary Islands Marine Park,1
Prionurus microlepidotus,-29.92,153.39,2019,5,18,30,22,-30_153,23.22229766845703,23.360538482666016,22.8868296359175,23.510967205416772,2002,Solitary Islands Marine Park,1
Prionurus microlepidotus,-29.92,153.39,2019,5,18,35,2,-30_153,23.22229766845703,23.360538482666016,22.8868296359175,23.510967205416772,2002,Solitary Islands Marine Park,1
Prionurus microlepidotus,-30.02,153.27,2019,5,14,35,5,-30_153,23.22229766845703,23.360538482666016,22.8868296359175,23.510967205416772,2002,Solitary Islands Marine Park,1
Prionurus microlepidotus,-30.02,153.27,2019,5,14,35,3,-30_153,23.22229766845703,23.360538482666016,22.8868296359175,23.510967205416772,2002,Solitary Islands Marine Park,1
Prionurus microlepidotus,-30.2,153.27,2019,5,17,25,1,-30_153,23.22229766845703,23.360538482666016,22.8868296359175,23.510967205416772,2002,Solitary Islands Marine Park,1
Prionurus microlepidotus,-30.2,153.27,2019,5,17,30,2,-30_153,23.22229766845703,23.360538482666016,22.8868296359175,23.510967205416772,2002,Solitary Islands Marine Park,1
Prionurus microlepidotus,-30.2,153.27,2019,5,17,35,9,-30_153,23.22229766845703,23.360538482666016,22.8868296359175,23.510967205416772,2002,Solitary Islands Marine Park,1
Prionurus microlepidotus,-30.2,153.27,2019,5,17,50,2,-30_153,23.22229766845703,23.360538482666016,22.8868296359175,23.510967205416772,2002,Solitary Islands Marine Park,1
Prionurus microlepidotus,-30.2,153.27,2019,5,17,35,15,-30_153,23.22229766845703,23.360538482666016,22.8868296359175,23.510967205416772,2002,Solitary Islands Marine Park,1
Prionurus microlepidotus,-30.2,153.27,2019,5,17,50,5,-30_153,23.22229766845703,23.360538482666016,22.8868296359175,23.510967205416772,2002,Solitary Islands Marine Park,1
Prionurus microlepidotus,-29.93,153.39,2019,5,18,40,11,-30_153,23.22229766845703,23.360538482666016,22.8868296359175,23.510967205416772,2002,Solitary Islands Marine Park,1
Prionurus microlepidotus,-29.93,153.39,2019,5,18,50,5,-30_153,23.22229766845703,23.360538482666016,22.8868296359175,23.510967205416772,2002,Solitary Islands Marine Park,1
Prionurus microlepidotus,-29.93,153.39,2019,5,18,35,5,-30_153,23.22229766845703,23.360538482666016,22.8868296359175,23.510967205416772,2002,Solitary Islands Marine Park,1
Prionurus microlepidotus,-29.93,153.39,2019,5,18,40,15,-30_153,23.22229766845703,23.360538482666016,22.8868296359175,23.510967205416772,2002,Solitary Islands Marine Park,1
Prionurus microlepidotus,-29.93,153.39,2019,5,18,50,9,-30_153,23.22229766845703,23.360538482666016,22.8868296359175,23.510967205416772,2002,Solitary Islands Marine Park,1
Prionurus microlepidotus,-29.93,153.39,2019,5,18,30,30,-30_153,23.22229766845703,23.360538482666016,22.8868296359175,23.510967205416772,2002,Solitary Islands Marine Park,1
Prionurus microlepidotus,-29.93,153.39,2019,5,18,35,50,-30_153,23.22229766845703,23.360538482666016,22.8868296359175,23.510967205416772,2002,Solitary Islands Marine Park,1
Prionurus microlepidotus,-29.93,153.39,2019,5,18,40,15,-30_153,23.22229766845703,23.360538482666016,22.8868296359175,23.510967205416772,2002,Solitary Islands Marine Park,1
Prionurus microlepidotus,-29.93,153.39,2019,5,18,50,20,-30_153,23.22229766845703,23.360538482666016,22.8868296359175,23.510967205416772,2002,Solitary Islands Marine Park,1
Prionurus microlepidotus,-29.93,153.39,2019,5,18,30,50,-30_153,23.22229766845703,23.360538482666016,22.8868296359175,23.510967205416772,2002,Solitary Islands Marine Park,1
Prionurus microlepidotus,-29.93,153.39,2019,5,18,35,60,-30_153,23.22229766845703,23.360538482666016,22.8868296359175,23.510967205416772,2002,Solitary Islands Marine Park,1
Prionurus microlepidotus,-29.93,153.39,2019,5,18,40,20,-30_153,23.22229766845703,23.360538482666016,22.8868296359175,23.510967205416772,2002,Solitary Islands Marine Park,1
Prionurus microlepidotus,-30.2,153.27,2019,5,17,12.5,3,-30_153,23.22229766845703,23.360538482666016,22.8868296359175,23.510967205416772,2002,Solitary Islands Marine Park,1
Prionurus microlepidotus,-30.2,153.27,2019,5,17,15,2,-30_153,23.22229766845703,23.360538482666016,22.8868296359175,23.510967205416772,2002,Solitary Islands Marine Park,1
Prionurus microlepidotus,-30.2,153.27,2019,5,17,20,1,-30_153,23.22229766845703,23.360538482666016,22.8868296359175,23.510967205416772,2002,Solitary Islands Marine Park,1
Prionurus microlepidotus,-30.2,153.27,2019,5,17,25,2,-30_153,23.22229766845703,23.360538482666016,22.8868296359175,23.510967205416772,2002,Solitary Islands Marine Park,1
Prionurus microlepidotus,-30.2,153.27,2019,5,17,30,5,-30_153,23.22229766845703,23.360538482666016,22.8868296359175,23.510967205416772,2002,Solitary Islands Marine Park,1
Prionurus microlepidotus,-30.2,153.27,2019,5,17,35,1,-30_153,23.22229766845703,23.360538482666016,22.8868296359175,23.510967205416772,2002,Solitary Islands Marine Park,1
Prionurus microlepidotus,-29.98,153.23,2019,5,19,10,2,-30_153,23.22229766845703,23.360538482666016,22.8868296359175,23.510967205416772,NA,NA,0
Prionurus microlepidotus,-29.98,153.23,2019,5,19,12.5,1,-30_153,23.22229766845703,23.360538482666016,22.8868296359175,23.510967205416772,NA,NA,0
Prionurus microlepidotus,-30.3,153.15,2019,5,23,5,5,-30_153,23.22229766845703,23.360538482666016,22.8868296359175,23.510967205416772,NA,NA,0
Prionurus microlepidotus,-30.15,153.23,2019,7,20,20,2,-30_153,23.22229766845703,21.277053833007813,22.8868296359175,21.37999951762538,NA,NA,0
Prionurus microlepidotus,-30.15,153.23,2019,7,20,25,50,-30_153,23.22229766845703,21.277053833007813,22.8868296359175,21.37999951762538,NA,NA,0
Prionurus microlepidotus,-30.15,153.23,2019,7,20,30,30,-30_153,23.22229766845703,21.277053833007813,22.8868296359175,21.37999951762538,NA,NA,0
Prionurus microlepidotus,-30.16,153.23,2019,7,20,12.5,10,-30_153,23.22229766845703,21.277053833007813,22.8868296359175,21.37999951762538,2002,Solitary Islands Marine Park,1
Prionurus microlepidotus,-30.16,153.23,2019,7,20,15,10,-30_153,23.22229766845703,21.277053833007813,22.8868296359175,21.37999951762538,2002,Solitary Islands Marine Park,1
Prionurus microlepidotus,-32.71,152.16,2021,5,13,20,2,-33_152,21.3498477935791,21.43103790283203,21.406593004298873,21.3688705044408,1983,Fly Point-Halifax Park,1
Prionurus microlepidotus,-32.71,152.16,2021,5,13,25,1,-33_152,21.3498477935791,21.43103790283203,21.406593004298873,21.3688705044408,1983,Fly Point-Halifax Park,1
Prionurus microlepidotus,-32.71,152.16,2021,5,13,30,1,-33_152,21.3498477935791,21.43103790283203,21.406593004298873,21.3688705044408,1983,Fly Point-Halifax Park,1
Prionurus microlepidotus,-32.71,152.16,2021,5,13,10,2,-33_152,21.3498477935791,21.43103790283203,21.406593004298873,21.3688705044408,1983,Fly Point-Halifax Park,1
Prionurus microlepidotus,-32.71,152.16,2021,5,13,12.5,3,-33_152,21.3498477935791,21.43103790283203,21.406593004298873,21.3688705044408,1983,Fly Point-Halifax Park,1
Prionurus microlepidotus,-32.71,152.16,2021,5,13,15,2,-33_152,21.3498477935791,21.43103790283203,21.406593004298873,21.3688705044408,1983,Fly Point-Halifax Park,1
Prionurus microlepidotus,-32.71,152.15,2021,5,15,5,1,-33_152,21.3498477935791,21.43103790283203,21.406593004298873,21.3688705044408,1983,Fly Point-Halifax Park,1
Prionurus microlepidotus,-32.71,152.16,2021,5,15,7.5,4,-33_152,21.3498477935791,21.43103790283203,21.406593004298873,21.3688705044408,1983,Fly Point-Halifax Park,1
Prionurus microlepidotus,-32.71,152.16,2021,5,15,10,3,-33_152,21.3498477935791,21.43103790283203,21.406593004298873,21.3688705044408,1983,Fly Point-Halifax Park,1
Prionurus microlepidotus,-32.71,152.16,2021,5,15,12.5,3,-33_152,21.3498477935791,21.43103790283203,21.406593004298873,21.3688705044408,1983,Fly Point-Halifax Park,1
Prionurus microlepidotus,-32.71,152.16,2021,5,15,5,5,-33_152,21.3498477935791,21.43103790283203,21.406593004298873,21.3688705044408,1983,Fly Point-Halifax Park,1
Prionurus microlepidotus,-32.72,152.15,2021,5,14,5,1,-33_152,21.3498477935791,21.43103790283203,21.406593004298873,21.3688705044408,NA,NA,0
Prionurus microlepidotus,-32.71,152.15,2021,5,15,10,1,-33_152,21.3498477935791,21.43103790283203,21.406593004298873,21.3688705044408,1983,Fly Point-Halifax Park,1
Prionurus microlepidotus,-32.79,152.11,2021,5,14,5,1,-33_152,21.3498477935791,21.43103790283203,21.406593004298873,21.3688705044408,NA,NA,0
Prionurus microlepidotus,-32.71,152.16,2021,5,16,5,2,-33_152,21.3498477935791,21.43103790283203,21.406593004298873,21.3688705044408,1983,Fly Point-Halifax Park,1
Prionurus microlepidotus,-32.72,152.15,2021,5,14,5,1,-33_152,21.3498477935791,21.43103790283203,21.406593004298873,21.3688705044408,NA,NA,0
Prionurus microlepidotus,-32.71,152.15,2021,5,15,5,1,-33_152,21.3498477935791,21.43103790283203,21.406593004298873,21.3688705044408,1983,Fly Point-Halifax Park,1
Prionurus microlepidotus,-32.71,152.15,2021,5,15,7.5,1,-33_152,21.3498477935791,21.43103790283203,21.406593004298873,21.3688705044408,1983,Fly Point-Halifax Park,1
Prionurus microlepidotus,-32.71,152.15,2021,5,15,10,1,-33_152,21.3498477935791,21.43103790283203,21.406593004298873,21.3688705044408,1983,Fly Point-Halifax Park,1
Prionurus microlepidotus,-32.71,152.15,2021,2,13,5,1,-33_152,21.3498477935791,24.277095794677734,21.406593004298873,23.52330304327465,1983,Fly Point-Halifax Park,1
Prionurus microlepidotus,-32.71,152.15,2021,2,13,7.5,1,-33_152,21.3498477935791,24.277095794677734,21.406593004298873,23.52330304327465,1983,Fly Point-Halifax Park,1
Prionurus microlepidotus,-32.71,152.15,2021,2,13,5,2,-33_152,21.3498477935791,24.277095794677734,21.406593004298873,23.52330304327465,1983,Fly Point-Halifax Park,1
Prionurus microlepidotus,-30.3,153.15,2020,4,22,5,5,-30_153,23.264252185821533,24.585580825805664,23.165099894899974,24.51933280944824,NA,NA,0
Prionurus microlepidotus,-30.3,153.15,2020,4,22,7.5,6,-30_153,23.264252185821533,24.585580825805664,23.165099894899974,24.51933280944824,NA,NA,0
Prionurus microlepidotus,-30.02,153.27,2020,8,14,20,50,-30_153,23.264252185821533,20.701251983642575,23.165099894899974,20.338386671004756,2002,Solitary Islands Marine Park,1
Prionurus microlepidotus,-30.02,153.27,2020,8,14,25,20,-30_153,23.264252185821533,20.701251983642575,23.165099894899974,20.338386671004756,2002,Solitary Islands Marine Park,1
Prionurus microlepidotus,-30.02,153.27,2020,8,14,30,20,-30_153,23.264252185821533,20.701251983642575,23.165099894899974,20.338386671004756,2002,Solitary Islands Marine Park,1
Prionurus microlepidotus,-30.02,153.27,2020,8,14,20,4,-30_153,23.264252185821533,20.701251983642575,23.165099894899974,20.338386671004756,2002,Solitary Islands Marine Park,1
Prionurus microlepidotus,-30.02,153.27,2020,8,14,30,1,-30_153,23.264252185821533,20.701251983642575,23.165099894899974,20.338386671004756,2002,Solitary Islands Marine Park,1
Prionurus microlepidotus,-30.15,153.23,2020,10,3,35,1,-30_153,23.264252185821533,22.66061782836914,23.165099894899974,22.28251565502536,NA,NA,0
Prionurus microlepidotus,-30.24,153.18,2020,10,11,35,20,-30_153,23.264252185821533,22.66061782836914,23.165099894899974,22.28251565502536,NA,NA,0
Prionurus microlepidotus,-30.24,153.18,2020,10,11,35,50,-30_153,23.264252185821533,22.66061782836914,23.165099894899974,22.28251565502536,NA,NA,0
Prionurus microlepidotus,-30.24,153.18,2020,10,11,30,150,-30_153,23.264252185821533,22.66061782836914,23.165099894899974,22.28251565502536,2002,Solitary Islands Marine Park,1
Prionurus microlepidotus,-30.2,153.27,2020,10,29,20,1,-30_153,23.264252185821533,22.66061782836914,23.165099894899974,22.28251565502536,2002,Solitary Islands Marine Park,1
Prionurus microlepidotus,-30.2,153.26,2020,10,29,30,1,-30_153,23.264252185821533,22.66061782836914,23.165099894899974,22.28251565502536,2002,Solitary Islands Marine Park,1
Prionurus microlepidotus,-30.2,153.26,2020,10,29,35,2,-30_153,23.264252185821533,22.66061782836914,23.165099894899974,22.28251565502536,2002,Solitary Islands Marine Park,1
Prionurus microlepidotus,-30.2,153.27,2020,10,29,15,2,-30_153,23.264252185821533,22.66061782836914,23.165099894899974,22.28251565502536,2002,Solitary Islands Marine Park,1
Prionurus microlepidotus,-30.2,153.27,2020,10,29,20,4,-30_153,23.264252185821533,22.66061782836914,23.165099894899974,22.28251565502536,2002,Solitary Islands Marine Park,1
Prionurus microlepidotus,-30.2,153.27,2020,10,29,25,2,-30_153,23.264252185821533,22.66061782836914,23.165099894899974,22.28251565502536,2002,Solitary Islands Marine Park,1
Prionurus microlepidotus,-30.2,153.27,2020,10,29,25,10,-30_153,23.264252185821533,22.66061782836914,23.165099894899974,22.28251565502536,2002,Solitary Islands Marine Park,1
Prionurus microlepidotus,-30.2,153.27,2020,10,29,35,11,-30_153,23.264252185821533,22.66061782836914,23.165099894899974,22.28251565502536,2002,Solitary Islands Marine Park,1
Prionurus microlepidotus,-30.2,153.27,2020,10,29,40,15,-30_153,23.264252185821533,22.66061782836914,23.165099894899974,22.28251565502536,2002,Solitary Islands Marine Park,1
Prionurus microlepidotus,-30.15,153.23,2020,10,3,25,20,-30_153,23.264252185821533,22.66061782836914,23.165099894899974,22.28251565502536,NA,NA,0
Prionurus microlepidotus,-30.21,153.27,2020,10,29,30,2,-30_153,23.264252185821533,22.66061782836914,23.165099894899974,22.28251565502536,2002,Solitary Islands Marine Park,1
Prionurus microlepidotus,-30.21,153.27,2020,10,29,35,1,-30_153,23.264252185821533,22.66061782836914,23.165099894899974,22.28251565502536,2002,Solitary Islands Marine Park,1
Prionurus microlepidotus,-30.2,153.27,2020,10,29,30,2,-30_153,23.264252185821533,22.66061782836914,23.165099894899974,22.28251565502536,2002,Solitary Islands Marine Park,1
Prionurus microlepidotus,-30.24,153.18,2020,10,11,25,20,-30_153,23.264252185821533,22.66061782836914,23.165099894899974,22.28251565502536,NA,NA,0
Prionurus microlepidotus,-30.24,153.18,2020,10,11,30,20,-30_153,23.264252185821533,22.66061782836914,23.165099894899974,22.28251565502536,NA,NA,0
Prionurus microlepidotus,-32.72,152.15,2021,7,10,7.5,2,-33_152,21.3498477935791,19.080385208129883,21.406593004298873,19.294730755590624,NA,NA,0
Prionurus microlepidotus,-32.71,152.15,2021,7,9,5,1,-33_152,21.3498477935791,19.080385208129883,21.406593004298873,19.294730755590624,1983,Fly Point-Halifax Park,1
Prionurus microlepidotus,-32.71,152.15,2021,7,9,7.5,2,-33_152,21.3498477935791,19.080385208129883,21.406593004298873,19.294730755590624,1983,Fly Point-Halifax Park,1
Prionurus microlepidotus,-30.15,153.23,2021,6,12,20,2,-30_153,23.144508202870686,21.373558044433594,22.95066338804033,21.280932896931965,NA,NA,0
Prionurus microlepidotus,-32.71,152.15,2021,7,24,5,4,-33_152,21.3498477935791,19.080385208129883,21.406593004298873,19.294730755590624,1983,Fly Point-Halifax Park,1
Prionurus microlepidotus,-32.71,152.15,2021,7,24,7.5,1,-33_152,21.3498477935791,19.080385208129883,21.406593004298873,19.294730755590624,1983,Fly Point-Halifax Park,1
Prionurus microlepidotus,-30.02,153.27,2021,6,7,25,4,-30_153,23.144508202870686,21.373558044433594,22.95066338804033,21.280932896931965,2002,Solitary Islands Marine Park,1
Prionurus microlepidotus,-30.02,153.27,2021,6,7,30,15,-30_153,23.144508202870686,21.373558044433594,22.95066338804033,21.280932896931965,2002,Solitary Islands Marine Park,1
Prionurus microlepidotus,-30.16,153.23,2021,6,12,30,4,-30_153,23.144508202870686,21.373558044433594,22.95066338804033,21.280932896931965,2002,Solitary Islands Marine Park,1
Prionurus microlepidotus,-30.16,153.23,2021,6,12,35,8,-30_153,23.144508202870686,21.373558044433594,22.95066338804033,21.280932896931965,2002,Solitary Islands Marine Park,1
Prionurus microlepidotus,-30.16,153.23,2021,6,12,35,25,-30_153,23.144508202870686,21.373558044433594,22.95066338804033,21.280932896931965,2002,Solitary Islands Marine Park,1
Prionurus microlepidotus,-30.02,153.27,2021,6,7,30,3,-30_153,23.144508202870686,21.373558044433594,22.95066338804033,21.280932896931965,2002,Solitary Islands Marine Park,1
Prionurus microlepidotus,-30.02,153.27,2021,6,7,35,2,-30_153,23.144508202870686,21.373558044433594,22.95066338804033,21.280932896931965,2002,Solitary Islands Marine Park,1
Prionurus microlepidotus,-30.02,153.27,2021,6,7,40,1,-30_153,23.144508202870686,21.373558044433594,22.95066338804033,21.280932896931965,2002,Solitary Islands Marine Park,1
Prionurus microlepidotus,-30.02,153.27,2021,6,7,25,2,-30_153,23.144508202870686,21.373558044433594,22.95066338804033,21.280932896931965,2002,Solitary Islands Marine Park,1
Prionurus microlepidotus,-30.02,153.27,2021,6,7,35,3,-30_153,23.144508202870686,21.373558044433594,22.95066338804033,21.280932896931965,2002,Solitary Islands Marine Park,1
Prionurus microlepidotus,-30.02,153.27,2021,6,7,40,2,-30_153,23.144508202870686,21.373558044433594,22.95066338804033,21.280932896931965,2002,Solitary Islands Marine Park,1
Prionurus microlepidotus,-30.02,153.27,2021,6,7,35,1,-30_153,23.144508202870686,21.373558044433594,22.95066338804033,21.280932896931965,2002,Solitary Islands Marine Park,1
Prionurus microlepidotus,-30.02,153.27,2021,6,7,40,1,-30_153,23.144508202870686,21.373558044433594,22.95066338804033,21.280932896931965,2002,Solitary Islands Marine Park,1
Prionurus microlepidotus,-30.02,153.27,2021,6,7,35,10,-30_153,23.144508202870686,21.373558044433594,22.95066338804033,21.280932896931965,2002,Solitary Islands Marine Park,1
Prionurus microlepidotus,-30.02,153.27,2021,6,7,40,10,-30_153,23.144508202870686,21.373558044433594,22.95066338804033,21.280932896931965,2002,Solitary Islands Marine Park,1
Prionurus microlepidotus,-30.06,153.2,2021,9,1,7.5,1,-30_153,23.144508202870686,21.271814346313477,22.95066338804033,20.41826623280843,NA,NA,0
Prionurus microlepidotus,-30.06,153.2,2021,9,1,10,2,-30_153,23.144508202870686,21.271814346313477,22.95066338804033,20.41826623280843,NA,NA,0
Prionurus microlepidotus,-30.06,153.2,2021,9,1,12.5,1,-30_153,23.144508202870686,21.271814346313477,22.95066338804033,20.41826623280843,NA,NA,0
Prionurus microlepidotus,-30.06,153.2,2021,9,1,5,10,-30_153,23.144508202870686,21.271814346313477,22.95066338804033,20.41826623280843,NA,NA,0
Prionurus microlepidotus,-30.11,153.2,2021,8,13,5,10,-30_153,23.144508202870686,20.553932189941406,22.95066338804033,19.93354796132734,NA,NA,0
Prionurus microlepidotus,-30.11,153.2,2021,8,13,7.5,15,-30_153,23.144508202870686,20.553932189941406,22.95066338804033,19.93354796132734,NA,NA,0
Prionurus microlepidotus,-30.11,153.2,2021,8,13,10,5,-30_153,23.144508202870686,20.553932189941406,22.95066338804033,19.93354796132734,NA,NA,0
Prionurus microlepidotus,-30.11,153.2,2021,8,13,5,15,-30_153,23.144508202870686,20.553932189941406,22.95066338804033,19.93354796132734,NA,NA,0
Prionurus microlepidotus,-35.11,150.77,2023,5,23,12.5,1,-35_151,20.63033644358317,20.25985336303711,21.00919716368765,20.776451295421968,2002,Booderee National Park,1
Prionurus microlepidotus,-35.13,150.73,2023,5,22,10,1,-35_151,20.63033644358317,20.25985336303711,21.00919716368765,20.776451295421968,NA,NA,0
Prionurus microlepidotus,-35.12,150.76,2023,5,24,7.5,1,-35_151,20.63033644358317,20.25985336303711,21.00919716368765,20.776451295421968,2002,Booderee National Park,1
Prionurus microlepidotus,-35.12,150.76,2023,5,24,10,3,-35_151,20.63033644358317,20.25985336303711,21.00919716368765,20.776451295421968,2002,Booderee National Park,1
Prionurus microlepidotus,-35.13,150.75,2023,5,23,7.5,2,-35_151,20.63033644358317,20.25985336303711,21.00919716368765,20.776451295421968,NA,NA,0
Prionurus microlepidotus,-35.13,150.75,2023,5,23,5,1,-35_151,20.63033644358317,20.25985336303711,21.00919716368765,20.776451295421968,NA,NA,0
Prionurus microlepidotus,-35.12,150.71,2023,5,22,10,1,-35_151,20.63033644358317,20.25985336303711,21.00919716368765,20.776451295421968,NA,NA,0
Prionurus microlepidotus,-35.12,150.71,2023,5,22,5,1,-35_151,20.63033644358317,20.25985336303711,21.00919716368765,20.776451295421968,NA,NA,0
Prionurus microlepidotus,-35.12,150.71,2023,5,22,7.5,1,-35_151,20.63033644358317,20.25985336303711,21.00919716368765,20.776451295421968,NA,NA,0
Prionurus microlepidotus,-35.12,150.71,2023,5,22,30,2,-35_151,20.63033644358317,20.25985336303711,21.00919716368765,20.776451295421968,NA,NA,0
Prionurus microlepidotus,-35.12,150.71,2023,5,22,25,1,-35_151,20.63033644358317,20.25985336303711,21.00919716368765,20.776451295421968,NA,NA,0
Prionurus microlepidotus,-35.11,150.77,2023,5,23,10,2,-35_151,20.63033644358317,20.25985336303711,21.00919716368765,20.776451295421968,2002,Booderee National Park,1
Prionurus microlepidotus,-35.11,150.77,2023,5,23,7.5,1,-35_151,20.63033644358317,20.25985336303711,21.00919716368765,20.776451295421968,2002,Booderee National Park,1
Prionurus microlepidotus,-35.11,150.77,2023,5,23,10,1,-35_151,20.63033644358317,20.25985336303711,21.00919716368765,20.776451295421968,2002,Booderee National Park,1
Prionurus microlepidotus,-35.13,150.74,2023,5,22,20,2,-35_151,20.63033644358317,20.25985336303711,21.00919716368765,20.776451295421968,NA,NA,0
Prionurus microlepidotus,-35.13,150.75,2023,5,23,5,2,-35_151,20.63033644358317,20.25985336303711,21.00919716368765,20.776451295421968,NA,NA,0
Prionurus microlepidotus,-35.13,150.75,2023,5,23,7.5,1,-35_151,20.63033644358317,20.25985336303711,21.00919716368765,20.776451295421968,NA,NA,0
Prionurus microlepidotus,-35.12,150.76,2023,5,24,5,1,-35_151,20.63033644358317,20.25985336303711,21.00919716368765,20.776451295421968,2002,Booderee National Park,1
Prionurus microlepidotus,-35.12,150.76,2023,5,24,5,2,-35_151,20.63033644358317,20.25985336303711,21.00919716368765,20.776451295421968,2002,Booderee National Park,1
Prionurus microlepidotus,-35.12,150.76,2023,5,24,7.5,1,-35_151,20.63033644358317,20.25985336303711,21.00919716368765,20.776451295421968,2002,Booderee National Park,1
Prionurus microlepidotus,-30.2,153.27,2021,9,11,40,1,-30_153,23.144508202870686,21.271814346313477,22.95066338804033,20.41826623280843,2002,Solitary Islands Marine Park,1
Prionurus microlepidotus,-35.07,150.7,2016,4,4,7.5,1,-35_151,20.669610341389973,22.880043029785156,21.274100916582,22.28422171274821,NA,NA,0
Prionurus microlepidotus,-35.07,150.7,2016,4,4,10,3,-35_151,20.669610341389973,22.880043029785156,21.274100916582,22.28422171274821,NA,NA,0
Prionurus microlepidotus,-35.07,150.7,2016,4,4,12.5,1,-35_151,20.669610341389973,22.880043029785156,21.274100916582,22.28422171274821,NA,NA,0
Prionurus microlepidotus,-35.07,150.7,2016,4,4,10,4,-35_151,20.669610341389973,22.880043029785156,21.274100916582,22.28422171274821,NA,NA,0
Prionurus microlepidotus,-35.07,150.7,2016,4,4,12.5,2,-35_151,20.669610341389973,22.880043029785156,21.274100916582,22.28422171274821,NA,NA,0
Prionurus microlepidotus,-35.07,150.69,2016,4,3,12.5,3,-35_151,20.669610341389973,22.880043029785156,21.274100916582,22.28422171274821,NA,NA,0
Prionurus microlepidotus,-35.07,150.69,2016,4,3,30,1,-35_151,20.669610341389973,22.880043029785156,21.274100916582,22.28422171274821,NA,NA,0
Prionurus microlepidotus,-35.07,150.69,2016,4,3,35,1,-35_151,20.669610341389973,22.880043029785156,21.274100916582,22.28422171274821,NA,NA,0
Prionurus microlepidotus,-35.07,150.69,2016,4,3,12.5,1,-35_151,20.669610341389973,22.880043029785156,21.274100916582,22.28422171274821,NA,NA,0
Prionurus microlepidotus,-35.07,150.69,2016,4,3,15,10,-35_151,20.669610341389973,22.880043029785156,21.274100916582,22.28422171274821,NA,NA,0
Prionurus microlepidotus,-35.07,150.69,2016,4,3,30,2,-35_151,20.669610341389973,22.880043029785156,21.274100916582,22.28422171274821,NA,NA,0
Prionurus microlepidotus,-32.71,152.16,2021,8,1,7.5,2,-33_152,21.3498477935791,18.92409896850586,21.406593004298873,18.754757645309613,1983,Fly Point-Halifax Park,1
Prionurus microlepidotus,-32.71,152.16,2021,8,1,10,4,-33_152,21.3498477935791,18.92409896850586,21.406593004298873,18.754757645309613,1983,Fly Point-Halifax Park,1
Prionurus microlepidotus,-32.71,152.16,2021,8,1,12.5,4,-33_152,21.3498477935791,18.92409896850586,21.406593004298873,18.754757645309613,1983,Fly Point-Halifax Park,1
Prionurus microlepidotus,-32.71,152.16,2021,8,1,15,3,-33_152,21.3498477935791,18.92409896850586,21.406593004298873,18.754757645309613,1983,Fly Point-Halifax Park,1
Prionurus microlepidotus,-32.71,152.16,2021,8,1,20,2,-33_152,21.3498477935791,18.92409896850586,21.406593004298873,18.754757645309613,1983,Fly Point-Halifax Park,1
Prionurus microlepidotus,-32.71,152.16,2021,8,1,25,1,-33_152,21.3498477935791,18.92409896850586,21.406593004298873,18.754757645309613,1983,Fly Point-Halifax Park,1
Prionurus microlepidotus,-32.71,152.16,2021,8,1,30,1,-33_152,21.3498477935791,18.92409896850586,21.406593004298873,18.754757645309613,1983,Fly Point-Halifax Park,1
Prionurus microlepidotus,-35.09,150.69,2016,4,3,30,1,-35_151,20.669610341389973,22.880043029785156,21.274100916582,22.28422171274821,2002,Jervis Bay Marine Park,1
Prionurus microlepidotus,-35.09,150.69,2016,4,3,25,1,-35_151,20.669610341389973,22.880043029785156,21.274100916582,22.28422171274821,2002,Jervis Bay Marine Park,1
Prionurus microlepidotus,-35.09,150.69,2016,4,3,7.5,1,-35_151,20.669610341389973,22.880043029785156,21.274100916582,22.28422171274821,2002,Jervis Bay Marine Park,1
Prionurus microlepidotus,-35.11,150.77,2023,3,31,12.5,1,-35_151,20.63033644358317,23.542360305786133,21.00919716368765,24.165483351676695,2002,Booderee National Park,1
Prionurus microlepidotus,-35.02,150.76,2023,4,1,20,2,-35_151,20.63033644358317,21.939029693603516,21.00919716368765,22.74777734544542,2002,Jervis Bay Marine Park,1
Prionurus microlepidotus,-35.02,150.76,2023,4,1,30,1,-35_151,20.63033644358317,21.939029693603516,21.00919716368765,22.74777734544542,2002,Jervis Bay Marine Park,1
Prionurus microlepidotus,-35.13,150.73,2023,4,1,5,1,-35_151,20.63033644358317,21.939029693603516,21.00919716368765,22.74777734544542,NA,NA,0
Prionurus microlepidotus,-35.13,150.73,2023,4,1,2.5,1,-35_151,20.63033644358317,21.939029693603516,21.00919716368765,22.74777734544542,NA,NA,0
Prionurus microlepidotus,-35.13,150.73,2023,4,1,7.5,1,-35_151,20.63033644358317,21.939029693603516,21.00919716368765,22.74777734544542,NA,NA,0
Prionurus microlepidotus,-35.11,150.77,2023,3,31,30,2,-35_151,20.63033644358317,23.542360305786133,21.00919716368765,24.165483351676695,2002,Booderee National Park,1
Prionurus microlepidotus,-35.11,150.77,2023,3,31,25,10,-35_151,20.63033644358317,23.542360305786133,21.00919716368765,24.165483351676695,2002,Booderee National Park,1
Prionurus microlepidotus,-35.11,150.77,2023,3,31,35,1,-35_151,20.63033644358317,23.542360305786133,21.00919716368765,24.165483351676695,2002,Booderee National Park,1
Prionurus microlepidotus,-35.12,150.71,2023,4,1,30,2,-35_151,20.63033644358317,21.939029693603516,21.00919716368765,22.74777734544542,NA,NA,0
Prionurus microlepidotus,-35.12,150.71,2023,4,1,35,1,-35_151,20.63033644358317,21.939029693603516,21.00919716368765,22.74777734544542,NA,NA,0
Prionurus microlepidotus,-35.11,150.77,2023,3,31,30,4,-35_151,20.63033644358317,23.542360305786133,21.00919716368765,24.165483351676695,2002,Booderee National Park,1
Prionurus microlepidotus,-35.02,150.76,2023,4,1,40,6,-35_151,20.63033644358317,21.939029693603516,21.00919716368765,22.74777734544542,2002,Jervis Bay Marine Park,1
Prionurus microlepidotus,-32.72,152.15,2025,1,3,5,5,-33_152,21.96507183710734,24.189916610717773,21.869863116580444,23.711128439954532,NA,NA,0
Prionurus microlepidotus,-32.72,152.15,2025,1,3,5,1,-33_152,21.96507183710734,24.189916610717773,21.869863116580444,23.711128439954532,NA,NA,0
Prionurus microlepidotus,-32.71,152.16,2025,1,12,20,3,-33_152,21.96507183710734,24.189916610717773,21.869863116580444,23.711128439954532,1983,Fly Point-Halifax Park,1
Prionurus microlepidotus,-32.71,152.16,2025,1,12,5,2,-33_152,21.96507183710734,24.189916610717773,21.869863116580444,23.711128439954532,1983,Fly Point-Halifax Park,1
Prionurus microlepidotus,-32.71,152.16,2025,1,12,12.5,1,-33_152,21.96507183710734,24.189916610717773,21.869863116580444,23.711128439954532,1983,Fly Point-Halifax Park,1
Prionurus microlepidotus,-32.69,152.22,2025,3,23,7.5,2,-33_152,21.96507183710734,24.03554916381836,21.869863116580444,24.37680054736394,NA,NA,0
Prionurus microlepidotus,-32.71,152.16,2025,3,15,7.5,5,-33_152,21.96507183710734,24.03554916381836,21.869863116580444,24.37680054736394,1983,Fly Point-Halifax Park,1
Prionurus microlepidotus,-32.71,152.16,2025,3,15,10,8,-33_152,21.96507183710734,24.03554916381836,21.869863116580444,24.37680054736394,1983,Fly Point-Halifax Park,1
Prionurus microlepidotus,-32.71,152.16,2025,3,15,12.5,3,-33_152,21.96507183710734,24.03554916381836,21.869863116580444,24.37680054736394,1983,Fly Point-Halifax Park,1
Prionurus microlepidotus,-32.71,152.16,2025,3,15,5,2,-33_152,21.96507183710734,24.03554916381836,21.869863116580444,24.37680054736394,1983,Fly Point-Halifax Park,1
Prionurus microlepidotus,-32.71,152.16,2025,3,15,7.5,10,-33_152,21.96507183710734,24.03554916381836,21.869863116580444,24.37680054736394,1983,Fly Point-Halifax Park,1
Prionurus microlepidotus,-32.75,152.17,2025,3,20,5,1,-33_152,21.96507183710734,24.03554916381836,21.869863116580444,24.37680054736394,NA,NA,0
Prionurus microlepidotus,-32.79,152.11,2025,2,23,5,1,-33_152,21.96507183710734,25.67369079589844,21.869863116580444,24.3529756523314,NA,NA,0
Prionurus microlepidotus,-32.71,152.16,2025,3,15,15,1,-33_152,21.96507183710734,24.03554916381836,21.869863116580444,24.37680054736394,1983,Fly Point-Halifax Park,1
Prionurus microlepidotus,-32.71,152.16,2025,3,15,20,2,-33_152,21.96507183710734,24.03554916381836,21.869863116580444,24.37680054736394,1983,Fly Point-Halifax Park,1
Prionurus microlepidotus,-32.71,152.16,2025,3,15,25,1,-33_152,21.96507183710734,24.03554916381836,21.869863116580444,24.37680054736394,1983,Fly Point-Halifax Park,1
Prionurus microlepidotus,-32.71,152.16,2025,3,15,12.5,2,-33_152,21.96507183710734,24.03554916381836,21.869863116580444,24.37680054736394,1983,Fly Point-Halifax Park,1
Prionurus microlepidotus,-32.71,152.16,2025,3,15,15,1,-33_152,21.96507183710734,24.03554916381836,21.869863116580444,24.37680054736394,1983,Fly Point-Halifax Park,1
Prionurus microlepidotus,-32.75,152.17,2025,3,20,7.5,2,-33_152,21.96507183710734,24.03554916381836,21.869863116580444,24.37680054736394,NA,NA,0
Prionurus microlepidotus,-32.71,152.16,2025,3,15,7.5,10,-33_152,21.96507183710734,24.03554916381836,21.869863116580444,24.37680054736394,1983,Fly Point-Halifax Park,1
Prionurus microlepidotus,-32.71,152.16,2025,3,15,10,2,-33_152,21.96507183710734,24.03554916381836,21.869863116580444,24.37680054736394,1983,Fly Point-Halifax Park,1
Prionurus microlepidotus,-32.71,152.15,2025,3,21,7.5,2,-33_152,21.96507183710734,24.03554916381836,21.869863116580444,24.37680054736394,1983,Fly Point-Halifax Park,1
Prionurus microlepidotus,-32.72,152.15,2025,3,1,7.5,1,-33_152,21.96507183710734,24.03554916381836,21.869863116580444,24.37680054736394,NA,NA,0
Prionurus microlepidotus,-32.72,152.15,2025,3,1,5,2,-33_152,21.96507183710734,24.03554916381836,21.869863116580444,24.37680054736394,NA,NA,0
Prionurus microlepidotus,-32.71,152.15,2025,6,19,7.5,1,-33_152,21.96507183710734,20.434694290161133,21.869863116580444,20.581832864549423,1983,Fly Point-Halifax Park,1
Prionurus microlepidotus,-32.71,152.15,2025,6,19,5,1,-33_152,21.96507183710734,20.434694290161133,21.869863116580444,20.581832864549423,1983,Fly Point-Halifax Park,1
