population,date,year,month,sst_mean
-43_146,1992-01-16,1992,1,14.277862548828125
-43_146,1992-02-15,1992,2,14.312305450439453
-43_146,1992-03-16,1992,3,14.87911605834961
-43_146,1992-04-16,1992,4,13.588268280029297
-43_146,1992-05-16,1992,5,12.942322731018066
-43_146,1992-06-16,1992,6,12.329099655151367
-43_146,1992-07-16,1992,7,11.52506160736084
-43_146,1992-08-16,1992,8,11.616853713989258
-43_146,1992-09-16,1992,9,10.909626007080078
-43_146,1992-10-16,1992,10,11.578073501586914
-43_146,1992-11-16,1992,11,12.407899856567383
-43_146,1992-12-16,1992,12,13.706811904907227
-43_146,1993-01-16,1993,1,14.655845642089844
-43_146,1993-02-15,1993,2,15.016864776611328
-43_146,1993-03-16,1993,3,15.09465503692627
-43_146,1993-04-16,1993,4,13.971893310546875
-43_146,1993-05-16,1993,5,12.965572357177734
-43_146,1993-06-16,1993,6,12.273099899291992
-43_146,1993-07-16,1993,7,11.550936698913574
-43_146,1993-08-16,1993,8,11.606979370117188
-43_146,1993-09-16,1993,9,11.039751052856445
-43_146,1993-10-16,1993,10,11.65157413482666
-43_146,1993-11-16,1993,11,12.028552055358887
-43_146,1993-12-16,1993,12,13.367766380310059
-43_146,1994-01-16,1994,1,13.614187240600586
-43_146,1994-02-15,1994,2,15.356115341186523
-43_146,1994-03-16,1994,3,14.679511070251465
-43_146,1994-04-16,1994,4,13.918268203735352
-43_146,1994-05-16,1994,5,12.925573348999023
-43_146,1994-06-16,1994,6,12.191474914550781
-43_146,1994-07-16,1994,7,11.456311225891113
-43_146,1994-08-16,1994,8,11.370353698730469
-43_146,1994-09-16,1994,9,10.689376831054688
-43_146,1994-10-16,1994,10,11.315948486328125
-43_146,1994-11-16,1994,11,11.825302124023438
-43_146,1994-12-16,1994,12,13.492094039916992
-43_146,1995-01-16,1995,1,14.589899063110352
-43_146,1995-02-15,1995,2,15.194059371948242
-43_146,1995-03-16,1995,3,14.751197814941406
-43_146,1995-04-16,1995,4,13.119016647338867
-43_146,1995-05-16,1995,5,12.233823776245117
-43_146,1995-06-16,1995,6,11.910599708557129
-43_146,1995-07-16,1995,7,11.395561218261719
-43_146,1995-08-16,1995,8,11.019853591918945
-43_146,1995-09-16,1995,9,10.462251663208008
-43_146,1995-10-16,1995,10,11.115448951721191
-43_146,1995-11-16,1995,11,11.936552047729492
-43_146,1995-12-16,1995,12,12.5180082321167
-43_146,1996-01-16,1996,1,14.140697479248047
-43_146,1996-02-15,1996,2,14.604364395141602
-43_146,1996-03-16,1996,3,14.402436256408691
-43_146,1996-04-16,1996,4,13.3871431350708
-43_146,1996-05-16,1996,5,12.589948654174805
-43_146,1996-06-16,1996,6,12.068849563598633
-43_146,1996-07-16,1996,7,11.706936836242676
-43_146,1996-08-16,1996,8,11.594728469848633
-43_146,1996-09-16,1996,9,10.782001495361328
-43_146,1996-10-16,1996,10,11.013949394226074
-43_146,1996-11-16,1996,11,11.424676895141602
-43_146,1996-12-16,1996,12,12.24500846862793
-43_146,1997-01-16,1997,1,13.802995681762695
-43_146,1997-02-15,1997,2,15.022232055664063
-43_146,1997-03-16,1997,3,14.935744285583496
-43_146,1997-04-16,1997,4,13.668624877929688
-43_146,1997-05-16,1997,5,13.113490104675293
-43_146,1997-06-16,1997,6,12.484600067138672
-43_146,1997-07-16,1997,7,11.852436065673828
-43_146,1997-08-16,1997,8,11.649229049682617
-43_146,1997-09-16,1997,9,11.234626770019531
-43_146,1997-10-16,1997,10,12.196949005126953
-43_146,1997-11-16,1997,11,12.574176788330078
-43_146,1997-12-16,1997,12,13.713882446289063
-43_146,1998-01-16,1998,1,14.813384056091309
-43_146,1998-02-15,1998,2,15.215615272521973
-43_146,1998-03-16,1998,3,14.765116691589355
-43_146,1998-04-16,1998,4,13.79876708984375
-43_146,1998-05-16,1998,5,13.257823944091797
-43_146,1998-06-16,1998,6,12.812475204467773
-43_146,1998-07-16,1998,7,12.15356159210205
-43_146,1998-08-16,1998,8,12.075979232788086
-43_146,1998-09-16,1998,9,11.341001510620117
-43_146,1998-10-16,1998,10,11.96307373046875
-43_146,1998-11-16,1998,11,12.290302276611328
-43_146,1998-12-16,1998,12,13.85588264465332
-43_146,1999-01-16,1999,1,14.940494537353516
-43_146,1999-02-15,1999,2,15.610740661621094
-43_146,1999-03-16,1999,3,15.653491020202637
-43_146,1999-04-16,1999,4,14.20251750946045
-43_146,1999-05-16,1999,5,13.505447387695313
-43_146,1999-06-16,1999,6,12.990850448608398
-43_146,1999-07-16,1999,7,12.233061790466309
-43_146,1999-08-16,1999,8,11.86385440826416
-43_146,1999-09-16,1999,9,11.387500762939453
-43_146,1999-10-16,1999,10,12.115324020385742
-43_146,1999-11-16,1999,11,12.519678115844727
-43_146,1999-12-16,1999,12,13.548507690429688
-43_146,2000-01-16,2000,1,14.558740615844727
-43_146,2000-02-15,2000,2,15.639776229858398
-43_146,2000-03-16,2000,3,15.193268775939941
-43_146,2000-04-16,2000,4,14.399330139160156
-43_146,2000-05-16,2000,5,13.532757759094238
-43_146,2000-06-16,2000,6,12.817655563354492
-43_146,2000-07-16,2000,7,12.05535888671875
-43_146,2000-08-16,2000,8,12.013011932373047
-43_146,2000-09-16,2000,9,11.439477920532227
-43_146,2000-10-16,2000,10,12.021044731140137
-43_146,2000-11-16,2000,11,13.169493675231934
-43_146,2000-12-16,2000,12,14.165231704711914
-43_146,2001-01-16,2001,1,14.950700759887695
-43_146,2001-02-15,2001,2,16.112918853759766
-43_146,2001-03-16,2001,3,15.996537208557129
-43_146,2001-04-16,2001,4,14.975492477416992
-43_146,2001-05-16,2001,5,14.074655532836914
-43_146,2001-06-16,2001,6,13.271707534790039
-43_146,2001-07-16,2001,7,12.17888069152832
-43_146,2001-08-16,2001,8,11.996854782104492
-43_146,2001-09-16,2001,9,11.900918006896973
-43_146,2001-10-16,2001,10,12.155416488647461
-43_146,2001-11-16,2001,11,12.316055297851563
-43_146,2001-12-16,2001,12,13.264726638793945
-43_146,2002-01-16,2002,1,13.887710571289063
-43_146,2002-02-15,2002,2,14.649580001831055
-43_146,2002-03-16,2002,3,14.892266273498535
-43_146,2002-04-16,2002,4,14.069234848022461
-43_146,2002-05-16,2002,5,13.617399215698242
-43_146,2002-06-16,2002,6,12.774092674255371
-43_146,2002-07-16,2002,7,12.157305717468262
-43_146,2002-08-16,2002,8,11.925320625305176
-43_146,2002-09-16,2002,9,11.47906494140625
-43_146,2002-10-16,2002,10,12.210638999938965
-43_146,2002-11-16,2002,11,12.218992233276367
-43_146,2002-12-16,2002,12,13.092514038085938
-43_146,2003-01-16,2003,1,13.990007400512695
-43_146,2003-02-15,2003,2,15.272279739379883
-43_146,2003-03-16,2003,3,14.87894058227539
-43_146,2003-04-16,2003,4,13.999518394470215
-43_146,2003-05-16,2003,5,13.151580810546875
-43_146,2003-06-16,2003,6,12.66263198852539
-43_146,2003-07-16,2003,7,11.69678783416748
-43_146,2003-08-16,2003,8,11.67167854309082
-43_146,2003-09-16,2003,9,11.133304595947266
-43_146,2003-10-16,2003,10,11.414495468139648
-43_146,2003-11-16,2003,11,12.056049346923828
-43_146,2003-12-16,2003,12,13.406744956970215
-43_146,2004-01-16,2004,1,14.162078857421875
-43_146,2004-02-15,2004,2,14.734733581542969
-43_146,2004-03-16,2004,3,14.880875587463379
-43_146,2004-04-16,2004,4,14.152032852172852
-43_146,2004-05-16,2004,5,12.843536376953125
-43_146,2004-06-16,2004,6,12.252527236938477
-43_146,2004-07-16,2004,7,11.636686325073242
-43_146,2004-08-16,2004,8,11.486398696899414
-43_146,2004-09-16,2004,9,11.149150848388672
-43_146,2004-10-16,2004,10,11.306772232055664
-43_146,2004-11-16,2004,11,12.316949844360352
-43_146,2004-12-16,2004,12,13.403448104858398
-43_146,2005-01-16,2005,1,14.373424530029297
-43_146,2005-02-15,2005,2,14.831390380859375
-43_146,2005-03-16,2005,3,14.538275718688965
-43_146,2005-04-16,2005,4,13.903331756591797
-43_146,2005-05-16,2005,5,12.921634674072266
-43_146,2005-06-16,2005,6,12.612777709960938
-43_146,2005-07-16,2005,7,12.031445503234863
-43_146,2005-08-16,2005,8,11.714554786682129
-43_146,2005-09-16,2005,9,11.275701522827148
-43_146,2005-10-16,2005,10,12.051800727844238
-43_146,2005-11-16,2005,11,12.61567497253418
-43_146,2005-12-16,2005,12,13.683608055114746
-43_146,2006-01-16,2006,1,14.45456600189209
-43_146,2006-02-15,2006,2,14.914318084716797
-43_146,2006-03-16,2006,3,15.332589149475098
-43_146,2006-04-16,2006,4,14.264400482177734
-43_146,2006-05-16,2006,5,12.70736312866211
-43_146,2006-06-16,2006,6,12.327861785888672
-43_146,2006-07-16,2006,7,11.615750312805176
-43_146,2006-08-16,2006,8,11.535421371459961
-43_146,2006-09-16,2006,9,11.113250732421875
-43_146,2006-10-16,2006,10,11.746420860290527
-43_146,2006-11-16,2006,11,12.363872528076172
-43_146,2006-12-16,2006,12,13.40226936340332
-43_146,2007-01-16,2007,1,14.37914752960205
-43_146,2007-02-15,2007,2,15.395942687988281
-43_146,2007-03-16,2007,3,15.426446914672852
-43_146,2007-04-16,2007,4,14.090056419372559
-43_146,2007-05-16,2007,5,13.191621780395508
-43_146,2007-06-16,2007,6,12.636913299560547
-43_146,2007-07-16,2007,7,11.522286415100098
-43_146,2007-08-16,2007,8,11.614263534545898
-43_146,2007-09-16,2007,9,11.205162048339844
-43_146,2007-10-16,2007,10,11.731937408447266
-43_146,2007-11-16,2007,11,12.795183181762695
-43_146,2007-12-16,2007,12,13.805389404296875
-43_146,2008-01-16,2008,1,14.63994026184082
-43_146,2008-02-15,2008,2,15.171966552734375
-43_146,2008-03-16,2008,3,15.322546005249023
-43_146,2008-04-16,2008,4,14.352489471435547
-43_146,2008-05-16,2008,5,13.394512176513672
-43_146,2008-06-16,2008,6,12.884765625
-43_146,2008-07-16,2008,7,11.91175365447998
-43_146,2008-08-16,2008,8,11.564783096313477
-43_146,2008-09-16,2008,9,11.108148574829102
-43_146,2008-10-16,2008,10,11.860433578491211
-43_146,2008-11-16,2008,11,12.478780746459961
-43_146,2008-12-16,2008,12,13.419717788696289
-43_146,2009-01-16,2009,1,14.436800003051758
-43_146,2009-02-15,2009,2,15.266077041625977
-43_146,2009-03-16,2009,3,15.068028450012207
-43_146,2009-04-16,2009,4,14.370758056640625
-43_146,2009-05-16,2009,5,12.953868865966797
-43_146,2009-06-16,2009,6,12.851369857788086
-43_146,2009-07-16,2009,7,12.232295989990234
-43_146,2009-08-16,2009,8,11.87666130065918
-43_146,2009-09-16,2009,9,11.322206497192383
-43_146,2009-10-16,2009,10,11.634195327758789
-43_146,2009-11-16,2009,11,12.512855529785156
-43_146,2009-12-16,2009,12,13.671501159667969
-43_146,2010-01-16,2010,1,14.729337692260742
-43_146,2010-02-15,2010,2,16.120426177978516
-43_146,2010-03-16,2010,3,15.850666999816895
-43_146,2010-04-16,2010,4,14.53335189819336
-43_146,2010-05-16,2010,5,13.390640258789063
-43_146,2010-06-16,2010,6,12.941408157348633
-43_146,2010-07-16,2010,7,12.084806442260742
-43_146,2010-08-16,2010,8,11.849554061889648
-43_146,2010-09-16,2010,9,11.206013679504395
-43_146,2010-10-16,2010,10,11.490233421325684
-43_146,2010-11-16,2010,11,12.439035415649414
-43_146,2010-12-16,2010,12,13.612115859985352
-43_146,2011-01-16,2011,1,14.560050964355469
-43_146,2011-02-15,2011,2,15.03996467590332
-43_146,2011-03-16,2011,3,15.023571968078613
-43_146,2011-04-16,2011,4,14.462890625
-43_146,2011-05-16,2011,5,13.463183403015137
-43_146,2011-06-16,2011,6,12.886415481567383
-43_146,2011-07-16,2011,7,11.970824241638184
-43_146,2011-08-16,2011,8,11.948127746582031
-43_146,2011-09-16,2011,9,11.420448303222656
-43_146,2011-10-16,2011,10,12.054439544677734
-43_146,2011-11-16,2011,11,12.479537010192871
-43_146,2011-12-16,2011,12,14.08979606628418
-43_146,2012-01-16,2012,1,15.069685935974121
-43_146,2012-02-15,2012,2,15.581094741821289
-43_146,2012-03-16,2012,3,15.110634803771973
-43_146,2012-04-16,2012,4,14.394388198852539
-43_146,2012-05-16,2012,5,13.344035148620605
-43_146,2012-06-16,2012,6,12.551776885986328
-43_146,2012-07-16,2012,7,12.035918235778809
-43_146,2012-08-16,2012,8,11.592098236083984
-43_146,2012-09-16,2012,9,11.27493667602539
-43_146,2012-10-16,2012,10,11.857791900634766
-43_146,2012-11-16,2012,11,12.415950775146484
-43_146,2012-12-16,2012,12,13.652627944946289
-43_146,2013-01-16,2013,1,14.31622314453125
-43_146,2013-02-15,2013,2,15.75223159790039
-43_146,2013-03-16,2013,3,15.791425704956055
-43_146,2013-04-16,2013,4,14.82448959350586
-43_146,2013-05-16,2013,5,13.653302192687988
-43_146,2013-06-16,2013,6,13.222192764282227
-43_146,2013-07-16,2013,7,12.121049880981445
-43_146,2013-08-16,2013,8,11.70127010345459
-43_146,2013-09-16,2013,9,11.230350494384766
-43_146,2013-10-16,2013,10,11.623458862304688
-43_146,2013-11-16,2013,11,12.466878890991211
-43_146,2013-12-16,2013,12,13.363628387451172
-43_146,2014-01-16,2014,1,13.732361793518066
-43_146,2014-02-15,2014,2,15.21548843383789
-43_146,2014-03-16,2014,3,15.1668119430542
-43_146,2014-04-16,2014,4,14.452180862426758
-43_146,2014-05-16,2014,5,13.288127899169922
-43_146,2014-06-16,2014,6,13.03616714477539
-43_146,2014-07-16,2014,7,12.025046348571777
-43_146,2014-08-16,2014,8,11.857276916503906
-43_146,2014-09-16,2014,9,11.255949020385742
-43_146,2014-10-16,2014,10,12.07296371459961
-43_146,2014-11-16,2014,11,12.467562675476074
-43_146,2014-12-16,2014,12,13.738780975341797
-43_146,2015-01-16,2015,1,14.815423011779785
-43_146,2015-02-15,2015,2,15.794520378112793
-43_146,2015-03-16,2015,3,15.069680213928223
-43_146,2015-04-16,2015,4,14.437472343444824
-43_146,2015-05-16,2015,5,12.811601638793945
-43_146,2015-06-16,2015,6,12.498367309570313
-43_146,2015-07-16,2015,7,12.086277961730957
-43_146,2015-08-16,2015,8,11.57321548461914
-43_146,2015-09-16,2015,9,11.345705032348633
-43_146,2015-10-16,2015,10,12.323461532592773
-43_146,2015-11-16,2015,11,13.000761032104492
-43_146,2015-12-16,2015,12,14.110330581665039
-43_146,2016-01-16,2016,1,15.730222702026367
-43_146,2016-02-15,2016,2,16.128084182739258
-43_146,2016-03-16,2016,3,15.895329475402832
-43_146,2016-04-16,2016,4,14.829849243164063
-43_146,2016-05-16,2016,5,13.810504913330078
-43_146,2016-06-16,2016,6,12.846214294433594
-43_146,2016-07-16,2016,7,11.787436485290527
-43_146,2016-08-16,2016,8,11.560771942138672
-43_146,2016-09-16,2016,9,11.795059204101563
-43_146,2016-10-16,2016,10,12.057571411132813
-43_146,2016-11-16,2016,11,12.08958625793457
-43_146,2016-12-16,2016,12,13.39017105102539
-43_146,2017-01-16,2017,1,14.820436477661133
-43_146,2017-02-15,2017,2,15.149635314941406
-43_146,2017-03-16,2017,3,15.589964866638184
-43_146,2017-04-16,2017,4,14.704681396484375
-43_146,2017-05-16,2017,5,13.672977447509766
-43_146,2017-06-16,2017,6,13.002724647521973
-43_146,2017-07-16,2017,7,12.22909164428711
-43_146,2017-08-16,2017,8,12.04832649230957
-43_146,2017-09-16,2017,9,11.245794296264648
-43_146,2017-10-16,2017,10,12.105903625488281
-43_146,2017-11-16,2017,11,13.051239013671875
-43_146,2017-12-16,2017,12,14.305386543273926
-43_146,2018-01-16,2018,1,15.499351501464844
-43_146,2018-02-15,2018,2,16.03982925415039
-43_146,2018-03-16,2018,3,15.538469314575195
-43_146,2018-04-16,2018,4,14.418622016906738
-43_146,2018-05-16,2018,5,13.218320846557617
-43_146,2018-06-16,2018,6,12.539201736450195
-43_146,2018-07-16,2018,7,11.8832426071167
-43_146,2018-08-16,2018,8,12.02629280090332
-43_146,2018-09-16,2018,9,11.134380340576172
-43_146,2018-10-16,2018,10,12.019338607788086
-43_146,2018-11-16,2018,11,12.857804298400879
-43_146,2018-12-16,2018,12,14.229829788208008
-43_146,2019-01-16,2019,1,15.618894577026367
-43_146,2019-02-15,2019,2,15.924701690673828
-43_146,2019-03-16,2019,3,15.17408275604248
-43_146,2019-04-16,2019,4,14.439285278320313
-43_146,2019-05-16,2019,5,12.980145454406738
-43_146,2019-06-16,2019,6,12.514472007751465
-43_146,2019-07-16,2019,7,11.720670700073242
-43_146,2019-08-16,2019,8,11.519844055175781
-43_146,2019-09-16,2019,9,11.027612686157227
-43_146,2019-10-16,2019,10,11.941447257995605
-43_146,2019-11-16,2019,11,12.476346015930176
-43_146,2019-12-16,2019,12,13.22226619720459
-43_146,2020-01-16,2020,1,14.459892272949219
-43_146,2020-02-15,2020,2,14.756271362304688
-43_146,2020-03-16,2020,3,15.12592887878418
-43_146,2020-04-16,2020,4,13.917729377746582
-43_146,2020-05-16,2020,5,12.615257263183594
-43_146,2020-06-16,2020,6,12.560604095458984
-43_146,2020-07-16,2020,7,12.227349281311035
-43_146,2020-08-16,2020,8,11.81247329711914
-43_146,2020-09-16,2020,9,11.466741561889648
-43_146,2020-10-16,2020,10,12.014426231384277
-43_146,2020-11-16,2020,11,13.077378273010254
-43_146,2020-12-16,2020,12,13.770561218261719
-43_146,2021-01-16,2021,1,15.454495429992676
-43_146,2021-02-15,2021,2,15.274502754211426
-43_146,2021-03-16,2021,3,14.857912063598633
-43_146,2021-04-16,2021,4,14.386458396911621
-43_146,2021-05-16,2021,5,13.542608261108398
-43_146,2021-06-16,2021,6,12.928211212158203
-43_146,2021-07-16,2021,7,12.466341972351074
-43_146,2021-08-16,2021,8,12.073539733886719
-43_146,2021-09-16,2021,9,11.647964477539063
-43_146,2021-10-16,2021,10,12.025168418884277
-43_146,2021-11-16,2021,11,12.860905647277832
-43_146,2021-12-16,2021,12,13.884706497192383
-43_146,2022-01-16,2022,1,15.279799461364746
-43_146,2022-02-15,2022,2,16.041582107543945
-43_146,2022-03-16,2022,3,16.552715301513672
-43_146,2022-04-16,2022,4,14.740789413452148
-43_146,2022-05-16,2022,5,14.023337364196777
-43_146,2022-06-16,2022,6,13.281425476074219
-43_146,2022-07-16,2022,7,12.552008628845215
-43_146,2022-08-16,2022,8,12.310275077819824
-43_146,2022-09-16,2022,9,11.665802955627441
-43_146,2022-10-16,2022,10,12.278016090393066
-43_146,2022-11-16,2022,11,13.076587677001953
-43_146,2022-12-16,2022,12,14.046424865722656
-43_146,2023-01-16,2023,1,15.99174976348877
-43_146,2023-02-15,2023,2,16.296714782714844
-43_146,2023-03-16,2023,3,15.733054161071777
-43_146,2023-04-16,2023,4,14.826292991638184
-43_146,2023-05-16,2023,5,13.9066162109375
-43_146,2023-06-16,2023,6,13.135278701782227
-43_146,2023-07-16,2023,7,12.60464096069336
-43_146,2023-08-16,2023,8,12.37116813659668
-43_146,2023-09-16,2023,9,11.78174114227295
-43_146,2023-10-16,2023,10,12.413783073425293
-43_146,2023-11-16,2023,11,13.143765449523926
-43_146,2023-12-16,2023,12,14.58077621459961
-43_146,2024-01-16,2024,1,15.125032424926758
-43_146,2024-02-15,2024,2,15.833478927612305
-43_146,2024-03-16,2024,3,15.666625022888184
-43_146,2024-04-16,2024,4,14.707311630249023
-43_146,2024-05-16,2024,5,13.42405891418457
-43_146,2024-06-16,2024,6,13.007776260375977
-43_146,2024-07-16,2024,7,12.303277969360352
-43_146,2024-08-16,2024,8,12.107192993164063
-43_146,2024-09-16,2024,9,11.417991638183594
-43_146,2024-10-16,2024,10,12.056584358215332
-43_146,2024-11-16,2024,11,12.984535217285156
-43_146,2024-12-16,2024,12,14.348360061645508
-43_146,2025-01-16,2025,1,15.361236572265625
-43_146,2025-02-15,2025,2,16.507022857666016
-43_146,2025-03-16,2025,3,16.07137680053711
-43_146,2025-04-16,2025,4,15.122417449951172
-43_146,2025-05-16,2025,5,14.153675079345703
-43_146,2025-06-16,2025,6,13.378337860107422
-43_146,2025-07-16,2025,7,12.779400825500488
-43_146,2025-08-16,2025,8,12.112611770629883
-43_146,2025-09-16,2025,9,11.714431762695313
-43_146,2025-10-16,2025,10,12.043692588806152
-43_146,2025-11-16,2025,11,12.525045394897461
-43_146,2025-12-16,2025,12,13.463363647460938
-43_147,1992-01-16,1992,1,14.556750297546387
-43_147,1992-02-15,1992,2,14.601682662963867
-43_147,1992-03-16,1992,3,15.141693115234375
-43_147,1992-04-16,1992,4,13.86462116241455
-43_147,1992-05-16,1992,5,13.18106460571289
-43_147,1992-06-16,1992,6,12.495887756347656
-43_147,1992-07-16,1992,7,11.777923583984375
-43_147,1992-08-16,1992,8,11.814314842224121
-43_147,1992-09-16,1992,9,11.156137466430664
-43_147,1992-10-16,1992,10,11.81980037689209
-43_147,1992-11-16,1992,11,12.558060646057129
-43_147,1992-12-16,1992,12,13.87380599975586
-43_147,1993-01-16,1993,1,14.878058433532715
-43_147,1993-02-15,1993,2,15.194991111755371
-43_147,1993-03-16,1993,3,15.321231842041016
-43_147,1993-04-16,1993,4,14.30638313293457
-43_147,1993-05-16,1993,5,13.22945785522461
-43_147,1993-06-16,1993,6,12.437636375427246
-43_147,1993-07-16,1993,7,11.81304931640625
-43_147,1993-08-16,1993,8,11.840188980102539
-43_147,1993-09-16,1993,9,11.337761878967285
-43_147,1993-10-16,1993,10,12.019783973693848
-43_147,1993-11-16,1993,11,12.295061111450195
-43_147,1993-12-16,1993,12,13.628135681152344
-43_147,1994-01-16,1994,1,13.908574104309082
-43_147,1994-02-15,1994,2,15.667073249816895
-43_147,1994-03-16,1994,3,14.965734481811523
-43_147,1994-04-16,1994,4,14.154495239257813
-43_147,1994-05-16,1994,5,13.064189910888672
-43_147,1994-06-16,1994,6,12.265886306762695
-43_147,1994-07-16,1994,7,11.626548767089844
-43_147,1994-08-16,1994,8,11.502315521240234
-43_147,1994-09-16,1994,9,10.846512794494629
-43_147,1994-10-16,1994,10,11.478924751281738
-43_147,1994-11-16,1994,11,12.049935340881348
-43_147,1994-12-16,1994,12,13.733213424682617
-43_147,1995-01-16,1995,1,14.836039543151855
-43_147,1995-02-15,1995,2,15.35581111907959
-43_147,1995-03-16,1995,3,15.058935165405273
-43_147,1995-04-16,1995,4,13.394370079040527
-43_147,1995-05-16,1995,5,12.431564331054688
-43_147,1995-06-16,1995,6,12.098260879516602
-43_147,1995-07-16,1995,7,11.666923522949219
-43_147,1995-08-16,1995,8,11.242315292358398
-43_147,1995-09-16,1995,9,10.739136695861816
-43_147,1995-10-16,1995,10,11.4485502243042
-43_147,1995-11-16,1995,11,12.200685501098633
-43_147,1995-12-16,1995,12,12.682251930236816
-43_147,1996-01-16,1996,1,14.368861198425293
-43_147,1996-02-15,1996,2,14.82286548614502
-43_147,1996-03-16,1996,3,14.648340225219727
-43_147,1996-04-16,1996,4,13.626495361328125
-43_147,1996-05-16,1996,5,12.752313613891602
-43_147,1996-06-16,1996,6,12.223636627197266
-43_147,1996-07-16,1996,7,11.825298309326172
-43_147,1996-08-16,1996,8,11.625189781188965
-43_147,1996-09-16,1996,9,10.854137420654297
-43_147,1996-10-16,1996,10,11.188799858093262
-43_147,1996-11-16,1996,11,11.635810852050781
-43_147,1996-12-16,1996,12,12.489253044128418
-43_147,1997-01-16,1997,1,14.109695434570313
-43_147,1997-02-15,1997,2,15.210107803344727
-43_147,1997-03-16,1997,3,15.225696563720703
-43_147,1997-04-16,1997,4,14.05118179321289
-43_147,1997-05-16,1997,5,13.24510669708252
-43_147,1997-06-16,1997,6,12.570762634277344
-43_147,1997-07-16,1997,7,12.044923782348633
-43_147,1997-08-16,1997,8,11.79994010925293
-43_147,1997-09-16,1997,9,11.425512313842773
-43_147,1997-10-16,1997,10,12.445175170898438
-43_147,1997-11-16,1997,11,12.786561012268066
-43_147,1997-12-16,1997,12,13.913501739501953
-43_147,1998-01-16,1998,1,15.091928482055664
-43_147,1998-02-15,1998,2,15.540491104125977
-43_147,1998-03-16,1998,3,15.083192825317383
-43_147,1998-04-16,1998,4,14.103119850158691
-43_147,1998-05-16,1998,5,13.438190460205078
-43_147,1998-06-16,1998,6,12.878887176513672
-43_147,1998-07-16,1998,7,12.291173934936523
-43_147,1998-08-16,1998,8,12.156314849853516
-43_147,1998-09-16,1998,9,11.524137496948242
-43_147,1998-10-16,1998,10,12.077674865722656
-43_147,1998-11-16,1998,11,12.567686080932617
-43_147,1998-12-16,1998,12,14.218751907348633
-43_147,1999-01-16,1999,1,15.253506660461426
-43_147,1999-02-15,1999,2,15.818865776062012
-43_147,1999-03-16,1999,3,15.939067840576172
-43_147,1999-04-16,1999,4,14.508370399475098
-43_147,1999-05-16,1999,5,13.67556381225586
-43_147,1999-06-16,1999,6,13.147136688232422
-43_147,1999-07-16,1999,7,12.476673126220703
-43_147,1999-08-16,1999,8,12.056564331054688
-43_147,1999-09-16,1999,9,11.618012428283691
-43_147,1999-10-16,1999,10,12.336674690246582
-43_147,1999-11-16,1999,11,12.776435852050781
-43_147,1999-12-16,1999,12,13.866501808166504
-43_147,2000-01-16,2000,1,14.910918235778809
-43_147,2000-02-15,2000,2,15.815930366516113
-43_147,2000-03-16,2000,3,15.559585571289063
-43_147,2000-04-16,2000,4,14.580972671508789
-43_147,2000-05-16,2000,5,13.635159492492676
-43_147,2000-06-16,2000,6,12.932214736938477
-43_147,2000-07-16,2000,7,12.234683990478516
-43_147,2000-08-16,2000,8,12.168111801147461
-43_147,2000-09-16,2000,9,11.63373851776123
-43_147,2000-10-16,2000,10,12.212433815002441
-43_147,2000-11-16,2000,11,13.394742965698242
-43_147,2000-12-16,2000,12,14.380223274230957
-43_147,2001-01-16,2001,1,15.132701873779297
-43_147,2001-02-15,2001,2,16.262664794921875
-43_147,2001-03-16,2001,3,16.21015739440918
-43_147,2001-04-16,2001,4,15.203739166259766
-43_147,2001-05-16,2001,5,14.182184219360352
-43_147,2001-06-16,2001,6,13.403346061706543
-43_147,2001-07-16,2001,7,12.381081581115723
-43_147,2001-08-16,2001,8,12.178438186645508
-43_147,2001-09-16,2001,9,12.140340805053711
-43_147,2001-10-16,2001,10,12.375001907348633
-43_147,2001-11-16,2001,11,12.542215347290039
-43_147,2001-12-16,2001,12,13.425840377807617
-43_147,2002-01-16,2002,1,14.097481727600098
-43_147,2002-02-15,2002,2,14.928031921386719
-43_147,2002-03-16,2002,3,15.24526596069336
-43_147,2002-04-16,2002,4,14.333563804626465
-43_147,2002-05-16,2002,5,13.77401351928711
-43_147,2002-06-16,2002,6,13.007041931152344
-43_147,2002-07-16,2002,7,12.33056640625
-43_147,2002-08-16,2002,8,12.112556457519531
-43_147,2002-09-16,2002,9,11.761347770690918
-43_147,2002-10-16,2002,10,12.487425804138184
-43_147,2002-11-16,2002,11,12.49563217163086
-43_147,2002-12-16,2002,12,13.363801002502441
-43_147,2003-01-16,2003,1,14.379441261291504
-43_147,2003-02-15,2003,2,15.465875625610352
-43_147,2003-03-16,2003,3,15.284311294555664
-43_147,2003-04-16,2003,4,14.28493595123291
-43_147,2003-05-16,2003,5,13.28414249420166
-43_147,2003-06-16,2003,6,12.773006439208984
-43_147,2003-07-16,2003,7,11.89155387878418
-43_147,2003-08-16,2003,8,11.826662063598633
-43_147,2003-09-16,2003,9,11.357732772827148
-43_147,2003-10-16,2003,10,11.705488204956055
-43_147,2003-11-16,2003,11,12.341976165771484
-43_147,2003-12-16,2003,12,13.661276817321777
-43_147,2004-01-16,2004,1,14.466509819030762
-43_147,2004-02-15,2004,2,14.980033874511719
-43_147,2004-03-16,2004,3,15.121307373046875
-43_147,2004-04-16,2004,4,14.436517715454102
-43_147,2004-05-16,2004,5,12.987872123718262
-43_147,2004-06-16,2004,6,12.33146858215332
-43_147,2004-07-16,2004,7,11.803180694580078
-43_147,2004-08-16,2004,8,11.643512725830078
-43_147,2004-09-16,2004,9,11.378056526184082
-43_147,2004-10-16,2004,10,11.555853843688965
-43_147,2004-11-16,2004,11,12.549453735351563
-43_147,2004-12-16,2004,12,13.664690971374512
-43_147,2005-01-16,2005,1,14.660536766052246
-43_147,2005-02-15,2005,2,15.15770149230957
-43_147,2005-03-16,2005,3,14.805062294006348
-43_147,2005-04-16,2005,4,14.128467559814453
-43_147,2005-05-16,2005,5,13.028627395629883
-43_147,2005-06-16,2005,6,12.696196556091309
-43_147,2005-07-16,2005,7,12.180110931396484
-43_147,2005-08-16,2005,8,11.843025207519531
-43_147,2005-09-16,2005,9,11.489864349365234
-43_147,2005-10-16,2005,10,12.295892715454102
-43_147,2005-11-16,2005,11,12.807258605957031
-43_147,2005-12-16,2005,12,13.93619441986084
-43_147,2006-01-16,2006,1,14.666361808776855
-43_147,2006-02-15,2006,2,15.288066864013672
-43_147,2006-03-16,2006,3,15.59229850769043
-43_147,2006-04-16,2006,4,14.495932579040527
-43_147,2006-05-16,2006,5,12.764424324035645
-43_147,2006-06-16,2006,6,12.403936386108398
-43_147,2006-07-16,2006,7,11.801750183105469
-43_147,2006-08-16,2006,8,11.70024299621582
-43_147,2006-09-16,2006,9,11.326008796691895
-43_147,2006-10-16,2006,10,12.066978454589844
-43_147,2006-11-16,2006,11,12.55435848236084
-43_147,2006-12-16,2006,12,13.69565486907959
-43_147,2007-01-16,2007,1,14.720240592956543
-43_147,2007-02-15,2007,2,15.704076766967773
-43_147,2007-03-16,2007,3,15.690143585205078
-43_147,2007-04-16,2007,4,14.324246406555176
-43_147,2007-05-16,2007,5,13.461952209472656
-43_147,2007-06-16,2007,6,12.737536430358887
-43_147,2007-07-16,2007,7,11.747045516967773
-43_147,2007-08-16,2007,8,11.847122192382813
-43_147,2007-09-16,2007,9,11.461618423461914
-43_147,2007-10-16,2007,10,12.020232200622559
-43_147,2007-11-16,2007,11,13.044060707092285
-43_147,2007-12-16,2007,12,14.082358360290527
-43_147,2008-01-16,2008,1,14.96499252319336
-43_147,2008-02-15,2008,2,15.497611045837402
-43_147,2008-03-16,2008,3,15.69079303741455
-43_147,2008-04-16,2008,4,14.608305931091309
-43_147,2008-05-16,2008,5,13.540489196777344
-43_147,2008-06-16,2008,6,13.005075454711914
-43_147,2008-07-16,2008,7,12.077935218811035
-43_147,2008-08-16,2008,8,11.6766357421875
-43_147,2008-09-16,2008,9,11.247407913208008
-43_147,2008-10-16,2008,10,12.101322174072266
-43_147,2008-11-16,2008,11,12.720273971557617
-43_147,2008-12-16,2008,12,13.665411949157715
-43_147,2009-01-16,2009,1,14.68239688873291
-43_147,2009-02-15,2009,2,15.502653121948242
-43_147,2009-03-16,2009,3,15.268451690673828
-43_147,2009-04-16,2009,4,14.601828575134277
-43_147,2009-05-16,2009,5,13.104095458984375
-43_147,2009-06-16,2009,6,12.945035934448242
-43_147,2009-07-16,2009,7,12.418220520019531
-43_147,2009-08-16,2009,8,11.99683952331543
-43_147,2009-09-16,2009,9,11.55433464050293
-43_147,2009-10-16,2009,10,11.87112808227539
-43_147,2009-11-16,2009,11,12.698015213012695
-43_147,2009-12-16,2009,12,14.00977897644043
-43_147,2010-01-16,2010,1,15.042136192321777
-43_147,2010-02-15,2010,2,16.483436584472656
-43_147,2010-03-16,2010,3,16.213115692138672
-43_147,2010-04-16,2010,4,14.88960075378418
-43_147,2010-05-16,2010,5,13.598382949829102
-43_147,2010-06-16,2010,6,13.101038932800293
-43_147,2010-07-16,2010,7,12.187845230102539
-43_147,2010-08-16,2010,8,11.982343673706055
-43_147,2010-09-16,2010,9,11.359603881835938
-43_147,2010-10-16,2010,10,11.80320930480957
-43_147,2010-11-16,2010,11,12.775870323181152
-43_147,2010-12-16,2010,12,13.938304901123047
-43_147,2011-01-16,2011,1,14.778020858764648
-43_147,2011-02-15,2011,2,15.366771697998047
-43_147,2011-03-16,2011,3,15.250547409057617
-43_147,2011-04-16,2011,4,14.652978897094727
-43_147,2011-05-16,2011,5,13.600839614868164
-43_147,2011-06-16,2011,6,13.063325881958008
-43_147,2011-07-16,2011,7,12.153635025024414
-43_147,2011-08-16,2011,8,12.034418106079102
-43_147,2011-09-16,2011,9,11.61153507232666
-43_147,2011-10-16,2011,10,12.21998119354248
-43_147,2011-11-16,2011,11,12.703670501708984
-43_147,2011-12-16,2011,12,14.37014102935791
-43_147,2012-01-16,2012,1,15.328919410705566
-43_147,2012-02-15,2012,2,15.714693069458008
-43_147,2012-03-16,2012,3,15.250972747802734
-43_147,2012-04-16,2012,4,14.552618980407715
-43_147,2012-05-16,2012,5,13.473677635192871
-43_147,2012-06-16,2012,6,12.642467498779297
-43_147,2012-07-16,2012,7,12.221444129943848
-43_147,2012-08-16,2012,8,11.678949356079102
-43_147,2012-09-16,2012,9,11.48829460144043
-43_147,2012-10-16,2012,10,12.034679412841797
-43_147,2012-11-16,2012,11,12.729243278503418
-43_147,2012-12-16,2012,12,13.959671974182129
-43_147,2013-01-16,2013,1,14.587118148803711
-43_147,2013-02-15,2013,2,15.994288444519043
-43_147,2013-03-16,2013,3,16.133888244628906
-43_147,2013-04-16,2013,4,15.069024085998535
-43_147,2013-05-16,2013,5,13.781435012817383
-43_147,2013-06-16,2013,6,13.241413116455078
-43_147,2013-07-16,2013,7,12.328998565673828
-43_147,2013-08-16,2013,8,11.888299942016602
-43_147,2013-09-16,2013,9,11.49826431274414
-43_147,2013-10-16,2013,10,11.857857704162598
-43_147,2013-11-16,2013,11,12.792901039123535
-43_147,2013-12-16,2013,12,13.60632038116455
-43_147,2014-01-16,2014,1,14.004220008850098
-43_147,2014-02-15,2014,2,15.495718955993652
-43_147,2014-03-16,2014,3,15.511030197143555
-43_147,2014-04-16,2014,4,14.884657859802246
-43_147,2014-05-16,2014,5,13.617877960205078
-43_147,2014-06-16,2014,6,13.201183319091797
-43_147,2014-07-16,2014,7,12.209846496582031
-43_147,2014-08-16,2014,8,11.99191665649414
-43_147,2014-09-16,2014,9,11.514603614807129
-43_147,2014-10-16,2014,10,12.36346435546875
-43_147,2014-11-16,2014,11,12.889512062072754
-43_147,2014-12-16,2014,12,14.128775596618652
-43_147,2015-01-16,2015,1,15.23080062866211
-43_147,2015-02-15,2015,2,16.02803611755371
-43_147,2015-03-16,2015,3,15.382081985473633
-43_147,2015-04-16,2015,4,14.864782333374023
-43_147,2015-05-16,2015,5,12.957472801208496
-43_147,2015-06-16,2015,6,12.769649505615234
-43_147,2015-07-16,2015,7,12.399534225463867
-43_147,2015-08-16,2015,8,11.828324317932129
-43_147,2015-09-16,2015,9,11.704085350036621
-43_147,2015-10-16,2015,10,12.601269721984863
-43_147,2015-11-16,2015,11,13.459609985351563
-43_147,2015-12-16,2015,12,14.593798637390137
-43_147,2016-01-16,2016,1,16.21524429321289
-43_147,2016-02-15,2016,2,16.668365478515625
-43_147,2016-03-16,2016,3,16.31777000427246
-43_147,2016-04-16,2016,4,15.18159008026123
-43_147,2016-05-16,2016,5,13.897134780883789
-43_147,2016-06-16,2016,6,12.913846969604492
-43_147,2016-07-16,2016,7,12.00332260131836
-43_147,2016-08-16,2016,8,11.672698974609375
-43_147,2016-09-16,2016,9,12.011584281921387
-43_147,2016-10-16,2016,10,12.197551727294922
-43_147,2016-11-16,2016,11,12.38703727722168
-43_147,2016-12-16,2016,12,13.633498191833496
-43_147,2017-01-16,2017,1,15.041357040405273
-43_147,2017-02-15,2017,2,15.353395462036133
-43_147,2017-03-16,2017,3,15.899323463439941
-43_147,2017-04-16,2017,4,14.988924980163574
-43_147,2017-05-16,2017,5,13.819693565368652
-43_147,2017-06-16,2017,6,13.159196853637695
-43_147,2017-07-16,2017,7,12.480612754821777
-43_147,2017-08-16,2017,8,12.164999008178711
-43_147,2017-09-16,2017,9,11.4266996383667
-43_147,2017-10-16,2017,10,12.538228034973145
-43_147,2017-11-16,2017,11,13.367355346679688
-43_147,2017-12-16,2017,12,14.615273475646973
-43_147,2018-01-16,2018,1,15.797076225280762
-43_147,2018-02-15,2018,2,16.439983367919922
-43_147,2018-03-16,2018,3,16.103723526000977
-43_147,2018-04-16,2018,4,14.670974731445313
-43_147,2018-05-16,2018,5,13.346260070800781
-43_147,2018-06-16,2018,6,12.758913040161133
-43_147,2018-07-16,2018,7,12.106124877929688
-43_147,2018-08-16,2018,8,12.23686408996582
-43_147,2018-09-16,2018,9,11.41964340209961
-43_147,2018-10-16,2018,10,12.435096740722656
-43_147,2018-11-16,2018,11,13.208778381347656
-43_147,2018-12-16,2018,12,14.553661346435547
-43_147,2019-01-16,2019,1,15.952878952026367
-43_147,2019-02-15,2019,2,16.365360260009766
-43_147,2019-03-16,2019,3,15.51107406616211
-43_147,2019-04-16,2019,4,14.850598335266113
-43_147,2019-05-16,2019,5,13.261547088623047
-43_147,2019-06-16,2019,6,12.56556510925293
-43_147,2019-07-16,2019,7,11.989927291870117
-43_147,2019-08-16,2019,8,11.73809814453125
-43_147,2019-09-16,2019,9,11.297585487365723
-43_147,2019-10-16,2019,10,12.263724327087402
-43_147,2019-11-16,2019,11,12.718297958374023
-43_147,2019-12-16,2019,12,13.6251802444458
-43_147,2020-01-16,2020,1,14.795489311218262
-43_147,2020-02-15,2020,2,14.958017349243164
-43_147,2020-03-16,2020,3,15.450336456298828
-43_147,2020-04-16,2020,4,14.287437438964844
-43_147,2020-05-16,2020,5,12.896103858947754
-43_147,2020-06-16,2020,6,12.70960807800293
-43_147,2020-07-16,2020,7,12.466130256652832
-43_147,2020-08-16,2020,8,12.017166137695313
-43_147,2020-09-16,2020,9,11.67042064666748
-43_147,2020-10-16,2020,10,12.4149808883667
-43_147,2020-11-16,2020,11,13.313888549804688
-43_147,2020-12-16,2020,12,14.036429405212402
-43_147,2021-01-16,2021,1,15.743571281433105
-43_147,2021-02-15,2021,2,15.551876068115234
-43_147,2021-03-16,2021,3,14.938308715820313
-43_147,2021-04-16,2021,4,14.454376220703125
-43_147,2021-05-16,2021,5,13.682351112365723
-43_147,2021-06-16,2021,6,13.12019157409668
-43_147,2021-07-16,2021,7,12.666389465332031
-43_147,2021-08-16,2021,8,12.156627655029297
-43_147,2021-09-16,2021,9,11.874197959899902
-43_147,2021-10-16,2021,10,12.224642753601074
-43_147,2021-11-16,2021,11,13.132025718688965
-43_147,2021-12-16,2021,12,14.221510887145996
-43_147,2022-01-16,2022,1,15.574017524719238
-43_147,2022-02-15,2022,2,16.466075897216797
-43_147,2022-03-16,2022,3,16.87721061706543
-43_147,2022-04-16,2022,4,14.97514820098877
-43_147,2022-05-16,2022,5,14.246403694152832
-43_147,2022-06-16,2022,6,13.382747650146484
-43_147,2022-07-16,2022,7,12.719698905944824
-43_147,2022-08-16,2022,8,12.359725952148438
-43_147,2022-09-16,2022,9,11.907844543457031
-43_147,2022-10-16,2022,10,12.54625129699707
-43_147,2022-11-16,2022,11,13.320191383361816
-43_147,2022-12-16,2022,12,14.248882293701172
-43_147,2023-01-16,2023,1,16.36305046081543
-43_147,2023-02-15,2023,2,16.521312713623047
-43_147,2023-03-16,2023,3,16.113069534301758
-43_147,2023-04-16,2023,4,15.113872528076172
-43_147,2023-05-16,2023,5,14.158607482910156
-43_147,2023-06-16,2023,6,13.284442901611328
-43_147,2023-07-16,2023,7,12.720270156860352
-43_147,2023-08-16,2023,8,12.479427337646484
-43_147,2023-09-16,2023,9,11.981683731079102
-43_147,2023-10-16,2023,10,12.723427772521973
-43_147,2023-11-16,2023,11,13.351439476013184
-43_147,2023-12-16,2023,12,15.04910945892334
-43_147,2024-01-16,2024,1,15.545304298400879
-43_147,2024-02-15,2024,2,16.202991485595703
-43_147,2024-03-16,2024,3,16.175085067749023
-43_147,2024-04-16,2024,4,15.02501106262207
-43_147,2024-05-16,2024,5,13.764324188232422
-43_147,2024-06-16,2024,6,13.171060562133789
-43_147,2024-07-16,2024,7,12.53255844116211
-43_147,2024-08-16,2024,8,12.319328308105469
-43_147,2024-09-16,2024,9,11.712364196777344
-43_147,2024-10-16,2024,10,12.331393241882324
-43_147,2024-11-16,2024,11,13.250865936279297
-43_147,2024-12-16,2024,12,14.660402297973633
-43_147,2025-01-16,2025,1,15.804356575012207
-43_147,2025-02-15,2025,2,16.946578979492188
-43_147,2025-03-16,2025,3,16.431859970092773
-43_147,2025-04-16,2025,4,15.439107894897461
-43_147,2025-05-16,2025,5,14.40583324432373
-43_147,2025-06-16,2025,6,13.464963912963867
-43_147,2025-07-16,2025,7,12.984644889831543
-43_147,2025-08-16,2025,8,12.224641799926758
-43_147,2025-09-16,2025,9,11.893067359924316
-43_147,2025-10-16,2025,10,12.280904769897461
-43_147,2025-11-16,2025,11,12.692893981933594
-43_147,2025-12-16,2025,12,13.705157279968262
-43_148,1992-01-16,1992,1,15.183438301086426
-43_148,1992-02-15,1992,2,15.676063537597656
-43_148,1992-03-16,1992,3,15.938835144042969
-43_148,1992-04-16,1992,4,14.919086456298828
-43_148,1992-05-16,1992,5,13.988393783569336
-43_148,1992-06-16,1992,6,12.984214782714844
-43_148,1992-07-16,1992,7,12.306750297546387
-43_148,1992-08-16,1992,8,12.013601303100586
-43_148,1992-09-16,1992,9,11.695003509521484
-43_148,1992-10-16,1992,10,12.37428092956543
-43_148,1992-11-16,1992,11,13.209022521972656
-43_148,1992-12-16,1992,12,14.409662246704102
-43_148,1993-01-16,1993,1,15.757041931152344
-43_148,1993-02-15,1993,2,16.091888427734375
-43_148,1993-03-16,1993,3,15.977145195007324
-43_148,1993-04-16,1993,4,15.40703010559082
-43_148,1993-05-16,1993,5,13.981760025024414
-43_148,1993-06-16,1993,6,13.113473892211914
-43_148,1993-07-16,1993,7,12.358406066894531
-43_148,1993-08-16,1993,8,12.41381549835205
-43_148,1993-09-16,1993,9,11.939909934997559
-43_148,1993-10-16,1993,10,12.749021530151367
-43_148,1993-11-16,1993,11,13.00584602355957
-43_148,1993-12-16,1993,12,14.041746139526367
-43_148,1994-01-16,1994,1,14.649969100952148
-43_148,1994-02-15,1994,2,15.932522773742676
-43_148,1994-03-16,1994,3,15.575441360473633
-43_148,1994-04-16,1994,4,14.961605072021484
-43_148,1994-05-16,1994,5,13.653878211975098
-43_148,1994-06-16,1994,6,12.760122299194336
-43_148,1994-07-16,1994,7,12.310531616210938
-43_148,1994-08-16,1994,8,12.169178009033203
-43_148,1994-09-16,1994,9,11.436576843261719
-43_148,1994-10-16,1994,10,12.075937271118164
-43_148,1994-11-16,1994,11,12.787903785705566
-43_148,1994-12-16,1994,12,14.370803833007813
-43_148,1995-01-16,1995,1,15.538982391357422
-43_148,1995-02-15,1995,2,16.03985595703125
-43_148,1995-03-16,1995,3,15.913053512573242
-43_148,1995-04-16,1995,4,14.189698219299316
-43_148,1995-05-16,1995,5,13.084894180297852
-43_148,1995-06-16,1995,6,12.706478118896484
-43_148,1995-07-16,1995,7,12.139625549316406
-43_148,1995-08-16,1995,8,11.784990310668945
-43_148,1995-09-16,1995,9,11.396503448486328
-43_148,1995-10-16,1995,10,12.097444534301758
-43_148,1995-11-16,1995,11,12.750264167785645
-43_148,1995-12-16,1995,12,13.519838333129883
-43_148,1996-01-16,1996,1,14.930291175842285
-43_148,1996-02-15,1996,2,15.395523071289063
-43_148,1996-03-16,1996,3,15.30197525024414
-43_148,1996-04-16,1996,4,14.336854934692383
-43_148,1996-05-16,1996,5,13.40083122253418
-43_148,1996-06-16,1996,6,12.879035949707031
-43_148,1996-07-16,1996,7,12.278718948364258
-43_148,1996-08-16,1996,8,11.942108154296875
-43_148,1996-09-16,1996,9,11.279958724975586
-43_148,1996-10-16,1996,10,11.558342933654785
-43_148,1996-11-16,1996,11,12.263193130493164
-43_148,1996-12-16,1996,12,13.26041030883789
-43_148,1997-01-16,1997,1,14.788338661193848
-43_148,1997-02-15,1997,2,15.90504264831543
-43_148,1997-03-16,1997,3,15.778461456298828
-43_148,1997-04-16,1997,4,14.931314468383789
-43_148,1997-05-16,1997,5,13.601903915405273
-43_148,1997-06-16,1997,6,13.182008743286133
-43_148,1997-07-16,1997,7,12.562625885009766
-43_148,1997-08-16,1997,8,12.277295112609863
-43_148,1997-09-16,1997,9,12.114097595214844
-43_148,1997-10-16,1997,10,12.866374969482422
-43_148,1997-11-16,1997,11,13.385436058044434
-43_148,1997-12-16,1997,12,14.546499252319336
-43_148,1998-01-16,1998,1,16.109952926635742
-43_148,1998-02-15,1998,2,16.473764419555664
-43_148,1998-03-16,1998,3,15.826210021972656
-43_148,1998-04-16,1998,4,14.76449966430664
-43_148,1998-05-16,1998,5,13.951675415039063
-43_148,1998-06-16,1998,6,13.360161781311035
-43_148,1998-07-16,1998,7,12.741687774658203
-43_148,1998-08-16,1998,8,12.4837646484375
-43_148,1998-09-16,1998,9,12.119878768920898
-43_148,1998-10-16,1998,10,12.443124771118164
-43_148,1998-11-16,1998,11,13.221471786499023
-43_148,1998-12-16,1998,12,14.784786224365234
-43_148,1999-01-16,1999,1,15.999441146850586
-43_148,1999-02-15,1999,2,16.55485725402832
-43_148,1999-03-16,1999,3,16.67705535888672
-43_148,1999-04-16,1999,4,15.339073181152344
-43_148,1999-05-16,1999,5,14.31795597076416
-43_148,1999-06-16,1999,6,13.80109977722168
-43_148,1999-07-16,1999,7,13.12550163269043
-43_148,1999-08-16,1999,8,12.636990547180176
-43_148,1999-09-16,1999,9,12.213409423828125
-43_148,1999-10-16,1999,10,12.861124038696289
-43_148,1999-11-16,1999,11,13.484663009643555
-43_148,1999-12-16,1999,12,14.769268989562988
-43_148,2000-01-16,2000,1,15.749504089355469
-43_148,2000-02-15,2000,2,16.353214263916016
-43_148,2000-03-16,2000,3,16.46603775024414
-43_148,2000-04-16,2000,4,15.419904708862305
-43_148,2000-05-16,2000,5,14.172542572021484
-43_148,2000-06-16,2000,6,13.527406692504883
-43_148,2000-07-16,2000,7,12.79719352722168
-43_148,2000-08-16,2000,8,12.734634399414063
-43_148,2000-09-16,2000,9,12.219003677368164
-43_148,2000-10-16,2000,10,12.758378028869629
-43_148,2000-11-16,2000,11,13.969694137573242
-43_148,2000-12-16,2000,12,15.022217750549316
-43_148,2001-01-16,2001,1,15.822502136230469
-43_148,2001-02-15,2001,2,16.79676055908203
-43_148,2001-03-16,2001,3,16.907203674316406
-43_148,2001-04-16,2001,4,15.954904556274414
-43_148,2001-05-16,2001,5,14.728496551513672
-43_148,2001-06-16,2001,6,13.998983383178711
-43_148,2001-07-16,2001,7,13.00223159790039
-43_148,2001-08-16,2001,8,12.779306411743164
-43_148,2001-09-16,2001,9,12.664329528808594
-43_148,2001-10-16,2001,10,12.951093673706055
-43_148,2001-11-16,2001,11,13.209394454956055
-43_148,2001-12-16,2001,12,14.034568786621094
-43_148,2002-01-16,2002,1,14.921600341796875
-43_148,2002-02-15,2002,2,15.803810119628906
-43_148,2002-03-16,2002,3,16.006872177124023
-43_148,2002-04-16,2002,4,15.036319732666016
-43_148,2002-05-16,2002,5,14.51555061340332
-43_148,2002-06-16,2002,6,13.652451515197754
-43_148,2002-07-16,2002,7,12.885196685791016
-43_148,2002-08-16,2002,8,12.751283645629883
-43_148,2002-09-16,2002,9,12.391082763671875
-43_148,2002-10-16,2002,10,13.07845687866211
-43_148,2002-11-16,2002,11,13.139303207397461
-43_148,2002-12-16,2002,12,14.018695831298828
-43_148,2003-01-16,2003,1,15.32396125793457
-43_148,2003-02-15,2003,2,16.03012466430664
-43_148,2003-03-16,2003,3,16.173778533935547
-43_148,2003-04-16,2003,4,15.122358322143555
-43_148,2003-05-16,2003,5,13.946500778198242
-43_148,2003-06-16,2003,6,13.354201316833496
-43_148,2003-07-16,2003,7,12.468538284301758
-43_148,2003-08-16,2003,8,12.242603302001953
-43_148,2003-09-16,2003,9,11.861626625061035
-43_148,2003-10-16,2003,10,12.370967864990234
-43_148,2003-11-16,2003,11,13.00649642944336
-43_148,2003-12-16,2003,12,14.366350173950195
-43_148,2004-01-16,2004,1,15.269227981567383
-43_148,2004-02-15,2004,2,15.830462455749512
-43_148,2004-03-16,2004,3,15.661454200744629
-43_148,2004-04-16,2004,4,15.305599212646484
-43_148,2004-05-16,2004,5,13.559210777282715
-43_148,2004-06-16,2004,6,12.704817771911621
-43_148,2004-07-16,2004,7,12.246763229370117
-43_148,2004-08-16,2004,8,12.1444091796875
-43_148,2004-09-16,2004,9,11.946771621704102
-43_148,2004-10-16,2004,10,12.362780570983887
-43_148,2004-11-16,2004,11,13.229619979858398
-43_148,2004-12-16,2004,12,14.268465042114258
-43_148,2005-01-16,2005,1,15.376758575439453
-43_148,2005-02-15,2005,2,16.055068969726563
-43_148,2005-03-16,2005,3,15.574050903320313
-43_148,2005-04-16,2005,4,14.867146492004395
-43_148,2005-05-16,2005,5,13.529808044433594
-43_148,2005-06-16,2005,6,13.133243560791016
-43_148,2005-07-16,2005,7,12.696393966674805
-43_148,2005-08-16,2005,8,12.415214538574219
-43_148,2005-09-16,2005,9,12.035886764526367
-43_148,2005-10-16,2005,10,12.885210037231445
-43_148,2005-11-16,2005,11,13.46762466430664
-43_148,2005-12-16,2005,12,14.524445533752441
-43_148,2006-01-16,2006,1,15.413819313049316
-43_148,2006-02-15,2006,2,16.26099395751953
-43_148,2006-03-16,2006,3,16.461002349853516
-43_148,2006-04-16,2006,4,15.115535736083984
-43_148,2006-05-16,2006,5,13.186416625976563
-43_148,2006-06-16,2006,6,12.922429084777832
-43_148,2006-07-16,2006,7,12.482925415039063
-43_148,2006-08-16,2006,8,12.386545181274414
-43_148,2006-09-16,2006,9,12.071682929992676
-43_148,2006-10-16,2006,10,12.705259323120117
-43_148,2006-11-16,2006,11,13.256613731384277
-43_148,2006-12-16,2006,12,14.55721378326416
-43_148,2007-01-16,2007,1,15.52871322631836
-43_148,2007-02-15,2007,2,16.494815826416016
-43_148,2007-03-16,2007,3,16.530881881713867
-43_148,2007-04-16,2007,4,15.175874710083008
-43_148,2007-05-16,2007,5,14.189166069030762
-43_148,2007-06-16,2007,6,13.190370559692383
-43_148,2007-07-16,2007,7,12.270845413208008
-43_148,2007-08-16,2007,8,12.307554244995117
-43_148,2007-09-16,2007,9,12.042177200317383
-43_148,2007-10-16,2007,10,12.644838333129883
-43_148,2007-11-16,2007,11,13.812276840209961
-43_148,2007-12-16,2007,12,14.797033309936523
-43_148,2008-01-16,2008,1,15.907567977905273
-43_148,2008-02-15,2008,2,16.438812255859375
-43_148,2008-03-16,2008,3,16.561429977416992
-43_148,2008-04-16,2008,4,15.289263725280762
-43_148,2008-05-16,2008,5,14.29269027709961
-43_148,2008-06-16,2008,6,13.644947052001953
-43_148,2008-07-16,2008,7,12.690053939819336
-43_148,2008-08-16,2008,8,12.161040306091309
-43_148,2008-09-16,2008,9,11.851724624633789
-43_148,2008-10-16,2008,10,12.796286582946777
-43_148,2008-11-16,2008,11,13.381805419921875
-43_148,2008-12-16,2008,12,14.119633674621582
-43_148,2009-01-16,2009,1,15.368613243103027
-43_148,2009-02-15,2009,2,16.446863174438477
-43_148,2009-03-16,2009,3,15.903219223022461
-43_148,2009-04-16,2009,4,15.479628562927246
-43_148,2009-05-16,2009,5,13.774621963500977
-43_148,2009-06-16,2009,6,13.491510391235352
-43_148,2009-07-16,2009,7,12.939955711364746
-43_148,2009-08-16,2009,8,12.369256973266602
-43_148,2009-09-16,2009,9,12.1229248046875
-43_148,2009-10-16,2009,10,12.261119842529297
-43_148,2009-11-16,2009,11,13.403070449829102
-43_148,2009-12-16,2009,12,14.954568862915039
-43_148,2010-01-16,2010,1,15.841121673583984
-43_148,2010-02-15,2010,2,17.405588150024414
-43_148,2010-03-16,2010,3,16.970029830932617
-43_148,2010-04-16,2010,4,15.881216049194336
-43_148,2010-05-16,2010,5,14.377012252807617
-43_148,2010-06-16,2010,6,13.588542938232422
-43_148,2010-07-16,2010,7,12.59208869934082
-43_148,2010-08-16,2010,8,12.362504959106445
-43_148,2010-09-16,2010,9,11.814106941223145
-43_148,2010-10-16,2010,10,12.456758499145508
-43_148,2010-11-16,2010,11,13.498007774353027
-43_148,2010-12-16,2010,12,14.844322204589844
-43_148,2011-01-16,2011,1,15.766505241394043
-43_148,2011-02-15,2011,2,16.38780403137207
-43_148,2011-03-16,2011,3,16.00495719909668
-43_148,2011-04-16,2011,4,15.35852336883545
-43_148,2011-05-16,2011,5,14.151870727539063
-43_148,2011-06-16,2011,6,13.660550117492676
-43_148,2011-07-16,2011,7,12.628561019897461
-43_148,2011-08-16,2011,8,12.572161674499512
-43_148,2011-09-16,2011,9,12.317468643188477
-43_148,2011-10-16,2011,10,12.731475830078125
-43_148,2011-11-16,2011,11,13.23963737487793
-43_148,2011-12-16,2011,12,15.088813781738281
-43_148,2012-01-16,2012,1,16.154277801513672
-43_148,2012-02-15,2012,2,16.31170654296875
-43_148,2012-03-16,2012,3,15.932316780090332
-43_148,2012-04-16,2012,4,15.212736129760742
-43_148,2012-05-16,2012,5,13.976472854614258
-43_148,2012-06-16,2012,6,13.10159683227539
-43_148,2012-07-16,2012,7,12.665335655212402
-43_148,2012-08-16,2012,8,12.058155059814453
-43_148,2012-09-16,2012,9,12.134662628173828
-43_148,2012-10-16,2012,10,12.397268295288086
-43_148,2012-11-16,2012,11,13.39625358581543
-43_148,2012-12-16,2012,12,14.75102710723877
-43_148,2013-01-16,2013,1,15.524930953979492
-43_148,2013-02-15,2013,2,16.67925262451172
-43_148,2013-03-16,2013,3,16.867534637451172
-43_148,2013-04-16,2013,4,15.994333267211914
-43_148,2013-05-16,2013,5,14.361795425415039
-43_148,2013-06-16,2013,6,13.49981689453125
-43_148,2013-07-16,2013,7,12.842730522155762
-43_148,2013-08-16,2013,8,12.438751220703125
-43_148,2013-09-16,2013,9,12.099395751953125
-43_148,2013-10-16,2013,10,12.315354347229004
-43_148,2013-11-16,2013,11,13.598398208618164
-43_148,2013-12-16,2013,12,14.261839866638184
-43_148,2014-01-16,2014,1,14.988407135009766
-43_148,2014-02-15,2014,2,16.352991104125977
-43_148,2014-03-16,2014,3,16.395919799804688
-43_148,2014-04-16,2014,4,16.008337020874023
-43_148,2014-05-16,2014,5,14.559447288513184
-43_148,2014-06-16,2014,6,13.882484436035156
-43_148,2014-07-16,2014,7,12.718931198120117
-43_148,2014-08-16,2014,8,12.464591026306152
-43_148,2014-09-16,2014,9,12.193878173828125
-43_148,2014-10-16,2014,10,13.051241874694824
-43_148,2014-11-16,2014,11,13.871868133544922
-43_148,2014-12-16,2014,12,15.154767990112305
-43_148,2015-01-16,2015,1,16.216266632080078
-43_148,2015-02-15,2015,2,16.798341751098633
-43_148,2015-03-16,2015,3,16.31238555908203
-43_148,2015-04-16,2015,4,15.921538352966309
-43_148,2015-05-16,2015,5,13.678964614868164
-43_148,2015-06-16,2015,6,13.447270393371582
-43_148,2015-07-16,2015,7,12.929540634155273
-43_148,2015-08-16,2015,8,12.391138076782227
-43_148,2015-09-16,2015,9,12.495454788208008
-43_148,2015-10-16,2015,10,13.223917007446289
-43_148,2015-11-16,2015,11,14.364701271057129
-43_148,2015-12-16,2015,12,15.782570838928223
-43_148,2016-01-16,2016,1,17.17629051208496
-43_148,2016-02-15,2016,2,17.877084732055664
-43_148,2016-03-16,2016,3,17.283248901367188
-43_148,2016-04-16,2016,4,16.228710174560547
-43_148,2016-05-16,2016,5,14.262712478637695
-43_148,2016-06-16,2016,6,13.289834976196289
-43_148,2016-07-16,2016,7,12.51589584350586
-43_148,2016-08-16,2016,8,12.283984184265137
-43_148,2016-09-16,2016,9,12.498321533203125
-43_148,2016-10-16,2016,10,12.64050579071045
-43_148,2016-11-16,2016,11,13.22846794128418
-43_148,2016-12-16,2016,12,14.222980499267578
-43_148,2017-01-16,2017,1,15.848546981811523
-43_148,2017-02-15,2017,2,16.28597640991211
-43_148,2017-03-16,2017,3,16.792863845825195
-43_148,2017-04-16,2017,4,15.859939575195313
-43_148,2017-05-16,2017,5,14.494108200073242
-43_148,2017-06-16,2017,6,13.739874839782715
-43_148,2017-07-16,2017,7,13.133950233459473
-43_148,2017-08-16,2017,8,12.472444534301758
-43_148,2017-09-16,2017,9,11.949209213256836
-43_148,2017-10-16,2017,10,13.361587524414063
-43_148,2017-11-16,2017,11,14.268855094909668
-43_148,2017-12-16,2017,12,15.444997787475586
-43_148,2018-01-16,2018,1,16.703868865966797
-43_148,2018-02-15,2018,2,17.412878036499023
-43_148,2018-03-16,2018,3,17.108394622802734
-43_148,2018-04-16,2018,4,15.503841400146484
-43_148,2018-05-16,2018,5,13.808446884155273
-43_148,2018-06-16,2018,6,13.412336349487305
-43_148,2018-07-16,2018,7,12.761360168457031
-43_148,2018-08-16,2018,8,12.65381145477295
-43_148,2018-09-16,2018,9,12.132020950317383
-43_148,2018-10-16,2018,10,13.260432243347168
-43_148,2018-11-16,2018,11,13.9580717086792
-43_148,2018-12-16,2018,12,15.323429107666016
-43_148,2019-01-16,2019,1,16.610300064086914
-43_148,2019-02-15,2019,2,17.369239807128906
-43_148,2019-03-16,2019,3,16.463865280151367
-43_148,2019-04-16,2019,4,15.799543380737305
-43_148,2019-05-16,2019,5,14.12252140045166
-43_148,2019-06-16,2019,6,13.01936149597168
-43_148,2019-07-16,2019,7,12.492526054382324
-43_148,2019-08-16,2019,8,12.17080020904541
-43_148,2019-09-16,2019,9,11.78679084777832
-43_148,2019-10-16,2019,10,12.769168853759766
-43_148,2019-11-16,2019,11,13.35049057006836
-43_148,2019-12-16,2019,12,14.483381271362305
-43_148,2020-01-16,2020,1,15.72960090637207
-43_148,2020-02-15,2020,2,15.954368591308594
-43_148,2020-03-16,2020,3,16.338211059570313
-43_148,2020-04-16,2020,4,15.17737102508545
-43_148,2020-05-16,2020,5,13.609207153320313
-43_148,2020-06-16,2020,6,13.245279312133789
-43_148,2020-07-16,2020,7,12.962400436401367
-43_148,2020-08-16,2020,8,12.646717071533203
-43_148,2020-09-16,2020,9,12.127245903015137
-43_148,2020-10-16,2020,10,13.06051254272461
-43_148,2020-11-16,2020,11,13.945915222167969
-43_148,2020-12-16,2020,12,14.6729736328125
-43_148,2021-01-16,2021,1,16.52606201171875
-43_148,2021-02-15,2021,2,16.391864776611328
-43_148,2021-03-16,2021,3,15.529581069946289
-43_148,2021-04-16,2021,4,15.028387069702148
-43_148,2021-05-16,2021,5,14.32719612121582
-43_148,2021-06-16,2021,6,13.72233772277832
-43_148,2021-07-16,2021,7,13.241660118103027
-43_148,2021-08-16,2021,8,12.562947273254395
-43_148,2021-09-16,2021,9,12.230363845825195
-43_148,2021-10-16,2021,10,12.663606643676758
-43_148,2021-11-16,2021,11,13.810317993164063
-43_148,2021-12-16,2021,12,14.952934265136719
-43_148,2022-01-16,2022,1,16.424957275390625
-43_148,2022-02-15,2022,2,17.524066925048828
-43_148,2022-03-16,2022,3,17.60358428955078
-43_148,2022-04-16,2022,4,15.71358585357666
-43_148,2022-05-16,2022,5,14.920467376708984
-43_148,2022-06-16,2022,6,13.901374816894531
-43_148,2022-07-16,2022,7,13.179073333740234
-43_148,2022-08-16,2022,8,12.708087921142578
-43_148,2022-09-16,2022,9,12.55093002319336
-43_148,2022-10-16,2022,10,13.248787879943848
-43_148,2022-11-16,2022,11,13.966524124145508
-43_148,2022-12-16,2022,12,14.613168716430664
-43_148,2023-01-16,2023,1,17.120338439941406
-43_148,2023-02-15,2023,2,17.066814422607422
-43_148,2023-03-16,2023,3,16.92486572265625
-43_148,2023-04-16,2023,4,15.849921226501465
-43_148,2023-05-16,2023,5,14.775856018066406
-43_148,2023-06-16,2023,6,13.753471374511719
-43_148,2023-07-16,2023,7,13.123968124389648
-43_148,2023-08-16,2023,8,12.923666954040527
-43_148,2023-09-16,2023,9,12.437179565429688
-43_148,2023-10-16,2023,10,13.526575088500977
-43_148,2023-11-16,2023,11,14.122142791748047
-43_148,2023-12-16,2023,12,16.015548706054688
-43_148,2024-01-16,2024,1,16.572364807128906
-43_148,2024-02-15,2024,2,17.014976501464844
-43_148,2024-03-16,2024,3,17.212581634521484
-43_148,2024-04-16,2024,4,16.000823974609375
-43_148,2024-05-16,2024,5,14.775215148925781
-43_148,2024-06-16,2024,6,13.678711891174316
-43_148,2024-07-16,2024,7,13.215581893920898
-43_148,2024-08-16,2024,8,13.038150787353516
-43_148,2024-09-16,2024,9,12.411685943603516
-43_148,2024-10-16,2024,10,13.1534423828125
-43_148,2024-11-16,2024,11,13.928352355957031
-43_148,2024-12-16,2024,12,15.636995315551758
-43_148,2025-01-16,2025,1,16.746257781982422
-43_148,2025-02-15,2025,2,17.869503021240234
-43_148,2025-03-16,2025,3,17.261734008789063
-43_148,2025-04-16,2025,4,16.20998191833496
-43_148,2025-05-16,2025,5,15.088201522827148
-43_148,2025-06-16,2025,6,13.956938743591309
-43_148,2025-07-16,2025,7,13.457969665527344
-43_148,2025-08-16,2025,8,12.850555419921875
-43_148,2025-09-16,2025,9,12.342490196228027
-43_148,2025-10-16,2025,10,12.976079940795898
-43_148,2025-11-16,2025,11,13.184089660644531
-43_148,2025-12-16,2025,12,14.604644775390625
-42_148,1992-01-16,1992,1,16.24550437927246
-42_148,1992-02-15,1992,2,17.20569610595703
-42_148,1992-03-16,1992,3,17.22810173034668
-42_148,1992-04-16,1992,4,16.546972274780273
-42_148,1992-05-16,1992,5,14.832901954650879
-42_148,1992-06-16,1992,6,13.410970687866211
-42_148,1992-07-16,1992,7,12.784351348876953
-42_148,1992-08-16,1992,8,11.986270904541016
-42_148,1992-09-16,1992,9,12.22079086303711
-42_148,1992-10-16,1992,10,13.028966903686523
-42_148,1992-11-16,1992,11,14.0908842086792
-42_148,1992-12-16,1992,12,15.431117057800293
-42_148,1993-01-16,1993,1,16.884370803833008
-42_148,1993-02-15,1993,2,17.450969696044922
-42_148,1993-03-16,1993,3,17.21533966064453
-42_148,1993-04-16,1993,4,16.480224609375
-42_148,1993-05-16,1993,5,14.41463851928711
-42_148,1993-06-16,1993,6,13.840250015258789
-42_148,1993-07-16,1993,7,12.788570404052734
-42_148,1993-08-16,1993,8,12.915664672851563
-42_148,1993-09-16,1993,9,12.525758743286133
-42_148,1993-10-16,1993,10,13.421282768249512
-42_148,1993-11-16,1993,11,14.007352828979492
-42_148,1993-12-16,1993,12,15.065818786621094
-42_148,1994-01-16,1994,1,15.690547943115234
-42_148,1994-02-15,1994,2,16.7558650970459
-42_148,1994-03-16,1994,3,16.771894454956055
-42_148,1994-04-16,1994,4,16.135278701782227
-42_148,1994-05-16,1994,5,14.474604606628418
-42_148,1994-06-16,1994,6,13.47469711303711
-42_148,1994-07-16,1994,7,13.20394515991211
-42_148,1994-08-16,1994,8,13.02700138092041
-42_148,1994-09-16,1994,9,12.223258972167969
-42_148,1994-10-16,1994,10,12.94918441772461
-42_148,1994-11-16,1994,11,13.760278701782227
-42_148,1994-12-16,1994,12,15.170937538146973
-42_148,1995-01-16,1995,1,16.722593307495117
-42_148,1995-02-15,1995,2,17.136991500854492
-42_148,1995-03-16,1995,3,16.869508743286133
-42_148,1995-04-16,1995,4,15.186308860778809
-42_148,1995-05-16,1995,5,13.793401718139648
-42_148,1995-06-16,1995,6,13.357513427734375
-42_148,1995-07-16,1995,7,12.718976974487305
-42_148,1995-08-16,1995,8,12.216438293457031
-42_148,1995-09-16,1995,9,11.97329044342041
-42_148,1995-10-16,1995,10,12.54395580291748
-42_148,1995-11-16,1995,11,13.47885799407959
-42_148,1995-12-16,1995,12,14.581348419189453
-42_148,1996-01-16,1996,1,15.561177253723145
-42_148,1996-02-15,1996,2,16.098621368408203
-42_148,1996-03-16,1996,3,16.27709197998047
-42_148,1996-04-16,1996,4,15.223028182983398
-42_148,1996-05-16,1996,5,14.100713729858398
-42_148,1996-06-16,1996,6,13.474937438964844
-42_148,1996-07-16,1996,7,12.792007446289063
-42_148,1996-08-16,1996,8,12.338541030883789
-42_148,1996-09-16,1996,9,11.853654861450195
-42_148,1996-10-16,1996,10,12.045153617858887
-42_148,1996-11-16,1996,11,13.068897247314453
-42_148,1996-12-16,1996,12,14.45973014831543
-42_148,1997-01-16,1997,1,15.412569046020508
-42_148,1997-02-15,1997,2,16.81368637084961
-42_148,1997-03-16,1997,3,16.75031280517578
-42_148,1997-04-16,1997,4,15.94686508178711
-42_148,1997-05-16,1997,5,14.346071243286133
-42_148,1997-06-16,1997,6,13.951107025146484
-42_148,1997-07-16,1997,7,13.01397705078125
-42_148,1997-08-16,1997,8,12.685603141784668
-42_148,1997-09-16,1997,9,12.7418212890625
-42_148,1997-10-16,1997,10,13.472997665405273
-42_148,1997-11-16,1997,11,14.179122924804688
-42_148,1997-12-16,1997,12,15.492496490478516
-42_148,1998-01-16,1998,1,17.47601318359375
-42_148,1998-02-15,1998,2,17.605594635009766
-42_148,1998-03-16,1998,3,17.005226135253906
-42_148,1998-04-16,1998,4,15.408210754394531
-42_148,1998-05-16,1998,5,14.551994323730469
-42_148,1998-06-16,1998,6,14.006813049316406
-42_148,1998-07-16,1998,7,13.353663444519043
-42_148,1998-08-16,1998,8,13.044759750366211
-42_148,1998-09-16,1998,9,12.829415321350098
-42_148,1998-10-16,1998,10,13.120246887207031
-42_148,1998-11-16,1998,11,13.948481559753418
-42_148,1998-12-16,1998,12,15.66786003112793
-42_148,1999-01-16,1999,1,16.82500457763672
-42_148,1999-02-15,1999,2,17.492624282836914
-42_148,1999-03-16,1999,3,17.558507919311523
-42_148,1999-04-16,1999,4,16.1644344329834
-42_148,1999-05-16,1999,5,14.924589157104492
-42_148,1999-06-16,1999,6,14.274126052856445
-42_148,1999-07-16,1999,7,13.590106964111328
-42_148,1999-08-16,1999,8,12.978939056396484
-42_148,1999-09-16,1999,9,12.596759796142578
-42_148,1999-10-16,1999,10,13.35024642944336
-42_148,1999-11-16,1999,11,14.111553192138672
-42_148,1999-12-16,1999,12,15.844807624816895
-42_148,2000-01-16,2000,1,16.64702606201172
-42_148,2000-02-15,2000,2,17.302288055419922
-42_148,2000-03-16,2000,3,17.474151611328125
-42_148,2000-04-16,2000,4,16.527015686035156
-42_148,2000-05-16,2000,5,14.903799057006836
-42_148,2000-06-16,2000,6,14.09329605102539
-42_148,2000-07-16,2000,7,13.276512145996094
-42_148,2000-08-16,2000,8,13.149983406066895
-42_148,2000-09-16,2000,9,12.694700241088867
-42_148,2000-10-16,2000,10,13.43556022644043
-42_148,2000-11-16,2000,11,14.650028228759766
-42_148,2000-12-16,2000,12,15.904029846191406
-42_148,2001-01-16,2001,1,16.829967498779297
-42_148,2001-02-15,2001,2,17.78494644165039
-42_148,2001-03-16,2001,3,17.937236785888672
-42_148,2001-04-16,2001,4,16.888072967529297
-42_148,2001-05-16,2001,5,15.459749221801758
-42_148,2001-06-16,2001,6,14.696394920349121
-42_148,2001-07-16,2001,7,13.551719665527344
-42_148,2001-08-16,2001,8,13.246585845947266
-42_148,2001-09-16,2001,9,12.999502182006836
-42_148,2001-10-16,2001,10,13.597152709960938
-42_148,2001-11-16,2001,11,13.986923217773438
-42_148,2001-12-16,2001,12,15.052295684814453
-42_148,2002-01-16,2002,1,15.853727340698242
-42_148,2002-02-15,2002,2,16.871280670166016
-42_148,2002-03-16,2002,3,16.858537673950195
-42_148,2002-04-16,2002,4,16.04499626159668
-42_148,2002-05-16,2002,5,15.68053150177002
-42_148,2002-06-16,2002,6,14.306605339050293
-42_148,2002-07-16,2002,7,13.488496780395508
-42_148,2002-08-16,2002,8,13.541106224060059
-42_148,2002-09-16,2002,9,12.900707244873047
-42_148,2002-10-16,2002,10,13.680463790893555
-42_148,2002-11-16,2002,11,13.949822425842285
-42_148,2002-12-16,2002,12,15.01456356048584
-42_148,2003-01-16,2003,1,16.307899475097656
-42_148,2003-02-15,2003,2,17.168590545654297
-42_148,2003-03-16,2003,3,16.98847198486328
-42_148,2003-04-16,2003,4,16.13796043395996
-42_148,2003-05-16,2003,5,14.746106147766113
-42_148,2003-06-16,2003,6,14.044049263000488
-42_148,2003-07-16,2003,7,13.14094352722168
-42_148,2003-08-16,2003,8,12.683921813964844
-42_148,2003-09-16,2003,9,12.401850700378418
-42_148,2003-10-16,2003,10,13.024800300598145
-42_148,2003-11-16,2003,11,13.837613105773926
-42_148,2003-12-16,2003,12,15.169991493225098
-42_148,2004-01-16,2004,1,16.31540298461914
-42_148,2004-02-15,2004,2,16.838645935058594
-42_148,2004-03-16,2004,3,16.508113861083984
-42_148,2004-04-16,2004,4,16.401729583740234
-42_148,2004-05-16,2004,5,14.411994934082031
-42_148,2004-06-16,2004,6,13.155879020690918
-42_148,2004-07-16,2004,7,12.783008575439453
-42_148,2004-08-16,2004,8,12.679342269897461
-42_148,2004-09-16,2004,9,12.529790878295898
-42_148,2004-10-16,2004,10,13.068546295166016
-42_148,2004-11-16,2004,11,13.99863338470459
-42_148,2004-12-16,2004,12,14.936004638671875
-42_148,2005-01-16,2005,1,16.362417221069336
-42_148,2005-02-15,2005,2,16.902542114257813
-42_148,2005-03-16,2005,3,16.628814697265625
-42_148,2005-04-16,2005,4,15.90185260772705
-42_148,2005-05-16,2005,5,14.275012969970703
-42_148,2005-06-16,2005,6,13.807934761047363
-42_148,2005-07-16,2005,7,13.355947494506836
-42_148,2005-08-16,2005,8,13.11501407623291
-42_148,2005-09-16,2005,9,12.551280975341797
-42_148,2005-10-16,2005,10,13.514240264892578
-42_148,2005-11-16,2005,11,14.173781394958496
-42_148,2005-12-16,2005,12,15.127164840698242
-42_148,2006-01-16,2006,1,16.422517776489258
-42_148,2006-02-15,2006,2,17.201892852783203
-42_148,2006-03-16,2006,3,17.496339797973633
-42_148,2006-04-16,2006,4,15.795620918273926
-42_148,2006-05-16,2006,5,13.74854564666748
-42_148,2006-06-16,2006,6,13.627314567565918
-42_148,2006-07-16,2006,7,13.135322570800781
-42_148,2006-08-16,2006,8,12.915794372558594
-42_148,2006-09-16,2006,9,12.754088401794434
-42_148,2006-10-16,2006,10,13.420066833496094
-42_148,2006-11-16,2006,11,14.278818130493164
-42_148,2006-12-16,2006,12,15.769379615783691
-42_148,2007-01-16,2007,1,16.44249725341797
-42_148,2007-02-15,2007,2,17.46144676208496
-42_148,2007-03-16,2007,3,17.79151153564453
-42_148,2007-04-16,2007,4,16.21764373779297
-42_148,2007-05-16,2007,5,14.935842514038086
-42_148,2007-06-16,2007,6,13.826055526733398
-42_148,2007-07-16,2007,7,12.779999732971191
-42_148,2007-08-16,2007,8,12.704604148864746
-42_148,2007-09-16,2007,9,12.476240158081055
-42_148,2007-10-16,2007,10,13.16323471069336
-42_148,2007-11-16,2007,11,14.633856773376465
-42_148,2007-12-16,2007,12,15.611428260803223
-42_148,2008-01-16,2008,1,17.04046630859375
-42_148,2008-02-15,2008,2,17.551706314086914
-42_148,2008-03-16,2008,3,17.373458862304688
-42_148,2008-04-16,2008,4,15.875090599060059
-42_148,2008-05-16,2008,5,15.064207077026367
-42_148,2008-06-16,2008,6,14.28546142578125
-42_148,2008-07-16,2008,7,13.223733901977539
-42_148,2008-08-16,2008,8,12.712057113647461
-42_148,2008-09-16,2008,9,12.50546646118164
-42_148,2008-10-16,2008,10,13.518552780151367
-42_148,2008-11-16,2008,11,14.326557159423828
-42_148,2008-12-16,2008,12,14.707084655761719
-42_148,2009-01-16,2009,1,16.124340057373047
-42_148,2009-02-15,2009,2,17.64374542236328
-42_148,2009-03-16,2009,3,16.655075073242188
-42_148,2009-04-16,2009,4,16.5916805267334
-42_148,2009-05-16,2009,5,14.682918548583984
-42_148,2009-06-16,2009,6,14.331863403320313
-42_148,2009-07-16,2009,7,13.524041175842285
-42_148,2009-08-16,2009,8,12.721258163452148
-42_148,2009-09-16,2009,9,12.806130409240723
-42_148,2009-10-16,2009,10,12.759243965148926
-42_148,2009-11-16,2009,11,14.4229736328125
-42_148,2009-12-16,2009,12,16.09527587890625
-42_148,2010-01-16,2010,1,16.88034439086914
-42_148,2010-02-15,2010,2,18.61693000793457
-42_148,2010-03-16,2010,3,17.823976516723633
-42_148,2010-04-16,2010,4,16.92176628112793
-42_148,2010-05-16,2010,5,15.150879859924316
-42_148,2010-06-16,2010,6,14.175712585449219
-42_148,2010-07-16,2010,7,13.319950103759766
-42_148,2010-08-16,2010,8,12.701805114746094
-42_148,2010-09-16,2010,9,12.461202621459961
-42_148,2010-10-16,2010,10,12.96839427947998
-42_148,2010-11-16,2010,11,14.214634895324707
-42_148,2010-12-16,2010,12,16.066673278808594
-42_148,2011-01-16,2011,1,17.16499900817871
-42_148,2011-02-15,2011,2,17.566591262817383
-42_148,2011-03-16,2011,3,17.105810165405273
-42_148,2011-04-16,2011,4,16.390899658203125
-42_148,2011-05-16,2011,5,14.718985557556152
-42_148,2011-06-16,2011,6,14.363158226013184
-42_148,2011-07-16,2011,7,13.081469535827637
-42_148,2011-08-16,2011,8,13.23654556274414
-42_148,2011-09-16,2011,9,13.00848388671875
-42_148,2011-10-16,2011,10,13.484758377075195
-42_148,2011-11-16,2011,11,13.804931640625
-42_148,2011-12-16,2011,12,16.046520233154297
-42_148,2012-01-16,2012,1,17.339229583740234
-42_148,2012-02-15,2012,2,17.39118003845215
-42_148,2012-03-16,2012,3,16.939271926879883
-42_148,2012-04-16,2012,4,16.135587692260742
-42_148,2012-05-16,2012,5,14.697872161865234
-42_148,2012-06-16,2012,6,13.527356147766113
-42_148,2012-07-16,2012,7,13.192682266235352
-42_148,2012-08-16,2012,8,12.405681610107422
-42_148,2012-09-16,2012,9,12.69996452331543
-42_148,2012-10-16,2012,10,13.115057945251465
-42_148,2012-11-16,2012,11,14.046424865722656
-42_148,2012-12-16,2012,12,15.74113655090332
-42_148,2013-01-16,2013,1,16.606685638427734
-42_148,2013-02-15,2013,2,17.59680938720703
-42_148,2013-03-16,2013,3,17.85613250732422
-42_148,2013-04-16,2013,4,17.37750244140625
-42_148,2013-05-16,2013,5,15.188611030578613
-42_148,2013-06-16,2013,6,14.081964492797852
-42_148,2013-07-16,2013,7,13.413342475891113
-42_148,2013-08-16,2013,8,13.072702407836914
-42_148,2013-09-16,2013,9,12.62768268585205
-42_148,2013-10-16,2013,10,12.753217697143555
-42_148,2013-11-16,2013,11,14.500870704650879
-42_148,2013-12-16,2013,12,15.201278686523438
-42_148,2014-01-16,2014,1,15.923673629760742
-42_148,2014-02-15,2014,2,17.479206085205078
-42_148,2014-03-16,2014,3,17.47952651977539
-42_148,2014-04-16,2014,4,17.265464782714844
-42_148,2014-05-16,2014,5,15.422345161437988
-42_148,2014-06-16,2014,6,14.663501739501953
-42_148,2014-07-16,2014,7,13.35743522644043
-42_148,2014-08-16,2014,8,13.100740432739258
-42_148,2014-09-16,2014,9,12.917922973632813
-42_148,2014-10-16,2014,10,13.857063293457031
-42_148,2014-11-16,2014,11,14.85822582244873
-42_148,2014-12-16,2014,12,16.46368408203125
-42_148,2015-01-16,2015,1,17.178682327270508
-42_148,2015-02-15,2015,2,18.026042938232422
-42_148,2015-03-16,2015,3,17.506755828857422
-42_148,2015-04-16,2015,4,16.92542266845703
-42_148,2015-05-16,2015,5,14.606217384338379
-42_148,2015-06-16,2015,6,14.193543434143066
-42_148,2015-07-16,2015,7,13.535011291503906
-42_148,2015-08-16,2015,8,12.635730743408203
-42_148,2015-09-16,2015,9,13.112176895141602
-42_148,2015-10-16,2015,10,14.13355827331543
-42_148,2015-11-16,2015,11,15.43246841430664
-42_148,2015-12-16,2015,12,17.155445098876953
-42_148,2016-01-16,2016,1,18.450599670410156
-42_148,2016-02-15,2016,2,19.12986946105957
-42_148,2016-03-16,2016,3,18.464847564697266
-42_148,2016-04-16,2016,4,17.586605072021484
-42_148,2016-05-16,2016,5,14.925750732421875
-42_148,2016-06-16,2016,6,13.932117462158203
-42_148,2016-07-16,2016,7,13.195632934570313
-42_148,2016-08-16,2016,8,12.936174392700195
-42_148,2016-09-16,2016,9,13.039351463317871
-42_148,2016-10-16,2016,10,13.187355041503906
-42_148,2016-11-16,2016,11,13.962745666503906
-42_148,2016-12-16,2016,12,14.775254249572754
-42_148,2017-01-16,2017,1,16.98656463623047
-42_148,2017-02-15,2017,2,17.65386390686035
-42_148,2017-03-16,2017,3,17.972721099853516
-42_148,2017-04-16,2017,4,16.963092803955078
-42_148,2017-05-16,2017,5,15.428275108337402
-42_148,2017-06-16,2017,6,14.423762321472168
-42_148,2017-07-16,2017,7,13.736685752868652
-42_148,2017-08-16,2017,8,12.8116455078125
-42_148,2017-09-16,2017,9,12.621944427490234
-42_148,2017-10-16,2017,10,14.05028247833252
-42_148,2017-11-16,2017,11,15.20205307006836
-42_148,2017-12-16,2017,12,16.44396209716797
-42_148,2018-01-16,2018,1,17.84819221496582
-42_148,2018-02-15,2018,2,18.490379333496094
-42_148,2018-03-16,2018,3,17.961498260498047
-42_148,2018-04-16,2018,4,16.496429443359375
-42_148,2018-05-16,2018,5,14.351154327392578
-42_148,2018-06-16,2018,6,14.028074264526367
-42_148,2018-07-16,2018,7,13.328250885009766
-42_148,2018-08-16,2018,8,13.074323654174805
-42_148,2018-09-16,2018,9,12.64339828491211
-42_148,2018-10-16,2018,10,13.971063613891602
-42_148,2018-11-16,2018,11,14.65060806274414
-42_148,2018-12-16,2018,12,16.214366912841797
-42_148,2019-01-16,2019,1,17.45390510559082
-42_148,2019-02-15,2019,2,18.51519012451172
-42_148,2019-03-16,2019,3,17.650680541992188
-42_148,2019-04-16,2019,4,16.882923126220703
-42_148,2019-05-16,2019,5,14.99423885345459
-42_148,2019-06-16,2019,6,13.864877700805664
-42_148,2019-07-16,2019,7,12.941207885742188
-42_148,2019-08-16,2019,8,12.454437255859375
-42_148,2019-09-16,2019,9,12.320316314697266
-42_148,2019-10-16,2019,10,13.407451629638672
-42_148,2019-11-16,2019,11,14.238298416137695
-42_148,2019-12-16,2019,12,15.342401504516602
-42_148,2020-01-16,2020,1,17.117525100708008
-42_148,2020-02-15,2020,2,17.478668212890625
-42_148,2020-03-16,2020,3,17.47652816772461
-42_148,2020-04-16,2020,4,16.26340675354004
-42_148,2020-05-16,2020,5,14.458614349365234
-42_148,2020-06-16,2020,6,14.02031135559082
-42_148,2020-07-16,2020,7,13.527425765991211
-42_148,2020-08-16,2020,8,13.17976188659668
-42_148,2020-09-16,2020,9,12.695076942443848
-42_148,2020-10-16,2020,10,13.632179260253906
-42_148,2020-11-16,2020,11,14.681262969970703
-42_148,2020-12-16,2020,12,15.550418853759766
-42_148,2021-01-16,2021,1,17.649639129638672
-42_148,2021-02-15,2021,2,17.586864471435547
-42_148,2021-03-16,2021,3,16.686702728271484
-42_148,2021-04-16,2021,4,16.065441131591797
-42_148,2021-05-16,2021,5,15.059468269348145
-42_148,2021-06-16,2021,6,14.402979850769043
-42_148,2021-07-16,2021,7,13.75157642364502
-42_148,2021-08-16,2021,8,13.13155746459961
-42_148,2021-09-16,2021,9,12.733484268188477
-42_148,2021-10-16,2021,10,13.177130699157715
-42_148,2021-11-16,2021,11,14.565054893493652
-42_148,2021-12-16,2021,12,15.754396438598633
-42_148,2022-01-16,2022,1,17.441410064697266
-42_148,2022-02-15,2022,2,18.547517776489258
-42_148,2022-03-16,2022,3,18.537038803100586
-42_148,2022-04-16,2022,4,16.566085815429688
-42_148,2022-05-16,2022,5,15.850929260253906
-42_148,2022-06-16,2022,6,14.463799476623535
-42_148,2022-07-16,2022,7,13.66323471069336
-42_148,2022-08-16,2022,8,13.21820068359375
-42_148,2022-09-16,2022,9,13.027970314025879
-42_148,2022-10-16,2022,10,13.868167877197266
-42_148,2022-11-16,2022,11,14.703315734863281
-42_148,2022-12-16,2022,12,14.882892608642578
-42_148,2023-01-16,2023,1,18.14630699157715
-42_148,2023-02-15,2023,2,17.932024002075195
-42_148,2023-03-16,2023,3,17.86957359313965
-42_148,2023-04-16,2023,4,16.689056396484375
-42_148,2023-05-16,2023,5,15.370140075683594
-42_148,2023-06-16,2023,6,14.30346965789795
-42_148,2023-07-16,2023,7,13.651874542236328
-42_148,2023-08-16,2023,8,13.388345718383789
-42_148,2023-09-16,2023,9,12.952930450439453
-42_148,2023-10-16,2023,10,14.29637336730957
-42_148,2023-11-16,2023,11,15.419668197631836
-42_148,2023-12-16,2023,12,17.24947738647461
-42_148,2024-01-16,2024,1,17.890649795532227
-42_148,2024-02-15,2024,2,17.90283203125
-42_148,2024-03-16,2024,3,18.378803253173828
-42_148,2024-04-16,2024,4,17.214996337890625
-42_148,2024-05-16,2024,5,15.835253715515137
-42_148,2024-06-16,2024,6,14.315388679504395
-42_148,2024-07-16,2024,7,14.082344055175781
-42_148,2024-08-16,2024,8,13.709039688110352
-42_148,2024-09-16,2024,9,12.867180824279785
-42_148,2024-10-16,2024,10,13.970508575439453
-42_148,2024-11-16,2024,11,14.626829147338867
-42_148,2024-12-16,2024,12,16.84051513671875
-42_148,2025-01-16,2025,1,17.533626556396484
-42_148,2025-02-15,2025,2,18.791183471679688
-42_148,2025-03-16,2025,3,18.217769622802734
-42_148,2025-04-16,2025,4,17.131568908691406
-42_148,2025-05-16,2025,5,15.914474487304688
-42_148,2025-06-16,2025,6,14.663692474365234
-42_148,2025-07-16,2025,7,13.929143905639648
-42_148,2025-08-16,2025,8,13.581436157226563
-42_148,2025-09-16,2025,9,12.923476219177246
-42_148,2025-10-16,2025,10,13.672351837158203
-42_148,2025-11-16,2025,11,13.711780548095703
-42_148,2025-12-16,2025,12,15.615028381347656
-39_146,1992-01-16,1992,1,16.78032684326172
-39_146,1992-02-15,1992,2,17.93018341064453
-39_146,1992-03-16,1992,3,18.170143127441406
-39_146,1992-04-16,1992,4,17.363422393798828
-39_146,1992-05-16,1992,5,15.83033561706543
-39_146,1992-06-16,1992,6,14.385391235351563
-39_146,1992-07-16,1992,7,13.212278366088867
-39_146,1992-08-16,1992,8,12.905633926391602
-39_146,1992-09-16,1992,9,12.901372909545898
-39_146,1992-10-16,1992,10,13.439569473266602
-39_146,1992-11-16,1992,11,14.420392990112305
-39_146,1992-12-16,1992,12,15.950983047485352
-39_146,1993-01-16,1993,1,17.214370727539063
-39_146,1993-02-15,1993,2,18.421672821044922
-39_146,1993-03-16,1993,3,18.44882583618164
-39_146,1993-04-16,1993,4,17.49248504638672
-39_146,1993-05-16,1993,5,15.859077453613281
-39_146,1993-06-16,1993,6,14.719789505004883
-39_146,1993-07-16,1993,7,13.310279846191406
-39_146,1993-08-16,1993,8,13.024624824523926
-39_146,1993-09-16,1993,9,13.005041122436523
-39_146,1993-10-16,1993,10,13.671426773071289
-39_146,1993-11-16,1993,11,14.559425354003906
-39_146,1993-12-16,1993,12,15.898580551147461
-39_146,1994-01-16,1994,1,16.06555938720703
-39_146,1994-02-15,1994,2,18.231426239013672
-39_146,1994-03-16,1994,3,17.457143783569336
-39_146,1994-04-16,1994,4,17.272293090820313
-39_146,1994-05-16,1994,5,15.264606475830078
-39_146,1994-06-16,1994,6,14.591460227966309
-39_146,1994-07-16,1994,7,13.385168075561523
-39_146,1994-08-16,1994,8,12.755424499511719
-39_146,1994-09-16,1994,9,12.531588554382324
-39_146,1994-10-16,1994,10,13.591243743896484
-39_146,1994-11-16,1994,11,14.323101997375488
-39_146,1994-12-16,1994,12,16.485614776611328
-39_146,1995-01-16,1995,1,17.140674591064453
-39_146,1995-02-15,1995,2,18.20888900756836
-39_146,1995-03-16,1995,3,17.52865219116211
-39_146,1995-04-16,1995,4,15.832468032836914
-39_146,1995-05-16,1995,5,14.8453950881958
-39_146,1995-06-16,1995,6,13.785208702087402
-39_146,1995-07-16,1995,7,12.483833312988281
-39_146,1995-08-16,1995,8,12.47900390625
-39_146,1995-09-16,1995,9,12.511308670043945
-39_146,1995-10-16,1995,10,13.479525566101074
-39_146,1995-11-16,1995,11,14.504676818847656
-39_146,1995-12-16,1995,12,15.97313404083252
-39_146,1996-01-16,1996,1,17.3751277923584
-39_146,1996-02-15,1996,2,17.731048583984375
-39_146,1996-03-16,1996,3,17.493515014648438
-39_146,1996-04-16,1996,4,16.48679542541504
-39_146,1996-05-16,1996,5,14.874834060668945
-39_146,1996-06-16,1996,6,14.109794616699219
-39_146,1996-07-16,1996,7,13.501713752746582
-39_146,1996-08-16,1996,8,13.002384185791016
-39_146,1996-09-16,1996,9,12.847638130187988
-39_146,1996-10-16,1996,10,12.960695266723633
-39_146,1996-11-16,1996,11,13.896099090576172
-39_146,1996-12-16,1996,12,15.221084594726563
-39_146,1997-01-16,1997,1,17.202579498291016
-39_146,1997-02-15,1997,2,18.08249282836914
-39_146,1997-03-16,1997,3,17.738082885742188
-39_146,1997-04-16,1997,4,16.502830505371094
-39_146,1997-05-16,1997,5,15.304673194885254
-39_146,1997-06-16,1997,6,14.37437915802002
-39_146,1997-07-16,1997,7,13.475772857666016
-39_146,1997-08-16,1997,8,13.05811595916748
-39_146,1997-09-16,1997,9,13.128307342529297
-39_146,1997-10-16,1997,10,13.827522277832031
-39_146,1997-11-16,1997,11,14.958791732788086
-39_146,1997-12-16,1997,12,16.359163284301758
-39_146,1998-01-16,1998,1,18.059051513671875
-39_146,1998-02-15,1998,2,18.860286712646484
-39_146,1998-03-16,1998,3,18.17544937133789
-39_146,1998-04-16,1998,4,16.744319915771484
-39_146,1998-05-16,1998,5,15.813070297241211
-39_146,1998-06-16,1998,6,14.621221542358398
-39_146,1998-07-16,1998,7,13.747054100036621
-39_146,1998-08-16,1998,8,12.896064758300781
-39_146,1998-09-16,1998,9,13.46681022644043
-39_146,1998-10-16,1998,10,13.8240385055542
-39_146,1998-11-16,1998,11,15.04403305053711
-39_146,1998-12-16,1998,12,16.379962921142578
-39_146,1999-01-16,1999,1,18.115680694580078
-39_146,1999-02-15,1999,2,18.530332565307617
-39_146,1999-03-16,1999,3,18.602365493774414
-39_146,1999-04-16,1999,4,17.284799575805664
-39_146,1999-05-16,1999,5,15.941190719604492
-39_146,1999-06-16,1999,6,14.898941040039063
-39_146,1999-07-16,1999,7,13.763696670532227
-39_146,1999-08-16,1999,8,13.131814002990723
-39_146,1999-09-16,1999,9,13.165989875793457
-39_146,1999-10-16,1999,10,14.73678970336914
-39_146,1999-11-16,1999,11,14.978825569152832
-39_146,1999-12-16,1999,12,16.601139068603516
-39_146,2000-01-16,2000,1,18.01622772216797
-39_146,2000-02-15,2000,2,18.71611785888672
-39_146,2000-03-16,2000,3,18.746959686279297
-39_146,2000-04-16,2000,4,18.07436752319336
-39_146,2000-05-16,2000,5,16.420974731445313
-39_146,2000-06-16,2000,6,15.252044677734375
-39_146,2000-07-16,2000,7,13.90882396697998
-39_146,2000-08-16,2000,8,13.359869003295898
-39_146,2000-09-16,2000,9,13.688868522644043
-39_146,2000-10-16,2000,10,13.8815279006958
-39_146,2000-11-16,2000,11,15.598596572875977
-39_146,2000-12-16,2000,12,17.406652450561523
-39_146,2001-01-16,2001,1,18.94668960571289
-39_146,2001-02-15,2001,2,19.24378204345703
-39_146,2001-03-16,2001,3,19.211185455322266
-39_146,2001-04-16,2001,4,17.669578552246094
-39_146,2001-05-16,2001,5,16.337480545043945
-39_146,2001-06-16,2001,6,15.292906761169434
-39_146,2001-07-16,2001,7,13.833148002624512
-39_146,2001-08-16,2001,8,13.477848052978516
-39_146,2001-09-16,2001,9,13.918466567993164
-39_146,2001-10-16,2001,10,14.067193031311035
-39_146,2001-11-16,2001,11,15.07872200012207
-39_146,2001-12-16,2001,12,16.66646957397461
-39_146,2002-01-16,2002,1,17.110246658325195
-39_146,2002-02-15,2002,2,18.10245704650879
-39_146,2002-03-16,2002,3,17.837223052978516
-39_146,2002-04-16,2002,4,17.138362884521484
-39_146,2002-05-16,2002,5,16.17953872680664
-39_146,2002-06-16,2002,6,14.93117904663086
-39_146,2002-07-16,2002,7,13.637672424316406
-39_146,2002-08-16,2002,8,13.60850715637207
-39_146,2002-09-16,2002,9,13.223647117614746
-39_146,2002-10-16,2002,10,13.912580490112305
-39_146,2002-11-16,2002,11,14.612001419067383
-39_146,2002-12-16,2002,12,16.094552993774414
-39_146,2003-01-16,2003,1,17.326841354370117
-39_146,2003-02-15,2003,2,18.386762619018555
-39_146,2003-03-16,2003,3,18.060760498046875
-39_146,2003-04-16,2003,4,17.379070281982422
-39_146,2003-05-16,2003,5,15.77977466583252
-39_146,2003-06-16,2003,6,14.765838623046875
-39_146,2003-07-16,2003,7,13.682936668395996
-39_146,2003-08-16,2003,8,13.242378234863281
-39_146,2003-09-16,2003,9,12.560632705688477
-39_146,2003-10-16,2003,10,13.480144500732422
-39_146,2003-11-16,2003,11,15.126181602478027
-39_146,2003-12-16,2003,12,16.30673599243164
-39_146,2004-01-16,2004,1,17.772811889648438
-39_146,2004-02-15,2004,2,18.12596893310547
-39_146,2004-03-16,2004,3,17.663558959960938
-39_146,2004-04-16,2004,4,17.16400146484375
-39_146,2004-05-16,2004,5,14.940046310424805
-39_146,2004-06-16,2004,6,13.954145431518555
-39_146,2004-07-16,2004,7,12.721964836120605
-39_146,2004-08-16,2004,8,12.79540729522705
-39_146,2004-09-16,2004,9,13.245564460754395
-39_146,2004-10-16,2004,10,13.635636329650879
-39_146,2004-11-16,2004,11,14.776803970336914
-39_146,2004-12-16,2004,12,16.525835037231445
-39_146,2005-01-16,2005,1,17.69882583618164
-39_146,2005-02-15,2005,2,18.263954162597656
-39_146,2005-03-16,2005,3,17.711864471435547
-39_146,2005-04-16,2005,4,17.176555633544922
-39_146,2005-05-16,2005,5,15.46959114074707
-39_146,2005-06-16,2005,6,14.778524398803711
-39_146,2005-07-16,2005,7,13.85186767578125
-39_146,2005-08-16,2005,8,13.257633209228516
-39_146,2005-09-16,2005,9,13.383394241333008
-39_146,2005-10-16,2005,10,14.242794036865234
-39_146,2005-11-16,2005,11,15.42949390411377
-39_146,2005-12-16,2005,12,16.876422882080078
-39_146,2006-01-16,2006,1,17.895668029785156
-39_146,2006-02-15,2006,2,18.516239166259766
-39_146,2006-03-16,2006,3,18.301483154296875
-39_146,2006-04-16,2006,4,16.880834579467773
-39_146,2006-05-16,2006,5,14.869997024536133
-39_146,2006-06-16,2006,6,14.134716987609863
-39_146,2006-07-16,2006,7,13.182909965515137
-39_146,2006-08-16,2006,8,12.807466506958008
-39_146,2006-09-16,2006,9,12.872407913208008
-39_146,2006-10-16,2006,10,13.559188842773438
-39_146,2006-11-16,2006,11,14.815256118774414
-39_146,2006-12-16,2006,12,16.57742691040039
-39_146,2007-01-16,2007,1,17.302230834960938
-39_146,2007-02-15,2007,2,18.870285034179688
-39_146,2007-03-16,2007,3,18.621078491210938
-39_146,2007-04-16,2007,4,17.359739303588867
-39_146,2007-05-16,2007,5,15.921010971069336
-39_146,2007-06-16,2007,6,14.4649019241333
-39_146,2007-07-16,2007,7,13.344176292419434
-39_146,2007-08-16,2007,8,13.29144287109375
-39_146,2007-09-16,2007,9,13.106863975524902
-39_146,2007-10-16,2007,10,13.552291870117188
-39_146,2007-11-16,2007,11,15.386937141418457
-39_146,2007-12-16,2007,12,17.1888427734375
-39_146,2008-01-16,2008,1,18.17591094970703
-39_146,2008-02-15,2008,2,18.428028106689453
-39_146,2008-03-16,2008,3,18.608383178710938
-39_146,2008-04-16,2008,4,17.268539428710938
-39_146,2008-05-16,2008,5,15.933822631835938
-39_146,2008-06-16,2008,6,14.917198181152344
-39_146,2008-07-16,2008,7,13.682154655456543
-39_146,2008-08-16,2008,8,12.998550415039063
-39_146,2008-09-16,2008,9,13.310954093933105
-39_146,2008-10-16,2008,10,14.19902229309082
-39_146,2008-11-16,2008,11,15.080909729003906
-39_146,2008-12-16,2008,12,15.884113311767578
-39_146,2009-01-16,2009,1,17.10044288635254
-39_146,2009-02-15,2009,2,18.44076919555664
-39_146,2009-03-16,2009,3,17.935543060302734
-39_146,2009-04-16,2009,4,17.358257293701172
-39_146,2009-05-16,2009,5,15.404813766479492
-39_146,2009-06-16,2009,6,14.609130859375
-39_146,2009-07-16,2009,7,13.428019523620605
-39_146,2009-08-16,2009,8,13.250218391418457
-39_146,2009-09-16,2009,9,13.375802040100098
-39_146,2009-10-16,2009,10,13.91490364074707
-39_146,2009-11-16,2009,11,15.877593994140625
-39_146,2009-12-16,2009,12,16.964855194091797
-39_146,2010-01-16,2010,1,18.155305862426758
-39_146,2010-02-15,2010,2,19.45001220703125
-39_146,2010-03-16,2010,3,19.307493209838867
-39_146,2010-04-16,2010,4,18.018362045288086
-39_146,2010-05-16,2010,5,16.164756774902344
-39_146,2010-06-16,2010,6,15.218214988708496
-39_146,2010-07-16,2010,7,13.722067832946777
-39_146,2010-08-16,2010,8,13.1161527633667
-39_146,2010-09-16,2010,9,12.602377891540527
-39_146,2010-10-16,2010,10,13.549701690673828
-39_146,2010-11-16,2010,11,15.082664489746094
-39_146,2010-12-16,2010,12,16.58823013305664
-39_146,2011-01-16,2011,1,17.64777374267578
-39_146,2011-02-15,2011,2,18.513124465942383
-39_146,2011-03-16,2011,3,18.278514862060547
-39_146,2011-04-16,2011,4,17.666088104248047
-39_146,2011-05-16,2011,5,15.834772109985352
-39_146,2011-06-16,2011,6,14.172127723693848
-39_146,2011-07-16,2011,7,13.069624900817871
-39_146,2011-08-16,2011,8,13.284489631652832
-39_146,2011-09-16,2011,9,13.205238342285156
-39_146,2011-10-16,2011,10,14.310874938964844
-39_146,2011-11-16,2011,11,15.377740859985352
-39_146,2011-12-16,2011,12,17.180038452148438
-39_146,2012-01-16,2012,1,18.265113830566406
-39_146,2012-02-15,2012,2,19.386077880859375
-39_146,2012-03-16,2012,3,18.149208068847656
-39_146,2012-04-16,2012,4,17.42983627319336
-39_146,2012-05-16,2012,5,15.693143844604492
-39_146,2012-06-16,2012,6,14.49222183227539
-39_146,2012-07-16,2012,7,13.304512977600098
-39_146,2012-08-16,2012,8,12.875877380371094
-39_146,2012-09-16,2012,9,13.070625305175781
-39_146,2012-10-16,2012,10,13.345849990844727
-39_146,2012-11-16,2012,11,14.811869621276855
-39_146,2012-12-16,2012,12,16.7474365234375
-39_146,2013-01-16,2013,1,17.807514190673828
-39_146,2013-02-15,2013,2,18.90587615966797
-39_146,2013-03-16,2013,3,19.173797607421875
-39_146,2013-04-16,2013,4,18.03373146057129
-39_146,2013-05-16,2013,5,15.868711471557617
-39_146,2013-06-16,2013,6,14.674427032470703
-39_146,2013-07-16,2013,7,13.993267059326172
-39_146,2013-08-16,2013,8,13.536388397216797
-39_146,2013-09-16,2013,9,13.63703441619873
-39_146,2013-10-16,2013,10,13.907381057739258
-39_146,2013-11-16,2013,11,15.046186447143555
-39_146,2013-12-16,2013,12,16.113677978515625
-39_146,2014-01-16,2014,1,17.403541564941406
-39_146,2014-02-15,2014,2,18.600128173828125
-39_146,2014-03-16,2014,3,18.570171356201172
-39_146,2014-04-16,2014,4,17.878841400146484
-39_146,2014-05-16,2014,5,16.43754005432129
-39_146,2014-06-16,2014,6,15.279213905334473
-39_146,2014-07-16,2014,7,13.833614349365234
-39_146,2014-08-16,2014,8,13.537899017333984
-39_146,2014-09-16,2014,9,13.525960922241211
-39_146,2014-10-16,2014,10,14.172432899475098
-39_146,2014-11-16,2014,11,15.493448257446289
-39_146,2014-12-16,2014,12,16.876197814941406
-39_146,2015-01-16,2015,1,18.13033676147461
-39_146,2015-02-15,2015,2,19.22419548034668
-39_146,2015-03-16,2015,3,17.969825744628906
-39_146,2015-04-16,2015,4,17.54928970336914
-39_146,2015-05-16,2015,5,15.737853050231934
-39_146,2015-06-16,2015,6,14.241582870483398
-39_146,2015-07-16,2015,7,13.64805793762207
-39_146,2015-08-16,2015,8,12.795778274536133
-39_146,2015-09-16,2015,9,13.280353546142578
-39_146,2015-10-16,2015,10,14.713146209716797
-39_146,2015-11-16,2015,11,15.810831069946289
-39_146,2015-12-16,2015,12,17.803388595581055
-39_146,2016-01-16,2016,1,18.791664123535156
-39_146,2016-02-15,2016,2,19.73826026916504
-39_146,2016-03-16,2016,3,19.84070587158203
-39_146,2016-04-16,2016,4,18.380319595336914
-39_146,2016-05-16,2016,5,16.057525634765625
-39_146,2016-06-16,2016,6,14.809810638427734
-39_146,2016-07-16,2016,7,13.539739608764648
-39_146,2016-08-16,2016,8,12.77581787109375
-39_146,2016-09-16,2016,9,13.507442474365234
-39_146,2016-10-16,2016,10,13.493684768676758
-39_146,2016-11-16,2016,11,14.762834548950195
-39_146,2016-12-16,2016,12,16.36115837097168
-39_146,2017-01-16,2017,1,18.39389419555664
-39_146,2017-02-15,2017,2,18.59867286682129
-39_146,2017-03-16,2017,3,19.252315521240234
-39_146,2017-04-16,2017,4,18.087366104125977
-39_146,2017-05-16,2017,5,16.099063873291016
-39_146,2017-06-16,2017,6,15.038883209228516
-39_146,2017-07-16,2017,7,13.488975524902344
-39_146,2017-08-16,2017,8,13.221315383911133
-39_146,2017-09-16,2017,9,12.86220645904541
-39_146,2017-10-16,2017,10,14.44594669342041
-39_146,2017-11-16,2017,11,16.291885375976563
-39_146,2017-12-16,2017,12,17.898977279663086
-39_146,2018-01-16,2018,1,19.074045181274414
-39_146,2018-02-15,2018,2,19.57179069519043
-39_146,2018-03-16,2018,3,18.760395050048828
-39_146,2018-04-16,2018,4,17.541650772094727
-39_146,2018-05-16,2018,5,15.79256820678711
-39_146,2018-06-16,2018,6,14.758129119873047
-39_146,2018-07-16,2018,7,13.711997985839844
-39_146,2018-08-16,2018,8,13.172672271728516
-39_146,2018-09-16,2018,9,12.844347953796387
-39_146,2018-10-16,2018,10,14.288141250610352
-39_146,2018-11-16,2018,11,15.226018905639648
-39_146,2018-12-16,2018,12,17.417360305786133
-39_146,2019-01-16,2019,1,19.007741928100586
-39_146,2019-02-15,2019,2,19.588359832763672
-39_146,2019-03-16,2019,3,18.61307144165039
-39_146,2019-04-16,2019,4,17.590435028076172
-39_146,2019-05-16,2019,5,16.017494201660156
-39_146,2019-06-16,2019,6,14.284687042236328
-39_146,2019-07-16,2019,7,13.56939697265625
-39_146,2019-08-16,2019,8,12.802947998046875
-39_146,2019-09-16,2019,9,12.373964309692383
-39_146,2019-10-16,2019,10,13.77449893951416
-39_146,2019-11-16,2019,11,14.805052757263184
-39_146,2019-12-16,2019,12,15.89879035949707
-39_146,2020-01-16,2020,1,17.807201385498047
-39_146,2020-02-15,2020,2,18.074573516845703
-39_146,2020-03-16,2020,3,18.001983642578125
-39_146,2020-04-16,2020,4,16.78837013244629
-39_146,2020-05-16,2020,5,14.737993240356445
-39_146,2020-06-16,2020,6,13.873382568359375
-39_146,2020-07-16,2020,7,13.672995567321777
-39_146,2020-08-16,2020,8,12.829723358154297
-39_146,2020-09-16,2020,9,12.813182830810547
-39_146,2020-10-16,2020,10,13.896097183227539
-39_146,2020-11-16,2020,11,15.457662582397461
-39_146,2020-12-16,2020,12,16.392120361328125
-39_146,2021-01-16,2021,1,18.0196590423584
-39_146,2021-02-15,2021,2,18.406810760498047
-39_146,2021-03-16,2021,3,18.139183044433594
-39_146,2021-04-16,2021,4,17.178619384765625
-39_146,2021-05-16,2021,5,15.605944633483887
-39_146,2021-06-16,2021,6,14.759784698486328
-39_146,2021-07-16,2021,7,13.764605522155762
-39_146,2021-08-16,2021,8,13.309572219848633
-39_146,2021-09-16,2021,9,12.832971572875977
-39_146,2021-10-16,2021,10,13.726219177246094
-39_146,2021-11-16,2021,11,14.980301856994629
-39_146,2021-12-16,2021,12,16.386367797851563
-39_146,2022-01-16,2022,1,18.19963836669922
-39_146,2022-02-15,2022,2,19.162189483642578
-39_146,2022-03-16,2022,3,18.896350860595703
-39_146,2022-04-16,2022,4,17.85483169555664
-39_146,2022-05-16,2022,5,16.45660972595215
-39_146,2022-06-16,2022,6,14.83390998840332
-39_146,2022-07-16,2022,7,13.543285369873047
-39_146,2022-08-16,2022,8,12.888681411743164
-39_146,2022-09-16,2022,9,13.133831977844238
-39_146,2022-10-16,2022,10,14.267698287963867
-39_146,2022-11-16,2022,11,15.293334007263184
-39_146,2022-12-16,2022,12,16.12409210205078
-39_146,2023-01-16,2023,1,18.38274574279785
-39_146,2023-02-15,2023,2,18.590133666992188
-39_146,2023-03-16,2023,3,18.240968704223633
-39_146,2023-04-16,2023,4,17.42526626586914
-39_146,2023-05-16,2023,5,15.841384887695313
-39_146,2023-06-16,2023,6,14.766300201416016
-39_146,2023-07-16,2023,7,13.559940338134766
-39_146,2023-08-16,2023,8,13.42296028137207
-39_146,2023-09-16,2023,9,13.741156578063965
-39_146,2023-10-16,2023,10,14.374898910522461
-39_146,2023-11-16,2023,11,15.730588912963867
-39_146,2023-12-16,2023,12,17.396793365478516
-39_146,2024-01-16,2024,1,18.074993133544922
-39_146,2024-02-15,2024,2,19.139848709106445
-39_146,2024-03-16,2024,3,18.651763916015625
-39_146,2024-04-16,2024,4,18.124958038330078
-39_146,2024-05-16,2024,5,16.322288513183594
-39_146,2024-06-16,2024,6,15.376617431640625
-39_146,2024-07-16,2024,7,13.809921264648438
-39_146,2024-08-16,2024,8,13.519342422485352
-39_146,2024-09-16,2024,9,13.504144668579102
-39_146,2024-10-16,2024,10,14.279651641845703
-39_146,2024-11-16,2024,11,15.461878776550293
-39_146,2024-12-16,2024,12,17.291561126708984
-39_146,2025-01-16,2025,1,18.4965763092041
-39_146,2025-02-15,2025,2,19.700363159179688
-39_146,2025-03-16,2025,3,19.215362548828125
-39_146,2025-04-16,2025,4,18.248573303222656
-39_146,2025-05-16,2025,5,16.873546600341797
-39_146,2025-06-16,2025,6,15.213937759399414
-39_146,2025-07-16,2025,7,13.975322723388672
-39_146,2025-08-16,2025,8,13.450315475463867
-39_146,2025-09-16,2025,9,13.250977516174316
-39_146,2025-10-16,2025,10,14.1392822265625
-39_146,2025-11-16,2025,11,15.01025390625
-39_146,2025-12-16,2025,12,16.06075096130371
-39_147,1992-01-16,1992,1,17.1763916015625
-39_147,1992-02-15,1992,2,18.197229385375977
-39_147,1992-03-16,1992,3,18.590560913085938
-39_147,1992-04-16,1992,4,17.64436149597168
-39_147,1992-05-16,1992,5,16.08721160888672
-39_147,1992-06-16,1992,6,14.617108345031738
-39_147,1992-07-16,1992,7,13.433958053588867
-39_147,1992-08-16,1992,8,12.946443557739258
-39_147,1992-09-16,1992,9,13.086271286010742
-39_147,1992-10-16,1992,10,13.695194244384766
-39_147,1992-11-16,1992,11,14.769210815429688
-39_147,1992-12-16,1992,12,16.229154586791992
-39_147,1993-01-16,1993,1,17.462326049804688
-39_147,1993-02-15,1993,2,18.784696578979492
-39_147,1993-03-16,1993,3,18.782726287841797
-39_147,1993-04-16,1993,4,17.64972686767578
-39_147,1993-05-16,1993,5,16.10683822631836
-39_147,1993-06-16,1993,6,14.752577781677246
-39_147,1993-07-16,1993,7,13.519933700561523
-39_147,1993-08-16,1993,8,13.031070709228516
-39_147,1993-09-16,1993,9,13.147114753723145
-39_147,1993-10-16,1993,10,13.611953735351563
-39_147,1993-11-16,1993,11,14.767348289489746
-39_147,1993-12-16,1993,12,15.905123710632324
-39_147,1994-01-16,1994,1,16.24204444885254
-39_147,1994-02-15,1994,2,18.551223754882813
-39_147,1994-03-16,1994,3,17.926918029785156
-39_147,1994-04-16,1994,4,17.581087112426758
-39_147,1994-05-16,1994,5,15.36341667175293
-39_147,1994-06-16,1994,6,14.674617767333984
-39_147,1994-07-16,1994,7,13.543806076049805
-39_147,1994-08-16,1994,8,12.972925186157227
-39_147,1994-09-16,1994,9,12.576312065124512
-39_147,1994-10-16,1994,10,13.615180969238281
-39_147,1994-11-16,1994,11,14.56302261352539
-39_147,1994-12-16,1994,12,16.606760025024414
-39_147,1995-01-16,1995,1,17.298194885253906
-39_147,1995-02-15,1995,2,18.427608489990234
-39_147,1995-03-16,1995,3,17.99382781982422
-39_147,1995-04-16,1995,4,15.895261764526367
-39_147,1995-05-16,1995,5,15.174704551696777
-39_147,1995-06-16,1995,6,14.020368576049805
-39_147,1995-07-16,1995,7,12.489299774169922
-39_147,1995-08-16,1995,8,12.517131805419922
-39_147,1995-09-16,1995,9,12.692975997924805
-39_147,1995-10-16,1995,10,13.436470031738281
-39_147,1995-11-16,1995,11,14.64089298248291
-39_147,1995-12-16,1995,12,16.11219596862793
-39_147,1996-01-16,1996,1,17.537525177001953
-39_147,1996-02-15,1996,2,17.947105407714844
-39_147,1996-03-16,1996,3,17.695833206176758
-39_147,1996-04-16,1996,4,16.52948760986328
-39_147,1996-05-16,1996,5,15.158992767333984
-39_147,1996-06-16,1996,6,14.300474166870117
-39_147,1996-07-16,1996,7,13.56839370727539
-39_147,1996-08-16,1996,8,13.017388343811035
-39_147,1996-09-16,1996,9,12.76644515991211
-39_147,1996-10-16,1996,10,12.935914993286133
-39_147,1996-11-16,1996,11,13.981040954589844
-39_147,1996-12-16,1996,12,15.141881942749023
-39_147,1997-01-16,1997,1,17.321224212646484
-39_147,1997-02-15,1997,2,18.237098693847656
-39_147,1997-03-16,1997,3,17.872539520263672
-39_147,1997-04-16,1997,4,16.855907440185547
-39_147,1997-05-16,1997,5,15.504400253295898
-39_147,1997-06-16,1997,6,14.599523544311523
-39_147,1997-07-16,1997,7,13.67060661315918
-39_147,1997-08-16,1997,8,13.312276840209961
-39_147,1997-09-16,1997,9,13.392399787902832
-39_147,1997-10-16,1997,10,14.106317520141602
-39_147,1997-11-16,1997,11,15.186986923217773
-39_147,1997-12-16,1997,12,16.362119674682617
-39_147,1998-01-16,1998,1,18.232913970947266
-39_147,1998-02-15,1998,2,19.24099349975586
-39_147,1998-03-16,1998,3,18.51688575744629
-39_147,1998-04-16,1998,4,16.9093074798584
-39_147,1998-05-16,1998,5,16.0587215423584
-39_147,1998-06-16,1998,6,14.877511978149414
-39_147,1998-07-16,1998,7,13.893625259399414
-39_147,1998-08-16,1998,8,12.923922538757324
-39_147,1998-09-16,1998,9,13.558307647705078
-39_147,1998-10-16,1998,10,13.891433715820313
-39_147,1998-11-16,1998,11,15.184968948364258
-39_147,1998-12-16,1998,12,16.46266746520996
-39_147,1999-01-16,1999,1,18.37267303466797
-39_147,1999-02-15,1999,2,18.818607330322266
-39_147,1999-03-16,1999,3,18.947832107543945
-39_147,1999-04-16,1999,4,17.500328063964844
-39_147,1999-05-16,1999,5,16.17350959777832
-39_147,1999-06-16,1999,6,15.029282569885254
-39_147,1999-07-16,1999,7,13.741129875183105
-39_147,1999-08-16,1999,8,13.20073413848877
-39_147,1999-09-16,1999,9,13.207594871520996
-39_147,1999-10-16,1999,10,14.884660720825195
-39_147,1999-11-16,1999,11,15.083649635314941
-39_147,1999-12-16,1999,12,16.71994400024414
-39_147,2000-01-16,2000,1,18.156097412109375
-39_147,2000-02-15,2000,2,18.92059326171875
-39_147,2000-03-16,2000,3,18.94591522216797
-39_147,2000-04-16,2000,4,18.319896697998047
-39_147,2000-05-16,2000,5,16.495210647583008
-39_147,2000-06-16,2000,6,15.318593978881836
-39_147,2000-07-16,2000,7,14.050016403198242
-39_147,2000-08-16,2000,8,13.51101303100586
-39_147,2000-09-16,2000,9,13.732945442199707
-39_147,2000-10-16,2000,10,14.06729507446289
-39_147,2000-11-16,2000,11,15.78972053527832
-39_147,2000-12-16,2000,12,17.59638786315918
-39_147,2001-01-16,2001,1,19.079750061035156
-39_147,2001-02-15,2001,2,19.499685287475586
-39_147,2001-03-16,2001,3,19.4080753326416
-39_147,2001-04-16,2001,4,17.88983917236328
-39_147,2001-05-16,2001,5,16.537471771240234
-39_147,2001-06-16,2001,6,15.566936492919922
-39_147,2001-07-16,2001,7,14.04560661315918
-39_147,2001-08-16,2001,8,13.717190742492676
-39_147,2001-09-16,2001,9,14.127134323120117
-39_147,2001-10-16,2001,10,14.227998733520508
-39_147,2001-11-16,2001,11,15.28529167175293
-39_147,2001-12-16,2001,12,16.853694915771484
-39_147,2002-01-16,2002,1,17.329158782958984
-39_147,2002-02-15,2002,2,18.33706283569336
-39_147,2002-03-16,2002,3,18.196731567382813
-39_147,2002-04-16,2002,4,17.495458602905273
-39_147,2002-05-16,2002,5,16.452835083007813
-39_147,2002-06-16,2002,6,15.155515670776367
-39_147,2002-07-16,2002,7,13.843793869018555
-39_147,2002-08-16,2002,8,13.848934173583984
-39_147,2002-09-16,2002,9,13.464730262756348
-39_147,2002-10-16,2002,10,14.168761253356934
-39_147,2002-11-16,2002,11,14.893741607666016
-39_147,2002-12-16,2002,12,16.296154022216797
-39_147,2003-01-16,2003,1,17.621204376220703
-39_147,2003-02-15,2003,2,18.832725524902344
-39_147,2003-03-16,2003,3,18.444889068603516
-39_147,2003-04-16,2003,4,17.683225631713867
-39_147,2003-05-16,2003,5,16.03543472290039
-39_147,2003-06-16,2003,6,14.951330184936523
-39_147,2003-07-16,2003,7,13.843753814697266
-39_147,2003-08-16,2003,8,13.341936111450195
-39_147,2003-09-16,2003,9,12.77020263671875
-39_147,2003-10-16,2003,10,13.557540893554688
-39_147,2003-11-16,2003,11,15.309408187866211
-39_147,2003-12-16,2003,12,16.462303161621094
-39_147,2004-01-16,2004,1,18.03221893310547
-39_147,2004-02-15,2004,2,18.38959503173828
-39_147,2004-03-16,2004,3,17.893970489501953
-39_147,2004-04-16,2004,4,17.207767486572266
-39_147,2004-05-16,2004,5,15.027647018432617
-39_147,2004-06-16,2004,6,13.961698532104492
-39_147,2004-07-16,2004,7,12.639934539794922
-39_147,2004-08-16,2004,8,12.97076416015625
-39_147,2004-09-16,2004,9,13.535491943359375
-39_147,2004-10-16,2004,10,13.665681838989258
-39_147,2004-11-16,2004,11,14.854263305664063
-39_147,2004-12-16,2004,12,16.59836769104004
-39_147,2005-01-16,2005,1,17.988271713256836
-39_147,2005-02-15,2005,2,18.559471130371094
-39_147,2005-03-16,2005,3,18.14582061767578
-39_147,2005-04-16,2005,4,17.50259017944336
-39_147,2005-05-16,2005,5,15.74522876739502
-39_147,2005-06-16,2005,6,14.88422679901123
-39_147,2005-07-16,2005,7,13.97424030303955
-39_147,2005-08-16,2005,8,13.396328926086426
-39_147,2005-09-16,2005,9,13.445783615112305
-39_147,2005-10-16,2005,10,14.344612121582031
-39_147,2005-11-16,2005,11,15.693750381469727
-39_147,2005-12-16,2005,12,16.977590560913086
-39_147,2006-01-16,2006,1,17.881031036376953
-39_147,2006-02-15,2006,2,18.701213836669922
-39_147,2006-03-16,2006,3,18.474952697753906
-39_147,2006-04-16,2006,4,16.888385772705078
-39_147,2006-05-16,2006,5,14.959139823913574
-39_147,2006-06-16,2006,6,14.283157348632813
-39_147,2006-07-16,2006,7,13.408172607421875
-39_147,2006-08-16,2006,8,13.0178804397583
-39_147,2006-09-16,2006,9,13.10343074798584
-39_147,2006-10-16,2006,10,13.833348274230957
-39_147,2006-11-16,2006,11,15.131293296813965
-39_147,2006-12-16,2006,12,16.84423828125
-39_147,2007-01-16,2007,1,17.483356475830078
-39_147,2007-02-15,2007,2,19.233036041259766
-39_147,2007-03-16,2007,3,19.0347900390625
-39_147,2007-04-16,2007,4,17.660472869873047
-39_147,2007-05-16,2007,5,16.07351303100586
-39_147,2007-06-16,2007,6,14.61520004272461
-39_147,2007-07-16,2007,7,13.429482460021973
-39_147,2007-08-16,2007,8,13.402251243591309
-39_147,2007-09-16,2007,9,13.260183334350586
-39_147,2007-10-16,2007,10,13.61294174194336
-39_147,2007-11-16,2007,11,15.369270324707031
-39_147,2007-12-16,2007,12,17.302227020263672
-39_147,2008-01-16,2008,1,18.247501373291016
-39_147,2008-02-15,2008,2,18.58631134033203
-39_147,2008-03-16,2008,3,18.69908905029297
-39_147,2008-04-16,2008,4,17.38386344909668
-39_147,2008-05-16,2008,5,16.116994857788086
-39_147,2008-06-16,2008,6,15.048042297363281
-39_147,2008-07-16,2008,7,13.732135772705078
-39_147,2008-08-16,2008,8,13.08848762512207
-39_147,2008-09-16,2008,9,13.412862777709961
-39_147,2008-10-16,2008,10,14.345308303833008
-39_147,2008-11-16,2008,11,15.23311710357666
-39_147,2008-12-16,2008,12,16.010732650756836
-39_147,2009-01-16,2009,1,17.339765548706055
-39_147,2009-02-15,2009,2,18.63947105407715
-39_147,2009-03-16,2009,3,18.17681121826172
-39_147,2009-04-16,2009,4,17.700319290161133
-39_147,2009-05-16,2009,5,15.667095184326172
-39_147,2009-06-16,2009,6,14.846370697021484
-39_147,2009-07-16,2009,7,13.676694869995117
-39_147,2009-08-16,2009,8,13.397933959960938
-39_147,2009-09-16,2009,9,13.435185432434082
-39_147,2009-10-16,2009,10,14.115570068359375
-39_147,2009-11-16,2009,11,15.865339279174805
-39_147,2009-12-16,2009,12,17.18194007873535
-39_147,2010-01-16,2010,1,18.299957275390625
-39_147,2010-02-15,2010,2,19.56917953491211
-39_147,2010-03-16,2010,3,19.469337463378906
-39_147,2010-04-16,2010,4,18.287336349487305
-39_147,2010-05-16,2010,5,16.467241287231445
-39_147,2010-06-16,2010,6,15.402449607849121
-39_147,2010-07-16,2010,7,13.87816047668457
-39_147,2010-08-16,2010,8,13.312978744506836
-39_147,2010-09-16,2010,9,12.805437088012695
-39_147,2010-10-16,2010,10,13.638547897338867
-39_147,2010-11-16,2010,11,15.219381332397461
-39_147,2010-12-16,2010,12,16.922321319580078
-39_147,2011-01-16,2011,1,17.905075073242188
-39_147,2011-02-15,2011,2,18.851966857910156
-39_147,2011-03-16,2011,3,18.592714309692383
-39_147,2011-04-16,2011,4,18.01778793334961
-39_147,2011-05-16,2011,5,16.099090576171875
-39_147,2011-06-16,2011,6,14.47593879699707
-39_147,2011-07-16,2011,7,13.197942733764648
-39_147,2011-08-16,2011,8,13.595154762268066
-39_147,2011-09-16,2011,9,13.339868545532227
-39_147,2011-10-16,2011,10,14.462724685668945
-39_147,2011-11-16,2011,11,15.407835006713867
-39_147,2011-12-16,2011,12,17.282089233398438
-39_147,2012-01-16,2012,1,18.32111167907715
-39_147,2012-02-15,2012,2,19.50476837158203
-39_147,2012-03-16,2012,3,18.233989715576172
-39_147,2012-04-16,2012,4,17.557252883911133
-39_147,2012-05-16,2012,5,15.72964859008789
-39_147,2012-06-16,2012,6,14.624935150146484
-39_147,2012-07-16,2012,7,13.429141998291016
-39_147,2012-08-16,2012,8,12.949780464172363
-39_147,2012-09-16,2012,9,13.165947914123535
-39_147,2012-10-16,2012,10,13.44740104675293
-39_147,2012-11-16,2012,11,15.006732940673828
-39_147,2012-12-16,2012,12,16.84988784790039
-39_147,2013-01-16,2013,1,18.053651809692383
-39_147,2013-02-15,2013,2,19.120716094970703
-39_147,2013-03-16,2013,3,19.342529296875
-39_147,2013-04-16,2013,4,18.42684555053711
-39_147,2013-05-16,2013,5,15.942342758178711
-39_147,2013-06-16,2013,6,14.625175476074219
-39_147,2013-07-16,2013,7,13.938232421875
-39_147,2013-08-16,2013,8,13.489570617675781
-39_147,2013-09-16,2013,9,13.525320053100586
-39_147,2013-10-16,2013,10,13.91438102722168
-39_147,2013-11-16,2013,11,15.219491958618164
-39_147,2013-12-16,2013,12,16.391082763671875
-39_147,2014-01-16,2014,1,17.502422332763672
-39_147,2014-02-15,2014,2,18.87010955810547
-39_147,2014-03-16,2014,3,18.901479721069336
-39_147,2014-04-16,2014,4,18.171031951904297
-39_147,2014-05-16,2014,5,16.765766143798828
-39_147,2014-06-16,2014,6,15.447920799255371
-39_147,2014-07-16,2014,7,14.016616821289063
-39_147,2014-08-16,2014,8,13.569406509399414
-39_147,2014-09-16,2014,9,13.607514381408691
-39_147,2014-10-16,2014,10,14.379165649414063
-39_147,2014-11-16,2014,11,15.72942066192627
-39_147,2014-12-16,2014,12,17.19649887084961
-39_147,2015-01-16,2015,1,18.308523178100586
-39_147,2015-02-15,2015,2,19.43436050415039
-39_147,2015-03-16,2015,3,18.30622673034668
-39_147,2015-04-16,2015,4,17.92824935913086
-39_147,2015-05-16,2015,5,15.9782133102417
-39_147,2015-06-16,2015,6,14.506535530090332
-39_147,2015-07-16,2015,7,13.987571716308594
-39_147,2015-08-16,2015,8,13.026930809020996
-39_147,2015-09-16,2015,9,13.567508697509766
-39_147,2015-10-16,2015,10,15.030990600585938
-39_147,2015-11-16,2015,11,16.240785598754883
-39_147,2015-12-16,2015,12,18.187955856323242
-39_147,2016-01-16,2016,1,19.138717651367188
-39_147,2016-02-15,2016,2,20.117685317993164
-39_147,2016-03-16,2016,3,20.246898651123047
-39_147,2016-04-16,2016,4,18.789596557617188
-39_147,2016-05-16,2016,5,16.238903045654297
-39_147,2016-06-16,2016,6,14.987174987792969
-39_147,2016-07-16,2016,7,13.696541786193848
-39_147,2016-08-16,2016,8,12.973264694213867
-39_147,2016-09-16,2016,9,13.697542190551758
-39_147,2016-10-16,2016,10,13.629952430725098
-39_147,2016-11-16,2016,11,14.955575942993164
-39_147,2016-12-16,2016,12,16.524580001831055
-39_147,2017-01-16,2017,1,18.668315887451172
-39_147,2017-02-15,2017,2,18.85698699951172
-39_147,2017-03-16,2017,3,19.67804718017578
-39_147,2017-04-16,2017,4,18.443218231201172
-39_147,2017-05-16,2017,5,16.38684844970703
-39_147,2017-06-16,2017,6,15.303884506225586
-39_147,2017-07-16,2017,7,13.815488815307617
-39_147,2017-08-16,2017,8,13.356401443481445
-39_147,2017-09-16,2017,9,13.132783889770508
-39_147,2017-10-16,2017,10,14.55978775024414
-39_147,2017-11-16,2017,11,16.536239624023438
-39_147,2017-12-16,2017,12,18.184757232666016
-39_147,2018-01-16,2018,1,19.239572525024414
-39_147,2018-02-15,2018,2,19.91979217529297
-39_147,2018-03-16,2018,3,18.99190902709961
-39_147,2018-04-16,2018,4,17.8768310546875
-39_147,2018-05-16,2018,5,15.973345756530762
-39_147,2018-06-16,2018,6,14.936555862426758
-39_147,2018-07-16,2018,7,13.583271026611328
-39_147,2018-08-16,2018,8,13.296113014221191
-39_147,2018-09-16,2018,9,12.939046859741211
-39_147,2018-10-16,2018,10,14.443632125854492
-39_147,2018-11-16,2018,11,15.438939094543457
-39_147,2018-12-16,2018,12,17.607769012451172
-39_147,2019-01-16,2019,1,19.16543197631836
-39_147,2019-02-15,2019,2,19.92076873779297
-39_147,2019-03-16,2019,3,18.89546012878418
-39_147,2019-04-16,2019,4,17.733551025390625
-39_147,2019-05-16,2019,5,16.261404037475586
-39_147,2019-06-16,2019,6,14.466775894165039
-39_147,2019-07-16,2019,7,13.730772972106934
-39_147,2019-08-16,2019,8,13.006643295288086
-39_147,2019-09-16,2019,9,12.638110160827637
-39_147,2019-10-16,2019,10,13.967877388000488
-39_147,2019-11-16,2019,11,15.130475997924805
-39_147,2019-12-16,2019,12,16.125396728515625
-39_147,2020-01-16,2020,1,18.14331817626953
-39_147,2020-02-15,2020,2,18.473194122314453
-39_147,2020-03-16,2020,3,18.38162612915039
-39_147,2020-04-16,2020,4,17.056373596191406
-39_147,2020-05-16,2020,5,14.92237377166748
-39_147,2020-06-16,2020,6,14.149274826049805
-39_147,2020-07-16,2020,7,13.921255111694336
-39_147,2020-08-16,2020,8,13.057455062866211
-39_147,2020-09-16,2020,9,13.09415054321289
-39_147,2020-10-16,2020,10,14.199459075927734
-39_147,2020-11-16,2020,11,15.746316909790039
-39_147,2020-12-16,2020,12,16.698802947998047
-39_147,2021-01-16,2021,1,18.40078353881836
-39_147,2021-02-15,2021,2,18.70724868774414
-39_147,2021-03-16,2021,3,18.40308952331543
-39_147,2021-04-16,2021,4,17.343528747558594
-39_147,2021-05-16,2021,5,15.878707885742188
-39_147,2021-06-16,2021,6,15.05466079711914
-39_147,2021-07-16,2021,7,14.072317123413086
-39_147,2021-08-16,2021,8,13.414144515991211
-39_147,2021-09-16,2021,9,12.886490821838379
-39_147,2021-10-16,2021,10,13.937667846679688
-39_147,2021-11-16,2021,11,15.16152572631836
-39_147,2021-12-16,2021,12,16.557710647583008
-39_147,2022-01-16,2022,1,18.553735733032227
-39_147,2022-02-15,2022,2,19.399066925048828
-39_147,2022-03-16,2022,3,19.17074203491211
-39_147,2022-04-16,2022,4,17.969697952270508
-39_147,2022-05-16,2022,5,16.659353256225586
-39_147,2022-06-16,2022,6,14.97293472290039
-39_147,2022-07-16,2022,7,13.590944290161133
-39_147,2022-08-16,2022,8,13.07248592376709
-39_147,2022-09-16,2022,9,13.309982299804688
-39_147,2022-10-16,2022,10,14.546015739440918
-39_147,2022-11-16,2022,11,15.496828079223633
-39_147,2022-12-16,2022,12,16.09345245361328
-39_147,2023-01-16,2023,1,18.469890594482422
-39_147,2023-02-15,2023,2,18.990947723388672
-39_147,2023-03-16,2023,3,18.580589294433594
-39_147,2023-04-16,2023,4,17.78072738647461
-39_147,2023-05-16,2023,5,16.196247100830078
-39_147,2023-06-16,2023,6,14.899908065795898
-39_147,2023-07-16,2023,7,13.729162216186523
-39_147,2023-08-16,2023,8,13.595840454101563
-39_147,2023-09-16,2023,9,13.979021072387695
-39_147,2023-10-16,2023,10,14.655218124389648
-39_147,2023-11-16,2023,11,16.28189468383789
-39_147,2023-12-16,2023,12,17.8527889251709
-39_147,2024-01-16,2024,1,18.382568359375
-39_147,2024-02-15,2024,2,19.480297088623047
-39_147,2024-03-16,2024,3,19.12984848022461
-39_147,2024-04-16,2024,4,18.351884841918945
-39_147,2024-05-16,2024,5,16.594318389892578
-39_147,2024-06-16,2024,6,15.727808952331543
-39_147,2024-07-16,2024,7,14.096099853515625
-39_147,2024-08-16,2024,8,13.748031616210938
-39_147,2024-09-16,2024,9,13.67480182647705
-39_147,2024-10-16,2024,10,14.430850982666016
-39_147,2024-11-16,2024,11,15.58165168762207
-39_147,2024-12-16,2024,12,17.576255798339844
-39_147,2025-01-16,2025,1,18.644577026367188
-39_147,2025-02-15,2025,2,20.09274673461914
-39_147,2025-03-16,2025,3,19.537784576416016
-39_147,2025-04-16,2025,4,18.520145416259766
-39_147,2025-05-16,2025,5,17.114622116088867
-39_147,2025-06-16,2025,6,15.338871002197266
-39_147,2025-07-16,2025,7,14.197925567626953
-39_147,2025-08-16,2025,8,13.630362510681152
-39_147,2025-09-16,2025,9,13.420140266418457
-39_147,2025-10-16,2025,10,14.404407501220703
-39_147,2025-11-16,2025,11,15.215566635131836
-39_147,2025-12-16,2025,12,16.26372528076172
-38_145,1992-01-16,1992,1,16.824462890625
-38_145,1992-02-15,1992,2,18.072065353393555
-38_145,1992-03-16,1992,3,17.976238250732422
-38_145,1992-04-16,1992,4,17.312015533447266
-38_145,1992-05-16,1992,5,15.743968963623047
-38_145,1992-06-16,1992,6,14.428009033203125
-38_145,1992-07-16,1992,7,13.184431076049805
-38_145,1992-08-16,1992,8,13.026468276977539
-38_145,1992-09-16,1992,9,12.790273666381836
-38_145,1992-10-16,1992,10,13.27587890625
-38_145,1992-11-16,1992,11,14.428593635559082
-38_145,1992-12-16,1992,12,15.970978736877441
-38_145,1993-01-16,1993,1,17.489246368408203
-38_145,1993-02-15,1993,2,18.484275817871094
-38_145,1993-03-16,1993,3,18.130231857299805
-38_145,1993-04-16,1993,4,17.221057891845703
-38_145,1993-05-16,1993,5,15.773512840270996
-38_145,1993-06-16,1993,6,14.488065719604492
-38_145,1993-07-16,1993,7,13.313851356506348
-38_145,1993-08-16,1993,8,13.196443557739258
-38_145,1993-09-16,1993,9,13.019336700439453
-38_145,1993-10-16,1993,10,13.808658599853516
-38_145,1993-11-16,1993,11,14.564404487609863
-38_145,1993-12-16,1993,12,16.003433227539063
-38_145,1994-01-16,1994,1,16.52923583984375
-38_145,1994-02-15,1994,2,18.16313934326172
-38_145,1994-03-16,1994,3,17.434558868408203
-38_145,1994-04-16,1994,4,17.114940643310547
-38_145,1994-05-16,1994,5,15.26734447479248
-38_145,1994-06-16,1994,6,14.646244049072266
-38_145,1994-07-16,1994,7,13.448923110961914
-38_145,1994-08-16,1994,8,12.932842254638672
-38_145,1994-09-16,1994,9,12.644161224365234
-38_145,1994-10-16,1994,10,13.453702926635742
-38_145,1994-11-16,1994,11,14.226786613464355
-38_145,1994-12-16,1994,12,16.414443969726563
-38_145,1995-01-16,1995,1,17.485244750976563
-38_145,1995-02-15,1995,2,18.17021942138672
-38_145,1995-03-16,1995,3,17.270122528076172
-38_145,1995-04-16,1995,4,15.908466339111328
-38_145,1995-05-16,1995,5,14.672749519348145
-38_145,1995-06-16,1995,6,13.7421875
-38_145,1995-07-16,1995,7,12.757427215576172
-38_145,1995-08-16,1995,8,12.616015434265137
-38_145,1995-09-16,1995,9,12.379889488220215
-38_145,1995-10-16,1995,10,13.546493530273438
-38_145,1995-11-16,1995,11,14.475829124450684
-38_145,1995-12-16,1995,12,15.91455364227295
-38_145,1996-01-16,1996,1,17.38011932373047
-38_145,1996-02-15,1996,2,17.629749298095703
-38_145,1996-03-16,1996,3,17.373271942138672
-38_145,1996-04-16,1996,4,16.408857345581055
-38_145,1996-05-16,1996,5,14.878787994384766
-38_145,1996-06-16,1996,6,14.215757369995117
-38_145,1996-07-16,1996,7,13.469648361206055
-38_145,1996-08-16,1996,8,13.092662811279297
-38_145,1996-09-16,1996,9,13.21072006225586
-38_145,1996-10-16,1996,10,13.215368270874023
-38_145,1996-11-16,1996,11,14.146736145019531
-38_145,1996-12-16,1996,12,15.454002380371094
-38_145,1997-01-16,1997,1,17.230337142944336
-38_145,1997-02-15,1997,2,18.09221649169922
-38_145,1997-03-16,1997,3,17.807708740234375
-38_145,1997-04-16,1997,4,16.44065284729004
-38_145,1997-05-16,1997,5,15.397836685180664
-38_145,1997-06-16,1997,6,14.495089530944824
-38_145,1997-07-16,1997,7,13.564107894897461
-38_145,1997-08-16,1997,8,13.145103454589844
-38_145,1997-09-16,1997,9,13.229419708251953
-38_145,1997-10-16,1997,10,13.78963851928711
-38_145,1997-11-16,1997,11,14.902353286743164
-38_145,1997-12-16,1997,12,16.807323455810547
-38_145,1998-01-16,1998,1,18.583078384399414
-38_145,1998-02-15,1998,2,18.78731918334961
-38_145,1998-03-16,1998,3,18.07059097290039
-38_145,1998-04-16,1998,4,16.930278778076172
-38_145,1998-05-16,1998,5,15.791046142578125
-38_145,1998-06-16,1998,6,14.735346794128418
-38_145,1998-07-16,1998,7,13.973224639892578
-38_145,1998-08-16,1998,8,13.477032661437988
-38_145,1998-09-16,1998,9,13.67912483215332
-38_145,1998-10-16,1998,10,13.891775131225586
-38_145,1998-11-16,1998,11,15.042577743530273
-38_145,1998-12-16,1998,12,16.620838165283203
-38_145,1999-01-16,1999,1,17.9293270111084
-38_145,1999-02-15,1999,2,18.611873626708984
-38_145,1999-03-16,1999,3,18.41786766052246
-38_145,1999-04-16,1999,4,17.10669708251953
-38_145,1999-05-16,1999,5,15.779787063598633
-38_145,1999-06-16,1999,6,14.736102104187012
-38_145,1999-07-16,1999,7,13.915051460266113
-38_145,1999-08-16,1999,8,13.187321662902832
-38_145,1999-09-16,1999,9,13.2767333984375
-38_145,1999-10-16,1999,10,14.278022766113281
-38_145,1999-11-16,1999,11,14.933231353759766
-38_145,1999-12-16,1999,12,16.49464225769043
-38_145,2000-01-16,2000,1,17.868749618530273
-38_145,2000-02-15,2000,2,18.69761848449707
-38_145,2000-03-16,2000,3,18.63973617553711
-38_145,2000-04-16,2000,4,17.69815444946289
-38_145,2000-05-16,2000,5,16.32158660888672
-38_145,2000-06-16,2000,6,15.0920991897583
-38_145,2000-07-16,2000,7,13.843587875366211
-38_145,2000-08-16,2000,8,13.403830528259277
-38_145,2000-09-16,2000,9,13.63637924194336
-38_145,2000-10-16,2000,10,13.860637664794922
-38_145,2000-11-16,2000,11,15.456148147583008
-38_145,2000-12-16,2000,12,17.062931060791016
-38_145,2001-01-16,2001,1,18.49541473388672
-38_145,2001-02-15,2001,2,19.072357177734375
-38_145,2001-03-16,2001,3,19.068092346191406
-38_145,2001-04-16,2001,4,17.422399520874023
-38_145,2001-05-16,2001,5,16.170669555664063
-38_145,2001-06-16,2001,6,15.071309089660645
-38_145,2001-07-16,2001,7,13.80746078491211
-38_145,2001-08-16,2001,8,13.36876106262207
-38_145,2001-09-16,2001,9,13.658329010009766
-38_145,2001-10-16,2001,10,13.96666145324707
-38_145,2001-11-16,2001,11,14.877021789550781
-38_145,2001-12-16,2001,12,16.192100524902344
-38_145,2002-01-16,2002,1,16.93575668334961
-38_145,2002-02-15,2002,2,17.815929412841797
-38_145,2002-03-16,2002,3,17.55936050415039
-38_145,2002-04-16,2002,4,16.759685516357422
-38_145,2002-05-16,2002,5,16.03968620300293
-38_145,2002-06-16,2002,6,14.569422721862793
-38_145,2002-07-16,2002,7,13.67381477355957
-38_145,2002-08-16,2002,8,13.424957275390625
-38_145,2002-09-16,2002,9,13.123552322387695
-38_145,2002-10-16,2002,10,13.696012496948242
-38_145,2002-11-16,2002,11,14.328398704528809
-38_145,2002-12-16,2002,12,15.956281661987305
-38_145,2003-01-16,2003,1,17.09549903869629
-38_145,2003-02-15,2003,2,18.18035888671875
-38_145,2003-03-16,2003,3,17.740535736083984
-38_145,2003-04-16,2003,4,16.953723907470703
-38_145,2003-05-16,2003,5,15.613012313842773
-38_145,2003-06-16,2003,6,14.726948738098145
-38_145,2003-07-16,2003,7,13.628153800964355
-38_145,2003-08-16,2003,8,13.157007217407227
-38_145,2003-09-16,2003,9,12.760087966918945
-38_145,2003-10-16,2003,10,13.540924072265625
-38_145,2003-11-16,2003,11,14.865604400634766
-38_145,2003-12-16,2003,12,16.31058120727539
-38_145,2004-01-16,2004,1,17.490558624267578
-38_145,2004-02-15,2004,2,18.117578506469727
-38_145,2004-03-16,2004,3,17.465242385864258
-38_145,2004-04-16,2004,4,17.065704345703125
-38_145,2004-05-16,2004,5,14.93225383758545
-38_145,2004-06-16,2004,6,14.004560470581055
-38_145,2004-07-16,2004,7,12.971220970153809
-38_145,2004-08-16,2004,8,12.97066879272461
-38_145,2004-09-16,2004,9,13.019009590148926
-38_145,2004-10-16,2004,10,13.800045013427734
-38_145,2004-11-16,2004,11,14.805213928222656
-38_145,2004-12-16,2004,12,16.476085662841797
-38_145,2005-01-16,2005,1,17.36861228942871
-38_145,2005-02-15,2005,2,17.983448028564453
-38_145,2005-03-16,2005,3,17.296899795532227
-38_145,2005-04-16,2005,4,16.696678161621094
-38_145,2005-05-16,2005,5,15.31614875793457
-38_145,2005-06-16,2005,6,14.664680480957031
-38_145,2005-07-16,2005,7,13.85711669921875
-38_145,2005-08-16,2005,8,13.31151008605957
-38_145,2005-09-16,2005,9,13.4363374710083
-38_145,2005-10-16,2005,10,14.248310089111328
-38_145,2005-11-16,2005,11,15.208839416503906
-38_145,2005-12-16,2005,12,16.692983627319336
-38_145,2006-01-16,2006,1,17.965965270996094
-38_145,2006-02-15,2006,2,18.333660125732422
-38_145,2006-03-16,2006,3,18.245595932006836
-38_145,2006-04-16,2006,4,16.85367774963379
-38_145,2006-05-16,2006,5,14.949251174926758
-38_145,2006-06-16,2006,6,14.110493659973145
-38_145,2006-07-16,2006,7,13.090017318725586
-38_145,2006-08-16,2006,8,12.843433380126953
-38_145,2006-09-16,2006,9,12.937845230102539
-38_145,2006-10-16,2006,10,13.479606628417969
-38_145,2006-11-16,2006,11,14.692161560058594
-38_145,2006-12-16,2006,12,16.3232421875
-38_145,2007-01-16,2007,1,17.276561737060547
-38_145,2007-02-15,2007,2,18.64263343811035
-38_145,2007-03-16,2007,3,18.283254623413086
-38_145,2007-04-16,2007,4,17.072309494018555
-38_145,2007-05-16,2007,5,15.825187683105469
-38_145,2007-06-16,2007,6,14.468116760253906
-38_145,2007-07-16,2007,7,13.424863815307617
-38_145,2007-08-16,2007,8,13.322717666625977
-38_145,2007-09-16,2007,9,13.170589447021484
-38_145,2007-10-16,2007,10,13.686258316040039
-38_145,2007-11-16,2007,11,15.409330368041992
-38_145,2007-12-16,2007,12,17.185205459594727
-38_145,2008-01-16,2008,1,18.324907302856445
-38_145,2008-02-15,2008,2,18.627567291259766
-38_145,2008-03-16,2008,3,18.491395950317383
-38_145,2008-04-16,2008,4,17.049854278564453
-38_145,2008-05-16,2008,5,15.836030960083008
-38_145,2008-06-16,2008,6,14.805864334106445
-38_145,2008-07-16,2008,7,13.761886596679688
-38_145,2008-08-16,2008,8,13.129878997802734
-38_145,2008-09-16,2008,9,13.254341125488281
-38_145,2008-10-16,2008,10,14.099676132202148
-38_145,2008-11-16,2008,11,15.004291534423828
-38_145,2008-12-16,2008,12,15.90848159790039
-38_145,2009-01-16,2009,1,17.127788543701172
-38_145,2009-02-15,2009,2,18.376026153564453
-38_145,2009-03-16,2009,3,17.68598175048828
-38_145,2009-04-16,2009,4,17.07587432861328
-38_145,2009-05-16,2009,5,15.244020462036133
-38_145,2009-06-16,2009,6,14.565866470336914
-38_145,2009-07-16,2009,7,13.504131317138672
-38_145,2009-08-16,2009,8,13.374388694763184
-38_145,2009-09-16,2009,9,13.418835639953613
-38_145,2009-10-16,2009,10,13.748441696166992
-38_145,2009-11-16,2009,11,15.9142484664917
-38_145,2009-12-16,2009,12,16.95724868774414
-38_145,2010-01-16,2010,1,17.916542053222656
-38_145,2010-02-15,2010,2,19.327102661132813
-38_145,2010-03-16,2010,3,19.01644515991211
-38_145,2010-04-16,2010,4,17.79932975769043
-38_145,2010-05-16,2010,5,15.899981498718262
-38_145,2010-06-16,2010,6,15.023741722106934
-38_145,2010-07-16,2010,7,13.704984664916992
-38_145,2010-08-16,2010,8,13.17805004119873
-38_145,2010-09-16,2010,9,12.646533966064453
-38_145,2010-10-16,2010,10,13.677984237670898
-38_145,2010-11-16,2010,11,15.025487899780273
-38_145,2010-12-16,2010,12,16.44149398803711
-38_145,2011-01-16,2011,1,17.504783630371094
-38_145,2011-02-15,2011,2,18.307537078857422
-38_145,2011-03-16,2011,3,17.99211883544922
-38_145,2011-04-16,2011,4,17.278453826904297
-38_145,2011-05-16,2011,5,15.554388999938965
-38_145,2011-06-16,2011,6,14.051706314086914
-38_145,2011-07-16,2011,7,13.246162414550781
-38_145,2011-08-16,2011,8,13.237483024597168
-38_145,2011-09-16,2011,9,13.444745063781738
-38_145,2011-10-16,2011,10,14.279105186462402
-38_145,2011-11-16,2011,11,15.447087287902832
-38_145,2011-12-16,2011,12,16.93822479248047
-38_145,2012-01-16,2012,1,18.226394653320313
-38_145,2012-02-15,2012,2,19.148149490356445
-38_145,2012-03-16,2012,3,18.243654251098633
-38_145,2012-04-16,2012,4,17.27338409423828
-38_145,2012-05-16,2012,5,15.62744426727295
-38_145,2012-06-16,2012,6,14.473222732543945
-38_145,2012-07-16,2012,7,13.503273010253906
-38_145,2012-08-16,2012,8,12.995893478393555
-38_145,2012-09-16,2012,9,13.091920852661133
-38_145,2012-10-16,2012,10,13.496931076049805
-38_145,2012-11-16,2012,11,14.723970413208008
-38_145,2012-12-16,2012,12,16.819053649902344
-38_145,2013-01-16,2013,1,17.833215713500977
-38_145,2013-02-15,2013,2,18.829750061035156
-38_145,2013-03-16,2013,3,19.065401077270508
-38_145,2013-04-16,2013,4,17.67416000366211
-38_145,2013-05-16,2013,5,15.900724411010742
-38_145,2013-06-16,2013,6,14.783958435058594
-38_145,2013-07-16,2013,7,14.24352741241455
-38_145,2013-08-16,2013,8,13.760784149169922
-38_145,2013-09-16,2013,9,13.970219612121582
-38_145,2013-10-16,2013,10,13.861604690551758
-38_145,2013-11-16,2013,11,14.967338562011719
-38_145,2013-12-16,2013,12,16.1758975982666
-38_145,2014-01-16,2014,1,17.512924194335938
-38_145,2014-02-15,2014,2,18.53140640258789
-38_145,2014-03-16,2014,3,18.38799285888672
-38_145,2014-04-16,2014,4,17.65694236755371
-38_145,2014-05-16,2014,5,16.194387435913086
-38_145,2014-06-16,2014,6,15.207883834838867
-38_145,2014-07-16,2014,7,13.842550277709961
-38_145,2014-08-16,2014,8,13.79643440246582
-38_145,2014-09-16,2014,9,13.642230987548828
-38_145,2014-10-16,2014,10,14.045490264892578
-38_145,2014-11-16,2014,11,15.443336486816406
-38_145,2014-12-16,2014,12,16.853187561035156
-38_145,2015-01-16,2015,1,18.06914520263672
-38_145,2015-02-15,2015,2,18.83827781677246
-38_145,2015-03-16,2015,3,17.709346771240234
-38_145,2015-04-16,2015,4,17.198558807373047
-38_145,2015-05-16,2015,5,15.568984031677246
-38_145,2015-06-16,2015,6,14.148052215576172
-38_145,2015-07-16,2015,7,13.508109092712402
-38_145,2015-08-16,2015,8,12.72434139251709
-38_145,2015-09-16,2015,9,13.026507377624512
-38_145,2015-10-16,2015,10,14.558015823364258
-38_145,2015-11-16,2015,11,15.439847946166992
-38_145,2015-12-16,2015,12,17.363487243652344
-38_145,2016-01-16,2016,1,18.513046264648438
-38_145,2016-02-15,2016,2,19.47945785522461
-38_145,2016-03-16,2016,3,19.45362091064453
-38_145,2016-04-16,2016,4,17.835466384887695
-38_145,2016-05-16,2016,5,15.979940414428711
-38_145,2016-06-16,2016,6,14.681533813476563
-38_145,2016-07-16,2016,7,13.603294372558594
-38_145,2016-08-16,2016,8,12.965095520019531
-38_145,2016-09-16,2016,9,13.446518898010254
-38_145,2016-10-16,2016,10,13.57663345336914
-38_145,2016-11-16,2016,11,14.6404447555542
-38_145,2016-12-16,2016,12,16.316478729248047
-38_145,2017-01-16,2017,1,18.11502456665039
-38_145,2017-02-15,2017,2,18.333457946777344
-38_145,2017-03-16,2017,3,18.745323181152344
-38_145,2017-04-16,2017,4,17.823810577392578
-38_145,2017-05-16,2017,5,15.923378944396973
-38_145,2017-06-16,2017,6,14.769194602966309
-38_145,2017-07-16,2017,7,13.420605659484863
-38_145,2017-08-16,2017,8,13.280356407165527
-38_145,2017-09-16,2017,9,12.913583755493164
-38_145,2017-10-16,2017,10,14.338608741760254
-38_145,2017-11-16,2017,11,16.068077087402344
-38_145,2017-12-16,2017,12,17.767972946166992
-38_145,2018-01-16,2018,1,19.031261444091797
-38_145,2018-02-15,2018,2,19.359586715698242
-38_145,2018-03-16,2018,3,18.61554718017578
-38_145,2018-04-16,2018,4,17.13452911376953
-38_145,2018-05-16,2018,5,15.793171882629395
-38_145,2018-06-16,2018,6,14.726941108703613
-38_145,2018-07-16,2018,7,14.090401649475098
-38_145,2018-08-16,2018,8,13.284912109375
-38_145,2018-09-16,2018,9,12.926889419555664
-38_145,2018-10-16,2018,10,14.166967391967773
-38_145,2018-11-16,2018,11,15.071929931640625
-38_145,2018-12-16,2018,12,17.340133666992188
-38_145,2019-01-16,2019,1,19.122699737548828
-38_145,2019-02-15,2019,2,19.33004379272461
-38_145,2019-03-16,2019,3,18.545804977416992
-38_145,2019-04-16,2019,4,17.35940933227539
-38_145,2019-05-16,2019,5,15.830367088317871
-38_145,2019-06-16,2019,6,14.317951202392578
-38_145,2019-07-16,2019,7,13.551569938659668
-38_145,2019-08-16,2019,8,12.988971710205078
-38_145,2019-09-16,2019,9,12.531669616699219
-38_145,2019-10-16,2019,10,13.651152610778809
-38_145,2019-11-16,2019,11,14.57434368133545
-38_145,2019-12-16,2019,12,15.844688415527344
-38_145,2020-01-16,2020,1,17.600025177001953
-38_145,2020-02-15,2020,2,18.103736877441406
-38_145,2020-03-16,2020,3,17.74789047241211
-38_145,2020-04-16,2020,4,16.558748245239258
-38_145,2020-05-16,2020,5,14.628145217895508
-38_145,2020-06-16,2020,6,13.698148727416992
-38_145,2020-07-16,2020,7,13.64017105102539
-38_145,2020-08-16,2020,8,13.011414527893066
-38_145,2020-09-16,2020,9,12.857048034667969
-38_145,2020-10-16,2020,10,13.681816101074219
-38_145,2020-11-16,2020,11,15.22923755645752
-38_145,2020-12-16,2020,12,16.314292907714844
-38_145,2021-01-16,2021,1,17.794343948364258
-38_145,2021-02-15,2021,2,18.353652954101563
-38_145,2021-03-16,2021,3,17.887332916259766
-38_145,2021-04-16,2021,4,17.002498626708984
-38_145,2021-05-16,2021,5,15.39553451538086
-38_145,2021-06-16,2021,6,14.593278884887695
-38_145,2021-07-16,2021,7,13.686502456665039
-38_145,2021-08-16,2021,8,13.414422988891602
-38_145,2021-09-16,2021,9,13.117484092712402
-38_145,2021-10-16,2021,10,13.596474647521973
-38_145,2021-11-16,2021,11,14.894538879394531
-38_145,2021-12-16,2021,12,16.43760871887207
-38_145,2022-01-16,2022,1,17.931110382080078
-38_145,2022-02-15,2022,2,19.047271728515625
-38_145,2022-03-16,2022,3,18.80589485168457
-38_145,2022-04-16,2022,4,17.687255859375
-38_145,2022-05-16,2022,5,16.343055725097656
-38_145,2022-06-16,2022,6,14.565163612365723
-38_145,2022-07-16,2022,7,13.730138778686523
-38_145,2022-08-16,2022,8,13.065959930419922
-38_145,2022-09-16,2022,9,13.26368522644043
-38_145,2022-10-16,2022,10,14.042819023132324
-38_145,2022-11-16,2022,11,15.125167846679688
-38_145,2022-12-16,2022,12,16.237972259521484
-38_145,2023-01-16,2023,1,18.39731788635254
-38_145,2023-02-15,2023,2,18.55437469482422
-38_145,2023-03-16,2023,3,18.164302825927734
-38_145,2023-04-16,2023,4,17.125843048095703
-38_145,2023-05-16,2023,5,15.602970123291016
-38_145,2023-06-16,2023,6,14.620626449584961
-38_145,2023-07-16,2023,7,13.72305679321289
-38_145,2023-08-16,2023,8,13.573184967041016
-38_145,2023-09-16,2023,9,13.640602111816406
-38_145,2023-10-16,2023,10,14.317781448364258
-38_145,2023-11-16,2023,11,15.350435256958008
-38_145,2023-12-16,2023,12,17.035423278808594
-38_145,2024-01-16,2024,1,18.00446319580078
-38_145,2024-02-15,2024,2,19.00635528564453
-38_145,2024-03-16,2024,3,18.394207000732422
-38_145,2024-04-16,2024,4,17.710268020629883
-38_145,2024-05-16,2024,5,16.204357147216797
-38_145,2024-06-16,2024,6,15.119502067565918
-38_145,2024-07-16,2024,7,13.769161224365234
-38_145,2024-08-16,2024,8,13.58505630493164
-38_145,2024-09-16,2024,9,13.621866226196289
-38_145,2024-10-16,2024,10,14.300704002380371
-38_145,2024-11-16,2024,11,15.440098762512207
-38_145,2024-12-16,2024,12,17.22675132751465
-38_145,2025-01-16,2025,1,18.55581283569336
-38_145,2025-02-15,2025,2,19.46345329284668
-38_145,2025-03-16,2025,3,18.839096069335938
-38_145,2025-04-16,2025,4,17.922325134277344
-38_145,2025-05-16,2025,5,16.566234588623047
-38_145,2025-06-16,2025,6,15.124507904052734
-38_145,2025-07-16,2025,7,13.912307739257813
-38_145,2025-08-16,2025,8,13.444536209106445
-38_145,2025-09-16,2025,9,13.443592071533203
-38_145,2025-10-16,2025,10,13.961835861206055
-38_145,2025-11-16,2025,11,14.894136428833008
-38_145,2025-12-16,2025,12,16.09927749633789
-38_149,1992-01-16,1992,1,18.333511352539063
-38_149,1992-02-15,1992,2,19.443864822387695
-38_149,1992-03-16,1992,3,19.788375854492188
-38_149,1992-04-16,1992,4,19.014087677001953
-38_149,1992-05-16,1992,5,17.14027976989746
-38_149,1992-06-16,1992,6,15.686911582946777
-38_149,1992-07-16,1992,7,14.55611801147461
-38_149,1992-08-16,1992,8,14.089448928833008
-38_149,1992-09-16,1992,9,14.899839401245117
-38_149,1992-10-16,1992,10,14.993597030639648
-38_149,1992-11-16,1992,11,16.217927932739258
-38_149,1992-12-16,1992,12,17.662275314331055
-38_149,1993-01-16,1993,1,19.16328239440918
-38_149,1993-02-15,1993,2,20.56548500061035
-38_149,1993-03-16,1993,3,19.888399124145508
-38_149,1993-04-16,1993,4,19.255695343017578
-38_149,1993-05-16,1993,5,17.47291374206543
-38_149,1993-06-16,1993,6,15.532846450805664
-38_149,1993-07-16,1993,7,14.964651107788086
-38_149,1993-08-16,1993,8,14.106404304504395
-38_149,1993-09-16,1993,9,14.416722297668457
-38_149,1993-10-16,1993,10,14.653202056884766
-38_149,1993-11-16,1993,11,15.947659492492676
-38_149,1993-12-16,1993,12,17.4056396484375
-38_149,1994-01-16,1994,1,18.193565368652344
-38_149,1994-02-15,1994,2,20.438007354736328
-38_149,1994-03-16,1994,3,19.715496063232422
-38_149,1994-04-16,1994,4,18.82957649230957
-38_149,1994-05-16,1994,5,16.227943420410156
-38_149,1994-06-16,1994,6,15.461517333984375
-38_149,1994-07-16,1994,7,14.674875259399414
-38_149,1994-08-16,1994,8,14.465921401977539
-38_149,1994-09-16,1994,9,14.006476402282715
-38_149,1994-10-16,1994,10,14.326061248779297
-38_149,1994-11-16,1994,11,15.545586585998535
-38_149,1994-12-16,1994,12,17.758319854736328
-38_149,1995-01-16,1995,1,18.76214027404785
-38_149,1995-02-15,1995,2,19.397205352783203
-38_149,1995-03-16,1995,3,19.65219497680664
-38_149,1995-04-16,1995,4,17.149953842163086
-38_149,1995-05-16,1995,5,16.930545806884766
-38_149,1995-06-16,1995,6,15.424663543701172
-38_149,1995-07-16,1995,7,13.43674373626709
-38_149,1995-08-16,1995,8,13.381138801574707
-38_149,1995-09-16,1995,9,13.862048149108887
-38_149,1995-10-16,1995,10,14.398186683654785
-38_149,1995-11-16,1995,11,15.719965934753418
-38_149,1995-12-16,1995,12,16.860620498657227
-38_149,1996-01-16,1996,1,18.72423553466797
-38_149,1996-02-15,1996,2,18.87832260131836
-38_149,1996-03-16,1996,3,19.108366012573242
-38_149,1996-04-16,1996,4,17.640949249267578
-38_149,1996-05-16,1996,5,16.591506958007813
-38_149,1996-06-16,1996,6,15.149694442749023
-38_149,1996-07-16,1996,7,14.031002044677734
-38_149,1996-08-16,1996,8,13.59058952331543
-38_149,1996-09-16,1996,9,13.533914566040039
-38_149,1996-10-16,1996,10,14.097375869750977
-38_149,1996-11-16,1996,11,15.290918350219727
-38_149,1996-12-16,1996,12,15.91788101196289
-38_149,1997-01-16,1997,1,18.229354858398438
-38_149,1997-02-15,1997,2,19.34131622314453
-38_149,1997-03-16,1997,3,19.53610610961914
-38_149,1997-04-16,1997,4,18.3648681640625
-38_149,1997-05-16,1997,5,16.92940902709961
-38_149,1997-06-16,1997,6,15.923727035522461
-38_149,1997-07-16,1997,7,14.980895042419434
-38_149,1997-08-16,1997,8,14.973433494567871
-38_149,1997-09-16,1997,9,15.35920524597168
-38_149,1997-10-16,1997,10,15.409017562866211
-38_149,1997-11-16,1997,11,16.711395263671875
-38_149,1997-12-16,1997,12,17.744556427001953
-38_149,1998-01-16,1998,1,20.35884666442871
-38_149,1998-02-15,1998,2,21.070507049560547
-38_149,1998-03-16,1998,3,19.979995727539063
-38_149,1998-04-16,1998,4,18.592376708984375
-38_149,1998-05-16,1998,5,16.945039749145508
-38_149,1998-06-16,1998,6,16.39318084716797
-38_149,1998-07-16,1998,7,15.439002990722656
-38_149,1998-08-16,1998,8,14.543018341064453
-38_149,1998-09-16,1998,9,14.975702285766602
-38_149,1998-10-16,1998,10,14.699056625366211
-38_149,1998-11-16,1998,11,16.427656173706055
-38_149,1998-12-16,1998,12,17.920700073242188
-38_149,1999-01-16,1999,1,19.944881439208984
-38_149,1999-02-15,1999,2,20.78697395324707
-38_149,1999-03-16,1999,3,20.978689193725586
-38_149,1999-04-16,1999,4,18.933147430419922
-38_149,1999-05-16,1999,5,17.669231414794922
-38_149,1999-06-16,1999,6,16.418636322021484
-38_149,1999-07-16,1999,7,15.07013988494873
-38_149,1999-08-16,1999,8,14.32683277130127
-38_149,1999-09-16,1999,9,14.593648910522461
-38_149,1999-10-16,1999,10,15.870206832885742
-38_149,1999-11-16,1999,11,16.047704696655273
-38_149,1999-12-16,1999,12,18.037899017333984
-38_149,2000-01-16,2000,1,19.17030906677246
-38_149,2000-02-15,2000,2,20.258529663085938
-38_149,2000-03-16,2000,3,20.22313117980957
-38_149,2000-04-16,2000,4,19.460771560668945
-38_149,2000-05-16,2000,5,17.5059814453125
-38_149,2000-06-16,2000,6,16.09097671508789
-38_149,2000-07-16,2000,7,15.110811233520508
-38_149,2000-08-16,2000,8,14.630459785461426
-38_149,2000-09-16,2000,9,14.999147415161133
-38_149,2000-10-16,2000,10,15.159553527832031
-38_149,2000-11-16,2000,11,16.99777603149414
-38_149,2000-12-16,2000,12,18.908815383911133
-38_149,2001-01-16,2001,1,20.102825164794922
-38_149,2001-02-15,2001,2,21.107563018798828
-38_149,2001-03-16,2001,3,20.85045623779297
-38_149,2001-04-16,2001,4,19.296890258789063
-38_149,2001-05-16,2001,5,17.7501220703125
-38_149,2001-06-16,2001,6,16.79840087890625
-38_149,2001-07-16,2001,7,15.569476127624512
-38_149,2001-08-16,2001,8,15.067089080810547
-38_149,2001-09-16,2001,9,15.448089599609375
-38_149,2001-10-16,2001,10,15.315343856811523
-38_149,2001-11-16,2001,11,16.530288696289063
-38_149,2001-12-16,2001,12,17.74196434020996
-38_149,2002-01-16,2002,1,19.066177368164063
-38_149,2002-02-15,2002,2,19.838956832885742
-38_149,2002-03-16,2002,3,19.843856811523438
-38_149,2002-04-16,2002,4,19.027202606201172
-38_149,2002-05-16,2002,5,17.55613899230957
-38_149,2002-06-16,2002,6,16.32494354248047
-38_149,2002-07-16,2002,7,15.093242645263672
-38_149,2002-08-16,2002,8,14.883977890014648
-38_149,2002-09-16,2002,9,14.955212593078613
-38_149,2002-10-16,2002,10,15.414772987365723
-38_149,2002-11-16,2002,11,16.126834869384766
-38_149,2002-12-16,2002,12,17.77598762512207
-38_149,2003-01-16,2003,1,19.062044143676758
-38_149,2003-02-15,2003,2,20.59964370727539
-38_149,2003-03-16,2003,3,19.84964370727539
-38_149,2003-04-16,2003,4,19.109846115112305
-38_149,2003-05-16,2003,5,17.418533325195313
-38_149,2003-06-16,2003,6,16.0947265625
-38_149,2003-07-16,2003,7,14.941441535949707
-38_149,2003-08-16,2003,8,14.357516288757324
-38_149,2003-09-16,2003,9,14.401590347290039
-38_149,2003-10-16,2003,10,14.73291015625
-38_149,2003-11-16,2003,11,16.36780548095703
-38_149,2003-12-16,2003,12,17.887954711914063
-38_149,2004-01-16,2004,1,19.26496124267578
-38_149,2004-02-15,2004,2,20.120845794677734
-38_149,2004-03-16,2004,3,19.13216209411621
-38_149,2004-04-16,2004,4,18.232648849487305
-38_149,2004-05-16,2004,5,16.23001480102539
-38_149,2004-06-16,2004,6,14.814865112304688
-38_149,2004-07-16,2004,7,13.882733345031738
-38_149,2004-08-16,2004,8,14.279035568237305
-38_149,2004-09-16,2004,9,14.855095863342285
-38_149,2004-10-16,2004,10,15.059843063354492
-38_149,2004-11-16,2004,11,16.189876556396484
-38_149,2004-12-16,2004,12,17.83882713317871
-38_149,2005-01-16,2005,1,19.278852462768555
-38_149,2005-02-15,2005,2,19.817459106445313
-38_149,2005-03-16,2005,3,19.644500732421875
-38_149,2005-04-16,2005,4,18.825942993164063
-38_149,2005-05-16,2005,5,17.235095977783203
-38_149,2005-06-16,2005,6,15.927411079406738
-38_149,2005-07-16,2005,7,15.154409408569336
-38_149,2005-08-16,2005,8,14.548151969909668
-38_149,2005-09-16,2005,9,14.673225402832031
-38_149,2005-10-16,2005,10,15.515336990356445
-38_149,2005-11-16,2005,11,16.982852935791016
-38_149,2005-12-16,2005,12,17.83129119873047
-38_149,2006-01-16,2006,1,18.95089340209961
-38_149,2006-02-15,2006,2,19.933895111083984
-38_149,2006-03-16,2006,3,19.701927185058594
-38_149,2006-04-16,2006,4,17.936546325683594
-38_149,2006-05-16,2006,5,16.177263259887695
-38_149,2006-06-16,2006,6,15.368958473205566
-38_149,2006-07-16,2006,7,14.99873161315918
-38_149,2006-08-16,2006,8,14.450376510620117
-38_149,2006-09-16,2006,9,14.600301742553711
-38_149,2006-10-16,2006,10,15.296083450317383
-38_149,2006-11-16,2006,11,16.634178161621094
-38_149,2006-12-16,2006,12,18.08769989013672
-38_149,2007-01-16,2007,1,19.01218032836914
-38_149,2007-02-15,2007,2,20.73175811767578
-38_149,2007-03-16,2007,3,20.718482971191406
-38_149,2007-04-16,2007,4,19.06414794921875
-38_149,2007-05-16,2007,5,17.36133575439453
-38_149,2007-06-16,2007,6,15.82651138305664
-38_149,2007-07-16,2007,7,14.78954792022705
-38_149,2007-08-16,2007,8,14.340447425842285
-38_149,2007-09-16,2007,9,14.598489761352539
-38_149,2007-10-16,2007,10,14.837571144104004
-38_149,2007-11-16,2007,11,16.639507293701172
-38_149,2007-12-16,2007,12,18.42731475830078
-38_149,2008-01-16,2008,1,19.698701858520508
-38_149,2008-02-15,2008,2,20.160839080810547
-38_149,2008-03-16,2008,3,19.83374786376953
-38_149,2008-04-16,2008,4,18.458175659179688
-38_149,2008-05-16,2008,5,17.1380615234375
-38_149,2008-06-16,2008,6,15.771122932434082
-38_149,2008-07-16,2008,7,14.484774589538574
-38_149,2008-08-16,2008,8,14.21257209777832
-38_149,2008-09-16,2008,9,14.253678321838379
-38_149,2008-10-16,2008,10,15.350205421447754
-38_149,2008-11-16,2008,11,16.346988677978516
-38_149,2008-12-16,2008,12,17.08917808532715
-38_149,2009-01-16,2009,1,18.79018783569336
-38_149,2009-02-15,2009,2,20.09082794189453
-38_149,2009-03-16,2009,3,19.65410614013672
-38_149,2009-04-16,2009,4,19.120880126953125
-38_149,2009-05-16,2009,5,17.058349609375
-38_149,2009-06-16,2009,6,16.20545196533203
-38_149,2009-07-16,2009,7,15.29574966430664
-38_149,2009-08-16,2009,8,14.517303466796875
-38_149,2009-09-16,2009,9,14.384594917297363
-38_149,2009-10-16,2009,10,15.280207633972168
-38_149,2009-11-16,2009,11,16.939289093017578
-38_149,2009-12-16,2009,12,18.342666625976563
-38_149,2010-01-16,2010,1,19.160123825073242
-38_149,2010-02-15,2010,2,20.747920989990234
-38_149,2010-03-16,2010,3,20.513269424438477
-38_149,2010-04-16,2010,4,19.6392822265625
-38_149,2010-05-16,2010,5,17.818862915039063
-38_149,2010-06-16,2010,6,16.1882381439209
-38_149,2010-07-16,2010,7,15.043519973754883
-38_149,2010-08-16,2010,8,14.53031063079834
-38_149,2010-09-16,2010,9,14.038003921508789
-38_149,2010-10-16,2010,10,14.873250961303711
-38_149,2010-11-16,2010,11,16.58444595336914
-38_149,2010-12-16,2010,12,18.20363998413086
-38_149,2011-01-16,2011,1,19.471086502075195
-38_149,2011-02-15,2011,2,20.595474243164063
-38_149,2011-03-16,2011,3,20.136642456054688
-38_149,2011-04-16,2011,4,19.314809799194336
-38_149,2011-05-16,2011,5,17.368270874023438
-38_149,2011-06-16,2011,6,15.752132415771484
-38_149,2011-07-16,2011,7,14.676318168640137
-38_149,2011-08-16,2011,8,15.102890014648438
-38_149,2011-09-16,2011,9,14.951509475708008
-38_149,2011-10-16,2011,10,15.708617210388184
-38_149,2011-11-16,2011,11,16.651460647583008
-38_149,2011-12-16,2011,12,17.9394474029541
-38_149,2012-01-16,2012,1,19.467453002929688
-38_149,2012-02-15,2012,2,20.29720687866211
-38_149,2012-03-16,2012,3,19.3646240234375
-38_149,2012-04-16,2012,4,18.678403854370117
-38_149,2012-05-16,2012,5,16.713254928588867
-38_149,2012-06-16,2012,6,15.395147323608398
-38_149,2012-07-16,2012,7,14.602889060974121
-38_149,2012-08-16,2012,8,14.072624206542969
-38_149,2012-09-16,2012,9,14.398307800292969
-38_149,2012-10-16,2012,10,14.557699203491211
-38_149,2012-11-16,2012,11,16.309619903564453
-38_149,2012-12-16,2012,12,17.850910186767578
-38_149,2013-01-16,2013,1,19.292743682861328
-38_149,2013-02-15,2013,2,20.54275894165039
-38_149,2013-03-16,2013,3,20.717620849609375
-38_149,2013-04-16,2013,4,19.950191497802734
-38_149,2013-05-16,2013,5,17.134687423706055
-38_149,2013-06-16,2013,6,15.461028099060059
-38_149,2013-07-16,2013,7,15.021495819091797
-38_149,2013-08-16,2013,8,14.278888702392578
-38_149,2013-09-16,2013,9,14.526609420776367
-38_149,2013-10-16,2013,10,14.83928108215332
-38_149,2013-11-16,2013,11,16.4337158203125
-38_149,2013-12-16,2013,12,17.85407257080078
-38_149,2014-01-16,2014,1,18.999469757080078
-38_149,2014-02-15,2014,2,20.099706649780273
-38_149,2014-03-16,2014,3,20.367691040039063
-38_149,2014-04-16,2014,4,19.702346801757813
-38_149,2014-05-16,2014,5,18.535709381103516
-38_149,2014-06-16,2014,6,16.700191497802734
-38_149,2014-07-16,2014,7,15.440546989440918
-38_149,2014-08-16,2014,8,14.944038391113281
-38_149,2014-09-16,2014,9,14.681991577148438
-38_149,2014-10-16,2014,10,15.752008438110352
-38_149,2014-11-16,2014,11,17.111528396606445
-38_149,2014-12-16,2014,12,18.976226806640625
-38_149,2015-01-16,2015,1,19.70257568359375
-38_149,2015-02-15,2015,2,20.53509521484375
-38_149,2015-03-16,2015,3,19.98525619506836
-38_149,2015-04-16,2015,4,19.029939651489258
-38_149,2015-05-16,2015,5,17.517024993896484
-38_149,2015-06-16,2015,6,15.923930168151855
-38_149,2015-07-16,2015,7,15.460027694702148
-38_149,2015-08-16,2015,8,14.298820495605469
-38_149,2015-09-16,2015,9,14.896062850952148
-38_149,2015-10-16,2015,10,16.58271026611328
-38_149,2015-11-16,2015,11,17.64807891845703
-38_149,2015-12-16,2015,12,19.39836883544922
-38_149,2016-01-16,2016,1,20.707792282104492
-38_149,2016-02-15,2016,2,21.685455322265625
-38_149,2016-03-16,2016,3,21.671606063842773
-38_149,2016-04-16,2016,4,20.172149658203125
-38_149,2016-05-16,2016,5,17.817869186401367
-38_149,2016-06-16,2016,6,16.14773941040039
-38_149,2016-07-16,2016,7,15.172618865966797
-38_149,2016-08-16,2016,8,14.646708488464355
-38_149,2016-09-16,2016,9,15.106441497802734
-38_149,2016-10-16,2016,10,15.107528686523438
-38_149,2016-11-16,2016,11,16.468780517578125
-38_149,2016-12-16,2016,12,18.029457092285156
-38_149,2017-01-16,2017,1,20.196212768554688
-38_149,2017-02-15,2017,2,20.15555191040039
-38_149,2017-03-16,2017,3,21.062488555908203
-38_149,2017-04-16,2017,4,20.07064437866211
-38_149,2017-05-16,2017,5,17.85407257080078
-38_149,2017-06-16,2017,6,16.082908630371094
-38_149,2017-07-16,2017,7,15.520678520202637
-38_149,2017-08-16,2017,8,14.871498107910156
-38_149,2017-09-16,2017,9,14.664799690246582
-38_149,2017-10-16,2017,10,15.760263442993164
-38_149,2017-11-16,2017,11,17.718048095703125
-38_149,2017-12-16,2017,12,19.349624633789063
-38_149,2018-01-16,2018,1,20.509349822998047
-38_149,2018-02-15,2018,2,21.12295913696289
-38_149,2018-03-16,2018,3,20.20810317993164
-38_149,2018-04-16,2018,4,18.947898864746094
-38_149,2018-05-16,2018,5,17.37185287475586
-38_149,2018-06-16,2018,6,16.14801025390625
-38_149,2018-07-16,2018,7,14.50738525390625
-38_149,2018-08-16,2018,8,14.386655807495117
-38_149,2018-09-16,2018,9,14.524276733398438
-38_149,2018-10-16,2018,10,15.631563186645508
-38_149,2018-11-16,2018,11,16.8046875
-38_149,2018-12-16,2018,12,18.735958099365234
-38_149,2019-01-16,2019,1,20.800689697265625
-38_149,2019-02-15,2019,2,21.16922950744629
-38_149,2019-03-16,2019,3,20.651901245117188
-38_149,2019-04-16,2019,4,18.948856353759766
-38_149,2019-05-16,2019,5,17.68011474609375
-38_149,2019-06-16,2019,6,15.863382339477539
-38_149,2019-07-16,2019,7,14.903733253479004
-38_149,2019-08-16,2019,8,14.68272590637207
-38_149,2019-09-16,2019,9,14.50991439819336
-38_149,2019-10-16,2019,10,15.120203971862793
-38_149,2019-11-16,2019,11,16.52875518798828
-38_149,2019-12-16,2019,12,17.690185546875
-38_149,2020-01-16,2020,1,19.827434539794922
-38_149,2020-02-15,2020,2,20.738903045654297
-38_149,2020-03-16,2020,3,19.864791870117188
-38_149,2020-04-16,2020,4,18.651451110839844
-38_149,2020-05-16,2020,5,16.217823028564453
-38_149,2020-06-16,2020,6,15.48892593383789
-38_149,2020-07-16,2020,7,15.37321662902832
-38_149,2020-08-16,2020,8,14.372479438781738
-38_149,2020-09-16,2020,9,14.767115592956543
-38_149,2020-10-16,2020,10,15.574845314025879
-38_149,2020-11-16,2020,11,17.046310424804688
-38_149,2020-12-16,2020,12,18.31558609008789
-38_149,2021-01-16,2021,1,19.945743560791016
-38_149,2021-02-15,2021,2,20.117460250854492
-38_149,2021-03-16,2021,3,19.746150970458984
-38_149,2021-04-16,2021,4,18.69680404663086
-38_149,2021-05-16,2021,5,17.260934829711914
-38_149,2021-06-16,2021,6,16.371171951293945
-38_149,2021-07-16,2021,7,15.575773239135742
-38_149,2021-08-16,2021,8,14.617655754089355
-38_149,2021-09-16,2021,9,14.216020584106445
-38_149,2021-10-16,2021,10,15.094637870788574
-38_149,2021-11-16,2021,11,16.53479766845703
-38_149,2021-12-16,2021,12,17.932140350341797
-38_149,2022-01-16,2022,1,19.872539520263672
-38_149,2022-02-15,2022,2,20.706525802612305
-38_149,2022-03-16,2022,3,20.54405403137207
-38_149,2022-04-16,2022,4,19.083629608154297
-38_149,2022-05-16,2022,5,18.214298248291016
-38_149,2022-06-16,2022,6,15.905344009399414
-38_149,2022-07-16,2022,7,15.132495880126953
-38_149,2022-08-16,2022,8,14.611017227172852
-38_149,2022-09-16,2022,9,14.888952255249023
-38_149,2022-10-16,2022,10,15.953900337219238
-38_149,2022-11-16,2022,11,16.613868713378906
-38_149,2022-12-16,2022,12,16.708370208740234
-38_149,2023-01-16,2023,1,19.67067527770996
-38_149,2023-02-15,2023,2,21.256250381469727
-38_149,2023-03-16,2023,3,20.53398323059082
-38_149,2023-04-16,2023,4,19.06135368347168
-38_149,2023-05-16,2023,5,17.739002227783203
-38_149,2023-06-16,2023,6,15.818925857543945
-38_149,2023-07-16,2023,7,15.416139602661133
-38_149,2023-08-16,2023,8,14.936530113220215
-38_149,2023-09-16,2023,9,15.42365837097168
-38_149,2023-10-16,2023,10,16.132022857666016
-38_149,2023-11-16,2023,11,18.095476150512695
-38_149,2023-12-16,2023,12,19.56471061706543
-38_149,2024-01-16,2024,1,19.988727569580078
-38_149,2024-02-15,2024,2,21.172142028808594
-38_149,2024-03-16,2024,3,21.051748275756836
-38_149,2024-04-16,2024,4,19.319660186767578
-38_149,2024-05-16,2024,5,17.9792537689209
-38_149,2024-06-16,2024,6,17.024127960205078
-38_149,2024-07-16,2024,7,15.649306297302246
-38_149,2024-08-16,2024,8,15.066398620605469
-38_149,2024-09-16,2024,9,15.094205856323242
-38_149,2024-10-16,2024,10,15.709613800048828
-38_149,2024-11-16,2024,11,16.713096618652344
-38_149,2024-12-16,2024,12,18.865631103515625
-38_149,2025-01-16,2025,1,20.036666870117188
-38_149,2025-02-15,2025,2,21.669954299926758
-38_149,2025-03-16,2025,3,20.580785751342773
-38_149,2025-04-16,2025,4,19.744327545166016
-38_149,2025-05-16,2025,5,18.157135009765625
-38_149,2025-06-16,2025,6,16.346961975097656
-38_149,2025-07-16,2025,7,15.613597869873047
-38_149,2025-08-16,2025,8,14.977883338928223
-38_149,2025-09-16,2025,9,14.833264350891113
-38_149,2025-10-16,2025,10,15.71622085571289
-38_149,2025-11-16,2025,11,16.595916748046875
-38_149,2025-12-16,2025,12,17.580698013305664
-36_150,1992-01-16,1992,1,19.989425659179688
-36_150,1992-02-15,1992,2,21.34150505065918
-36_150,1992-03-16,1992,3,21.788726806640625
-36_150,1992-04-16,1992,4,21.054359436035156
-36_150,1992-05-16,1992,5,19.47136116027832
-36_150,1992-06-16,1992,6,17.447433471679688
-36_150,1992-07-16,1992,7,16.337345123291016
-36_150,1992-08-16,1992,8,16.09761619567871
-36_150,1992-09-16,1992,9,16.50210189819336
-36_150,1992-10-16,1992,10,17.13475799560547
-36_150,1992-11-16,1992,11,18.72482681274414
-36_150,1992-12-16,1992,12,19.0533504486084
-36_150,1993-01-16,1993,1,21.239036560058594
-36_150,1993-02-15,1993,2,22.098751068115234
-36_150,1993-03-16,1993,3,21.410776138305664
-36_150,1993-04-16,1993,4,21.154163360595703
-36_150,1993-05-16,1993,5,19.420963287353516
-36_150,1993-06-16,1993,6,17.585861206054688
-36_150,1993-07-16,1993,7,16.218948364257813
-36_150,1993-08-16,1993,8,15.753890037536621
-36_150,1993-09-16,1993,9,15.80837631225586
-36_150,1993-10-16,1993,10,16.3346004486084
-36_150,1993-11-16,1993,11,17.51425552368164
-36_150,1993-12-16,1993,12,19.405410766601563
-36_150,1994-01-16,1994,1,21.479856491088867
-36_150,1994-02-15,1994,2,22.555065155029297
-36_150,1994-03-16,1994,3,20.860855102539063
-36_150,1994-04-16,1994,4,20.368471145629883
-36_150,1994-05-16,1994,5,18.175907135009766
-36_150,1994-06-16,1994,6,17.013561248779297
-36_150,1994-07-16,1994,7,16.3887996673584
-36_150,1994-08-16,1994,8,15.913475036621094
-36_150,1994-09-16,1994,9,16.07674789428711
-36_150,1994-10-16,1994,10,16.066513061523438
-36_150,1994-11-16,1994,11,17.680858612060547
-36_150,1994-12-16,1994,12,20.489999771118164
-36_150,1995-01-16,1995,1,21.133211135864258
-36_150,1995-02-15,1995,2,21.329830169677734
-36_150,1995-03-16,1995,3,21.826858520507813
-36_150,1995-04-16,1995,4,19.28897476196289
-36_150,1995-05-16,1995,5,19.16632080078125
-36_150,1995-06-16,1995,6,16.63214874267578
-36_150,1995-07-16,1995,7,14.63288688659668
-36_150,1995-08-16,1995,8,14.822510719299316
-36_150,1995-09-16,1995,9,14.619197845458984
-36_150,1995-10-16,1995,10,15.774346351623535
-36_150,1995-11-16,1995,11,18.009897232055664
-36_150,1995-12-16,1995,12,18.370948791503906
-36_150,1996-01-16,1996,1,20.695308685302734
-36_150,1996-02-15,1996,2,20.835525512695313
-36_150,1996-03-16,1996,3,20.741897583007813
-36_150,1996-04-16,1996,4,20.164287567138672
-36_150,1996-05-16,1996,5,18.224517822265625
-36_150,1996-06-16,1996,6,17.813060760498047
-36_150,1996-07-16,1996,7,15.497275352478027
-36_150,1996-08-16,1996,8,15.125787734985352
-36_150,1996-09-16,1996,9,14.875482559204102
-36_150,1996-10-16,1996,10,15.54747200012207
-36_150,1996-11-16,1996,11,17.15612030029297
-36_150,1996-12-16,1996,12,18.342138290405273
-36_150,1997-01-16,1997,1,20.289560317993164
-36_150,1997-02-15,1997,2,21.31119155883789
-36_150,1997-03-16,1997,3,22.140274047851563
-36_150,1997-04-16,1997,4,21.16954803466797
-36_150,1997-05-16,1997,5,19.75936508178711
-36_150,1997-06-16,1997,6,17.84960174560547
-36_150,1997-07-16,1997,7,16.93246078491211
-36_150,1997-08-16,1997,8,16.603099822998047
-36_150,1997-09-16,1997,9,16.90363883972168
-36_150,1997-10-16,1997,10,16.926084518432617
-36_150,1997-11-16,1997,11,18.76669692993164
-36_150,1997-12-16,1997,12,20.898351669311523
-36_150,1998-01-16,1998,1,22.17589569091797
-36_150,1998-02-15,1998,2,23.39713478088379
-36_150,1998-03-16,1998,3,22.775548934936523
-36_150,1998-04-16,1998,4,20.95651626586914
-36_150,1998-05-16,1998,5,19.007122039794922
-36_150,1998-06-16,1998,6,17.55613136291504
-36_150,1998-07-16,1998,7,17.349231719970703
-36_150,1998-08-16,1998,8,16.415193557739258
-36_150,1998-09-16,1998,9,17.209976196289063
-36_150,1998-10-16,1998,10,17.70723533630371
-36_150,1998-11-16,1998,11,18.2055721282959
-36_150,1998-12-16,1998,12,21.35015106201172
-36_150,1999-01-16,1999,1,22.3906192779541
-36_150,1999-02-15,1999,2,22.56986427307129
-36_150,1999-03-16,1999,3,23.210914611816406
-36_150,1999-04-16,1999,4,20.748703002929688
-36_150,1999-05-16,1999,5,19.63241958618164
-36_150,1999-06-16,1999,6,18.467914581298828
-36_150,1999-07-16,1999,7,17.00624656677246
-36_150,1999-08-16,1999,8,16.301807403564453
-36_150,1999-09-16,1999,9,16.171579360961914
-36_150,1999-10-16,1999,10,17.55953598022461
-36_150,1999-11-16,1999,11,18.195491790771484
-36_150,1999-12-16,1999,12,19.96207046508789
-36_150,2000-01-16,2000,1,20.76668357849121
-36_150,2000-02-15,2000,2,21.730627059936523
-36_150,2000-03-16,2000,3,22.087005615234375
-36_150,2000-04-16,2000,4,21.378461837768555
-36_150,2000-05-16,2000,5,18.730331420898438
-36_150,2000-06-16,2000,6,17.365785598754883
-36_150,2000-07-16,2000,7,16.352876663208008
-36_150,2000-08-16,2000,8,15.882614135742188
-36_150,2000-09-16,2000,9,16.813444137573242
-36_150,2000-10-16,2000,10,17.280637741088867
-36_150,2000-11-16,2000,11,19.118003845214844
-36_150,2000-12-16,2000,12,21.397258758544922
-36_150,2001-01-16,2001,1,22.319419860839844
-36_150,2001-02-15,2001,2,23.302783966064453
-36_150,2001-03-16,2001,3,23.33373260498047
-36_150,2001-04-16,2001,4,21.32492446899414
-36_150,2001-05-16,2001,5,18.900705337524414
-36_150,2001-06-16,2001,6,18.340457916259766
-36_150,2001-07-16,2001,7,17.307022094726563
-36_150,2001-08-16,2001,8,16.598369598388672
-36_150,2001-09-16,2001,9,17.59619140625
-36_150,2001-10-16,2001,10,17.272340774536133
-36_150,2001-11-16,2001,11,18.505470275878906
-36_150,2001-12-16,2001,12,20.098474502563477
-36_150,2002-01-16,2002,1,21.67049217224121
-36_150,2002-02-15,2002,2,21.62661361694336
-36_150,2002-03-16,2002,3,21.682781219482422
-36_150,2002-04-16,2002,4,21.015125274658203
-36_150,2002-05-16,2002,5,18.701541900634766
-36_150,2002-06-16,2002,6,18.186893463134766
-36_150,2002-07-16,2002,7,15.758062362670898
-36_150,2002-08-16,2002,8,16.817224502563477
-36_150,2002-09-16,2002,9,16.98699378967285
-36_150,2002-10-16,2002,10,17.42706298828125
-36_150,2002-11-16,2002,11,18.605304718017578
-36_150,2002-12-16,2002,12,20.285869598388672
-36_150,2003-01-16,2003,1,21.143821716308594
-36_150,2003-02-15,2003,2,22.54061508178711
-36_150,2003-03-16,2003,3,21.51471710205078
-36_150,2003-04-16,2003,4,20.822738647460938
-36_150,2003-05-16,2003,5,19.175756454467773
-36_150,2003-06-16,2003,6,17.382091522216797
-36_150,2003-07-16,2003,7,16.640869140625
-36_150,2003-08-16,2003,8,16.147579193115234
-36_150,2003-09-16,2003,9,16.013479232788086
-36_150,2003-10-16,2003,10,17.064857482910156
-36_150,2003-11-16,2003,11,18.196853637695313
-36_150,2003-12-16,2003,12,19.661762237548828
-36_150,2004-01-16,2004,1,21.940189361572266
-36_150,2004-02-15,2004,2,22.12729835510254
-36_150,2004-03-16,2004,3,21.12969970703125
-36_150,2004-04-16,2004,4,20.137075424194336
-36_150,2004-05-16,2004,5,18.165754318237305
-36_150,2004-06-16,2004,6,16.211380004882813
-36_150,2004-07-16,2004,7,15.542400360107422
-36_150,2004-08-16,2004,8,16.5687255859375
-36_150,2004-09-16,2004,9,16.670507431030273
-36_150,2004-10-16,2004,10,17.13418960571289
-36_150,2004-11-16,2004,11,17.818939208984375
-36_150,2004-12-16,2004,12,19.48248291015625
-36_150,2005-01-16,2005,1,21.196212768554688
-36_150,2005-02-15,2005,2,22.180381774902344
-36_150,2005-03-16,2005,3,21.27455711364746
-36_150,2005-04-16,2005,4,21.02039337158203
-36_150,2005-05-16,2005,5,19.33592414855957
-36_150,2005-06-16,2005,6,17.55813980102539
-36_150,2005-07-16,2005,7,16.825773239135742
-36_150,2005-08-16,2005,8,16.337377548217773
-36_150,2005-09-16,2005,9,16.56606101989746
-36_150,2005-10-16,2005,10,17.46065902709961
-36_150,2005-11-16,2005,11,19.570093154907227
-36_150,2005-12-16,2005,12,19.968608856201172
-36_150,2006-01-16,2006,1,21.360258102416992
-36_150,2006-02-15,2006,2,22.446434020996094
-36_150,2006-03-16,2006,3,21.788829803466797
-36_150,2006-04-16,2006,4,20.16592788696289
-36_150,2006-05-16,2006,5,18.083114624023438
-36_150,2006-06-16,2006,6,17.591663360595703
-36_150,2006-07-16,2006,7,16.988800048828125
-36_150,2006-08-16,2006,8,16.21658706665039
-36_150,2006-09-16,2006,9,16.61962127685547
-36_150,2006-10-16,2006,10,17.41857147216797
-36_150,2006-11-16,2006,11,18.99567413330078
-36_150,2006-12-16,2006,12,20.234344482421875
-36_150,2007-01-16,2007,1,21.424720764160156
-36_150,2007-02-15,2007,2,22.661340713500977
-36_150,2007-03-16,2007,3,22.767147064208984
-36_150,2007-04-16,2007,4,20.832427978515625
-36_150,2007-05-16,2007,5,19.77388572692871
-36_150,2007-06-16,2007,6,17.37654685974121
-36_150,2007-07-16,2007,7,16.563928604125977
-36_150,2007-08-16,2007,8,16.007183074951172
-36_150,2007-09-16,2007,9,16.52215003967285
-36_150,2007-10-16,2007,10,16.809085845947266
-36_150,2007-11-16,2007,11,18.396343231201172
-36_150,2007-12-16,2007,12,20.310977935791016
-36_150,2008-01-16,2008,1,21.862754821777344
-36_150,2008-02-15,2008,2,21.591941833496094
-36_150,2008-03-16,2008,3,22.18789291381836
-36_150,2008-04-16,2008,4,20.016387939453125
-36_150,2008-05-16,2008,5,18.24558448791504
-36_150,2008-06-16,2008,6,17.782655715942383
-36_150,2008-07-16,2008,7,15.957852363586426
-36_150,2008-08-16,2008,8,15.039440155029297
-36_150,2008-09-16,2008,9,15.613195419311523
-36_150,2008-10-16,2008,10,17.47763442993164
-36_150,2008-11-16,2008,11,18.153362274169922
-36_150,2008-12-16,2008,12,18.974714279174805
-36_150,2009-01-16,2009,1,20.52011489868164
-36_150,2009-02-15,2009,2,21.81546401977539
-36_150,2009-03-16,2009,3,22.118316650390625
-36_150,2009-04-16,2009,4,20.655902862548828
-36_150,2009-05-16,2009,5,19.316211700439453
-36_150,2009-06-16,2009,6,17.799762725830078
-36_150,2009-07-16,2009,7,16.756526947021484
-36_150,2009-08-16,2009,8,16.38076400756836
-36_150,2009-09-16,2009,9,16.851980209350586
-36_150,2009-10-16,2009,10,17.779056549072266
-36_150,2009-11-16,2009,11,19.04732894897461
-36_150,2009-12-16,2009,12,20.192630767822266
-36_150,2010-01-16,2010,1,21.59518814086914
-36_150,2010-02-15,2010,2,22.89835548400879
-36_150,2010-03-16,2010,3,22.07843780517578
-36_150,2010-04-16,2010,4,21.468801498413086
-36_150,2010-05-16,2010,5,20.386022567749023
-36_150,2010-06-16,2010,6,18.547161102294922
-36_150,2010-07-16,2010,7,16.653295516967773
-36_150,2010-08-16,2010,8,16.27499771118164
-36_150,2010-09-16,2010,9,16.070966720581055
-36_150,2010-10-16,2010,10,17.30914306640625
-36_150,2010-11-16,2010,11,18.575332641601563
-36_150,2010-12-16,2010,12,19.994985580444336
-36_150,2011-01-16,2011,1,22.54806137084961
-36_150,2011-02-15,2011,2,23.203699111938477
-36_150,2011-03-16,2011,3,21.900508880615234
-36_150,2011-04-16,2011,4,21.458396911621094
-36_150,2011-05-16,2011,5,18.724960327148438
-36_150,2011-06-16,2011,6,17.34698486328125
-36_150,2011-07-16,2011,7,16.253055572509766
-36_150,2011-08-16,2011,8,16.791393280029297
-36_150,2011-09-16,2011,9,17.093029022216797
-36_150,2011-10-16,2011,10,17.771831512451172
-36_150,2011-11-16,2011,11,19.16254425048828
-36_150,2011-12-16,2011,12,19.595016479492188
-36_150,2012-01-16,2012,1,21.49715805053711
-36_150,2012-02-15,2012,2,21.953752517700195
-36_150,2012-03-16,2012,3,21.223262786865234
-36_150,2012-04-16,2012,4,20.779813766479492
-36_150,2012-05-16,2012,5,18.757349014282227
-36_150,2012-06-16,2012,6,17.029645919799805
-36_150,2012-07-16,2012,7,15.718505859375
-36_150,2012-08-16,2012,8,15.455543518066406
-36_150,2012-09-16,2012,9,16.41405487060547
-36_150,2012-10-16,2012,10,16.933074951171875
-36_150,2012-11-16,2012,11,18.14751625061035
-36_150,2012-12-16,2012,12,19.110525131225586
-36_150,2013-01-16,2013,1,21.121570587158203
-36_150,2013-02-15,2013,2,22.118322372436523
-36_150,2013-03-16,2013,3,23.01721954345703
-36_150,2013-04-16,2013,4,22.22783660888672
-36_150,2013-05-16,2013,5,19.726247787475586
-36_150,2013-06-16,2013,6,16.71822738647461
-36_150,2013-07-16,2013,7,16.89276695251465
-36_150,2013-08-16,2013,8,16.17827796936035
-36_150,2013-09-16,2013,9,16.776565551757813
-36_150,2013-10-16,2013,10,17.336627960205078
-36_150,2013-11-16,2013,11,18.830514907836914
-36_150,2013-12-16,2013,12,20.106603622436523
-36_150,2014-01-16,2014,1,21.14046287536621
-36_150,2014-02-15,2014,2,21.639177322387695
-36_150,2014-03-16,2014,3,22.73358917236328
-36_150,2014-04-16,2014,4,21.884109497070313
-36_150,2014-05-16,2014,5,21.204082489013672
-36_150,2014-06-16,2014,6,18.304195404052734
-36_150,2014-07-16,2014,7,16.933971405029297
-36_150,2014-08-16,2014,8,16.7724609375
-36_150,2014-09-16,2014,9,16.59524917602539
-36_150,2014-10-16,2014,10,17.742063522338867
-36_150,2014-11-16,2014,11,18.581764221191406
-36_150,2014-12-16,2014,12,20.591238021850586
-36_150,2015-01-16,2015,1,21.712200164794922
-36_150,2015-02-15,2015,2,22.687849044799805
-36_150,2015-03-16,2015,3,22.79298210144043
-36_150,2015-04-16,2015,4,20.66960906982422
-36_150,2015-05-16,2015,5,19.730140686035156
-36_150,2015-06-16,2015,6,17.51068687438965
-36_150,2015-07-16,2015,7,16.430967330932617
-36_150,2015-08-16,2015,8,16.209064483642578
-36_150,2015-09-16,2015,9,16.860946655273438
-36_150,2015-10-16,2015,10,18.806900024414063
-36_150,2015-11-16,2015,11,19.765005111694336
-36_150,2015-12-16,2015,12,20.949127197265625
-36_150,2016-01-16,2016,1,22.407838821411133
-36_150,2016-02-15,2016,2,23.49526596069336
-36_150,2016-03-16,2016,3,23.336225509643555
-36_150,2016-04-16,2016,4,22.206336975097656
-36_150,2016-05-16,2016,5,20.11783218383789
-36_150,2016-06-16,2016,6,18.46303367614746
-36_150,2016-07-16,2016,7,17.329544067382813
-36_150,2016-08-16,2016,8,16.53072738647461
-36_150,2016-09-16,2016,9,17.67364501953125
-36_150,2016-10-16,2016,10,17.3411865234375
-36_150,2016-11-16,2016,11,19.119762420654297
-36_150,2016-12-16,2016,12,20.578475952148438
-36_150,2017-01-16,2017,1,22.766313552856445
-36_150,2017-02-15,2017,2,22.71420669555664
-36_150,2017-03-16,2017,3,22.883211135864258
-36_150,2017-04-16,2017,4,21.6927490234375
-36_150,2017-05-16,2017,5,19.258981704711914
-36_150,2017-06-16,2017,6,17.784198760986328
-36_150,2017-07-16,2017,7,17.244056701660156
-36_150,2017-08-16,2017,8,17.133516311645508
-36_150,2017-09-16,2017,9,16.76947784423828
-36_150,2017-10-16,2017,10,18.248092651367188
-36_150,2017-11-16,2017,11,19.794025421142578
-36_150,2017-12-16,2017,12,21.002498626708984
-36_150,2018-01-16,2018,1,22.082141876220703
-36_150,2018-02-15,2018,2,22.391782760620117
-36_150,2018-03-16,2018,3,22.07594108581543
-36_150,2018-04-16,2018,4,20.384685516357422
-36_150,2018-05-16,2018,5,19.240108489990234
-36_150,2018-06-16,2018,6,17.54802894592285
-36_150,2018-07-16,2018,7,16.268095016479492
-36_150,2018-08-16,2018,8,15.535151481628418
-36_150,2018-09-16,2018,9,16.294044494628906
-36_150,2018-10-16,2018,10,17.41149139404297
-36_150,2018-11-16,2018,11,19.059720993041992
-36_150,2018-12-16,2018,12,20.596923828125
-36_150,2019-01-16,2019,1,22.672264099121094
-36_150,2019-02-15,2019,2,22.98776626586914
-36_150,2019-03-16,2019,3,22.923431396484375
-36_150,2019-04-16,2019,4,21.061254501342773
-36_150,2019-05-16,2019,5,19.759681701660156
-36_150,2019-06-16,2019,6,17.984363555908203
-36_150,2019-07-16,2019,7,16.512189865112305
-36_150,2019-08-16,2019,8,16.584274291992188
-36_150,2019-09-16,2019,9,16.16933822631836
-36_150,2019-10-16,2019,10,17.133052825927734
-36_150,2019-11-16,2019,11,18.270402908325195
-36_150,2019-12-16,2019,12,19.73554229736328
-36_150,2020-01-16,2020,1,21.940601348876953
-36_150,2020-02-15,2020,2,22.76401138305664
-36_150,2020-03-16,2020,3,21.775381088256836
-36_150,2020-04-16,2020,4,20.292224884033203
-36_150,2020-05-16,2020,5,18.6311092376709
-36_150,2020-06-16,2020,6,17.703556060791016
-36_150,2020-07-16,2020,7,17.352174758911133
-36_150,2020-08-16,2020,8,16.03553009033203
-36_150,2020-09-16,2020,9,16.471416473388672
-36_150,2020-10-16,2020,10,17.13782501220703
-36_150,2020-11-16,2020,11,18.856292724609375
-36_150,2020-12-16,2020,12,20.53362464904785
-36_150,2021-01-16,2021,1,21.838191986083984
-36_150,2021-02-15,2021,2,21.817974090576172
-36_150,2021-03-16,2021,3,21.485748291015625
-36_150,2021-04-16,2021,4,20.83028793334961
-36_150,2021-05-16,2021,5,19.75666618347168
-36_150,2021-06-16,2021,6,18.016223907470703
-36_150,2021-07-16,2021,7,17.233135223388672
-36_150,2021-08-16,2021,8,16.193592071533203
-36_150,2021-09-16,2021,9,16.263477325439453
-36_150,2021-10-16,2021,10,16.727985382080078
-36_150,2021-11-16,2021,11,18.461254119873047
-36_150,2021-12-16,2021,12,20.093725204467773
-36_150,2022-01-16,2022,1,22.500534057617188
-36_150,2022-02-15,2022,2,22.84947967529297
-36_150,2022-03-16,2022,3,22.762584686279297
-36_150,2022-04-16,2022,4,21.3892879486084
-36_150,2022-05-16,2022,5,20.750368118286133
-36_150,2022-06-16,2022,6,17.62110710144043
-36_150,2022-07-16,2022,7,16.959909439086914
-36_150,2022-08-16,2022,8,16.426067352294922
-36_150,2022-09-16,2022,9,16.588804244995117
-36_150,2022-10-16,2022,10,18.210783004760742
-36_150,2022-11-16,2022,11,17.69970703125
-36_150,2022-12-16,2022,12,18.13243865966797
-36_150,2023-01-16,2023,1,22.283611297607422
-36_150,2023-02-15,2023,2,23.639564514160156
-36_150,2023-03-16,2023,3,22.89218521118164
-36_150,2023-04-16,2023,4,20.892335891723633
-36_150,2023-05-16,2023,5,19.73164176940918
-36_150,2023-06-16,2023,6,17.68877410888672
-36_150,2023-07-16,2023,7,17.48050308227539
-36_150,2023-08-16,2023,8,16.9642333984375
-36_150,2023-09-16,2023,9,16.933195114135742
-36_150,2023-10-16,2023,10,18.443466186523438
-36_150,2023-11-16,2023,11,19.944236755371094
-36_150,2023-12-16,2023,12,21.165552139282227
-36_150,2024-01-16,2024,1,21.526851654052734
-36_150,2024-02-15,2024,2,22.69882583618164
-36_150,2024-03-16,2024,3,22.750900268554688
-36_150,2024-04-16,2024,4,21.517715454101563
-36_150,2024-05-16,2024,5,20.426002502441406
-36_150,2024-06-16,2024,6,18.87039566040039
-36_150,2024-07-16,2024,7,17.139917373657227
-36_150,2024-08-16,2024,8,16.67291259765625
-36_150,2024-09-16,2024,9,16.792694091796875
-36_150,2024-10-16,2024,10,17.786972045898438
-36_150,2024-11-16,2024,11,18.98769760131836
-36_150,2024-12-16,2024,12,21.315126419067383
-36_150,2025-01-16,2025,1,21.928810119628906
-36_150,2025-02-15,2025,2,23.03258514404297
-36_150,2025-03-16,2025,3,22.49477767944336
-36_150,2025-04-16,2025,4,21.488998413085938
-36_150,2025-05-16,2025,5,19.80893325805664
-36_150,2025-06-16,2025,6,17.774394989013672
-36_150,2025-07-16,2025,7,17.48695182800293
-36_150,2025-08-16,2025,8,17.1138858795166
-36_150,2025-09-16,2025,9,16.894113540649414
-36_150,2025-10-16,2025,10,18.19066619873047
-36_150,2025-11-16,2025,11,18.381193161010742
-36_150,2025-12-16,2025,12,20.07193374633789
-35_151,1992-01-16,1992,1,21.00530242919922
-35_151,1992-02-15,1992,2,22.31695556640625
-35_151,1992-03-16,1992,3,22.817319869995117
-35_151,1992-04-16,1992,4,21.768207550048828
-35_151,1992-05-16,1992,5,20.58224868774414
-35_151,1992-06-16,1992,6,18.499971389770508
-35_151,1992-07-16,1992,7,17.469013214111328
-35_151,1992-08-16,1992,8,16.877735137939453
-35_151,1992-09-16,1992,9,17.23644256591797
-35_151,1992-10-16,1992,10,18.184383392333984
-35_151,1992-11-16,1992,11,19.533342361450195
-35_151,1992-12-16,1992,12,19.859804153442383
-35_151,1993-01-16,1993,1,22.15566635131836
-35_151,1993-02-15,1993,2,22.863845825195313
-35_151,1993-03-16,1993,3,22.176544189453125
-35_151,1993-04-16,1993,4,21.690080642700195
-35_151,1993-05-16,1993,5,19.821941375732422
-35_151,1993-06-16,1993,6,18.27421760559082
-35_151,1993-07-16,1993,7,16.845121383666992
-35_151,1993-08-16,1993,8,16.607929229736328
-35_151,1993-09-16,1993,9,16.733779907226563
-35_151,1993-10-16,1993,10,17.174129486083984
-35_151,1993-11-16,1993,11,18.71640396118164
-35_151,1993-12-16,1993,12,20.5870361328125
-35_151,1994-01-16,1994,1,22.523542404174805
-35_151,1994-02-15,1994,2,23.054874420166016
-35_151,1994-03-16,1994,3,21.615812301635742
-35_151,1994-04-16,1994,4,21.251760482788086
-35_151,1994-05-16,1994,5,19.149784088134766
-35_151,1994-06-16,1994,6,17.787933349609375
-35_151,1994-07-16,1994,7,16.920366287231445
-35_151,1994-08-16,1994,8,16.497926712036133
-35_151,1994-09-16,1994,9,17.05185317993164
-35_151,1994-10-16,1994,10,17.276962280273438
-35_151,1994-11-16,1994,11,18.75891876220703
-35_151,1994-12-16,1994,12,21.470090866088867
-35_151,1995-01-16,1995,1,21.947097778320313
-35_151,1995-02-15,1995,2,22.263444900512695
-35_151,1995-03-16,1995,3,22.53429412841797
-35_151,1995-04-16,1995,4,20.089824676513672
-35_151,1995-05-16,1995,5,19.512697219848633
-35_151,1995-06-16,1995,6,17.189373016357422
-35_151,1995-07-16,1995,7,15.905412673950195
-35_151,1995-08-16,1995,8,15.83535385131836
-35_151,1995-09-16,1995,9,15.828752517700195
-35_151,1995-10-16,1995,10,16.84302520751953
-35_151,1995-11-16,1995,11,19.080551147460938
-35_151,1995-12-16,1995,12,19.461889266967773
-35_151,1996-01-16,1996,1,21.927446365356445
-35_151,1996-02-15,1996,2,22.071348190307617
-35_151,1996-03-16,1996,3,21.790985107421875
-35_151,1996-04-16,1996,4,21.350502014160156
-35_151,1996-05-16,1996,5,19.555370330810547
-35_151,1996-06-16,1996,6,18.899019241333008
-35_151,1996-07-16,1996,7,16.63158416748047
-35_151,1996-08-16,1996,8,16.45627212524414
-35_151,1996-09-16,1996,9,16.139400482177734
-35_151,1996-10-16,1996,10,16.629201889038086
-35_151,1996-11-16,1996,11,18.043590545654297
-35_151,1996-12-16,1996,12,19.82229232788086
-35_151,1997-01-16,1997,1,20.97203826904297
-35_151,1997-02-15,1997,2,22.45888900756836
-35_151,1997-03-16,1997,3,23.356143951416016
-35_151,1997-04-16,1997,4,22.078269958496094
-35_151,1997-05-16,1997,5,20.61630630493164
-35_151,1997-06-16,1997,6,18.9258975982666
-35_151,1997-07-16,1997,7,18.00743865966797
-35_151,1997-08-16,1997,8,17.45236587524414
-35_151,1997-09-16,1997,9,17.606624603271484
-35_151,1997-10-16,1997,10,18.130855560302734
-35_151,1997-11-16,1997,11,20.06045150756836
-35_151,1997-12-16,1997,12,22.047828674316406
-35_151,1998-01-16,1998,1,22.980518341064453
-35_151,1998-02-15,1998,2,24.284225463867188
-35_151,1998-03-16,1998,3,23.41008186340332
-35_151,1998-04-16,1998,4,22.089799880981445
-35_151,1998-05-16,1998,5,19.913204193115234
-35_151,1998-06-16,1998,6,18.257965087890625
-35_151,1998-07-16,1998,7,18.33089256286621
-35_151,1998-08-16,1998,8,17.535171508789063
-35_151,1998-09-16,1998,9,18.418237686157227
-35_151,1998-10-16,1998,10,18.702621459960938
-35_151,1998-11-16,1998,11,19.12742805480957
-35_151,1998-12-16,1998,12,22.514328002929688
-35_151,1999-01-16,1999,1,23.207759857177734
-35_151,1999-02-15,1999,2,23.250268936157227
-35_151,1999-03-16,1999,3,23.79978370666504
-35_151,1999-04-16,1999,4,21.421268463134766
-35_151,1999-05-16,1999,5,20.248437881469727
-35_151,1999-06-16,1999,6,18.92698097229004
-35_151,1999-07-16,1999,7,17.74057960510254
-35_151,1999-08-16,1999,8,17.190288543701172
-35_151,1999-09-16,1999,9,17.189149856567383
-35_151,1999-10-16,1999,10,18.378129959106445
-35_151,1999-11-16,1999,11,19.399906158447266
-35_151,1999-12-16,1999,12,20.870197296142578
-35_151,2000-01-16,2000,1,21.593971252441406
-35_151,2000-02-15,2000,2,22.346899032592773
-35_151,2000-03-16,2000,3,22.71919059753418
-35_151,2000-04-16,2000,4,22.253509521484375
-35_151,2000-05-16,2000,5,19.47962188720703
-35_151,2000-06-16,2000,6,18.025497436523438
-35_151,2000-07-16,2000,7,17.234798431396484
-35_151,2000-08-16,2000,8,16.722766876220703
-35_151,2000-09-16,2000,9,17.4811954498291
-35_151,2000-10-16,2000,10,18.24968910217285
-35_151,2000-11-16,2000,11,19.900306701660156
-35_151,2000-12-16,2000,12,22.33043670654297
-35_151,2001-01-16,2001,1,23.126832962036133
-35_151,2001-02-15,2001,2,23.90268325805664
-35_151,2001-03-16,2001,3,23.750064849853516
-35_151,2001-04-16,2001,4,22.04235076904297
-35_151,2001-05-16,2001,5,19.517976760864258
-35_151,2001-06-16,2001,6,18.968673706054688
-35_151,2001-07-16,2001,7,18.092037200927734
-35_151,2001-08-16,2001,8,17.384504318237305
-35_151,2001-09-16,2001,9,18.341073989868164
-35_151,2001-10-16,2001,10,18.20099639892578
-35_151,2001-11-16,2001,11,19.43467140197754
-35_151,2001-12-16,2001,12,20.915542602539063
-35_151,2002-01-16,2002,1,22.31812858581543
-35_151,2002-02-15,2002,2,22.358980178833008
-35_151,2002-03-16,2002,3,22.509540557861328
-35_151,2002-04-16,2002,4,21.703271865844727
-35_151,2002-05-16,2002,5,19.68594741821289
-35_151,2002-06-16,2002,6,18.712913513183594
-35_151,2002-07-16,2002,7,16.799047470092773
-35_151,2002-08-16,2002,8,17.63690948486328
-35_151,2002-09-16,2002,9,17.761974334716797
-35_151,2002-10-16,2002,10,18.376279830932617
-35_151,2002-11-16,2002,11,19.495227813720703
-35_151,2002-12-16,2002,12,21.22407341003418
-35_151,2003-01-16,2003,1,21.949474334716797
-35_151,2003-02-15,2003,2,23.153545379638672
-35_151,2003-03-16,2003,3,22.354814529418945
-35_151,2003-04-16,2003,4,21.371448516845703
-35_151,2003-05-16,2003,5,19.886886596679688
-35_151,2003-06-16,2003,6,18.040245056152344
-35_151,2003-07-16,2003,7,17.472888946533203
-35_151,2003-08-16,2003,8,16.95345687866211
-35_151,2003-09-16,2003,9,17.084110260009766
-35_151,2003-10-16,2003,10,18.153120040893555
-35_151,2003-11-16,2003,11,18.951457977294922
-35_151,2003-12-16,2003,12,20.67235565185547
-35_151,2004-01-16,2004,1,22.69135284423828
-35_151,2004-02-15,2004,2,22.898048400878906
-35_151,2004-03-16,2004,3,22.087772369384766
-35_151,2004-04-16,2004,4,21.27255630493164
-35_151,2004-05-16,2004,5,19.329307556152344
-35_151,2004-06-16,2004,6,17.086624145507813
-35_151,2004-07-16,2004,7,16.588579177856445
-35_151,2004-08-16,2004,8,17.545059204101563
-35_151,2004-09-16,2004,9,17.5732421875
-35_151,2004-10-16,2004,10,18.191524505615234
-35_151,2004-11-16,2004,11,18.785152435302734
-35_151,2004-12-16,2004,12,20.397857666015625
-35_151,2005-01-16,2005,1,21.83523178100586
-35_151,2005-02-15,2005,2,23.06033706665039
-35_151,2005-03-16,2005,3,22.154943466186523
-35_151,2005-04-16,2005,4,21.980545043945313
-35_151,2005-05-16,2005,5,20.087127685546875
-35_151,2005-06-16,2005,6,18.323898315429688
-35_151,2005-07-16,2005,7,17.60578727722168
-35_151,2005-08-16,2005,8,17.395248413085938
-35_151,2005-09-16,2005,9,17.526357650756836
-35_151,2005-10-16,2005,10,18.29351806640625
-35_151,2005-11-16,2005,11,20.448894500732422
-35_151,2005-12-16,2005,12,21.00069236755371
-35_151,2006-01-16,2006,1,22.43226432800293
-35_151,2006-02-15,2006,2,23.26868438720703
-35_151,2006-03-16,2006,3,22.80373764038086
-35_151,2006-04-16,2006,4,21.34364891052246
-35_151,2006-05-16,2006,5,19.192729949951172
-35_151,2006-06-16,2006,6,18.326250076293945
-35_151,2006-07-16,2006,7,17.726703643798828
-35_151,2006-08-16,2006,8,17.239011764526367
-35_151,2006-09-16,2006,9,17.44078826904297
-35_151,2006-10-16,2006,10,18.31401824951172
-35_151,2006-11-16,2006,11,19.878292083740234
-35_151,2006-12-16,2006,12,21.006839752197266
-35_151,2007-01-16,2007,1,22.291156768798828
-35_151,2007-02-15,2007,2,23.538433074951172
-35_151,2007-03-16,2007,3,23.214008331298828
-35_151,2007-04-16,2007,4,21.67447280883789
-35_151,2007-05-16,2007,5,20.66152572631836
-35_151,2007-06-16,2007,6,18.057279586791992
-35_151,2007-07-16,2007,7,17.153783798217773
-35_151,2007-08-16,2007,8,16.858301162719727
-35_151,2007-09-16,2007,9,17.41086769104004
-35_151,2007-10-16,2007,10,17.934722900390625
-35_151,2007-11-16,2007,11,19.470182418823242
-35_151,2007-12-16,2007,12,21.099403381347656
-35_151,2008-01-16,2008,1,22.72258949279785
-35_151,2008-02-15,2008,2,22.321590423583984
-35_151,2008-03-16,2008,3,22.917625427246094
-35_151,2008-04-16,2008,4,20.784103393554688
-35_151,2008-05-16,2008,5,19.03557014465332
-35_151,2008-06-16,2008,6,18.623075485229492
-35_151,2008-07-16,2008,7,16.731708526611328
-35_151,2008-08-16,2008,8,15.89021110534668
-35_151,2008-09-16,2008,9,16.658903121948242
-35_151,2008-10-16,2008,10,18.45347785949707
-35_151,2008-11-16,2008,11,19.189022064208984
-35_151,2008-12-16,2008,12,19.84458351135254
-35_151,2009-01-16,2009,1,21.272064208984375
-35_151,2009-02-15,2009,2,22.61953353881836
-35_151,2009-03-16,2009,3,22.845439910888672
-35_151,2009-04-16,2009,4,21.155485153198242
-35_151,2009-05-16,2009,5,19.976171493530273
-35_151,2009-06-16,2009,6,18.534469604492188
-35_151,2009-07-16,2009,7,17.50640869140625
-35_151,2009-08-16,2009,8,17.45913314819336
-35_151,2009-09-16,2009,9,17.93470573425293
-35_151,2009-10-16,2009,10,18.688762664794922
-35_151,2009-11-16,2009,11,19.923564910888672
-35_151,2009-12-16,2009,12,21.075439453125
-35_151,2010-01-16,2010,1,22.614116668701172
-35_151,2010-02-15,2010,2,23.833484649658203
-35_151,2010-03-16,2010,3,22.983264923095703
-35_151,2010-04-16,2010,4,22.38555908203125
-35_151,2010-05-16,2010,5,21.126785278320313
-35_151,2010-06-16,2010,6,19.2506046295166
-35_151,2010-07-16,2010,7,17.58646583557129
-35_151,2010-08-16,2010,8,17.209421157836914
-35_151,2010-09-16,2010,9,17.14794921875
-35_151,2010-10-16,2010,10,18.368091583251953
-35_151,2010-11-16,2010,11,19.627788543701172
-35_151,2010-12-16,2010,12,21.331159591674805
-35_151,2011-01-16,2011,1,23.572860717773438
-35_151,2011-02-15,2011,2,23.87018585205078
-35_151,2011-03-16,2011,3,22.708831787109375
-35_151,2011-04-16,2011,4,22.317340850830078
-35_151,2011-05-16,2011,5,19.472816467285156
-35_151,2011-06-16,2011,6,18.303468704223633
-35_151,2011-07-16,2011,7,17.1463623046875
-35_151,2011-08-16,2011,8,17.657024383544922
-35_151,2011-09-16,2011,9,17.901233673095703
-35_151,2011-10-16,2011,10,18.563434600830078
-35_151,2011-11-16,2011,11,20.01866912841797
-35_151,2011-12-16,2011,12,20.431461334228516
-35_151,2012-01-16,2012,1,22.329002380371094
-35_151,2012-02-15,2012,2,22.833831787109375
-35_151,2012-03-16,2012,3,22.191692352294922
-35_151,2012-04-16,2012,4,21.623315811157227
-35_151,2012-05-16,2012,5,19.7496280670166
-35_151,2012-06-16,2012,6,18.049163818359375
-35_151,2012-07-16,2012,7,16.84333610534668
-35_151,2012-08-16,2012,8,16.37299346923828
-35_151,2012-09-16,2012,9,17.3175106048584
-35_151,2012-10-16,2012,10,17.979732513427734
-35_151,2012-11-16,2012,11,19.008880615234375
-35_151,2012-12-16,2012,12,20.346561431884766
-35_151,2013-01-16,2013,1,22.20852279663086
-35_151,2013-02-15,2013,2,22.974401473999023
-35_151,2013-03-16,2013,3,23.609752655029297
-35_151,2013-04-16,2013,4,22.86660385131836
-35_151,2013-05-16,2013,5,20.615520477294922
-35_151,2013-06-16,2013,6,17.636667251586914
-35_151,2013-07-16,2013,7,17.74541473388672
-35_151,2013-08-16,2013,8,17.15455436706543
-35_151,2013-09-16,2013,9,17.894243240356445
-35_151,2013-10-16,2013,10,18.601242065429688
-35_151,2013-11-16,2013,11,19.835689544677734
-35_151,2013-12-16,2013,12,21.04110336303711
-35_151,2014-01-16,2014,1,22.016767501831055
-35_151,2014-02-15,2014,2,22.33456039428711
-35_151,2014-03-16,2014,3,23.49053382873535
-35_151,2014-04-16,2014,4,22.702524185180664
-35_151,2014-05-16,2014,5,21.64983367919922
-35_151,2014-06-16,2014,6,19.003192901611328
-35_151,2014-07-16,2014,7,17.463573455810547
-35_151,2014-08-16,2014,8,17.569564819335938
-35_151,2014-09-16,2014,9,17.58951187133789
-35_151,2014-10-16,2014,10,18.723249435424805
-35_151,2014-11-16,2014,11,19.464183807373047
-35_151,2014-12-16,2014,12,21.467601776123047
-35_151,2015-01-16,2015,1,22.746929168701172
-35_151,2015-02-15,2015,2,23.721220016479492
-35_151,2015-03-16,2015,3,23.546035766601563
-35_151,2015-04-16,2015,4,21.55933380126953
-35_151,2015-05-16,2015,5,20.27376937866211
-35_151,2015-06-16,2015,6,18.272171020507813
-35_151,2015-07-16,2015,7,17.23137855529785
-35_151,2015-08-16,2015,8,17.26558494567871
-35_151,2015-09-16,2015,9,17.728010177612305
-35_151,2015-10-16,2015,10,19.828372955322266
-35_151,2015-11-16,2015,11,20.665889739990234
-35_151,2015-12-16,2015,12,21.615751266479492
-35_151,2016-01-16,2016,1,22.971872329711914
-35_151,2016-02-15,2016,2,24.160308837890625
-35_151,2016-03-16,2016,3,24.043712615966797
-35_151,2016-04-16,2016,4,22.880043029785156
-35_151,2016-05-16,2016,5,20.936994552612305
-35_151,2016-06-16,2016,6,19.34531021118164
-35_151,2016-07-16,2016,7,18.077102661132813
-35_151,2016-08-16,2016,8,17.344301223754883
-35_151,2016-09-16,2016,9,18.56987762451172
-35_151,2016-10-16,2016,10,18.341569900512695
-35_151,2016-11-16,2016,11,19.89303970336914
-35_151,2016-12-16,2016,12,21.47119140625
-35_151,2017-01-16,2017,1,23.455307006835938
-35_151,2017-02-15,2017,2,23.634429931640625
-35_151,2017-03-16,2017,3,23.57796287536621
-35_151,2017-04-16,2017,4,22.24321174621582
-35_151,2017-05-16,2017,5,20.022951126098633
-35_151,2017-06-16,2017,6,18.613374710083008
-35_151,2017-07-16,2017,7,17.994993209838867
-35_151,2017-08-16,2017,8,18.14900016784668
-35_151,2017-09-16,2017,9,17.811552047729492
-35_151,2017-10-16,2017,10,19.38343048095703
-35_151,2017-11-16,2017,11,20.682453155517578
-35_151,2017-12-16,2017,12,21.834444046020508
-35_151,2018-01-16,2018,1,22.689199447631836
-35_151,2018-02-15,2018,2,23.09113311767578
-35_151,2018-03-16,2018,3,22.9935359954834
-35_151,2018-04-16,2018,4,21.480770111083984
-35_151,2018-05-16,2018,5,20.347043991088867
-35_151,2018-06-16,2018,6,18.226072311401367
-35_151,2018-07-16,2018,7,17.156131744384766
-35_151,2018-08-16,2018,8,16.35207176208496
-35_151,2018-09-16,2018,9,17.11642074584961
-35_151,2018-10-16,2018,10,18.48788070678711
-35_151,2018-11-16,2018,11,19.926849365234375
-35_151,2018-12-16,2018,12,21.3559627532959
-35_151,2019-01-16,2019,1,23.413196563720703
-35_151,2019-02-15,2019,2,23.680255889892578
-35_151,2019-03-16,2019,3,23.619047164916992
-35_151,2019-04-16,2019,4,21.965940475463867
-35_151,2019-05-16,2019,5,20.567123413085938
-35_151,2019-06-16,2019,6,18.758695602416992
-35_151,2019-07-16,2019,7,17.520950317382813
-35_151,2019-08-16,2019,8,17.576723098754883
-35_151,2019-09-16,2019,9,17.102924346923828
-35_151,2019-10-16,2019,10,18.15422821044922
-35_151,2019-11-16,2019,11,19.32321548461914
-35_151,2019-12-16,2019,12,20.813411712646484
-35_151,2020-01-16,2020,1,22.699275970458984
-35_151,2020-02-15,2020,2,23.213008880615234
-35_151,2020-03-16,2020,3,22.733718872070313
-35_151,2020-04-16,2020,4,21.170429229736328
-35_151,2020-05-16,2020,5,19.47557830810547
-35_151,2020-06-16,2020,6,18.420047760009766
-35_151,2020-07-16,2020,7,18.067506790161133
-35_151,2020-08-16,2020,8,16.916179656982422
-35_151,2020-09-16,2020,9,17.33224868774414
-35_151,2020-10-16,2020,10,18.282546997070313
-35_151,2020-11-16,2020,11,19.472225189208984
-35_151,2020-12-16,2020,12,21.357011795043945
-35_151,2021-01-16,2021,1,22.57155990600586
-35_151,2021-02-15,2021,2,22.860092163085938
-35_151,2021-03-16,2021,3,22.246795654296875
-35_151,2021-04-16,2021,4,21.834239959716797
-35_151,2021-05-16,2021,5,20.63492202758789
-35_151,2021-06-16,2021,6,18.81341552734375
-35_151,2021-07-16,2021,7,18.019485473632813
-35_151,2021-08-16,2021,8,17.214340209960938
-35_151,2021-09-16,2021,9,17.1739501953125
-35_151,2021-10-16,2021,10,17.653573989868164
-35_151,2021-11-16,2021,11,19.608314514160156
-35_151,2021-12-16,2021,12,21.313495635986328
-35_151,2022-01-16,2022,1,23.388277053833008
-35_151,2022-02-15,2022,2,23.804668426513672
-35_151,2022-03-16,2022,3,23.60720443725586
-35_151,2022-04-16,2022,4,22.44668197631836
-35_151,2022-05-16,2022,5,21.52170181274414
-35_151,2022-06-16,2022,6,18.6513614654541
-35_151,2022-07-16,2022,7,17.99461555480957
-35_151,2022-08-16,2022,8,17.448997497558594
-35_151,2022-09-16,2022,9,17.55511474609375
-35_151,2022-10-16,2022,10,19.058486938476563
-35_151,2022-11-16,2022,11,18.5927791595459
-35_151,2022-12-16,2022,12,19.178865432739258
-35_151,2023-01-16,2023,1,23.177860260009766
-35_151,2023-02-15,2023,2,24.371620178222656
-35_151,2023-03-16,2023,3,23.542360305786133
-35_151,2023-04-16,2023,4,21.939029693603516
-35_151,2023-05-16,2023,5,20.25985336303711
-35_151,2023-06-16,2023,6,18.653240203857422
-35_151,2023-07-16,2023,7,18.2341365814209
-35_151,2023-08-16,2023,8,17.812355041503906
-35_151,2023-09-16,2023,9,17.736406326293945
-35_151,2023-10-16,2023,10,19.312549591064453
-35_151,2023-11-16,2023,11,20.6888427734375
-35_151,2023-12-16,2023,12,21.835783004760742
-35_151,2024-01-16,2024,1,22.527231216430664
-35_151,2024-02-15,2024,2,23.688526153564453
-35_151,2024-03-16,2024,3,23.54745101928711
-35_151,2024-04-16,2024,4,22.720935821533203
-35_151,2024-05-16,2024,5,21.404499053955078
-35_151,2024-06-16,2024,6,19.386112213134766
-35_151,2024-07-16,2024,7,17.91485595703125
-35_151,2024-08-16,2024,8,17.605674743652344
-35_151,2024-09-16,2024,9,17.653892517089844
-35_151,2024-10-16,2024,10,18.775802612304688
-35_151,2024-11-16,2024,11,20.131065368652344
-35_151,2024-12-16,2024,12,22.113262176513672
-35_151,2025-01-16,2025,1,22.893585205078125
-35_151,2025-02-15,2025,2,24.052133560180664
-35_151,2025-03-16,2025,3,23.2081298828125
-35_151,2025-04-16,2025,4,22.275653839111328
-35_151,2025-05-16,2025,5,20.504901885986328
-35_151,2025-06-16,2025,6,18.74421501159668
-35_151,2025-07-16,2025,7,18.32654571533203
-35_151,2025-08-16,2025,8,18.045795440673828
-35_151,2025-09-16,2025,9,17.998741149902344
-35_151,2025-10-16,2025,10,19.174652099609375
-35_151,2025-11-16,2025,11,19.63412094116211
-35_151,2025-12-16,2025,12,21.370189666748047
-34_151,1992-01-16,1992,1,21.714113235473633
-34_151,1992-02-15,1992,2,22.709421157836914
-34_151,1992-03-16,1992,3,23.646291732788086
-34_151,1992-04-16,1992,4,22.086891174316406
-34_151,1992-05-16,1992,5,20.9307861328125
-34_151,1992-06-16,1992,6,19.43800163269043
-34_151,1992-07-16,1992,7,18.27170181274414
-34_151,1992-08-16,1992,8,17.447017669677734
-34_151,1992-09-16,1992,9,17.813495635986328
-34_151,1992-10-16,1992,10,18.839271545410156
-34_151,1992-11-16,1992,11,19.94278335571289
-34_151,1992-12-16,1992,12,20.78542709350586
-34_151,1993-01-16,1993,1,22.805526733398438
-34_151,1993-02-15,1993,2,23.165977478027344
-34_151,1993-03-16,1993,3,22.633644104003906
-34_151,1993-04-16,1993,4,21.899219512939453
-34_151,1993-05-16,1993,5,19.9962158203125
-34_151,1993-06-16,1993,6,18.17422866821289
-34_151,1993-07-16,1993,7,17.165794372558594
-34_151,1993-08-16,1993,8,17.395488739013672
-34_151,1993-09-16,1993,9,17.51321029663086
-34_151,1993-10-16,1993,10,17.570125579833984
-34_151,1993-11-16,1993,11,19.486309051513672
-34_151,1993-12-16,1993,12,21.38365936279297
-34_151,1994-01-16,1994,1,22.968656539916992
-34_151,1994-02-15,1994,2,23.379375457763672
-34_151,1994-03-16,1994,3,22.225631713867188
-34_151,1994-04-16,1994,4,21.78744125366211
-34_151,1994-05-16,1994,5,19.870590209960938
-34_151,1994-06-16,1994,6,18.29904556274414
-34_151,1994-07-16,1994,7,17.566303253173828
-34_151,1994-08-16,1994,8,17.32095718383789
-34_151,1994-09-16,1994,9,17.407928466796875
-34_151,1994-10-16,1994,10,18.088024139404297
-34_151,1994-11-16,1994,11,19.23668098449707
-34_151,1994-12-16,1994,12,21.9592227935791
-34_151,1995-01-16,1995,1,22.445877075195313
-34_151,1995-02-15,1995,2,22.62502098083496
-34_151,1995-03-16,1995,3,22.682838439941406
-34_151,1995-04-16,1995,4,20.894794464111328
-34_151,1995-05-16,1995,5,19.73473358154297
-34_151,1995-06-16,1995,6,17.77035903930664
-34_151,1995-07-16,1995,7,17.003202438354492
-34_151,1995-08-16,1995,8,16.578052520751953
-34_151,1995-09-16,1995,9,16.70616912841797
-34_151,1995-10-16,1995,10,17.84376335144043
-34_151,1995-11-16,1995,11,19.62533187866211
-34_151,1995-12-16,1995,12,20.359107971191406
-34_151,1996-01-16,1996,1,22.75724983215332
-34_151,1996-02-15,1996,2,22.80623435974121
-34_151,1996-03-16,1996,3,22.664871215820313
-34_151,1996-04-16,1996,4,22.114219665527344
-34_151,1996-05-16,1996,5,20.73377227783203
-34_151,1996-06-16,1996,6,19.599903106689453
-34_151,1996-07-16,1996,7,17.415040969848633
-34_151,1996-08-16,1996,8,17.479942321777344
-34_151,1996-09-16,1996,9,17.019458770751953
-34_151,1996-10-16,1996,10,17.524198532104492
-34_151,1996-11-16,1996,11,18.655742645263672
-34_151,1996-12-16,1996,12,21.080291748046875
-34_151,1997-01-16,1997,1,21.723838806152344
-34_151,1997-02-15,1997,2,23.186805725097656
-34_151,1997-03-16,1997,3,23.701736450195313
-34_151,1997-04-16,1997,4,22.46426010131836
-34_151,1997-05-16,1997,5,21.049888610839844
-34_151,1997-06-16,1997,6,19.261171340942383
-34_151,1997-07-16,1997,7,18.590787887573242
-34_151,1997-08-16,1997,8,18.146896362304688
-34_151,1997-09-16,1997,9,17.960800170898438
-34_151,1997-10-16,1997,10,18.754352569580078
-34_151,1997-11-16,1997,11,20.992225646972656
-34_151,1997-12-16,1997,12,22.683515548706055
-34_151,1998-01-16,1998,1,23.503494262695313
-34_151,1998-02-15,1998,2,24.8427734375
-34_151,1998-03-16,1998,3,23.293649673461914
-34_151,1998-04-16,1998,4,22.572895050048828
-34_151,1998-05-16,1998,5,20.362369537353516
-34_151,1998-06-16,1998,6,18.699037551879883
-34_151,1998-07-16,1998,7,18.894271850585938
-34_151,1998-08-16,1998,8,18.54709243774414
-34_151,1998-09-16,1998,9,19.414344787597656
-34_151,1998-10-16,1998,10,19.173187255859375
-34_151,1998-11-16,1998,11,19.75551986694336
-34_151,1998-12-16,1998,12,22.950180053710938
-34_151,1999-01-16,1999,1,23.469457626342773
-34_151,1999-02-15,1999,2,23.91389274597168
-34_151,1999-03-16,1999,3,24.252891540527344
-34_151,1999-04-16,1999,4,21.99042510986328
-34_151,1999-05-16,1999,5,20.778099060058594
-34_151,1999-06-16,1999,6,19.221664428710938
-34_151,1999-07-16,1999,7,18.365890502929688
-34_151,1999-08-16,1999,8,17.98657989501953
-34_151,1999-09-16,1999,9,18.028289794921875
-34_151,1999-10-16,1999,10,19.109249114990234
-34_151,1999-11-16,1999,11,20.22329330444336
-34_151,1999-12-16,1999,12,21.507862091064453
-34_151,2000-01-16,2000,1,22.315631866455078
-34_151,2000-02-15,2000,2,22.780838012695313
-34_151,2000-03-16,2000,3,22.941234588623047
-34_151,2000-04-16,2000,4,22.731327056884766
-34_151,2000-05-16,2000,5,20.1217041015625
-34_151,2000-06-16,2000,6,18.563823699951172
-34_151,2000-07-16,2000,7,17.925304412841797
-34_151,2000-08-16,2000,8,17.34046745300293
-34_151,2000-09-16,2000,9,17.841764450073242
-34_151,2000-10-16,2000,10,18.988250732421875
-34_151,2000-11-16,2000,11,20.46762466430664
-34_151,2000-12-16,2000,12,22.803327560424805
-34_151,2001-01-16,2001,1,23.46322250366211
-34_151,2001-02-15,2001,2,24.0797061920166
-34_151,2001-03-16,2001,3,23.765838623046875
-34_151,2001-04-16,2001,4,22.573760986328125
-34_151,2001-05-16,2001,5,20.204322814941406
-34_151,2001-06-16,2001,6,19.43838119506836
-34_151,2001-07-16,2001,7,18.449546813964844
-34_151,2001-08-16,2001,8,17.878028869628906
-34_151,2001-09-16,2001,9,18.83991241455078
-34_151,2001-10-16,2001,10,18.779037475585938
-34_151,2001-11-16,2001,11,20.06015968322754
-34_151,2001-12-16,2001,12,21.456165313720703
-34_151,2002-01-16,2002,1,22.730262756347656
-34_151,2002-02-15,2002,2,22.859098434448242
-34_151,2002-03-16,2002,3,23.208698272705078
-34_151,2002-04-16,2002,4,22.112262725830078
-34_151,2002-05-16,2002,5,20.49210548400879
-34_151,2002-06-16,2002,6,19.022520065307617
-34_151,2002-07-16,2002,7,17.843563079833984
-34_151,2002-08-16,2002,8,18.413423538208008
-34_151,2002-09-16,2002,9,18.261444091796875
-34_151,2002-10-16,2002,10,19.055225372314453
-34_151,2002-11-16,2002,11,20.084678649902344
-34_151,2002-12-16,2002,12,21.791810989379883
-34_151,2003-01-16,2003,1,22.383642196655273
-34_151,2003-02-15,2003,2,23.4947566986084
-34_151,2003-03-16,2003,3,22.85990333557129
-34_151,2003-04-16,2003,4,22.041545867919922
-34_151,2003-05-16,2003,5,20.424667358398438
-34_151,2003-06-16,2003,6,18.44624900817871
-34_151,2003-07-16,2003,7,18.0703125
-34_151,2003-08-16,2003,8,17.434675216674805
-34_151,2003-09-16,2003,9,17.973037719726563
-34_151,2003-10-16,2003,10,18.976058959960938
-34_151,2003-11-16,2003,11,19.54847526550293
-34_151,2003-12-16,2003,12,21.517305374145508
-34_151,2004-01-16,2004,1,23.117069244384766
-34_151,2004-02-15,2004,2,23.320152282714844
-34_151,2004-03-16,2004,3,22.89432144165039
-34_151,2004-04-16,2004,4,22.03435707092285
-34_151,2004-05-16,2004,5,20.18075180053711
-34_151,2004-06-16,2004,6,17.737987518310547
-34_151,2004-07-16,2004,7,17.173545837402344
-34_151,2004-08-16,2004,8,18.21369743347168
-34_151,2004-09-16,2004,9,18.199737548828125
-34_151,2004-10-16,2004,10,18.982582092285156
-34_151,2004-11-16,2004,11,19.4951229095459
-34_151,2004-12-16,2004,12,21.050447463989258
-34_151,2005-01-16,2005,1,22.351781845092773
-34_151,2005-02-15,2005,2,23.532238006591797
-34_151,2005-03-16,2005,3,22.870580673217773
-34_151,2005-04-16,2005,4,22.655427932739258
-34_151,2005-05-16,2005,5,20.514808654785156
-34_151,2005-06-16,2005,6,18.739131927490234
-34_151,2005-07-16,2005,7,18.190597534179688
-34_151,2005-08-16,2005,8,18.128684997558594
-34_151,2005-09-16,2005,9,18.272842407226563
-34_151,2005-10-16,2005,10,18.926340103149414
-34_151,2005-11-16,2005,11,20.98316192626953
-34_151,2005-12-16,2005,12,21.933122634887695
-34_151,2006-01-16,2006,1,23.071531295776367
-34_151,2006-02-15,2006,2,23.69731903076172
-34_151,2006-03-16,2006,3,23.39095115661621
-34_151,2006-04-16,2006,4,22.181488037109375
-34_151,2006-05-16,2006,5,19.971817016601563
-34_151,2006-06-16,2006,6,18.610502243041992
-34_151,2006-07-16,2006,7,18.104272842407227
-34_151,2006-08-16,2006,8,18.19513511657715
-34_151,2006-09-16,2006,9,18.000307083129883
-34_151,2006-10-16,2006,10,19.004985809326172
-34_151,2006-11-16,2006,11,20.3184871673584
-34_151,2006-12-16,2006,12,21.449020385742188
-34_151,2007-01-16,2007,1,22.75934410095215
-34_151,2007-02-15,2007,2,24.016769409179688
-34_151,2007-03-16,2007,3,23.32707977294922
-34_151,2007-04-16,2007,4,22.130733489990234
-34_151,2007-05-16,2007,5,21.113367080688477
-34_151,2007-06-16,2007,6,18.590993881225586
-34_151,2007-07-16,2007,7,17.550701141357422
-34_151,2007-08-16,2007,8,17.44919776916504
-34_151,2007-09-16,2007,9,18.319522857666016
-34_151,2007-10-16,2007,10,18.856042861938477
-34_151,2007-11-16,2007,11,20.417316436767578
-34_151,2007-12-16,2007,12,21.711864471435547
-34_151,2008-01-16,2008,1,23.212160110473633
-34_151,2008-02-15,2008,2,22.89179039001465
-34_151,2008-03-16,2008,3,23.32461929321289
-34_151,2008-04-16,2008,4,21.24521827697754
-34_151,2008-05-16,2008,5,19.666961669921875
-34_151,2008-06-16,2008,6,19.206361770629883
-34_151,2008-07-16,2008,7,17.48517417907715
-34_151,2008-08-16,2008,8,16.452497482299805
-34_151,2008-09-16,2008,9,17.34990692138672
-34_151,2008-10-16,2008,10,19.25855255126953
-34_151,2008-11-16,2008,11,19.99091339111328
-34_151,2008-12-16,2008,12,20.632497787475586
-34_151,2009-01-16,2009,1,21.888347625732422
-34_151,2009-02-15,2009,2,23.26181411743164
-34_151,2009-03-16,2009,3,23.1658992767334
-34_151,2009-04-16,2009,4,21.62465476989746
-34_151,2009-05-16,2009,5,20.275423049926758
-34_151,2009-06-16,2009,6,19.026844024658203
-34_151,2009-07-16,2009,7,18.03689193725586
-34_151,2009-08-16,2009,8,18.304466247558594
-34_151,2009-09-16,2009,9,18.626911163330078
-34_151,2009-10-16,2009,10,19.37723731994629
-34_151,2009-11-16,2009,11,20.641170501708984
-34_151,2009-12-16,2009,12,21.631641387939453
-34_151,2010-01-16,2010,1,23.153841018676758
-34_151,2010-02-15,2010,2,24.227298736572266
-34_151,2010-03-16,2010,3,23.710750579833984
-34_151,2010-04-16,2010,4,22.96302604675293
-34_151,2010-05-16,2010,5,21.54056167602539
-34_151,2010-06-16,2010,6,19.662067413330078
-34_151,2010-07-16,2010,7,18.352001190185547
-34_151,2010-08-16,2010,8,17.889022827148438
-34_151,2010-09-16,2010,9,17.788185119628906
-34_151,2010-10-16,2010,10,19.301097869873047
-34_151,2010-11-16,2010,11,20.37896728515625
-34_151,2010-12-16,2010,12,22.218616485595703
-34_151,2011-01-16,2011,1,23.92023277282715
-34_151,2011-02-15,2011,2,24.007173538208008
-34_151,2011-03-16,2011,3,23.22764015197754
-34_151,2011-04-16,2011,4,22.785324096679688
-34_151,2011-05-16,2011,5,20.282573699951172
-34_151,2011-06-16,2011,6,19.15262794494629
-34_151,2011-07-16,2011,7,17.835201263427734
-34_151,2011-08-16,2011,8,18.510704040527344
-34_151,2011-09-16,2011,9,18.3837833404541
-34_151,2011-10-16,2011,10,19.016923904418945
-34_151,2011-11-16,2011,11,20.450035095214844
-34_151,2011-12-16,2011,12,21.10172462463379
-34_151,2012-01-16,2012,1,22.778629302978516
-34_151,2012-02-15,2012,2,23.405723571777344
-34_151,2012-03-16,2012,3,22.889015197753906
-34_151,2012-04-16,2012,4,22.312620162963867
-34_151,2012-05-16,2012,5,20.45578384399414
-34_151,2012-06-16,2012,6,18.824657440185547
-34_151,2012-07-16,2012,7,17.721439361572266
-34_151,2012-08-16,2012,8,16.972393035888672
-34_151,2012-09-16,2012,9,17.725635528564453
-34_151,2012-10-16,2012,10,18.809253692626953
-34_151,2012-11-16,2012,11,19.789379119873047
-34_151,2012-12-16,2012,12,21.41732406616211
-34_151,2013-01-16,2013,1,22.91196060180664
-34_151,2013-02-15,2013,2,23.550617218017578
-34_151,2013-03-16,2013,3,23.742267608642578
-34_151,2013-04-16,2013,4,23.188495635986328
-34_151,2013-05-16,2013,5,21.134912490844727
-34_151,2013-06-16,2013,6,18.28081512451172
-34_151,2013-07-16,2013,7,18.30486297607422
-34_151,2013-08-16,2013,8,17.788604736328125
-34_151,2013-09-16,2013,9,18.926977157592773
-34_151,2013-10-16,2013,10,19.60787582397461
-34_151,2013-11-16,2013,11,20.562475204467773
-34_151,2013-12-16,2013,12,21.610708236694336
-34_151,2014-01-16,2014,1,22.533065795898438
-34_151,2014-02-15,2014,2,22.827573776245117
-34_151,2014-03-16,2014,3,23.953439712524414
-34_151,2014-04-16,2014,4,23.294639587402344
-34_151,2014-05-16,2014,5,21.748912811279297
-34_151,2014-06-16,2014,6,19.544090270996094
-34_151,2014-07-16,2014,7,17.762460708618164
-34_151,2014-08-16,2014,8,18.057130813598633
-34_151,2014-09-16,2014,9,18.2432861328125
-34_151,2014-10-16,2014,10,19.49410057067871
-34_151,2014-11-16,2014,11,20.251184463500977
-34_151,2014-12-16,2014,12,22.184375762939453
-34_151,2015-01-16,2015,1,23.462162017822266
-34_151,2015-02-15,2015,2,24.29381561279297
-34_151,2015-03-16,2015,3,23.785842895507813
-34_151,2015-04-16,2015,4,22.303985595703125
-34_151,2015-05-16,2015,5,20.688982009887695
-34_151,2015-06-16,2015,6,18.896404266357422
-34_151,2015-07-16,2015,7,18.153846740722656
-34_151,2015-08-16,2015,8,18.115188598632813
-34_151,2015-09-16,2015,9,18.300905227661133
-34_151,2015-10-16,2015,10,20.581783294677734
-34_151,2015-11-16,2015,11,21.230804443359375
-34_151,2015-12-16,2015,12,22.31014633178711
-34_151,2016-01-16,2016,1,23.381845474243164
-34_151,2016-02-15,2016,2,24.560428619384766
-34_151,2016-03-16,2016,3,24.496776580810547
-34_151,2016-04-16,2016,4,23.299644470214844
-34_151,2016-05-16,2016,5,21.65503692626953
-34_151,2016-06-16,2016,6,20.162050247192383
-34_151,2016-07-16,2016,7,18.665861129760742
-34_151,2016-08-16,2016,8,17.98968505859375
-34_151,2016-09-16,2016,9,19.108068466186523
-34_151,2016-10-16,2016,10,19.042987823486328
-34_151,2016-11-16,2016,11,20.2533016204834
-34_151,2016-12-16,2016,12,22.054065704345703
-34_151,2017-01-16,2017,1,23.79747200012207
-34_151,2017-02-15,2017,2,24.162147521972656
-34_151,2017-03-16,2017,3,24.231016159057617
-34_151,2017-04-16,2017,4,22.832447052001953
-34_151,2017-05-16,2017,5,20.490291595458984
-34_151,2017-06-16,2017,6,19.36613655090332
-34_151,2017-07-16,2017,7,18.553058624267578
-34_151,2017-08-16,2017,8,18.826520919799805
-34_151,2017-09-16,2017,9,18.51956558227539
-34_151,2017-10-16,2017,10,20.032978057861328
-34_151,2017-11-16,2017,11,21.439016342163086
-34_151,2017-12-16,2017,12,22.303253173828125
-34_151,2018-01-16,2018,1,23.28801155090332
-34_151,2018-02-15,2018,2,23.81240463256836
-34_151,2018-03-16,2018,3,23.609176635742188
-34_151,2018-04-16,2018,4,22.327646255493164
-34_151,2018-05-16,2018,5,21.003093719482422
-34_151,2018-06-16,2018,6,18.79426383972168
-34_151,2018-07-16,2018,7,17.729982376098633
-34_151,2018-08-16,2018,8,17.107603073120117
-34_151,2018-09-16,2018,9,17.705907821655273
-34_151,2018-10-16,2018,10,19.523218154907227
-34_151,2018-11-16,2018,11,20.549509048461914
-34_151,2018-12-16,2018,12,21.948253631591797
-34_151,2019-01-16,2019,1,23.843503952026367
-34_151,2019-02-15,2019,2,23.90707015991211
-34_151,2019-03-16,2019,3,23.916156768798828
-34_151,2019-04-16,2019,4,22.55255126953125
-34_151,2019-05-16,2019,5,21.232086181640625
-34_151,2019-06-16,2019,6,19.329734802246094
-34_151,2019-07-16,2019,7,18.367511749267578
-34_151,2019-08-16,2019,8,18.40438461303711
-34_151,2019-09-16,2019,9,17.835216522216797
-34_151,2019-10-16,2019,10,18.94720458984375
-34_151,2019-11-16,2019,11,20.113094329833984
-34_151,2019-12-16,2019,12,21.648784637451172
-34_151,2020-01-16,2020,1,23.338397979736328
-34_151,2020-02-15,2020,2,23.545684814453125
-34_151,2020-03-16,2020,3,23.24465560913086
-34_151,2020-04-16,2020,4,21.87252426147461
-34_151,2020-05-16,2020,5,20.20619773864746
-34_151,2020-06-16,2020,6,18.797733306884766
-34_151,2020-07-16,2020,7,18.475727081298828
-34_151,2020-08-16,2020,8,17.574811935424805
-34_151,2020-09-16,2020,9,17.961780548095703
-34_151,2020-10-16,2020,10,19.201929092407227
-34_151,2020-11-16,2020,11,19.730010986328125
-34_151,2020-12-16,2020,12,21.796039581298828
-34_151,2021-01-16,2021,1,23.208227157592773
-34_151,2021-02-15,2021,2,23.614347457885742
-34_151,2021-03-16,2021,3,22.626602172851563
-34_151,2021-04-16,2021,4,22.47407341003418
-34_151,2021-05-16,2021,5,21.011714935302734
-34_151,2021-06-16,2021,6,19.285568237304688
-34_151,2021-07-16,2021,7,18.500240325927734
-34_151,2021-08-16,2021,8,18.057010650634766
-34_151,2021-09-16,2021,9,17.841291427612305
-34_151,2021-10-16,2021,10,18.4783935546875
-34_151,2021-11-16,2021,11,20.501178741455078
-34_151,2021-12-16,2021,12,22.177095413208008
-34_151,2022-01-16,2022,1,23.8652400970459
-34_151,2022-02-15,2022,2,24.486915588378906
-34_151,2022-03-16,2022,3,23.850236892700195
-34_151,2022-04-16,2022,4,22.986236572265625
-34_151,2022-05-16,2022,5,21.968141555786133
-34_151,2022-06-16,2022,6,19.35062026977539
-34_151,2022-07-16,2022,7,18.636005401611328
-34_151,2022-08-16,2022,8,18.195484161376953
-34_151,2022-09-16,2022,9,18.113792419433594
-34_151,2022-10-16,2022,10,19.567176818847656
-34_151,2022-11-16,2022,11,19.27691650390625
-34_151,2022-12-16,2022,12,20.017738342285156
-34_151,2023-01-16,2023,1,23.579456329345703
-34_151,2023-02-15,2023,2,24.716724395751953
-34_151,2023-03-16,2023,3,24.101327896118164
-34_151,2023-04-16,2023,4,22.6852970123291
-34_151,2023-05-16,2023,5,20.472261428833008
-34_151,2023-06-16,2023,6,19.17034149169922
-34_151,2023-07-16,2023,7,18.543296813964844
-34_151,2023-08-16,2023,8,18.231184005737305
-34_151,2023-09-16,2023,9,18.434532165527344
-34_151,2023-10-16,2023,10,19.94204330444336
-34_151,2023-11-16,2023,11,21.284114837646484
-34_151,2023-12-16,2023,12,22.388893127441406
-34_151,2024-01-16,2024,1,23.48084831237793
-34_151,2024-02-15,2024,2,24.3992977142334
-34_151,2024-03-16,2024,3,24.116832733154297
-34_151,2024-04-16,2024,4,23.425214767456055
-34_151,2024-05-16,2024,5,21.866962432861328
-34_151,2024-06-16,2024,6,19.65805435180664
-34_151,2024-07-16,2024,7,18.58431625366211
-34_151,2024-08-16,2024,8,18.35028648376465
-34_151,2024-09-16,2024,9,18.46377944946289
-34_151,2024-10-16,2024,10,19.421031951904297
-34_151,2024-11-16,2024,11,20.892772674560547
-34_151,2024-12-16,2024,12,22.38955307006836
-34_151,2025-01-16,2025,1,23.47337532043457
-34_151,2025-02-15,2025,2,24.867877960205078
-34_151,2025-03-16,2025,3,23.450756072998047
-34_151,2025-04-16,2025,4,22.778133392333984
-34_151,2025-05-16,2025,5,20.904245376586914
-34_151,2025-06-16,2025,6,19.616315841674805
-34_151,2025-07-16,2025,7,18.86652946472168
-34_151,2025-08-16,2025,8,18.73292350769043
-34_151,2025-09-16,2025,9,18.814048767089844
-34_151,2025-10-16,2025,10,19.8162841796875
-34_151,2025-11-16,2025,11,20.674711227416992
-34_151,2025-12-16,2025,12,22.253028869628906
-33_152,1992-01-16,1992,1,22.242050170898438
-33_152,1992-02-15,1992,2,23.071298599243164
-33_152,1992-03-16,1992,3,24.045795440673828
-33_152,1992-04-16,1992,4,22.918184280395508
-33_152,1992-05-16,1992,5,21.656089782714844
-33_152,1992-06-16,1992,6,20.055267333984375
-33_152,1992-07-16,1992,7,19.087631225585938
-33_152,1992-08-16,1992,8,18.355173110961914
-33_152,1992-09-16,1992,9,18.546112060546875
-33_152,1992-10-16,1992,10,19.54290771484375
-33_152,1992-11-16,1992,11,20.47378921508789
-33_152,1992-12-16,1992,12,21.888946533203125
-33_152,1993-01-16,1993,1,23.783681869506836
-33_152,1993-02-15,1993,2,23.73415756225586
-33_152,1993-03-16,1993,3,23.04901123046875
-33_152,1993-04-16,1993,4,22.442428588867188
-33_152,1993-05-16,1993,5,20.595138549804688
-33_152,1993-06-16,1993,6,18.951473236083984
-33_152,1993-07-16,1993,7,18.00798797607422
-33_152,1993-08-16,1993,8,18.101341247558594
-33_152,1993-09-16,1993,9,18.345497131347656
-33_152,1993-10-16,1993,10,18.435741424560547
-33_152,1993-11-16,1993,11,20.485591888427734
-33_152,1993-12-16,1993,12,22.353246688842773
-33_152,1994-01-16,1994,1,23.36135482788086
-33_152,1994-02-15,1994,2,23.88861656188965
-33_152,1994-03-16,1994,3,22.897869110107422
-33_152,1994-04-16,1994,4,22.423553466796875
-33_152,1994-05-16,1994,5,20.86461067199707
-33_152,1994-06-16,1994,6,19.138893127441406
-33_152,1994-07-16,1994,7,18.3150634765625
-33_152,1994-08-16,1994,8,18.42142105102539
-33_152,1994-09-16,1994,9,18.33678436279297
-33_152,1994-10-16,1994,10,18.605106353759766
-33_152,1994-11-16,1994,11,19.799562454223633
-33_152,1994-12-16,1994,12,22.800777435302734
-33_152,1995-01-16,1995,1,23.084531784057617
-33_152,1995-02-15,1995,2,23.277626037597656
-33_152,1995-03-16,1995,3,22.90872573852539
-33_152,1995-04-16,1995,4,21.414600372314453
-33_152,1995-05-16,1995,5,20.343830108642578
-33_152,1995-06-16,1995,6,18.616863250732422
-33_152,1995-07-16,1995,7,17.672527313232422
-33_152,1995-08-16,1995,8,17.558902740478516
-33_152,1995-09-16,1995,9,17.945701599121094
-33_152,1995-10-16,1995,10,18.766298294067383
-33_152,1995-11-16,1995,11,20.176801681518555
-33_152,1995-12-16,1995,12,21.454639434814453
-33_152,1996-01-16,1996,1,23.513181686401367
-33_152,1996-02-15,1996,2,23.70008087158203
-33_152,1996-03-16,1996,3,23.605960845947266
-33_152,1996-04-16,1996,4,22.94281005859375
-33_152,1996-05-16,1996,5,21.605249404907227
-33_152,1996-06-16,1996,6,20.105560302734375
-33_152,1996-07-16,1996,7,18.013633728027344
-33_152,1996-08-16,1996,8,18.26911163330078
-33_152,1996-09-16,1996,9,17.68021011352539
-33_152,1996-10-16,1996,10,18.415494918823242
-33_152,1996-11-16,1996,11,19.67997169494629
-33_152,1996-12-16,1996,12,22.035846710205078
-33_152,1997-01-16,1997,1,22.222625732421875
-33_152,1997-02-15,1997,2,24.17487335205078
-33_152,1997-03-16,1997,3,24.421428680419922
-33_152,1997-04-16,1997,4,22.917545318603516
-33_152,1997-05-16,1997,5,21.671255111694336
-33_152,1997-06-16,1997,6,20.216976165771484
-33_152,1997-07-16,1997,7,19.443161010742188
-33_152,1997-08-16,1997,8,18.749141693115234
-33_152,1997-09-16,1997,9,18.719207763671875
-33_152,1997-10-16,1997,10,19.881649017333984
-33_152,1997-11-16,1997,11,21.291973114013672
-33_152,1997-12-16,1997,12,23.39121437072754
-33_152,1998-01-16,1998,1,24.21826934814453
-33_152,1998-02-15,1998,2,25.155332565307617
-33_152,1998-03-16,1998,3,23.771644592285156
-33_152,1998-04-16,1998,4,23.326358795166016
-33_152,1998-05-16,1998,5,21.193363189697266
-33_152,1998-06-16,1998,6,19.63528823852539
-33_152,1998-07-16,1998,7,19.810884475708008
-33_152,1998-08-16,1998,8,19.338979721069336
-33_152,1998-09-16,1998,9,20.045154571533203
-33_152,1998-10-16,1998,10,19.921512603759766
-33_152,1998-11-16,1998,11,20.410282135009766
-33_152,1998-12-16,1998,12,23.409595489501953
-33_152,1999-01-16,1999,1,23.706737518310547
-33_152,1999-02-15,1999,2,24.453256607055664
-33_152,1999-03-16,1999,3,24.478687286376953
-33_152,1999-04-16,1999,4,22.92647361755371
-33_152,1999-05-16,1999,5,21.578948974609375
-33_152,1999-06-16,1999,6,19.90511703491211
-33_152,1999-07-16,1999,7,19.190143585205078
-33_152,1999-08-16,1999,8,18.67733383178711
-33_152,1999-09-16,1999,9,18.86919403076172
-33_152,1999-10-16,1999,10,20.206546783447266
-33_152,1999-11-16,1999,11,20.733463287353516
-33_152,1999-12-16,1999,12,21.93372344970703
-33_152,2000-01-16,2000,1,22.918781280517578
-33_152,2000-02-15,2000,2,23.26933479309082
-33_152,2000-03-16,2000,3,23.378942489624023
-33_152,2000-04-16,2000,4,23.23904800415039
-33_152,2000-05-16,2000,5,21.089153289794922
-33_152,2000-06-16,2000,6,19.248991012573242
-33_152,2000-07-16,2000,7,18.646804809570313
-33_152,2000-08-16,2000,8,18.049531936645508
-33_152,2000-09-16,2000,9,18.368139266967773
-33_152,2000-10-16,2000,10,19.765363693237305
-33_152,2000-11-16,2000,11,21.024066925048828
-33_152,2000-12-16,2000,12,23.240848541259766
-33_152,2001-01-16,2001,1,23.928909301757813
-33_152,2001-02-15,2001,2,24.393535614013672
-33_152,2001-03-16,2001,3,24.107845306396484
-33_152,2001-04-16,2001,4,23.14507293701172
-33_152,2001-05-16,2001,5,21.018699645996094
-33_152,2001-06-16,2001,6,20.045040130615234
-33_152,2001-07-16,2001,7,19.118242263793945
-33_152,2001-08-16,2001,8,18.640853881835938
-33_152,2001-09-16,2001,9,19.300273895263672
-33_152,2001-10-16,2001,10,19.419198989868164
-33_152,2001-11-16,2001,11,20.844635009765625
-33_152,2001-12-16,2001,12,22.030651092529297
-33_152,2002-01-16,2002,1,23.29642105102539
-33_152,2002-02-15,2002,2,23.419023513793945
-33_152,2002-03-16,2002,3,24.001237869262695
-33_152,2002-04-16,2002,4,22.689048767089844
-33_152,2002-05-16,2002,5,21.3830623626709
-33_152,2002-06-16,2002,6,19.749919891357422
-33_152,2002-07-16,2002,7,18.77239418029785
-33_152,2002-08-16,2002,8,19.018203735351563
-33_152,2002-09-16,2002,9,18.939998626708984
-33_152,2002-10-16,2002,10,19.81435775756836
-33_152,2002-11-16,2002,11,20.77899932861328
-33_152,2002-12-16,2002,12,22.362857818603516
-33_152,2003-01-16,2003,1,23.044340133666992
-33_152,2003-02-15,2003,2,24.229772567749023
-33_152,2003-03-16,2003,3,23.571300506591797
-33_152,2003-04-16,2003,4,22.61568260192871
-33_152,2003-05-16,2003,5,21.033737182617188
-33_152,2003-06-16,2003,6,19.241825103759766
-33_152,2003-07-16,2003,7,18.735881805419922
-33_152,2003-08-16,2003,8,18.089290618896484
-33_152,2003-09-16,2003,9,18.908117294311523
-33_152,2003-10-16,2003,10,19.902629852294922
-33_152,2003-11-16,2003,11,20.35962677001953
-33_152,2003-12-16,2003,12,22.328289031982422
-33_152,2004-01-16,2004,1,23.699548721313477
-33_152,2004-02-15,2004,2,24.09048080444336
-33_152,2004-03-16,2004,3,23.841928482055664
-33_152,2004-04-16,2004,4,22.90163803100586
-33_152,2004-05-16,2004,5,21.15104866027832
-33_152,2004-06-16,2004,6,18.777624130249023
-33_152,2004-07-16,2004,7,17.94039535522461
-33_152,2004-08-16,2004,8,18.91937255859375
-33_152,2004-09-16,2004,9,18.83517074584961
-33_152,2004-10-16,2004,10,19.871440887451172
-33_152,2004-11-16,2004,11,20.116188049316406
-33_152,2004-12-16,2004,12,21.838497161865234
-33_152,2005-01-16,2005,1,22.93282127380371
-33_152,2005-02-15,2005,2,24.307254791259766
-33_152,2005-03-16,2005,3,23.585418701171875
-33_152,2005-04-16,2005,4,23.242595672607422
-33_152,2005-05-16,2005,5,21.255956649780273
-33_152,2005-06-16,2005,6,19.4105224609375
-33_152,2005-07-16,2005,7,18.985158920288086
-33_152,2005-08-16,2005,8,18.949840545654297
-33_152,2005-09-16,2005,9,18.922088623046875
-33_152,2005-10-16,2005,10,19.63484001159668
-33_152,2005-11-16,2005,11,21.39969825744629
-33_152,2005-12-16,2005,12,22.72941017150879
-33_152,2006-01-16,2006,1,23.787395477294922
-33_152,2006-02-15,2006,2,24.34739112854004
-33_152,2006-03-16,2006,3,24.052894592285156
-33_152,2006-04-16,2006,4,22.989410400390625
-33_152,2006-05-16,2006,5,20.774023056030273
-33_152,2006-06-16,2006,6,19.280517578125
-33_152,2006-07-16,2006,7,18.69878387451172
-33_152,2006-08-16,2006,8,18.977397918701172
-33_152,2006-09-16,2006,9,18.51696014404297
-33_152,2006-10-16,2006,10,19.809253692626953
-33_152,2006-11-16,2006,11,20.879241943359375
-33_152,2006-12-16,2006,12,22.11094093322754
-33_152,2007-01-16,2007,1,23.275264739990234
-33_152,2007-02-15,2007,2,24.613494873046875
-33_152,2007-03-16,2007,3,23.777446746826172
-33_152,2007-04-16,2007,4,22.658966064453125
-33_152,2007-05-16,2007,5,21.6959228515625
-33_152,2007-06-16,2007,6,19.511343002319336
-33_152,2007-07-16,2007,7,18.118148803710938
-33_152,2007-08-16,2007,8,18.150619506835938
-33_152,2007-09-16,2007,9,19.00619125366211
-33_152,2007-10-16,2007,10,19.776519775390625
-33_152,2007-11-16,2007,11,21.29632568359375
-33_152,2007-12-16,2007,12,22.389297485351563
-33_152,2008-01-16,2008,1,23.67932891845703
-33_152,2008-02-15,2008,2,23.640567779541016
-33_152,2008-03-16,2008,3,23.82558250427246
-33_152,2008-04-16,2008,4,21.84674072265625
-33_152,2008-05-16,2008,5,20.448497772216797
-33_152,2008-06-16,2008,6,20.01592254638672
-33_152,2008-07-16,2008,7,18.398052215576172
-33_152,2008-08-16,2008,8,17.185394287109375
-33_152,2008-09-16,2008,9,18.242258071899414
-33_152,2008-10-16,2008,10,20.045866012573242
-33_152,2008-11-16,2008,11,20.87845230102539
-33_152,2008-12-16,2008,12,21.491647720336914
-33_152,2009-01-16,2009,1,22.6920108795166
-33_152,2009-02-15,2009,2,24.065431594848633
-33_152,2009-03-16,2009,3,23.71794891357422
-33_152,2009-04-16,2009,4,22.37820816040039
-33_152,2009-05-16,2009,5,20.721540451049805
-33_152,2009-06-16,2009,6,19.543521881103516
-33_152,2009-07-16,2009,7,18.63397216796875
-33_152,2009-08-16,2009,8,19.017101287841797
-33_152,2009-09-16,2009,9,19.250011444091797
-33_152,2009-10-16,2009,10,20.110031127929688
-33_152,2009-11-16,2009,11,21.234846115112305
-33_152,2009-12-16,2009,12,22.42232894897461
-33_152,2010-01-16,2010,1,23.890216827392578
-33_152,2010-02-15,2010,2,24.95189094543457
-33_152,2010-03-16,2010,3,24.48659324645996
-33_152,2010-04-16,2010,4,23.75311279296875
-33_152,2010-05-16,2010,5,22.11063003540039
-33_152,2010-06-16,2010,6,20.412281036376953
-33_152,2010-07-16,2010,7,19.18231964111328
-33_152,2010-08-16,2010,8,18.76575469970703
-33_152,2010-09-16,2010,9,18.550230026245117
-33_152,2010-10-16,2010,10,20.132946014404297
-33_152,2010-11-16,2010,11,21.164127349853516
-33_152,2010-12-16,2010,12,23.157032012939453
-33_152,2011-01-16,2011,1,24.38715362548828
-33_152,2011-02-15,2011,2,24.478046417236328
-33_152,2011-03-16,2011,3,23.949668884277344
-33_152,2011-04-16,2011,4,23.327369689941406
-33_152,2011-05-16,2011,5,21.164608001708984
-33_152,2011-06-16,2011,6,19.886619567871094
-33_152,2011-07-16,2011,7,18.694730758666992
-33_152,2011-08-16,2011,8,19.14668083190918
-33_152,2011-09-16,2011,9,19.027263641357422
-33_152,2011-10-16,2011,10,19.700183868408203
-33_152,2011-11-16,2011,11,21.103883743286133
-33_152,2011-12-16,2011,12,21.92483901977539
-33_152,2012-01-16,2012,1,23.26630401611328
-33_152,2012-02-15,2012,2,23.876346588134766
-33_152,2012-03-16,2012,3,23.597801208496094
-33_152,2012-04-16,2012,4,22.913747787475586
-33_152,2012-05-16,2012,5,21.269546508789063
-33_152,2012-06-16,2012,6,19.626041412353516
-33_152,2012-07-16,2012,7,18.60243797302246
-33_152,2012-08-16,2012,8,17.718364715576172
-33_152,2012-09-16,2012,9,18.13119888305664
-33_152,2012-10-16,2012,10,19.59974479675293
-33_152,2012-11-16,2012,11,20.79033851623535
-33_152,2012-12-16,2012,12,22.58501625061035
-33_152,2013-01-16,2013,1,23.560760498046875
-33_152,2013-02-15,2013,2,24.129709243774414
-33_152,2013-03-16,2013,3,23.891956329345703
-33_152,2013-04-16,2013,4,23.543062210083008
-33_152,2013-05-16,2013,5,21.668472290039063
-33_152,2013-06-16,2013,6,19.300006866455078
-33_152,2013-07-16,2013,7,18.89624786376953
-33_152,2013-08-16,2013,8,18.758403778076172
-33_152,2013-09-16,2013,9,19.87598419189453
-33_152,2013-10-16,2013,10,20.412094116210938
-33_152,2013-11-16,2013,11,21.278125762939453
-33_152,2013-12-16,2013,12,22.20094871520996
-33_152,2014-01-16,2014,1,23.163799285888672
-33_152,2014-02-15,2014,2,23.572996139526367
-33_152,2014-03-16,2014,3,24.46648597717285
-33_152,2014-04-16,2014,4,23.93252182006836
-33_152,2014-05-16,2014,5,21.904754638671875
-33_152,2014-06-16,2014,6,20.260608673095703
-33_152,2014-07-16,2014,7,18.55567741394043
-33_152,2014-08-16,2014,8,18.885662078857422
-33_152,2014-09-16,2014,9,19.026870727539063
-33_152,2014-10-16,2014,10,20.33753204345703
-33_152,2014-11-16,2014,11,20.984651565551758
-33_152,2014-12-16,2014,12,23.087261199951172
-33_152,2015-01-16,2015,1,24.396873474121094
-33_152,2015-02-15,2015,2,25.0125732421875
-33_152,2015-03-16,2015,3,24.244062423706055
-33_152,2015-04-16,2015,4,23.141307830810547
-33_152,2015-05-16,2015,5,21.282039642333984
-33_152,2015-06-16,2015,6,19.728328704833984
-33_152,2015-07-16,2015,7,19.180898666381836
-33_152,2015-08-16,2015,8,18.89118194580078
-33_152,2015-09-16,2015,9,18.94314956665039
-33_152,2015-10-16,2015,10,21.29254150390625
-33_152,2015-11-16,2015,11,21.705795288085938
-33_152,2015-12-16,2015,12,22.960285186767578
-33_152,2016-01-16,2016,1,23.944259643554688
-33_152,2016-02-15,2016,2,24.85015106201172
-33_152,2016-03-16,2016,3,25.02045440673828
-33_152,2016-04-16,2016,4,23.78778839111328
-33_152,2016-05-16,2016,5,22.406177520751953
-33_152,2016-06-16,2016,6,21.07072639465332
-33_152,2016-07-16,2016,7,19.54322624206543
-33_152,2016-08-16,2016,8,18.692283630371094
-33_152,2016-09-16,2016,9,19.60909652709961
-33_152,2016-10-16,2016,10,19.682849884033203
-33_152,2016-11-16,2016,11,20.624420166015625
-33_152,2016-12-16,2016,12,22.539392471313477
-33_152,2017-01-16,2017,1,24.26653289794922
-33_152,2017-02-15,2017,2,24.780681610107422
-33_152,2017-03-16,2017,3,24.98389434814453
-33_152,2017-04-16,2017,4,23.310842514038086
-33_152,2017-05-16,2017,5,21.11425018310547
-33_152,2017-06-16,2017,6,20.128442764282227
-33_152,2017-07-16,2017,7,19.421714782714844
-33_152,2017-08-16,2017,8,19.456056594848633
-33_152,2017-09-16,2017,9,19.29019546508789
-33_152,2017-10-16,2017,10,20.88638687133789
-33_152,2017-11-16,2017,11,22.1513671875
-33_152,2017-12-16,2017,12,22.803253173828125
-33_152,2018-01-16,2018,1,23.91923713684082
-33_152,2018-02-15,2018,2,24.672088623046875
-33_152,2018-03-16,2018,3,24.197458267211914
-33_152,2018-04-16,2018,4,23.29830551147461
-33_152,2018-05-16,2018,5,21.891050338745117
-33_152,2018-06-16,2018,6,19.49795150756836
-33_152,2018-07-16,2018,7,18.56777000427246
-33_152,2018-08-16,2018,8,17.94134521484375
-33_152,2018-09-16,2018,9,18.515804290771484
-33_152,2018-10-16,2018,10,20.460947036743164
-33_152,2018-11-16,2018,11,21.269216537475586
-33_152,2018-12-16,2018,12,22.5942325592041
-33_152,2019-01-16,2019,1,24.328508377075195
-33_152,2019-02-15,2019,2,24.467557907104492
-33_152,2019-03-16,2019,3,24.385591506958008
-33_152,2019-04-16,2019,4,23.29697608947754
-33_152,2019-05-16,2019,5,21.956663131713867
-33_152,2019-06-16,2019,6,20.060489654541016
-33_152,2019-07-16,2019,7,19.509727478027344
-33_152,2019-08-16,2019,8,19.101858139038086
-33_152,2019-09-16,2019,9,18.6260986328125
-33_152,2019-10-16,2019,10,19.736297607421875
-33_152,2019-11-16,2019,11,20.899921417236328
-33_152,2019-12-16,2019,12,22.561962127685547
-33_152,2020-01-16,2020,1,24.011228561401367
-33_152,2020-02-15,2020,2,23.9919376373291
-33_152,2020-03-16,2020,3,23.809717178344727
-33_152,2020-04-16,2020,4,22.725927352905273
-33_152,2020-05-16,2020,5,20.997352600097656
-33_152,2020-06-16,2020,6,19.40533447265625
-33_152,2020-07-16,2020,7,18.96734046936035
-33_152,2020-08-16,2020,8,18.34945297241211
-33_152,2020-09-16,2020,9,18.733463287353516
-33_152,2020-10-16,2020,10,20.15658950805664
-33_152,2020-11-16,2020,11,20.277509689331055
-33_152,2020-12-16,2020,12,22.26275634765625
-33_152,2021-01-16,2021,1,23.88016700744629
-33_152,2021-02-15,2021,2,24.277095794677734
-33_152,2021-03-16,2021,3,23.353351593017578
-33_152,2021-04-16,2021,4,22.917865753173828
-33_152,2021-05-16,2021,5,21.43103790283203
-33_152,2021-06-16,2021,6,19.857959747314453
-33_152,2021-07-16,2021,7,19.080385208129883
-33_152,2021-08-16,2021,8,18.92409896850586
-33_152,2021-09-16,2021,9,18.58401107788086
-33_152,2021-10-16,2021,10,19.466489791870117
-33_152,2021-11-16,2021,11,21.337697982788086
-33_152,2021-12-16,2021,12,23.0880126953125
-33_152,2022-01-16,2022,1,24.390594482421875
-33_152,2022-02-15,2022,2,25.05010223388672
-33_152,2022-03-16,2022,3,24.15195655822754
-33_152,2022-04-16,2022,4,23.45819091796875
-33_152,2022-05-16,2022,5,22.431514739990234
-33_152,2022-06-16,2022,6,20.171554565429688
-33_152,2022-07-16,2022,7,19.183237075805664
-33_152,2022-08-16,2022,8,18.871604919433594
-33_152,2022-09-16,2022,9,18.763120651245117
-33_152,2022-10-16,2022,10,20.241512298583984
-33_152,2022-11-16,2022,11,20.072843551635742
-33_152,2022-12-16,2022,12,21.043922424316406
-33_152,2023-01-16,2023,1,23.97229766845703
-33_152,2023-02-15,2023,2,25.017038345336914
-33_152,2023-03-16,2023,3,24.728221893310547
-33_152,2023-04-16,2023,4,23.309843063354492
-33_152,2023-05-16,2023,5,21.197376251220703
-33_152,2023-06-16,2023,6,19.975378036499023
-33_152,2023-07-16,2023,7,19.107254028320313
-33_152,2023-08-16,2023,8,18.672361373901367
-33_152,2023-09-16,2023,9,19.22923469543457
-33_152,2023-10-16,2023,10,20.508113861083984
-33_152,2023-11-16,2023,11,21.733177185058594
-33_152,2023-12-16,2023,12,23.006959915161133
-33_152,2024-01-16,2024,1,24.384742736816406
-33_152,2024-02-15,2024,2,25.276979446411133
-33_152,2024-03-16,2024,3,24.8126220703125
-33_152,2024-04-16,2024,4,24.0943546295166
-33_152,2024-05-16,2024,5,22.405046463012695
-33_152,2024-06-16,2024,6,20.239891052246094
-33_152,2024-07-16,2024,7,19.351760864257813
-33_152,2024-08-16,2024,8,19.11313247680664
-33_152,2024-09-16,2024,9,19.150203704833984
-33_152,2024-10-16,2024,10,20.192569732666016
-33_152,2024-11-16,2024,11,21.45746421813965
-33_152,2024-12-16,2024,12,22.938274383544922
-33_152,2025-01-16,2025,1,24.189916610717773
-33_152,2025-02-15,2025,2,25.673690795898438
-33_152,2025-03-16,2025,3,24.03554916381836
-33_152,2025-04-16,2025,4,23.547334671020508
-33_152,2025-05-16,2025,5,21.60727310180664
-33_152,2025-06-16,2025,6,20.434694290161133
-33_152,2025-07-16,2025,7,19.663036346435547
-33_152,2025-08-16,2025,8,19.37647819519043
-33_152,2025-09-16,2025,9,19.61773681640625
-33_152,2025-10-16,2025,10,20.60175895690918
-33_152,2025-11-16,2025,11,21.645797729492188
-33_152,2025-12-16,2025,12,23.18759536743164
-32_159,1992-01-16,1992,1,22.682424545288086
-32_159,1992-02-15,1992,2,24.18838119506836
-32_159,1992-03-16,1992,3,23.009387969970703
-32_159,1992-04-16,1992,4,22.248918533325195
-32_159,1992-05-16,1992,5,21.286529541015625
-32_159,1992-06-16,1992,6,19.591026306152344
-32_159,1992-07-16,1992,7,18.566421508789063
-32_159,1992-08-16,1992,8,18.256778717041016
-32_159,1992-09-16,1992,9,17.929943084716797
-32_159,1992-10-16,1992,10,18.748790740966797
-32_159,1992-11-16,1992,11,20.090534210205078
-32_159,1992-12-16,1992,12,21.404373168945313
-32_159,1993-01-16,1993,1,23.87282943725586
-32_159,1993-02-15,1993,2,24.110122680664063
-32_159,1993-03-16,1993,3,23.084800720214844
-32_159,1993-04-16,1993,4,21.793256759643555
-32_159,1993-05-16,1993,5,20.805343627929688
-32_159,1993-06-16,1993,6,19.89120864868164
-32_159,1993-07-16,1993,7,19.49264907836914
-32_159,1993-08-16,1993,8,19.280452728271484
-32_159,1993-09-16,1993,9,18.971012115478516
-32_159,1993-10-16,1993,10,19.208845138549805
-32_159,1993-11-16,1993,11,19.876785278320313
-32_159,1993-12-16,1993,12,21.681156158447266
-32_159,1994-01-16,1994,1,23.267314910888672
-32_159,1994-02-15,1994,2,23.84349250793457
-32_159,1994-03-16,1994,3,23.02625846862793
-32_159,1994-04-16,1994,4,21.984413146972656
-32_159,1994-05-16,1994,5,20.997817993164063
-32_159,1994-06-16,1994,6,19.334041595458984
-32_159,1994-07-16,1994,7,18.445634841918945
-32_159,1994-08-16,1994,8,18.800460815429688
-32_159,1994-09-16,1994,9,18.680421829223633
-32_159,1994-10-16,1994,10,19.17074966430664
-32_159,1994-11-16,1994,11,20.124862670898438
-32_159,1994-12-16,1994,12,22.030532836914063
-32_159,1995-01-16,1995,1,23.256092071533203
-32_159,1995-02-15,1995,2,23.942264556884766
-32_159,1995-03-16,1995,3,23.185794830322266
-32_159,1995-04-16,1995,4,22.404800415039063
-32_159,1995-05-16,1995,5,21.165931701660156
-32_159,1995-06-16,1995,6,19.378610610961914
-32_159,1995-07-16,1995,7,18.78504180908203
-32_159,1995-08-16,1995,8,18.59769058227539
-32_159,1995-09-16,1995,9,18.745140075683594
-32_159,1995-10-16,1995,10,19.421810150146484
-32_159,1995-11-16,1995,11,20.99099349975586
-32_159,1995-12-16,1995,12,22.97982406616211
-32_159,1996-01-16,1996,1,23.801593780517578
-32_159,1996-02-15,1996,2,24.178298950195313
-32_159,1996-03-16,1996,3,23.518531799316406
-32_159,1996-04-16,1996,4,22.577051162719727
-32_159,1996-05-16,1996,5,21.39602279663086
-32_159,1996-06-16,1996,6,19.85236358642578
-32_159,1996-07-16,1996,7,19.03584861755371
-32_159,1996-08-16,1996,8,18.598142623901367
-32_159,1996-09-16,1996,9,18.814281463623047
-32_159,1996-10-16,1996,10,19.762447357177734
-32_159,1996-11-16,1996,11,20.798580169677734
-32_159,1996-12-16,1996,12,21.819536209106445
-32_159,1997-01-16,1997,1,22.929872512817383
-32_159,1997-02-15,1997,2,23.021007537841797
-32_159,1997-03-16,1997,3,23.829193115234375
-32_159,1997-04-16,1997,4,23.015384674072266
-32_159,1997-05-16,1997,5,21.450145721435547
-32_159,1997-06-16,1997,6,20.121721267700195
-32_159,1997-07-16,1997,7,18.610790252685547
-32_159,1997-08-16,1997,8,18.702136993408203
-32_159,1997-09-16,1997,9,18.48133087158203
-32_159,1997-10-16,1997,10,19.181884765625
-32_159,1997-11-16,1997,11,21.39277458190918
-32_159,1997-12-16,1997,12,23.564144134521484
-32_159,1998-01-16,1998,1,24.59366226196289
-32_159,1998-02-15,1998,2,25.46563720703125
-32_159,1998-03-16,1998,3,24.387041091918945
-32_159,1998-04-16,1998,4,23.640178680419922
-32_159,1998-05-16,1998,5,22.244415283203125
-32_159,1998-06-16,1998,6,21.275714874267578
-32_159,1998-07-16,1998,7,19.275333404541016
-32_159,1998-08-16,1998,8,19.52651596069336
-32_159,1998-09-16,1998,9,19.60333251953125
-32_159,1998-10-16,1998,10,19.933231353759766
-32_159,1998-11-16,1998,11,20.49289894104004
-32_159,1998-12-16,1998,12,22.301767349243164
-32_159,1999-01-16,1999,1,23.806964874267578
-32_159,1999-02-15,1999,2,24.1358699798584
-32_159,1999-03-16,1999,3,24.284603118896484
-32_159,1999-04-16,1999,4,22.913841247558594
-32_159,1999-05-16,1999,5,21.405384063720703
-32_159,1999-06-16,1999,6,20.314987182617188
-32_159,1999-07-16,1999,7,18.984703063964844
-32_159,1999-08-16,1999,8,18.51253890991211
-32_159,1999-09-16,1999,9,18.96786880493164
-32_159,1999-10-16,1999,10,20.002696990966797
-32_159,1999-11-16,1999,11,20.576642990112305
-32_159,1999-12-16,1999,12,22.02227020263672
-32_159,2000-01-16,2000,1,22.928791046142578
-32_159,2000-02-15,2000,2,23.232017517089844
-32_159,2000-03-16,2000,3,23.47998809814453
-32_159,2000-04-16,2000,4,22.569339752197266
-32_159,2000-05-16,2000,5,21.081985473632813
-32_159,2000-06-16,2000,6,19.44470977783203
-32_159,2000-07-16,2000,7,18.84712028503418
-32_159,2000-08-16,2000,8,18.289918899536133
-32_159,2000-09-16,2000,9,18.15717315673828
-32_159,2000-10-16,2000,10,19.19452667236328
-32_159,2000-11-16,2000,11,20.343345642089844
-32_159,2000-12-16,2000,12,22.388404846191406
-32_159,2001-01-16,2001,1,23.573841094970703
-32_159,2001-02-15,2001,2,23.934301376342773
-32_159,2001-03-16,2001,3,23.832645416259766
-32_159,2001-04-16,2001,4,22.766372680664063
-32_159,2001-05-16,2001,5,21.90805435180664
-32_159,2001-06-16,2001,6,20.654556274414063
-32_159,2001-07-16,2001,7,19.147869110107422
-32_159,2001-08-16,2001,8,18.745834350585938
-32_159,2001-09-16,2001,9,18.731414794921875
-32_159,2001-10-16,2001,10,19.417877197265625
-32_159,2001-11-16,2001,11,20.391159057617188
-32_159,2001-12-16,2001,12,22.101268768310547
-32_159,2002-01-16,2002,1,23.24261474609375
-32_159,2002-02-15,2002,2,23.59372329711914
-32_159,2002-03-16,2002,3,23.576099395751953
-32_159,2002-04-16,2002,4,23.086864471435547
-32_159,2002-05-16,2002,5,21.562185287475586
-32_159,2002-06-16,2002,6,20.46376609802246
-32_159,2002-07-16,2002,7,19.082427978515625
-32_159,2002-08-16,2002,8,18.350971221923828
-32_159,2002-09-16,2002,9,18.708885192871094
-32_159,2002-10-16,2002,10,19.56743621826172
-32_159,2002-11-16,2002,11,20.554662704467773
-32_159,2002-12-16,2002,12,22.00524139404297
-32_159,2003-01-16,2003,1,23.312801361083984
-32_159,2003-02-15,2003,2,23.933353424072266
-32_159,2003-03-16,2003,3,23.545379638671875
-32_159,2003-04-16,2003,4,22.555431365966797
-32_159,2003-05-16,2003,5,21.704328536987305
-32_159,2003-06-16,2003,6,19.885236740112305
-32_159,2003-07-16,2003,7,19.083316802978516
-32_159,2003-08-16,2003,8,18.766338348388672
-32_159,2003-09-16,2003,9,18.608421325683594
-32_159,2003-10-16,2003,10,19.20954132080078
-32_159,2003-11-16,2003,11,20.37506866455078
-32_159,2003-12-16,2003,12,22.44470977783203
-32_159,2004-01-16,2004,1,23.579063415527344
-32_159,2004-02-15,2004,2,24.394962310791016
-32_159,2004-03-16,2004,3,23.57536506652832
-32_159,2004-04-16,2004,4,23.164630889892578
-32_159,2004-05-16,2004,5,21.52277183532715
-32_159,2004-06-16,2004,6,19.752098083496094
-32_159,2004-07-16,2004,7,18.77988052368164
-32_159,2004-08-16,2004,8,18.569887161254883
-32_159,2004-09-16,2004,9,19.002662658691406
-32_159,2004-10-16,2004,10,19.451866149902344
-32_159,2004-11-16,2004,11,20.54936408996582
-32_159,2004-12-16,2004,12,21.736047744750977
-32_159,2005-01-16,2005,1,22.924161911010742
-32_159,2005-02-15,2005,2,24.098474502563477
-32_159,2005-03-16,2005,3,23.802467346191406
-32_159,2005-04-16,2005,4,22.945220947265625
-32_159,2005-05-16,2005,5,21.612117767333984
-32_159,2005-06-16,2005,6,20.07581329345703
-32_159,2005-07-16,2005,7,19.51317596435547
-32_159,2005-08-16,2005,8,18.757787704467773
-32_159,2005-09-16,2005,9,18.58375358581543
-32_159,2005-10-16,2005,10,19.452974319458008
-32_159,2005-11-16,2005,11,20.629371643066406
-32_159,2005-12-16,2005,12,22.304649353027344
-32_159,2006-01-16,2006,1,24.081628799438477
-32_159,2006-02-15,2006,2,23.781185150146484
-32_159,2006-03-16,2006,3,23.543804168701172
-32_159,2006-04-16,2006,4,22.70500373840332
-32_159,2006-05-16,2006,5,21.57735252380371
-32_159,2006-06-16,2006,6,19.868438720703125
-32_159,2006-07-16,2006,7,18.863117218017578
-32_159,2006-08-16,2006,8,18.594602584838867
-32_159,2006-09-16,2006,9,18.66367530822754
-32_159,2006-10-16,2006,10,18.949621200561523
-32_159,2006-11-16,2006,11,20.326915740966797
-32_159,2006-12-16,2006,12,21.340900421142578
-32_159,2007-01-16,2007,1,22.598434448242188
-32_159,2007-02-15,2007,2,24.025768280029297
-32_159,2007-03-16,2007,3,23.904855728149414
-32_159,2007-04-16,2007,4,22.403175354003906
-32_159,2007-05-16,2007,5,21.973846435546875
-32_159,2007-06-16,2007,6,20.484416961669922
-32_159,2007-07-16,2007,7,18.74905014038086
-32_159,2007-08-16,2007,8,18.680809020996094
-32_159,2007-09-16,2007,9,18.581581115722656
-32_159,2007-10-16,2007,10,19.167024612426758
-32_159,2007-11-16,2007,11,20.72705078125
-32_159,2007-12-16,2007,12,22.718515396118164
-32_159,2008-01-16,2008,1,23.639446258544922
-32_159,2008-02-15,2008,2,24.01853370666504
-32_159,2008-03-16,2008,3,23.390670776367188
-32_159,2008-04-16,2008,4,22.365055084228516
-32_159,2008-05-16,2008,5,20.516576766967773
-32_159,2008-06-16,2008,6,19.257099151611328
-32_159,2008-07-16,2008,7,19.170202255249023
-32_159,2008-08-16,2008,8,18.114368438720703
-32_159,2008-09-16,2008,9,18.427173614501953
-32_159,2008-10-16,2008,10,19.424196243286133
-32_159,2008-11-16,2008,11,20.435726165771484
-32_159,2008-12-16,2008,12,21.908409118652344
-32_159,2009-01-16,2009,1,23.308124542236328
-32_159,2009-02-15,2009,2,24.173982620239258
-32_159,2009-03-16,2009,3,23.951801300048828
-32_159,2009-04-16,2009,4,23.22168731689453
-32_159,2009-05-16,2009,5,21.067949295043945
-32_159,2009-06-16,2009,6,19.470367431640625
-32_159,2009-07-16,2009,7,18.554832458496094
-32_159,2009-08-16,2009,8,18.748952865600586
-32_159,2009-09-16,2009,9,18.5706729888916
-32_159,2009-10-16,2009,10,19.43300437927246
-32_159,2009-11-16,2009,11,20.86484718322754
-32_159,2009-12-16,2009,12,22.75656509399414
-32_159,2010-01-16,2010,1,24.424240112304688
-32_159,2010-02-15,2010,2,25.04777717590332
-32_159,2010-03-16,2010,3,24.744232177734375
-32_159,2010-04-16,2010,4,23.91077423095703
-32_159,2010-05-16,2010,5,21.902538299560547
-32_159,2010-06-16,2010,6,20.029586791992188
-32_159,2010-07-16,2010,7,19.706314086914063
-32_159,2010-08-16,2010,8,19.032114028930664
-32_159,2010-09-16,2010,9,18.860776901245117
-32_159,2010-10-16,2010,10,19.61146354675293
-32_159,2010-11-16,2010,11,20.585777282714844
-32_159,2010-12-16,2010,12,22.821182250976563
-32_159,2011-01-16,2011,1,23.871498107910156
-32_159,2011-02-15,2011,2,24.419904708862305
-32_159,2011-03-16,2011,3,23.701812744140625
-32_159,2011-04-16,2011,4,22.797481536865234
-32_159,2011-05-16,2011,5,21.23170280456543
-32_159,2011-06-16,2011,6,19.838502883911133
-32_159,2011-07-16,2011,7,18.87872314453125
-32_159,2011-08-16,2011,8,18.74318504333496
-32_159,2011-09-16,2011,9,18.707746505737305
-32_159,2011-10-16,2011,10,19.379619598388672
-32_159,2011-11-16,2011,11,20.677152633666992
-32_159,2011-12-16,2011,12,21.408374786376953
-32_159,2012-01-16,2012,1,22.815532684326172
-32_159,2012-02-15,2012,2,23.9117488861084
-32_159,2012-03-16,2012,3,23.446407318115234
-32_159,2012-04-16,2012,4,22.17742347717285
-32_159,2012-05-16,2012,5,21.074466705322266
-32_159,2012-06-16,2012,6,19.815475463867188
-32_159,2012-07-16,2012,7,19.025815963745117
-32_159,2012-08-16,2012,8,18.55974578857422
-32_159,2012-09-16,2012,9,18.78377914428711
-32_159,2012-10-16,2012,10,19.086687088012695
-32_159,2012-11-16,2012,11,20.310623168945313
-32_159,2012-12-16,2012,12,21.9917049407959
-32_159,2013-01-16,2013,1,23.252058029174805
-32_159,2013-02-15,2013,2,23.929794311523438
-32_159,2013-03-16,2013,3,23.288631439208984
-32_159,2013-04-16,2013,4,23.063190460205078
-32_159,2013-05-16,2013,5,21.196931838989258
-32_159,2013-06-16,2013,6,19.701290130615234
-32_159,2013-07-16,2013,7,19.116531372070313
-32_159,2013-08-16,2013,8,18.68811798095703
-32_159,2013-09-16,2013,9,18.826576232910156
-32_159,2013-10-16,2013,10,19.507434844970703
-32_159,2013-11-16,2013,11,20.673479080200195
-32_159,2013-12-16,2013,12,21.960302352905273
-32_159,2014-01-16,2014,1,23.177213668823242
-32_159,2014-02-15,2014,2,23.568195343017578
-32_159,2014-03-16,2014,3,23.460098266601563
-32_159,2014-04-16,2014,4,22.86244773864746
-32_159,2014-05-16,2014,5,21.488990783691406
-32_159,2014-06-16,2014,6,20.422515869140625
-32_159,2014-07-16,2014,7,19.52632713317871
-32_159,2014-08-16,2014,8,18.785076141357422
-32_159,2014-09-16,2014,9,18.826810836791992
-32_159,2014-10-16,2014,10,19.546337127685547
-32_159,2014-11-16,2014,11,20.866945266723633
-32_159,2014-12-16,2014,12,22.45046043395996
-32_159,2015-01-16,2015,1,24.072031021118164
-32_159,2015-02-15,2015,2,24.210601806640625
-32_159,2015-03-16,2015,3,23.708999633789063
-32_159,2015-04-16,2015,4,22.906877517700195
-32_159,2015-05-16,2015,5,21.65216064453125
-32_159,2015-06-16,2015,6,20.279342651367188
-32_159,2015-07-16,2015,7,19.231143951416016
-32_159,2015-08-16,2015,8,18.307174682617188
-32_159,2015-09-16,2015,9,18.468387603759766
-32_159,2015-10-16,2015,10,20.035755157470703
-32_159,2015-11-16,2015,11,20.787673950195313
-32_159,2015-12-16,2015,12,22.370384216308594
-32_159,2016-01-16,2016,1,23.29901695251465
-32_159,2016-02-15,2016,2,24.46283721923828
-32_159,2016-03-16,2016,3,24.61612892150879
-32_159,2016-04-16,2016,4,23.746225357055664
-32_159,2016-05-16,2016,5,22.294965744018555
-32_159,2016-06-16,2016,6,20.862089157104492
-32_159,2016-07-16,2016,7,19.387022018432617
-32_159,2016-08-16,2016,8,18.927284240722656
-32_159,2016-09-16,2016,9,19.201007843017578
-32_159,2016-10-16,2016,10,19.43187141418457
-32_159,2016-11-16,2016,11,20.338699340820313
-32_159,2016-12-16,2016,12,22.22933006286621
-32_159,2017-01-16,2017,1,23.620037078857422
-32_159,2017-02-15,2017,2,25.133522033691406
-32_159,2017-03-16,2017,3,24.065269470214844
-32_159,2017-04-16,2017,4,22.75004005432129
-32_159,2017-05-16,2017,5,21.436607360839844
-32_159,2017-06-16,2017,6,19.990367889404297
-32_159,2017-07-16,2017,7,19.132055282592773
-32_159,2017-08-16,2017,8,19.057117462158203
-32_159,2017-09-16,2017,9,18.543214797973633
-32_159,2017-10-16,2017,10,19.951271057128906
-32_159,2017-11-16,2017,11,20.958757400512695
-32_159,2017-12-16,2017,12,23.506610870361328
-32_159,2018-01-16,2018,1,23.815452575683594
-32_159,2018-02-15,2018,2,24.50479507446289
-32_159,2018-03-16,2018,3,24.250411987304688
-32_159,2018-04-16,2018,4,23.324649810791016
-32_159,2018-05-16,2018,5,21.559797286987305
-32_159,2018-06-16,2018,6,20.038978576660156
-32_159,2018-07-16,2018,7,18.925933837890625
-32_159,2018-08-16,2018,8,18.357709884643555
-32_159,2018-09-16,2018,9,18.61229705810547
-32_159,2018-10-16,2018,10,19.377334594726563
-32_159,2018-11-16,2018,11,20.683372497558594
-32_159,2018-12-16,2018,12,22.360427856445313
-32_159,2019-01-16,2019,1,24.281253814697266
-32_159,2019-02-15,2019,2,25.287296295166016
-32_159,2019-03-16,2019,3,24.178234100341797
-32_159,2019-04-16,2019,4,23.418479919433594
-32_159,2019-05-16,2019,5,22.22610092163086
-32_159,2019-06-16,2019,6,20.452667236328125
-32_159,2019-07-16,2019,7,19.53187370300293
-32_159,2019-08-16,2019,8,18.788776397705078
-32_159,2019-09-16,2019,9,18.570587158203125
-32_159,2019-10-16,2019,10,19.41008758544922
-32_159,2019-11-16,2019,11,20.608137130737305
-32_159,2019-12-16,2019,12,22.23666000366211
-32_159,2020-01-16,2020,1,23.715421676635742
-32_159,2020-02-15,2020,2,24.25704574584961
-32_159,2020-03-16,2020,3,23.894546508789063
-32_159,2020-04-16,2020,4,22.68646240234375
-32_159,2020-05-16,2020,5,21.808330535888672
-32_159,2020-06-16,2020,6,20.152477264404297
-32_159,2020-07-16,2020,7,19.2933349609375
-32_159,2020-08-16,2020,8,18.69879150390625
-32_159,2020-09-16,2020,9,18.720901489257813
-32_159,2020-10-16,2020,10,19.954483032226563
-32_159,2020-11-16,2020,11,21.099885940551758
-32_159,2020-12-16,2020,12,22.496456146240234
-32_159,2021-01-16,2021,1,23.91583251953125
-32_159,2021-02-15,2021,2,23.45415496826172
-32_159,2021-03-16,2021,3,23.02298355102539
-32_159,2021-04-16,2021,4,22.116819381713867
-32_159,2021-05-16,2021,5,21.510013580322266
-32_159,2021-06-16,2021,6,20.190643310546875
-32_159,2021-07-16,2021,7,18.971572875976563
-32_159,2021-08-16,2021,8,18.523242950439453
-32_159,2021-09-16,2021,9,18.882144927978516
-32_159,2021-10-16,2021,10,19.689125061035156
-32_159,2021-11-16,2021,11,20.871723175048828
-32_159,2021-12-16,2021,12,23.16592788696289
-32_159,2022-01-16,2022,1,23.8199462890625
-32_159,2022-02-15,2022,2,23.696849822998047
-32_159,2022-03-16,2022,3,23.80377960205078
-32_159,2022-04-16,2022,4,23.042104721069336
-32_159,2022-05-16,2022,5,21.956493377685547
-32_159,2022-06-16,2022,6,20.392234802246094
-32_159,2022-07-16,2022,7,18.97437286376953
-32_159,2022-08-16,2022,8,18.88479232788086
-32_159,2022-09-16,2022,9,19.039846420288086
-32_159,2022-10-16,2022,10,19.541473388671875
-32_159,2022-11-16,2022,11,20.383224487304688
-32_159,2022-12-16,2022,12,21.049854278564453
-32_159,2023-01-16,2023,1,22.820858001708984
-32_159,2023-02-15,2023,2,23.81930160522461
-32_159,2023-03-16,2023,3,23.39529037475586
-32_159,2023-04-16,2023,4,22.85466766357422
-32_159,2023-05-16,2023,5,21.772048950195313
-32_159,2023-06-16,2023,6,19.80687141418457
-32_159,2023-07-16,2023,7,19.60053253173828
-32_159,2023-08-16,2023,8,19.058475494384766
-32_159,2023-09-16,2023,9,19.369970321655273
-32_159,2023-10-16,2023,10,19.783781051635742
-32_159,2023-11-16,2023,11,21.047367095947266
-32_159,2023-12-16,2023,12,23.509456634521484
-32_159,2024-01-16,2024,1,24.58513641357422
-32_159,2024-02-15,2024,2,25.475109100341797
-32_159,2024-03-16,2024,3,24.75673484802246
-32_159,2024-04-16,2024,4,23.698673248291016
-32_159,2024-05-16,2024,5,21.812108993530273
-32_159,2024-06-16,2024,6,20.854598999023438
-32_159,2024-07-16,2024,7,19.908905029296875
-32_159,2024-08-16,2024,8,19.465110778808594
-32_159,2024-09-16,2024,9,19.322359085083008
-32_159,2024-10-16,2024,10,20.071727752685547
-32_159,2024-11-16,2024,11,20.945755004882813
-32_159,2024-12-16,2024,12,23.11824607849121
-32_159,2025-01-16,2025,1,23.829574584960938
-32_159,2025-02-15,2025,2,24.74862289428711
-32_159,2025-03-16,2025,3,24.815629959106445
-32_159,2025-04-16,2025,4,23.270526885986328
-32_159,2025-05-16,2025,5,22.153488159179688
-32_159,2025-06-16,2025,6,20.475509643554688
-32_159,2025-07-16,2025,7,19.549789428710938
-32_159,2025-08-16,2025,8,19.150157928466797
-32_159,2025-09-16,2025,9,19.005367279052734
-32_159,2025-10-16,2025,10,19.770965576171875
-32_159,2025-11-16,2025,11,21.098705291748047
-32_159,2025-12-16,2025,12,22.567615509033203
-30_153,1992-01-16,1992,1,24.942655563354492
-30_153,1992-02-15,1992,2,25.658370971679688
-30_153,1992-03-16,1992,3,24.93805503845215
-30_153,1992-04-16,1992,4,24.31329345703125
-30_153,1992-05-16,1992,5,23.19257354736328
-30_153,1992-06-16,1992,6,22.015960693359375
-30_153,1992-07-16,1992,7,20.885404586791992
-30_153,1992-08-16,1992,8,20.471481323242188
-30_153,1992-09-16,1992,9,20.811670303344727
-30_153,1992-10-16,1992,10,21.448280334472656
-30_153,1992-11-16,1992,11,22.51217269897461
-30_153,1992-12-16,1992,12,24.103092193603516
-30_153,1993-01-16,1993,1,25.225570678710938
-30_153,1993-02-15,1993,2,25.835025787353516
-30_153,1993-03-16,1993,3,25.066768646240234
-30_153,1993-04-16,1993,4,23.992694854736328
-30_153,1993-05-16,1993,5,22.77597427368164
-30_153,1993-06-16,1993,6,21.67420196533203
-30_153,1993-07-16,1993,7,20.887287139892578
-30_153,1993-08-16,1993,8,20.77472686767578
-30_153,1993-09-16,1993,9,20.82373809814453
-30_153,1993-10-16,1993,10,21.50714874267578
-30_153,1993-11-16,1993,11,22.672523498535156
-30_153,1993-12-16,1993,12,24.209941864013672
-30_153,1994-01-16,1994,1,25.590253829956055
-30_153,1994-02-15,1994,2,25.705890655517578
-30_153,1994-03-16,1994,3,25.096181869506836
-30_153,1994-04-16,1994,4,24.198888778686523
-30_153,1994-05-16,1994,5,22.544904708862305
-30_153,1994-06-16,1994,6,21.38219451904297
-30_153,1994-07-16,1994,7,20.811752319335938
-30_153,1994-08-16,1994,8,20.26958656311035
-30_153,1994-09-16,1994,9,20.337522506713867
-30_153,1994-10-16,1994,10,21.29166030883789
-30_153,1994-11-16,1994,11,22.453460693359375
-30_153,1994-12-16,1994,12,24.141841888427734
-30_153,1995-01-16,1995,1,25.19479751586914
-30_153,1995-02-15,1995,2,25.631919860839844
-30_153,1995-03-16,1995,3,25.419509887695313
-30_153,1995-04-16,1995,4,24.359716415405273
-30_153,1995-05-16,1995,5,23.171688079833984
-30_153,1995-06-16,1995,6,21.7409725189209
-30_153,1995-07-16,1995,7,20.676401138305664
-30_153,1995-08-16,1995,8,20.387365341186523
-30_153,1995-09-16,1995,9,20.601940155029297
-30_153,1995-10-16,1995,10,21.485803604125977
-30_153,1995-11-16,1995,11,23.070741653442383
-30_153,1995-12-16,1995,12,24.391124725341797
-30_153,1996-01-16,1996,1,25.77953338623047
-30_153,1996-02-15,1996,2,26.271286010742188
-30_153,1996-03-16,1996,3,25.46234703063965
-30_153,1996-04-16,1996,4,24.69919204711914
-30_153,1996-05-16,1996,5,23.204296112060547
-30_153,1996-06-16,1996,6,22.02086639404297
-30_153,1996-07-16,1996,7,20.575897216796875
-30_153,1996-08-16,1996,8,20.37961769104004
-30_153,1996-09-16,1996,9,20.45849609375
-30_153,1996-10-16,1996,10,21.333776473999023
-30_153,1996-11-16,1996,11,22.521648406982422
-30_153,1996-12-16,1996,12,23.99258041381836
-30_153,1997-01-16,1997,1,25.121891021728516
-30_153,1997-02-15,1997,2,25.945240020751953
-30_153,1997-03-16,1997,3,25.777755737304688
-30_153,1997-04-16,1997,4,24.481727600097656
-30_153,1997-05-16,1997,5,22.853439331054688
-30_153,1997-06-16,1997,6,21.779773712158203
-30_153,1997-07-16,1997,7,20.2511043548584
-30_153,1997-08-16,1997,8,20.244524002075195
-30_153,1997-09-16,1997,9,20.682588577270508
-30_153,1997-10-16,1997,10,21.559772491455078
-30_153,1997-11-16,1997,11,22.86795425415039
-30_153,1997-12-16,1997,12,24.939756393432617
-30_153,1998-01-16,1998,1,25.959325790405273
-30_153,1998-02-15,1998,2,26.78813934326172
-30_153,1998-03-16,1998,3,26.16185760498047
-30_153,1998-04-16,1998,4,25.04601287841797
-30_153,1998-05-16,1998,5,23.797237396240234
-30_153,1998-06-16,1998,6,22.613996505737305
-30_153,1998-07-16,1998,7,21.706329345703125
-30_153,1998-08-16,1998,8,21.248641967773438
-30_153,1998-09-16,1998,9,21.13973617553711
-30_153,1998-10-16,1998,10,22.059432983398438
-30_153,1998-11-16,1998,11,22.94316291809082
-30_153,1998-12-16,1998,12,24.544578552246094
-30_153,1999-01-16,1999,1,25.430294036865234
-30_153,1999-02-15,1999,2,25.686233520507813
-30_153,1999-03-16,1999,3,25.66739273071289
-30_153,1999-04-16,1999,4,24.807086944580078
-30_153,1999-05-16,1999,5,23.127685546875
-30_153,1999-06-16,1999,6,21.53316879272461
-30_153,1999-07-16,1999,7,20.664852142333984
-30_153,1999-08-16,1999,8,20.232154846191406
-30_153,1999-09-16,1999,9,20.904579162597656
-30_153,1999-10-16,1999,10,21.689228057861328
-30_153,1999-11-16,1999,11,22.545902252197266
-30_153,1999-12-16,1999,12,23.87981414794922
-30_153,2000-01-16,2000,1,24.52814483642578
-30_153,2000-02-15,2000,2,24.91363525390625
-30_153,2000-03-16,2000,3,25.148548126220703
-30_153,2000-04-16,2000,4,24.32480239868164
-30_153,2000-05-16,2000,5,22.837993621826172
-30_153,2000-06-16,2000,6,21.02512550354004
-30_153,2000-07-16,2000,7,20.100547790527344
-30_153,2000-08-16,2000,8,19.62236785888672
-30_153,2000-09-16,2000,9,19.902769088745117
-30_153,2000-10-16,2000,10,21.3593692779541
-30_153,2000-11-16,2000,11,22.531177520751953
-30_153,2000-12-16,2000,12,24.430828094482422
-30_153,2001-01-16,2001,1,25.188467025756836
-30_153,2001-02-15,2001,2,25.726736068725586
-30_153,2001-03-16,2001,3,25.637107849121094
-30_153,2001-04-16,2001,4,24.40582275390625
-30_153,2001-05-16,2001,5,23.108076095581055
-30_153,2001-06-16,2001,6,21.843324661254883
-30_153,2001-07-16,2001,7,20.728843688964844
-30_153,2001-08-16,2001,8,20.435222625732422
-30_153,2001-09-16,2001,9,20.814342498779297
-30_153,2001-10-16,2001,10,21.601665496826172
-30_153,2001-11-16,2001,11,22.873729705810547
-30_153,2001-12-16,2001,12,24.126190185546875
-30_153,2002-01-16,2002,1,25.329282760620117
-30_153,2002-02-15,2002,2,25.210479736328125
-30_153,2002-03-16,2002,3,25.796531677246094
-30_153,2002-04-16,2002,4,24.32721519470215
-30_153,2002-05-16,2002,5,23.103111267089844
-30_153,2002-06-16,2002,6,21.661405563354492
-30_153,2002-07-16,2002,7,20.478511810302734
-30_153,2002-08-16,2002,8,20.218326568603516
-30_153,2002-09-16,2002,9,21.016132354736328
-30_153,2002-10-16,2002,10,21.740230560302734
-30_153,2002-11-16,2002,11,22.85396957397461
-30_153,2002-12-16,2002,12,24.295364379882813
-30_153,2003-01-16,2003,1,25.232236862182617
-30_153,2003-02-15,2003,2,26.08077621459961
-30_153,2003-03-16,2003,3,25.618003845214844
-30_153,2003-04-16,2003,4,24.554710388183594
-30_153,2003-05-16,2003,5,23.059818267822266
-30_153,2003-06-16,2003,6,21.68490219116211
-30_153,2003-07-16,2003,7,20.805824279785156
-30_153,2003-08-16,2003,8,20.58194351196289
-30_153,2003-09-16,2003,9,20.912822723388672
-30_153,2003-10-16,2003,10,21.670291900634766
-30_153,2003-11-16,2003,11,22.583763122558594
-30_153,2003-12-16,2003,12,24.0963077545166
-30_153,2004-01-16,2004,1,25.457605361938477
-30_153,2004-02-15,2004,2,26.512401580810547
-30_153,2004-03-16,2004,3,25.657651901245117
-30_153,2004-04-16,2004,4,24.81766128540039
-30_153,2004-05-16,2004,5,23.321149826049805
-30_153,2004-06-16,2004,6,21.585630416870117
-30_153,2004-07-16,2004,7,20.583385467529297
-30_153,2004-08-16,2004,8,20.480613708496094
-30_153,2004-09-16,2004,9,20.78805160522461
-30_153,2004-10-16,2004,10,21.819477081298828
-30_153,2004-11-16,2004,11,22.434980392456055
-30_153,2004-12-16,2004,12,24.06191635131836
-30_153,2005-01-16,2005,1,25.15772819519043
-30_153,2005-02-15,2005,2,26.04323387145996
-30_153,2005-03-16,2005,3,25.479045867919922
-30_153,2005-04-16,2005,4,24.75051498413086
-30_153,2005-05-16,2005,5,23.200796127319336
-30_153,2005-06-16,2005,6,21.545894622802734
-30_153,2005-07-16,2005,7,20.567075729370117
-30_153,2005-08-16,2005,8,20.459062576293945
-30_153,2005-09-16,2005,9,20.514968872070313
-30_153,2005-10-16,2005,10,21.50603485107422
-30_153,2005-11-16,2005,11,22.875782012939453
-30_153,2005-12-16,2005,12,24.477760314941406
-30_153,2006-01-16,2006,1,25.35919761657715
-30_153,2006-02-15,2006,2,26.351154327392578
-30_153,2006-03-16,2006,3,25.22937774658203
-30_153,2006-04-16,2006,4,24.517990112304688
-30_153,2006-05-16,2006,5,22.911006927490234
-30_153,2006-06-16,2006,6,21.627140045166016
-30_153,2006-07-16,2006,7,20.893898010253906
-30_153,2006-08-16,2006,8,20.5747013092041
-30_153,2006-09-16,2006,9,20.511249542236328
-30_153,2006-10-16,2006,10,21.31279754638672
-30_153,2006-11-16,2006,11,22.62976837158203
-30_153,2006-12-16,2006,12,23.571300506591797
-30_153,2007-01-16,2007,1,24.79885482788086
-30_153,2007-02-15,2007,2,25.75879669189453
-30_153,2007-03-16,2007,3,25.53902816772461
-30_153,2007-04-16,2007,4,24.454364776611328
-30_153,2007-05-16,2007,5,23.284103393554688
-30_153,2007-06-16,2007,6,21.779314041137695
-30_153,2007-07-16,2007,7,20.15011215209961
-30_153,2007-08-16,2007,8,20.142459869384766
-30_153,2007-09-16,2007,9,20.673343658447266
-30_153,2007-10-16,2007,10,21.586463928222656
-30_153,2007-11-16,2007,11,22.97602081298828
-30_153,2007-12-16,2007,12,24.26944923400879
-30_153,2008-01-16,2008,1,25.308746337890625
-30_153,2008-02-15,2008,2,25.137619018554688
-30_153,2008-03-16,2008,3,24.910295486450195
-30_153,2008-04-16,2008,4,23.78387451171875
-30_153,2008-05-16,2008,5,22.344390869140625
-30_153,2008-06-16,2008,6,21.416675567626953
-30_153,2008-07-16,2008,7,20.398624420166016
-30_153,2008-08-16,2008,8,19.417892456054688
-30_153,2008-09-16,2008,9,20.563594818115234
-30_153,2008-10-16,2008,10,21.838472366333008
-30_153,2008-11-16,2008,11,22.740806579589844
-30_153,2008-12-16,2008,12,23.97522735595703
-30_153,2009-01-16,2009,1,25.20696258544922
-30_153,2009-02-15,2009,2,26.170848846435547
-30_153,2009-03-16,2009,3,25.68482780456543
-30_153,2009-04-16,2009,4,24.4581356048584
-30_153,2009-05-16,2009,5,22.460660934448242
-30_153,2009-06-16,2009,6,21.304216384887695
-30_153,2009-07-16,2009,7,20.699451446533203
-30_153,2009-08-16,2009,8,20.520870208740234
-30_153,2009-09-16,2009,9,20.822052001953125
-30_153,2009-10-16,2009,10,21.712284088134766
-30_153,2009-11-16,2009,11,23.0142879486084
-30_153,2009-12-16,2009,12,24.750137329101563
-30_153,2010-01-16,2010,1,26.16253662109375
-30_153,2010-02-15,2010,2,26.623098373413086
-30_153,2010-03-16,2010,3,25.65898895263672
-30_153,2010-04-16,2010,4,24.915355682373047
-30_153,2010-05-16,2010,5,23.534812927246094
-30_153,2010-06-16,2010,6,22.020612716674805
-30_153,2010-07-16,2010,7,20.92012596130371
-30_153,2010-08-16,2010,8,20.84536361694336
-30_153,2010-09-16,2010,9,20.94776153564453
-30_153,2010-10-16,2010,10,21.829391479492188
-30_153,2010-11-16,2010,11,23.253385543823242
-30_153,2010-12-16,2010,12,24.945764541625977
-30_153,2011-01-16,2011,1,25.67986488342285
-30_153,2011-02-15,2011,2,26.277814865112305
-30_153,2011-03-16,2011,3,25.527606964111328
-30_153,2011-04-16,2011,4,24.58307647705078
-30_153,2011-05-16,2011,5,22.597957611083984
-30_153,2011-06-16,2011,6,21.55754280090332
-30_153,2011-07-16,2011,7,20.41092300415039
-30_153,2011-08-16,2011,8,20.37078094482422
-30_153,2011-09-16,2011,9,20.734615325927734
-30_153,2011-10-16,2011,10,21.69668197631836
-30_153,2011-11-16,2011,11,23.167438507080078
-30_153,2011-12-16,2011,12,23.589759826660156
-30_153,2012-01-16,2012,1,24.85024070739746
-30_153,2012-02-15,2012,2,25.227664947509766
-30_153,2012-03-16,2012,3,25.213668823242188
-30_153,2012-04-16,2012,4,24.12649154663086
-30_153,2012-05-16,2012,5,22.824756622314453
-30_153,2012-06-16,2012,6,21.521577835083008
-30_153,2012-07-16,2012,7,20.530380249023438
-30_153,2012-08-16,2012,8,19.855850219726563
-30_153,2012-09-16,2012,9,20.009136199951172
-30_153,2012-10-16,2012,10,21.59617805480957
-30_153,2012-11-16,2012,11,23.06406021118164
-30_153,2012-12-16,2012,12,24.300579071044922
-30_153,2013-01-16,2013,1,25.187692642211914
-30_153,2013-02-15,2013,2,25.440650939941406
-30_153,2013-03-16,2013,3,24.91624641418457
-30_153,2013-04-16,2013,4,24.360939025878906
-30_153,2013-05-16,2013,5,23.07505226135254
-30_153,2013-06-16,2013,6,21.171220779418945
-30_153,2013-07-16,2013,7,20.514812469482422
-30_153,2013-08-16,2013,8,20.693588256835938
-30_153,2013-09-16,2013,9,21.48792266845703
-30_153,2013-10-16,2013,10,21.868385314941406
-30_153,2013-11-16,2013,11,22.967124938964844
-30_153,2013-12-16,2013,12,23.911548614501953
-30_153,2014-01-16,2014,1,25.351234436035156
-30_153,2014-02-15,2014,2,25.641563415527344
-30_153,2014-03-16,2014,3,25.623891830444336
-30_153,2014-04-16,2014,4,25.172691345214844
-30_153,2014-05-16,2014,5,22.91109848022461
-30_153,2014-06-16,2014,6,21.77374267578125
-30_153,2014-07-16,2014,7,20.944950103759766
-30_153,2014-08-16,2014,8,20.74256134033203
-30_153,2014-09-16,2014,9,20.9617977142334
-30_153,2014-10-16,2014,10,22.11260223388672
-30_153,2014-11-16,2014,11,23.119997024536133
-30_153,2014-12-16,2014,12,25.15951156616211
-30_153,2015-01-16,2015,1,26.350971221923828
-30_153,2015-02-15,2015,2,26.472999572753906
-30_153,2015-03-16,2015,3,25.98284149169922
-30_153,2015-04-16,2015,4,24.894439697265625
-30_153,2015-05-16,2015,5,23.039958953857422
-30_153,2015-06-16,2015,6,21.902347564697266
-30_153,2015-07-16,2015,7,21.205522537231445
-30_153,2015-08-16,2015,8,20.81406021118164
-30_153,2015-09-16,2015,9,20.880393981933594
-30_153,2015-10-16,2015,10,22.638858795166016
-30_153,2015-11-16,2015,11,23.223247528076172
-30_153,2015-12-16,2015,12,24.61054801940918
-30_153,2016-01-16,2016,1,25.651123046875
-30_153,2016-02-15,2016,2,25.965503692626953
-30_153,2016-03-16,2016,3,26.422805786132813
-30_153,2016-04-16,2016,4,25.081266403198242
-30_153,2016-05-16,2016,5,23.84489631652832
-30_153,2016-06-16,2016,6,22.594385147094727
-30_153,2016-07-16,2016,7,21.25887680053711
-30_153,2016-08-16,2016,8,20.68408203125
-30_153,2016-09-16,2016,9,20.958301544189453
-30_153,2016-10-16,2016,10,21.59362030029297
-30_153,2016-11-16,2016,11,22.712905883789063
-30_153,2016-12-16,2016,12,24.19142723083496
-30_153,2017-01-16,2017,1,25.800914764404297
-30_153,2017-02-15,2017,2,26.436771392822266
-30_153,2017-03-16,2017,3,26.140853881835938
-30_153,2017-04-16,2017,4,24.46320915222168
-30_153,2017-05-16,2017,5,22.88332748413086
-30_153,2017-06-16,2017,6,21.788589477539063
-30_153,2017-07-16,2017,7,21.140207290649414
-30_153,2017-08-16,2017,8,21.05762481689453
-30_153,2017-09-16,2017,9,20.980045318603516
-30_153,2017-10-16,2017,10,22.513141632080078
-30_153,2017-11-16,2017,11,23.63125991821289
-30_153,2017-12-16,2017,12,24.661117553710938
-30_153,2018-01-16,2018,1,26.085128784179688
-30_153,2018-02-15,2018,2,26.30329132080078
-30_153,2018-03-16,2018,3,25.651803970336914
-30_153,2018-04-16,2018,4,25.087116241455078
-30_153,2018-05-16,2018,5,23.39381217956543
-30_153,2018-06-16,2018,6,21.611465454101563
-30_153,2018-07-16,2018,7,20.722957611083984
-30_153,2018-08-16,2018,8,20.162057876586914
-30_153,2018-09-16,2018,9,20.705303192138672
-30_153,2018-10-16,2018,10,22.059322357177734
-30_153,2018-11-16,2018,11,22.980133056640625
-30_153,2018-12-16,2018,12,23.898494720458984
-30_153,2019-01-16,2019,1,25.575883865356445
-30_153,2019-02-15,2019,2,26.222349166870117
-30_153,2019-03-16,2019,3,25.601396560668945
-30_153,2019-04-16,2019,4,24.71750259399414
-30_153,2019-05-16,2019,5,23.360538482666016
-30_153,2019-06-16,2019,6,22.101606369018555
-30_153,2019-07-16,2019,7,21.277053833007813
-30_153,2019-08-16,2019,8,20.344894409179688
-30_153,2019-09-16,2019,9,20.615434646606445
-30_153,2019-10-16,2019,10,21.724624633789063
-30_153,2019-11-16,2019,11,22.765888214111328
-30_153,2019-12-16,2019,12,24.36039924621582
-30_153,2020-01-16,2020,1,26.108150482177734
-30_153,2020-02-15,2020,2,26.033483505249023
-30_153,2020-03-16,2020,3,25.187816619873047
-30_153,2020-04-16,2020,4,24.585580825805664
-30_153,2020-05-16,2020,5,23.426563262939453
-30_153,2020-06-16,2020,6,21.76488494873047
-30_153,2020-07-16,2020,7,20.725244522094727
-30_153,2020-08-16,2020,8,20.701251983642578
-30_153,2020-09-16,2020,9,20.755186080932617
-30_153,2020-10-16,2020,10,22.66061782836914
-30_153,2020-11-16,2020,11,22.725820541381836
-30_153,2020-12-16,2020,12,24.49642562866211
-30_153,2021-01-16,2021,1,25.584983825683594
-30_153,2021-02-15,2021,2,25.907821655273438
-30_153,2021-03-16,2021,3,25.450176239013672
-30_153,2021-04-16,2021,4,23.941997528076172
-30_153,2021-05-16,2021,5,22.66636848449707
-30_153,2021-06-16,2021,6,21.373558044433594
-30_153,2021-07-16,2021,7,20.482105255126953
-30_153,2021-08-16,2021,8,20.553932189941406
-30_153,2021-09-16,2021,9,21.271814346313477
-30_153,2021-10-16,2021,10,22.19120216369629
-30_153,2021-11-16,2021,11,23.283557891845703
-30_153,2021-12-16,2021,12,25.026580810546875
-30_153,2022-01-16,2022,1,25.944957733154297
-30_153,2022-02-15,2022,2,26.386140823364258
-30_153,2022-03-16,2022,3,25.464067459106445
-30_153,2022-04-16,2022,4,24.677350997924805
-30_153,2022-05-16,2022,5,23.499481201171875
-30_153,2022-06-16,2022,6,21.854877471923828
-30_153,2022-07-16,2022,7,20.767271041870117
-30_153,2022-08-16,2022,8,20.506807327270508
-30_153,2022-09-16,2022,9,20.87453842163086
-30_153,2022-10-16,2022,10,21.93545913696289
-30_153,2022-11-16,2022,11,22.425373077392578
-30_153,2022-12-16,2022,12,23.712162017822266
-30_153,2023-01-16,2023,1,25.322542190551758
-30_153,2023-02-15,2023,2,25.998703002929688
-30_153,2023-03-16,2023,3,25.664085388183594
-30_153,2023-04-16,2023,4,24.92647933959961
-30_153,2023-05-16,2023,5,23.403705596923828
-30_153,2023-06-16,2023,6,22.37692642211914
-30_153,2023-07-16,2023,7,21.221500396728516
-30_153,2023-08-16,2023,8,20.9154109954834
-30_153,2023-09-16,2023,9,21.368989944458008
-30_153,2023-10-16,2023,10,22.302331924438477
-30_153,2023-11-16,2023,11,22.727298736572266
-30_153,2023-12-16,2023,12,25.01898765563965
-30_153,2024-01-16,2024,1,26.452486038208008
-30_153,2024-02-15,2024,2,27.280529022216797
-30_153,2024-03-16,2024,3,26.54521942138672
-30_153,2024-04-16,2024,4,25.69611358642578
-30_153,2024-05-16,2024,5,23.939167022705078
-30_153,2024-06-16,2024,6,22.264745712280273
-30_153,2024-07-16,2024,7,21.600971221923828
-30_153,2024-08-16,2024,8,21.229846954345703
-30_153,2024-09-16,2024,9,21.33453369140625
-30_153,2024-10-16,2024,10,22.31075668334961
-30_153,2024-11-16,2024,11,23.518104553222656
-30_153,2024-12-16,2024,12,25.001510620117188
-30_153,2025-01-16,2025,1,25.87543296813965
-30_153,2025-02-15,2025,2,27.01033592224121
-30_153,2025-03-16,2025,3,26.105789184570313
-30_153,2025-04-16,2025,4,25.203990936279297
-30_153,2025-05-16,2025,5,23.58454132080078
-30_153,2025-06-16,2025,6,22.278053283691406
-30_153,2025-07-16,2025,7,21.196533203125
-30_153,2025-08-16,2025,8,20.9013614654541
-30_153,2025-09-16,2025,9,21.275245666503906
-30_153,2025-10-16,2025,10,22.326839447021484
-30_153,2025-11-16,2025,11,23.551551818847656
-30_153,2025-12-16,2025,12,24.83156967163086
